niva,omrade,matchort,namn,namn_fold,parti,parti_abbr,organ,roll,roll_kategori,sida
kommun,Ale,Ale,Dennis Ljunggren,dennis ljunggren,Socialdemokraterna,S,Kommunstyrelsen,Förste vice ordförande,ledning,styre (trol.)
kommun,Ale,Ale,Henrik Fogelklou,henrik fogelklou,Moderaterna,M,Kommunstyrelsen,Ordförande,ledning,styre (trol.)
kommun,Ale,Ale,Robert Jansson,robert jansson,Sverigedemokraterna,SD,Kommunstyrelsen,Andre vice ordförande,ledning,opposition (trol.)
kommun,Ale,Ale,Johnny Sundling,johnny sundling,Socialdemokraterna,S,Socialnämnden,Förste vice ordförande,omsorg/vård,styre (trol.)
kommun,Ale,Ale,Lars Kopp,lars kopp,Moderaterna,M,Socialnämnden,Andre vice ordförande,omsorg/vård,opposition (trol.)
kommun,Ale,Ale,Tyrone Hansson Eklund,tyrone hansson eklund,Framtid i Ale,Framtid i Ale,Socialnämnden,Ordförande,omsorg/vård,styre (trol.)
kommun,Ale,Ale,Anette Håkansson,anette hakansson,Socialdemokraterna,S,Utbildningsnämnden,Förste vice ordförande,utbildning,styre (trol.)
kommun,Ale,Ale,Kristina Fogelklou,kristina fogelklou,Moderaterna,M,Utbildningsnämnden,Andre vice ordförande,utbildning,opposition (trol.)
kommun,Ale,Ale,Lena Camp,lena camp,Sverigedemokraterna,SD,Utbildningsnämnden,Ordförande,utbildning,styre (trol.)
kommun,Alingsås,Alingsås,Anton César,anton cesar,Socialdemokraterna,S,Kommunstyrelsen,Förste vice ordförande,ledning,styre (trol.)
kommun,Alingsås,Alingsås,Jan-Erik Wallin,jan-erik wallin,Moderaterna,M,Kommunstyrelsen,Ordförande,ledning,styre (trol.)
kommun,Alingsås,Alingsås,Birgit Börjesson,birgit borjesson,Socialdemokraterna,S,Vård- och omsorgsnämnden,Förste vice ordförande,omsorg/vård,styre (trol.)
kommun,Alingsås,Alingsås,Eva-Lotta Pamp,eva-lotta pamp,Moderaterna,M,Vård- och omsorgsnämnden,Ordförande,omsorg/vård,styre (trol.)
kommun,Alingsås,Alingsås,Kent Perciwall,kent perciwall,Kristdemokraterna,KD,Socialnämnden,Ordförande,omsorg/vård,styre (trol.)
kommun,Alingsås,Alingsås,Leif Hansson,leif hansson,Socialdemokraterna,S,Socialnämnden,Förste vice ordförande,omsorg/vård,styre (trol.)
kommun,Alingsås,Alingsås,Alexander Wikhall,alexander wikhall,Socialdemokraterna,S,Kultur- och utbildningsnämnden,Förste vice ordförande,utbildning,styre (trol.)
kommun,Alingsås,Alingsås,Anne Gunnevik,anne gunnevik,Liberalerna,L,Kultur- och utbildningsnämnden,Ordförande,utbildning,styre (trol.)
kommun,Alingsås,Alingsås,Camilla Stensson,camilla stensson,Socialdemokraterna,S,Barn- och ungdomsnämnden,Förste vice ordförande,utbildning,styre (trol.)
kommun,Alingsås,Alingsås,Thomas Thim,thomas thim,Moderaterna,M,Barn- och ungdomsnämnden,Ordförande,utbildning,styre (trol.)
kommun,Alvesta,Alvesta,Claudia Crowley Sörensson,claudia crowley sorensson,Moderaterna,M,Kommunstyrelsen,Andre vice ordförande,ledning,opposition (trol.)
kommun,Alvesta,Alvesta,Per Ribacke,per ribacke,Socialdemokraterna,S,Kommunstyrelsen,Ordförande,ledning,styre (trol.)
kommun,Alvesta,Alvesta,Thomas Haraldsson,thomas haraldsson,Centerpartiet,C,Kommunstyrelsen,Förste vice ordförande,ledning,styre (trol.)
kommun,Alvesta,Alvesta,Helén Gustavsson,helen gustavsson,Moderaterna,M,Omsorgsnämnden,Andre vice ordförande,omsorg/vård,opposition (trol.)
kommun,Alvesta,Alvesta,Josefine Ljungqvist,josefine ljungqvist,Kristdemokraterna,KD,Omsorgsnämnden,Förste vice ordförande,omsorg/vård,styre (trol.)
kommun,Alvesta,Alvesta,Lars-Olof Petersson,lars-olof petersson,Socialdemokraterna,S,Omsorgsnämnden,Ordförande,omsorg/vård,styre (trol.)
kommun,Alvesta,Alvesta,Frida Christensen,frida christensen,Socialdemokraterna,S,Utbildningsnämnden,Ordförande,utbildning,styre (trol.)
kommun,Alvesta,Alvesta,Golnoush Lundén Faez,golnoush lunden faez,Centerpartiet,C,Utbildningsnämnden,Förste vice ordförande,utbildning,styre (trol.)
kommun,Alvesta,Alvesta,Katarina Tuneskog,katarina tuneskog,Moderaterna,M,Utbildningsnämnden,Andre vice ordförande,utbildning,opposition (trol.)
kommun,Aneby,Aneby,Arijana Jazic,arijana jazic,Socialdemokraterna,S,Kommunstyrelsen,Förste vice ordförande,ledning,styre (trol.)
kommun,Aneby,Aneby,Beata Allen,beata allen,Centerpartiet,C,Kommunstyrelsen,Ordförande,ledning,styre (trol.)
kommun,Aneby,Aneby,Mats Hansson,mats hansson,Moderaterna,M,Kommunstyrelsen,Andre vice ordförande,ledning,opposition (trol.)
kommun,Arvika,Arvika,Håkan Axelsson,hakan axelsson,Moderaterna,M,Kommunstyrelsen,Andre vice ordförande,ledning,opposition (trol.)
kommun,Arvika,Arvika,Håkan Axelsson,hakan axelsson,Moderaterna,M,Oppositionsråd,Oppositionsråd,ledning,opposition
kommun,Arvika,Arvika,Jenny Boquist,jenny boquist,Socialdemokraterna,S,Kommunstyrelsen,Förste vice ordförande,ledning,styre (trol.)
kommun,Arvika,Arvika,Peter Söderström,peter soderstrom,Socialdemokraterna,S,Kommunstyrelsen,Ordförande,ledning,styre (trol.)
kommun,Arvika,Arvika,Börje Wahlund,borje wahlund,Moderaterna,M,Socialnämnden,Andre vice ordförande,omsorg/vård,opposition (trol.)
kommun,Arvika,Arvika,Henrik Axelsson,henrik axelsson,Socialdemokraterna,S,Socialnämnden,Ordförande,omsorg/vård,styre (trol.)
kommun,Arvika,Arvika,Linda Hansen Grundel,linda hansen grundel,Vänsterpartiet,V,Socialnämnden,Förste vice ordförande,omsorg/vård,styre (trol.)
kommun,Askersund,Askersund,Anna Green,anna green,Socialdemokraterna,S,Kommunstyrelsen,Andre vice ordförande,ledning,opposition (trol.)
kommun,Askersund,Askersund,Caroline Dieker,caroline dieker,Moderaterna,M,Kommunstyrelsen,Ordförande,ledning,styre (trol.)
kommun,Askersund,Askersund,Fredrik Wernheden,fredrik wernheden,Liberalerna,L,Kommunstyrelsen,Förste vice ordförande,ledning,styre (trol.)
kommun,Askersund,Askersund,Frida Ahnér,frida ahner,Socialdemokraterna,S,Socialnämnden,Andre vice ordförande,omsorg/vård,opposition (trol.)
kommun,Askersund,Askersund,Niina Iinatti,niina iinatti,Moderaterna,M,Socialnämnden,Ordförande,omsorg/vård,styre (trol.)
kommun,Askersund,Askersund,Ulrika Lindblad,ulrika lindblad,Moderaterna,M,Socialnämnden,Förste vice ordförande,omsorg/vård,styre (trol.)
kommun,Askersund,Askersund,Daniel Ohron,daniel ohron,Kristdemokraterna,KD,Barn- och utbildningsnämnden,Förste vice ordförande,utbildning,styre (trol.)
kommun,Askersund,Askersund,Johanna Martin,johanna martin,Moderaterna,M,Barn- och utbildningsnämnden,Ordförande,utbildning,styre (trol.)
kommun,Askersund,Askersund,Ronny Larsson,ronny larsson,Socialdemokraterna,S,Barn- och utbildningsnämnden,Andre vice ordförande,utbildning,opposition (trol.)
kommun,Bengtsfors,Bengtsfors,Anders Sandén,anders sanden,Socialdemokraterna,S,Kommunstyrelsen,Förste vice ordförande,ledning,styre (trol.)
kommun,Bengtsfors,Bengtsfors,Per Eriksson,per eriksson,Socialdemokraterna,S,Kommunstyrelsen,Ordförande,ledning,styre (trol.)
kommun,Bengtsfors,Bengtsfors,Stig Bertilsson,stig bertilsson,Moderaterna,M,Kommunstyrelsen,Andre vice ordförande,ledning,opposition (trol.)
kommun,Berg,Berg,Anders Bromée,anders bromee,Centerpartiet,C,Kommunstyrelsen,Förste vice ordförande,ledning,styre (trol.)
kommun,Berg,Berg,Mia Eriksson,mia eriksson,Socialdemokraterna,S,Kommunstyrelsen,Andre vice ordförande,ledning,opposition (trol.)
kommun,Berg,Berg,Therese Kärngard,therese karngard,Socialdemokraterna,S,Kommunstyrelsen,Ordförande,ledning,styre (trol.)
kommun,Berg,Berg,Annika Hagen,annika hagen,Moderaterna,M,Vård- och socialnämnden,Andre vice ordförande,omsorg/vård,opposition (trol.)
kommun,Berg,Berg,Helene Kindberg,helene kindberg,Centerpartiet,C,Vård- och socialnämnden,Förste vice ordförande,omsorg/vård,styre (trol.)
kommun,Berg,Berg,Karin Sundin,karin sundin,Socialdemokraterna,S,Vård- och socialnämnden,Ordförande,omsorg/vård,styre (trol.)
kommun,Berg,Berg,Annika Hagen,annika hagen,Moderaterna,M,Utbildningsnämnden,Andre vice ordförande,utbildning,opposition (trol.)
kommun,Berg,Berg,Maud Peeker,maud peeker,Centerpartiet,C,Utbildningsnämnden,Förste vice ordförande,utbildning,styre (trol.)
kommun,Berg,Berg,Monica Hallquist,monica hallquist,Socialdemokraterna,S,Utbildningsnämnden,Ordförande,utbildning,styre (trol.)
kommun,Bjurholm,Bjurholm,Gunilla Forsberg,gunilla forsberg,Kristdemokraterna,KD,Socialnämnden,Ordförande,omsorg/vård,styre (trol.)
kommun,Bjurholm,Bjurholm,Martin Berglund,martin berglund,Socialdemokraterna,S,Socialnämnden,Andre vice ordförande,omsorg/vård,opposition (trol.)
kommun,Bjurholm,Bjurholm,Sven-Åke Boström,sven-ake bostrom,Moderaterna,M,Socialnämnden,Förste vice ordförande,omsorg/vård,styre (trol.)
kommun,Bjurholm,Bjurholm,Bengt Sundling,bengt sundling,Moderaterna,M,Kultur- och utbildningsnämnden,Ordförande,utbildning,styre (trol.)
kommun,Bjurholm,Bjurholm,Linda Berglund,linda berglund,Socialdemokraterna,S,Kultur- och utbildningsnämnden,Andre vice ordförande,utbildning,opposition (trol.)
kommun,Bjurholm,Bjurholm,Monika Sandelin,monika sandelin,Sverigedemokraterna,SD,Kultur- och utbildningsnämnden,Förste vice ordförande,utbildning,styre (trol.)
kommun,Bjuv,Bjuv,Baloo Engström,baloo engstrom,Sverigedemokraterna,SD,Kommunstyrelsen,Ordförande,ledning,styre (trol.)
kommun,Bjuv,Bjuv,Kenneth Bolinder,kenneth bolinder,Sverigedemokraterna,SD,Kommunstyrelsen,Förste vice ordförande,ledning,styre (trol.)
kommun,Bjuv,Bjuv,Ulrika Thulin,ulrika thulin,Socialdemokraterna,S,Kommunstyrelsen,Andre vice ordförande,ledning,opposition (trol.)
kommun,Bjuv,Bjuv,Anders Månsson,anders mansson,Socialdemokraterna,S,Socialnämnden,Andre vice ordförande,omsorg/vård,opposition (trol.)
kommun,Bjuv,Bjuv,Kalle Holm,kalle holm,Sverigedemokraterna,SD,Socialnämnden,Ordförande,omsorg/vård,styre (trol.)
kommun,Bjuv,Bjuv,Linda Farrelly,linda farrelly,Moderaterna,M,Socialnämnden,Förste vice ordförande,omsorg/vård,styre (trol.)
kommun,Bjuv,Bjuv,Andrej Schönbäck,andrej schonback,Moderaterna,M,Utbildningsnämnden,Förste vice ordförande,utbildning,styre (trol.)
kommun,Bjuv,Bjuv,Bo Blixt,bo blixt,Socialdemokraterna,S,Utbildningsnämnden,Andre vice ordförande,utbildning,opposition (trol.)
kommun,Bjuv,Bjuv,Kenneth Bolinder,kenneth bolinder,Sverigedemokraterna,SD,Utbildningsnämnden,Ordförande,utbildning,styre (trol.)
kommun,Boden,Boden,Beatrice Öman,beatrice oman,Socialdemokraterna,S,Kommunstyrelsen,Ordförande,ledning,styre (trol.)
kommun,Boden,Boden,Johan Lund,johan lund,Socialdemokraterna,S,Kommunstyrelsen,Andre vice ordförande,ledning,opposition (trol.)
kommun,Boden,Boden,Sead Maglic,sead maglic,Sjukvårdspartiet,Sjukvårdspartiet,Kommunstyrelsen,Förste vice ordförande,ledning,styre (trol.)
kommun,Boden,Boden,Erika Sjöö,erika sjoo,Sjukvårdspartiet,Sjukvårdspartiet,Socialnämnden,Förste vice ordförande,omsorg/vård,styre (trol.)
kommun,Boden,Boden,Mona Holmström,mona holmstrom,Socialdemokraterna,S,Socialnämnden,Ordförande,omsorg/vård,styre (trol.)
kommun,Boden,Boden,Johan Lund,johan lund,Socialdemokraterna,S,Arbetsmarknads- och utbildningsnämnden,Ordförande,utbildning,styre (trol.)
kommun,Boden,Boden,Katarina Johansson,katarina johansson,Socialdemokraterna,S,Arbetsmarknads- och utbildningsnämnden,Förste vice ordförande,utbildning,styre (trol.)
kommun,Bollebygd,Bollebygd,Daniel Persson,daniel persson,Sverigedemokraterna,SD,Kommunstyrelsen,Förste vice ordförande,ledning,styre (trol.)
kommun,Bollebygd,Bollebygd,Stefan Hederdal,stefan hederdal,Moderaterna,M,Kommunstyrelsen,Andre vice ordförande,ledning,opposition (trol.)
kommun,Bollebygd,Bollebygd,Ulf Rapp,ulf rapp,Socialdemokraterna,S,Kommunstyrelsen,Ordförande,ledning,styre (trol.)
kommun,Bollebygd,Bollebygd,Lars-Erik Olsson,lars-erik olsson,Socialdemokraterna,S,Socialnämnden,Ordförande,omsorg/vård,styre (trol.)
kommun,Bollebygd,Bollebygd,Patrik Karlsson,patrik karlsson,Kristdemokraterna,KD,Socialnämnden,Förste vice ordförande,omsorg/vård,styre (trol.)
kommun,Bollebygd,Bollebygd,Fredrik Drugge,fredrik drugge,Moderaterna,M,Utbildningsnämnden,Ordförande,utbildning,styre (trol.)
kommun,Bollebygd,Bollebygd,Lisette Vermeulen,lisette vermeulen,Sverigedemokraterna,SD,Utbildningsnämnden,Förste vice ordförande,utbildning,styre (trol.)
kommun,Borgholm,Borgholm,Ilko Corkovic,ilko corkovic,Socialdemokraterna,S,Kommunstyrelsen,Ordförande,ledning,styre (trol.)
kommun,Borgholm,Borgholm,Eddy Forsman,eddy forsman,Moderaterna,M,Socialnämnden,Andre vice ordförande,omsorg/vård,opposition (trol.)
kommun,Borgholm,Borgholm,Joel Schäfer,joel schafer,Socialdemokraterna,S,Socialnämnden,Ordförande,omsorg/vård,styre (trol.)
kommun,Borgholm,Borgholm,Tomas Zander,tomas zander,Centerpartiet,C,Socialnämnden,Förste vice ordförande,omsorg/vård,styre (trol.)
kommun,Borgholm,Borgholm,Björn Andreen,bjorn andreen,Moderaterna,M,Utbildningsnämnden,Andre vice ordförande,utbildning,opposition (trol.)
kommun,Borgholm,Borgholm,Jeanette Sandström,jeanette sandstrom,Socialdemokraterna,S,Utbildningsnämnden,Ordförande,utbildning,styre (trol.)
kommun,Borgholm,Borgholm,Linda Hedlund,linda hedlund,Centerpartiet,C,Utbildningsnämnden,Förste vice ordförande,utbildning,styre (trol.)
kommun,Borlänge,Borlänge,Erik Nises,erik nises,Socialdemokraterna,S,Kommunstyrelsen,Ordförande,ledning,styre (trol.)
kommun,Borlänge,Borlänge,Jenni Sjöblom,jenni sjoblom,Moderaterna,M,Kommunstyrelsen,Förste vice ordförande,ledning,styre (trol.)
kommun,Borlänge,Borlänge,Jonas Hillerström,jonas hillerstrom,Kristdemokraterna,KD,Kommunstyrelsen,Andre vice ordförande,ledning,opposition (trol.)
kommun,Borlänge,Borlänge,Lars Ivarsson,lars ivarsson,Socialdemokraterna,S,Omsorgsnämnden,Förste vice ordförande,omsorg/vård,styre (trol.)
kommun,Borlänge,Borlänge,Marianne Henriksson,marianne henriksson,Moderaterna,M,Omsorgsnämnden,Ordförande,omsorg/vård,styre (trol.)
kommun,Borlänge,Borlänge,Ann-Sofie Jansson,ann-sofie jansson,Liberalerna,L,Gymnasienämnd,Andre vice ordförande,utbildning,opposition (trol.)
kommun,Borlänge,Borlänge,Fredrik Haglind,fredrik haglind,Kristdemokraterna,KD,Skolnämnden,Andre vice ordförande,utbildning,opposition (trol.)
kommun,Borlänge,Borlänge,Hans Moberg,hans moberg,Moderaterna,M,Gymnasienämnd,Ordförande,utbildning,styre (trol.)
kommun,Borlänge,Borlänge,Kent Karlsson,kent karlsson,Socialdemokraterna,S,Gymnasienämnd,Förste vice ordförande,utbildning,styre (trol.)
kommun,Borlänge,Borlänge,Robert Hellström,robert hellstrom,Moderaterna,M,Skolnämnden,Förste vice ordförande,utbildning,styre (trol.)
kommun,Borlänge,Borlänge,Sara Fernlund,sara fernlund,Socialdemokraterna,S,Skolnämnden,Ordförande,utbildning,styre (trol.)
kommun,Borås,Borås,Annette Persson Carlson,annette persson carlson,Moderaterna,M,Kommunstyrelsen,Andre vice ordförande,ledning,opposition (trol.)
kommun,Borås,Borås,Helena Ruderfors,helena ruderfors,Centerpartiet,C,Kommunstyrelsen,Förste vice ordförande,ledning,styre (trol.)
kommun,Borås,Borås,Ulf Olsson,ulf olsson,Socialdemokraterna,S,Kommunstyrelsen,Ordförande,ledning,styre (trol.)
kommun,Borås,Borås,Anna Grimmestrand,anna grimmestrand,Centerpartiet,C,Sociala omsorgsnämnden,Förste vice ordförande,omsorg/vård,styre (trol.)
kommun,Borås,Borås,Hans Eje Gustafsson,hans eje gustafsson,Kristdemokraterna,KD,Vård- och äldrenämnden,Andre vice ordförande,omsorg/vård,opposition (trol.)
kommun,Borås,Borås,Hasse Ikävalko,hasse ikavalko,Moderaterna,M,Individ- och familjeomsorgsnämnden,Andre vice ordförande,omsorg/vård,opposition (trol.)
kommun,Borås,Borås,Inger Landström,inger landstrom,Vänsterpartiet,V,Individ- och familjeomsorgsnämnden,Förste vice ordförande,omsorg/vård,styre (trol.)
kommun,Borås,Borås,Johan Wikander,johan wikander,Liberalerna,L,Vård- och äldrenämnden,Ordförande,omsorg/vård,styre (trol.)
kommun,Borås,Borås,Maria Sjöblom Hyllstam,maria sjoblom hyllstam,Miljöpartiet,Miljöpartiet,Individ- och familjeomsorgsnämnden,Ordförande,omsorg/vård,styre (trol.)
kommun,Borås,Borås,Marjan Garmroudi,marjan garmroudi,Vänsterpartiet,V,Vård- och äldrenämnden,Förste vice ordförande,omsorg/vård,styre (trol.)
kommun,Borås,Borås,Mattias Karlsson,mattias karlsson,Moderaterna,M,Sociala omsorgsnämnden,Andre vice ordförande,omsorg/vård,opposition (trol.)
kommun,Borås,Borås,Yvonne Kerstin Margareta Persson,yvonne kerstin margareta persson,Socialdemokraterna,S,Sociala omsorgsnämnden,Ordförande,omsorg/vård,styre (trol.)
kommun,Borås,Borås,Andreas Cerny,andreas cerny,Liberalerna,L,Gymnasie- och vuxenutbildningsnämnden,Ordförande,utbildning,styre (trol.)
kommun,Borås,Borås,Andreas Ekström,andreas ekstrom,Socialdemokraterna,S,Förskolenämnden,Ordförande,utbildning,styre (trol.)
kommun,Borås,Borås,Aneth-Mari Tolfsson,aneth-mari tolfsson,Socialdemokraterna,S,Gymnasie- och vuxenutbildningsnämnden,Förste vice ordförande,utbildning,styre (trol.)
kommun,Borås,Borås,Anne Rapinoja,anne rapinoja,Vänsterpartiet,V,Förskolenämnden,Förste vice ordförande,utbildning,styre (trol.)
kommun,Borås,Borås,Gunilla Christoffersson,gunilla christoffersson,Kristdemokraterna,KD,Förskolenämnden,Andre vice ordförande,utbildning,opposition (trol.)
kommun,Borås,Borås,Kamran Rousta,kamran rousta,Liberalerna,L,Grundskolenämnden,Förste vice ordförande,utbildning,styre (trol.)
kommun,Borås,Borås,Lina Nilsson,lina nilsson,Moderaterna,M,Gymnasie- och vuxenutbildningsnämnden,Andre vice ordförande,utbildning,opposition (trol.)
kommun,Borås,Borås,Martin Nilsson,martin nilsson,Moderaterna,M,Grundskolenämnden,Andre vice ordförande,utbildning,opposition (trol.)
kommun,Borås,Borås,Per Carlsson,per carlsson,Socialdemokraterna,S,Grundskolenämnden,Ordförande,utbildning,styre (trol.)
kommun,Botkyrka,Botkyrka,Stina Lundgren,stina lundgren,Moderaterna,M,Kommunstyrelsen,Ordförande,ledning,styre (trol.)
kommun,Botkyrka,Botkyrka,Carl Widercrantz,carl widercrantz,Tullingepartiet,Tullingepartiet,Socialnämnden,Ordförande,omsorg/vård,styre (trol.)
kommun,Botkyrka,Botkyrka,Kia Hjelte,kia hjelte,Moderaterna,M,Vård- och omsorgsnämnden,Ordförande,omsorg/vård,styre (trol.)
kommun,Botkyrka,Botkyrka,Dag Alse,dag alse,Centerpartiet,C,Arbetsmarknads- och vuxenutbildningsnämnden,Ordförande,utbildning,styre (trol.)
kommun,Botkyrka,Botkyrka,Willy Viitala,willy viitala,Moderaterna,M,Utbildningsnämnden,Ordförande,utbildning,styre (trol.)
kommun,Bromölla,Bromölla,Filip Persson,filip persson,Sverigedemokraterna,SD,Kommunstyrelsen,Andre vice ordförande,ledning,opposition (trol.)
kommun,Bromölla,Bromölla,Jenny Önnevik,jenny onnevik,Socialdemokraterna,S,Kommunstyrelsen,Ordförande,ledning,styre (trol.)
kommun,Bromölla,Bromölla,Peter L-E Svensson,peter l-e svensson,Socialdemokraterna,S,Kommunstyrelsen,Förste vice ordförande,ledning,styre (trol.)
kommun,Burlöv,Burlöv,Ingvar Olsson,ingvar olsson,Sverigedemokraterna,SD,Kommunstyrelsen,Andre vice ordförande,ledning,opposition (trol.)
kommun,Burlöv,Burlöv,Sara Vestering,sara vestering,Moderaterna,M,Kommunstyrelsen,Ordförande,ledning,styre (trol.)
kommun,Burlöv,Burlöv,Åsa Jensen,asa jensen,Centerpartiet,C,Kommunstyrelsen,Förste vice ordförande,ledning,styre (trol.)
kommun,Burlöv,Burlöv,Birna Loftsdottir Nilsson,birna loftsdottir nilsson,Sverigedemokraterna,SD,Socialnämnden,Andre vice ordförande,omsorg/vård,opposition (trol.)
kommun,Burlöv,Burlöv,Mia Eldh Holmkvist,mia eldh holmkvist,Moderaterna,M,Socialnämnden,Ordförande,omsorg/vård,styre (trol.)
kommun,Burlöv,Burlöv,Owe Håkansson,owe hakansson,Centerpartiet,C,Socialnämnden,Förste vice ordförande,omsorg/vård,styre (trol.)
kommun,Båstad,Båstad,Bo Wendt,bo wendt,Bjärepartiet,Bjärepartiet,Kommunstyrelsen,Andre vice ordförande,ledning,opposition (trol.)
kommun,Båstad,Båstad,Ingela Stefansson,ingela stefansson,Socialdemokraterna,S,Kommunstyrelsen,Förste vice ordförande,ledning,styre (trol.)
kommun,Båstad,Båstad,Johan Olsson Swanstein,johan olsson swanstein,Moderaterna,M,Kommunstyrelsen,Ordförande,ledning,styre (trol.)
kommun,Båstad,Båstad,Cathrine Eriksson,cathrine eriksson,Moderaterna,M,Vård- och omsorgsnämnden,Ordförande,omsorg/vård,styre (trol.)
kommun,Båstad,Båstad,Inge Henriksson,inge henriksson,Bjärepartiet,Bjärepartiet,Socialnämnden,Andre vice ordförande,omsorg/vård,opposition (trol.)
kommun,Båstad,Båstad,Inge Henriksson,inge henriksson,Bjärepartiet,Bjärepartiet,Socialnämndens individutskott,Andre vice ordförande,omsorg/vård,opposition (trol.)
kommun,Båstad,Båstad,Ingrid Edgarsdotter,ingrid edgarsdotter,Bjärepartiet,Bjärepartiet,Vård- och omsorgsnämnden,Andre vice ordförande,omsorg/vård,opposition (trol.)
kommun,Båstad,Båstad,Iréne Ebbesson,irene ebbesson,Socialdemokraterna,S,Vård- och omsorgsnämnden,Förste vice ordförande,omsorg/vård,styre (trol.)
kommun,Båstad,Båstad,Jessica Andersson,jessica andersson,Socialdemokraterna,S,Socialnämnden,Ordförande,omsorg/vård,styre (trol.)
kommun,Båstad,Båstad,Jessica Andersson,jessica andersson,Socialdemokraterna,S,Socialnämndens individutskott,Ordförande,omsorg/vård,styre (trol.)
kommun,Båstad,Båstad,Tony Ivarsson,tony ivarsson,Moderaterna,M,Socialnämnden,Förste vice ordförande,omsorg/vård,styre (trol.)
kommun,Båstad,Båstad,Tony Ivarsson,tony ivarsson,Moderaterna,M,Socialnämndens individutskott,Förste vice ordförande,omsorg/vård,styre (trol.)
kommun,Båstad,Båstad,Helena Stridh,helena stridh,Bjärepartiet,Bjärepartiet,Utbildningsnämnden,Andre vice ordförande,utbildning,opposition (trol.)
kommun,Båstad,Båstad,Karolin Högberg,karolin hogberg,Socialdemokraterna,S,Utbildningsnämnden,Förste vice ordförande,utbildning,styre (trol.)
kommun,Båstad,Båstad,Linda Bertilsson Ivarsson,linda bertilsson ivarsson,Moderaterna,M,Utbildningsnämnden,Ordförande,utbildning,styre (trol.)
kommun,Dals-Ed,Dals-Ed,Andreas Nilsson,andreas nilsson,Moderaterna,M,Kommunstyrelsen,Ordförande,ledning,styre (trol.)
kommun,Dals-Ed,Dals-Ed,Anna Johansson,anna johansson,Centerpartiet,C,Kommunstyrelsen,Förste vice ordförande,ledning,styre (trol.)
kommun,Dals-Ed,Dals-Ed,Paula Holmqvist,paula holmqvist,Socialdemokraterna,S,Kommunstyrelsen,Andre vice ordförande,ledning,opposition (trol.)
kommun,Dals-Ed,Dals-Ed,Britt-Marie Johansson,britt-marie johansson,Moderaterna,M,Socialnämnden,Förste vice ordförande,omsorg/vård,styre (trol.)
kommun,Dals-Ed,Dals-Ed,Kenneth Gustavsson,kenneth gustavsson,Centerpartiet,C,Socialnämnden,Ordförande,omsorg/vård,styre (trol.)
kommun,Dals-Ed,Dals-Ed,Linus Lännhult,linus lannhult,Moderaterna,M,Barn- och utbildningsnämnden,Ordförande,utbildning,styre (trol.)
kommun,Dals-Ed,Dals-Ed,Niklas Johansson,niklas johansson,Centerpartiet,C,Barn- och utbildningsnämnden,Förste vice ordförande,utbildning,styre (trol.)
kommun,Dals-Ed,Dals-Ed,Öyvind Höiberg,oyvind hoiberg,Socialdemokraterna,S,Barn- och utbildningsnämnden,Andre vice ordförande,utbildning,opposition (trol.)
kommun,Danderyd,Danderyd,Fredrik Pallin,fredrik pallin,Liberalerna,L,Kommunstyrelsen,1:e vice ordförande,ledning,styre (trol.)
kommun,Danderyd,Danderyd,Johanna Hornberger,johanna hornberger,Moderaterna,M,Kommunstyrelsen,Ordförande,ledning,styre (trol.)
kommun,Danderyd,Danderyd,Kristin Eriksson,kristin eriksson,Centerpartiet,C,Kommunstyrelsen,2:e vice ordförande,ledning,opposition (trol.)
kommun,Danderyd,Danderyd,Bigitta Sundman,bigitta sundman,Moderaterna,M,Socialnämnd,1:e vice ordförande,omsorg/vård,styre (trol.)
kommun,Danderyd,Danderyd,Eva Lindman Marko,eva lindman marko,Centerpartiet,C,Socialnämnd,2:e vice ordförande,omsorg/vård,opposition (trol.)
kommun,Danderyd,Danderyd,Marit Nordmark,marit nordmark,Liberalerna,L,Socialnämnd,Ordförande,omsorg/vård,styre (trol.)
kommun,Danderyd,Danderyd,Annika Linde,annika linde,Liberalerna,L,Utbildningsnämnden,1:e vice ordförande,utbildning,styre (trol.)
kommun,Danderyd,Danderyd,Patrik Nimmerstam,patrik nimmerstam,Centerpartiet,C,Utbildningsnämnden,2:e vice ordförande,utbildning,opposition (trol.)
kommun,Danderyd,Danderyd,Ulla Hurtig Nielsen,ulla hurtig nielsen,Moderaterna,M,Utbildningsnämnden,Ordförande,utbildning,styre (trol.)
kommun,Degerfors,Degerfors,Anna Nordqvist,anna nordqvist,Moderaterna,M,Kommunstyrelsen,Förste vice ordförande,ledning,styre (trol.)
kommun,Degerfors,Degerfors,Anneli Mylly,anneli mylly,Vänsterpartiet,V,Kommunstyrelsen,Ordförande,ledning,styre (trol.)
kommun,Degerfors,Degerfors,Cathrine Lindgren,cathrine lindgren,Vänsterpartiet,V,Socialnämnden,Ordförande,omsorg/vård,styre (trol.)
kommun,Degerfors,Degerfors,Cathrine Lindgren,cathrine lindgren,Vänsterpartiet,V,Socialnämndens utskott,Ordförande,omsorg/vård,styre (trol.)
kommun,Degerfors,Degerfors,Monica Littorin,monica littorin,Vänsterpartiet,V,Socialnämnden,Förste vice ordförande,omsorg/vård,styre (trol.)
kommun,Degerfors,Degerfors,Monica Littorin,monica littorin,Vänsterpartiet,V,Socialnämndens utskott,Förste vice ordförande,omsorg/vård,styre (trol.)
kommun,Degerfors,Degerfors,Johanna Svärd,johanna svard,Socialdemokraterna,S,Kultur- och utbildningsnämnden,Ordförande,utbildning,styre (trol.)
kommun,Degerfors,Degerfors,Lina Gustafson,lina gustafson,Vänsterpartiet,V,Kultur- och utbildningsnämnden,Förste vice ordförande,utbildning,styre (trol.)
kommun,Eda,Eda,Fredrik Karlsson,fredrik karlsson,Centerpartiet,C,Kommunstyrelsen,Förste vice ordförande,ledning,styre (trol.)
kommun,Eda,Eda,Fredrik Karlsson,fredrik karlsson,Centerpartiet,C,Kommunstyrelsens presidium,Förste vice ordförande,ledning,styre (trol.)
kommun,Eda,Eda,Hanna Andersson,hanna andersson,Moderaterna,M,Kommunstyrelsen,Ordförande,ledning,styre (trol.)
kommun,Eda,Eda,Hanna Andersson,hanna andersson,Moderaterna,M,Kommunstyrelsens presidium,Ordförande,ledning,styre (trol.)
kommun,Eda,Eda,Monica Aarholdt,monica aarholdt,Socialdemokraterna,S,Kommunstyrelsen,Andre vice ordförande,ledning,opposition (trol.)
kommun,Eda,Eda,Monica Aarholdt,monica aarholdt,Socialdemokraterna,S,Kommunstyrelsens presidium,Andre vice ordförande,ledning,opposition (trol.)
kommun,Eda,Eda,Anders Gustafsson,anders gustafsson,Kristdemokraterna,KD,Socialnämnden,Förste vice ordförande,omsorg/vård,styre (trol.)
kommun,Eda,Eda,Bertil Börjeson,bertil borjeson,Hela Edas Lista,Hela Edas Lista,Socialnämnden,Ordförande,omsorg/vård,styre (trol.)
kommun,Eda,Eda,Odd Westby,odd westby,Socialdemokraterna,S,Socialnämnden,Andre vice ordförande,omsorg/vård,opposition (trol.)
kommun,Eksjö,Eksjö,Annelie Hägg,annelie hagg,Centerpartiet,C,Kommunstyrelsen,Andre vice ordförande,ledning,opposition (trol.)
kommun,Eksjö,Eksjö,Markus Kyllenbeck,markus kyllenbeck,Moderaterna,M,Kommunstyrelsen,Ordförande,ledning,styre (trol.)
kommun,Eksjö,Eksjö,Sebastian Hörlin,sebastian horlin,Socialdemokraterna,S,Kommunstyrelsen,Förste vice ordförande,ledning,styre (trol.)
kommun,Eksjö,Eksjö,Gun-Ann Öholm Jansson,gun-ann oholm jansson,Centerpartiet,C,Socialnämnden,Andre vice ordförande,omsorg/vård,opposition (trol.)
kommun,Eksjö,Eksjö,Nathalie Nilsson,nathalie nilsson,Moderaterna,M,Socialnämnden,Ordförande,omsorg/vård,styre (trol.)
kommun,Eksjö,Eksjö,Rozita Hedqvist,rozita hedqvist,Socialdemokraterna,S,Socialnämnden,Förste vice ordförande,omsorg/vård,styre (trol.)
kommun,Eksjö,Eksjö,Annelie Sjöberg,annelie sjoberg,Moderaterna,M,Barn- och utbildningsnämnden,Förste vice ordförande,utbildning,styre (trol.)
kommun,Eksjö,Eksjö,Stig Axelsson,stig axelsson,Socialdemokraterna,S,Barn- och utbildningsnämnden,Ordförande,utbildning,styre (trol.)
kommun,Eksjö,Eksjö,Sven-Olov Lindahl,sven-olov lindahl,Liberalerna,L,Barn- och utbildningsnämnden,Andre vice ordförande,utbildning,opposition (trol.)
kommun,Emmaboda,Emmaboda,Emma Åhlander Hansson,emma ahlander hansson,Moderaterna,M,Kommunstyrelsen,Förste vice ordförande,ledning,styre (trol.)
kommun,Emmaboda,Emmaboda,Johan Jonsson,johan jonsson,Centerpartiet,C,Kommunstyrelsen,Ordförande,ledning,styre (trol.)
kommun,Emmaboda,Emmaboda,Maria Ixcot Nilsson,maria ixcot nilsson,Socialdemokraterna,S,Kommunstyrelsen,Andre vice ordförande,ledning,opposition (trol.)
kommun,Emmaboda,Emmaboda,Linda Johansson,linda johansson,Centerpartiet,C,Socialnämnden,Förste vice ordförande,omsorg/vård,styre (trol.)
kommun,Emmaboda,Emmaboda,Per Adolfsson,per adolfsson,Socialdemokraterna,S,Socialnämnden,Andre vice ordförande,omsorg/vård,opposition (trol.)
kommun,Emmaboda,Emmaboda,Stefan Månsson,stefan mansson,Moderaterna,M,Socialnämnden,Ordförande,omsorg/vård,styre (trol.)
kommun,Enköping,Enköping,Anders Wikman,anders wikman,Nystart Enköping,Nystart Enköping,Kommunstyrelsen,Förste vice ordförande,ledning,styre (trol.)
kommun,Enköping,Enköping,Jesper Englundh,jesper englundh,Socialdemokraterna,S,Kommunstyrelsen,Andre vice ordförande,ledning,opposition (trol.)
kommun,Enköping,Enköping,Peter Book,peter book,Moderaterna,M,Kommunstyrelsen,Ordförande,ledning,styre (trol.)
kommun,Enköping,Enköping,Joséphine Närholm,josephine narholm,Moderaterna,M,Vård- och omsorgsnämnden,Ordförande,omsorg/vård,styre (trol.)
kommun,Enköping,Enköping,Madlin Marouki,madlin marouki,Kristdemokraterna,KD,Socialnämnden,Förste vice ordförande,omsorg/vård,styre (trol.)
kommun,Enköping,Enköping,Solweig Sundblad,solweig sundblad,Socialdemokraterna,S,Vård- och omsorgsnämnden,Förste vice ordförande,omsorg/vård,styre (trol.)
kommun,Enköping,Enköping,Tuija Rönnback,tuija ronnback,Nystart Enköping,Nystart Enköping,Socialnämnden,Ordförande,omsorg/vård,styre (trol.)
kommun,Enköping,Enköping,Åsa Andersson,asa andersson,Socialdemokraterna,S,Socialnämnden,Andre vice ordförande,omsorg/vård,opposition (trol.)
kommun,Enköping,Enköping,Johan Enfeldt,johan enfeldt,Socialdemokraterna,S,Utbildningsnämnden,Förste vice ordförande,utbildning,styre (trol.)
kommun,Enköping,Enköping,Magnus Johansson,magnus johansson,Moderaterna,M,Utbildningsnämnden,Ordförande,utbildning,styre (trol.)
kommun,Eskilstuna,Eskilstuna,Jari Puustinen,jari puustinen,Moderaterna,M,Kommunstyrelsen,Andre vice ordförande,ledning,opposition (trol.)
kommun,Eskilstuna,Eskilstuna,Johan Lidén,johan liden,Socialdemokraterna,S,Kommunstyrelsen,Förste vice ordförande,ledning,styre (trol.)
kommun,Eskilstuna,Eskilstuna,Marie Svensson,marie svensson,Socialdemokraterna,S,Kommunstyrelsen,Ordförande,ledning,styre (trol.)
kommun,Eskilstuna,Eskilstuna,Carina Ålander,carina alander,Socialdemokraterna,S,Socialnämnden,Förste vice ordförande,omsorg/vård,styre (trol.)
kommun,Eskilstuna,Eskilstuna,Carina Ålander,carina alander,Socialdemokraterna,S,Socialnämndens biståndsutskott,Förste vice ordförande,omsorg/vård,styre (trol.)
kommun,Eskilstuna,Eskilstuna,Göran Gredfors,goran gredfors,Moderaterna,M,Socialnämnden,Ordförande,omsorg/vård,styre (trol.)
kommun,Eskilstuna,Eskilstuna,Göran Gredfors,goran gredfors,Moderaterna,M,Socialnämndens biståndsutskott,Ordförande,omsorg/vård,styre (trol.)
kommun,Eskilstuna,Eskilstuna,Lars Bohlin,lars bohlin,Sverigedemokraterna,SD,Vård- och omsorgsnämnden,Andre vice ordförande,omsorg/vård,opposition (trol.)
kommun,Eskilstuna,Eskilstuna,Majo Brostedt Kuusikoski,majo brostedt kuusikoski,Socialdemokraterna,S,Vård- och omsorgsnämnden,Ordförande,omsorg/vård,styre (trol.)
kommun,Eskilstuna,Eskilstuna,Rafal Wisniewski,rafal wisniewski,Moderaterna,M,Vård- och omsorgsnämnden,Förste vice ordförande,omsorg/vård,styre (trol.)
kommun,Eskilstuna,Eskilstuna,Tony Meshko,tony meshko,Kristdemokraterna,KD,Socialnämnden,Andre vice ordförande,omsorg/vård,opposition (trol.)
kommun,Eskilstuna,Eskilstuna,Tony Meshko,tony meshko,Kristdemokraterna,KD,Socialnämndens biståndsutskott,Andre vice ordförande,omsorg/vård,opposition (trol.)
kommun,Eskilstuna,Eskilstuna,Björn Larsson,bjorn larsson,Socialdemokraterna,S,Gymnasienämnden,Förste vice ordförande,utbildning,styre (trol.)
kommun,Eskilstuna,Eskilstuna,Charlott Elf,charlott elf,Sverigedemokraterna,SD,Arbetsmarknads- och vuxenutbildningsnämnden,Andre vice ordförande,utbildning,opposition (trol.)
kommun,Eskilstuna,Eskilstuna,Elin Blomberg,elin blomberg,Sverigedemokraterna,SD,Grundskolenämnden,Andre vice ordförande,utbildning,opposition (trol.)
kommun,Eskilstuna,Eskilstuna,Laith Al-Ameri,laith al-ameri,Socialdemokraterna,S,Förskolenämnden,Förste vice ordförande,utbildning,styre (trol.)
kommun,Eskilstuna,Eskilstuna,Mikael Edlund,mikael edlund,Socialdemokraterna,S,Grundskolenämnden,Ordförande,utbildning,styre (trol.)
kommun,Eskilstuna,Eskilstuna,Mikael Nygren,mikael nygren,Sverigedemokraterna,SD,Gymnasienämnden,Andre vice ordförande,utbildning,opposition (trol.)
kommun,Eskilstuna,Eskilstuna,Muhammed Tahsin,muhammed tahsin,Moderaterna,M,Gymnasienämnden,Ordförande,utbildning,styre (trol.)
kommun,Eskilstuna,Eskilstuna,Nina Tuncer,nina tuncer,Socialdemokraterna,S,Förskolenämnden,Ordförande,utbildning,styre (trol.)
kommun,Eskilstuna,Eskilstuna,Owe Ek,owe ek,Socialdemokraterna,S,Arbetsmarknads- och vuxenutbildningsnämnden,Förste vice ordförande,utbildning,styre (trol.)
kommun,Eskilstuna,Eskilstuna,Paul Sabo,paul sabo,Kristdemokraterna,KD,Förskolenämnden,Andre vice ordförande,utbildning,opposition (trol.)
kommun,Eskilstuna,Eskilstuna,Ulla Grip,ulla grip,Moderaterna,M,Grundskolenämnden,Förste vice ordförande,utbildning,styre (trol.)
kommun,Eskilstuna,Eskilstuna,Åsa Salo,asa salo,Moderaterna,M,Arbetsmarknads- och vuxenutbildningsnämnden,Ordförande,utbildning,styre (trol.)
kommun,Eslöv,Eslöv,Catharina Malmborg,catharina malmborg,Moderaterna,M,Kommunstyrelsen,Förste vice ordförande,ledning,styre (trol.)
kommun,Eslöv,Eslöv,Fredrik Ottesen,fredrik ottesen,Sverigedemokraterna,SD,Kommunstyrelsen,Andre vice ordförande,ledning,opposition (trol.)
kommun,Eslöv,Eslöv,Johan Andersson,johan andersson,Socialdemokraterna,S,Kommunstyrelsen,Ordförande,ledning,styre (trol.)
kommun,Eslöv,Eslöv,Lena Hugosdotter Sundberg,lena hugosdotter sundberg,Moderaterna,M,Vård- och omsorgsnämnden,Förste vice ordförande,omsorg/vård,styre (trol.)
kommun,Eslöv,Eslöv,Linus Walemo,linus walemo,Sverigedemokraterna,SD,Vård- och omsorgsnämnden,Andre vice ordförande,omsorg/vård,opposition (trol.)
kommun,Eslöv,Eslöv,Tony Hansson,tony hansson,Socialdemokraterna,S,Vård- och omsorgsnämnden,Ordförande,omsorg/vård,styre (trol.)
kommun,Eslöv,Eslöv,Claus-Göran Wodlin,claus-goran wodlin,Moderaterna,M,Barn- och familjenämnden,Förste vice ordförande,utbildning,styre (trol.)
kommun,Eslöv,Eslöv,Cvetanka Bojcevska,cvetanka bojcevska,Sverigedemokraterna,SD,Gymnasie- och vuxenutbildningsnämnden,Andre vice ordförande,utbildning,opposition (trol.)
kommun,Eslöv,Eslöv,David Westlund,david westlund,Socialdemokraterna,S,Barn- och familjenämnden,Ordförande,utbildning,styre (trol.)
kommun,Eslöv,Eslöv,Dennis Larsen,dennis larsen,Sverigedemokraterna,SD,Barn- och familjenämnden,Andre vice ordförande,utbildning,opposition (trol.)
kommun,Eslöv,Eslöv,"Eva Bengtsson, Löberöd","eva bengtsson, loberod",Socialdemokraterna,S,Gymnasie- och vuxenutbildningsnämnden,Förste vice ordförande,utbildning,styre (trol.)
kommun,Eslöv,Eslöv,Tony Ekblad,tony ekblad,Moderaterna,M,Gymnasie- och vuxenutbildningsnämnden,Ordförande,utbildning,styre (trol.)
kommun,Essunga,Essunga,Daniel Andersson,daniel andersson,Moderaterna,M,Kommunstyrelsen,Ordförande,ledning,styre (trol.)
kommun,Essunga,Essunga,Pernilla Jönsson,pernilla jonsson,Moderaterna,M,Kommunstyrelsen,Förste vice ordförande,ledning,styre (trol.)
kommun,Essunga,Essunga,Peter Andréasson,peter andreasson,Socialdemokraterna,S,Kommunstyrelsen,Andre vice ordförande,ledning,opposition (trol.)
kommun,Essunga,Essunga,Catharina Åslund,catharina aslund,Moderaterna,M,Socialnämnden,Förste vice ordförande,omsorg/vård,styre (trol.)
kommun,Essunga,Essunga,Cliff Nyqvist,cliff nyqvist,Moderaterna,M,Socialnämnden,Ordförande,omsorg/vård,styre (trol.)
kommun,Essunga,Essunga,Joakim Svensson,joakim svensson,Moderaterna,M,Utbildningsnämnden,Förste vice ordförande,utbildning,styre (trol.)
kommun,Essunga,Essunga,Jörgen Dimenäs,jorgen dimenas,Moderaterna,M,Utbildningsnämnden,Ordförande,utbildning,styre (trol.)
kommun,Fagersta,Fagersta,Johan Engberg,johan engberg,Socialdemokraterna,S,Utbildningsnämnden,Ordförande,utbildning,styre (trol.)
kommun,Falkenberg,Falkenberg,Miranda Bodiroza,miranda bodiroza,Socialdemokraterna,S,Kommunstyrelsen,Förste vice ordförande,ledning,styre (trol.)
kommun,Falkenberg,Falkenberg,Per Svensson,per svensson,Socialdemokraterna,S,Kommunstyrelsen,Ordförande,ledning,styre (trol.)
kommun,Falkenberg,Falkenberg,Sandra Johansson,sandra johansson,Moderaterna,M,Kommunstyrelsen,Andre vice ordförande,ledning,opposition (trol.)
kommun,Falkenberg,Falkenberg,Andreas Engebrethsen,andreas engebrethsen,Socialdemokraterna,S,Socialnämnd,Ordförande,omsorg/vård,styre (trol.)
kommun,Falkenberg,Falkenberg,Katrin Carlsson,katrin carlsson,Centerpartiet,C,Socialnämnd,Andre vice ordförande,omsorg/vård,opposition (trol.)
kommun,Falkenberg,Falkenberg,Kim Johansen,kim johansen,Socialdemokraterna,S,Socialnämnd,Förste vice ordförande,omsorg/vård,styre (trol.)
kommun,Falkenberg,Falkenberg,John Störby,john storby,Socialdemokraterna,S,Barn- och utbildningsnämnd,Förste vice ordförande,utbildning,styre (trol.)
kommun,Falkenberg,Falkenberg,Mikael Svensson,mikael svensson,Moderaterna,M,Barn- och utbildningsnämnd,Andre vice ordförande,utbildning,opposition (trol.)
kommun,Falkenberg,Falkenberg,Peter Dygården,peter dygarden,Socialdemokraterna,S,Barn- och utbildningsnämnd,Ordförande,utbildning,styre (trol.)
kommun,Falun,Falun,Anders Lindh,anders lindh,Moderaterna,M,Kommunstyrelsen,Förste vice ordförande,ledning,styre (trol.)
kommun,Falun,Falun,Liza Lundberg,liza lundberg,Socialdemokraterna,S,Kommunstyrelsen,Ordförande,ledning,styre (trol.)
kommun,Falun,Falun,Susanne Martinsson,susanne martinsson,Centerpartiet,C,Kommunstyrelsen,Andre vice ordförande,ledning,opposition (trol.)
kommun,Falun,Falun,Jenny Norén,jenny noren,Centerpartiet,C,Omsorgsnämnden,Andre vice ordförande,omsorg/vård,opposition (trol.)
kommun,Falun,Falun,Linda Andersson,linda andersson,Moderaterna,M,Omsorgsnämnden,Förste vice ordförande,omsorg/vård,styre (trol.)
kommun,Falun,Falun,Susanne Norberg,susanne norberg,Socialdemokraterna,S,Omsorgsnämnden,Ordförande,omsorg/vård,styre (trol.)
kommun,Falun,Falun,Sven-Olov Ytterholm,sven-olov ytterholm,Moderaterna,M,Arbetslivs- och socialnämnden,Ordförande,omsorg/vård,styre (trol.)
kommun,Falun,Falun,Tony Björk,tony bjork,Socialdemokraterna,S,Arbetslivs- och socialnämnden,Förste vice ordförande,omsorg/vård,styre (trol.)
kommun,Falun,Falun,Åsa Nilser,asa nilser,Liberalerna,L,Arbetslivs- och socialnämnden,Andre vice ordförande,omsorg/vård,opposition (trol.)
kommun,Falun,Falun,Anna Granath,anna granath,Moderaterna,M,Barn- och utbildningsnämnden,Förste vice ordförande,utbildning,styre (trol.)
kommun,Falun,Falun,Elisabeth Rooth Eriksson,elisabeth rooth eriksson,Centerpartiet,C,Barn- och utbildningsnämnden,Andre vice ordförande,utbildning,opposition (trol.)
kommun,Falun,Falun,Jonas Sallén Lennerthson,jonas sallen lennerthson,Socialdemokraterna,S,Barn- och utbildningsnämnden,Ordförande,utbildning,styre (trol.)
kommun,Finspång,Finspång,Inge Jacobsson,inge jacobsson,Moderaterna,M,Kommunalråd,Oppositionsråd,ledning,opposition
kommun,Finspång,Finspång,Inge Jacobsson,inge jacobsson,Moderaterna,M,Kommunstyrelsen,Andre vice ordförande,ledning,opposition (trol.)
kommun,Finspång,Finspång,Kristin Yderfors,kristin yderfors,Centerpartiet,C,Kommunstyrelsen,Förste vice ordförande,ledning,styre (trol.)
kommun,Finspång,Finspång,Mats Annerfeldt,mats annerfeldt,Socialdemokraterna,S,Kommunalråd,Kommunalråd,ledning,styre (trol.)
kommun,Finspång,Finspång,Mats Annerfeldt,mats annerfeldt,Socialdemokraterna,S,Kommunstyrelsen,Ordförande,ledning,styre (trol.)
kommun,Flen,Flen,Ann-Charlotte Munter,ann-charlotte munter,Socialdemokraterna,S,Kommunstyrelsen,Ordförande,ledning,styre (trol.)
kommun,Flen,Flen,Björn Carlsson,bjorn carlsson,Centerpartiet,C,Kommunstyrelsen,Förste vice ordförande,ledning,styre (trol.)
kommun,Flen,Flen,Emma Dahlin,emma dahlin,Moderaterna,M,Kommunstyrelsen,Andre vice ordförande,ledning,opposition (trol.)
kommun,Flen,Flen,Göran Jönsson,goran jonsson,Moderaterna,M,Vård- och omsorgsnämnden,Andre vice ordförande,omsorg/vård,opposition (trol.)
kommun,Flen,Flen,Stefan Zunko,stefan zunko,Socialdemokraterna,S,Vård- och omsorgsnämnden,Förste vice ordförande,omsorg/vård,styre (trol.)
kommun,Flen,Flen,Svitlana Jelisic,svitlana jelisic,Centerpartiet,C,Vård- och omsorgsnämnden,Ordförande,omsorg/vård,styre (trol.)
kommun,Flen,Flen,Hans Åfeldt,hans afeldt,Socialdemokraterna,S,"Barn-, utbildnings- och kulturnämnden",Ordförande,utbildning,styre (trol.)
kommun,Flen,Flen,Ingegärd Branting,ingegard branting,Centerpartiet,C,"Barn-, utbildnings- och kulturnämnden",Förste vice ordförande,utbildning,styre (trol.)
kommun,Flen,Flen,Katarina Lagerstedt,katarina lagerstedt,Moderaterna,M,"Barn-, utbildnings- och kulturnämnden",Andre vice ordförande,utbildning,opposition (trol.)
kommun,Forshaga,Forshaga,Marian Gustavsson,marian gustavsson,Socialdemokraterna,S,Kommunstyrelsen,Ordförande,ledning,styre (trol.)
kommun,Forshaga,Forshaga,Peter Andersson,peter andersson,Sverigedemokraterna,SD,Kommunstyrelsen,Andre vice ordförande,ledning,opposition (trol.)
kommun,Forshaga,Forshaga,Stefan Ögren,stefan ogren,Centerpartiet,C,Kommunstyrelsen,Förste vice ordförande,ledning,styre (trol.)
kommun,Forshaga,Forshaga,Lars-Göran Carlsson,lars-goran carlsson,Centerpartiet,C,Vård- och omsorgsnämnd,Förste vice ordförande,omsorg/vård,styre (trol.)
kommun,Forshaga,Forshaga,Maria Norell,maria norell,Socialdemokraterna,S,Vård- och omsorgsnämnd,Ordförande,omsorg/vård,styre (trol.)
kommun,Forshaga,Forshaga,Peter Andersson,peter andersson,Sverigedemokraterna,SD,Vård- och omsorgsnämnd,Andre vice ordförande,omsorg/vård,opposition (trol.)
kommun,Forshaga,Forshaga,Aakash Budathoki,aakash budathoki,Socialdemokraterna,S,Barn- och utbildningsnämnd,Ordförande,utbildning,styre (trol.)
kommun,Forshaga,Forshaga,Anna Maria Andersson,anna maria andersson,Moderaterna,M,Barn- och utbildningsnämnd,Andre vice ordförande,utbildning,opposition (trol.)
kommun,Forshaga,Forshaga,Marita Ögren,marita ogren,Centerpartiet,C,Barn- och utbildningsnämnd,Förste vice ordförande,utbildning,styre (trol.)
kommun,Färgelanda,Färgelanda,Eva-Lena Johansson,eva-lena johansson,Socialdemokraterna,S,Utbildningsnämnden,Förste vice ordförande,utbildning,styre (trol.)
kommun,Färgelanda,Färgelanda,Tommy Larsson,tommy larsson,Sverigedemokraterna,SD,Utbildningsnämnden,Ordförande,utbildning,styre (trol.)
kommun,Gagnef,Gagnef,Anders Bengtsson,anders bengtsson,Kristdemokraterna,KD,Kommunstyrelsen,Andre vice ordförande,ledning,opposition (trol.)
kommun,Gagnef,Gagnef,Eva-Lotta Törnblom Nises,eva-lotta tornblom nises,Socialdemokraterna,S,Kommunstyrelsen,Förste vice ordförande,ledning,styre (trol.)
kommun,Gagnef,Gagnef,Fredrik Jarl,fredrik jarl,Centerpartiet,C,Kommunstyrelsen,Ordförande,ledning,styre (trol.)
kommun,Gagnef,Gagnef,Birgitta Floresjö,birgitta floresjo,Centerpartiet,C,Socialnämnden,Förste vice ordförande,omsorg/vård,styre (trol.)
kommun,Gagnef,Gagnef,Eva-Lotta Törnblom Nises,eva-lotta tornblom nises,Socialdemokraterna,S,Socialnämnden,Ordförande,omsorg/vård,styre (trol.)
kommun,Gagnef,Gagnef,Jan Wiklund,jan wiklund,Moderaterna,M,Barn- och utbildningsnämnden,Ordförande,utbildning,styre (trol.)
kommun,Gagnef,Gagnef,Johan Eriksson,johan eriksson,Centerpartiet,C,Barn- och utbildningsnämnden,Förste vice ordförande,utbildning,styre (trol.)
kommun,Gislaved,Gislaved,Anton Sjödell,anton sjodell,Moderaterna,M,Kommunstyrelsen,Ordförande,ledning,styre (trol.)
kommun,Gislaved,Gislaved,Marie Johansson,marie johansson,Socialdemokraterna,S,Kommunstyrelsen,Förste vice ordförande,ledning,styre (trol.)
kommun,Gislaved,Gislaved,Rut Johannesson,rut johannesson,Medborgarpartiet i Gislaved,Medborgarpartiet i Gislaved,Kommunstyrelsen,Andre vice ordförande,ledning,opposition (trol.)
kommun,Gislaved,Gislaved,Lise-Lotte Jonasson,lise-lotte jonasson,Medborgarpartiet i Gislaved,Medborgarpartiet i Gislaved,Socialnämnd,Andre vice ordförande,omsorg/vård,opposition (trol.)
kommun,Gislaved,Gislaved,Lise-Lotte Jonasson,lise-lotte jonasson,Medborgarpartiet i Gislaved,Medborgarpartiet i Gislaved,Socialnämndens socialutskott,Andre vice ordförande,omsorg/vård,opposition (trol.)
kommun,Gislaved,Gislaved,Mikael Kindbladh,mikael kindbladh,Westbopartiet,Westbopartiet,Socialnämnd,Förste vice ordförande,omsorg/vård,styre (trol.)
kommun,Gislaved,Gislaved,Thomas Johansson,thomas johansson,Westbopartiet,Westbopartiet,Socialnämndens socialutskott,Förste vice ordförande,omsorg/vård,styre (trol.)
kommun,Gislaved,Gislaved,Ylva Samuelsson,ylva samuelsson,Socialdemokraterna,S,Socialnämnd,Ordförande,omsorg/vård,styre (trol.)
kommun,Gislaved,Gislaved,Ylva Samuelsson,ylva samuelsson,Socialdemokraterna,S,Socialnämndens socialutskott,Ordförande,omsorg/vård,styre (trol.)
kommun,Gislaved,Gislaved,Fredrik Johansson,fredrik johansson,Socialdemokraterna,S,Utbildningsnämnd,Förste vice ordförande,utbildning,styre (trol.)
kommun,Gislaved,Gislaved,Lill Hege Pettersson,lill hege pettersson,Kristdemokraterna,KD,Utbildningsnämnd,Andre vice ordförande,utbildning,opposition (trol.)
kommun,Gislaved,Gislaved,Maria Gullberg Lorentsson,maria gullberg lorentsson,Moderaterna,M,Utbildningsnämnd,Ordförande,utbildning,styre (trol.)
kommun,Gnesta,Gnesta,Elin Ekstrand,elin ekstrand,Centerpartiet,C,Socialnämnd,Andre vice ordförande,omsorg/vård,opposition (trol.)
kommun,Gnesta,Gnesta,Evelina Nissas,evelina nissas,Socialdemokraterna,S,Socialnämnd,Förste vice ordförande,omsorg/vård,styre (trol.)
kommun,Gnesta,Gnesta,Ingrid Jerneborg Glimne,ingrid jerneborg glimne,Moderaterna,M,Socialnämnd,Ordförande,omsorg/vård,styre (trol.)
kommun,Gnesta,Gnesta,Inga-Lill Fredriksson,inga-lill fredriksson,Centerpartiet,C,Barn- och utbildningsnämnd,Andre vice ordförande,utbildning,opposition (trol.)
kommun,Gnesta,Gnesta,Nicklas Mattsson,nicklas mattsson,Socialdemokraterna,S,Barn- och utbildningsnämnd,Ordförande,utbildning,styre (trol.)
kommun,Gnesta,Gnesta,Pernilla Lövström,pernilla lovstrom,Moderaterna,M,Barn- och utbildningsnämnd,Förste vice ordförande,utbildning,styre (trol.)
kommun,Gnosjö,Gnosjö,Camilla Karlsson,camilla karlsson,Socialdemokraterna,S,Kommunstyrelsen,Andre vice ordförande,ledning,opposition (trol.)
kommun,Gnosjö,Gnosjö,Kristine Hästmark,kristine hastmark,Moderaterna,M,Kommunstyrelsen,Ordförande,ledning,styre (trol.)
kommun,Gnosjö,Gnosjö,Stefan Lundell,stefan lundell,Kristdemokraterna,KD,Kommunstyrelsen,Förste vice ordförande,ledning,styre (trol.)
kommun,Gotland,Gotland,Andreas Vall,andreas vall,Moderaterna,M,Socialnämnden,Förste vice ordförande,omsorg/vård,styre (trol.)
kommun,Gotland,Gotland,Eva Ahlin,eva ahlin,Centerpartiet,C,Hälso-och sjukvårdsnämnden,Andre vice ordförande,omsorg/vård,opposition (trol.)
kommun,Gotland,Gotland,Filip Reinhag,filip reinhag,Socialdemokraterna,S,Hälso-och sjukvårdsnämnden,Ordförande,omsorg/vård,styre (trol.)
kommun,Gotland,Gotland,Håkan Ericsson,hakan ericsson,Socialdemokraterna,S,Socialnämnden,Ordförande,omsorg/vård,styre (trol.)
kommun,Gotland,Gotland,Kjell Genitz,kjell genitz,Centerpartiet,C,Socialnämnden,Andre vice ordförande,omsorg/vård,opposition (trol.)
kommun,Gotland,Gotland,Mikael Blad,mikael blad,Moderaterna,M,Hälso-och sjukvårdsnämnden,Förste vice ordförande,omsorg/vård,styre (trol.)
kommun,Gotland,Gotland,Anna Andersson,anna andersson,Centerpartiet,C,Gymnasie- och vuxenutbildningsnämnden,Andre vice ordförande,utbildning,opposition (trol.)
kommun,Gotland,Gotland,Hans Berglund,hans berglund,Centerpartiet,C,Barn-och utbildningsnämnden,Andre vice ordförande,utbildning,opposition (trol.)
kommun,Gotland,Gotland,Lena Broén,lena broen,Socialdemokraterna,S,Gymnasie- och vuxenutbildningsnämnden,Förste vice ordförande,utbildning,styre (trol.)
kommun,Gotland,Gotland,Lina Runander,lina runander,Moderaterna,M,Barn-och utbildningsnämnden,Förste vice ordförande,utbildning,styre (trol.)
kommun,Gotland,Gotland,Oscar Lindster,oscar lindster,Socialdemokraterna,S,Barn-och utbildningsnämnden,Ordförande,utbildning,styre (trol.)
kommun,Gotland,Gotland,Rolf Öström,rolf ostrom,Moderaterna,M,Gymnasie- och vuxenutbildningsnämnden,Ordförande,utbildning,styre (trol.)
kommun,Grums,Grums,Tomas Nilsson,tomas nilsson,Socialdemokraterna,S,Kommunstyrelsen,Förste vice ordförande,ledning,styre (trol.)
kommun,Grums,Grums,Ulrika Jacobs,ulrika jacobs,Moderaterna,M,Kommunstyrelsen,Andre vice ordförande,ledning,opposition (trol.)
kommun,Grästorp,Grästorp,Elisabeth Hansson Ohlsson,elisabeth hansson ohlsson,Socialdemokraterna,S,Kommunstyrelsen,Andre vice ordförande,ledning,opposition (trol.)
kommun,Grästorp,Grästorp,Robert Fransson,robert fransson,Moderaterna,M,Kommunstyrelsen,Ordförande,ledning,styre (trol.)
kommun,Grästorp,Grästorp,Tobias Leverin,tobias leverin,Centerpartiet,C,Kommunstyrelsen,Förste vice ordförande,ledning,styre (trol.)
kommun,Gällivare,Gällivare,Birgitta Larsson,birgitta larsson,Socialdemokraterna,S,Kommunstyrelsen,Ordförande,ledning,styre (trol.)
kommun,Gällivare,Gällivare,Jenny Johansson Jänkänpää,jenny johansson jankanpaa,Miljöpartiet,Miljöpartiet,Kommunstyrelsen,Förste vice ordförande,ledning,styre (trol.)
kommun,Gällivare,Gällivare,Kirsten Hallman Pettersson,kirsten hallman pettersson,Socialdemokraterna,S,Socialnämnden,Ordförande,omsorg/vård,styre (trol.)
kommun,Gällivare,Gällivare,Rami Besaiso,rami besaiso,Socialdemokraterna,S,Socialnämnden,Andre vice ordförande,omsorg/vård,opposition (trol.)
kommun,Gällivare,Gällivare,Stefan Ovrell,stefan ovrell,Miljöpartiet,Miljöpartiet,Socialnämnden,Förste vice ordförande,omsorg/vård,styre (trol.)
kommun,Gällivare,Gällivare,Maria Åhlén,maria ahlen,Socialdemokraterna,S,Barn- och utbildningsnämnden,Förste vice ordförande,utbildning,styre (trol.)
kommun,Gällivare,Gällivare,Paulus Kuoljok,paulus kuoljok,Miljöpartiet,Miljöpartiet,Barn- och utbildningsnämnden,Ordförande,utbildning,styre (trol.)
kommun,Gävle,Gävle,Julia Brozin,julia brozin,Centerpartiet,C,Kommunstyrelsen,Förste vice ordförande,ledning,styre (trol.)
kommun,Gävle,Gävle,Åsa Viklund Lång,asa viklund lang,Socialdemokraterna,S,Kommunstyrelsen,Ordförande,ledning,styre (trol.)
kommun,Gävle,Gävle,Anders Jansson Gladh,anders jansson gladh,Moderaterna,M,Omvårdnadsnämnden,Andre vice ordförande,omsorg/vård,opposition (trol.)
kommun,Gävle,Gävle,Anneli Törnblom,anneli tornblom,Kristdemokraterna,KD,Socialnämnden,Ordförande,omsorg/vård,styre (trol.)
kommun,Gävle,Gävle,Cecilia Eriksson Ajanovic,cecilia eriksson ajanovic,Moderaterna,M,Socialnämnden,Andre vice ordförande,omsorg/vård,opposition (trol.)
kommun,Gävle,Gävle,Eva Älander,eva alander,Socialdemokraterna,S,Omvårdnadsnämnden,Ordförande,omsorg/vård,styre (trol.)
kommun,Gävle,Gävle,Lena Christina Lundgren Rörick,lena christina lundgren rorick,Socialdemokraterna,S,Socialnämnden,Förste vice ordförande,omsorg/vård,styre (trol.)
kommun,Gävle,Gävle,Ullrica Hurtig Hedin,ullrica hurtig hedin,Kristdemokraterna,KD,Omvårdnadsnämnden,Förste vice ordförande,omsorg/vård,styre (trol.)
kommun,Gävle,Gävle,Carmen Centeno De Lundkvist,carmen centeno de lundkvist,Liberalerna,L,Utbildningsnämnden,Förste vice ordförande,utbildning,styre (trol.)
kommun,Gävle,Gävle,Daniel Olsson,daniel olsson,Socialdemokraterna,S,Utbildningsnämnden,Ordförande,utbildning,styre (trol.)
kommun,Gävle,Gävle,Paula Larsson,paula larsson,Moderaterna,M,Utbildningsnämnden,Andre vice ordförande,utbildning,opposition (trol.)
kommun,Göteborg,Göteborg,Axel Josefson,axel josefson,Moderaterna,M,Kommunstyrelsen,Andre vice ordförande,ledning,opposition (trol.)
kommun,Göteborg,Göteborg,Axel Josefson,axel josefson,Moderaterna,M,Kommunstyrelsens presidium,Andre vice ordförande,ledning,opposition (trol.)
kommun,Göteborg,Göteborg,Daniel Bernmar,daniel bernmar,Vänsterpartiet,V,Kommunstyrelsen,Förste vice ordförande,ledning,styre (trol.)
kommun,Göteborg,Göteborg,Daniel Bernmar,daniel bernmar,Vänsterpartiet,V,Kommunstyrelsens presidium,Förste vice ordförande,ledning,styre (trol.)
kommun,Göteborg,Göteborg,Jonas Attenius,jonas attenius,Socialdemokraterna,S,Kommunstyrelsen,Ordförande,ledning,styre (trol.)
kommun,Göteborg,Göteborg,Jonas Attenius,jonas attenius,Socialdemokraterna,S,Kommunstyrelsens presidium,Ordförande,ledning,styre (trol.)
kommun,Göteborg,Göteborg,Alfred Ekman,alfred ekman,Socialdemokraterna,S,Göteborgs Stads socialnämnd Sydväst,Ordförande,omsorg/vård,styre (trol.)
kommun,Göteborg,Göteborg,Annica Sjögren,annica sjogren,Vänsterpartiet,V,Göteborgs Stads socialnämnd Sydväst,Förste vice ordförande,omsorg/vård,styre (trol.)
kommun,Göteborg,Göteborg,Bo Anderssen,bo anderssen,Liberalerna,L,Göteborgs Stads socialnämnd Hisingen,Andre vice ordförande,omsorg/vård,opposition (trol.)
kommun,Göteborg,Göteborg,Claes Söderling,claes soderling,Socialdemokraterna,S,Göteborgs Stads socialnämnd Centrum,Förste vice ordförande,omsorg/vård,styre (trol.)
kommun,Göteborg,Göteborg,Dan-Ove Marcelind,dan-ove marcelind,Kristdemokraterna,KD,Göteborgs Stads äldre samt vård och omsorgsnämnd,Andre vice ordförande,omsorg/vård,opposition (trol.)
kommun,Göteborg,Göteborg,Emma Öman,emma oman,Vänsterpartiet,V,Göteborgs Stads nämnd för funktionsstöd,Förste vice ordförande,omsorg/vård,styre (trol.)
kommun,Göteborg,Göteborg,Hannah Klang,hannah klang,Vänsterpartiet,V,Göteborgs Stads socialnämnd Nordost,Förste vice ordförande,omsorg/vård,styre (trol.)
kommun,Göteborg,Göteborg,Håkan Hallengren,hakan hallengren,Socialdemokraterna,S,Göteborgs Stads nämnd för funktionsstöd,Ordförande,omsorg/vård,styre (trol.)
kommun,Göteborg,Göteborg,Jenny Broman,jenny broman,Vänsterpartiet,V,Göteborgs Stads socialnämnd Centrum,Ordförande,omsorg/vård,styre (trol.)
kommun,Göteborg,Göteborg,Johan Fält,johan falt,Moderaterna,M,Göteborgs Stads socialnämnd Nordost,Andre vice ordförande,omsorg/vård,opposition (trol.)
kommun,Göteborg,Göteborg,Johanna Holmdahl,johanna holmdahl,Kristdemokraterna,KD,Göteborgs Stads nämnd för funktionsstöd,Andre vice ordförande,omsorg/vård,opposition (trol.)
kommun,Göteborg,Göteborg,Jonas Nilsson Wirdemo,jonas nilsson wirdemo,Vänsterpartiet,V,Göteborgs Stads socialnämnd Hisingen,Ordförande,omsorg/vård,styre (trol.)
kommun,Göteborg,Göteborg,Lena Landén-Olsson,lena landen-olsson,Socialdemokraterna,S,Göteborgs Stads socialnämnd Nordost,Ordförande,omsorg/vård,styre (trol.)
kommun,Göteborg,Göteborg,Lena Lindström Olinder,lena lindstrom olinder,Moderaterna,M,Göteborgs Stads socialnämnd Sydväst,Andre vice ordförande,omsorg/vård,opposition (trol.)
kommun,Göteborg,Göteborg,Marina Johansson,marina johansson,Socialdemokraterna,S,Göteborgs Stads äldre samt vård och omsorgsnämnd,Ordförande,omsorg/vård,styre (trol.)
kommun,Göteborg,Göteborg,Martin Jordö,martin jordo,Miljöpartiet,Miljöpartiet,Göteborgs Stads socialnämnd Hisingen,Förste vice ordförande,omsorg/vård,styre (trol.)
kommun,Göteborg,Göteborg,Nina Miskovsky,nina miskovsky,Moderaterna,M,Göteborgs Stads socialnämnd Centrum,Andre vice ordförande,omsorg/vård,opposition (trol.)
kommun,Göteborg,Göteborg,Peter Svensson,peter svensson,Vänsterpartiet,V,Göteborgs Stads äldre samt vård och omsorgsnämnd,Förste vice ordförande,omsorg/vård,styre (trol.)
kommun,Göteborg,Göteborg,Anna-Klara Behlin,anna-klara behlin,Vänsterpartiet,V,Göteborgs Stads förskolenämnd,Förste vice ordförande,utbildning,styre (trol.)
kommun,Göteborg,Göteborg,Blerta Hoti Singh,blerta hoti singh,Socialdemokraterna,S,Göteborgs Stads förskolenämnd,Ordförande,utbildning,styre (trol.)
kommun,Göteborg,Göteborg,Jennifer Merelaid Hankins,jennifer merelaid hankins,Vänsterpartiet,V,Göteborgs Stads grundskolenämnd,Förste vice ordförande,utbildning,styre (trol.)
kommun,Göteborg,Göteborg,Jessica Blixt,jessica blixt,Demokraterna,Demokraterna,Göteborgs Stads förskolenämnd,Andre vice ordförande,utbildning,opposition (trol.)
kommun,Göteborg,Göteborg,Joakim Byvik,joakim byvik,Vänsterpartiet,V,Göteborgs Stads utbildningsnämnd,Förste vice ordförande,utbildning,styre (trol.)
kommun,Göteborg,Göteborg,Parisa Rezaeivar,parisa rezaeivar,Socialdemokraterna,S,Göteborgs Stads utbildningsnämnd,Ordförande,utbildning,styre (trol.)
kommun,Göteborg,Göteborg,Patrik Krantz,patrik krantz,Liberalerna,L,Göteborgs Stads grundskolenämnd,Andre vice ordförande,utbildning,opposition (trol.)
kommun,Göteborg,Göteborg,Pär Gustafsson,par gustafsson,Liberalerna,L,Göteborgs Stads utbildningsnämnd,Andre vice ordförande,utbildning,opposition (trol.)
kommun,Göteborg,Göteborg,Viktoria Tryggvadottir Rolka,viktoria tryggvadottir rolka,Socialdemokraterna,S,Göteborgs Stads grundskolenämnd,Ordförande,utbildning,styre (trol.)
kommun,Götene,Götene,Johan Månsson,johan mansson,Götenes framtid,Götenes framtid,Kommunstyrelsen,Ordförande,ledning,styre (trol.)
kommun,Götene,Götene,Marcus Källander,marcus kallander,Moderaterna,M,Kommunstyrelsen,Förste vice ordförande,ledning,styre (trol.)
kommun,Götene,Götene,Åsa Karlsson,asa karlsson,Socialdemokraterna,S,Kommunstyrelsen,Andre vice ordförande,ledning,opposition (trol.)
kommun,Götene,Götene,Anna Dalström,anna dalstrom,Centerpartiet,C,Socialnämnden,Ordförande,omsorg/vård,styre (trol.)
kommun,Götene,Götene,Anne-Charlotte Granander,anne-charlotte granander,Socialdemokraterna,S,Socialnämnden,Förste vice ordförande,omsorg/vård,styre (trol.)
kommun,Hagfors,Hagfors,Boo Westlund,boo westlund,Oberoende Realister,Oberoende Realister,Kommunstyrelsen,Ordförande,ledning,styre (trol.)
kommun,Hagfors,Hagfors,Malin Ericsson,malin ericsson,Socialdemokraterna,S,Kommunstyrelsen,Andre vice ordförande,ledning,opposition (trol.)
kommun,Hagfors,Hagfors,Thony Liljemark,thony liljemark,Oberoende Realister,Oberoende Realister,Kommunstyrelsen,Förste vice ordförande,ledning,styre (trol.)
kommun,Hallsberg,Hallsberg,Anders Lycketeg,anders lycketeg,Centerpartiet,C,Kommunstyrelsen,Förste vice ordförande,ledning,styre (trol.)
kommun,Hallsberg,Hallsberg,Magnus Andersson,magnus andersson,Socialdemokraterna,S,Kommunstyrelsen,Ordförande,ledning,styre (trol.)
kommun,Hallsberg,Hallsberg,Oscar Lundkvist,oscar lundkvist,Sverigedemokraterna,SD,Kommunstyrelsen,Andre vice ordförande,ledning,opposition (trol.)
kommun,Hallstahammar,Hallstahammar,Catarina Pettersson,catarina pettersson,Socialdemokraterna,S,Kommunstyrelsen,Ordförande,ledning,styre (trol.)
kommun,Hallstahammar,Hallstahammar,Hans Strandlund,hans strandlund,Moderaterna,M,Kommunstyrelsen,Andre vice ordförande,ledning,opposition (trol.)
kommun,Hallstahammar,Hallstahammar,Jenny Hödefors,jenny hodefors,Socialdemokraterna,S,Kommunstyrelsen,Förste vice ordförande,ledning,styre (trol.)
kommun,Hallstahammar,Hallstahammar,Camilla Härdevik,camilla hardevik,Vänsterpartiet,V,Äldrenämnden,Förste vice ordförande,omsorg/vård,styre (trol.)
kommun,Hallstahammar,Hallstahammar,Ingvor Regnemer,ingvor regnemer,Socialdemokraterna,S,Äldrenämnden,Ordförande,omsorg/vård,styre (trol.)
kommun,Hallstahammar,Hallstahammar,Örjan Andersson,orjan andersson,Socialdemokraterna,S,Äldrenämnden,Andre vice ordförande,omsorg/vård,opposition (trol.)
kommun,Hallstahammar,Hallstahammar,Elisabeth Erngren,elisabeth erngren,Vänsterpartiet,V,Barn- och utbildningsnämnden,Andre vice ordförande,utbildning,opposition (trol.)
kommun,Hallstahammar,Hallstahammar,Kjell Ivemyr,kjell ivemyr,Socialdemokraterna,S,Barn- och utbildningsnämnden,Ordförande,utbildning,styre (trol.)
kommun,Hallstahammar,Hallstahammar,Sigurd Synnergård,sigurd synnergard,Liberalerna,L,Barn- och utbildningsnämnden,Förste vice ordförande,utbildning,styre (trol.)
kommun,Halmstad,Halmstad,Ella Kardemark,ella kardemark,Kristdemokraterna,KD,Kommunstyrelsen,Andre vice ordförande,ledning,opposition (trol.)
kommun,Halmstad,Halmstad,Simon Lindgren,simon lindgren,Moderata samlingspartiet,M,Kommunstyrelsen,Förste vice ordförande,ledning,styre (trol.)
kommun,Halmstad,Halmstad,Stefan Pålsson,stefan palsson,Socialdemokraterna,S,Kommunstyrelsen,Ordförande,ledning,styre (trol.)
kommun,Halmstad,Halmstad,Houda Axelsson,houda axelsson,Moderata samlingspartiet,M,Socialnämnden,Förste vice ordförande,omsorg/vård,styre (trol.)
kommun,Halmstad,Halmstad,Niclas Bexelius,niclas bexelius,Liberalerna,L,Socialnämnden,Andre vice ordförande,omsorg/vård,opposition (trol.)
kommun,Halmstad,Halmstad,Tord Johansson,tord johansson,Socialdemokraterna,S,Socialnämnden,Ordförande,omsorg/vård,styre (trol.)
kommun,Halmstad,Halmstad,Alexandra Olsen Olander,alexandra olsen olander,Sverigedemokraterna,SD,Barn- och ungdomsnämnden,Andre vice ordförande,utbildning,opposition (trol.)
kommun,Halmstad,Halmstad,Dag Hultefors,dag hultefors,Moderata samlingspartiet,M,Barn- och ungdomsnämnden,Förste vice ordförande,utbildning,styre (trol.)
kommun,Halmstad,Halmstad,Magnus Rindom,magnus rindom,Socialdemokraterna,S,Barn- och ungdomsnämnden,Ordförande,utbildning,styre (trol.)
kommun,Hammarö,Hammarö,Bosse Henriksson,bosse henriksson,Moderaterna,M,Kommunstyrelsen,Andre vice ordförande,ledning,opposition (trol.)
kommun,Hammarö,Hammarö,Solweig Gard,solweig gard,Socialdemokraterna,S,Kommunstyrelsen,Ordförande,ledning,styre (trol.)
kommun,Hammarö,Hammarö,Svante Nylund,svante nylund,Vänsterpartiet,V,Kommunstyrelsen,Förste vice ordförande,ledning,styre (trol.)
kommun,Hammarö,Hammarö,Marianne Ohlsson,marianne ohlsson,Centerpartiet,C,Socialnämnden,Ordförande,omsorg/vård,styre (trol.)
kommun,Hammarö,Hammarö,Peter Berglund,peter berglund,Socialdemokraterna,S,Socialnämnden,Förste vice ordförande,omsorg/vård,styre (trol.)
kommun,Hammarö,Hammarö,Petra Weström,petra westrom,Kristdemokraterna,KD,Socialnämnden,Andre vice ordförande,omsorg/vård,opposition (trol.)
kommun,Haninge,Haninge,Sven Gustafsson,sven gustafsson,Moderaterna,M,Kommunstyrelsen,Ordförande,ledning,styre (trol.)
kommun,Haninge,Haninge,Jens Davidson,jens davidson,Kristdemokraterna,KD,Äldrenämnden,Ordförande,omsorg/vård,styre (trol.)
kommun,Haninge,Haninge,Sedat Dogru,sedat dogru,Moderaterna,M,Socialnämnden,Ordförande,omsorg/vård,styre (trol.)
kommun,Haninge,Haninge,Adam Simonsson,adam simonsson,Liberalerna,L,Gymnasie- och arbetsmarknadsnämnden,Ordförande,utbildning,styre (trol.)
kommun,Haninge,Haninge,Pernilla Kjellin,pernilla kjellin,Moderaterna,M,Barn- och förskolenämnden,Ordförande,utbildning,styre (trol.)
kommun,Haninge,Haninge,Veronica Kohlerich,veronica kohlerich,Moderaterna,M,Grundskolenämnden,Ordförande,utbildning,styre (trol.)
kommun,Haparanda,Haparanda,Janne Lind,janne lind,Centerpartiet,C,Kommunstyrelsen,Ordförande,ledning,styre (trol.)
kommun,Haparanda,Haparanda,Peter Rolfs,peter rolfs,Sverigedemokraterna,SD,Kommunstyrelsen,Förste vice ordförande,ledning,styre (trol.)
kommun,Haparanda,Haparanda,Ann-Charlotte Bucht,ann-charlotte bucht,Moderaterna,M,Socialnämnden,Ordförande,omsorg/vård,styre (trol.)
kommun,Haparanda,Haparanda,Virpi Nilimaa,virpi nilimaa,Centerpartiet,C,Socialnämnden,Förste vice ordförande,omsorg/vård,styre (trol.)
kommun,Haparanda,Haparanda,Lars-Erik Wikberg,lars-erik wikberg,Kristdemokraterna,KD,Barn- och ungdomsnämnden,Förste vice ordförande,utbildning,styre (trol.)
kommun,Haparanda,Haparanda,Sven Tornberg,sven tornberg,Centerpartiet,C,Barn- och ungdomsnämnden,Ordförande,utbildning,styre (trol.)
kommun,Heby,Heby,Bo Andersson,bo andersson,Moderaterna,M,Kommunstyrelsen,Andre vice ordförande,ledning,opposition (trol.)
kommun,Heby,Heby,Göran Hillbom,goran hillbom,Centerpartiet,C,Kommunstyrelsen,Förste vice ordförande,ledning,styre (trol.)
kommun,Heby,Heby,Per Sverkersson,per sverkersson,Socialdemokraterna,S,Kommunstyrelsen,Ordförande,ledning,styre (trol.)
kommun,Heby,Heby,Annika Krispinsson,annika krispinsson,Centerpartiet,C,Vård- och omsorgsnämnden,Ordförande,omsorg/vård,styre (trol.)
kommun,Heby,Heby,Florence Anvo,florence anvo,Kristdemokraterna,KD,Vård- och omsorgsnämnden,Andre vice ordförande,omsorg/vård,opposition (trol.)
kommun,Heby,Heby,Lars Persson,lars persson,Socialdemokraterna,S,Vård- och omsorgsnämnden,Förste vice ordförande,omsorg/vård,styre (trol.)
kommun,Heby,Heby,Göran Hillbom,goran hillbom,Centerpartiet,C,Utbildningsnämnden,Förste vice ordförande,utbildning,styre (trol.)
kommun,Heby,Heby,Rickert Olzon,rickert olzon,Moderaterna,M,Utbildningsnämnden,Andre vice ordförande,utbildning,opposition (trol.)
kommun,Heby,Heby,Rose-Marie Isaksson,rose-marie isaksson,Socialdemokraterna,S,Utbildningsnämnden,Ordförande,utbildning,styre (trol.)
kommun,Hedemora,Hedemora,David Aura,david aura,Socialdemokraterna,S,Kommunstyrelsen,Ordförande,ledning,styre (trol.)
kommun,Hedemora,Hedemora,Lennart Mångs,lennart mangs,Moderaterna,M,Kommunstyrelsen,Andre vice ordförande,ledning,opposition (trol.)
kommun,Hedemora,Hedemora,Lillemor Gunnarsson,lillemor gunnarsson,Centerpartiet,C,Kommunstyrelsen,Förste vice ordförande,ledning,styre (trol.)
kommun,Hedemora,Hedemora,Anette Granegärd,anette granegard,Centerpartiet,C,Omsorgsnämnden,Förste vice ordförande,omsorg/vård,styre (trol.)
kommun,Hedemora,Hedemora,Britt-Inger Remning,britt-inger remning,Moderaterna,M,Omsorgsnämnden,Andre vice ordförande,omsorg/vård,opposition (trol.)
kommun,Hedemora,Hedemora,Kajsa-Lena Fagerström,kajsa-lena fagerstrom,Socialdemokraterna,S,Omsorgsnämnden,Ordförande,omsorg/vård,styre (trol.)
kommun,Helsingborg,Helsingborg,Christian Orsing,christian orsing,Moderaterna,M,Kommunstyrelsen,Ordförande,ledning,styre (trol.)
kommun,Helsingborg,Helsingborg,Jan Björklund,jan bjorklund,Socialdemokraterna,S,Kommunstyrelsen,Förste vice ordförande,ledning,styre (trol.)
kommun,Helsingborg,Helsingborg,Lars Thunberg,lars thunberg,Kristdemokraterna,KD,Vård- och omsorgsnämnden,Ordförande,omsorg/vård,styre (trol.)
kommun,Helsingborg,Helsingborg,Mathilda Hjelm Espelund,mathilda hjelm espelund,Moderaterna,M,Socialnämnden,Ordförande,omsorg/vård,styre (trol.)
kommun,Helsingborg,Helsingborg,Mickey Magnusson,mickey magnusson,Socialdemokraterna,S,Vård- och omsorgsnämnden,Förste vice ordförande,omsorg/vård,styre (trol.)
kommun,Helsingborg,Helsingborg,My Rosell,my rosell,Socialdemokraterna,S,Socialnämnden,Förste vice ordförande,omsorg/vård,styre (trol.)
kommun,Helsingborg,Helsingborg,Dubravka Trejling Nikolic,dubravka trejling nikolic,Liberalerna,L,Barn- och utbildningsnämnden,Ordförande,utbildning,styre (trol.)
kommun,Helsingborg,Helsingborg,Maria Ward,maria ward,Socialdemokraterna,S,Barn- och utbildningsnämnden,Förste vice ordförande,utbildning,styre (trol.)
kommun,Herrljunga,Herrljunga,Emma Blomdahl,emma blomdahl,Centerpartiet,C,Kommunstyrelsen,Förste vice ordförande,ledning,styre (trol.)
kommun,Herrljunga,Herrljunga,Gunnar Andersson,gunnar andersson,Moderaterna,M,Kommunstyrelsen,Andre vice ordförande,ledning,opposition (trol.)
kommun,Herrljunga,Herrljunga,Mats Palm,mats palm,Socialdemokraterna,S,Kommunstyrelsen,Ordförande,ledning,styre (trol.)
kommun,Herrljunga,Herrljunga,Carina Fredriksen,carina fredriksen,Socialdemokraterna,S,Socialnämnden,Ordförande,omsorg/vård,styre (trol.)
kommun,Herrljunga,Herrljunga,Carina Fredriksen,carina fredriksen,Socialdemokraterna,S,Socialnämndens myndighetsutskott,Ordförande,omsorg/vård,styre (trol.)
kommun,Herrljunga,Herrljunga,Magnus Lennartsson,magnus lennartsson,Sverigedemokraterna,SD,Socialnämnden,Förste vice ordförande,omsorg/vård,styre (trol.)
kommun,Herrljunga,Herrljunga,Magnus Lennartsson,magnus lennartsson,Sverigedemokraterna,SD,Socialnämndens myndighetsutskott,Förste vice ordförande,omsorg/vård,styre (trol.)
kommun,Hjo,Hjo,Catrin Hulmarker,catrin hulmarker,Moderaterna,M,Kommunstyrelsen,Ordförande,ledning,styre (trol.)
kommun,Hjo,Hjo,Linnéa Hultmark,linnea hultmark,Centerpartiet,C,Kommunstyrelsen,Förste vice ordförande,ledning,styre (trol.)
kommun,Hjo,Hjo,Pierre Robert Rydén,pierre robert ryden,Socialdemokraterna,S,Kommunstyrelsen,Andre vice ordförande,ledning,opposition (trol.)
kommun,Hultsfred,Hultsfred,Anna Edvardsson,anna edvardsson,Centerpartiet,C,Socialnämnd,Ordförande,omsorg/vård,styre (trol.)
kommun,Hultsfred,Hultsfred,Conny Daag,conny daag,Moderaterna,M,Socialnämnd,Förste vice ordförande,omsorg/vård,styre (trol.)
kommun,Hultsfred,Hultsfred,Jonny Bengtsson,jonny bengtsson,Socialdemokraterna,S,Socialnämnd,Andre vice ordförande,omsorg/vård,opposition (trol.)
kommun,Hultsfred,Hultsfred,Elisabeth Löfkvist,elisabeth lofkvist,Centerpartiet,C,Barn- och utbildningsnämnd,Förste vice ordförande,utbildning,styre (trol.)
kommun,Hultsfred,Hultsfred,Johan Svensson,johan svensson,Moderaterna,M,Barn- och utbildningsnämnd,Ordförande,utbildning,styre (trol.)
kommun,Hultsfred,Hultsfred,Mikael Lång,mikael lang,Socialdemokraterna,S,Barn- och utbildningsnämnd,Andre vice ordförande,utbildning,opposition (trol.)
kommun,Hylte,Hylte,Birgitta Årzén,birgitta arzen,Socialdemokraterna,S,Kommunstyrelsen,Förste vice ordförande,ledning,styre (trol.)
kommun,Hylte,Hylte,Ronny Löfquist,ronny lofquist,Socialdemokraterna,S,Kommunstyrelsen,Ordförande,ledning,styre (trol.)
kommun,Hylte,Hylte,Stina Isaksson,stina isaksson,Sverigedemokraterna,SD,Kommunstyrelsen,Andre vice ordförande,ledning,opposition (trol.)
kommun,Hylte,Hylte,Magdalena Barkström,magdalena barkstrom,Centerpartiet,C,Omsorgsnämnden,Andre vice ordförande,omsorg/vård,opposition (trol.)
kommun,Hylte,Hylte,Victoria Strand,victoria strand,Socialdemokraterna,S,Omsorgsnämnden,Ordförande,omsorg/vård,styre (trol.)
kommun,Hylte,Hylte,Zofia Sarna,zofia sarna,Socialdemokraterna,S,Omsorgsnämnden,Förste vice ordförande,omsorg/vård,styre (trol.)
kommun,Hylte,Hylte,Leif Smith,leif smith,Socialdemokraterna,S,Barn- och ungdomsnämnden,Ordförande,utbildning,styre (trol.)
kommun,Hylte,Hylte,Malin Svan,malin svan,Centerpartiet,C,Barn- och ungdomsnämnden,Andre vice ordförande,utbildning,opposition (trol.)
kommun,Hylte,Hylte,Per-Yngve Bengtsson,per-yngve bengtsson,Socialdemokraterna,S,Barn- och ungdomsnämnden,Förste vice ordförande,utbildning,styre (trol.)
kommun,Hällefors,Hällefors,Cecilia Albertsson,cecilia albertsson,Moderaterna,M,Kommunstyrelsen,Ordförande,ledning,styre (trol.)
kommun,Hällefors,Hällefors,Håkan Bergström,hakan bergstrom,Socialdemokraterna,S,Kommunstyrelsen,Andre vice ordförande,ledning,opposition (trol.)
kommun,Hällefors,Hällefors,Lars-Göran Zetterlund,lars-goran zetterlund,Centerpartiet,C,Kommunstyrelsen,Förste vice ordförande,ledning,styre (trol.)
kommun,Härjedalen,Härjedalen,Anders Häggkvist,anders haggkvist,Centerpartiet,C,Kommunstyrelsen,Förste vice ordförande,ledning,styre (trol.)
kommun,Härjedalen,Härjedalen,Jeannette Ek,jeannette ek,Vänsterpartiet,V,Kommunstyrelsen,Andre vice ordförande,ledning,opposition (trol.)
kommun,Härjedalen,Härjedalen,Lars-Gunnar Nordlander,lars-gunnar nordlander,Socialdemokraterna,S,Kommunstyrelsen,Ordförande,ledning,styre (trol.)
kommun,Härnösand,Härnösand,Elisabeth Strömquist,elisabeth stromquist,Socialdemokraterna,S,Socialnämnden 2023-2026,Förste vice ordförande,omsorg/vård,styre (trol.)
kommun,Härnösand,Härnösand,Krister Mccarthy,krister mccarthy,Socialdemokraterna,S,Socialnämnden 2023-2026,Ordförande,omsorg/vård,styre (trol.)
kommun,Härnösand,Härnösand,Margareta Tjärnlund,margareta tjarnlund,Moderaterna,M,Socialnämnden 2023-2026,Andre vice ordförande,omsorg/vård,opposition (trol.)
kommun,Härnösand,Härnösand,Karin Andersson,karin andersson,Moderaterna,M,Skolnämnden 2023-2026,Andre vice ordförande,utbildning,opposition (trol.)
kommun,Härnösand,Härnösand,May Andersson,may andersson,Socialdemokraterna,S,Skolnämnden 2023-2026,Förste vice ordförande,utbildning,styre (trol.)
kommun,Härnösand,Härnösand,Nina Skyttberg,nina skyttberg,Socialdemokraterna,S,Skolnämnden 2023-2026,Ordförande,utbildning,styre (trol.)
kommun,Härryda,Härryda,Mikael Johannison,mikael johannison,Moderaterna,M,Kommunstyrelsen,Förste vice ordförande,ledning,styre (trol.)
kommun,Härryda,Härryda,Patrik Linde,patrik linde,Socialdemokraterna,S,Kommunstyrelsen,Andre vice ordförande,ledning,opposition (trol.)
kommun,Härryda,Härryda,Per Vorberg,per vorberg,Moderaterna,M,Kommunstyrelsen,Ordförande,ledning,styre (trol.)
kommun,Härryda,Härryda,Eva Karlsson,eva karlsson,Moderaterna,M,Socialnämnden,Andre vice ordförande,omsorg/vård,opposition (trol.)
kommun,Härryda,Härryda,Kajsa Lottasdotter,kajsa lottasdotter,Socialdemokraterna,S,Socialnämnden,Förste vice ordförande,omsorg/vård,styre (trol.)
kommun,Härryda,Härryda,Maria Kornevik Jakobsson,maria kornevik jakobsson,Centerpartiet,C,Socialnämnden,Ordförande,omsorg/vård,styre (trol.)
kommun,Hässleholm,Hässleholm,Hanna Nilsson,hanna nilsson,Sverigedemokraterna,SD,Kommunstyrelsen,Andre vice ordförande,ledning,opposition (trol.)
kommun,Hässleholm,Hässleholm,Joakim Karlsson,joakim karlsson,Moderaterna,M,Kommunstyrelsen,Förste vice ordförande,ledning,styre (trol.)
kommun,Hässleholm,Hässleholm,Lena Wallentheim,lena wallentheim,Socialdemokraterna,S,Kommunstyrelsen,Ordförande,ledning,styre (trol.)
kommun,Hässleholm,Hässleholm,Emilie Ströberg,emilie stroberg,Sverigedemokraterna,SD,Socialnämnden,Andre vice ordförande,omsorg/vård,opposition (trol.)
kommun,Hässleholm,Hässleholm,Joachim Fors,joachim fors,Socialdemokraterna,S,Omsorgsnämnden,Ordförande,omsorg/vård,styre (trol.)
kommun,Hässleholm,Hässleholm,Jörgen K Nilsson,jorgen k nilsson,Moderaterna,M,Socialnämnden,Förste vice ordförande,omsorg/vård,styre (trol.)
kommun,Hässleholm,Hässleholm,Lena Nilsson,lena nilsson,Socialdemokraterna,S,Socialnämnden,Ordförande,omsorg/vård,styre (trol.)
kommun,Hässleholm,Hässleholm,Nilla Swärdén,nilla swarden,Moderaterna,M,Omsorgsnämnden,Förste vice ordförande,omsorg/vård,styre (trol.)
kommun,Hässleholm,Hässleholm,Susanne Lottsfeldt,susanne lottsfeldt,Sverigedemokraterna,SD,Omsorgsnämnden,Andre vice ordförande,omsorg/vård,opposition (trol.)
kommun,Hässleholm,Hässleholm,Hanna Sjöstrand,hanna sjostrand,Sverigedemokraterna,SD,Barn- och utbildningsnämnden,Andre vice ordförande,utbildning,opposition (trol.)
kommun,Hässleholm,Hässleholm,Monica Ero,monica ero,Socialdemokraterna,S,Barn- och utbildningsnämnden,Förste vice ordförande,utbildning,styre (trol.)
kommun,Hässleholm,Hässleholm,Stefan Larsson,stefan larsson,Moderaterna,M,Barn- och utbildningsnämnden,Ordförande,utbildning,styre (trol.)
kommun,Höganäs,Höganäs,Johan Ingvarson,johan ingvarson,Miljöpartiet,Miljöpartiet,Kommunstyrelsen,Förste vice ordförande,ledning,styre (trol.)
kommun,Höganäs,Höganäs,Lennart Nilsson,lennart nilsson,Socialdemokraterna,S,Kommunstyrelsen,Andre vice ordförande,ledning,opposition (trol.)
kommun,Höganäs,Höganäs,Peter Schölander,peter scholander,Moderaterna,M,Kommunstyrelsen,Ordförande,ledning,styre (trol.)
kommun,Höganäs,Höganäs,Maria Jönsson,maria jonsson,Miljöpartiet,Miljöpartiet,Socialnämnden,Förste vice ordförande,omsorg/vård,styre (trol.)
kommun,Höganäs,Höganäs,Marie Tidedal,marie tidedal,Moderaterna,M,Socialnämnden,Ordförande,omsorg/vård,styre (trol.)
kommun,Höganäs,Höganäs,Peter Graff,peter graff,Socialdemokraterna,S,Socialnämnden,Andre vice ordförande,omsorg/vård,opposition (trol.)
kommun,Höganäs,Höganäs,Britt-Inger Hillhammar Ekberg,britt-inger hillhammar ekberg,Moderaterna,M,Utbildningsnämnden,Förste vice ordförande,utbildning,styre (trol.)
kommun,Höganäs,Höganäs,Carola Persson,carola persson,Socialdemokraterna,S,Utbildningsnämnden,Andre vice ordförande,utbildning,opposition (trol.)
kommun,Höganäs,Höganäs,Pia Möller,pia moller,Moderaterna,M,Utbildningsnämnden,Ordförande,utbildning,styre (trol.)
kommun,Högsby,Högsby,Jonas Erlandsson,jonas erlandsson,Socialdemokraterna,S,Kommunstyrelsen,Förste vice ordförande,ledning,styre (trol.)
kommun,Högsby,Högsby,Lars Elmborg,lars elmborg,Kristdemokraterna,KD,Kommunstyrelsen,Andre vice ordförande,ledning,opposition (trol.)
kommun,Högsby,Högsby,Per Gröön,per groon,Centerpartiet,C,Kommunstyrelsen,Ordförande,ledning,styre (trol.)
kommun,Hörby,Hörby,Anders Hansson,anders hansson,Sverigedemokraterna,SD,Kommunstyrelsen,Ordförande,ledning,styre (trol.)
kommun,Hörby,Hörby,Anders Larsson,anders larsson,-,-,Kommunstyrelsen,Andre vice ordförande,ledning,opposition (trol.)
kommun,Hörby,Hörby,Lars-Göran Ritmer,lars-goran ritmer,Moderaterna,M,Kommunstyrelsen,Förste vice ordförande,ledning,styre (trol.)
kommun,Höör,Höör,Johan Svahnberg,johan svahnberg,Moderaterna,M,Kommunstyrelsen,Ordförande,ledning,styre (trol.)
kommun,Höör,Höör,Kent Staaf,kent staaf,Socialdemokraterna,S,Kommunstyrelsen,Andre vice ordförande,ledning,opposition (trol.)
kommun,Höör,Höör,Magnus Haara,magnus haara,Centerpartiet,C,Kommunstyrelsen,Förste vice ordförande,ledning,styre (trol.)
kommun,Höör,Höör,Björn Lindqvist,bjorn lindqvist,Vänsterpartiet,V,Socialnämnden,Andre vice ordförande,omsorg/vård,opposition (trol.)
kommun,Höör,Höör,Margareta Johansson,margareta johansson,Kristdemokraterna,KD,Socialnämnden,Ordförande,omsorg/vård,styre (trol.)
kommun,Höör,Höör,Oscar Wassbjer,oscar wassbjer,Moderaterna,M,Socialnämnden,Förste vice ordförande,omsorg/vård,styre (trol.)
kommun,Höör,Höör,Anna Ramberg,anna ramberg,Liberalerna,L,Barn- och utbildningsnämnden,Förste vice ordförande,utbildning,styre (trol.)
kommun,Höör,Höör,Camilla Kampf,camilla kampf,Moderaterna,M,Barn- och utbildningsnämnden,Ordförande,utbildning,styre (trol.)
kommun,Höör,Höör,Cecilia Levander Kangas,cecilia levander kangas,Socialdemokraterna,S,Barn- och utbildningsnämnden,Andre vice ordförande,utbildning,opposition (trol.)
kommun,Jokkmokk,Jokkmokk,Henrik Blind,henrik blind,Miljöpartiet,Miljöpartiet,Kommunstyrelsen,Förste vice ordförande,ledning,styre (trol.)
kommun,Jokkmokk,Jokkmokk,Roland Boman,roland boman,Framtid i Jokkmokks kommun,Framtid i Jokkmokks kommun,Kommunstyrelsen,Ordförande,ledning,styre (trol.)
kommun,Jokkmokk,Jokkmokk,Eva Näslund,eva naslund,Socialdemokraterna,S,Socialnämnden,Förste vice ordförande,omsorg/vård,styre (trol.)
kommun,Jokkmokk,Jokkmokk,Lars Mikkelsson,lars mikkelsson,Framtid i Jokkmokks kommun,Framtid i Jokkmokks kommun,Socialnämnden,Ordförande,omsorg/vård,styre (trol.)
kommun,Jokkmokk,Jokkmokk,Per-Olof Hedström,per-olof hedstrom,Samernas Väl,Samernas Väl,Barn- och utbildningsnämnden,Ordförande,utbildning,styre (trol.)
kommun,Jokkmokk,Jokkmokk,Sivert Mässing,sivert massing,Miljöpartiet,Miljöpartiet,Barn- och utbildningsnämnden,Förste vice ordförande,utbildning,styre (trol.)
kommun,Järfälla,Järfälla,Emma Feldman,emma feldman,Moderaterna,M,Kommunstyrelsen,1:e vice ordförande,ledning,styre (trol.)
kommun,Järfälla,Järfälla,Eva Ullberg,eva ullberg,Socialdemokraterna,S,Kommunstyrelsen,Ordförande,ledning,styre (trol.)
kommun,Järfälla,Järfälla,Bengt Harju,bengt harju,Socialdemokraterna,S,Socialnämnden,Ordförande,omsorg/vård,styre (trol.)
kommun,Järfälla,Järfälla,Dan Engstrand,dan engstrand,Moderaterna,M,Socialnämnden,1:e vice ordförande,omsorg/vård,styre (trol.)
kommun,Järfälla,Järfälla,Agneta Dahlgren,agneta dahlgren,Socialdemokraterna,S,Förskolenämnden,Ordförande,utbildning,styre (trol.)
kommun,Järfälla,Järfälla,Eva-Lotta Arenander,eva-lotta arenander,Socialdemokraterna,S,Utbildningsnämnden,1:e vice ordförande,utbildning,styre (trol.)
kommun,Järfälla,Järfälla,Mikaela Östh,mikaela osth,Moderaterna,M,Förskolenämnden,1:e vice ordförande,utbildning,styre (trol.)
kommun,Järfälla,Järfälla,Richard Lindforss,richard lindforss,Moderaterna,M,Utbildningsnämnden,Ordförande,utbildning,styre (trol.)
kommun,Kalix,Kalix,Mikael Engren,mikael engren,Socialdemokraterna,S,Kommunstyrelsen,Förste vice ordförande,ledning,styre (trol.)
kommun,Kalix,Kalix,Susanne Andersson,susanne andersson,Socialdemokraterna,S,Kommunstyrelsen,Ordförande,ledning,styre (trol.)
kommun,Kalix,Kalix,Bertil Sundqvist,bertil sundqvist,Socialdemokraterna,S,Socialnämnden,Förste vice ordförande,omsorg/vård,styre (trol.)
kommun,Kalix,Kalix,Inga-Lis Samuelsson,inga-lis samuelsson,Centerpartiet,C,Socialnämnden,Ordförande,omsorg/vård,styre (trol.)
kommun,Kalix,Kalix,Torgny Olofsson,torgny olofsson,Socialdemokraterna,S,Utbildningsnämnden,Förste vice ordförande,utbildning,styre (trol.)
kommun,Kalix,Kalix,Viktoria Wikström,viktoria wikstrom,Socialdemokraterna,S,Utbildningsnämnden,Ordförande,utbildning,styre (trol.)
kommun,Kalmar,Kalmar,Hanne Lindqvist,hanne lindqvist,Moderaterna,M,Kommunstyrelsen,Förste vice ordförande,ledning,styre (trol.)
kommun,Kalmar,Kalmar,Johan Persson,johan persson,Socialdemokraterna,S,Kommunstyrelsen,Ordförande,ledning,styre (trol.)
kommun,Kalmar,Kalmar,Liselotte Sandell Ross,liselotte sandell ross,Vänsterpartiet,V,Kommunstyrelsen,Andre vice ordförande,ledning,opposition (trol.)
kommun,Kalmar,Kalmar,Maria Persson-Engman,maria persson-engman,Vänsterpartiet,V,Omsorgsnämnden,Andre vice ordförande,omsorg/vård,opposition (trol.)
kommun,Kalmar,Kalmar,Michael Ländin,michael landin,Socialdemokraterna,S,Omsorgsnämnden,Ordförande,omsorg/vård,styre (trol.)
kommun,Kalmar,Kalmar,Måns Linge,mans linge,Moderaterna,M,Omsorgsnämnden,Förste vice ordförande,omsorg/vård,styre (trol.)
kommun,Kalmar,Kalmar,Patrik Olsen,patrik olsen,Moderaterna,M,Socialnämnden,Förste vice ordförande,omsorg/vård,styre (trol.)
kommun,Kalmar,Kalmar,Richard Deichmann,richard deichmann,Vänsterpartiet,V,Socialnämnden,Andre vice ordförande,omsorg/vård,opposition (trol.)
kommun,Kalmar,Kalmar,Roger Holmberg,roger holmberg,Socialdemokraterna,S,Socialnämnden,Ordförande,omsorg/vård,styre (trol.)
kommun,Kalmar,Kalmar,Bitte Gudmundsson,bitte gudmundsson,Vänsterpartiet,V,Utbildningsnämnden,Andre vice ordförande,utbildning,opposition (trol.)
kommun,Kalmar,Kalmar,Marie Simonsson,marie simonsson,Socialdemokraterna,S,Utbildningsnämnden,Ordförande,utbildning,styre (trol.)
kommun,Kalmar,Kalmar,Susanne Eliasson,susanne eliasson,Moderaterna,M,Utbildningsnämnden,Förste vice ordförande,utbildning,styre (trol.)
kommun,Karlsborg,Karlsborg,Jonas Davidsson,jonas davidsson,Socialdemokraterna,S,Kommunstyrelsen,Andre vice ordförande,ledning,opposition (trol.)
kommun,Karlsborg,Karlsborg,Monica Staudinger,monica staudinger,Centerpartiet,C,Kommunstyrelsen,Förste vice ordförande,ledning,styre (trol.)
kommun,Karlsborg,Karlsborg,Torbjörn Colling,torbjorn colling,Moderaterna,M,Kommunstyrelsen,Ordförande,ledning,styre (trol.)
kommun,Karlsborg,Karlsborg,Barbro Björklund,barbro bjorklund,Kristdemokraterna,KD,Socialnämnden,Förste vice ordförande,omsorg/vård,styre (trol.)
kommun,Karlsborg,Karlsborg,Hilkka Eskelinen,hilkka eskelinen,Socialdemokraterna,S,Socialnämnden,Andre vice ordförande,omsorg/vård,opposition (trol.)
kommun,Karlsborg,Karlsborg,Monica Staudinger,monica staudinger,Centerpartiet,C,Socialnämnden,Ordförande,omsorg/vård,styre (trol.)
kommun,Karlsborg,Karlsborg,Eva Birath,eva birath,Centerpartiet,C,Barn- och utbildningsnämnden,Förste vice ordförande,utbildning,styre (trol.)
kommun,Karlsborg,Karlsborg,Staffan Myrsell,staffan myrsell,Moderaterna,M,Barn- och utbildningsnämnden,Ordförande,utbildning,styre (trol.)
kommun,Karlsborg,Karlsborg,Ulf Ahndersson,ulf ahndersson,Socialdemokraterna,S,Barn- och utbildningsnämnden,Andre vice ordförande,utbildning,opposition (trol.)
kommun,Karlskoga,Karlskoga,Ann-Catrin Örtkvist,ann-catrin ortkvist,Kristdemokraterna,KD,Kommunstyrelsen,Förste vice ordförande,ledning,styre (trol.)
kommun,Karlskoga,Karlskoga,Jonas Sandström,jonas sandstrom,Socialdemokraterna,S,Kommunstyrelsen,Andre vice ordförande,ledning,opposition (trol.)
kommun,Karlskoga,Karlskoga,Tony Ring,tony ring,Moderaterna,M,Kommunstyrelsen,Ordförande,ledning,styre (trol.)
kommun,Karlskoga,Karlskoga,Lena Jonsson Arndt,lena jonsson arndt,Moderaterna,M,Socialnämnden,Ordförande,omsorg/vård,styre (trol.)
kommun,Karlskoga,Karlskoga,Linda Johansson,linda johansson,Kristdemokraterna,KD,Socialnämnden,Förste vice ordförande,omsorg/vård,styre (trol.)
kommun,Karlskoga,Karlskoga,Liselotte Eriksson,liselotte eriksson,Socialdemokraterna,S,Socialnämnden,Andre vice ordförande,omsorg/vård,opposition (trol.)
kommun,Karlskoga,Karlskoga,Anneli Bramvehl,anneli bramvehl,Moderaterna,M,Barn- och utbildningsnämnden,Ordförande,utbildning,styre (trol.)
kommun,Karlskoga,Karlskoga,Lars Hultkrantz,lars hultkrantz,Liberalerna,L,Barn- och utbildningsnämnden,Förste vice ordförande,utbildning,styre (trol.)
kommun,Karlskoga,Karlskoga,Maria Karlsson,maria karlsson,Socialdemokraterna,S,Barn- och utbildningsnämnden,Andre vice ordförande,utbildning,opposition (trol.)
kommun,Karlskrona,Karlskrona,Christopher Larsson,christopher larsson,Sverigedemokraterna,SD,Kommunstyrelsen,Förste vice ordförande,ledning,styre (trol.)
kommun,Karlskrona,Karlskrona,Emma Swahn Nilsson,emma swahn nilsson,Moderaterna,M,Kommunstyrelsen,Ordförande,ledning,styre (trol.)
kommun,Karlskrona,Karlskrona,Sandra Bizzozero,sandra bizzozero,Socialdemokraterna,S,Kommunstyrelsen,Andre vice ordförande,ledning,opposition (trol.)
kommun,Karlskrona,Karlskrona,Anders Björkander,anders bjorkander,Socialdemokraterna,S,Äldrenämnden,Andre vice ordförande,omsorg/vård,opposition (trol.)
kommun,Karlskrona,Karlskrona,Bengt Jönsson,bengt jonsson,Kristdemokraterna,KD,Social- och funktionsstödsnämnden,Ordförande,omsorg/vård,styre (trol.)
kommun,Karlskrona,Karlskrona,Carina Olsson,carina olsson,Kristdemokraterna,KD,Äldrenämnden,Förste vice ordförande,omsorg/vård,styre (trol.)
kommun,Karlskrona,Karlskrona,Christer Leksell,christer leksell,Sverigedemokraterna,SD,Social- och funktionsstödsnämnden,Förste vice ordförande,omsorg/vård,styre (trol.)
kommun,Karlskrona,Karlskrona,Helene Gustafsson,helene gustafsson,Socialdemokraterna,S,Social- och funktionsstödsnämnden,Andre vice ordförande,omsorg/vård,opposition (trol.)
kommun,Karlskrona,Karlskrona,Åsa Larsson,asa larsson,Sverigedemokraterna,SD,Äldrenämnden,Ordförande,omsorg/vård,styre (trol.)
kommun,Karlstad,Karlstad,Alexander Torin,alexander torin,Moderaterna,M,Kommunalråd,Oppositionsråd,ledning,opposition
kommun,Karlstad,Karlstad,Alexander Torin,alexander torin,Moderaterna,M,Kommunstyrelsen,Förste vice ordförande,ledning,styre (trol.)
kommun,Karlstad,Karlstad,Anders Tallgren,anders tallgren,Socialdemokraterna,S,Kommunalråd,Kommunalråd,ledning,styre (trol.)
kommun,Karlstad,Karlstad,Frida Nilsson,frida nilsson,Centerpartiet,C,Kommunalråd,Kommunalråd,ledning,styre (trol.)
kommun,Karlstad,Karlstad,Frida Nilsson,frida nilsson,Centerpartiet,C,Kommunstyrelsen,Andre vice ordförande,ledning,opposition (trol.)
kommun,Karlstad,Karlstad,Linda Larsson,linda larsson,Socialdemokraterna,S,Kommunalråd,Kommunalråd,ledning,styre (trol.)
kommun,Karlstad,Karlstad,Linda Larsson,linda larsson,Socialdemokraterna,S,Kommunstyrelsen,Ordförande,ledning,styre (trol.)
kommun,Karlstad,Karlstad,Robert Halvarsson,robert halvarsson,Miljöpartiet,Miljöpartiet,Kommunalråd,Kommunalråd,ledning,styre (trol.)
kommun,Karlstad,Karlstad,Siri Hasting,siri hasting,Vänsterpartiet,V,Kommunalråd,Oppositionsråd,ledning,opposition
kommun,Karlstad,Karlstad,Anita Hall,anita hall,Centerpartiet,C,Vård- och omsorgsnämnden,Andre vice ordförande,omsorg/vård,opposition (trol.)
kommun,Karlstad,Karlstad,Anna Dahlén Gauffin,anna dahlen gauffin,Socialdemokraterna,S,Arbetsmarknads-och socialnämnden,Ordförande,omsorg/vård,styre (trol.)
kommun,Karlstad,Karlstad,Anna Nordström,anna nordstrom,Miljöpartiet,Miljöpartiet,Arbetsmarknads-och socialnämnden,Andre vice ordförande,omsorg/vård,opposition (trol.)
kommun,Karlstad,Karlstad,Lotta Björklund,lotta bjorklund,Moderaterna,M,Arbetsmarknads-och socialnämnden,Förste vice ordförande,omsorg/vård,styre (trol.)
kommun,Karlstad,Karlstad,Pär-Arne Claveroth,par-arne claveroth,Kristdemokraterna,KD,Vård- och omsorgsnämnden,Förste vice ordförande,omsorg/vård,styre (trol.)
kommun,Karlstad,Karlstad,Stefan Jonsson,stefan jonsson,Socialdemokraterna,S,Vård- och omsorgsnämnden,Ordförande,omsorg/vård,styre (trol.)
kommun,Karlstad,Karlstad,Anders Peterson,anders peterson,Centerpartiet,C,Gymnasie- och vuxenutbildningsnämnden,Ordförande,utbildning,styre (trol.)
kommun,Karlstad,Karlstad,Lina Larhult,lina larhult,Socialdemokraterna,S,Barn- och ungdomsnämnden,Ordförande,utbildning,styre (trol.)
kommun,Karlstad,Karlstad,Marie Persson,marie persson,Centerpartiet,C,Barn- och ungdomsnämnden,Andre vice ordförande,utbildning,opposition (trol.)
kommun,Karlstad,Karlstad,Marina Andreasson,marina andreasson,Socialdemokraterna,S,Gymnasie- och vuxenutbildningsnämnden,Andre vice ordförande,utbildning,opposition (trol.)
kommun,Karlstad,Karlstad,Rebecka Ingsmy,rebecka ingsmy,Moderaterna,M,Barn- och ungdomsnämnden,Förste vice ordförande,utbildning,styre (trol.)
kommun,Karlstad,Karlstad,Sarah Kullgren,sarah kullgren,Kristdemokraterna,KD,Gymnasie- och vuxenutbildningsnämnden,Förste vice ordförande,utbildning,styre (trol.)
kommun,Katrineholm,Katrineholm,Alexander Forss,alexander forss,Kristdemokraterna,KD,Kommunstyrelsen,Andre vice ordförande,ledning,opposition (trol.)
kommun,Katrineholm,Katrineholm,Christer Sundqvist,christer sundqvist,Moderaterna,M,Kommunstyrelsen,Förste vice ordförande,ledning,styre (trol.)
kommun,Katrineholm,Katrineholm,Johan Söderberg,johan soderberg,Socialdemokraterna,S,Kommunstyrelsen,Ordförande,ledning,styre (trol.)
kommun,Katrineholm,Katrineholm,Birgitta Carlheim-Gyllensköld,birgitta carlheim-gyllenskold,Moderaterna,M,Vård-och omsorgsnämnden,Förste vice ordförande,omsorg/vård,styre (trol.)
kommun,Katrineholm,Katrineholm,Ewa Callhammar,ewa callhammar,Liberalerna,L,Vård-och omsorgsnämnden,Andre vice ordförande,omsorg/vård,opposition (trol.)
kommun,Katrineholm,Katrineholm,Inger Fredriksson,inger fredriksson,Centerpartiet,C,Socialnämnden,Andre vice ordförande,omsorg/vård,opposition (trol.)
kommun,Katrineholm,Katrineholm,Johanna Karlsson,johanna karlsson,Socialdemokraterna,S,Vård-och omsorgsnämnden,Ordförande,omsorg/vård,styre (trol.)
kommun,Katrineholm,Katrineholm,Martin Edgélius,martin edgelius,Moderaterna,M,Socialnämnden,Ordförande,omsorg/vård,styre (trol.)
kommun,Katrineholm,Katrineholm,Roger Ljunggren,roger ljunggren,Socialdemokraterna,S,Socialnämnden,Förste vice ordförande,omsorg/vård,styre (trol.)
kommun,Kil,Kil,Anders Johansson,anders johansson,Socialdemokraterna,S,Kommunstyrelsen,Ordförande,ledning,styre (trol.)
kommun,Kil,Kil,Irene Lennemyr Winkler,irene lennemyr winkler,Moderaterna,M,Kommunstyrelsen,Andre vice ordförande,ledning,opposition (trol.)
kommun,Kil,Kil,Kenneth Bengtsson,kenneth bengtsson,Centerpartiet,C,Kommunstyrelsen,Förste vice ordförande,ledning,styre (trol.)
kommun,Kinda,Kinda,Christian Nordin Olsson,christian nordin olsson,Sverigedemokraterna,SD,Kommunstyrelsen,Andre vice ordförande,ledning,opposition (trol.)
kommun,Kinda,Kinda,Hans Måhagen,hans mahagen,Socialdemokraterna,S,Kommunstyrelsen,Förste vice ordförande,ledning,styre (trol.)
kommun,Kinda,Kinda,Katharina Segerstéen,katharina segersteen,Moderaterna,M,Kommunstyrelsen,Ordförande,ledning,styre (trol.)
kommun,Kinda,Kinda,Mona Damm,mona damm,Moderaterna,M,Vård- och omsorgsnämnden,Förste vice ordförande,omsorg/vård,styre (trol.)
kommun,Kinda,Kinda,Torbjörn Holmqvist,torbjorn holmqvist,Socialdemokraterna,S,Vård- och omsorgsnämnden,Ordförande,omsorg/vård,styre (trol.)
kommun,Kinda,Kinda,Wolldurf Skallbom,wolldurf skallbom,Sverigedemokraterna,SD,Vård- och omsorgsnämnden,Andre vice ordförande,omsorg/vård,opposition (trol.)
kommun,Klippan,Klippan,Anna Andresen,anna andresen,Moderaterna,M,Kommunstyrelsen,Ordförande,ledning,styre (trol.)
kommun,Klippan,Klippan,Johan Petersson,johan petersson,Socialdemokraterna,S,Kommunstyrelsen,Andre vice ordförande,ledning,opposition (trol.)
kommun,Klippan,Klippan,Paul Gustafsson,paul gustafsson,Socialdemokraterna,S,Socialnämnd,Andre vice ordförande,omsorg/vård,opposition (trol.)
kommun,Klippan,Klippan,Helena Dådring,helena dadring,Vår Framtid Klippan,Vår Framtid Klippan,Barn- och utbildningsnämnd,Förste vice ordförande,utbildning,styre (trol.)
kommun,Klippan,Klippan,Tonny Svensson,tonny svensson,Moderaterna,M,Barn- och utbildningsnämnd,Andre vice ordförande,utbildning,opposition (trol.)
kommun,Knivsta,Knivsta,Gunnar Orméus,gunnar ormeus,Socialdemokraterna,S,Socialnämnd,2:e vice ordförande,omsorg/vård,opposition (trol.)
kommun,Knivsta,Knivsta,Monika Lövgren,monika lovgren,Sverigedemokraterna,SD,Socialnämnd,1:e vice ordförande,omsorg/vård,styre (trol.)
kommun,Knivsta,Knivsta,Oscar Hahne,oscar hahne,Kristdemokraterna,KD,Socialnämnd,Ordförande,omsorg/vård,styre (trol.)
kommun,Knivsta,Knivsta,Bengt-Ivar Fransson,bengt-ivar fransson,Moderaterna,M,Utbildningsnämnd,2:e vice ordförande,utbildning,opposition (trol.)
kommun,Knivsta,Knivsta,Pierre Janson,pierre janson,Knivsta.Nu,Knivsta.Nu,Utbildningsnämnd,Ordförande,utbildning,styre (trol.)
kommun,Knivsta,Knivsta,Thomas Malmer,thomas malmer,Kristdemokraterna,KD,Utbildningsnämnd,1:e vice ordförande,utbildning,styre (trol.)
kommun,Kramfors,Kramfors,Amanda Karlsson,amanda karlsson,Moderaterna,M,Kommunstyrelsen,Andre vice ordförande,ledning,opposition (trol.)
kommun,Kramfors,Kramfors,Jon Björkman,jon bjorkman,Vänsterpartiet,V,Kommunstyrelsen,Förste vice ordförande,ledning,styre (trol.)
kommun,Kramfors,Kramfors,Malin Svanholm,malin svanholm,Socialdemokraterna,S,Kommunstyrelsen,Ordförande,ledning,styre (trol.)
kommun,Kristianstad,Kristianstad,Camilla Palm,camilla palm,Moderaterna,M,Kommunstyrelsen,Ordförande,ledning,styre (trol.)
kommun,Kristianstad,Kristianstad,Ian Fernheden,ian fernheden,Sverigedemokraterna,SD,Kommunstyrelsen,Förste vice ordförande,ledning,styre (trol.)
kommun,Kristianstad,Kristianstad,Ulrika Tollgren,ulrika tollgren,Socialdemokraterna,S,Kommunstyrelsen,Andre vice ordförande,ledning,opposition (trol.)
kommun,Kristianstad,Kristianstad,Håkan Englund,hakan englund,Sverigedemokraterna,SD,Omsorgsnämnden,Förste vice ordförande,omsorg/vård,styre (trol.)
kommun,Kristianstad,Kristianstad,Kristina Lindbåge,kristina lindbage,Socialdemokraterna,S,Omsorgsnämnden,Andre vice ordförande,omsorg/vård,opposition (trol.)
kommun,Kristianstad,Kristianstad,Michael Anefur,michael anefur,Kristdemokraterna,KD,Omsorgsnämnden,Ordförande,omsorg/vård,styre (trol.)
kommun,Kristianstad,Kristianstad,Fia Rosenstråle,fia rosenstrale,Sverigedemokraterna,SD,Barn- och utbildningsnämnden,Förste vice ordförande,utbildning,styre (trol.)
kommun,Kristianstad,Kristianstad,Monika Åängasköld,monika aangaskold,Moderaterna,M,Barn- och utbildningsnämnden,Ordförande,utbildning,styre (trol.)
kommun,Kristianstad,Kristianstad,Sabina Månsson Hultgren,sabina mansson hultgren,Socialdemokraterna,S,Barn- och utbildningsnämnden,Andre vice ordförande,utbildning,opposition (trol.)
kommun,Krokom,Krokom,Carl-Oscar Fransson,carl-oscar fransson,Moderaterna,M,Kommunstyrelsen,Förste vice ordförande,ledning,styre (trol.)
kommun,Krokom,Krokom,Karin Jonsson,karin jonsson,Centerpartiet,C,Kommunstyrelsen,Andre vice ordförande,ledning,opposition (trol.)
kommun,Krokom,Krokom,Maria Jacobsson,maria jacobsson,Socialdemokraterna,S,Kommunstyrelsen,Ordförande,ledning,styre (trol.)
kommun,Krokom,Krokom,Andreas Karlsson,andreas karlsson,Centerpartiet,C,Socialnämnden,Andre vice ordförande,omsorg/vård,opposition (trol.)
kommun,Krokom,Krokom,Gunnel Persson Westin,gunnel persson westin,Socialdemokraterna,S,Socialnämnden,Ordförande,omsorg/vård,styre (trol.)
kommun,Krokom,Krokom,Rasmus Ericsson,rasmus ericsson,Kristdemokraterna,KD,Socialnämnden,Förste vice ordförande,omsorg/vård,styre (trol.)
kommun,Krokom,Krokom,Edvin Moberg,edvin moberg,Moderaterna,M,Barn- och utbildningsnämnden,Ordförande,utbildning,styre (trol.)
kommun,Krokom,Krokom,Ingrid Zakrisson,ingrid zakrisson,Centerpartiet,C,Barn- och utbildningsnämnden,Andre vice ordförande,utbildning,opposition (trol.)
kommun,Krokom,Krokom,Jenny Palin,jenny palin,Socialdemokraterna,S,Barn- och utbildningsnämnden,Förste vice ordförande,utbildning,styre (trol.)
kommun,Kumla,Kumla,Annica Sjöqvist,annica sjoqvist,Socialdemokraterna,S,Socialnämnd,Ordförande,omsorg/vård,styre (trol.)
kommun,Kumla,Kumla,Jan Engman,jan engman,Centerpartiet,C,Socialnämnd,Andre vice ordförande,omsorg/vård,opposition (trol.)
kommun,Kumla,Kumla,Margareta Engman,margareta engman,Moderaterna,M,Socialnämnd,Förste vice ordförande,omsorg/vård,styre (trol.)
kommun,Kungsbacka,Kungsbacka,Ermin Skoric,ermin skoric,Socialdemokraterna,S,Nämnden för Vård & Omsorg,Andre vice ordförande,omsorg/vård,opposition (trol.)
kommun,Kungsbacka,Kungsbacka,Hravn Forsne,hravn forsne,Moderaterna,M,Nämnden för Vård & Omsorg,Ordförande,omsorg/vård,styre (trol.)
kommun,Kungsbacka,Kungsbacka,Maj-Britt Rane Andersson,maj-britt rane andersson,Socialdemokraterna,S,Nämnden för Individ & Familjeomsorg,Andre vice ordförande,omsorg/vård,opposition (trol.)
kommun,Kungsbacka,Kungsbacka,Marianne Pleijel,marianne pleijel,Moderaterna,M,Nämnden för Individ & Familjeomsorg,Förste vice ordförande,omsorg/vård,styre (trol.)
kommun,Kungsbacka,Kungsbacka,Monica Neptun,monica neptun,Liberalerna,L,Nämnden för Vård & Omsorg,Förste vice ordförande,omsorg/vård,styre (trol.)
kommun,Kungsbacka,Kungsbacka,Tommy Rydfeldt,tommy rydfeldt,Liberalerna,L,Nämnden för Individ & Familjeomsorg,Ordförande,omsorg/vård,styre (trol.)
kommun,Kungälv,Kungälv,Anders Holmensköld,anders holmenskold,Moderaterna,M,Kommunstyrelsen,Förste vice ordförande,ledning,styre (trol.)
kommun,Kungälv,Kungälv,Gun-Marie Daun,gun-marie daun,Kristdemokraterna,KD,Kommunstyrelsen,Andre vice ordförande,ledning,opposition (trol.)
kommun,Kungälv,Kungälv,Jesper Eneroth,jesper eneroth,Socialdemokraterna,S,Kommunstyrelsen,Ordförande,ledning,styre (trol.)
kommun,Kävlinge,Kävlinge,Annsofie Thuresson,annsofie thuresson,Moderaterna,M,Kommunstyrelsen,Ordförande,ledning,styre (trol.)
kommun,Kävlinge,Kävlinge,Ingvar Willexberg,ingvar willexberg,Socialdemokraterna,S,Kommunstyrelsen,Andre vice ordförande,ledning,opposition (trol.)
kommun,Kävlinge,Kävlinge,Johan Douglies,johan douglies,Moderaterna,M,Kommunstyrelsen,Förste vice ordförande,ledning,styre (trol.)
kommun,Kävlinge,Kävlinge,Anna Elmvik,anna elmvik,Moderaterna,M,Omsorgsnämnden,Förste vice ordförande,omsorg/vård,styre (trol.)
kommun,Kävlinge,Kävlinge,Jimmy Runesson,jimmy runesson,Socialdemokraterna,S,Omsorgsnämnden,Andre vice ordförande,omsorg/vård,opposition (trol.)
kommun,Kävlinge,Kävlinge,Patrik Bengtsson,patrik bengtsson,Moderaterna,M,Omsorgsnämnden,Ordförande,omsorg/vård,styre (trol.)
kommun,Kävlinge,Kävlinge,Markus Nordqvist,markus nordqvist,Socialdemokraterna,S,Utbildningsnämnden,Andre vice ordförande,utbildning,opposition (trol.)
kommun,Kävlinge,Kävlinge,Sofia Lindblom,sofia lindblom,Moderaterna,M,Utbildningsnämnden,Ordförande,utbildning,styre (trol.)
kommun,Kävlinge,Kävlinge,Thomas Salomon,thomas salomon,Sverigedemokraterna,SD,Utbildningsnämnden,Förste vice ordförande,utbildning,styre (trol.)
kommun,Landskrona,Landskrona,Annika Segerlund,annika segerlund,Moderaterna,M,Kommunalråd,Kommunalråd,ledning,styre (trol.)
kommun,Landskrona,Landskrona,Annika Segerlund,annika segerlund,Moderaterna,M,Kommunstyrelsen,Förste vice ordförande,ledning,styre (trol.)
kommun,Landskrona,Landskrona,Elvir Mesanovic,elvir mesanovic,Miljöpartiet,Miljöpartiet,Kommunalråd,Kommunalråd,ledning,styre (trol.)
kommun,Landskrona,Landskrona,Fatmir Azemi,fatmir azemi,Socialdemokraterna,S,Kommunalråd,Kommunalråd,ledning,styre (trol.)
kommun,Landskrona,Landskrona,Fatmir Azemi,fatmir azemi,Socialdemokraterna,S,Kommunstyrelsens struktur och klimatfond,Förste vice ordförande,ledning,styre (trol.)
kommun,Landskrona,Landskrona,Stefan Olsson,stefan olsson,-,-,Kommunalråd,Kommunalråd,ledning,styre (trol.)
kommun,Landskrona,Landskrona,Stefan Olsson,stefan olsson,-,-,Kommunstyrelsen,Andre vice ordförande,ledning,opposition (trol.)
kommun,Landskrona,Landskrona,Torkild Strandberg,torkild strandberg,Liberalerna,L,Kommunalråd,Kommunalråd,ledning,styre (trol.)
kommun,Landskrona,Landskrona,Torkild Strandberg,torkild strandberg,Liberalerna,L,Kommunstyrelsen,Ordförande,ledning,styre (trol.)
kommun,Landskrona,Landskrona,Torkild Strandberg,torkild strandberg,Liberalerna,L,Kommunstyrelsens struktur och klimatfond,Ordförande,ledning,styre (trol.)
kommun,Landskrona,Landskrona,Annette Lindberg Mohlin,annette lindberg mohlin,Liberalerna,L,Omsorgsnämnden,Ordförande,omsorg/vård,styre (trol.)
kommun,Landskrona,Landskrona,Eva Örtegren,eva ortegren,Socialdemokraterna,S,Omsorgsnämnden,Andre vice ordförande,omsorg/vård,opposition (trol.)
kommun,Landskrona,Landskrona,Hans Raita,hans raita,Moderaterna,M,Omsorgsnämnden,Förste vice ordförande,omsorg/vård,styre (trol.)
kommun,Landskrona,Landskrona,Daniel Petersson,daniel petersson,Sverigedemokraterna,SD,Utbildningsnämnden,Andre vice ordförande,utbildning,opposition (trol.)
kommun,Landskrona,Landskrona,Ervisa Dani,ervisa dani,Liberalerna,L,Utbildningsnämnden,Ordförande,utbildning,styre (trol.)
kommun,Landskrona,Landskrona,Johan Sten,johan sten,Moderaterna,M,Utbildningsnämnden,Förste vice ordförande,utbildning,styre (trol.)
kommun,Lekeberg,Lekeberg,Berth Falk,berth falk,Socialdemokraterna,S,Kommunstyrelsen,Andre vice ordförande,ledning,opposition (trol.)
kommun,Lekeberg,Lekeberg,Caroline Elfors,caroline elfors,Moderaterna,M,Kommunstyrelsen,Ordförande,ledning,styre (trol.)
kommun,Lekeberg,Lekeberg,Peter Strömberg,peter stromberg,Moderaterna,M,Kommunstyrelsen,Förste vice ordförande,ledning,styre (trol.)
kommun,Lekeberg,Lekeberg,Harriet Östgren,harriet ostgren,Moderaterna,M,Socialnämnden,Ordförande,omsorg/vård,styre (trol.)
kommun,Lekeberg,Lekeberg,Jonas Hansen,jonas hansen,Kristdemokraterna,KD,Socialnämnden,Förste vice ordförande,omsorg/vård,styre (trol.)
kommun,Lekeberg,Lekeberg,Yvonne Hagström,yvonne hagstrom,Socialdemokraterna,S,Socialnämnden,Andre vice ordförande,omsorg/vård,opposition (trol.)
kommun,Lekeberg,Lekeberg,Berth Falk,berth falk,Socialdemokraterna,S,Barn- och utbildningsnämnden,Andre vice ordförande,utbildning,opposition (trol.)
kommun,Lekeberg,Lekeberg,Caroline Carlvier,caroline carlvier,Moderaterna,M,Barn- och utbildningsnämnden,Ordförande,utbildning,styre (trol.)
kommun,Lekeberg,Lekeberg,Joel Olsson,joel olsson,Kristdemokraterna,KD,Barn- och utbildningsnämnden,Förste vice ordförande,utbildning,styre (trol.)
kommun,Leksand,Leksand,Johan Fändriks,johan fandriks,Bygdepartiet,Bygdepartiet,Kommunstyrelsen,Andre vice ordförande,ledning,opposition (trol.)
kommun,Leksand,Leksand,Sebastian Larsson,sebastian larsson,Moderaterna,M,Kommunstyrelsen,Ordförande,ledning,styre (trol.)
kommun,Leksand,Leksand,Viktor Zakrisson,viktor zakrisson,Socialdemokraterna,S,Kommunstyrelsen,Förste vice ordförande,ledning,styre (trol.)
kommun,Lerum,Lerum,Anette Holgersson,anette holgersson,Vänsterpartiet,V,Kommunstyrelsen,Andre vice ordförande,ledning,opposition (trol.)
kommun,Lerum,Lerum,Renée Bengtsson,renee bengtsson,Socialdemokraterna,S,Kommunstyrelsen,Förste vice ordförande,ledning,styre (trol.)
kommun,Lerum,Lerum,Viktor Lundblad,viktor lundblad,Moderaterna,M,Kommunstyrelsen,Ordförande,ledning,styre (trol.)
kommun,Lerum,Lerum,Aiki Atka,aiki atka,Sverigedemokraterna,SD,Stöd- och omsorgsnämnden,Andre vice ordförande,omsorg/vård,opposition (trol.)
kommun,Lerum,Lerum,Jon Haraldsson,jon haraldsson,Socialdemokraterna,S,Stöd- och omsorgsnämnden,Ordförande,omsorg/vård,styre (trol.)
kommun,Lerum,Lerum,Lisa Fors,lisa fors,Moderaterna,M,Stöd- och omsorgsnämnden,Förste vice ordförande,omsorg/vård,styre (trol.)
kommun,Lerum,Lerum,Maria Bergstedt,maria bergstedt,Moderaterna,M,Utbildningsnämnden,Förste vice ordförande,utbildning,styre (trol.)
kommun,Lerum,Lerum,Renée Bengtsson,renee bengtsson,Socialdemokraterna,S,Utbildningsnämnden,Ordförande,utbildning,styre (trol.)
kommun,Lerum,Lerum,Viktoria Lindberg Martinell,viktoria lindberg martinell,Liberalerna,L,Utbildningsnämnden,Andre vice ordförande,utbildning,opposition (trol.)
kommun,Lessebo,Lessebo,Joachim Danielsson,joachim danielsson,Socialdemokraterna,S,Socialnämnden,Ordförande,omsorg/vård,styre (trol.)
kommun,Lessebo,Lessebo,Marie Walfridsson,marie walfridsson,Centerpartiet,C,Socialnämnden,Förste vice ordförande,omsorg/vård,styre (trol.)
kommun,Lessebo,Lessebo,Andreas Eidevåg,andreas eidevag,Socialdemokraterna,S,Barn- och utbildningsnämnden,Ordförande,utbildning,styre (trol.)
kommun,Lessebo,Lessebo,Susanne Seluska,susanne seluska,Vänsterpartiet,V,Barn- och utbildningsnämnden,Förste vice ordförande,utbildning,styre (trol.)
kommun,Lidingö,Lidingö,Anders Paulsen,anders paulsen,Lidingöpartiet,Lidingöpartiet,Kommunstyrelsen,vice ordförande,ledning,styre (trol.)
kommun,Lidingö,Lidingö,Daniel Källenfors,daniel kallenfors,Moderaterna,M,Kommunstyrelsen,ordförande,ledning,styre (trol.)
kommun,Lidingö,Lidingö,Peter Lönnqvist,peter lonnqvist,Moderaterna,M,Omsorgs- och socialnämnden,ordförande,omsorg/vård,styre (trol.)
kommun,Lidingö,Lidingö,Ulf Cederin,ulf cederin,Lidingöpartiet,Lidingöpartiet,Omsorgs- och socialnämnden,vice ordförande,omsorg/vård,styre (trol.)
kommun,Lidingö,Lidingö,Björn Rosén,bjorn rosen,Lidingöpartiet,Lidingöpartiet,Utbildningsnämnden,vice ordförande,utbildning,styre (trol.)
kommun,Lidingö,Lidingö,Christer Mohlin,christer mohlin,Moderaterna,M,Utbildningsnämnden,ordförande,utbildning,styre (trol.)
kommun,Lidköping,Lidköping,Frida Nilsson,frida nilsson,Centerpartiet,C,Kommunstyrelsen,Förste vice ordförande,ledning,styre (trol.)
kommun,Lidköping,Lidköping,Gustav Edvinsson,gustav edvinsson,Socialdemokraterna,S,Kommunstyrelsen,Ordförande,ledning,styre (trol.)
kommun,Lidköping,Lidköping,Mats Joräng,mats jorang,Moderaterna,M,Kommunstyrelsen,Andre vice ordförande,ledning,opposition (trol.)
kommun,Lilla Edet,Lilla Edet,Frej Dristig,frej dristig,Sverigedemokraterna,SD,Kommunstyrelsen,Förste vice ordförande,ledning,styre (trol.)
kommun,Lilla Edet,Lilla Edet,Julia Färjhage,julia farjhage,Centerpartiet,C,Kommunstyrelsen,Ordförande,ledning,styre (trol.)
kommun,Lilla Edet,Lilla Edet,Niclas Ahlberg,niclas ahlberg,Sverigedemokraterna,SD,Socialnämnden,Förste vice ordförande,omsorg/vård,styre (trol.)
kommun,Lilla Edet,Lilla Edet,Zara Blidevik,zara blidevik,Moderaterna,M,Socialnämnden,Ordförande,omsorg/vård,styre (trol.)
kommun,Lindesberg,Lindesberg,Tom Persson,tom persson,Sverigedemokraterna,SD,Kommunstyrelsen,Förste vice ordförande,ledning,styre (trol.)
kommun,Lindesberg,Lindesberg,Tomas Klockars,tomas klockars,Moderaterna,M,Kommunstyrelsen,Ordförande,ledning,styre (trol.)
kommun,Lindesberg,Lindesberg,Monika Klockars,monika klockars,Moderaterna,M,Socialnämnden,Förste vice ordförande,omsorg/vård,styre (trol.)
kommun,Lindesberg,Lindesberg,Tom Persson,tom persson,Sverigedemokraterna,SD,Socialnämnden,Ordförande,omsorg/vård,styre (trol.)
kommun,Lindesberg,Lindesberg,Lillemor Bodman,lillemor bodman,Moderaterna,M,Barn- och utbildningsnämnden,Ordförande,utbildning,styre (trol.)
kommun,Lindesberg,Lindesberg,Roseel Siewersdotter,roseel siewersdotter,-,-,Barn- och utbildningsnämnden,Förste vice ordförande,utbildning,styre (trol.)
kommun,Linköping,Linköping,Kristina Edlund,kristina edlund,Socialdemokraterna,S,Kommunstyrelsen,Ordförande,ledning,styre (trol.)
kommun,Linköping,Linköping,Lars Vikinge,lars vikinge,Centerpartiet,C,Kommunstyrelsen,Andre vice ordförande,ledning,opposition (trol.)
kommun,Linköping,Linköping,Niklas Borg,niklas borg,Moderaterna,M,Kommunstyrelsen,Förste vice ordförande,ledning,styre (trol.)
kommun,Linköping,Linköping,Annika Krutzén,annika krutzen,Moderaterna,M,Social- och omsorgsnämnden,Ordförande,omsorg/vård,styre (trol.)
kommun,Linköping,Linköping,Emelie Gustafsson,emelie gustafsson,Centerpartiet,C,Social- och omsorgsnämnden,Förste vice ordförande,omsorg/vård,styre (trol.)
kommun,Linköping,Linköping,Jonatan Hermansson,jonatan hermansson,Socialdemokraterna,S,Vård- och äldreomsorgsnämnden,Ordförande,omsorg/vård,styre (trol.)
kommun,Linköping,Linköping,Sofia Frithioff,sofia frithioff,Vänsterpartiet,V,Vård- och äldreomsorgsnämnden,Förste vice ordförande,omsorg/vård,styre (trol.)
kommun,Linköping,Linköping,Elias Hammarlund Aguirre,elias hammarlund aguirre,Socialdemokraterna,S,Barn- och ungdomsnämnden,Ordförande,utbildning,styre (trol.)
kommun,Linköping,Linköping,Maria Esbjörnsson Lakatos,maria esbjornsson lakatos,LinköpingsListan,LinköpingsListan,Barn- och ungdomsnämnden,Förste vice ordförande,utbildning,styre (trol.)
kommun,Ljungby,Ljungby,Anne Karlsson,anne karlsson,Socialdemokraterna,S,Kommunstyrelsen,Andre vice ordförande,ledning,opposition (trol.)
kommun,Ljungby,Ljungby,Lars-Ove Johansson,lars-ove johansson,Centerpartiet,C,Kommunstyrelsen,Förste vice ordförande,ledning,styre (trol.)
kommun,Ljungby,Ljungby,Magnus Gunnarsson,magnus gunnarsson,Moderaterna,M,Kommunstyrelsen,Ordförande,ledning,styre (trol.)
kommun,Ljungby,Ljungby,Anneli Ahlkvist,anneli ahlkvist,Centerpartiet,C,Socialnämnden,Förste vice ordförande,omsorg/vård,styre (trol.)
kommun,Ljungby,Ljungby,Håkan Bengtsson,hakan bengtsson,Socialdemokraterna,S,Socialnämnden,Andre vice ordförande,omsorg/vård,opposition (trol.)
kommun,Ljungby,Ljungby,Kristian Gunnarsson,kristian gunnarsson,Moderaterna,M,Socialnämnden,Ordförande,omsorg/vård,styre (trol.)
kommun,Ljungby,Ljungby,Emil Torstensson,emil torstensson,Kristdemokraterna,KD,Barn- och utbildningsnämnd,Förste vice ordförande,utbildning,styre (trol.)
kommun,Ljungby,Ljungby,Liselott Åhlander,liselott ahlander,Socialdemokraterna,S,Barn- och utbildningsnämnd,Andre vice ordförande,utbildning,opposition (trol.)
kommun,Ljungby,Ljungby,Marcus Walldén,marcus wallden,Moderaterna,M,Barn- och utbildningsnämnd,Ordförande,utbildning,styre (trol.)
kommun,Ljusnarsberg,Ljusnarsberg,Charlotta Kronberg,charlotta kronberg,Socialdemokraterna,S,Kommunstyrelsen,Förste vice ordförande,ledning,styre (trol.)
kommun,Ljusnarsberg,Ljusnarsberg,Daniel Johansson,daniel johansson,Moderaterna,M,Kommunstyrelsen,Andre vice ordförande,ledning,opposition (trol.)
kommun,Ljusnarsberg,Ljusnarsberg,Natalie Hart,natalie hart,Socialdemokraterna,S,Kommunstyrelsen,Ordförande,ledning,styre (trol.)
kommun,Lomma,Lomma,Aron Regnéll,aron regnell,Moderaterna,M,Kommunstyrelsen,Förste vice ordförande,ledning,styre (trol.)
kommun,Lomma,Lomma,Per Bengtsson,per bengtsson,Socialdemokraterna,S,Kommunstyrelsen,Andre vice ordförande,ledning,opposition (trol.)
kommun,Lomma,Lomma,Robert Wenglén,robert wenglen,Moderaterna,M,Kommunstyrelsen,Ordförande,ledning,styre (trol.)
kommun,Lomma,Lomma,Ingrid Strömgren,ingrid stromgren,Moderaterna,M,Socialnämnden,Förste vice ordförande,omsorg/vård,styre (trol.)
kommun,Lomma,Lomma,Jens Thystrup,jens thystrup,Moderaterna,M,Socialnämnden,Ordförande,omsorg/vård,styre (trol.)
kommun,Lomma,Lomma,Pia Johnson,pia johnson,Socialdemokraterna,S,Socialnämnden,Andre vice ordförande,omsorg/vård,opposition (trol.)
kommun,Lomma,Lomma,Fredrik Karström,fredrik karstrom,Moderaterna,M,Barn och utbildningsnämnden,Ordförande,utbildning,styre (trol.)
kommun,Lomma,Lomma,Leslie Qvandrup,leslie qvandrup,Moderaterna,M,Barn och utbildningsnämnden,Förste vice ordförande,utbildning,styre (trol.)
kommun,Lomma,Lomma,Thomas Eneström,thomas enestrom,Socialdemokraterna,S,Barn och utbildningsnämnden,Andre vice ordförande,utbildning,opposition (trol.)
kommun,Ludvika,Ludvika,HåGe Persson,hage persson,Moderaterna,M,Kommunstyrelsen,Förste vice ordförande,ledning,styre (trol.)
kommun,Ludvika,Ludvika,Leif Pettersson,leif pettersson,Socialdemokraterna,S,Kommunstyrelsen,Ordförande,ledning,styre (trol.)
kommun,Ludvika,Ludvika,Sarah Hjälm,sarah hjalm,Centerpartiet,C,Kommunstyrelsen,Andre vice ordförande,ledning,opposition (trol.)
kommun,Ludvika,Ludvika,Helena Karlsson,helena karlsson,Moderaterna,M,Vård- och omsorgsnämnden,Förste vice ordförande,omsorg/vård,styre (trol.)
kommun,Ludvika,Ludvika,Lars Handegard,lars handegard,Vänsterpartiet,V,Vård- och omsorgsnämnden,Andre vice ordförande,omsorg/vård,opposition (trol.)
kommun,Ludvika,Ludvika,Åsa Bergkvist,asa bergkvist,Socialdemokraterna,S,Vård- och omsorgsnämnden,Ordförande,omsorg/vård,styre (trol.)
kommun,Ludvika,Ludvika,Henrik Samdahl,henrik samdahl,Socialdemokraterna,S,Social- och utbildningsnämnden,Förste vice ordförande,utbildning,styre (trol.)
kommun,Ludvika,Ludvika,Håkan Frank,hakan frank,Moderaterna,M,Social- och utbildningsnämnden,Ordförande,utbildning,styre (trol.)
kommun,Ludvika,Ludvika,Yngve Thorné,yngve thorne,Centerpartiet,C,Social- och utbildningsnämnden,Andre vice ordförande,utbildning,opposition (trol.)
kommun,Luleå,Luleå,Carina Sammeli,carina sammeli,Socialdemokraterna,S,Kommunstyrelsen,Ordförande,ledning,styre (trol.)
kommun,Luleå,Luleå,Fredrik Hansson,fredrik hansson,Socialdemokraterna,S,Kommunstyrelsen,Förste vice ordförande,ledning,styre (trol.)
kommun,Luleå,Luleå,Matti Björk,matti bjork,Moderaterna,M,Kommunstyrelsen,Andre vice ordförande,ledning,opposition (trol.)
kommun,Luleå,Luleå,Bodil Wennerbrandt Sevastik,bodil wennerbrandt sevastik,Socialdemokraterna,S,Socialnämnden,Ordförande,omsorg/vård,styre (trol.)
kommun,Luleå,Luleå,Carola Lidén,carola liden,Centerpartiet,C,Socialnämnden,Andre vice ordförande,omsorg/vård,opposition (trol.)
kommun,Luleå,Luleå,Sara Hjälte,sara hjalte,Vänsterpartiet,V,Socialnämnden,Förste vice ordförande,omsorg/vård,styre (trol.)
kommun,Luleå,Luleå,Arne Nykänen,arne nykanen,Centerpartiet,C,Barn- och utbildningsnämnden,Förste vice ordförande,utbildning,styre (trol.)
kommun,Luleå,Luleå,Fredrik Bruhn,fredrik bruhn,Socialdemokraterna,S,Arbetsmarknads- och gymnasienämnden,Ordförande,utbildning,styre (trol.)
kommun,Luleå,Luleå,Maritha Meethz,maritha meethz,Socialdemokraterna,S,Barn- och utbildningsnämnden,Ordförande,utbildning,styre (trol.)
kommun,Luleå,Luleå,Thomas Söderström,thomas soderstrom,Liberalerna,L,Arbetsmarknads- och gymnasienämnden,Förste vice ordförande,utbildning,styre (trol.)
kommun,Lund,Lund,Anders Almgren,anders almgren,Socialdemokraterna,S,Kommunstyrelsen,Ordförande,ledning,styre (trol.)
kommun,Lund,Lund,Christoffer Karlsson,christoffer karlsson,Liberalerna,L,Kommunstyrelsen,Andre vice ordförande,ledning,opposition (trol.)
kommun,Lund,Lund,Rasmus Törnblom,rasmus tornblom,Moderaterna,M,Kommunstyrelsen,Förste vice ordförande,ledning,styre (trol.)
kommun,Lund,Lund,Adrian Kasperczyk,adrian kasperczyk,Liberalerna,L,Arbetsmarknads- och socialnämnden,Andre vice ordförande,omsorg/vård,opposition (trol.)
kommun,Lund,Lund,Amanda Thonander,amanda thonander,Moderaterna,M,Arbetsmarknads- och socialnämnden,Ordförande,omsorg/vård,styre (trol.)
kommun,Lund,Lund,Ann-Margreth Olsson,ann-margreth olsson,Socialdemokraterna,S,Arbetsmarknads- och socialnämnden,Förste vice ordförande,omsorg/vård,styre (trol.)
kommun,Lund,Lund,Christoffer Akej,christoffer akej,Moderaterna,M,Vård- och omsorgsnämnden,Ordförande,omsorg/vård,styre (trol.)
kommun,Lund,Lund,Elin Engdahl,elin engdahl,Socialdemokraterna,S,Vård- och omsorgsnämnden,Förste vice ordförande,omsorg/vård,styre (trol.)
kommun,Lund,Lund,Inga-Kerstin Eriksson,inga-kerstin eriksson,Centerpartiet,C,Vård- och omsorgsnämnden,Andre vice ordförande,omsorg/vård,opposition (trol.)
kommun,Lund,Lund,Alexander Lewerentz,alexander lewerentz,Moderaterna,M,Barn- och skolnämnden,Förste vice ordförande,utbildning,styre (trol.)
kommun,Lund,Lund,Jessica Ulfgren,jessica ulfgren,Liberalerna,L,Barn- och skolnämnden,Andre vice ordförande,utbildning,opposition (trol.)
kommun,Lund,Lund,Mattias Olsson,mattias olsson,Socialdemokraterna,S,Barn- och skolnämnden,Ordförande,utbildning,styre (trol.)
kommun,Lund,Lund,My Lilja,my lilja,Socialdemokraterna,S,Utbildningsnämnden,Ordförande,utbildning,styre (trol.)
kommun,Lund,Lund,Ronny Johannessen,ronny johannessen,Kristdemokraterna,KD,Utbildningsnämnden,Förste vice ordförande,utbildning,styre (trol.)
kommun,Lund,Lund,Shahad Lund,shahad lund,Miljöpartiet,Miljöpartiet,Utbildningsnämnden,Andre vice ordförande,utbildning,opposition (trol.)
kommun,Lycksele,Lycksele,Ann-Charlott Liljeström,ann-charlott liljestrom,Socialdemokraterna,S,Kommunstyrelsen,Andre vice ordförande,ledning,opposition (trol.)
kommun,Lycksele,Lycksele,Anna Ackemo,anna ackemo,Moderaterna,M,Kommunstyrelsen,Förste vice ordförande,ledning,styre (trol.)
kommun,Lycksele,Lycksele,Roland Sjögren,roland sjogren,Kristdemokraterna,KD,Kommunstyrelsen,Ordförande,ledning,styre (trol.)
kommun,Lycksele,Lycksele,Ewa Stuge,ewa stuge,Moderaterna,M,Socialnämnd,Ordförande,omsorg/vård,styre (trol.)
kommun,Lycksele,Lycksele,Maria Karlsson,maria karlsson,Socialdemokraterna,S,Socialnämnd,Förste vice ordförande,omsorg/vård,styre (trol.)
kommun,Lycksele,Lycksele,Betty-Ann Nilsson,betty-ann nilsson,Kristdemokraterna,KD,Utbildningsnämnd,Ordförande,utbildning,styre (trol.)
kommun,Lycksele,Lycksele,Lars Ohlsson,lars ohlsson,Socialdemokraterna,S,Utbildningsnämnd,Förste vice ordförande,utbildning,styre (trol.)
kommun,Lysekil,Lysekil,Gunvor Andén-Hanstål,gunvor anden-hanstal,Moderaterna,M,Socialnämnd,Andre vice ordförande,omsorg/vård,opposition (trol.)
kommun,Lysekil,Lysekil,Ricard Söderberg,ricard soderberg,Socialdemokraterna,S,Socialnämnd,Ordförande,omsorg/vård,styre (trol.)
kommun,Lysekil,Lysekil,Wassim Alshasha,wassim alshasha,Vänsterpartiet,V,Socialnämnd,Förste vice ordförande,omsorg/vård,styre (trol.)
kommun,Lysekil,Lysekil,Carol Aristegui,carol aristegui,Vänsterpartiet,V,Utbildningsnämnd,Förste vice ordförande,utbildning,styre (trol.)
kommun,Lysekil,Lysekil,Christina Gustavsson,christina gustavsson,Socialdemokraterna,S,Utbildningsnämnd,Ordförande,utbildning,styre (trol.)
kommun,Lysekil,Lysekil,Christoffer Zakariasson,christoffer zakariasson,Sverigedemokraterna,SD,Utbildningsnämnd,Andre vice ordförande,utbildning,opposition (trol.)
kommun,Malmö,Malmö,Helena Nanne,helena nanne,Moderaterna,M,Kommunstyrelsen,Andre vice ordförande,ledning,opposition (trol.)
kommun,Malmö,Malmö,Katrin Stjernfeldt Jammeh,katrin stjernfeldt jammeh,Socialdemokraterna,S,Kommunstyrelsen,Ordförande,ledning,styre (trol.)
kommun,Malmö,Malmö,Stefana Hoti,stefana hoti,Miljöpartiet De Gröna,MP,Kommunstyrelsen,Förste vice ordförande,ledning,styre (trol.)
kommun,Malmö,Malmö,Albin Schyllert,albin schyllert,Moderaterna,M,"Hälsa-, vård- och omsorgsnämnden",Andre vice ordförande,omsorg/vård,opposition (trol.)
kommun,Malmö,Malmö,Anders Rubin,anders rubin,Socialdemokraterna,S,"Hälsa-, vård- och omsorgsnämnden",Ordförande,omsorg/vård,styre (trol.)
kommun,Malmö,Malmö,Bengt Persson,bengt persson,Socialdemokraterna,S,Funktionsstödsnämnden,Förste vice ordförande,omsorg/vård,styre (trol.)
kommun,Malmö,Malmö,Erik Hammarström,erik hammarstrom,Miljöpartiet De Gröna,MP,Arbetsmarknads- och socialnämnden,Förste vice ordförande,omsorg/vård,styre (trol.)
kommun,Malmö,Malmö,Farishta Sulaiman,farishta sulaiman,Moderaterna,M,Arbetsmarknads- och socialnämnden,Andre vice ordförande,omsorg/vård,opposition (trol.)
kommun,Malmö,Malmö,Joel Laguna Ascacivar,joel laguna ascacivar,Liberalerna,L,"Hälsa-, vård- och omsorgsnämnden",Förste vice ordförande,omsorg/vård,styre (trol.)
kommun,Malmö,Malmö,Malin Ahlström,malin ahlstrom,Moderaterna,M,Funktionsstödsnämnden,Andre vice ordförande,omsorg/vård,opposition (trol.)
kommun,Malmö,Malmö,Roko Kursar,roko kursar,Liberalerna,L,Funktionsstödsnämnden,Ordförande,omsorg/vård,styre (trol.)
kommun,Malmö,Malmö,Sedat Arif,sedat arif,Socialdemokraterna,S,Arbetsmarknads- och socialnämnden,Ordförande,omsorg/vård,styre (trol.)
kommun,Malmö,Malmö,John Eklöf,john eklof,Moderaterna,M,Grundskolenämnden,Andre vice ordförande,utbildning,opposition (trol.)
kommun,Malmö,Malmö,John Roslund,john roslund,Sverigedemokraterna,SD,Gymnasie- och vuxenutbildningsnämnden,Andre vice ordförande,utbildning,opposition (trol.)
kommun,Malmö,Malmö,Juan-Tadeo Espitia,juan-tadeo espitia,Socialdemokraterna,S,Gymnasie- och vuxenutbildningsnämnden,Ordförande,utbildning,styre (trol.)
kommun,Malmö,Malmö,Mohamed Yassin,mohamed yassin,Miljöpartiet De Gröna,MP,Förskolenämnden,Ordförande,utbildning,styre (trol.)
kommun,Malmö,Malmö,Mubarik Abdirahman,mubarik abdirahman,Socialdemokraterna,S,Grundskolenämnden,Förste vice ordförande,utbildning,styre (trol.)
kommun,Malmö,Malmö,Narcis Spahovic,narcis spahovic,Liberalerna,L,Gymnasie- och vuxenutbildningsnämnden,Förste vice ordförande,utbildning,styre (trol.)
kommun,Malmö,Malmö,Pernilla Röjner,pernilla rojner,Moderaterna,M,Förskolenämnden,Andre vice ordförande,utbildning,opposition (trol.)
kommun,Malmö,Malmö,Sara Wettergren,sara wettergren,Liberalerna,L,Grundskolenämnden,Ordförande,utbildning,styre (trol.)
kommun,Malmö,Malmö,Zinaida Kajevic,zinaida kajevic,Socialdemokraterna,S,Förskolenämnden,Förste vice ordförande,utbildning,styre (trol.)
kommun,Malå,Malå,Cecilia Festin Stenlund,cecilia festin stenlund,Liberalerna,L,Kommunstyrelsen,Ordförande,ledning,styre (trol.)
kommun,Malå,Malå,Kristian Priemel,kristian priemel,Vänsterpartiet,V,Kommunstyrelsen,Förste vice ordförande,ledning,styre (trol.)
kommun,Malå,Malå,Anna-Stina Bergström,anna-stina bergstrom,Vänsterpartiet,V,Socialnämnden,Ordförande,omsorg/vård,styre (trol.)
kommun,Malå,Malå,Jill Johansson,jill johansson,Malålistan,Malålistan,Socialnämnden,Förste vice ordförande,omsorg/vård,styre (trol.)
kommun,Malå,Malå,Stefan Lundgren,stefan lundgren,Liberalerna,L,Utbildningsnämnden,Förste vice ordförande,utbildning,styre (trol.)
kommun,Mark,Mark,Tomas Ekberg,tomas ekberg,Moderaterna,M,Kommunstyrelsen,Förste vice ordförande,ledning,styre (trol.)
kommun,Mark,Mark,Ulf Dahlberg,ulf dahlberg,Socialdemokraterna,S,Kommunstyrelsen,Ordförande,ledning,styre (trol.)
kommun,Mark,Mark,Anna-Lena Gunnarson,anna-lena gunnarson,Centerpartiet,C,Socialnämnd,Ordförande,omsorg/vård,styre (trol.)
kommun,Mark,Mark,Jörgen Hagman-Linden,jorgen hagman-linden,Moderaterna,M,Socialnämndens socialutskott,Förste vice ordförande,omsorg/vård,styre (trol.)
kommun,Mark,Mark,Lena Ferm Hansson,lena ferm hansson,Centerpartiet,C,Omsorgsnämnd,Ordförande,omsorg/vård,styre (trol.)
kommun,Mark,Mark,Magnus Lilliecrona,magnus lilliecrona,Moderaterna,M,Socialnämnd,Förste vice ordförande,omsorg/vård,styre (trol.)
kommun,Mark,Mark,Maria Holmberg,maria holmberg,Socialdemokraterna,S,Socialnämndens socialutskott,Ordförande,omsorg/vård,styre (trol.)
kommun,Mark,Mark,Sara Lindwall,sara lindwall,Sverigedemokraterna,SD,Omsorgsnämnd,Förste vice ordförande,omsorg/vård,styre (trol.)
kommun,Mark,Mark,Elise Benjaminsson,elise benjaminsson,Moderaterna,M,Barn- och utbildningsnämnd,Förste vice ordförande,utbildning,styre (trol.)
kommun,Mark,Mark,Elise Benjaminsson,elise benjaminsson,Moderaterna,M,Barn- och utbildningsnämndens arbetsutkott,Förste vice ordförande,utbildning,styre (trol.)
kommun,Mark,Mark,Yasin Abbes,yasin abbes,Socialdemokraterna,S,Barn- och utbildningsnämnd,Ordförande,utbildning,styre (trol.)
kommun,Mark,Mark,Yasin Abbes,yasin abbes,Socialdemokraterna,S,Barn- och utbildningsnämndens arbetsutkott,Ordförande,utbildning,styre (trol.)
kommun,Mjölby,Mjölby,Birgitta Gunnarsson,birgitta gunnarsson,Centerpartiet,C,Kommunstyrelsen,Förste vice ordförande,ledning,styre (trol.)
kommun,Mjölby,Mjölby,Cecilia Burenby,cecilia burenby,Socialdemokraterna,S,Kommunstyrelsen,Ordförande,ledning,styre (trol.)
kommun,Mjölby,Mjölby,Lars-Åke Pettersson,lars-ake pettersson,Moderaterna,M,Kommunstyrelsen,Andre vice ordförande,ledning,opposition (trol.)
kommun,Mjölby,Mjölby,Anna Johansson,anna johansson,Socialdemokraterna,S,Omsorgs- och socialnämnd,Ordförande,omsorg/vård,styre (trol.)
kommun,Mjölby,Mjölby,Claes Samuelsson,claes samuelsson,Centerpartiet,C,Omsorgs- och socialnämnd,Förste vice ordförande,omsorg/vård,styre (trol.)
kommun,Mjölby,Mjölby,Margareta Toorell,margareta toorell,Moderaterna,M,Omsorgs- och socialnämnd,Andre vice ordförande,omsorg/vård,opposition (trol.)
kommun,Mjölby,Mjölby,Gun-Inger Andersson,gun-inger andersson,Liberalerna,L,Utbildningsnämnd,Ordförande,utbildning,styre (trol.)
kommun,Mjölby,Mjölby,Nina Stenmark,nina stenmark,Moderaterna,M,Utbildningsnämnd,Andre vice ordförande,utbildning,opposition (trol.)
kommun,Mjölby,Mjölby,Sara Eriksson,sara eriksson,Socialdemokraterna,S,Utbildningsnämnd,Förste vice ordförande,utbildning,styre (trol.)
kommun,Mora,Mora,Bert Persson,bert persson,Centerpartiet,C,Socialnämnd,Ordförande,omsorg/vård,styre (trol.)
kommun,Mora,Mora,Joakim Turesson,joakim turesson,Moderaterna,M,Socialnämnd,Förste vice ordförande,omsorg/vård,styre (trol.)
kommun,Mora,Mora,Nice Mattsson,nice mattsson,Socialdemokraterna,S,Socialnämnd,Andre vice ordförande,omsorg/vård,opposition (trol.)
kommun,Mora,Mora,Anna Bength,anna bength,Socialdemokraterna,S,För- och grundskolenämnd,Andre vice ordförande,utbildning,opposition (trol.)
kommun,Mora,Mora,Johan Hed,johan hed,Centerpartiet,C,Gemensam gymnasienämnd,Ordförande,utbildning,styre (trol.)
kommun,Mora,Mora,Per Ericson,per ericson,Moderaterna,M,För- och grundskolenämnd,Förste vice ordförande,utbildning,styre (trol.)
kommun,Mora,Mora,Pär-Johan Jönsson,par-johan jonsson,Centerpartiet,C,För- och grundskolenämnd,Ordförande,utbildning,styre (trol.)
kommun,Motala,Motala,Elias Georges,elias georges,Socialdemokraterna,S,Kommunstyrelsen,Andre vice ordförande,ledning,opposition (trol.)
kommun,Motala,Motala,Marcus Lejonqvist,marcus lejonqvist,Sverigedemokraterna,SD,Kommunstyrelsen,Förste vice ordförande,ledning,styre (trol.)
kommun,Motala,Motala,Mark Henriksson,mark henriksson,Moderaterna,M,Kommunstyrelsen,Ordförande,ledning,styre (trol.)
kommun,Motala,Motala,Charlotte Widegren,charlotte widegren,Moderaterna,M,Socialnämnden,Ordförande,omsorg/vård,styre (trol.)
kommun,Motala,Motala,Charlotte Widegren,charlotte widegren,Moderaterna,M,Socialnämndens myndighetsutskott,Ordförande,omsorg/vård,styre (trol.)
kommun,Motala,Motala,Renée Georgio,renee georgio,Socialdemokraterna,S,Socialnämnden,Andre vice ordförande,omsorg/vård,opposition (trol.)
kommun,Motala,Motala,Sara Ankarberg,sara ankarberg,Liberalerna,L,Socialnämnden,Förste vice ordförande,omsorg/vård,styre (trol.)
kommun,Motala,Motala,Sara Ankarberg,sara ankarberg,Liberalerna,L,Socialnämndens myndighetsutskott,Förste vice ordförande,omsorg/vård,styre (trol.)
kommun,Mullsjö,Mullsjö,Henrik Jansson,henrik jansson,Moderaterna,M,Kommunstyrelsen,Förste vice ordförande,ledning,styre (trol.)
kommun,Mullsjö,Mullsjö,Per Högberg,per hogberg,Kristdemokraterna,KD,Kommunstyrelsen,Ordförande,ledning,styre (trol.)
kommun,Mullsjö,Mullsjö,Eva Nilsson,eva nilsson,Moderaterna,M,Socialnämnden,Förste vice ordförande,omsorg/vård,styre (trol.)
kommun,Mullsjö,Mullsjö,Mats Tingshagen,mats tingshagen,Socialdemokraterna,S,Socialnämnden,Ordförande,omsorg/vård,styre (trol.)
kommun,Mullsjö,Mullsjö,Charlotte Götesson,charlotte gotesson,Moderaterna,M,Barn- och utbildningsnämnden,Förste vice ordförande,utbildning,styre (trol.)
kommun,Mullsjö,Mullsjö,Joseph Tornell,joseph tornell,Kristdemokraterna,KD,Barn- och utbildningsnämnden,Ordförande,utbildning,styre (trol.)
kommun,Munkedal,Munkedal,Liza Kettil,liza kettil,Socialdemokraterna,S,Kommunstyrelsen,Andre vice ordförande,ledning,opposition (trol.)
kommun,Munkedal,Munkedal,Louise Skaarnes,louise skaarnes,Sverigedemokraterna,SD,Kommunstyrelsen,Ordförande,ledning,styre (trol.)
kommun,Munkedal,Munkedal,Martin Svenberg Rödin,martin svenberg rodin,Moderaterna,M,Kommunstyrelsen,Förste vice ordförande,ledning,styre (trol.)
kommun,Munkedal,Munkedal,Olle Olsson,olle olsson,Kristdemokraterna,KD,Kultur- och utbildningsnämnden,Ordförande,utbildning,styre (trol.)
kommun,Munkedal,Munkedal,Regina Johansson,regina johansson,Socialdemokraterna,S,Kultur- och utbildningsnämnden,Andre vice ordförande,utbildning,opposition (trol.)
kommun,Munkedal,Munkedal,Terje Skaarnes,terje skaarnes,Sverigedemokraterna,SD,Kultur- och utbildningsnämnden,Förste vice ordförande,utbildning,styre (trol.)
kommun,Munkfors,Munkfors,Mathias Lindquist,mathias lindquist,Socialdemokraterna,S,Kommunstyrelsen,Ordförande,ledning,styre (trol.)
kommun,Munkfors,Munkfors,Peter Larsson,peter larsson,Socialdemokraterna,S,Kommunstyrelsen,Förste vice ordförande,ledning,styre (trol.)
kommun,Mölndal,Mölndal,Merjem Maslo,merjem maslo,Moderaterna,M,Kommunstyrelsen,Förste vice ordförande,ledning,styre (trol.)
kommun,Mölndal,Mölndal,Stefan Gustafsson,stefan gustafsson,Socialdemokraterna,S,Kommunstyrelsen,Ordförande,ledning,styre (trol.)
kommun,Mölndal,Mölndal,Kenneth Wallengren,kenneth wallengren,Miljöpartiet,Miljöpartiet,Vård- och omsorgsnämnden,Förste vice ordförande,omsorg/vård,styre (trol.)
kommun,Mölndal,Mölndal,Ove Dröscher,ove droscher,Socialdemokraterna,S,Vård- och omsorgsnämnden,Ordförande,omsorg/vård,styre (trol.)
kommun,Mölndal,Mölndal,Jacob Wihlborg,jacob wihlborg,Socialdemokraterna,S,Utbildningsnämnden,Ordförande,utbildning,styre (trol.)
kommun,Mölndal,Mölndal,Joakim Tångeskog-Broström,joakim tangeskog-brostrom,Liberalerna,L,Skolnämnden,Förste vice ordförande,utbildning,styre (trol.)
kommun,Mölndal,Mölndal,Kajsa Hamnén,kajsa hamnen,Moderaterna,M,Skolnämnden,Ordförande,utbildning,styre (trol.)
kommun,Mölndal,Mölndal,Karin Pollack,karin pollack,Centerpartiet,C,Utbildningsnämnden,Förste vice ordförande,utbildning,styre (trol.)
kommun,Mönsterås,Mönsterås,Anders Johansson,anders johansson,Centerpartiet,C,Kommunstyrelsen,Ordförande,ledning,styre (trol.)
kommun,Mönsterås,Mönsterås,Robert Rapakko,robert rapakko,Socialdemokraterna,S,Kommunstyrelsen,Förste vice ordförande,ledning,styre (trol.)
kommun,Mönsterås,Mönsterås,Åsa Ottosson,asa ottosson,Moderaterna,M,Kommunstyrelsen,Andre vice ordförande,ledning,opposition (trol.)
kommun,Mönsterås,Mönsterås,Christian Nilsson,christian nilsson,Moderaterna,M,Socialnämnden,Andre vice ordförande,omsorg/vård,opposition (trol.)
kommun,Mönsterås,Mönsterås,Renée Solstad,renee solstad,Socialdemokraterna,S,Socialnämnden,Förste vice ordförande,omsorg/vård,styre (trol.)
kommun,Mönsterås,Mönsterås,Thomas Tryggvesson,thomas tryggvesson,Centerpartiet,C,Socialnämnden,Ordförande,omsorg/vård,styre (trol.)
kommun,Mönsterås,Mönsterås,Lejla Radovic,lejla radovic,Socialdemokraterna,S,Barn- och utbildningsnämnden,Förste vice ordförande,utbildning,styre (trol.)
kommun,Mönsterås,Mönsterås,Madeleine Rosenqvist,madeleine rosenqvist,Kristdemokraterna,KD,Barn- och utbildningsnämnden,Ordförande,utbildning,styre (trol.)
kommun,Mönsterås,Mönsterås,Sarah Johansson,sarah johansson,Centerpartiet,C,Barn- och utbildningsnämnden,Andre vice ordförande,utbildning,opposition (trol.)
kommun,Nacka,Nacka,Johan Krogh,johan krogh,Centerpartiet,C,Kommunstyrelsen,1:e vice ordförande,ledning,styre (trol.)
kommun,Nacka,Nacka,Johanna Kvist,johanna kvist,Socialdemokraterna,S,Kommunstyrelsen,2:e vice ordförande,ledning,opposition (trol.)
kommun,Nacka,Nacka,Mats Gerdau,mats gerdau,Moderaterna,M,Kommunstyrelsen,Ordförande,ledning,styre (trol.)
kommun,Nacka,Nacka,Espen Bjordal,espen bjordal,Socialdemokraterna,S,Äldrenämnden,2:e vice ordförande,omsorg/vård,opposition (trol.)
kommun,Nacka,Nacka,Filip Wiljander,filip wiljander,Moderaterna,M,Socialnämnden,Ordförande,omsorg/vård,styre (trol.)
kommun,Nacka,Nacka,Filip Wiljander,filip wiljander,Moderaterna,M,Socialnämndens socialutskott,Ordförande,omsorg/vård,styre (trol.)
kommun,Nacka,Nacka,Håkan Ekengren,hakan ekengren,Centerpartiet,C,Äldrenämnden,1:e vice ordförande,omsorg/vård,styre (trol.)
kommun,Nacka,Nacka,Maria Raner,maria raner,Socialdemokraterna,S,Socialnämndens socialutskott,2:e vice ordförande,omsorg/vård,opposition (trol.)
kommun,Nacka,Nacka,Maria Åberg,maria aberg,Socialdemokraterna,S,Socialnämnden,2:e vice ordförande,omsorg/vård,opposition (trol.)
kommun,Nacka,Nacka,Martin Hedman,martin hedman,Centerpartiet,C,Socialnämnden,1:e vice ordförande,omsorg/vård,styre (trol.)
kommun,Nacka,Nacka,Martin Hedman,martin hedman,Centerpartiet,C,Socialnämndens socialutskott,1:e vice ordförande,omsorg/vård,styre (trol.)
kommun,Nacka,Nacka,Tobias Nässén,tobias nassen,Moderaterna,M,Äldrenämnden,Ordförande,omsorg/vård,styre (trol.)
kommun,Nacka,Nacka,Eivor Örenmark,eivor orenmark,Moderaterna,M,Utbildningsnämnden,Ordförande,utbildning,styre (trol.)
kommun,Nacka,Nacka,Emma Eide,emma eide,Centerpartiet,C,Utbildningsnämnden,1:e vice ordförande,utbildning,styre (trol.)
kommun,Nacka,Nacka,Gunnel Nyman Gräff,gunnel nyman graff,Socialdemokraterna,S,Utbildningsnämnden,2:e vice ordförande,utbildning,opposition (trol.)
kommun,Nora,Nora,Anna Karlsson,anna karlsson,Socialdemokraterna,S,Kommunalråd,Kommunalråd,ledning,styre (trol.)
kommun,Nora,Nora,Dan Pierre,dan pierre,Moderaterna,M,Kommunalråd,Kommunalråd,ledning,styre (trol.)
kommun,Nora,Nora,Dan Pierre,dan pierre,Moderaterna,M,Kommunstyrelsen,Förste vice ordförande,ledning,styre (trol.)
kommun,Nora,Nora,Mikael Wahlberg,mikael wahlberg,Socialdemokraterna,S,Kommunalråd,Kommunalråd,ledning,styre (trol.)
kommun,Nora,Nora,Mikael Wahlberg,mikael wahlberg,Socialdemokraterna,S,Kommunstyrelsen,Ordförande,ledning,styre (trol.)
kommun,Nora,Nora,Pia-Maria Johansson,pia-maria johansson,Landsbygdspartiet oberoende,Landsbygdspartiet oberoende,Kommunstyrelsen,Andre vice ordförande,ledning,opposition (trol.)
kommun,Nora,Nora,Pia-Maria Johansson,pia-maria johansson,Landsbygdspartiet oberoende,Landsbygdspartiet oberoende,Oppositionsråd,Oppositionsråd,ledning,opposition
kommun,Nora,Nora,Anna Karlsson,anna karlsson,Socialdemokraterna,S,Socialnämnden,Ordförande,omsorg/vård,styre (trol.)
kommun,Nora,Nora,Eija Ahonen Pettersson,eija ahonen pettersson,Moderaterna,M,Socialnämnden,Förste vice ordförande,omsorg/vård,styre (trol.)
kommun,Nora,Nora,Eva Karlsson,eva karlsson,Landsbygdspartiet oberoende,Landsbygdspartiet oberoende,Socialnämnden,Andre vice ordförande,omsorg/vård,opposition (trol.)
kommun,Norberg,Norberg,Johanna Odö,johanna odo,Socialdemokraterna,S,Kommunstyrelsen,Ordförande,ledning,styre (trol.)
kommun,Norberg,Norberg,Lennart Skansfors,lennart skansfors,Demokraterna i Norberg,Demokraterna i Norberg,Kommunstyrelsen,Förste vice ordförande,ledning,styre (trol.)
kommun,Norberg,Norberg,Anita Lilja-Stenholm,anita lilja-stenholm,Liberalerna,L,Socialnämnden,Förste vice ordförande,omsorg/vård,styre (trol.)
kommun,Norberg,Norberg,Karl Karlsson,karl karlsson,Socialdemokraterna,S,Socialnämnden,Ordförande,omsorg/vård,styre (trol.)
kommun,Norberg,Norberg,Karin Hurtig,karin hurtig,Vänsterpartiet,V,Barn- och utbildningsnämnden,Förste vice ordförande,utbildning,styre (trol.)
kommun,Norberg,Norberg,Tove Spolander,tove spolander,Socialdemokraterna,S,Barn- och utbildningsnämnden,Ordförande,utbildning,styre (trol.)
kommun,Nordanstig,Nordanstig,Andreas Högdahl,andreas hogdahl,Nordanstigspartiet,Nordanstigspartiet,Kommunstyrelsen,Andre vice ordförande,ledning,opposition (trol.)
kommun,Nordanstig,Nordanstig,Lars Hed,lars hed,Moderaterna,M,Kommunstyrelsen,Förste vice ordförande,ledning,styre (trol.)
kommun,Nordanstig,Nordanstig,Ola Wigg,ola wigg,Socialdemokraterna,S,Kommunstyrelsen,Ordförande,ledning,styre (trol.)
kommun,Norrköping,Norrköping,Alex Nejdemo,alex nejdemo,Liberalerna,L,Kommunalråd,Kommunalråd,ledning,styre (trol.)
kommun,Norrköping,Norrköping,Andreas Bohlin,andreas bohlin,Socialdemokraterna,S,Kommunalråd,Kommunalråd,ledning,styre (trol.)
kommun,Norrköping,Norrköping,Annette Sjöö,annette sjoo,Socialdemokraterna,S,Kommunstyrelsen,Förste vice ordförande,ledning,styre (trol.)
kommun,Norrköping,Norrköping,Christian Widlund,christian widlund,Centerpartiet,C,Kommunalråd,Kommunalråd,ledning,styre (trol.)
kommun,Norrköping,Norrköping,Christopher Jarnvall,christopher jarnvall,Sverigedemokraterna,SD,Kommunalråd i opposition,Oppositionsråd,ledning,opposition
kommun,Norrköping,Norrköping,Nicklas Lundström,nicklas lundstrom,Vänsterpartiet,V,Kommunalråd i opposition,Oppositionsråd,ledning,opposition
kommun,Norrköping,Norrköping,Olle Vikmång,olle vikmang,Socialdemokraterna,S,Kommunalråd,Kommunalråd,ledning,styre (trol.)
kommun,Norrköping,Norrköping,Olle Vikmång,olle vikmang,Socialdemokraterna,S,Kommunstyrelsen,Ordförande,ledning,styre (trol.)
kommun,Norrköping,Norrköping,Patrik Palm,patrik palm,Moderaterna,M,Kommunalråd i opposition,Oppositionsråd,ledning,opposition
kommun,Norrköping,Norrköping,Simon Johansson,simon johansson,Moderaterna,M,Kommunalråd i opposition,Oppositionsråd,ledning,opposition
kommun,Norrköping,Norrköping,Simon Johansson,simon johansson,Moderaterna,M,Kommunstyrelsen,Andre vice ordförande,ledning,opposition (trol.)
kommun,Norrköping,Norrköping,Tomas Tekmen,tomas tekmen,Kristdemokraterna,KD,Kommunalråd,Kommunalråd,ledning,styre (trol.)
kommun,Norrköping,Norrköping,Alex Nejdemo,alex nejdemo,Liberalerna,L,Socialnämnden,Ordförande,omsorg/vård,styre (trol.)
kommun,Norrköping,Norrköping,Andreas Bohlin,andreas bohlin,Socialdemokraterna,S,Vård- och omsorgsnämnden,Ordförande,omsorg/vård,styre (trol.)
kommun,Norrköping,Norrköping,Jenny Lisiderius,jenny lisiderius,Kristdemokraterna,KD,Vård- och omsorgsnämnden,Förste vice ordförande,omsorg/vård,styre (trol.)
kommun,Norrköping,Norrköping,Marie-Louise Jonander,marie-louise jonander,Socialdemokraterna,S,Socialnämnden,Andre vice ordförande,omsorg/vård,opposition (trol.)
kommun,Norrköping,Norrköping,Olle Connman Ek,olle connman ek,Moderaterna,M,Socialnämnden,Förste vice ordförande,omsorg/vård,styre (trol.)
kommun,Norrköping,Norrköping,Patrik Palm,patrik palm,Moderaterna,M,Vård- och omsorgsnämnden,Andre vice ordförande,omsorg/vård,opposition (trol.)
kommun,Norrköping,Norrköping,Evabritt Sundin,evabritt sundin,Liberalerna,L,Utbildningsnämnden,Förste vice ordförande,utbildning,styre (trol.)
kommun,Norrköping,Norrköping,Ingrid Cassel,ingrid cassel,Moderaterna,M,Utbildningsnämnden,Andre vice ordförande,utbildning,opposition (trol.)
kommun,Norrköping,Norrköping,Louise Malmström,louise malmstrom,Socialdemokraterna,S,Utbildningsnämnden,Ordförande,utbildning,styre (trol.)
kommun,Norrtälje,Norrtälje,Karl-Olov Jansson,karl-olov jansson,Socialdemokraterna,S,Kommunstyrelsen,1:e vice ordförande,ledning,styre (trol.)
kommun,Norrtälje,Norrtälje,Staffan Tjörnhammar,staffan tjornhammar,Moderaterna,M,Kommunstyrelsen,2:e vice ordförande,ledning,opposition (trol.)
kommun,Norrtälje,Norrtälje,Ulrika Falk,ulrika falk,Socialdemokraterna,S,Kommunstyrelsen,Ordförande,ledning,styre (trol.)
kommun,Norrtälje,Norrtälje,Anette Ländin,anette landin,Socialdemokraterna,S,Socialnämnden,1:e vice ordförande,omsorg/vård,styre (trol.)
kommun,Norrtälje,Norrtälje,Hanna Stymne Bratt,hanna stymne bratt,Socialdemokraterna,S,Kommunalförbundet sjukvård och omsorg i Norrtälje,Ordförande,omsorg/vård,styre (trol.)
kommun,Norrtälje,Norrtälje,Hans Erik Andersson,hans erik andersson,Liberalerna,L,Kommunalförbundet sjukvård och omsorg i Norrtälje,1:e vice ordförande,omsorg/vård,styre (trol.)
kommun,Norrtälje,Norrtälje,Ingrid Landin,ingrid landin,Miljöpartiet,Miljöpartiet,Socialnämnden,Ordförande,omsorg/vård,styre (trol.)
kommun,Norrtälje,Norrtälje,Jacob Heitmann,jacob heitmann,Sverigedemokraterna,SD,Socialnämnden,2:e vice ordförande,omsorg/vård,opposition (trol.)
kommun,Norrtälje,Norrtälje,Jörgen Jansson,jorgen jansson,Moderaterna,M,Kommunalförbundet sjukvård och omsorg i Norrtälje,2:e vice ordförande,omsorg/vård,opposition (trol.)
kommun,Norrtälje,Norrtälje,Ann Lewerentz,ann lewerentz,Moderaterna,M,Barn- och skolnämnden,2:e vice ordförande,utbildning,opposition (trol.)
kommun,Norrtälje,Norrtälje,Ann Lewerentz,ann lewerentz,Moderaterna,M,Barn- och skolnämndens arbetsustkott,2:e vice ordförande,utbildning,opposition (trol.)
kommun,Norrtälje,Norrtälje,Margareta Lundgren,margareta lundgren,Socialdemokraterna,S,Barn- och skolnämnden,1:e vice ordförande,utbildning,styre (trol.)
kommun,Norrtälje,Norrtälje,Margareta Lundgren,margareta lundgren,Socialdemokraterna,S,Barn- och skolnämndens arbetsustkott,1:e vice ordförande,utbildning,styre (trol.)
kommun,Norrtälje,Norrtälje,Patrik Dahl,patrik dahl,Centerpartiet,C,Utbildningsnämnden,Ordförande,utbildning,styre (trol.)
kommun,Norrtälje,Norrtälje,Robert Beronius,robert beronius,Liberalerna,L,Barn- och skolnämnden,Ordförande,utbildning,styre (trol.)
kommun,Norrtälje,Norrtälje,Robert Beronius,robert beronius,Liberalerna,L,Barn- och skolnämndens arbetsustkott,Ordförande,utbildning,styre (trol.)
kommun,Norrtälje,Norrtälje,Robin Andersson,robin andersson,Socialdemokraterna,S,Utbildningsnämnden,1:e vice ordförande,utbildning,styre (trol.)
kommun,Norrtälje,Norrtälje,Thomas Imeryd,thomas imeryd,Kristdemokraterna,KD,Utbildningsnämnden,2:e vice ordförande,utbildning,opposition (trol.)
kommun,Nybro,Nybro,BODIL JOHANSSON,bodil johansson,Centerpartiet,C,OMSORGSNÄMNDEN,Förste vice ordförande,omsorg/vård,styre (trol.)
kommun,Nybro,Nybro,GABRIELLA ERIKSSON,gabriella eriksson,Sverigedemokraterna,SD,OMSORGSNÄMNDEN,Andre vice ordförande,omsorg/vård,opposition (trol.)
kommun,Nybro,Nybro,STIG-ROLAND FAGERGÅRD,stig-roland fagergard,Socialdemokraterna,S,OMSORGSNÄMNDEN,Ordförande,omsorg/vård,styre (trol.)
kommun,Nykvarn,Nykvarn,Gunilla Lindstedt,gunilla lindstedt,Nykvarnspartiet,Nykvarnspartiet,Kommunalråd,Kommunalråd,ledning,styre (trol.)
kommun,Nykvarn,Nykvarn,Gunilla Lindstedt,gunilla lindstedt,Nykvarnspartiet,Nykvarnspartiet,Kommunstyrelsen,1:e vice ordförande,ledning,styre (trol.)
kommun,Nykvarn,Nykvarn,Johan Hägglöf,johan hagglof,Moderaterna,M,Kommunalråd,Kommunalråd,ledning,styre (trol.)
kommun,Nykvarn,Nykvarn,Johan Hägglöf,johan hagglof,Moderaterna,M,Kommunstyrelsen,2:e vice ordförande,ledning,opposition (trol.)
kommun,Nykvarn,Nykvarn,Märtha Dahlberg,martha dahlberg,Socialdemokraterna,S,Kommunalråd,Kommunalråd,ledning,styre (trol.)
kommun,Nykvarn,Nykvarn,Märtha Dahlberg,martha dahlberg,Socialdemokraterna,S,Kommunstyrelsen,ordförande,ledning,styre (trol.)
kommun,Nykvarn,Nykvarn,Bengt Johansson,bengt johansson,Moderaterna,M,Vård- och omsorgsnämnden,2:e vice ordförande,omsorg/vård,opposition (trol.)
kommun,Nykvarn,Nykvarn,Bertil Svensson,bertil svensson,Nykvarnspartiet,Nykvarnspartiet,Vård- och omsorgsnämnden,ordförande,omsorg/vård,styre (trol.)
kommun,Nykvarn,Nykvarn,Caroline Wenner,caroline wenner,Socialdemokraterna,S,Vård- och omsorgsnämnden,1:e vice ordförande,omsorg/vård,styre (trol.)
kommun,Nykvarn,Nykvarn,Ann-Christine Dantoft,ann-christine dantoft,Socialdemokraterna,S,Utbildningsnämnden,ordförande,utbildning,styre (trol.)
kommun,Nykvarn,Nykvarn,Per Salberg,per salberg,Nykvarnspartiet,Nykvarnspartiet,Utbildningsnämnden,1:e vice ordförande,utbildning,styre (trol.)
kommun,Nykvarn,Nykvarn,Thomas af Bjur,thomas af bjur,Moderaterna,M,Utbildningsnämnden,2:e vice ordförande,utbildning,opposition (trol.)
kommun,Nyköping,Nyköping,Ahmad Eid,ahmad eid,Moderaterna,M,Kommunalråd,Kommunalråd,ledning,styre (trol.)
kommun,Nyköping,Nyköping,Ahmad Eid,ahmad eid,Moderaterna,M,Kommunstyrelsen,Förste vice ordförande,ledning,styre (trol.)
kommun,Nyköping,Nyköping,Malin Karlsson,malin karlsson,Sverigedemokraterna,SD,Kommunstyrelsen,Andre vice ordförande,ledning,opposition (trol.)
kommun,Nyköping,Nyköping,Malin Karlsson,malin karlsson,Sverigedemokraterna,SD,Oppositionsråd,Oppositionsråd,ledning,opposition
kommun,Nyköping,Nyköping,Urban Granström,urban granstrom,Socialdemokraterna,S,Kommunalråd,Kommunalråd,ledning,styre (trol.)
kommun,Nyköping,Nyköping,Urban Granström,urban granstrom,Socialdemokraterna,S,Kommunstyrelsen,Ordförande,ledning,styre (trol.)
kommun,Nyköping,Nyköping,Ann-Marie Eriksson,ann-marie eriksson,Sverigedemokraterna,SD,Vård- och omsorgsnämnden,Andre vice ordförande,omsorg/vård,opposition (trol.)
kommun,Nyköping,Nyköping,Anniola Nilsson,anniola nilsson,Moderaterna,M,Socialnämnden,Ordförande,omsorg/vård,styre (trol.)
kommun,Nyköping,Nyköping,Carina Wallin,carina wallin,Socialdemokraterna,S,Vård- och omsorgsnämnden,Ordförande,omsorg/vård,styre (trol.)
kommun,Nyköping,Nyköping,Emma Mellberg,emma mellberg,Socialdemokraterna,S,Socialnämnden,Förste vice ordförande,omsorg/vård,styre (trol.)
kommun,Nyköping,Nyköping,Fredrik Dahlin,fredrik dahlin,Moderaterna,M,Vård- och omsorgsnämnden,Förste vice ordförande,omsorg/vård,styre (trol.)
kommun,Nyköping,Nyköping,Åsa Berg,asa berg,Liberalerna,L,Socialnämnden,Andre vice ordförande,omsorg/vård,opposition (trol.)
kommun,Nyköping,Nyköping,Anki Hartmann,anki hartmann,Moderaterna,M,Barn- och ungdomsnämnden,Förste vice ordförande,utbildning,styre (trol.)
kommun,Nyköping,Nyköping,Bo Österberg,bo osterberg,Sverigedemokraterna,SD,Barn- och ungdomsnämnden,Andre vice ordförande,utbildning,opposition (trol.)
kommun,Nyköping,Nyköping,Marcus Pehrsson,marcus pehrsson,Socialdemokraterna,S,Barn- och ungdomsnämnden,Ordförande,utbildning,styre (trol.)
kommun,Nynäshamn,Nynäshamn,Anders Karlsson,anders karlsson,Moderaterna,M,Socialnämnd,Ordförande,omsorg/vård,styre (trol.)
kommun,Nynäshamn,Nynäshamn,Roland Junerud,roland junerud,Socialdemokraterna,S,Socialnämnd,2:e vice ordförande,omsorg/vård,opposition (trol.)
kommun,Nynäshamn,Nynäshamn,Gill Lagerberg,gill lagerberg,Socialdemokraterna,S,Barn- och utbildningsnämnd,2:e vice ordförande,utbildning,opposition (trol.)
kommun,Nynäshamn,Nynäshamn,Lena Poolsaar,lena poolsaar,Moderaterna,M,Barn- och utbildningsnämnd,1:e vice ordförande,utbildning,styre (trol.)
kommun,Nynäshamn,Nynäshamn,Mikael Persson,mikael persson,Liberalerna,L,Barn- och utbildningsnämnd,Ordförande,utbildning,styre (trol.)
kommun,Nässjö,Nässjö,Kent Karlsson,kent karlsson,Kristdemokraterna,KD,Kommunstyrelsen,Förste vice ordförande,ledning,styre (trol.)
kommun,Nässjö,Nässjö,Leif Ternstedt,leif ternstedt,Sverigedemokraterna,SD,Kommunstyrelsen,Andre vice ordförande,ledning,opposition (trol.)
kommun,Nässjö,Nässjö,Sara Lindberg,sara lindberg,Socialdemokraterna,S,Kommunstyrelsen,Ordförande,ledning,styre (trol.)
kommun,Nässjö,Nässjö,Lindha Hjälm,lindha hjalm,Socialdemokraterna,S,Socialnämnd,Ordförande,omsorg/vård,styre (trol.)
kommun,Nässjö,Nässjö,Siw Damberg,siw damberg,Kristdemokraterna,KD,Socialnämnd,Förste vice ordförande,omsorg/vård,styre (trol.)
kommun,Nässjö,Nässjö,Torgny Tilstam,torgny tilstam,Moderaterna,M,Socialnämnd,Andre vice ordförande,omsorg/vård,opposition (trol.)
kommun,Nässjö,Nässjö,Annika Karlsson,annika karlsson,Kristdemokraterna,KD,Barn- och utbildningsnämnd,Förste vice ordförande,utbildning,styre (trol.)
kommun,Nässjö,Nässjö,Carla Habib,carla habib,Socialdemokraterna,S,Barn- och utbildningsnämnd,Ordförande,utbildning,styre (trol.)
kommun,Nässjö,Nässjö,Magnus Hellström,magnus hellstrom,Sverigedemokraterna,SD,Barn- och utbildningsnämnd,Andre vice ordförande,utbildning,opposition (trol.)
kommun,Ockelbo,Ockelbo,Magnus Jonsson,magnus jonsson,Socialdemokraterna,S,Kommunstyrelsen,Ordförande,ledning,styre (trol.)
kommun,Ockelbo,Ockelbo,Marit Rempling,marit rempling,Centerpartiet,C,Kommunstyrelsen,Förste vice ordförande,ledning,styre (trol.)
kommun,Ockelbo,Ockelbo,Anders Öquist,anders oquist,Socialdemokraterna,S,Socialnämnden,Ordförande,omsorg/vård,styre (trol.)
kommun,Ockelbo,Ockelbo,Anna Karin Kilberg,anna karin kilberg,Socialdemokraterna,S,Socialnämnden,Förste vice ordförande,omsorg/vård,styre (trol.)
kommun,Olofström,Olofström,Morgan Bengtsson,morgan bengtsson,Socialdemokraterna,S,Kommunstyrelsen,Ordförande,ledning,styre (trol.)
kommun,Olofström,Olofström,Rolf Jönsson,rolf jonsson,Centerpartiet,C,Kommunstyrelsen,Förste vice ordförande,ledning,styre (trol.)
kommun,Olofström,Olofström,Tommy Holmgren,tommy holmgren,Sverigedemokraterna,SD,Kommunstyrelsen,Andre vice ordförande,ledning,opposition (trol.)
kommun,Olofström,Olofström,Karin Nordvall,karin nordvall,Centerpartiet,C,Social och äldrenämnden,Förste vice ordförande,omsorg/vård,styre (trol.)
kommun,Olofström,Olofström,Karin Nordvall,karin nordvall,Centerpartiet,C,Social och äldrenämndens utskott,Förste vice ordförande,omsorg/vård,styre (trol.)
kommun,Olofström,Olofström,Marie Rosén,marie rosen,Socialdemokraterna,S,Social och äldrenämnden,Ordförande,omsorg/vård,styre (trol.)
kommun,Olofström,Olofström,Marie Rosén,marie rosen,Socialdemokraterna,S,Social och äldrenämndens utskott,Ordförande,omsorg/vård,styre (trol.)
kommun,Olofström,Olofström,Patrik Krupa,patrik krupa,Moderaterna,M,Social och äldrenämnden,Andre vice ordförande,omsorg/vård,opposition (trol.)
kommun,Olofström,Olofström,Malin Åman,malin aman,Centerpartiet,C,Utbildningsnämnden,Förste vice ordförande,utbildning,styre (trol.)
kommun,Olofström,Olofström,Peter Stenberg,peter stenberg,Sverigedemokraterna,SD,Utbildningsnämnden,Andre vice ordförande,utbildning,opposition (trol.)
kommun,Olofström,Olofström,Tamam-Eugenia Abou-Hamidan,tamam-eugenia abou-hamidan,Socialdemokraterna,S,Utbildningsnämnden,Ordförande,utbildning,styre (trol.)
kommun,Orsa,Orsa,Magnus Bjurman,magnus bjurman,Socialdemokraterna,S,Kommunstyrelsen,Förste vice ordförande,ledning,styre (trol.)
kommun,Orsa,Orsa,Marc Ersson,marc ersson,Sverigedemokraterna,SD,Kommunstyrelsen,Andre vice ordförande,ledning,opposition (trol.)
kommun,Orsa,Orsa,Mikael Thalin,mikael thalin,Centerpartiet,C,Kommunstyrelsen,Ordförande,ledning,styre (trol.)
kommun,Orsa,Orsa,Anders Rosell,anders rosell,Socialdemokraterna,S,Gemensam gymnasienämnd,Förste vice ordförande,utbildning,styre (trol.)
kommun,Orust,Orust,Anders Arnell,anders arnell,Moderaterna,M,Kommunstyrelsen,Förste vice ordförande,ledning,styre (trol.)
kommun,Orust,Orust,Catharina Bråkenhielm,catharina brakenhielm,Socialdemokraterna,S,Kommunstyrelsen,Ordförande,ledning,styre (trol.)
kommun,Orust,Orust,Lars Larsson,lars larsson,Centerpartiet,C,Kommunstyrelsen,Andre vice ordförande,ledning,opposition (trol.)
kommun,Osby,Osby,Daniel Landin,daniel landin,Socialdemokraterna,S,Kommunstyrelsen,Förste vice ordförande,ledning,styre (trol.)
kommun,Osby,Osby,Lotte Melin,lotte melin,Centerpartiet,C,Kommunstyrelsen,Ordförande,ledning,styre (trol.)
kommun,Osby,Osby,Jimmy Ekborg,jimmy ekborg,Centerpartiet,C,Hälsa- och omsorgsnämnden,Ordförande,omsorg/vård,styre (trol.)
kommun,Osby,Osby,Maria Reimer,maria reimer,Socialdemokraterna,S,Hälsa- och omsorgsnämnden,Förste vice ordförande,omsorg/vård,styre (trol.)
kommun,Oskarshamn,Oskarshamn,Andreas Erlandsson,andreas erlandsson,Socialdemokraterna,S,Kommunstyrelsen,Kommunalråd,ledning,styre (trol.)
kommun,Oskarshamn,Oskarshamn,Leif Axelsson,leif axelsson,Sverigedemokraterna,SD,Kommunstyrelsen,Kommunalråd i opposition,ledning,opposition
kommun,Oskarshamn,Oskarshamn,Lucas Lodge,lucas lodge,Moderaterna,M,Kommunstyrelsen,Kommunalråd,ledning,styre (trol.)
kommun,Oskarshamn,Oskarshamn,Anita Hultgren,anita hultgren,Socialdemokraterna,S,Socialnämnden,Förste vice ordförande,omsorg/vård,styre (trol.)
kommun,Oskarshamn,Oskarshamn,Rolf Lindström,rolf lindstrom,Moderaterna,M,Socialnämnden,Ordförande,omsorg/vård,styre (trol.)
kommun,Oxelösund,Oxelösund,Dag Bergentoft,dag bergentoft,Moderaterna,M,Kommunstyrelsen,Ordförande,ledning,styre (trol.)
kommun,Oxelösund,Oxelösund,Katarina Berg,katarina berg,Moderaterna,M,Kommunstyrelsen,Förste vice ordförande,ledning,styre (trol.)
kommun,Oxelösund,Oxelösund,Linus Fogel,linus fogel,Socialdemokraterna,S,Kommunstyrelsen,Andre vice ordförande,ledning,opposition (trol.)
kommun,Oxelösund,Oxelösund,Cathrine Tholander,cathrine tholander,Moderaterna,M,Vård- och omsorgsnämnden,Förste vice ordförande,omsorg/vård,styre (trol.)
kommun,Oxelösund,Oxelösund,Inge Ståhlgren,inge stahlgren,Socialdemokraterna,S,Vård- och omsorgsnämnden,Andre vice ordförande,omsorg/vård,opposition (trol.)
kommun,Oxelösund,Oxelösund,Katarina Berg,katarina berg,Moderaterna,M,Vård- och omsorgsnämnden,Ordförande,omsorg/vård,styre (trol.)
kommun,Oxelösund,Oxelösund,Eva Lantz,eva lantz,Moderaterna,M,Utbildningsnämnden,Ordförande,utbildning,styre (trol.)
kommun,Oxelösund,Oxelösund,Nina Wikström-Tiala,nina wikstrom-tiala,Socialdemokraterna,S,Utbildningsnämnden,Andre vice ordförande,utbildning,opposition (trol.)
kommun,Oxelösund,Oxelösund,Stefan Johansson,stefan johansson,Moderaterna,M,Utbildningsnämnden,Förste vice ordförande,utbildning,styre (trol.)
kommun,Pajala,Pajala,Peter Ericsson,peter ericsson,Kristdemokraterna,KD,Kommunstyrelsen,Förste vice ordförande,ledning,styre (trol.)
kommun,Partille,Partille,Marith Hesse,marith hesse,Moderaterna,M,Kommunstyrelsen,Ordförande,ledning,styre (trol.)
kommun,Partille,Partille,Thorbjörn Carlsson,thorbjorn carlsson,Socialdemokraterna,S,Kommunstyrelsen,Förste vice ordförande,ledning,styre (trol.)
kommun,Partille,Partille,Bengt Odeholm,bengt odeholm,Socialdemokraterna,S,Vård- och omsorgsnämnden,Andre vice ordförande,omsorg/vård,opposition (trol.)
kommun,Partille,Partille,Kaj Nämvik,kaj namvik,Liberalerna,L,Vård- och omsorgsnämnden,Förste vice ordförande,omsorg/vård,styre (trol.)
kommun,Partille,Partille,Mattias Olsson Ruppel,mattias olsson ruppel,Moderaterna,M,Vård- och omsorgsnämnden,Ordförande,omsorg/vård,styre (trol.)
kommun,Partille,Partille,Berat Rushiti,berat rushiti,Liberalerna,L,Utbildningsnämnden,Förste vice ordförande,utbildning,styre (trol.)
kommun,Partille,Partille,Katarina Bosetti Kristoffersson,katarina bosetti kristoffersson,Socialdemokraterna,S,Utbildningsnämnden,Andre vice ordförande,utbildning,opposition (trol.)
kommun,Partille,Partille,Otto Natt och Dag,otto natt och dag,Moderaterna,M,Utbildningsnämnden,Ordförande,utbildning,styre (trol.)
kommun,Perstorp,Perstorp,Charlotta Wendt,charlotta wendt,Vi i Perstorp,Vi i Perstorp,Kommunstyrelsen,Andre vice ordförande,ledning,opposition (trol.)
kommun,Perstorp,Perstorp,Patrik Ströbeck,patrik strobeck,Moderaterna,M,Kommunstyrelsen,Förste vice ordförande,ledning,styre (trol.)
kommun,Perstorp,Perstorp,Ronny Nilsson,ronny nilsson,Socialdemokraterna,S,Kommunstyrelsen,Ordförande,ledning,styre (trol.)
kommun,Perstorp,Perstorp,Anders Larsson,anders larsson,Socialdemokraterna,S,Socialnämnd,Ordförande,omsorg/vård,styre (trol.)
kommun,Perstorp,Perstorp,Catharina Henriksson,catharina henriksson,Vi i Perstorp,Vi i Perstorp,Socialnämnd,Andre vice ordförande,omsorg/vård,opposition (trol.)
kommun,Perstorp,Perstorp,Yvonne Långström,yvonne langstrom,Perstorps framtid,Perstorps framtid,Socialnämnd,Förste vice ordförande,omsorg/vård,styre (trol.)
kommun,Perstorp,Perstorp,Marie Gärdby,marie gardby,Centerpartiet,C,Barn- och utbildningsnämnden,Ordförande,utbildning,styre (trol.)
kommun,Perstorp,Perstorp,Rickard Andersson,rickard andersson,Sverigedemokraterna,SD,Barn- och utbildningsnämnden,Andre vice ordförande,utbildning,opposition (trol.)
kommun,Perstorp,Perstorp,Valter Titusson,valter titusson,Socialdemokraterna,S,Barn- och utbildningsnämnden,Förste vice ordförande,utbildning,styre (trol.)
kommun,Piteå,Piteå,Britta Lysholm,britta lysholm,Centerpartiet,C,SOCIALNÄMND,Förste vice ordförande,omsorg/vård,styre (trol.)
kommun,Piteå,Piteå,Rut Rahkola,rut rahkola,Socialdemokraterna,S,SOCIALNÄMND,Ordförande,omsorg/vård,styre (trol.)
kommun,Piteå,Piteå,Anton Li Nilsson,anton li nilsson,Centerpartiet,C,BARN- OCH UTBILDNINGSNÄMND,Ordförande,utbildning,styre (trol.)
kommun,Piteå,Piteå,Carola Bergman,carola bergman,Socialdemokraterna,S,BARN- OCH UTBILDNINGSNÄMND,Förste vice ordförande,utbildning,styre (trol.)
kommun,Ragunda,Ragunda,Anton Hammar,anton hammar,Socialdemokraterna,S,Kommunstyrelsen,Ordförande,ledning,styre (trol.)
kommun,Ragunda,Ragunda,Maud Herkules,maud herkules,Moderaterna,M,Kommunstyrelsen,Andre vice ordförande,ledning,opposition (trol.)
kommun,Ragunda,Ragunda,Mikael Westin,mikael westin,Centerpartiet,C,Kommunstyrelsen,Förste vice ordförande,ledning,styre (trol.)
kommun,Robertsfors,Robertsfors,Lars Tängdén,lars tangden,Centerpartiet,C,Kommunstyrelsen,Förste vice ordförande,ledning,styre (trol.)
kommun,Robertsfors,Robertsfors,Lars Tängdén,lars tangden,Centerpartiet,C,Kommunstyrelsen - individärenden,Förste vice ordförande,ledning,styre (trol.)
kommun,Robertsfors,Robertsfors,Petra Andersin,petra andersin,Socialdemokraterna,S,Kommunstyrelsen,Ordförande,ledning,styre (trol.)
kommun,Robertsfors,Robertsfors,Petra Andersin,petra andersin,Socialdemokraterna,S,Kommunstyrelsen - individärenden,Ordförande,ledning,styre (trol.)
kommun,Ronneby,Ronneby,Nicolas Westrup,nicolas westrup,Sverigedemokraterna,SD,Kommunstyrelsen,Andre vice ordförande,ledning,opposition (trol.)
kommun,Ronneby,Ronneby,Ola Robertsson,ola robertsson,Socialdemokraterna,S,Kommunstyrelsen,Ordförande,ledning,styre (trol.)
kommun,Ronneby,Ronneby,Roger Fredriksson,roger fredriksson,Moderaterna,M,Kommunstyrelsen,Förste vice ordförande,ledning,styre (trol.)
kommun,Ronneby,Ronneby,Carina Aulin,carina aulin,Sverigedemokraterna,SD,Vård-och omsorgsnämnden,Andre vice ordförande,omsorg/vård,opposition (trol.)
kommun,Ronneby,Ronneby,Lena Karstensson,lena karstensson,Moderaterna,M,Vård-och omsorgsnämnden,Ordförande,omsorg/vård,styre (trol.)
kommun,Ronneby,Ronneby,Martin Johansson,martin johansson,Socialdemokraterna,S,Vård-och omsorgsnämnden,Förste vice ordförande,omsorg/vård,styre (trol.)
kommun,Ronneby,Ronneby,Angelina Olin,angelina olin,Moderaterna,M,Utbildningsnämnden,Ordförande,utbildning,styre (trol.)
kommun,Ronneby,Ronneby,Göran Ohlsson,goran ohlsson,Socialdemokraterna,S,Utbildningsnämnden,Andre vice ordförande,utbildning,opposition (trol.)
kommun,Ronneby,Ronneby,Lars-Olof Wretling,lars-olof wretling,Liberalerna,L,Utbildningsnämnden,Förste vice ordförande,utbildning,styre (trol.)
kommun,Rättvik,Rättvik,Joanna Stridh,joanna stridh,Centerpartiet,C,Kommunstyrelsen,Andre vice ordförande,ledning,opposition (trol.)
kommun,Rättvik,Rättvik,Ulrica Momqvist,ulrica momqvist,Centerpartiet,C,Kommunstyrelsen,Ordförande,ledning,styre (trol.)
kommun,Sala,Sala,Amanda Lindblad,amanda lindblad,Socialdemokraterna,S,Kommunstyrelsen,Ordförande,ledning,styre (trol.)
kommun,Sala,Sala,Anders Wigelsbo,anders wigelsbo,Centerpartiet,C,Kommunstyrelsen,Förste vice ordförande,ledning,styre (trol.)
kommun,Sala,Sala,Erik Hamrin,erik hamrin,Moderaterna,M,Kommunstyrelsen,Andre vice ordförande,ledning,opposition (trol.)
kommun,Sala,Sala,Camilla Runerås,camilla runeras,Socialdemokraterna,S,Äldre- och omsorgsnämnden,Ordförande,omsorg/vård,styre (trol.)
kommun,Sala,Sala,Olle Kvarnryd,olle kvarnryd,Vänsterpartiet,V,Äldre- och omsorgsnämnden,Förste vice ordförande,omsorg/vård,styre (trol.)
kommun,Sala,Sala,Victoria Kihlström,victoria kihlstrom,Moderaterna,M,Äldre- och omsorgsnämnden,Andre vice ordförande,omsorg/vård,opposition (trol.)
kommun,Sala,Sala,Anders Wigelsbo,anders wigelsbo,Centerpartiet,C,Skolnämnden,Ordförande,utbildning,styre (trol.)
kommun,Sala,Sala,Annika Palmqvist,annika palmqvist,Socialdemokraterna,S,Skolnämnden,Förste vice ordförande,utbildning,styre (trol.)
kommun,Sala,Sala,Tryggve Lindman,tryggve lindman,Sverigedemokraterna,SD,Skolnämnden,Andre vice ordförande,utbildning,opposition (trol.)
kommun,Salem,Salem,Arne Närström,arne narstrom,Socialdemokraterna,S,Kommunstyrelsen,Ordförande,ledning,styre (trol.)
kommun,Salem,Salem,Rickard Livén,rickard liven,Moderaterna,M,Kommunstyrelsen,2:e vice ordförande,ledning,opposition (trol.)
kommun,Salem,Salem,Wictoria Lundholm Berglund,wictoria lundholm berglund,Centerpartiet,C,Kommunstyrelsen,1:e vice ordförande,ledning,styre (trol.)
kommun,Salem,Salem,Andreas Dahl,andreas dahl,Socialdemokraterna,S,Socialnämnden,Ordförande,omsorg/vård,styre (trol.)
kommun,Salem,Salem,Anna Helena Brandt,anna helena brandt,Centerpartiet,C,Socialnämnden,1:e vice ordförande,omsorg/vård,styre (trol.)
kommun,Salem,Salem,Delmon Haffo,delmon haffo,Moderaterna,M,Socialnämnden,2:e vice ordförande,omsorg/vård,opposition (trol.)
kommun,Salem,Salem,Björn Odelius,bjorn odelius,Moderaterna,M,Barn- och utbildningsnämnden,2:e vice ordförande,utbildning,opposition (trol.)
kommun,Salem,Salem,Martin Lange,martin lange,Socialdemokraterna,S,Barn- och utbildningsnämnden,Ordförande,utbildning,styre (trol.)
kommun,Salem,Salem,Åsa Dahl,asa dahl,Liberalerna,L,Barn- och utbildningsnämnden,1:e vice ordförande,utbildning,styre (trol.)
kommun,Sandviken,Sandviken,Erik Åberg,erik aberg,Sverigedemokraterna,SD,Omsorgsnämnden,Andre vice ordförande,omsorg/vård,opposition (trol.)
kommun,Sandviken,Sandviken,Jerry Sandgren,jerry sandgren,Centerpartiet,C,Omsorgsnämnden,Förste vice ordförande,omsorg/vård,styre (trol.)
kommun,Sandviken,Sandviken,Lena Erixon,lena erixon,Socialdemokraterna,S,Individ- och familjeomsorgsnämnden,Förste vice ordförande,omsorg/vård,styre (trol.)
kommun,Sandviken,Sandviken,Magnus Isomäki,magnus isomaki,Moderaterna,M,Individ- och familjeomsorgsnämnden,Andre vice ordförande,omsorg/vård,opposition (trol.)
kommun,Sandviken,Sandviken,Per-Ewert Olsson Björk,per-ewert olsson bjork,Centerpartiet,C,Individ- och familjeomsorgsnämnden,Ordförande,omsorg/vård,styre (trol.)
kommun,Sandviken,Sandviken,Robert Sten,robert sten,Socialdemokraterna,S,Omsorgsnämnden,Ordförande,omsorg/vård,styre (trol.)
kommun,Sigtuna,Sigtuna,Johan Henrikson,johan henrikson,Moderaterna,M,Kommunstyrelsen,Vice ordförande,ledning,styre (trol.)
kommun,Sigtuna,Sigtuna,Marie Axelsson,marie axelsson,Socialdemokraterna,S,Kommunstyrelsen,2:e vice ordförande,ledning,opposition (trol.)
kommun,Sigtuna,Sigtuna,Mattias Askerson,mattias askerson,Moderaterna,M,Kommunstyrelsen,Ordförande,ledning,styre (trol.)
kommun,Sigtuna,Sigtuna,Anna Malm Kelfve,anna malm kelfve,Moderaterna,M,Socialnämnden,Ordförande,omsorg/vård,styre (trol.)
kommun,Sigtuna,Sigtuna,Benny Olofsson,benny olofsson,Socialdemokraterna,S,Socialnämnden,2:e vice ordförande,omsorg/vård,opposition (trol.)
kommun,Sigtuna,Sigtuna,Erik Sedig,erik sedig,Kristdemokraterna,KD,Vård- och omsorgsnämnden,Ordförande,omsorg/vård,styre (trol.)
kommun,Sigtuna,Sigtuna,Josefin Brodd,josefin brodd,Moderaterna,M,Vård- och omsorgsnämnden,Vice ordförande,omsorg/vård,styre (trol.)
kommun,Sigtuna,Sigtuna,Kurt Pettersson,kurt pettersson,Kristdemokraterna,KD,Socialnämnden,Vice ordförande,omsorg/vård,styre (trol.)
kommun,Sigtuna,Sigtuna,Tomas Brandell,tomas brandell,Socialdemokraterna,S,Vård- och omsorgsnämnden,2:e vice ordförande,omsorg/vård,opposition (trol.)
kommun,Sigtuna,Sigtuna,Emel Karakaya,emel karakaya,Socialdemokraterna,S,Utbildningsnämnden,2:e vice ordförande,utbildning,opposition (trol.)
kommun,Sigtuna,Sigtuna,Johan Henrikson,johan henrikson,Moderaterna,M,Utbildningsnämnden,Ordförande,utbildning,styre (trol.)
kommun,Sigtuna,Sigtuna,Rune Öhlund,rune ohlund,Sverigedemokraterna,SD,Utbildningsnämnden,Vice ordförande,utbildning,styre (trol.)
kommun,Simrishamn,Simrishamn,Anders Johnsson,anders johnsson,Moderaterna,M,Kommunstyrelsen,Förste vice ordförande,ledning,styre (trol.)
kommun,Simrishamn,Simrishamn,Andreas Sjögren,andreas sjogren,Socialdemokraterna,S,Kommunstyrelsen,Andre vice ordförande,ledning,opposition (trol.)
kommun,Simrishamn,Simrishamn,Jeanette Ovesson,jeanette ovesson,Moderaterna,M,Kommunstyrelsen,Ordförande,ledning,styre (trol.)
kommun,Simrishamn,Simrishamn,Anne-Li Roshagen,anne-li roshagen,Kristdemokraterna,KD,Socialnämnden,Förste vice ordförande,omsorg/vård,styre (trol.)
kommun,Simrishamn,Simrishamn,Berit Olsson,berit olsson,Socialdemokraterna,S,Socialnämnden,Andre vice ordförande,omsorg/vård,opposition (trol.)
kommun,Simrishamn,Simrishamn,Ingela Bröndel,ingela brondel,Moderaterna,M,Socialnämnden,Ordförande,omsorg/vård,styre (trol.)
kommun,Simrishamn,Simrishamn,Christer Grankvist,christer grankvist,Socialdemokraterna,S,Barn- och utbildningsnämnden,Andre vice ordförande,utbildning,opposition (trol.)
kommun,Simrishamn,Simrishamn,Christina Brandt,christina brandt,Moderaterna,M,Barn- och utbildningsnämnden,Förste vice ordförande,utbildning,styre (trol.)
kommun,Simrishamn,Simrishamn,Jaennine Olesen,jaennine olesen,Moderaterna,M,Barn- och utbildningsnämnden,Ordförande,utbildning,styre (trol.)
kommun,Sjöbo,Sjöbo,André af Geijerstam,andre af geijerstam,Sverigedemokraterna,SD,Kommunstyrelsen,Andre vice ordförande,ledning,opposition (trol.)
kommun,Sjöbo,Sjöbo,Cecilia Olsson Carlsson,cecilia olsson carlsson,Socialdemokraterna,S,Kommunstyrelsen,Förste vice ordförande,ledning,styre (trol.)
kommun,Sjöbo,Sjöbo,Magnus Weberg,magnus weberg,Moderaterna,M,Kommunstyrelsen,Ordförande,ledning,styre (trol.)
kommun,Sjöbo,Sjöbo,Berit Lundström,berit lundstrom,Moderaterna,M,Vård- och omsorgsnämnd,Förste vice ordförande,omsorg/vård,styre (trol.)
kommun,Sjöbo,Sjöbo,Roland Wiking,roland wiking,Socialdemokraterna,S,Vård- och omsorgsnämnd,Ordförande,omsorg/vård,styre (trol.)
kommun,Sjöbo,Sjöbo,Staffan Olenskjöld,staffan olenskjold,Sverigedemokraterna,SD,Vård- och omsorgsnämnd,Andre vice ordförande,omsorg/vård,opposition (trol.)
kommun,Skara,Skara,Björn Salgren,bjorn salgren,Socialdemokraterna,S,Kommunstyrelsen,Förste vice ordförande,ledning,styre (trol.)
kommun,Skara,Skara,Gunilla Druve Jansson,gunilla druve jansson,Centerpartiet,C,Kommunstyrelsen,Ordförande,ledning,styre (trol.)
kommun,Skara,Skara,Ylva Pettersson,ylva pettersson,Moderaterna,M,Kommunstyrelsen,Andre vice ordförande,ledning,opposition (trol.)
kommun,Skara,Skara,Marie Nilsson,marie nilsson,Moderaterna,M,Omsorgsnämnden,Andre vice ordförande,omsorg/vård,opposition (trol.)
kommun,Skara,Skara,Michael Karlsson,michael karlsson,Socialdemokraterna,S,Omsorgsnämnden,Ordförande,omsorg/vård,styre (trol.)
kommun,Skara,Skara,Suzanne Johansson,suzanne johansson,Centerpartiet,C,Omsorgsnämnden,Förste vice ordförande,omsorg/vård,styre (trol.)
kommun,Skara,Skara,Anna Helgesson,anna helgesson,Socialdemokraterna,S,Barn- och utbildningsnämnden,Ordförande,utbildning,styre (trol.)
kommun,Skara,Skara,Lena Christersson,lena christersson,Socialdemokraterna,S,Barn- och utbildningsnämnden,Förste vice ordförande,utbildning,styre (trol.)
kommun,Skara,Skara,Tommy Schalén,tommy schalen,Moderaterna,M,Barn- och utbildningsnämnden,Andre vice ordförande,utbildning,opposition (trol.)
kommun,Skellefteå,Skellefteå,Evelina Fahlesson,evelina fahlesson,Socialdemokraterna,S,Kommunstyrelsen,Förste vice ordförande,ledning,styre (trol.)
kommun,Skellefteå,Skellefteå,Joakim Wallström,joakim wallstrom,Vänsterpartiet,V,Kommunstyrelsen,Andre vice ordförande,ledning,opposition (trol.)
kommun,Skellefteå,Skellefteå,Lorents Burman,lorents burman,Socialdemokraterna,S,Kommunstyrelsen,Ordförande,ledning,styre (trol.)
kommun,Skellefteå,Skellefteå,Anette Viola Lindgren,anette viola lindgren,Moderaterna,M,Socialnämnd,Andre vice ordförande,omsorg/vård,opposition (trol.)
kommun,Skellefteå,Skellefteå,Anna Lundström,anna lundstrom,Socialdemokraterna,S,Socialnämnd,Förste vice ordförande,omsorg/vård,styre (trol.)
kommun,Skellefteå,Skellefteå,Magnus Nilsson,magnus nilsson,Socialdemokraterna,S,Socialnämnd,Ordförande,omsorg/vård,styre (trol.)
kommun,Skellefteå,Skellefteå,Annica Blom,annica blom,Vänsterpartiet,V,Gymnasienämnden,Förste vice ordförande,utbildning,styre (trol.)
kommun,Skellefteå,Skellefteå,Elin Segerstedt Söderberg,elin segerstedt soderberg,Moderaterna,M,För- och grundskolenämnd,Andre vice ordförande,utbildning,opposition (trol.)
kommun,Skellefteå,Skellefteå,Filip Palukka,filip palukka,Vänsterpartiet,V,För- och grundskolenämnd,Förste vice ordförande,utbildning,styre (trol.)
kommun,Skellefteå,Skellefteå,Fredrik Stenberg,fredrik stenberg,Socialdemokraterna,S,För- och grundskolenämnd,Ordförande,utbildning,styre (trol.)
kommun,Skellefteå,Skellefteå,Jens Wennberg,jens wennberg,Liberalerna,L,Gymnasienämnden,Andre vice ordförande,utbildning,opposition (trol.)
kommun,Skellefteå,Skellefteå,Joakim Dahlgren,joakim dahlgren,Socialdemokraterna,S,Gymnasienämnden,Ordförande,utbildning,styre (trol.)
kommun,Skinnskatteberg,Skinnskatteberg,Bo Öberg,bo oberg,Moderaterna,M,Kommunstyrelsen,Förste vice ordförande,ledning,styre (trol.)
kommun,Skinnskatteberg,Skinnskatteberg,Fredrik Wigerskog,fredrik wigerskog,Socialdemokraterna,S,Kommunstyrelsen,Andre vice ordförande,ledning,opposition (trol.)
kommun,Skinnskatteberg,Skinnskatteberg,Jonny Emtin,jonny emtin,Sverigedemokraterna,SD,Kommunstyrelsen,Ordförande,ledning,styre (trol.)
kommun,Skinnskatteberg,Skinnskatteberg,Elisabeth Åberg,elisabeth aberg,Liberalerna,L,Socialnämnden,Ordförande,omsorg/vård,styre (trol.)
kommun,Skinnskatteberg,Skinnskatteberg,Vanja Leneklint,vanja leneklint,Liberalerna,L,Socialnämnden,Förste vice ordförande,omsorg/vård,styre (trol.)
kommun,Skövde,Skövde,Johan Ask,johan ask,Socialdemokraterna,S,Kommunstyrelsen,Förste vice ordförande,ledning,styre (trol.)
kommun,Skövde,Skövde,Theres Sahlström,theres sahlstrom,Moderaterna,M,Kommunstyrelsen,Ordförande,ledning,styre (trol.)
kommun,Skövde,Skövde,Torbjörn Bergman,torbjorn bergman,Skövdepartiet,Skövdepartiet,Kommunstyrelsen,Andre vice ordförande,ledning,opposition (trol.)
kommun,Skövde,Skövde,Anders Karlsson,anders karlsson,Moderaterna,M,Vård- och omsorgsnämnden,Förste vice ordförande,omsorg/vård,styre (trol.)
kommun,Skövde,Skövde,Anita Löfgren,anita lofgren,Socialdemokraterna,S,Socialnämnden,Ordförande,omsorg/vård,styre (trol.)
kommun,Skövde,Skövde,Kenneth Källström,kenneth kallstrom,Sverigedemokraterna,SD,Socialnämnden,Andre vice ordförande,omsorg/vård,opposition (trol.)
kommun,Skövde,Skövde,Lene Lorentzen,lene lorentzen,Socialdemokraterna,S,Vård- och omsorgsnämnden,Ordförande,omsorg/vård,styre (trol.)
kommun,Skövde,Skövde,Marie Ekman,marie ekman,Skövdepartiet,Skövdepartiet,Vård- och omsorgsnämnden,Andre vice ordförande,omsorg/vård,opposition (trol.)
kommun,Skövde,Skövde,Patrik Carlsson,patrik carlsson,Kristdemokraterna,KD,Socialnämnden,Förste vice ordförande,omsorg/vård,styre (trol.)
kommun,Skövde,Skövde,Kayda Lazar,kayda lazar,Socialdemokraterna,S,Barn- och utbildningsnämnden,Förste vice ordförande,utbildning,styre (trol.)
kommun,Skövde,Skövde,Marianne Gustafson,marianne gustafson,Kristdemokraterna,KD,Barn- och utbildningsnämnden,Ordförande,utbildning,styre (trol.)
kommun,Skövde,Skövde,Therese Steise,therese steise,Sverigedemokraterna,SD,Barn- och utbildningsnämnden,Andre vice ordförande,utbildning,opposition (trol.)
kommun,Smedjebacken,Smedjebacken,Fredrik Rönning,fredrik ronning,Socialdemokraterna,S,Kommunstyrelsen,Ordförande,ledning,styre (trol.)
kommun,Smedjebacken,Smedjebacken,Matilda Kilström,matilda kilstrom,Socialdemokraterna,S,Kommunstyrelsen,Förste vice ordförande,ledning,styre (trol.)
kommun,Smedjebacken,Smedjebacken,Christopher Nilsson,christopher nilsson,Socialdemokraterna,S,Omsorgsnämnden,Ordförande,omsorg/vård,styre (trol.)
kommun,Smedjebacken,Smedjebacken,Ellen Hyttsten,ellen hyttsten,Socialdemokraterna,S,Omsorgsnämnden,Förste vice ordförande,omsorg/vård,styre (trol.)
kommun,Smedjebacken,Smedjebacken,Björn Wallén,bjorn wallen,Socialdemokraterna,S,Familje- och utbildningsnämnden,Förste vice ordförande,utbildning,styre (trol.)
kommun,Smedjebacken,Smedjebacken,Matilda Kilström,matilda kilstrom,Socialdemokraterna,S,Familje- och utbildningsnämnden,Ordförande,utbildning,styre (trol.)
kommun,Sollefteå,Sollefteå,Birgitta Häggkvist,birgitta haggkvist,Västra initiativet,Västra initiativet,Kommunstyrelsen,Förste vice ordförande,ledning,styre (trol.)
kommun,Sollefteå,Sollefteå,Emelie Wrede,emelie wrede,Centerpartiet,C,Kommunstyrelsen,Ordförande,ledning,styre (trol.)
kommun,Sollefteå,Sollefteå,John Åberg,john aberg,Socialdemokraterna,S,Kommunstyrelsen,Andre vice ordförande,ledning,opposition (trol.)
kommun,Sollentuna,Sollentuna,Anna-Lena Johansson,anna-lena johansson,Liberalerna,L,VÅRD- OCH OMSORGSNÄMNDEN,Ordförande,omsorg/vård,styre (trol.)
kommun,Sollentuna,Sollentuna,Britt Stålhandske,britt stalhandske,Socialdemokraterna,S,VÅRD- OCH OMSORGSNÄMNDEN,2:e vice ordförande,omsorg/vård,opposition (trol.)
kommun,Sollentuna,Sollentuna,Gunilla Hultman,gunilla hultman,Socialdemokraterna,S,SOCIALNÄMND,2:e vice ordförande,omsorg/vård,opposition (trol.)
kommun,Sollentuna,Sollentuna,Gunilla Hultman,gunilla hultman,Socialdemokraterna,S,SOCIALNÄMNDEN SOCIALT UTSKOTT,2:e vice ordförande,omsorg/vård,opposition (trol.)
kommun,Sollentuna,Sollentuna,Josefin Silverfur,josefin silverfur,Centerpartiet,C,SOCIALNÄMND,1:e vice ordförande,omsorg/vård,styre (trol.)
kommun,Sollentuna,Sollentuna,Josefin Silverfur,josefin silverfur,Centerpartiet,C,SOCIALNÄMNDEN SOCIALT UTSKOTT,1:e vice ordförande,omsorg/vård,styre (trol.)
kommun,Sollentuna,Sollentuna,Rebecca Nordin Vainio,rebecca nordin vainio,Moderaterna,M,SOCIALNÄMND,Ordförande,omsorg/vård,styre (trol.)
kommun,Sollentuna,Sollentuna,Rebecca Nordin Vainio,rebecca nordin vainio,Moderaterna,M,SOCIALNÄMNDEN SOCIALT UTSKOTT,Ordförande,omsorg/vård,styre (trol.)
kommun,Sollentuna,Sollentuna,Veronica Liedberg,veronica liedberg,Moderaterna,M,VÅRD- OCH OMSORGSNÄMNDEN,1:e vice ordförande,omsorg/vård,styre (trol.)
kommun,Sollentuna,Sollentuna,Magnus Nyberg Blixt,magnus nyberg blixt,Liberalerna,L,UTBILDNINGSNÄMNDEN,1:e vice ordförande,utbildning,styre (trol.)
kommun,Sollentuna,Sollentuna,Soley Aksöz Lithborn,soley aksoz lithborn,Moderaterna,M,UTBILDNINGSNÄMNDEN,Ordförande,utbildning,styre (trol.)
kommun,Sollentuna,Sollentuna,Swapna Sharma,swapna sharma,Socialdemokraterna,S,UTBILDNINGSNÄMNDEN,2:e vice ordförande,utbildning,opposition (trol.)
kommun,Solna,Solna,Lars Rådén,lars raden,Moderaterna,M,Kommunstyrelsen,2:e vice ordförande,ledning,opposition (trol.)
kommun,Solna,Solna,Martin Karlsson,martin karlsson,Centerpartiet,C,Kommunstyrelsen,1:e vice ordförande,ledning,styre (trol.)
kommun,Solna,Solna,Sara Kukka-Salam,sara kukka-salam,Socialdemokraterna,S,Kommunstyrelsen,Ordförande,ledning,styre (trol.)
kommun,Solna,Solna,Arion Chryssafis,arion chryssafis,Moderaterna,M,Socialnämnden,2:e vice ordförande,omsorg/vård,opposition (trol.)
kommun,Solna,Solna,Eva Pousette Grönqvist,eva pousette gronqvist,Socialdemokraterna,S,Omvårdnadsnämnden,1:e vice ordförande,omsorg/vård,styre (trol.)
kommun,Solna,Solna,Fredrik Johansson,fredrik johansson,Socialdemokraterna,S,Socialnämnden,1:e vice ordförande,omsorg/vård,styre (trol.)
kommun,Solna,Solna,Leif Åsbrink López,leif asbrink lopez,Vänsterpartiet,V,Socialnämnden,Ordförande,omsorg/vård,styre (trol.)
kommun,Solna,Solna,Martin Karlsson,martin karlsson,Centerpartiet,C,Omvårdnadsnämnden,Ordförande,omsorg/vård,styre (trol.)
kommun,Solna,Solna,Samuel Klippfalk,samuel klippfalk,Kristdemokraterna,KD,Omvårdnadsnämnden,2:e vice ordförande,omsorg/vård,opposition (trol.)
kommun,Solna,Solna,Eva Eriksson,eva eriksson,Socialdemokraterna,S,Skolnämnden,Ordförande,utbildning,styre (trol.)
kommun,Solna,Solna,Ewy Olausson,ewy olausson,Vänsterpartiet,V,Förskolenämnden,1:e vice ordförande,utbildning,styre (trol.)
kommun,Solna,Solna,Indra Karreskog Rehbinder,indra karreskog rehbinder,Centerpartiet,C,Förskolenämnden,Ordförande,utbildning,styre (trol.)
kommun,Solna,Solna,Olle Nykvist,olle nykvist,Centerpartiet,C,Skolnämnden,1:e vice ordförande,utbildning,styre (trol.)
kommun,Solna,Solna,Veronika de Jonge,veronika de jonge,Moderaterna,M,Skolnämnden,2:e vice ordförande,utbildning,opposition (trol.)
kommun,Solna,Solna,Zanna Mårtensson,zanna martensson,Moderaterna,M,Förskolenämnden,2:e vice ordförande,utbildning,opposition (trol.)
kommun,Sotenäs,Sotenäs,Eva Abrahamsson,eva abrahamsson,Moderaterna,M,Kommunstyrelsen,Andre vice ordförande,ledning,opposition (trol.)
kommun,Sotenäs,Sotenäs,Mattias Larsson,mattias larsson,Socialdemokraterna,S,Kommunstyrelsen,Förste vice ordförande,ledning,styre (trol.)
kommun,Sotenäs,Sotenäs,Therese Mancini,therese mancini,Socialdemokraterna,S,Kommunstyrelsen,Ordförande,ledning,styre (trol.)
kommun,Sotenäs,Sotenäs,Gerardo Alas,gerardo alas,Socialdemokraterna,S,Omsorgsnämnden,Förste vice ordförande,omsorg/vård,styre (trol.)
kommun,Sotenäs,Sotenäs,Maria Arnborg,maria arnborg,Moderaterna,M,Omsorgsnämnden,Andre vice ordförande,omsorg/vård,opposition (trol.)
kommun,Sotenäs,Sotenäs,Sanna Lundström,sanna lundstrom,Socialdemokraterna,S,Omsorgsnämnden,Ordförande,omsorg/vård,styre (trol.)
kommun,Sotenäs,Sotenäs,Ann-Sofie Svensson,ann-sofie svensson,Socialdemokraterna,S,Utbildningsnämnden,Förste vice ordförande,utbildning,styre (trol.)
kommun,Sotenäs,Sotenäs,Lotta Johansson,lotta johansson,Socialdemokraterna,S,Utbildningsnämnden,Ordförande,utbildning,styre (trol.)
kommun,Sotenäs,Sotenäs,Roland Mattsson,roland mattsson,Moderaterna,M,Utbildningsnämnden,Andre vice ordförande,utbildning,opposition (trol.)
kommun,Staffanstorp,Staffanstorp,Christian Sonesson,christian sonesson,Moderaterna,M,Kommunstyrelsen,Ordförande,ledning,styre (trol.)
kommun,Staffanstorp,Staffanstorp,Eric Tabich,eric tabich,Moderaterna,M,Kommunstyrelsen,Förste vice ordförande,ledning,styre (trol.)
kommun,Staffanstorp,Staffanstorp,Richard Frid,richard frid,Socialdemokraterna,S,Kommunstyrelsen,Andre vice ordförande,ledning,opposition (trol.)
kommun,Staffanstorp,Staffanstorp,Margareta Pauli,margareta pauli,Moderaterna,M,Omsorgsnämnden,Ordförande,omsorg/vård,styre (trol.)
kommun,Staffanstorp,Staffanstorp,Pia Jönsson,pia jonsson,Socialdemokraterna,S,Omsorgsnämnden,Andre vice ordförande,omsorg/vård,opposition (trol.)
kommun,Staffanstorp,Staffanstorp,Rolf Jörgensson,rolf jorgensson,Sverigedemokraterna,SD,Omsorgsnämnden,Förste vice ordförande,omsorg/vård,styre (trol.)
kommun,Staffanstorp,Staffanstorp,Laila Olsen,laila olsen,Socialdemokraterna,S,Utbildningsnämnden,Andre vice ordförande,utbildning,opposition (trol.)
kommun,Staffanstorp,Staffanstorp,Margit Persson Békássy,margit persson bekassy,Sverigedemokraterna,SD,Utbildningsnämnden,Förste vice ordförande,utbildning,styre (trol.)
kommun,Staffanstorp,Staffanstorp,Åsa Ekstrand,asa ekstrand,Moderaterna,M,Utbildningsnämnden,Ordförande,utbildning,styre (trol.)
kommun,Stenungsund,Stenungsund,Annika Åberg Darell,annika aberg darell,Vänsterpartiet,V,Kommunstyrelsen,Andre vice ordförande,ledning,opposition (trol.)
kommun,Stenungsund,Stenungsund,Maria Renfors,maria renfors,Moderaterna,M,Kommunstyrelsen,Förste vice ordförande,ledning,styre (trol.)
kommun,Stenungsund,Stenungsund,Olof Lundberg,olof lundberg,Socialdemokraterna,S,Kommunstyrelsen,Ordförande,ledning,styre (trol.)
kommun,Stockholm,Stockholm,Alexandra Mattsson,alexandra mattsson,Vänsterpartiet,V,Kommunstyrelsen,2:e vice ordförande,ledning,opposition (trol.)
kommun,Stockholm,Stockholm,Christofer Fjellner,christofer fjellner,Moderaterna,M,Kommunstyrelsen,1:e vice ordförande,ledning,styre (trol.)
kommun,Stockholm,Stockholm,Karin Wanngård,karin wanngard,Socialdemokraterna,S,Kommunstyrelsen,Ordförande,ledning,styre (trol.)
kommun,Stockholm,Stockholm,Alexander Ojanne,alexander ojanne,Socialdemokraterna,S,Socialnämnden,Ordförande,omsorg/vård,styre (trol.)
kommun,Stockholm,Stockholm,Jan Jönsson,jan jonsson,Liberalerna,L,Socialnämnden,Vice ordförande,omsorg/vård,styre (trol.)
kommun,Stockholm,Stockholm,Nike Örbrink,nike orbrink,Kristdemokraterna,KD,Äldrenämnden,Vice ordförande,omsorg/vård,styre (trol.)
kommun,Stockholm,Stockholm,Robert Mjörnberg,robert mjornberg,Vänsterpartiet,V,Äldrenämnden,Ordförande,omsorg/vård,styre (trol.)
kommun,Stockholm,Stockholm,Alexandra Mattsson,alexandra mattsson,Vänsterpartiet,V,Förskolenämnden,Ordförande,utbildning,styre (trol.)
kommun,Stockholm,Stockholm,Andréa Hedin,andrea hedin,Moderaterna,M,Utbildningsnämnden,Vice ordförande,utbildning,styre (trol.)
kommun,Stockholm,Stockholm,Emilia Bjuggren,emilia bjuggren,Socialdemokraterna,S,Utbildningsnämnden,Ordförande,utbildning,styre (trol.)
kommun,Stockholm,Stockholm,Åsa Nilsson Söderström,asa nilsson soderstrom,Liberalerna,L,Förskolenämnden,Vice ordförande,utbildning,styre (trol.)
kommun,Storfors,Storfors,Eva-Lotta Härdig Eriksson,eva-lotta hardig eriksson,Socialdemokraterna,S,Kommunstyrelsen,Förste vice ordförande,ledning,styre (trol.)
kommun,Storuman,Storuman,Ulf Vidman,ulf vidman,Moderaterna,M,Kommunstyrelsen,Förste vice ordförande,ledning,styre (trol.)
kommun,Storuman,Storuman,Ulrik Dahlgren,ulrik dahlgren,Socialdemokraterna,S,Kommunstyrelsen,Ordförande,ledning,styre (trol.)
kommun,Storuman,Storuman,Karin Holmner,karin holmner,Moderaterna,M,Omsorgsnämnden,Förste vice ordförande,omsorg/vård,styre (trol.)
kommun,Storuman,Storuman,Roland Gustafsson,roland gustafsson,Kristdemokraterna,KD,Omsorgsnämnden,Ordförande,omsorg/vård,styre (trol.)
kommun,Storuman,Storuman,Anders Persson,anders persson,Centerpartiet,C,"Fritids-, kultur- och utbildningsnämnden",Ordförande,utbildning,styre (trol.)
kommun,Storuman,Storuman,Lotten Wahlström,lotten wahlstrom,Liberalerna,L,"Fritids-, kultur- och utbildningsnämnden",Förste vice ordförande,utbildning,styre (trol.)
kommun,Strängnäs,Strängnäs,Anders Härnbro,anders harnbro,Socialdemokraterna,S,Kommunstyrelsen,Förste vice ordförande,ledning,styre (trol.)
kommun,Strängnäs,Strängnäs,Jacob Högfeldt,jacob hogfeldt,Moderaterna,M,Kommunstyrelsen,Ordförande,ledning,styre (trol.)
kommun,Strängnäs,Strängnäs,Lars Larsson,lars larsson,Lokalpartiet,Lokalpartiet,Kommunstyrelsen,Andre vice ordförande,ledning,opposition (trol.)
kommun,Strängnäs,Strängnäs,Merja Kylmämaa,merja kylmamaa,Vänsterpartiet,V,Socialnämnden,Andre vice ordförande,omsorg/vård,opposition (trol.)
kommun,Strängnäs,Strängnäs,Thord Modin,thord modin,Socialdemokraterna,S,Socialnämnden,Ordförande,omsorg/vård,styre (trol.)
kommun,Strängnäs,Strängnäs,Thore Berggren,thore berggren,Moderaterna,M,Socialnämnden,Förste vice ordförande,omsorg/vård,styre (trol.)
kommun,Strängnäs,Strängnäs,Catharina St Cyr,catharina st cyr,Moderaterna,M,Barn- och utbildningsnämnden,Ordförande,utbildning,styre (trol.)
kommun,Strängnäs,Strängnäs,Hanna Lindahl,hanna lindahl,Centerpartiet,C,Barn- och utbildningsnämnden,Andre vice ordförande,utbildning,opposition (trol.)
kommun,Strängnäs,Strängnäs,Nasra Ali,nasra ali,Socialdemokraterna,S,Barn- och utbildningsnämnden,Förste vice ordförande,utbildning,styre (trol.)
kommun,Strömstad,Strömstad,Fredrik Eriksson,fredrik eriksson,Sverigedemokraterna,SD,Kommunstyrelsen,Andre vice ordförande,ledning,opposition (trol.)
kommun,Strömstad,Strömstad,Kent Hansson,kent hansson,Socialdemokraterna,S,Kommunstyrelsen,Ordförande,ledning,styre (trol.)
kommun,Strömstad,Strömstad,Marie Edvinsson Kristiansen,marie edvinsson kristiansen,Moderaterna,M,Kommunstyrelsen,Förste vice ordförande,ledning,styre (trol.)
kommun,Strömstad,Strömstad,Besnik Obërtinca,besnik obertinca,Socialdemokraterna,S,Socialnämnden,Förste vice ordförande,omsorg/vård,styre (trol.)
kommun,Strömstad,Strömstad,Eugenia Eriksson,eugenia eriksson,Sverigedemokraterna,SD,Socialnämnden,Andre vice ordförande,omsorg/vård,opposition (trol.)
kommun,Strömstad,Strömstad,Per Stade,per stade,Moderaterna,M,Socialnämnden,Ordförande,omsorg/vård,styre (trol.)
kommun,Strömstad,Strömstad,Ann-Louise Ejderlind,ann-louise ejderlind,Liberalerna,L,Barn- och utbildningsnämnden,Andre vice ordförande,utbildning,opposition (trol.)
kommun,Strömstad,Strömstad,Ronnie Brorsson,ronnie brorsson,Socialdemokraterna,S,Barn- och utbildningsnämnden,Ordförande,utbildning,styre (trol.)
kommun,Strömstad,Strömstad,Stellan Nilsson,stellan nilsson,Vänsterpartiet,V,Barn- och utbildningsnämnden,Förste vice ordförande,utbildning,styre (trol.)
kommun,Sundbyberg,Sundbyberg,Ayla Eftekhari,ayla eftekhari,Socialdemokraterna,S,Kommunstyrelsen,ordförande,ledning,styre (trol.)
kommun,Sundbyberg,Sundbyberg,Gustaf Reinfeldt,gustaf reinfeldt,Moderaterna,M,Kommunstyrelsen,2:e vice ordförande,ledning,opposition (trol.)
kommun,Sundbyberg,Sundbyberg,Stefan Bergström,stefan bergstrom,Centerpartiet,C,Kommunstyrelsen,1:e vice ordförande,ledning,styre (trol.)
kommun,Sundbyberg,Sundbyberg,Esma Yagci,esma yagci,Socialdemokraterna,S,Äldrenämnden,1:e vice ordförande,omsorg/vård,styre (trol.)
kommun,Sundbyberg,Sundbyberg,Ritva Runestad,ritva runestad,Moderaterna,M,Äldrenämnden,2:e vice ordförande,omsorg/vård,opposition (trol.)
kommun,Sundbyberg,Sundbyberg,Towe Bengtsson,towe bengtsson,Vänsterpartiet,V,Äldrenämnden,ordförande,omsorg/vård,styre (trol.)
kommun,Sundbyberg,Sundbyberg,Amanda Möllenhoff,amanda mollenhoff,Vänsterpartiet,V,Förskolenämnden,ordförande,utbildning,styre (trol.)
kommun,Sundbyberg,Sundbyberg,Douglas Thor,douglas thor,Moderaterna,M,Grundskole- och gymnasienämnden,2:e vice ordförande,utbildning,opposition (trol.)
kommun,Sundbyberg,Sundbyberg,Edit Holmqvist,edit holmqvist,Miljöpartiet,Miljöpartiet,Förskolenämnden,1:e vice ordförande,utbildning,styre (trol.)
kommun,Sundbyberg,Sundbyberg,Eric Vänerlöv Avedal,eric vanerlov avedal,Socialdemokraterna,S,Grundskole- och gymnasienämnden,ordförande,utbildning,styre (trol.)
kommun,Sundbyberg,Sundbyberg,Jens Johansson,jens johansson,Centerpartiet,C,Grundskole- och gymnasienämnden,1:e vice ordförande,utbildning,styre (trol.)
kommun,Sundbyberg,Sundbyberg,Johan Storåkers,johan storakers,Liberalerna,L,Förskolenämnden,2:e vice ordförande,utbildning,opposition (trol.)
kommun,Sundsvall,Sundsvall,Lisa Tynnemark,lisa tynnemark,Socialdemokraterna,S,Kommunstyrelsen,Förste vice ordförande,ledning,styre (trol.)
kommun,Sundsvall,Sundsvall,Niklas Säwén,niklas sawen,Socialdemokraterna,S,Kommunstyrelsen,Ordförande,ledning,styre (trol.)
kommun,Sundsvall,Sundsvall,Elisabeth Pettersson,elisabeth pettersson,Vänsterpartiet,V,Vård- och omsorgsnämnden,Förste vice ordförande,omsorg/vård,styre (trol.)
kommun,Sundsvall,Sundsvall,Mikael Westin,mikael westin,Socialdemokraterna,S,Vård- och omsorgsnämnden,Ordförande,omsorg/vård,styre (trol.)
kommun,Sundsvall,Sundsvall,Desislava Cvetkova,desislava cvetkova,Socialdemokraterna,S,Barn- och utbildningsnämnden,Förste vice ordförande,utbildning,styre (trol.)
kommun,Sundsvall,Sundsvall,Petter Ådahl,petter adahl,Socialdemokraterna,S,Barn- och utbildningsnämnden,Ordförande,utbildning,styre (trol.)
kommun,Sunne,Sunne,Henrik Frykberger,henrik frykberger,Moderaterna,M,Kommunalråd och oppositionsråd,Kommunalråd,ledning,styre (trol.)
kommun,Sunne,Sunne,Henrik Frykberger,henrik frykberger,Moderaterna,M,Kommunstyrelsen,Ordförande,ledning,styre (trol.)
kommun,Sunne,Sunne,Linda Johansson,linda johansson,Socialdemokraterna,S,Kommunalråd och oppositionsråd,Oppositionsråd,ledning,opposition
kommun,Sunne,Sunne,Linda Johansson,linda johansson,Socialdemokraterna,S,Kommunstyrelsen,Andre vice ordförande,ledning,opposition (trol.)
kommun,Sunne,Sunne,Marianne Åhman,marianne ahman,Liberalerna,L,Kommunstyrelsen,Förste vice ordförande,ledning,styre (trol.)
kommun,Surahammar,Surahammar,Beatrice Granlund,beatrice granlund,Socialdemokraterna,S,Kommunstyrelsen,Förste vice ordförande,ledning,styre (trol.)
kommun,Surahammar,Surahammar,Johanna Olofsson,johanna olofsson,Moderaterna,M,Kommunstyrelsen,Ordförande,ledning,styre (trol.)
kommun,Surahammar,Surahammar,Lars-Göran Bärling,lars-goran barling,Kristdemokraterna,KD,Socialnämnden,Förste vice ordförande,omsorg/vård,styre (trol.)
kommun,Surahammar,Surahammar,Glenn Baringson,glenn baringson,Socialdemokraterna,S,Barn- och bildningsnämnde­n,Ordförande,utbildning,styre (trol.)
kommun,Surahammar,Surahammar,Sirpa Lindvall,sirpa lindvall,Moderaterna,M,Barn- och bildningsnämnde­n,Förste vice ordförande,utbildning,styre (trol.)
kommun,Svalöv,Svalöv,Anna Berg von Linde,anna berg von linde,Moderaterna,M,Kommunstyrelsen,Förste vice ordförande,ledning,styre (trol.)
kommun,Svalöv,Svalöv,Jan Zielinski,jan zielinski,Socialdemokraterna,S,Kommunstyrelsen,Andre vice ordförande,ledning,opposition (trol.)
kommun,Svalöv,Svalöv,Teddy Nilsson,teddy nilsson,Sverigedemokraterna,SD,Kommunstyrelsen,Ordförande,ledning,styre (trol.)
kommun,Svalöv,Svalöv,Aase Jönsson,aase jonsson,Kristdemokraterna,KD,Socialnämnden,Ordförande,omsorg/vård,styre (trol.)
kommun,Svalöv,Svalöv,Anna Berg von Linde,anna berg von linde,Moderaterna,M,Socialnämnden,Förste vice ordförande,omsorg/vård,styre (trol.)
kommun,Svalöv,Svalöv,Anna Berg von Linde,anna berg von linde,Moderaterna,M,Socialnämndens individ- och familjeutskott,Ordförande,omsorg/vård,styre (trol.)
kommun,Svalöv,Svalöv,Anneli Persson,anneli persson,Socialdemokraterna,S,Socialnämnden,Andre vice ordförande,omsorg/vård,opposition (trol.)
kommun,Svalöv,Svalöv,Sonja Henriksson Zielinski,sonja henriksson zielinski,Socialdemokraterna,S,Socialnämndens individ- och familjeutskott,Förste vice ordförande,omsorg/vård,styre (trol.)
kommun,Svedala,Svedala,Ambjörn Hardenstedt,ambjorn hardenstedt,Socialdemokraterna,S,Kommunstyrelsen,Andre vice ordförande,ledning,opposition (trol.)
kommun,Svedala,Svedala,Erik Stoy,erik stoy,Moderaterna,M,Kommunstyrelsen,Ordförande,ledning,styre (trol.)
kommun,Svedala,Svedala,Sara Ripa,sara ripa,Centerpartiet,C,Kommunstyrelsen,Förste vice ordförande,ledning,styre (trol.)
kommun,Svedala,Svedala,Carin Falck,carin falck,Barapartiet,Barapartiet,Socialnämnden,Förste vice ordförande,omsorg/vård,styre (trol.)
kommun,Svedala,Svedala,Per Mattsson,per mattsson,Moderaterna,M,Socialnämnden,Ordförande,omsorg/vård,styre (trol.)
kommun,Svedala,Svedala,Torbjörn Sköld,torbjorn skold,Socialdemokraterna,S,Socialnämnden,Andre vice ordförande,omsorg/vård,opposition (trol.)
kommun,Svedala,Svedala,Hans Järvestam,hans jarvestam,Moderaterna,M,Utbildningsnämnden,Ordförande,utbildning,styre (trol.)
kommun,Svedala,Svedala,Heléne Hardenstedt,helene hardenstedt,Socialdemokraterna,S,Utbildningsnämnden,Andre vice ordförande,utbildning,opposition (trol.)
kommun,Svedala,Svedala,Kristoffer Linné,kristoffer linne,Liberalerna,L,Utbildningsnämnden,Förste vice ordförande,utbildning,styre (trol.)
kommun,Säffle,Säffle,Markus Bäckström,markus backstrom,Centerpartiet,C,Kommunstyrelsen,Ordförande,ledning,styre (trol.)
kommun,Säffle,Säffle,Ola Johansson,ola johansson,Moderaterna,M,Kommunstyrelsen,Förste vice ordförande,ledning,styre (trol.)
kommun,Säffle,Säffle,Stefan Ljung,stefan ljung,Socialdemokraterna,S,Kommunstyrelsen,Andre vice ordförande,ledning,opposition (trol.)
kommun,Säffle,Säffle,Anita Karlsson,anita karlsson,Centerpartiet,C,Socialnämnden,Ordförande,omsorg/vård,styre (trol.)
kommun,Säffle,Säffle,Annica Jansson,annica jansson,Moderaterna,M,Socialnämnden,Förste vice ordförande,omsorg/vård,styre (trol.)
kommun,Säffle,Säffle,Lillie Karlsson,lillie karlsson,Socialdemokraterna,S,Socialnämnden,Andre vice ordförande,omsorg/vård,opposition (trol.)
kommun,Säffle,Säffle,Johan Olsson,johan olsson,Socialdemokraterna,S,Barn- och utbildningsnämnden,Andre vice ordförande,utbildning,opposition (trol.)
kommun,Säffle,Säffle,Linda-Marie Sjögren,linda-marie sjogren,Centerpartiet,C,Barn- och utbildningsnämnden,Förste vice ordförande,utbildning,styre (trol.)
kommun,Säffle,Säffle,Thomas Jarlhamre,thomas jarlhamre,Moderaterna,M,Barn- och utbildningsnämnden,Ordförande,utbildning,styre (trol.)
kommun,Säter,Säter,Karin Frejd,karin frejd,Centerpartiet,C,Kommunstyrelsen,Förste vice ordförande,ledning,styre (trol.)
kommun,Säter,Säter,Mats Nilsson,mats nilsson,Socialdemokraterna,S,Kommunstyrelsen,Ordförande,ledning,styre (trol.)
kommun,Säter,Säter,Daniel Hedenbro,daniel hedenbro,Centerpartiet,C,Socialnämnden,Förste vice ordförande,omsorg/vård,styre (trol.)
kommun,Säter,Säter,Hans-Göran Steneryd,hans-goran steneryd,Socialdemokraterna,S,Socialnämnden,Ordförande,omsorg/vård,styre (trol.)
kommun,Säter,Säter,Monica Falk Mannerhagen,monica falk mannerhagen,Moderaterna,M,Socialnämnden,Andre vice ordförande,omsorg/vård,opposition (trol.)
kommun,Säter,Säter,Emelie Ekberg,emelie ekberg,Moderaterna,M,Barn- och utbildningsnämnden,Andre vice ordförande,utbildning,opposition (trol.)
kommun,Säter,Säter,Helena Andersson,helena andersson,Socialdemokraterna,S,Barn- och utbildningsnämnden,Ordförande,utbildning,styre (trol.)
kommun,Säter,Säter,Marie Javanainen,marie javanainen,Centerpartiet,C,Barn- och utbildningsnämnden,Förste vice ordförande,utbildning,styre (trol.)
kommun,Sävsjö,Sävsjö,Göran Häll,goran hall,Socialdemokraterna,S,Kommunstyrelsen,Förste vice ordförande,ledning,styre (trol.)
kommun,Sävsjö,Sävsjö,Mats Hermansson,mats hermansson,Moderaterna,M,Kommunstyrelsen,Andre vice ordförande,ledning,opposition (trol.)
kommun,Sävsjö,Sävsjö,Therese Petersson,therese petersson,Kristdemokraterna,KD,Kommunstyrelsen,Ordförande,ledning,styre (trol.)
kommun,Sävsjö,Sävsjö,Bengt Swerlander,bengt swerlander,Kristdemokraterna,KD,Socialnämnden,Förste vice ordförande,omsorg/vård,styre (trol.)
kommun,Sävsjö,Sävsjö,Gunnel Svensson,gunnel svensson,Moderaterna,M,Socialnämnden,Andre vice ordförande,omsorg/vård,opposition (trol.)
kommun,Sävsjö,Sävsjö,Kerstin Hvirf,kerstin hvirf,Socialdemokraterna,S,Socialnämnden,Ordförande,omsorg/vård,styre (trol.)
kommun,Sävsjö,Sävsjö,Carl-Johan Gustafsson,carl-johan gustafsson,Moderaterna,M,Barn- och utbildningsnämnden,Andre vice ordförande,utbildning,opposition (trol.)
kommun,Sävsjö,Sävsjö,Fredrik Håkansson,fredrik hakansson,Kristdemokraterna,KD,Barn- och utbildningsnämnden,Ordförande,utbildning,styre (trol.)
kommun,Sävsjö,Sävsjö,Victor Erliksson,victor erliksson,Socialdemokraterna,S,Barn- och utbildningsnämnden,Förste vice ordförande,utbildning,styre (trol.)
kommun,Söderhamn,Söderhamn,John-Erik Jansson,john-erik jansson,Centerpartiet,C,Kommunstyrelsen,Ordförande,ledning,styre (trol.)
kommun,Söderhamn,Söderhamn,Magnus Flyckt,magnus flyckt,Socialdemokraterna,S,Kommunstyrelsen,Andre vice ordförande,ledning,opposition (trol.)
kommun,Söderhamn,Söderhamn,Marjo Myllykoski,marjo myllykoski,Moderaterna,M,Kommunstyrelsen,Förste vice ordförande,ledning,styre (trol.)
kommun,Söderhamn,Söderhamn,Jan Nilsson,jan nilsson,Kristdemokraterna,KD,Barn- och lärandenämnden,Förste vice ordförande,utbildning,styre (trol.)
kommun,Söderhamn,Söderhamn,Jan Nilsson,jan nilsson,Kristdemokraterna,KD,"Barn- och lärandenämnden, sekretessärenden",Förste vice ordförande,utbildning,styre (trol.)
kommun,Söderhamn,Söderhamn,Jan Nilsson,jan nilsson,Kristdemokraterna,KD,Barn- och lärandenämndens individutskott,Förste vice ordförande,utbildning,styre (trol.)
kommun,Söderhamn,Söderhamn,Margareta Högberg,margareta hogberg,Centerpartiet,C,Barn- och lärandenämnden,Ordförande,utbildning,styre (trol.)
kommun,Söderhamn,Söderhamn,Margareta Högberg,margareta hogberg,Centerpartiet,C,"Barn- och lärandenämnden, sekretessärenden",Ordförande,utbildning,styre (trol.)
kommun,Söderhamn,Söderhamn,Margareta Högberg,margareta hogberg,Centerpartiet,C,Barn- och lärandenämndens individutskott,Ordförande,utbildning,styre (trol.)
kommun,Söderköping,Söderköping,Martin Sjölander,martin sjolander,Moderaterna,M,Kommunstyrelsen,Ordförande,ledning,styre (trol.)
kommun,Söderköping,Söderköping,Mattias Geving,mattias geving,Söderköpingsinitiativet,Söderköpingsinitiativet,Kommunstyrelsen,Förste vice ordförande,ledning,styre (trol.)
kommun,Söderköping,Söderköping,Ulric Nilsson,ulric nilsson,Centerpartiet,C,Kommunstyrelsen,Andre vice ordförande,ledning,opposition (trol.)
kommun,Söderköping,Söderköping,Bengt Svensson,bengt svensson,Moderaterna,M,Socialnämnden,Förste vice ordförande,omsorg/vård,styre (trol.)
kommun,Söderköping,Söderköping,Bengt Svensson,bengt svensson,Moderaterna,M,Socialnämndens individutskott,Förste vice ordförande,omsorg/vård,styre (trol.)
kommun,Söderköping,Söderköping,Emmeli Pernu,emmeli pernu,Sverigedemokraterna,SD,Socialnämnden,Andre vice ordförande,omsorg/vård,opposition (trol.)
kommun,Söderköping,Söderköping,Evelina Nilsson,evelina nilsson,Kristdemokraterna,KD,Socialnämnden,Ordförande,omsorg/vård,styre (trol.)
kommun,Söderköping,Söderköping,Evelina Nilsson,evelina nilsson,Kristdemokraterna,KD,Socialnämndens individutskott,Ordförande,omsorg/vård,styre (trol.)
kommun,Söderköping,Söderköping,Anders Bevemyr,anders bevemyr,Söderköpingsinitiativet,Söderköpingsinitiativet,Barn- och utbildningsnämnden,Ordförande,utbildning,styre (trol.)
kommun,Söderköping,Söderköping,Caroline Gustavsson,caroline gustavsson,Centerpartiet,C,Barn- och utbildningsnämnden,Andre vice ordförande,utbildning,opposition (trol.)
kommun,Söderköping,Söderköping,Michael Danielsson,michael danielsson,Moderaterna,M,Barn- och utbildningsnämnden,Förste vice ordförande,utbildning,styre (trol.)
kommun,Södertälje,Södertälje,Alexander Rosenberg,alexander rosenberg,Moderaterna,M,Kommunstyrelsen,1:e vice ordförande,ledning,styre (trol.)
kommun,Södertälje,Södertälje,Andreas Birgersson,andreas birgersson,Sverigedemokraterna,SD,Kommunstyrelsen,2:e vice ordförande,ledning,opposition (trol.)
kommun,Södertälje,Södertälje,Boel Godner,boel godner,Socialdemokraterna,S,Kommunstyrelsen,ordförande,ledning,styre (trol.)
kommun,Södertälje,Södertälje,Anna-Tuulia Syrjänen,anna-tuulia syrjanen,Kristdemokraterna,KD,Äldreomsorgsnämnden,2:e vice ordförande,omsorg/vård,opposition (trol.)
kommun,Södertälje,Södertälje,Izla Markous,izla markous,Moderaterna,M,Omsorgsnämnden,ordförande,omsorg/vård,styre (trol.)
kommun,Södertälje,Södertälje,Izla Markous,izla markous,Moderaterna,M,Äldreomsorgsnämnden,1:e vice ordförande,omsorg/vård,styre (trol.)
kommun,Södertälje,Södertälje,Karla Sand,karla sand,Miljöpartiet,Miljöpartiet,Omsorgsnämnden,1:e vice ordförande,omsorg/vård,styre (trol.)
kommun,Södertälje,Södertälje,Katarina Seppänen,katarina seppanen,Moderaterna,M,Socialnämnden,1:e vice ordförande,omsorg/vård,styre (trol.)
kommun,Södertälje,Södertälje,Pia Sjöstrand,pia sjostrand,Socialdemokraterna,S,Äldreomsorgsnämnden,ordförande,omsorg/vård,styre (trol.)
kommun,Södertälje,Södertälje,Stefan Jakobsson,stefan jakobsson,Sverigedemokraterna,SD,Omsorgsnämnden,2:e vice ordförande,omsorg/vård,opposition (trol.)
kommun,Södertälje,Södertälje,Victor Zetterman,victor zetterman,Liberalerna,L,Socialnämnden,2:e vice ordförande,omsorg/vård,opposition (trol.)
kommun,Södertälje,Södertälje,Viktoria Hjulström,viktoria hjulstrom,Socialdemokraterna,S,Socialnämnden,ordförande,omsorg/vård,styre (trol.)
kommun,Södertälje,Södertälje,Andreas Birgersson,andreas birgersson,Sverigedemokraterna,SD,Utbildningsnämnden,2:e vice ordförande,utbildning,opposition (trol.)
kommun,Södertälje,Södertälje,Karl Elof Johannes Hansjons,karl elof johannes hansjons,Socialdemokraterna,S,Utbildningsnämnden,ordförande,utbildning,styre (trol.)
kommun,Södertälje,Södertälje,Maria Frithz Warg,maria frithz warg,Moderaterna,M,Utbildningsnämnden,1:e vice ordförande,utbildning,styre (trol.)
kommun,Sölvesborg,Sölvesborg,Birgit Birgersson-Brorsson,birgit birgersson-brorsson,Socialdemokraterna,S,Kommunstyrelsen (KS),Ordförande,ledning,styre (trol.)
kommun,Sölvesborg,Sölvesborg,Kith Mårtensson,kith martensson,Moderaterna,M,Kommunstyrelsen (KS),Förste vice ordförande,ledning,styre (trol.)
kommun,Sölvesborg,Sölvesborg,Mats Gunnarsson,mats gunnarsson,Sverigedemokraterna,SD,Kommunstyrelsen (KS),Andre vice ordförande,ledning,opposition (trol.)
kommun,Sölvesborg,Sölvesborg,Anders Fransson,anders fransson,Moderaterna,M,Vård- och omsorgsnämnden (VON),Förste vice ordförande,omsorg/vård,styre (trol.)
kommun,Sölvesborg,Sölvesborg,Lina Jörnkrans,lina jornkrans,Socialdemokraterna,S,Vård- och omsorgsnämnden (VON),Ordförande,omsorg/vård,styre (trol.)
kommun,Sölvesborg,Sölvesborg,Paul Andersson,paul andersson,Kristdemokraterna,KD,Vård- och omsorgsnämnden (VON),Andre vice ordförande,omsorg/vård,opposition (trol.)
kommun,Sölvesborg,Sölvesborg,Benny Karlsson,benny karlsson,Sverigedemokraterna,SD,Barn- och utbildningsnämnden (BUN),Andre vice ordförande,utbildning,opposition (trol.)
kommun,Sölvesborg,Sölvesborg,Diana Sjöström,diana sjostrom,Moderaterna,M,Barn- och utbildningsnämnden (BUN),Förste vice ordförande,utbildning,styre (trol.)
kommun,Sölvesborg,Sölvesborg,Jörgen Englin,jorgen englin,Socialdemokraterna,S,Barn- och utbildningsnämnden (BUN),Ordförande,utbildning,styre (trol.)
kommun,Tanum,Tanum,Liselotte Fröjd,liselotte frojd,Moderaterna,M,Kommunstyrelsen,Ordförande,ledning,styre (trol.)
kommun,Tanum,Tanum,Oskar Josefsson,oskar josefsson,Socialdemokraterna,S,Kommunstyrelsen,Andre vice ordförande,ledning,opposition (trol.)
kommun,Tanum,Tanum,Roger Wallentin,roger wallentin,Centerpartiet,C,Kommunstyrelsen,Förste vice ordförande,ledning,styre (trol.)
kommun,Tanum,Tanum,Birgitta Nilsson,birgitta nilsson,Moderaterna,M,Omsorgsnämnden,Ordförande,omsorg/vård,styre (trol.)
kommun,Tanum,Tanum,Catrine Adlersson,catrine adlersson,Centerpartiet,C,Omsorgsnämnden,Förste vice ordförande,omsorg/vård,styre (trol.)
kommun,Tanum,Tanum,Niklas Berglund,niklas berglund,Socialdemokraterna,S,Omsorgsnämnden,Andre vice ordförande,omsorg/vård,opposition (trol.)
kommun,Tanum,Tanum,Ann-Helén Danielsson,ann-helen danielsson,Moderaterna,M,Barn- och utbildningsnämnden,Andre vice ordförande,utbildning,opposition (trol.)
kommun,Tanum,Tanum,Camilla Hogebrandt,camilla hogebrandt,Socialdemokraterna,S,Barn- och utbildningsnämnden,Förste vice ordförande,utbildning,styre (trol.)
kommun,Tanum,Tanum,Roger Wallentin,roger wallentin,Centerpartiet,C,Barn- och utbildningsnämnden,Ordförande,utbildning,styre (trol.)
kommun,Tierp,Tierp,Emma Lokander,emma lokander,Moderaterna,M,Kommunstyrelsen,1:e vice ordförande,ledning,styre (trol.)
kommun,Tierp,Tierp,Sara Sjödal,sara sjodal,Centerpartiet,C,Kommunstyrelsen,Ordförande,ledning,styre (trol.)
kommun,Tierp,Tierp,Viktoria Söderling,viktoria soderling,Socialdemokraterna,S,Kommunstyrelsen,2:e vice ordförande,ledning,opposition (trol.)
kommun,Timrå,Timrå,Håkan Svensson,hakan svensson,Moderaterna,M,Socialnämnden,Förste vice ordförande,omsorg/vård,styre (trol.)
kommun,Timrå,Timrå,Johanna Bergsten,johanna bergsten,Socialdemokraterna,S,Socialnämnden,Ordförande,omsorg/vård,styre (trol.)
kommun,Tjörn,Tjörn,Bo Bertelsen,bo bertelsen,Moderaterna,M,Kommunstyrelsen,Förste vice ordförande,ledning,styre (trol.)
kommun,Tjörn,Tjörn,Ludwig Andréasson,ludwig andreasson,Socialdemokraterna,S,Kommunstyrelsen,Andre vice ordförande,ledning,opposition (trol.)
kommun,Tjörn,Tjörn,Martin Johansen,martin johansen,Liberalerna,L,Kommunstyrelsen,Ordförande,ledning,styre (trol.)
kommun,Tjörn,Tjörn,Anette Johannessen,anette johannessen,Socialdemokraterna,S,Socialnämnden,Andre vice ordförande,omsorg/vård,opposition (trol.)
kommun,Tjörn,Tjörn,Gun Alexandersson-Malm,gun alexandersson-malm,Liberalerna,L,Socialnämnden,Ordförande,omsorg/vård,styre (trol.)
kommun,Tjörn,Tjörn,Yvonne Andersson,yvonne andersson,Moderaterna,M,Socialnämnden,Förste vice ordförande,omsorg/vård,styre (trol.)
kommun,Tjörn,Tjörn,Bertil Ahlstrand,bertil ahlstrand,Sverigedemokraterna,SD,Barn- och utbildningsnämnden,Förste vice ordförande,utbildning,styre (trol.)
kommun,Tjörn,Tjörn,Björn Möller,bjorn moller,Kristdemokraterna,KD,Barn- och utbildningsnämnden,Andre vice ordförande,utbildning,opposition (trol.)
kommun,Tjörn,Tjörn,Gunnemar Olsson,gunnemar olsson,Liberalerna,L,Barn- och utbildningsnämnden,Ordförande,utbildning,styre (trol.)
kommun,Tomelilla,Tomelilla,Per Gustafsson,per gustafsson,Sverigedemokraterna,SD,Kommunstyrelsen,Förste vice ordförande,ledning,styre (trol.)
kommun,Tomelilla,Tomelilla,Per-Martin Svensson,per-martin svensson,Moderaterna,M,Kommunstyrelsen,Ordförande,ledning,styre (trol.)
kommun,Tomelilla,Tomelilla,Sara Anheden,sara anheden,Socialdemokraterna,S,Kommunstyrelsen,Andre vice ordförande,ledning,opposition (trol.)
kommun,Tomelilla,Tomelilla,Ann-Marie Johansson,ann-marie johansson,Centerpartiet,C,Vård- och omsorgsnämnd,Ordförande,omsorg/vård,styre (trol.)
kommun,Tomelilla,Tomelilla,Birgitta Mörå,birgitta mora,Sverigedemokraterna,SD,Vård- och omsorgsnämnd,Andre vice ordförande,omsorg/vård,opposition (trol.)
kommun,Tomelilla,Tomelilla,Ida Bornlykke,ida bornlykke,Socialdemokraterna,S,Vård- och omsorgsnämnd,Förste vice ordförande,omsorg/vård,styre (trol.)
kommun,Torsås,Torsås,Henrik Nilsson Bokor,henrik nilsson bokor,Socialdemokraterna,S,Kommunstyrelsen,Ordförande,ledning,styre (trol.)
kommun,Torsås,Torsås,Janita Kirchberg,janita kirchberg,Sverigedemokraterna,SD,Kommunstyrelsen,Andre vice ordförande,ledning,opposition (trol.)
kommun,Torsås,Torsås,Sten Bondesson,sten bondesson,Centerpartiet,C,Kommunstyrelsen,Förste vice ordförande,ledning,styre (trol.)
kommun,Torsås,Torsås,Linda Eriksson,linda eriksson,Centerpartiet,C,Socialnämnden,Förste vice ordförande,omsorg/vård,styre (trol.)
kommun,Torsås,Torsås,Linnea Wedin,linnea wedin,Socialdemokraterna,S,Socialnämnden,Ordförande,omsorg/vård,styre (trol.)
kommun,Torsås,Torsås,Melker Lyth,melker lyth,Sverigedemokraterna,SD,Socialnämnden,Andre vice ordförande,omsorg/vård,opposition (trol.)
kommun,Tranås,Tranås,Mats Holmstedt,mats holmstedt,Moderaterna,M,Kommunstyrelsen,Ordförande,ledning,styre (trol.)
kommun,Tranås,Tranås,Mikael Stenquist,mikael stenquist,Socialdemokraterna,S,Kommunstyrelsen,Förste vice ordförande,ledning,styre (trol.)
kommun,Tranås,Tranås,Tony Ståhl,tony stahl,Kristdemokraterna,KD,Kommunstyrelsen,Andre vice ordförande,ledning,opposition (trol.)
kommun,Tranås,Tranås,Marie Thiele,marie thiele,Socialdemokraterna,S,Vård- och omsorgsnämnden,Förste vice ordförande,omsorg/vård,styre (trol.)
kommun,Tranås,Tranås,Mats Antonsson,mats antonsson,Kristdemokraterna,KD,Vård- och omsorgsnämnden,Ordförande,omsorg/vård,styre (trol.)
kommun,Tranås,Tranås,Anders Karlsson,anders karlsson,Socialdemokraterna,S,Barn- och utbildningsnämnden,Förste vice ordförande,utbildning,styre (trol.)
kommun,Tranås,Tranås,Erik Nygårds,erik nygards,Liberalerna,L,Barn- och utbildningsnämnden,Ordförande,utbildning,styre (trol.)
kommun,Trelleborg,Trelleborg,Bert Westerberg,bert westerberg,Moderaterna,M,Kommunstyrelsen,Förste vice ordförande,ledning,styre (trol.)
kommun,Trelleborg,Trelleborg,Magdalena Winell Starmach,magdalena winell starmach,Kristdemokraterna,KD,Kommunstyrelsen,Andre vice ordförande,ledning,opposition (trol.)
kommun,Trelleborg,Trelleborg,Mathias Andersson,mathias andersson,Sverigedemokraterna,SD,Kommunstyrelsen,Ordförande,ledning,styre (trol.)
kommun,Trelleborg,Trelleborg,Fredrik Karlsson,fredrik karlsson,Sverigedemokraterna,SD,Socialnämnden,Andre vice ordförande,omsorg/vård,opposition (trol.)
kommun,Trelleborg,Trelleborg,Mats-Åke Svensson,mats-ake svensson,Kristdemokraterna,KD,Socialnämnden,Förste vice ordförande,omsorg/vård,styre (trol.)
kommun,Trelleborg,Trelleborg,Venzel Rosqvist,venzel rosqvist,Moderaterna,M,Socialnämnden,Ordförande,omsorg/vård,styre (trol.)
kommun,Trollhättan,Trollhättan,Louise Brodd,louise brodd,Centerpartiet,C,Kommunstyrelsen,Andre vice ordförande,ledning,opposition (trol.)
kommun,Trollhättan,Trollhättan,Peter Eriksson,peter eriksson,Moderaterna,M,Kommunstyrelsen,Ordförande,ledning,styre (trol.)
kommun,Trollhättan,Trollhättan,Sofia Andersson Dharsani,sofia andersson dharsani,Socialdemokraterna,S,Kommunstyrelsen,Förste vice ordförande,ledning,styre (trol.)
kommun,Trollhättan,Trollhättan,Cecilia Gustafsson,cecilia gustafsson,Moderaterna,M,Arbetsmarknads- och socialnämnden,Ordförande,omsorg/vård,styre (trol.)
kommun,Trollhättan,Trollhättan,Feniks Beka,feniks beka,Centerpartiet,C,Arbetsmarknads- och socialnämnden,Andre vice ordförande,omsorg/vård,opposition (trol.)
kommun,Trollhättan,Trollhättan,Mussa Selim,mussa selim,Socialdemokraterna,S,Omsorgsnämnden,Förste vice ordförande,omsorg/vård,styre (trol.)
kommun,Trollhättan,Trollhättan,Nettan Larsson,nettan larsson,Moderaterna,M,Omsorgsnämnden,Ordförande,omsorg/vård,styre (trol.)
kommun,Trollhättan,Trollhättan,Nina Ljungqvist,nina ljungqvist,Socialdemokraterna,S,Arbetsmarknads- och socialnämnden,Förste vice ordförande,omsorg/vård,styre (trol.)
kommun,Trollhättan,Trollhättan,Ricky Karlsson,ricky karlsson,Kristdemokraterna,KD,Omsorgsnämnden,Andre vice ordförande,omsorg/vård,opposition (trol.)
kommun,Trollhättan,Trollhättan,Jennie Olsson Örn,jennie olsson orn,Socialdemokraterna,S,Utbildningsnämnden,Förste vice ordförande,utbildning,styre (trol.)
kommun,Trollhättan,Trollhättan,Kenny Tinmark,kenny tinmark,Centerpartiet,C,Utbildningsnämnden,Andre vice ordförande,utbildning,opposition (trol.)
kommun,Trollhättan,Trollhättan,Marie-Louise Coon,marie-louise coon,Moderaterna,M,Utbildningsnämnden,Ordförande,utbildning,styre (trol.)
kommun,Trosa,Trosa,Bengt-Eric Sandström,bengt-eric sandstrom,-,-,Kommunstyrelsen,Förste vice ordförande,ledning,styre (trol.)
kommun,Trosa,Trosa,Daniel Portnoff,daniel portnoff,Moderaterna,M,Kommunstyrelsen,Ordförande,ledning,styre (trol.)
kommun,Trosa,Trosa,Magnus Johansson,magnus johansson,Socialdemokraterna,S,Kommunstyrelsen,Andre vice ordförande,ledning,opposition (trol.)
kommun,Trosa,Trosa,Anders Tholerud,anders tholerud,Kristdemokraterna,KD,Vård- och omsorgsnämnden,Förste vice ordförande,omsorg/vård,styre (trol.)
kommun,Trosa,Trosa,Helena Koch,helena koch,Moderaterna,M,Vård- och omsorgsnämnden,Ordförande,omsorg/vård,styre (trol.)
kommun,Trosa,Trosa,Josefina Ackelman Thunholm,josefina ackelman thunholm,Socialdemokraterna,S,Vård- och omsorgsnämnden,Andre vice ordförande,omsorg/vård,opposition (trol.)
kommun,Tyresö,Tyresö,Anita Mattsson,anita mattsson,Socialdemokraterna,S,Kommunstyrelsen,Ordförande,ledning,styre (trol.)
kommun,Tyresö,Tyresö,Fredrik Bergkuist,fredrik bergkuist,Moderaterna,M,Kommunstyrelsen,1:e vice ordförande,ledning,styre (trol.)
kommun,Tyresö,Tyresö,Per Carlberg,per carlberg,Sverigedemokraterna,SD,Kommunstyrelsen,2:e vice ordförande,ledning,opposition (trol.)
kommun,Tyresö,Tyresö,Elisabet Mellström,elisabet mellstrom,Sverigedemokraterna,SD,Arbetsmarknads- och socialnämnden,2:e vice ordförande,omsorg/vård,opposition (trol.)
kommun,Tyresö,Tyresö,Jörgen Nilsson,jorgen nilsson,Sverigedemokraterna,SD,Äldre-och omsorgsnämnden,2:e vice ordförande,omsorg/vård,opposition (trol.)
kommun,Tyresö,Tyresö,Karin Ljung,karin ljung,Socialdemokraterna,S,Arbetsmarknads- och socialnämnden,1:e vice ordförande,omsorg/vård,styre (trol.)
kommun,Tyresö,Tyresö,Peter Freij,peter freij,Moderaterna,M,Arbetsmarknads- och socialnämnden,Ordförande,omsorg/vård,styre (trol.)
kommun,Tyresö,Tyresö,Susann Ronström,susann ronstrom,Socialdemokraterna,S,Äldre-och omsorgsnämnden,Ordförande,omsorg/vård,styre (trol.)
kommun,Tyresö,Tyresö,Torbjörn Skarin,torbjorn skarin,Moderaterna,M,Äldre-och omsorgsnämnden,1:e vice ordförande,omsorg/vård,styre (trol.)
kommun,Tyresö,Tyresö,Bjarne Vifell,bjarne vifell,Sverigedemokraterna,SD,Barn- och utbildningsnämnden,2:e vice ordförande,utbildning,opposition (trol.)
kommun,Tyresö,Tyresö,Jeanette Hellmark,jeanette hellmark,Moderaterna,M,Barn- och utbildningsnämnden,1:e vice ordförande,utbildning,styre (trol.)
kommun,Tyresö,Tyresö,Klara Watmani,klara watmani,Socialdemokraterna,S,Barn- och utbildningsnämnden,Ordförande,utbildning,styre (trol.)
kommun,Uddevalla,Uddevalla,Henrik Sundström,henrik sundstrom,Moderaterna,M,Kommunstyrelsen,Förste vice ordförande,ledning,styre (trol.)
kommun,Uddevalla,Uddevalla,Martin Pettersson,martin pettersson,Sverigedemokraterna,SD,Kommunstyrelsen,Ordförande,ledning,styre (trol.)
kommun,Uddevalla,Uddevalla,Stefan Skoglund,stefan skoglund,Socialdemokraterna,S,Kommunstyrelsen,Andre vice ordförande,ledning,opposition (trol.)
kommun,Uddevalla,Uddevalla,Ann-Charlott Gustafsson,ann-charlott gustafsson,Uddevallapartiet,Uddevallapartiet,Socialnämnden,Ordförande,omsorg/vård,styre (trol.)
kommun,Uddevalla,Uddevalla,Camilla Josefsson,camilla josefsson,Moderaterna,M,Socialnämnden,Förste vice ordförande,omsorg/vård,styre (trol.)
kommun,Uddevalla,Uddevalla,Karin Engdahl,karin engdahl,Socialdemokraterna,S,Socialnämnden,Andre vice ordförande,omsorg/vård,opposition (trol.)
kommun,Uddevalla,Uddevalla,Annelie Högberg,annelie hogberg,Socialdemokraterna,S,Förskole och grundskolenämnden,Andre vice ordförande,utbildning,opposition (trol.)
kommun,Uddevalla,Uddevalla,Mathilda Sténhoff,mathilda stenhoff,Moderaterna,M,Förskole och grundskolenämnden,Förste vice ordförande,utbildning,styre (trol.)
kommun,Uddevalla,Uddevalla,Roger Ekeroos,roger ekeroos,Moderaterna,M,Förskole och grundskolenämnden,Ordförande,utbildning,styre (trol.)
kommun,Ulricehamn,Ulricehamn,Sebastian Gustavsson,sebastian gustavsson,Moderaterna,M,kommunstyrelse,biträdande kommunalråd,ledning,styre (trol.)
kommun,Umeå,Umeå,Anders Ågren,anders agren,Moderaterna,M,Kommunalråd,Kommunalråd,ledning,styre (trol.)
kommun,Umeå,Umeå,Anders Ågren,anders agren,Moderaterna,M,Kommunstyrelsen,Förste vice ordförande,ledning,styre (trol.)
kommun,Umeå,Umeå,Hans Lindberg,hans lindberg,Socialdemokraterna,S,Kommunalråd,Kommunalråd,ledning,styre (trol.)
kommun,Umeå,Umeå,Hans Lindberg,hans lindberg,Socialdemokraterna,S,Kommunstyrelsen,Ordförande,ledning,styre (trol.)
kommun,Umeå,Umeå,Janet Ågren,janet agren,Socialdemokraterna,S,Kommunalråd,Kommunalråd,ledning,styre (trol.)
kommun,Umeå,Umeå,Janet Ågren,janet agren,Socialdemokraterna,S,Kommunstyrelsen,Andre vice ordförande,ledning,opposition (trol.)
kommun,Umeå,Umeå,Lena Karlsson Engman,lena karlsson engman,Socialdemokraterna,S,Äldrenämnden,Ordförande,omsorg/vård,styre (trol.)
kommun,Umeå,Umeå,Veronica Kerr,veronica kerr,Kristdemokraterna,KD,Äldrenämnden,Förste vice ordförande,omsorg/vård,styre (trol.)
kommun,Umeå,Umeå,Åsa Bäckström,asa backstrom,-,-,Äldrenämnden,Andre vice ordförande,omsorg/vård,opposition (trol.)
kommun,Umeå,Umeå,Izabel Riedl,izabel riedl,Moderaterna,M,Gymnasie- och vuxenutbildningsnämnden,Förste vice ordförande,utbildning,styre (trol.)
kommun,Umeå,Umeå,Maria Lindvall,maria lindvall,-,-,För- och grundskolenämnden,Förste vice ordförande,utbildning,styre (trol.)
kommun,Umeå,Umeå,Mariam Salem,mariam salem,Miljöpartiet,Miljöpartiet,Gymnasie- och vuxenutbildningsnämnden,Andre vice ordförande,utbildning,opposition (trol.)
kommun,Umeå,Umeå,Moa Brydsten,moa brydsten,Socialdemokraterna,S,För- och grundskolenämnden,Ordförande,utbildning,styre (trol.)
kommun,Umeå,Umeå,Peter Vigren,peter vigren,Socialdemokraterna,S,Gymnasie- och vuxenutbildningsnämnden,Ordförande,utbildning,styre (trol.)
kommun,Umeå,Umeå,Tobias Holmbom,tobias holmbom,Vänsterpartiet,V,För- och grundskolenämnden,Andre vice ordförande,utbildning,opposition (trol.)
kommun,Upplands Väsby,Upplands Väsby,Barbro Brolin,barbro brolin,Socialdemokraterna,S,Omsorgsnämnd,Ordförande,omsorg/vård,styre (trol.)
kommun,Upplands Väsby,Upplands Väsby,Dennis Lindström,dennis lindstrom,Väsbys Bästa,Väsbys Bästa,Socialnämnd,Vice ordförande,omsorg/vård,styre (trol.)
kommun,Upplands Väsby,Upplands Väsby,Eila Bromme,eila bromme,Liberalerna,L,Omsorgsnämnd,Vice ordförande,omsorg/vård,styre (trol.)
kommun,Upplands Väsby,Upplands Väsby,Fredrik Örn,fredrik orn,Socialdemokraterna,S,Socialnämnd,Ordförande,omsorg/vård,styre (trol.)
kommun,Upplands Väsby,Upplands Väsby,Maria Fälth,maria falth,Kristdemokraterna,KD,Omsorgsnämnd,2:e vice ordförande,omsorg/vård,opposition (trol.)
kommun,Upplands Väsby,Upplands Väsby,Åke Roth,ake roth,Moderaterna,M,Socialnämnd,2:e vice ordförande,omsorg/vård,opposition (trol.)
kommun,Upplands Väsby,Upplands Väsby,Hanna Broberg,hanna broberg,Moderaterna,M,Utbildningsnämnd,2:e vice ordförande,utbildning,opposition (trol.)
kommun,Upplands Väsby,Upplands Väsby,Per Nelson,per nelson,Liberalerna,L,Utbildningsnämnd,Vice ordförande,utbildning,styre (trol.)
kommun,Upplands Väsby,Upplands Väsby,Suzanne Granqvist Enell,suzanne granqvist enell,Socialdemokraterna,S,Utbildningsnämnd,Ordförande,utbildning,styre (trol.)
kommun,Uppsala,Uppsala,Erik Pelling,erik pelling,Socialdemokraterna,S,Kommunstyrelsen,Ordförande,ledning,styre (trol.)
kommun,Uppsala,Uppsala,Therez Almerfors,therez almerfors,Moderaterna,M,Kommunstyrelsen,Andre vice ordförande,ledning,opposition (trol.)
kommun,Uppsala,Uppsala,Tobias Smedberg,tobias smedberg,Vänsterpartiet,V,Kommunstyrelsen,Förste vice ordförande,ledning,styre (trol.)
kommun,Uppsala,Uppsala,Asal Gohari Moghadam,asal gohari moghadam,Socialdemokraterna,S,Äldrenämnden,Ordförande,omsorg/vård,styre (trol.)
kommun,Uppsala,Uppsala,Carolina Bringborn,carolina bringborn,Moderaterna,M,Omsorgsnämnden,Andre vice ordförande,omsorg/vård,opposition (trol.)
kommun,Uppsala,Uppsala,Cecilia Wallgren Forss,cecilia wallgren forss,Moderaterna,M,Äldrenämnden,Andre vice ordförande,omsorg/vård,opposition (trol.)
kommun,Uppsala,Uppsala,David Ling,david ling,Miljöpartiet,Miljöpartiet,Omsorgsnämnden,Förste vice ordförande,omsorg/vård,styre (trol.)
kommun,Uppsala,Uppsala,Hanna Victoria Mörck,hanna victoria morck,Vänsterpartiet,V,Socialnämnden,Ordförande,omsorg/vård,styre (trol.)
kommun,Uppsala,Uppsala,Lars Håkan Andersson,lars hakan andersson,Vänsterpartiet,V,Äldrenämnden,Förste vice ordförande,omsorg/vård,styre (trol.)
kommun,Uppsala,Uppsala,Loa Mothata,loa mothata,Socialdemokraterna,S,Socialnämnden,Förste vice ordförande,omsorg/vård,styre (trol.)
kommun,Uppsala,Uppsala,Sofia Andersson,sofia andersson,Moderaterna,M,Socialnämnden,Andre vice ordförande,omsorg/vård,opposition (trol.)
kommun,Uppsala,Uppsala,Tobias Smedberg,tobias smedberg,Vänsterpartiet,V,Omsorgsnämnden,Ordförande,omsorg/vård,styre (trol.)
kommun,Uppsala,Uppsala,Carina Carrol,carina carrol,Kristdemokraterna,KD,Utbildningsnämndens förskoleutskott,Förste vice ordförande,utbildning,styre (trol.)
kommun,Uppsala,Uppsala,Christopher Lagerqvist,christopher lagerqvist,Moderaterna,M,Utbildningsnämndens grundskoleutskott,Förste vice ordförande,utbildning,styre (trol.)
kommun,Uppsala,Uppsala,Dima Sarsour,dima sarsour,Socialdemokraterna,S,Utbildningsnämndens gymnasieutskott,Ordförande,utbildning,styre (trol.)
kommun,Uppsala,Uppsala,Erik Wahlström,erik wahlstrom,Miljöpartiet,Miljöpartiet,Utbildningsnämnden,Förste vice ordförande,utbildning,styre (trol.)
kommun,Uppsala,Uppsala,Erik Wahlström,erik wahlstrom,Miljöpartiet,Miljöpartiet,Utbildningsnämndens förskoleutskott,Ordförande,utbildning,styre (trol.)
kommun,Uppsala,Uppsala,Eva Christiernin,eva christiernin,Socialdemokraterna,S,Utbildningsnämnden,Ordförande,utbildning,styre (trol.)
kommun,Uppsala,Uppsala,Jonas Segersam,jonas segersam,Kristdemokraterna,KD,Utbildningsnämnden,Andre vice ordförande,utbildning,opposition (trol.)
kommun,Uppsala,Uppsala,Olle Romlin,olle romlin,Centerpartiet,C,Utbildningsnämndens gymnasieutskott,Förste vice ordförande,utbildning,styre (trol.)
kommun,Uppsala,Uppsala,Tarik Qureshi,tarik qureshi,Vänsterpartiet,V,Utbildningsnämndens grundskoleutskott,Ordförande,utbildning,styre (trol.)
kommun,Uppvidinge,Uppvidinge,Jessica Rask,jessica rask,Moderaterna,M,Kommunstyrelsen,Ordförande,ledning,styre (trol.)
kommun,Uppvidinge,Uppvidinge,Anders Käll,anders kall,Moderaterna,M,Välfärds- och omsorgsnämnden,Förste vice ordförande,omsorg/vård,styre (trol.)
kommun,Uppvidinge,Uppvidinge,Christina Lindqvist,christina lindqvist,Kristdemokraterna,KD,Välfärds- och omsorgsnämnden,Andre vice ordförande,omsorg/vård,opposition (trol.)
kommun,Uppvidinge,Uppvidinge,Peter Danielsson,peter danielsson,Socialdemokraterna,S,Välfärds- och omsorgsnämnden,Ordförande,omsorg/vård,styre (trol.)
kommun,Uppvidinge,Uppvidinge,Margareta Schlee,margareta schlee,Moderaterna,M,Barn- och utbildningsnämnden,Ordförande,utbildning,styre (trol.)
kommun,Uppvidinge,Uppvidinge,Robert Fredriksson,robert fredriksson,Sverigedemokraterna,SD,Barn- och utbildningsnämnden,Förste vice ordförande,utbildning,styre (trol.)
kommun,Vadstena,Vadstena,Frida Edholm,frida edholm,Konsensus,Konsensus,Kommunstyrelsen,Andre vice ordförande,ledning,opposition (trol.)
kommun,Vadstena,Vadstena,Karolina Hoff,karolina hoff,Socialdemokraterna,S,Kommunstyrelsen,Förste vice ordförande,ledning,styre (trol.)
kommun,Vadstena,Vadstena,Peter Karlsson,peter karlsson,Moderaterna,M,Kommunstyrelsen,Ordförande,ledning,styre (trol.)
kommun,Vadstena,Vadstena,Barbro Henriksson,barbro henriksson,Moderaterna,M,Socialnämnden,Förste vice ordförande,omsorg/vård,styre (trol.)
kommun,Vadstena,Vadstena,Lars Ekström,lars ekstrom,Konsensus,Konsensus,Socialnämnden,Andre vice ordförande,omsorg/vård,opposition (trol.)
kommun,Vadstena,Vadstena,Ewa Ahlstedt,ewa ahlstedt,Moderaterna,M,Kultur- och utbildningsnämnden,Förste vice ordförande,utbildning,styre (trol.)
kommun,Vadstena,Vadstena,Göran Fältgren,goran faltgren,Socialdemokraterna,S,Kultur- och utbildningsnämnden,Ordförande,utbildning,styre (trol.)
kommun,Vadstena,Vadstena,Lena Linde,lena linde,Konsensus,Konsensus,Kultur- och utbildningsnämnden,Andre vice ordförande,utbildning,opposition (trol.)
kommun,Vaggeryd,Vaggeryd,Ann-Katrin Löfstedt,ann-katrin lofstedt,Moderaterna,M,SOCIALNÄMNDEN,Ordförande,omsorg/vård,styre (trol.)
kommun,Vaggeryd,Vaggeryd,Fredrik Nord,fredrik nord,Centerpartiet,C,SOCIALNÄMNDEN,Andre vice ordförande,omsorg/vård,opposition (trol.)
kommun,Vaggeryd,Vaggeryd,Göran Tollbo,goran tollbo,Socialdemokraterna,S,SOCIALNÄMNDEN,Förste vice ordförande,omsorg/vård,styre (trol.)
kommun,Vaggeryd,Vaggeryd,Carl Johansson,carl johansson,Moderaterna,M,BARN- OCH UTBILDNINGSNÄMNDEN,Förste vice ordförande,utbildning,styre (trol.)
kommun,Vaggeryd,Vaggeryd,Marijo Corkovic,marijo corkovic,Socialdemokraterna,S,BARN- OCH UTBILDNINGSNÄMNDEN,Ordförande,utbildning,styre (trol.)
kommun,Vaggeryd,Vaggeryd,Robin Ahlnér,robin ahlner,Kristdemokraterna,KD,BARN- OCH UTBILDNINGSNÄMNDEN,Andre vice ordförande,utbildning,opposition (trol.)
kommun,Valdemarsvik,Valdemarsvik,Lars Beckman,lars beckman,Socialdemokraterna,S,Kommunstyrelsen tillika krisledningsnämnd,Andre vice ordförande,ledning,opposition (trol.)
kommun,Valdemarsvik,Valdemarsvik,Per Hollertz,per hollertz,Moderaterna,M,Kommunstyrelsen tillika krisledningsnämnd,Ordförande,ledning,styre (trol.)
kommun,Vallentuna,Vallentuna,Jerri Bergström,jerri bergstrom,Socialdemokraterna,S,Kommunstyrelsen,2:e vice ordförande,ledning,opposition (trol.)
kommun,Vallentuna,Vallentuna,Johan Skog,johan skog,Moderaterna,M,Kommunstyrelsen,Ordförande,ledning,styre (trol.)
kommun,Vallentuna,Vallentuna,Ylva Mozis,ylva mozis,Liberalerna,L,Kommunstyrelsen,1:e vice ordförande,ledning,styre (trol.)
kommun,Vallentuna,Vallentuna,Anna Frisell,anna frisell,Moderaterna,M,Socialnämnd,1:e vice ordförande,omsorg/vård,styre (trol.)
kommun,Vallentuna,Vallentuna,Anna Frisell,anna frisell,Moderaterna,M,Socialnämndens socialutskott,Ordförande,omsorg/vård,styre (trol.)
kommun,Vallentuna,Vallentuna,Anne-Louise Vintberger,anne-louise vintberger,Socialdemokraterna,S,Socialnämnd,2:e vice ordförande,omsorg/vård,opposition (trol.)
kommun,Vallentuna,Vallentuna,John Droguett,john droguett,Centerpartiet,C,Socialnämnd,Ordförande,omsorg/vård,styre (trol.)
kommun,Vallentuna,Vallentuna,John Droguett,john droguett,Centerpartiet,C,Socialnämndens socialutskott,Vice ordförande,omsorg/vård,styre (trol.)
kommun,Vallentuna,Vallentuna,Antonio Paras,antonio paras,Centerpartiet,C,Barn- och ungdomsnämndens förskoleutskott,1:e vice ordförande,utbildning,styre (trol.)
kommun,Vallentuna,Vallentuna,Camilla Blacker Wallinsson,camilla blacker wallinsson,Moderaterna,M,Barn- och ungdomsnämnd,Ordförande,utbildning,styre (trol.)
kommun,Vallentuna,Vallentuna,Camilla Blacker Wallinsson,camilla blacker wallinsson,Moderaterna,M,Barn- och ungdomsnämndens förskoleutskott,Ordförande,utbildning,styre (trol.)
kommun,Vallentuna,Vallentuna,Camilla Blacker Wallinsson,camilla blacker wallinsson,Moderaterna,M,Barn- och ungdomsnämndens individutskott,Ordförande,utbildning,styre (trol.)
kommun,Vallentuna,Vallentuna,Eva Asplund,eva asplund,Socialdemokraterna,S,Utbildningsnämnden,2:e vice ordförande,utbildning,opposition (trol.)
kommun,Vallentuna,Vallentuna,Jessica Johnson,jessica johnson,Liberalerna,L,Utbildningsnämnden,Ordförande,utbildning,styre (trol.)
kommun,Vallentuna,Vallentuna,Lars Åsberg,lars asberg,Moderaterna,M,Utbildningsnämnden,1:e vice ordförande,utbildning,styre (trol.)
kommun,Vallentuna,Vallentuna,Per Forssberg,per forssberg,Kristdemokraterna,KD,Barn- och ungdomsnämnd,1:e vice ordförande,utbildning,styre (trol.)
kommun,Vallentuna,Vallentuna,Per Forssberg,per forssberg,Kristdemokraterna,KD,Barn- och ungdomsnämndens individutskott,1:e vice ordförande,utbildning,styre (trol.)
kommun,Vallentuna,Vallentuna,Sandra Rudeberg,sandra rudeberg,Socialdemokraterna,S,Barn- och ungdomsnämnd,2:e vice ordförande,utbildning,opposition (trol.)
kommun,Vallentuna,Vallentuna,Sandra Rudeberg,sandra rudeberg,Socialdemokraterna,S,Barn- och ungdomsnämndens förskoleutskott,2:e vice ordförande,utbildning,opposition (trol.)
kommun,Vallentuna,Vallentuna,Sandra Rudeberg,sandra rudeberg,Socialdemokraterna,S,Barn- och ungdomsnämndens individutskott,2:e vice ordförande,utbildning,opposition (trol.)
kommun,Vansbro,Vansbro,Marcus Kock,marcus kock,Socialdemokraterna,S,Kommunstyrelsen,Ordförande,ledning,styre (trol.)
kommun,Vansbro,Vansbro,Marcus Kock,marcus kock,Socialdemokraterna,S,Kommunstyrelsens informationsdag,Ordförande,ledning,styre (trol.)
kommun,Vansbro,Vansbro,Pär Skagerling,par skagerling,Moderaterna,M,Kommunstyrelsen,Förste vice ordförande,ledning,styre (trol.)
kommun,Vansbro,Vansbro,Pär Skagerling,par skagerling,Moderaterna,M,Kommunstyrelsens informationsdag,Förste vice ordförande,ledning,styre (trol.)
kommun,Vansbro,Vansbro,Torsten Larsson,torsten larsson,Kristdemokraterna,KD,Kommunstyrelsen,Andre vice ordförande,ledning,opposition (trol.)
kommun,Vansbro,Vansbro,Torsten Larsson,torsten larsson,Kristdemokraterna,KD,Kommunstyrelsens informationsdag,Andre vice ordförande,ledning,opposition (trol.)
kommun,Vara,Vara,Fredrik Nelander,fredrik nelander,Socialdemokraterna,S,Kommunstyrelsen tillika krisledningsnämnden,Andre vice ordförande,ledning,opposition (trol.)
kommun,Vara,Vara,Gabriela Bosnjakovic,gabriela bosnjakovic,Moderaterna,M,Kommunstyrelsen tillika krisledningsnämnden,Ordförande,ledning,styre (trol.)
kommun,Vara,Vara,Peter Romlén,peter romlen,Sverigedemokraterna,SD,Kommunstyrelsen tillika krisledningsnämnden,Förste vice ordförande,ledning,styre (trol.)
kommun,Vara,Vara,Elin Härling,elin harling,Sverigedemokraterna,SD,Socialnämnden,Ordförande,omsorg/vård,styre (trol.)
kommun,Vara,Vara,Fredrik Pettersson,fredrik pettersson,Socialdemokraterna,S,Socialnämnden,Andre vice ordförande,omsorg/vård,opposition (trol.)
kommun,Vara,Vara,Helen Bender,helen bender,Moderaterna,M,Socialnämnden,Förste vice ordförande,omsorg/vård,styre (trol.)
kommun,Varberg,Varberg,David Sandrén,david sandren,Moderaterna,M,Kommunstyrelsen,Ordförande,ledning,styre (trol.)
kommun,Varberg,Varberg,Jeanette Qvist,jeanette qvist,Socialdemokraterna,S,Kommunstyrelsen,Andre vice ordförande,ledning,opposition (trol.)
kommun,Varberg,Varberg,Tobias Carlsson,tobias carlsson,Liberalerna,L,Kommunstyrelsen,Förste vice ordförande,ledning,styre (trol.)
kommun,Varberg,Varberg,Katarina Eiderbrant,katarina eiderbrant,Socialdemokraterna,S,Socialnämnden,Förste vice ordförande,omsorg/vård,styre (trol.)
kommun,Varberg,Varberg,Sven Andersson,sven andersson,Moderaterna,M,Socialnämnden,Ordförande,omsorg/vård,styre (trol.)
kommun,Varberg,Varberg,Anna Bengtsson,anna bengtsson,Moderaterna,M,Förskole- och grundskolenämnden,Ordförande,utbildning,styre (trol.)
kommun,Varberg,Varberg,Jenny Bolgert,jenny bolgert,Socialdemokraterna,S,Förskole- och grundskolenämnden,Förste vice ordförande,utbildning,styre (trol.)
kommun,Vaxholm,Vaxholm,Anders Örnevall,anders ornevall,Liberalerna,L,Kommunstyrelsens näringslivsberedning,Ordförande,ledning,styre (trol.)
kommun,Vaxholm,Vaxholm,Anna-Lena Nordén,anna-lena norden,Waxholmspartiet,Waxholmspartiet,Kommunstyrelsen,2:e vice ordförande,ledning,opposition (trol.)
kommun,Vaxholm,Vaxholm,Gunnel Allard,gunnel allard,Moderaterna,M,Kommunstyrelsens klimat- och miljöberedning,Vice ordförande,ledning,styre (trol.)
kommun,Vaxholm,Vaxholm,Kristina Runhem,kristina runhem,Moderaterna,M,Kommunstyrelsen,Ordförande,ledning,styre (trol.)
kommun,Vaxholm,Vaxholm,Sara Strandberg,sara strandberg,Vänsterpartiet,V,Kommunstyrelsen,1:e vice ordförande,ledning,styre (trol.)
kommun,Vaxholm,Vaxholm,Sara Strandberg,sara strandberg,Vänsterpartiet,V,Kommunstyrelsens klimat- och miljöberedning,Ordförande,ledning,styre (trol.)
kommun,Vaxholm,Vaxholm,Gunnel Allard,gunnel allard,Moderaterna,M,Socialnämnd,1:e vice ordförande,omsorg/vård,styre (trol.)
kommun,Vaxholm,Vaxholm,Gunnel Allard,gunnel allard,Moderaterna,M,Socialt utskott under socialnämnden,Vice ordförande,omsorg/vård,styre (trol.)
kommun,Vaxholm,Vaxholm,Michael Baumgarten,michael baumgarten,Liberalerna,L,Socialnämnd,Ordförande,omsorg/vård,styre (trol.)
kommun,Vaxholm,Vaxholm,Michael Baumgarten,michael baumgarten,Liberalerna,L,Socialt utskott under socialnämnden,Ordförande,omsorg/vård,styre (trol.)
kommun,Vaxholm,Vaxholm,Susanne Klang,susanne klang,Waxholmspartiet,Waxholmspartiet,Socialnämnd,2:e vice ordförande,omsorg/vård,opposition (trol.)
kommun,Vellinge,Vellinge,Gustav Schyllert,gustav schyllert,Moderaterna,M,Kommunstyrelsen,Ordförande,ledning,styre (trol.)
kommun,Vellinge,Vellinge,Karl-Johan Persson,karl-johan persson,Sverigedemokraterna,SD,Kommunstyrelsen,Andre vice ordförande,ledning,opposition (trol.)
kommun,Vellinge,Vellinge,Martin von Gertten,martin von gertten,Moderaterna,M,Kommunstyrelsen,Förste vice ordförande,ledning,styre (trol.)
kommun,Vellinge,Vellinge,Charlotte Wannius Falk,charlotte wannius falk,Moderaterna,M,Omsorgsnämnden,Förste vice ordförande,omsorg/vård,styre (trol.)
kommun,Vellinge,Vellinge,Lena Henriksson,lena henriksson,Sverigedemokraterna,SD,Omsorgsnämnden,Andre vice ordförande,omsorg/vård,opposition (trol.)
kommun,Vellinge,Vellinge,Mavis Zander,mavis zander,Moderaterna,M,Omsorgsnämnden,Ordförande,omsorg/vård,styre (trol.)
kommun,Vellinge,Vellinge,Margaretha Olsson,margaretha olsson,Moderaterna,M,Utbildningsnämnden,Ordförande,utbildning,styre (trol.)
kommun,Vellinge,Vellinge,Niklas Lindén,niklas linden,Sverigedemokraterna,SD,Utbildningsnämnden,Andre vice ordförande,utbildning,opposition (trol.)
kommun,Vellinge,Vellinge,Victoria Bergstrand,victoria bergstrand,Moderaterna,M,Utbildningsnämnden,Förste vice ordförande,utbildning,styre (trol.)
kommun,Vetlanda,Vetlanda,Henrik Tvarnö,henrik tvarno,Socialdemokraterna,S,Kommunstyrelsen,Andre vice ordförande,ledning,opposition (trol.)
kommun,Vetlanda,Vetlanda,Jan Johansson,jan johansson,Vetlanda Framåtanda,Vetlanda Framåtanda,Kommunstyrelsen,Förste vice ordförande,ledning,styre (trol.)
kommun,Vetlanda,Vetlanda,Robin Wallén Nilsson,robin wallen nilsson,Moderaterna,M,Kommunstyrelsen,Ordförande,ledning,styre (trol.)
kommun,Vetlanda,Vetlanda,Anders Bengtsson,anders bengtsson,Moderaterna,M,Vård- och omsorgsnämnden,Ordförande,omsorg/vård,styre (trol.)
kommun,Vetlanda,Vetlanda,Cecilia Rylander,cecilia rylander,Vetlanda Framåtanda,Vetlanda Framåtanda,Vård- och omsorgsnämnden,Förste vice ordförande,omsorg/vård,styre (trol.)
kommun,Vetlanda,Vetlanda,Conny Harrysson,conny harrysson,Vetlanda Framåtanda,Vetlanda Framåtanda,Socialnämnden,Ordförande,omsorg/vård,styre (trol.)
kommun,Vetlanda,Vetlanda,Jan-Erik Josefsson,jan-erik josefsson,Kristdemokraterna,KD,Vård- och omsorgsnämnden,Andre vice ordförande,omsorg/vård,opposition (trol.)
kommun,Vetlanda,Vetlanda,Jonna Andreasen-Fälth,jonna andreasen-falth,Sverigedemokraterna,SD,Socialnämnden,Förste vice ordförande,omsorg/vård,styre (trol.)
kommun,Vetlanda,Vetlanda,Mona-Lisa Hagström Svensson,mona-lisa hagstrom svensson,Socialdemokraterna,S,Socialnämnden,Andre vice ordförande,omsorg/vård,opposition (trol.)
kommun,Vetlanda,Vetlanda,Annelie Andersson,annelie andersson,Moderaterna,M,Barn- och utbildningsnämnden,Ordförande,utbildning,styre (trol.)
kommun,Vetlanda,Vetlanda,Daniel Berner,daniel berner,Centerpartiet,C,Barn- och utbildningsnämnden,Andre vice ordförande,utbildning,opposition (trol.)
kommun,Vetlanda,Vetlanda,Patrik Karlsson,patrik karlsson,Vetlanda Framåtanda,Vetlanda Framåtanda,Barn- och utbildningsnämnden,Förste vice ordförande,utbildning,styre (trol.)
kommun,Vilhelmina,Vilhelmina,Andreas Eliasson,andreas eliasson,Socialdemokraterna,S,Kommunstyrelsen,Ordförande,ledning,styre (trol.)
kommun,Vilhelmina,Vilhelmina,Lennart Fjellman,lennart fjellman,Kristdemokraterna,KD,Kommunstyrelsen,Andre vice ordförande,ledning,opposition (trol.)
kommun,Vilhelmina,Vilhelmina,Max Fredriksson,max fredriksson,Kristdemokraterna,KD,Kommunstyrelsen,Förste vice ordförande,ledning,styre (trol.)
kommun,Vimmerby,Vimmerby,Eva Kindstrand Ströberg,eva kindstrand stroberg,Socialdemokraterna,S,Kommunstyrelsen,Ordförande,ledning,styre (trol.)
kommun,Vimmerby,Vimmerby,Niklas Gustafsson,niklas gustafsson,Moderaterna,M,Kommunstyrelsen,Andre vice ordförande,ledning,opposition (trol.)
kommun,Vimmerby,Vimmerby,Peter Karlsson,peter karlsson,Centerpartiet,C,Kommunstyrelsen,Förste vice ordförande,ledning,styre (trol.)
kommun,Vimmerby,Vimmerby,Anders Brunegård,anders brunegard,Kristdemokraterna,KD,Socialnämnden,Andre vice ordförande,omsorg/vård,opposition (trol.)
kommun,Vimmerby,Vimmerby,Anders Brunegård,anders brunegard,Kristdemokraterna,KD,Socialnämndens myndighetsutskott,Andre vice ordförande,omsorg/vård,opposition (trol.)
kommun,Vimmerby,Vimmerby,Eva Berglund,eva berglund,Socialdemokraterna,S,Socialnämnden,Ordförande,omsorg/vård,styre (trol.)
kommun,Vimmerby,Vimmerby,Eva Berglund,eva berglund,Socialdemokraterna,S,Socialnämndens myndighetsutskott,Ordförande,omsorg/vård,styre (trol.)
kommun,Vimmerby,Vimmerby,Susanne Linder,susanne linder,Centerpartiet,C,Socialnämnden,Förste vice ordförande,omsorg/vård,styre (trol.)
kommun,Vimmerby,Vimmerby,Susanne Linder,susanne linder,Centerpartiet,C,Socialnämndens myndighetsutskott,Förste vice ordförande,omsorg/vård,styre (trol.)
kommun,Vimmerby,Vimmerby,Lars Sandberg,lars sandberg,Centerpartiet,C,Barn- och utbildningsnämnden,Ordförande,utbildning,styre (trol.)
kommun,Vimmerby,Vimmerby,Lis-Astrid Andersson,lis-astrid andersson,Socialdemokraterna,S,Barn- och utbildningsnämnden,Förste vice ordförande,utbildning,styre (trol.)
kommun,Vimmerby,Vimmerby,Ola Hammarbäck,ola hammarback,Kristdemokraterna,KD,Barn- och utbildningsnämnden,Andre vice ordförande,utbildning,opposition (trol.)
kommun,Vindeln,Vindeln,Britt-Louise Eriksson,britt-louise eriksson,Socialdemokraterna,S,Kommunstyrelsen,Ordförande,ledning,styre (trol.)
kommun,Vindeln,Vindeln,Daniel Jaede,daniel jaede,Kristdemokraterna,KD,Kommunstyrelsen,Ordförande,ledning,styre (trol.)
kommun,Vindeln,Vindeln,Mathias Haglund,mathias haglund,Socialdemokraterna,S,Kommunfullmäktige,Kommunalråd,ledning,styre (trol.)
kommun,Vindeln,Vindeln,Mathias Haglund,mathias haglund,Socialdemokraterna,S,Kommunstyrelsen,Ordförande,ledning,styre (trol.)
kommun,Vingåker,Vingåker,Charlotte Prennfors,charlotte prennfors,Moderaterna,M,Kommunstyrelsen,Ordförande,ledning,styre (trol.)
kommun,Vingåker,Vingåker,Robert Davidsson,robert davidsson,Centerpartiet,C,Kommunstyrelsen,Förste vice ordförande,ledning,styre (trol.)
kommun,Vingåker,Vingåker,Robert Skoglund,robert skoglund,Socialdemokraterna,S,Kommunstyrelsen,Andre vice ordförande,ledning,opposition (trol.)
kommun,Vingåker,Vingåker,Anna Gripenberg,anna gripenberg,Moderaterna,M,Socialnämnden,Ordförande,omsorg/vård,styre (trol.)
kommun,Vingåker,Vingåker,Camilla Tiredal,camilla tiredal,Socialdemokraterna,S,Socialnämnden,Förste vice ordförande,omsorg/vård,styre (trol.)
kommun,Vingåker,Vingåker,Fredrik Andersson,fredrik andersson,Moderaterna,M,Barn- och utbildningsnämnden,Ordförande,utbildning,styre (trol.)
kommun,Vingåker,Vingåker,Monica Granström,monica granstrom,-,-,Barn- och utbildningsnämnden,Förste vice ordförande,utbildning,styre (trol.)
kommun,Vänersborg,Vänersborg,Dan Nyberg,dan nyberg,Socialdemokraterna,S,Socialnämnd,Ordförande,omsorg/vård,styre (trol.)
kommun,Vänersborg,Vänersborg,Magnus Ekström,magnus ekstrom,Kristdemokraterna,KD,Socialnämnd,Förste vice ordförande,omsorg/vård,styre (trol.)
kommun,Vänersborg,Vänersborg,Bo Carlsson,bo carlsson,Centerpartiet,C,Barn- och Utbildningsnämnd,Ordförande,utbildning,styre (trol.)
kommun,Vänersborg,Vänersborg,Christin Slättmyr,christin slattmyr,Socialdemokraterna,S,Barn- och Utbildningsnämnd,Förste vice ordförande,utbildning,styre (trol.)
kommun,Vänersborg,Vänersborg,Gunnar Henriksson,gunnar henriksson,Liberalerna,L,Barn- och Utbildningsnämnd,Andre vice ordförande,utbildning,opposition (trol.)
kommun,Vännäs,Vännäs,Anders Nilsson,anders nilsson,Centerpartiet,C,Kommunstyrelsen,Förste vice ordförande,ledning,styre (trol.)
kommun,Vännäs,Vännäs,Anna Frej,anna frej,Socialdemokraterna,S,Kommunstyrelsen,Ordförande,ledning,styre (trol.)
kommun,Vännäs,Vännäs,Jan Nilsson,jan nilsson,Moderaterna,M,Kommunstyrelsen,Förste vice ordförande,ledning,styre (trol.)
kommun,Vännäs,Vännäs,Ingmarie Lindqvist,ingmarie lindqvist,Centerpartiet,C,Vård- och omsorgsnämnden,Förste vice ordförande,omsorg/vård,styre (trol.)
kommun,Vännäs,Vännäs,Jacqueline Forsberg,jacqueline forsberg,Socialdemokraterna,S,Vård- och omsorgsnämnden,Ordförande,omsorg/vård,styre (trol.)
kommun,Vännäs,Vännäs,Johan Ågren,johan agren,Socialdemokraterna,S,Barn- och utbildningsnämnden,Ordförande,utbildning,styre (trol.)
kommun,Vännäs,Vännäs,Matilda Lundberg,matilda lundberg,Centerpartiet,C,Barn- och utbildningsnämnden,Förste vice ordförande,utbildning,styre (trol.)
kommun,Värmdö,Värmdö,Carl Kangas,carl kangas,Socialdemokraterna,S,Kommunstyrelsen,ordförande,ledning,styre (trol.)
kommun,Värmdö,Värmdö,Linda Nygren,linda nygren,Socialdemokraterna,S,Vård- och omsorgsnämnden,ordförande,omsorg/vård,styre (trol.)
kommun,Värmdö,Värmdö,Sam Assadi,sam assadi,Socialdemokraterna,S,Socialnämnden,ordförande,omsorg/vård,styre (trol.)
kommun,Värmdö,Värmdö,Amie Kronblad,amie kronblad,Liberalerna,L,Grundskolenämnden,ordförande,utbildning,styre (trol.)
kommun,Värmdö,Värmdö,Emelie Öberg,emelie oberg,Socialdemokraterna,S,Förskolenämnden,ordförande,utbildning,styre (trol.)
kommun,Värmdö,Värmdö,Sam Assadi,sam assadi,Socialdemokraterna,S,"Gymnasie-, vuxenutbildnings- och arbetslivsnämnd",ordförande,utbildning,styre (trol.)
kommun,Värnamo,Värnamo,Filip Wihrén Andersson,filip wihren andersson,Moderaterna,M,Omsorgsnämnden,Ordförande,omsorg/vård,styre (trol.)
kommun,Värnamo,Värnamo,Margareta Lindahl,margareta lindahl,Kristdemokraterna,KD,Omsorgsnämnden,Förste vice ordförande,omsorg/vård,styre (trol.)
kommun,Värnamo,Värnamo,Åke Vilhelmsson,ake vilhelmsson,Socialdemokraterna,S,Omsorgsnämnden,Andre vice ordförande,omsorg/vård,opposition (trol.)
kommun,Värnamo,Värnamo,Kaj Larsson,kaj larsson,Moderaterna,M,Barn- och utbildningsnämnden,Förste vice ordförande,utbildning,styre (trol.)
kommun,Värnamo,Värnamo,Maria Johansson,maria johansson,-,-,Barn- och utbildningsnämnden,Ordförande,utbildning,styre (trol.)
kommun,Västervik,Västervik,Harald Hjalmarsson,harald hjalmarsson,Moderaterna,M,Kommunstyrelsen,Ordförande,ledning,styre (trol.)
kommun,Västervik,Västervik,Klara Björkum,klara bjorkum,Socialdemokraterna,S,Kommunstyrelsen,Andre vice ordförande,ledning,opposition (trol.)
kommun,Västervik,Västervik,Ulf Nilsson,ulf nilsson,Liberalerna,L,Kommunstyrelsen,Förste vice ordförande,ledning,styre (trol.)
kommun,Västervik,Västervik,Marianne Hennel,marianne hennel,Moderaterna,M,Socialnämnden,Förste vice ordförande,omsorg/vård,styre (trol.)
kommun,Västervik,Västervik,Maud Lindqvist,maud lindqvist,Socialdemokraterna,S,Socialnämnden,Andre vice ordförande,omsorg/vård,opposition (trol.)
kommun,Västervik,Västervik,Maud Ärlebrant,maud arlebrant,Kristdemokraterna,KD,Socialnämnden,Ordförande,omsorg/vård,styre (trol.)
kommun,Västervik,Västervik,Andreas Billtorp,andreas billtorp,Moderaterna,M,Barn- och utbildningsnämnden,Ordförande,utbildning,styre (trol.)
kommun,Västervik,Västervik,Cecilia Kåremyr,cecilia karemyr,Socialdemokraterna,S,Barn- och utbildningsnämnden,Andre vice ordförande,utbildning,opposition (trol.)
kommun,Västervik,Västervik,Jonas Jalkteg,jonas jalkteg,Westerwikspartiet,Westerwikspartiet,Barn- och utbildningsnämnden,Förste vice ordförande,utbildning,styre (trol.)
kommun,Växjö,Växjö,Malin Lauber,malin lauber,Socialdemokraterna,S,Kommunstyrelsen,Ordförande,ledning,styre (trol.)
kommun,Växjö,Växjö,Maria Garmer,maria garmer,Vänsterpartiet,V,Kommunstyrelsen,Förste vice ordförande,ledning,styre (trol.)
kommun,Växjö,Växjö,Pernilla Tornéus,pernilla torneus,Moderaterna,M,Kommunstyrelsen,Andre vice ordförande,ledning,opposition (trol.)
kommun,Växjö,Växjö,Nidija Avdic,nidija avdic,Vänsterpartiet,V,Omsorgsnämnden,Förste vice ordförande,omsorg/vård,styre (trol.)
kommun,Växjö,Växjö,Sofia Stynsberg,sofia stynsberg,Moderaterna,M,Omsorgsnämnden,Andre vice ordförande,omsorg/vård,opposition (trol.)
kommun,Växjö,Växjö,Tomas Thornell,tomas thornell,Socialdemokraterna,S,Omsorgsnämnden,Ordförande,omsorg/vård,styre (trol.)
kommun,Växjö,Växjö,Anton Olsson,anton olsson,Moderaterna,M,Utbildningsnämnden,Andre vice ordförande,utbildning,opposition (trol.)
kommun,Växjö,Växjö,Björn Kleinhenz,bjorn kleinhenz,Vänsterpartiet,V,Utbildningsnämnden,Förste vice ordförande,utbildning,styre (trol.)
kommun,Växjö,Växjö,Julia Berg,julia berg,Socialdemokraterna,S,Utbildningsnämnden,Ordförande,utbildning,styre (trol.)
kommun,Vårgårda,Vårgårda,Bengt Hilmersson,bengt hilmersson,Centerpartiet,C,Kommunstyrelsen,Ordförande,ledning,styre (trol.)
kommun,Vårgårda,Vårgårda,Kenneth Max,kenneth max,Moderaterna,M,Kommunstyrelsen,Förste vice ordförande,ledning,styre (trol.)
kommun,Vårgårda,Vårgårda,Tony Willner,tony willner,Socialdemokraterna,S,Kommunstyrelsen,Andre vice ordförande,ledning,opposition (trol.)
kommun,Ydre,Ydre,Gunilla Klint Armsköld,gunilla klint armskold,Socialdemokraterna,S,Kommunstyrelsen,Andre vice ordförande,ledning,opposition (trol.)
kommun,Ydre,Ydre,Jeanette Perchun,jeanette perchun,Moderaterna,M,Kommunstyrelsen,Förste vice ordförande,ledning,styre (trol.)
kommun,Ydre,Ydre,Nina Vissing,nina vissing,Centerpartiet,C,Kommunstyrelsen,Ordförande,ledning,styre (trol.)
kommun,Ystad,Ystad,Gunilla Andersson,gunilla andersson,Moderaterna,M,Kommunstyrelsen,Förste vice ordförande,ledning,styre (trol.)
kommun,Ystad,Ystad,Kevin Rasmussen,kevin rasmussen,Socialdemokraterna,S,Kommunstyrelsen,Andre vice ordförande,ledning,opposition (trol.)
kommun,Ystad,Ystad,Paula Nilsson,paula nilsson,Moderaterna,M,Kommunstyrelsen,Ordförande,ledning,styre (trol.)
kommun,Ystad,Ystad,Anne Olofsdotter,anne olofsdotter,Moderaterna,M,Socialnämnden,Ordförande,omsorg/vård,styre (trol.)
kommun,Ystad,Ystad,Birgitta Cestrone Nyman,birgitta cestrone nyman,Socialdemokraterna,S,Socialnämnden,Andre vice ordförande,omsorg/vård,opposition (trol.)
kommun,Ystad,Ystad,Marcus Bräutigam,marcus brautigam,Liberalerna,L,Socialnämnden,Förste vice ordförande,omsorg/vård,styre (trol.)
kommun,Ystad,Ystad,Allan Waktmar,allan waktmar,Socialdemokraterna,S,Gymnasienämnden,Andre vice ordförande,utbildning,opposition (trol.)
kommun,Ystad,Ystad,Karin Voltaire,karin voltaire,Socialdemokraterna,S,Barn- och Utbildningsnämnden,Andre vice ordförande,utbildning,opposition (trol.)
kommun,Ystad,Ystad,Kent Andersson,kent andersson,Sverigedemokraterna,SD,Gymnasienämnden,Förste vice ordförande,utbildning,styre (trol.)
kommun,Ystad,Ystad,Kevin Sundin,kevin sundin,Moderaterna,M,Gymnasienämnden,Ordförande,utbildning,styre (trol.)
kommun,Ystad,Ystad,Paula Larsson Jarl,paula larsson jarl,Moderaterna,M,Barn- och Utbildningsnämnden,Förste vice ordförande,utbildning,styre (trol.)
kommun,Ystad,Ystad,Per-Olof Lind,per-olof lind,Liberalerna,L,Barn- och Utbildningsnämnden,Ordförande,utbildning,styre (trol.)
kommun,Älmhult,Älmhult,Eva Ballovarre,eva ballovarre,Socialdemokraterna,S,Kommunstyrelsen,Ordförande,ledning,styre (trol.)
kommun,Älmhult,Älmhult,Jakob Willborg,jakob willborg,Moderaterna,M,Kommunstyrelsen,Andre vice ordförande,ledning,opposition (trol.)
kommun,Älmhult,Älmhult,Thomas Harrysson,thomas harrysson,Centerpartiet,C,Kommunstyrelsen,Förste vice ordförande,ledning,styre (trol.)
kommun,Älmhult,Älmhult,Lars Ingvert,lars ingvert,Socialdemokraterna,S,Socialnämnden,Ordförande,omsorg/vård,styre (trol.)
kommun,Älmhult,Älmhult,Marie Rosenqvist,marie rosenqvist,Moderaterna,M,Socialnämnden,Andre vice ordförande,omsorg/vård,opposition (trol.)
kommun,Älmhult,Älmhult,Nusreta Kurtanovic-Nilsson,nusreta kurtanovic-nilsson,Centerpartiet,C,Socialnämnden,Förste vice ordförande,omsorg/vård,styre (trol.)
kommun,Älmhult,Älmhult,Morgan Svensson,morgan svensson,Moderaterna,M,Utbildningsnämnden,Andre vice ordförande,utbildning,opposition (trol.)
kommun,Älmhult,Älmhult,Stefan Jönsson,stefan jonsson,Socialdemokraterna,S,Utbildningsnämnden,Ordförande,utbildning,styre (trol.)
kommun,Älmhult,Älmhult,Thomas Harrysson,thomas harrysson,Centerpartiet,C,Utbildningsnämnden,Förste vice ordförande,utbildning,styre (trol.)
kommun,Ängelholm,Ängelholm,Lars Nyander,lars nyander,Socialdemokraterna,S,Kommunstyrelsen,Andre vice ordförande,ledning,opposition (trol.)
kommun,Ängelholm,Ängelholm,Liss Böcker,liss bocker,Centerpartiet,C,Kommunstyrelsen,Förste vice ordförande,ledning,styre (trol.)
kommun,Ängelholm,Ängelholm,Robin Holmberg,robin holmberg,Moderaterna,M,Kommunstyrelsen,Ordförande,ledning,styre (trol.)
kommun,Ängelholm,Ängelholm,Jessica Klingvall,jessica klingvall,Socialdemokraterna,S,Familje och utbildningsnämnd,Andre vice ordförande,utbildning,opposition (trol.)
kommun,Ängelholm,Ängelholm,Rasmus Waak Brunkestam,rasmus waak brunkestam,Centerpartiet,C,Familje och utbildningsnämnd,Förste vice ordförande,utbildning,styre (trol.)
kommun,Ängelholm,Ängelholm,Sven-Ingvar Borgquist,sven-ingvar borgquist,Moderaterna,M,Familje och utbildningsnämnd,Ordförande,utbildning,styre (trol.)
kommun,Åmål,Åmål,Lars-Olof Ottosson,lars-olof ottosson,Centerpartiet,C,Kommunstyrelsen,Förste vice ordförande,ledning,styre (trol.)
kommun,Åmål,Åmål,Michael Karlsson,michael karlsson,Moderaterna,M,Kommunstyrelsen,Ordförande,ledning,styre (trol.)
kommun,Åmål,Åmål,Mikael Nilsson,mikael nilsson,Miljöpartiet,Miljöpartiet,Kommunstyrelsen,Andre vice ordförande,ledning,opposition (trol.)
kommun,Ånge,Ånge,Erik Lövgren,erik lovgren,Socialdemokraterna,S,Kommunstyrelsen,Ordförande,ledning,styre (trol.)
kommun,Ånge,Ånge,Linda Mattsson,linda mattsson,Vår Framtid,Vår Framtid,Kommunstyrelsen,Andre vice ordförande,ledning,opposition (trol.)
kommun,Ånge,Ånge,Nils-Erik Flemström,nils-erik flemstrom,Moderaterna,M,Kommunstyrelsen,Förste vice ordförande,ledning,styre (trol.)
kommun,Årjäng,Årjäng,Anette Eriksson,anette eriksson,Kristdemokraterna,KD,Kommunstyrelsen,Oppositionsråd,ledning,opposition
kommun,Årjäng,Årjäng,Birger Pettersson Wiik,birger pettersson wiik,Socialdemokraterna,S,Kommunstyrelsen,Ordförande,ledning,styre (trol.)
kommun,Årjäng,Årjäng,Mikael Olsson,mikael olsson,Moderaterna,M,Kommunstyrelsen,Förste vice ordförande,ledning,styre (trol.)
kommun,Årjäng,Årjäng,Henrik Wiig Pettersson,henrik wiig pettersson,Socialdemokraterna,S,Stöd- och omsorgsnämnden,Ordförande,omsorg/vård,styre (trol.)
kommun,Årjäng,Årjäng,Rolf Emanuelsson,rolf emanuelsson,Centerpartiet,C,Stöd- och omsorgsnämnden,Förste vice ordförande,omsorg/vård,styre (trol.)
kommun,Årjäng,Årjäng,Camilla Kristoffersson,camilla kristoffersson,Moderaterna,M,Barn- och utbildningsnämnden,Ordförande,utbildning,styre (trol.)
kommun,Årjäng,Årjäng,Thord Andersson,thord andersson,Centerpartiet,C,Barn- och utbildningsnämnden,Förste vice ordförande,utbildning,styre (trol.)
kommun,Åsele,Åsele,Andreas From,andreas from,Socialdemokraterna,S,Kommunstyrelsen,Ordförande,ledning,styre (trol.)
kommun,Åsele,Åsele,Torsten Lundborg,torsten lundborg,Liberalerna,L,Kommunstyrelsen,Förste vice ordförande,ledning,styre (trol.)
kommun,Åstorp,Åstorp,Bitten Mårtensson,bitten martensson,Socialdemokraterna,S,Kommunstyrelsen (KS),Andre vice ordförande,ledning,opposition (trol.)
kommun,Åstorp,Åstorp,Janet Norbeck,janet norbeck,Moderaterna,M,Kommunstyrelsen (KS),Förste vice ordförande,ledning,styre (trol.)
kommun,Åstorp,Åstorp,Peter Lindberg,peter lindberg,Sverigedemokraterna,SD,Kommunstyrelsen (KS),Ordförande,ledning,styre (trol.)
kommun,Åstorp,Åstorp,Harri Rosqvist,harri rosqvist,Sverigedemokraterna,SD,Socialnämnden (SN),Förste vice ordförande,omsorg/vård,styre (trol.)
kommun,Åstorp,Åstorp,Izabela Dzanko,izabela dzanko,Socialdemokraterna,S,Socialnämnden (SN),Andre vice ordförande,omsorg/vård,opposition (trol.)
kommun,Åstorp,Åstorp,Wiveca Andreasson,wiveca andreasson,Moderaterna,M,Socialnämnden (SN),Ordförande,omsorg/vård,styre (trol.)
kommun,Öckerö,Öckerö,Anders Kjellgren,anders kjellgren,Moderaterna,M,Kommunstyrelsen,Förste vice ordförande,ledning,styre (trol.)
kommun,Öckerö,Öckerö,Jan Utbult,jan utbult,Kristdemokraterna,KD,Kommunstyrelsen,Ordförande,ledning,styre (trol.)
kommun,Öckerö,Öckerö,Maria Brauer,maria brauer,Socialdemokraterna,S,Kommunstyrelsen,Andre vice ordförande,ledning,opposition (trol.)
kommun,Öckerö,Öckerö,Martina Lindqvist,martina lindqvist,Kristdemokraterna,KD,Socialnämnden,Förste vice ordförande,omsorg/vård,styre (trol.)
kommun,Öckerö,Öckerö,Sandra Svensson,sandra svensson,Moderaterna,M,Socialnämnden,Ordförande,omsorg/vård,styre (trol.)
kommun,Öckerö,Öckerö,Thomas Wijk,thomas wijk,Socialdemokraterna,S,Socialnämnden,Andre vice ordförande,omsorg/vård,opposition (trol.)
kommun,Ödeshög,Ödeshög,Annika Sundholm,annika sundholm,Socialdemokraterna,S,Kommunstyrelsen,Förste vice ordförande,ledning,styre (trol.)
kommun,Ödeshög,Ödeshög,Jonas Andersson,jonas andersson,Moderaterna,M,Kommunstyrelsen,Ordförande,ledning,styre (trol.)
kommun,Ödeshög,Ödeshög,Jonni Harrius,jonni harrius,Kristdemokraterna,KD,Kommunstyrelsen,Andre vice ordförande,ledning,opposition (trol.)
kommun,Ödeshög,Ödeshög,Johan Kollberg,johan kollberg,Socialdemokraterna,S,Socialnämnden,Ordförande,omsorg/vård,styre (trol.)
kommun,Ödeshög,Ödeshög,Lisbeth Antonsson,lisbeth antonsson,Centerpartiet,C,Socialnämnden,Förste vice ordförande,omsorg/vård,styre (trol.)
kommun,Ödeshög,Ödeshög,Maria Gustafsson,maria gustafsson,Socialdemokraterna,S,Barn- och utbildningsnämnden,Förste vice ordförande,utbildning,styre (trol.)
kommun,Ödeshög,Ödeshög,Teodor Johansson,teodor johansson,Moderaterna,M,Barn- och utbildningsnämnden,Ordförande,utbildning,styre (trol.)
kommun,Örebro,Örebro,Anders Åhrlin,anders ahrlin,Moderaterna,M,Kommunstyrelsen,Förste vice ordförande,ledning,styre (trol.)
kommun,Örebro,Örebro,John Johansson,john johansson,Socialdemokraterna,S,Kommunstyrelsen,Ordförande,ledning,styre (trol.)
kommun,Örebro,Örebro,Karolina Wallström,karolina wallstrom,Liberalerna,L,Kommunstyrelsen,Andre vice ordförande,ledning,opposition (trol.)
kommun,Örebro,Örebro,Anna-Karin Kumlin,anna-karin kumlin,Moderaterna,M,Vård- och omsorgsnämnden,Förste vice ordförande,omsorg/vård,styre (trol.)
kommun,Örebro,Örebro,Carina Toro Hartman,carina toro hartman,Socialdemokraterna,S,Socialnämnden,Förste vice ordförande,omsorg/vård,styre (trol.)
kommun,Örebro,Örebro,Carl-Johan Wase,carl-johan wase,Moderaterna,M,Socialnämnden,Ordförande,omsorg/vård,styre (trol.)
kommun,Örebro,Örebro,Daniel Ekblad,daniel ekblad,Socialdemokraterna,S,Funktionsstödsnämnden,Förste vice ordförande,omsorg/vård,styre (trol.)
kommun,Örebro,Örebro,Erik Sjöberg,erik sjoberg,Liberalerna,L,Socialnämnden,Andre vice ordförande,omsorg/vård,opposition (trol.)
kommun,Örebro,Örebro,Georg Barsom,georg barsom,Kristdemokraterna,KD,Funktionsstödsnämnden,Andre vice ordförande,omsorg/vård,opposition (trol.)
kommun,Örebro,Örebro,Gunhild Wallin,gunhild wallin,Centerpartiet,C,Funktionsstödsnämnden,Ordförande,omsorg/vård,styre (trol.)
kommun,Örebro,Örebro,Johanna Reimfelt,johanna reimfelt,Liberalerna,L,Vård- och omsorgsnämnden,Andre vice ordförande,omsorg/vård,opposition (trol.)
kommun,Örebro,Örebro,Mattias Ottosson,mattias ottosson,Socialdemokraterna,S,Vård- och omsorgsnämnden,Ordförande,omsorg/vård,styre (trol.)
kommun,Örebro,Örebro,Christopher Hedbom Rydaeus,christopher hedbom rydaeus,Moderaterna,M,Gymnasie- och arbetsmarknadsnämnden,Ordförande,utbildning,styre (trol.)
kommun,Örebro,Örebro,Emelie Jaxell,emelie jaxell,Moderaterna,M,Grundskolenämnden,Förste vice ordförande,utbildning,styre (trol.)
kommun,Örebro,Örebro,Joakim Hedwall,joakim hedwall,Sverigedemokraterna,SD,Förskolenämnden,Andre vice ordförande,utbildning,opposition (trol.)
kommun,Örebro,Örebro,Jonas Håård,jonas haard,Socialdemokraterna,S,Grundskolenämnden,Ordförande,utbildning,styre (trol.)
kommun,Örebro,Örebro,Marie Brorson,marie brorson,Socialdemokraterna,S,Gymnasie- och arbetsmarknadsnämnden,Förste vice ordförande,utbildning,styre (trol.)
kommun,Örebro,Örebro,Mats-Olof Liljegren,mats-olof liljegren,Liberalerna,L,Grundskolenämnden,Andre vice ordförande,utbildning,opposition (trol.)
kommun,Örebro,Örebro,Sara Dicksen,sara dicksen,Moderaterna,M,Förskolenämnden,Ordförande,utbildning,styre (trol.)
kommun,Örebro,Örebro,Susanne Lindholm Henningsson,susanne lindholm henningsson,Kristdemokraterna,KD,Gymnasie- och arbetsmarknadsnämnden,Andre vice ordförande,utbildning,opposition (trol.)
kommun,Örebro,Örebro,Unnur Tryggvadottir Nordell,unnur tryggvadottir nordell,Socialdemokraterna,S,Förskolenämnden,Förste vice ordförande,utbildning,styre (trol.)
kommun,Örkelljunga,Örkelljunga,Arne Silfvergren,arne silfvergren,Socialdemokraterna,S,Kommunstyrelsen,Andre vice ordförande,ledning,opposition (trol.)
kommun,Örkelljunga,Örkelljunga,Henrik Nilsson,henrik nilsson,Moderaterna,M,Kommunstyrelsen,Förste vice ordförande,ledning,styre (trol.)
kommun,Örkelljunga,Örkelljunga,Niclas Bengtsson,niclas bengtsson,Sverigedemokraterna,SD,Kommunstyrelsen,Ordförande,ledning,styre (trol.)
kommun,Örkelljunga,Örkelljunga,Gunilla Danielsson,gunilla danielsson,Socialdemokraterna,S,Socialnämnden,Andre vice ordförande,omsorg/vård,opposition (trol.)
kommun,Örkelljunga,Örkelljunga,Kristofer Nennestam,kristofer nennestam,Moderaterna,M,Socialnämnden,Förste vice ordförande,omsorg/vård,styre (trol.)
kommun,Örkelljunga,Örkelljunga,Stefan Svensson,stefan svensson,-,-,Socialnämnden,Ordförande,omsorg/vård,styre (trol.)
kommun,Örkelljunga,Örkelljunga,Anneli Eskilandersson,anneli eskilandersson,Sverigedemokraterna,SD,Utbildningsnämnden,Ordförande,utbildning,styre (trol.)
kommun,Örkelljunga,Örkelljunga,Annika Jönsson,annika jonsson,Moderaterna,M,Utbildningsnämnden,Förste vice ordförande,utbildning,styre (trol.)
kommun,Örkelljunga,Örkelljunga,Gunilla Edman,gunilla edman,Socialdemokraterna,S,Utbildningsnämnden,Andre vice ordförande,utbildning,opposition (trol.)
kommun,Örnsköldsvik,Örnsköldsvik,Anna-Britta Åkerlind,anna-britta akerlind,Centerpartiet,C,Kommunalråd,Kommunalråd,ledning,styre (trol.)
kommun,Örnsköldsvik,Örnsköldsvik,Anna-Britta Åkerlind,anna-britta akerlind,Centerpartiet,C,Kommunstyrelsen,Ordförande,ledning,styre (trol.)
kommun,Örnsköldsvik,Örnsköldsvik,Carolina Sondell,carolina sondell,Socialdemokraterna,S,Kommunalråd,Kommunalråd,ledning,styre (trol.)
kommun,Örnsköldsvik,Örnsköldsvik,Carolina Sondell,carolina sondell,Socialdemokraterna,S,Kommunstyrelsen,Andre vice ordförande,ledning,opposition (trol.)
kommun,Örnsköldsvik,Örnsköldsvik,Johannes Nordin,johannes nordin,Moderaterna,M,Kommunalråd,Kommunalråd,ledning,styre (trol.)
kommun,Örnsköldsvik,Örnsköldsvik,Johannes Nordin,johannes nordin,Moderaterna,M,Kommunstyrelsen,Förste vice ordförande,ledning,styre (trol.)
kommun,Östersund,Östersund,Eftichia Kourlos,eftichia kourlos,Centerpartiet,C,Kommunstyrelsen,Förste vice ordförande,ledning,styre (trol.)
kommun,Östersund,Östersund,Niklas Daoson,niklas daoson,Socialdemokraterna,S,Kommunstyrelsen,Ordförande,ledning,styre (trol.)
kommun,Östersund,Östersund,Pär Fredriksson,par fredriksson,Moderaterna,M,Kommunstyrelsen,Andre vice ordförande,ledning,opposition (trol.)
kommun,Östersund,Östersund,Lise Hjemgaard Svensson,lise hjemgaard svensson,Moderaterna,M,Vård- och omsorgsnämnden,Förste vice ordförande,omsorg/vård,styre (trol.)
kommun,Östersund,Östersund,Margareta Lindhagen,margareta lindhagen,Centerpartiet,C,Vård- och omsorgsnämnden,Andre vice ordförande,omsorg/vård,opposition (trol.)
kommun,Östersund,Östersund,Margareta Winberg,margareta winberg,Socialdemokraterna,S,Vård- och omsorgsnämnden,Ordförande,omsorg/vård,styre (trol.)
kommun,Östersund,Östersund,Jananders Mattsson,jananders mattsson,Moderaterna,M,Barn- och utbildningsnämnd,Förste vice ordförande,utbildning,styre (trol.)
kommun,Östersund,Östersund,Pelle Simonsson,pelle simonsson,Centerpartiet,C,Barn- och utbildningsnämnd,Andre vice ordförande,utbildning,opposition (trol.)
kommun,Östersund,Östersund,Rosi Hoffer,rosi hoffer,Socialdemokraterna,S,Barn- och utbildningsnämnd,Ordförande,utbildning,styre (trol.)
kommun,Österåker,Österåker,Richard Orgård,richard orgard,Moderaterna,M,Kommunstyrelsen,Ordförande,ledning,styre (trol.)
kommun,Österåker,Österåker,Christina Funhammar,christina funhammar,Moderaterna,M,Socialnämnd,Ordförande,omsorg/vård,styre (trol.)
kommun,Österåker,Österåker,Monica Kjellman,monica kjellman,Liberalerna,L,Vård- och omsorgsnämnd,Ordförande,omsorg/vård,styre (trol.)
kommun,Österåker,Österåker,Hampe Klein,hampe klein,Moderaterna,M,Utbildningsnämnd,Ordförande,utbildning,styre (trol.)
kommun,Östhammar,Östhammar,Fabian Sjöberg,fabian sjoberg,Moderaterna,M,Kommunstyrelsen,Ordförande,ledning,styre (trol.)
kommun,Östhammar,Östhammar,Lisa Norén,lisa noren,Socialdemokraterna,S,Kommunstyrelsen,Andre vice ordförande,ledning,opposition (trol.)
kommun,Östhammar,Östhammar,Måns Lorichs,mans lorichs,Sverigedemokraterna,SD,Kommunstyrelsen,Förste vice ordförande,ledning,styre (trol.)
kommun,Östhammar,Östhammar,Anna-Lena Söderblom,anna-lena soderblom,Moderaterna,M,Vård- och omsorgsnämnd,Förste vice ordförande,omsorg/vård,styre (trol.)
kommun,Östhammar,Östhammar,Roger Lamell,roger lamell,Socialdemokraterna,S,Vård- och omsorgsnämnd,Andre vice ordförande,omsorg/vård,opposition (trol.)
kommun,Östhammar,Östhammar,Sabina Ståhl,sabina stahl,Kristdemokraterna,KD,Vård- och omsorgsnämnd,Ordförande,omsorg/vård,styre (trol.)
kommun,Östhammar,Östhammar,Jessica Kumlin,jessica kumlin,Moderaterna,M,Barn- och utbildningsnämnd,Ordförande,utbildning,styre (trol.)
kommun,Östhammar,Östhammar,Josefine Nilsson,josefine nilsson,Centerpartiet,C,Barn- och utbildningsnämnd,Andre vice ordförande,utbildning,opposition (trol.)
kommun,Östhammar,Östhammar,Måns Lorichs,mans lorichs,Sverigedemokraterna,SD,Barn- och utbildningsnämnd,Förste vice ordförande,utbildning,styre (trol.)
kommun,Östra Göinge,Östra Göinge,Daniel Lyckestam,daniel lyckestam,Moderaterna,M,Kommunstyrelsen,Förste vice ordförande,ledning,styre (trol.)
kommun,Östra Göinge,Östra Göinge,Göte Färm,gote farm,Sverigedemokraterna,SD,Kommunstyrelsen,Andre vice ordförande,ledning,opposition (trol.)
kommun,Östra Göinge,Östra Göinge,Patric Åberg,patric aberg,Moderaterna,M,Kommunstyrelsen,Ordförande,ledning,styre (trol.)
kommun,Överkalix,Överkalix,Niclas Hökfors,niclas hokfors,Socialdemokraterna,S,Kommunstyrelsen,Ordförande,ledning,styre (trol.)
kommun,Överkalix,Överkalix,Susanna Karlsson,susanna karlsson,Socialdemokraterna,S,Kommunstyrelsen,Förste vice ordförande,ledning,styre (trol.)
kommun,Övertorneå,Övertorneå,Henry Barsk,henry barsk,Framtid S,Framtid S,Kommunstyrelsen,Förste vice ordförande,ledning,styre (trol.)
kommun,Övertorneå,Övertorneå,Tomas Mörtberg,tomas mortberg,Centerpartiet,C,Kommunstyrelsen,Ordförande,ledning,styre (trol.)
kommun,Övertorneå,Övertorneå,Bengt Rytiniemi,bengt rytiniemi,Vänsterpartiet,V,Socialnämnden,Förste vice ordförande,omsorg/vård,styre (trol.)
kommun,Övertorneå,Övertorneå,Urve Kirt,urve kirt,Centerpartiet,C,Socialnämnden,Ordförande,omsorg/vård,styre (trol.)
region,Region Blekinge,,Björn Tenland Nurhadi,bjorn tenland nurhadi,Sverigedemokraterna,SD,Regionstyrelsen,Ordförande,ledning,styre (trol.)
region,Region Blekinge,,Lars Markus Hildingsson,lars markus hildingsson,Socialdemokraterna,S,Regionstyrelsen,Andre vice ordförande,ledning,opposition (trol.)
region,Region Blekinge,,Magnus Arvidsson,magnus arvidsson,Moderaterna,M,Regionstyrelsen,Förste vice ordförande,ledning,styre (trol.)
region,Region Blekinge,,Anders Lund,anders lund,Moderaterna,M,Hälso- och sjukvårdsnämnden,Ordförande,vård,styre (trol.)
region,Region Blekinge,,Magnus Johansson,magnus johansson,Socialdemokraterna,S,Hälso- och sjukvårdsnämnden,Andre vice ordförande,vård,opposition (trol.)
region,Region Blekinge,,Robert Lindén,robert linden,Sverigedemokraterna,SD,Hälso- och sjukvårdsnämnden,Förste vice ordförande,vård,styre (trol.)
region,Region Dalarna,,Björn Ljungqvist,bjorn ljungqvist,Moderaterna,M,Regionstyrelsen,Andre vice ordförande,ledning,opposition (trol.)
region,Region Dalarna,,Elin Norén,elin noren,Socialdemokraterna,S,Regionstyrelsen,Ordförande,ledning,styre (trol.)
region,Region Dalarna,,Sofia Jarl,sofia jarl,Centerpartiet,C,Regionstyrelsen,Förste vice ordförande,ledning,styre (trol.)
region,Region Dalarna,,Abbe Ronsten,abbe ronsten,Socialdemokraterna,S,Kollektivtrafiknämnden,Ordförande,trafik,styre (trol.)
region,Region Dalarna,,David Örnberg,david ornberg,Vänsterpartiet,V,Kollektivtrafiknämnden,Andre vice ordförande,trafik,opposition (trol.)
region,Region Dalarna,,Jonas Hillerström,jonas hillerstrom,Kristdemokraterna,KD,Kollektivtrafiknämnden,Förste vice ordförande,trafik,styre (trol.)
region,Region Dalarna,,Sebastian Karlberg,sebastian karlberg,Socialdemokraterna,S,Hälso- och sjukvårdsnämnden,Förste vice ordförande,vård,styre (trol.)
region,Region Dalarna,,Sofia Jarl,sofia jarl,Centerpartiet,C,Hälso- och sjukvårdsnämnden,Ordförande,vård,styre (trol.)
region,Region Dalarna,,Ulf Berg,ulf berg,Moderaterna,M,Hälso- och sjukvårdsnämnden,Andre vice ordförande,vård,opposition (trol.)
region,Region Gotland,,Johan Malmros,johan malmros,Centerpartiet,C,Regionstyrelsen,Andre vice ordförande,ledning,opposition (trol.)
region,Region Gotland,,Meit Fohlin,meit fohlin,Socialdemokraterna,S,Regionstyrelsen,Ordförande,ledning,styre (trol.)
region,Region Gotland,,Rolf Öström,rolf ostrom,Moderaterna,M,Regionstyrelsen,Förste vice ordförande,ledning,styre (trol.)
region,Region Gotland,,Eva Ahlin,eva ahlin,Centerpartiet,C,Hälso-och sjukvårdsnämnden,Andre vice ordförande,vård,opposition (trol.)
region,Region Gotland,,Filip Reinhag,filip reinhag,Socialdemokraterna,S,Hälso-och sjukvårdsnämnden,Ordförande,vård,styre (trol.)
region,Region Gotland,,Mikael Blad,mikael blad,Moderaterna,M,Hälso-och sjukvårdsnämnden,Förste vice ordförande,vård,styre (trol.)
region,Region Gävleborg,,Anna Sundberg,anna sundberg,Sverigedemokraterna,SD,Regionstyrelsen,Förste vice ordförande,ledning,styre (trol.)
region,Region Gävleborg,,Eva Lindberg,eva lindberg,Socialdemokraterna,S,Regionstyrelsen,Andre vice ordförande,ledning,opposition (trol.)
region,Region Gävleborg,,Patrik Stenvard,patrik stenvard,Moderaterna,M,Regionstyrelsen,Ordförande,ledning,styre (trol.)
region,Region Gävleborg,,Ann-Charlotte Granath,ann-charlotte granath,Moderaterna,M,Hälso- och sjukvårdsnämnd,Förste vice ordförande,vård,styre (trol.)
region,Region Gävleborg,,Jan Lahenkorva,jan lahenkorva,Socialdemokraterna,S,Hälso- och sjukvårdsnämnd,Andre vice ordförande,vård,opposition (trol.)
region,Region Gävleborg,,Jennie Forsblom,jennie forsblom,Kristdemokraterna,KD,Hälso- och sjukvårdsnämnd,Ordförande,vård,styre (trol.)
region,Region Halland,,Helene Andersson,helene andersson,Centerpartiet,C,Regionstyrelsen,Förste vice ordförande,ledning,styre (trol.)
region,Region Halland,,Lise-Lotte Bensköld Olsson,lise-lotte benskold olsson,Socialdemokraterna,S,Regionstyrelsen,Andre vice ordförande,ledning,opposition (trol.)
region,Region Halland,,Mikaela Waltersson,mikaela waltersson,Moderaterna,M,Regionstyrelsen,Ordförande,ledning,styre (trol.)
region,Region Halland,,Christoffer Johansson,christoffer johansson,Socialdemokraterna,S,Driftnämnden kollektivtrafik,Andre vice ordförande,trafik,opposition (trol.)
region,Region Halland,,Erling Cronqvist,erling cronqvist,Centerpartiet,C,Driftnämnden kollektivtrafik,Förste vice ordförande,trafik,styre (trol.)
region,Region Halland,,Gösta Bergenheim,gosta bergenheim,Moderaterna,M,Driftnämnden kollektivtrafik,Ordförande,trafik,styre (trol.)
region,Region Halland,,Berit Bergström,berit bergstrom,Moderaterna,M,Driftnämnden Närsjukvård,Ordförande,vård,styre (trol.)
region,Region Halland,,Patrik Thorsson Nilsson,patrik thorsson nilsson,Socialdemokraterna,S,Driftnämnden Närsjukvård,Andre vice ordförande,vård,opposition (trol.)
region,Region Halland,,Peter Lundin,peter lundin,Centerpartiet,C,Driftnämnden Närsjukvård,Förste vice ordförande,vård,styre (trol.)
region,Region Jämtland,,Bengt Bergqvist,bengt bergqvist,Socialdemokraterna,S,Regionstyrelsen,Ordförande,ledning,styre (trol.)
region,Region Jämtland,,Lars-Erik Olofsson,lars-erik olofsson,Kristdemokraterna,KD,Regionstyrelsen,Förste vice ordförande,ledning,styre (trol.)
region,Region Jämtland,,Robert Hamberg,robert hamberg,Moderaterna,M,Regionstyrelsen,Andre vice ordförande,ledning,opposition (trol.)
region,Region Jämtland,,Catarina Espmark,catarina espmark,Moderaterna,M,Kollektivtrafiknämnden,Förste vice ordförande,trafik,styre (trol.)
region,Region Jämtland,,Jenny Sellsve,jenny sellsve,Socialdemokraterna,S,Kollektivtrafiknämnden,Ordförande,trafik,styre (trol.)
region,Region Jämtland,,Elin Hoffner,elin hoffner,Vänsterpartiet,V,Hälso- och sjukvårdsnämnden,Förste vice ordförande,vård,styre (trol.)
region,Region Jämtland,,Katarina Nyberg-Finn,katarina nyberg-finn,Socialdemokraterna,S,Hälso- och sjukvårdsnämnden,Ordförande,vård,styre (trol.)
region,Region Jämtland,,Magnus Rönnerfjäll,magnus ronnerfjall,Centerpartiet,C,Hälso- och sjukvårdsnämnden,Andre vice ordförande,vård,opposition (trol.)
region,Region Jönköping,,Rachel De Basso,rachel de basso,Socialdemokraterna,S,Regionstyrelsen,Ordförande,ledning,styre (trol.)
region,Region Jönköping,,Stina Sinclair,stina sinclair,Kristdemokraterna,KD,Regionstyrelsen,Andre vice ordförande,ledning,opposition (trol.)
region,Region Jönköping,,Tommie Ekered,tommie ekered,Moderaterna,M,Regionstyrelsen,Förste vice ordförande,ledning,styre (trol.)
region,Region Jönköping,,Leif Andersson,leif andersson,Centerpartiet,C,"Nämnd för trafik, infrastruktur och miljö",Andre vice ordförande,trafik,opposition (trol.)
region,Region Jönköping,,Per Svenberg,per svenberg,Socialdemokraterna,S,"Nämnd för trafik, infrastruktur och miljö",Förste vice ordförande,trafik,styre (trol.)
region,Region Jönköping,,Tommie Ekered,tommie ekered,Moderaterna,M,"Nämnd för trafik, infrastruktur och miljö",Ordförande,trafik,styre (trol.)
region,Region Jönköping,,Martin Nedergaard-Hansen,martin nedergaard-hansen,Vårddemokraterna,Vårddemokraterna,Nämnd för Folkhälsa och sjukvård,Förste vice ordförande,vård,styre (trol.)
region,Region Jönköping,,Monica Samuelsson,monica samuelsson,Kristdemokraterna,KD,Nämnd för Folkhälsa och sjukvård,Andre vice ordförande,vård,opposition (trol.)
region,Region Jönköping,,Thomas Gustafsson,thomas gustafsson,Socialdemokraterna,S,Nämnd för Folkhälsa och sjukvård,Ordförande,vård,styre (trol.)
region,Region Kalmar,,Angelica Katsanidou,angelica katsanidou,Socialdemokraterna,S,Regionstyrelsen,Ordförande,ledning,styre (trol.)
region,Region Kalmar,,Karin Helmersson,karin helmersson,Centerpartiet,C,Regionstyrelsen,Förste vice ordförande,ledning,styre (trol.)
region,Region Kalmar,,Malin Sjölander,malin sjolander,Moderaterna,M,Regionstyrelsen,Förste vice ordförande,ledning,styre (trol.)
region,Region Kalmar,,Carl-Wiktor Svensson,carl-wiktor svensson,Kristdemokraterna,KD,Kollektivtrafiknämnden,Förste vice ordförande,trafik,styre (trol.)
region,Region Kalmar,,Peter Wretlund,peter wretlund,Socialdemokraterna,S,Kollektivtrafiknämnden,Ordförande,trafik,styre (trol.)
region,Region Kronoberg,,Anna Zelvin,anna zelvin,Kristdemokraterna,KD,Regionstyrelsen,Andre vice ordförande,ledning,opposition (trol.)
region,Region Kronoberg,,Henrietta Modig Serrate,henrietta modig serrate,Socialdemokraterna,S,Regionstyrelsen,Ordförande,ledning,styre (trol.)
region,Region Kronoberg,,Ida Eriksson,ida eriksson,Moderaterna,M,Regionstyrelsen,Förste vice ordförande,ledning,styre (trol.)
region,Region Kronoberg,,Carina Bengtsson,carina bengtsson,Centerpartiet,C,Trafiknämnden,Andre vice ordförande,trafik,opposition (trol.)
region,Region Kronoberg,,Joakim Pohlman,joakim pohlman,Socialdemokraterna,S,Trafiknämnden,Ordförande,trafik,styre (trol.)
region,Region Kronoberg,,Johan Ederström,johan ederstrom,Moderaterna,M,Trafiknämnden,Förste vice ordförande,trafik,styre (trol.)
region,Region Kronoberg,,Andreas Håkansson,andreas hakansson,Centerpartiet,C,Nämnden för folkhälsa och vårdval,Andre vice ordförande,vård,opposition (trol.)
region,Region Kronoberg,,Emil Torstensson,emil torstensson,Kristdemokraterna,KD,Hälso- och sjukvårdsnämnden,Andre vice ordförande,vård,opposition (trol.)
region,Region Kronoberg,,Helen Bengtsson,helen bengtsson,Socialdemokraterna,S,Nämnden för folkhälsa och vårdval,Ordförande,vård,styre (trol.)
region,Region Kronoberg,,Ida Eriksson,ida eriksson,Moderaterna,M,Hälso- och sjukvårdsnämnden,Ordförande,vård,styre (trol.)
region,Region Kronoberg,,Magnus Carlberg,magnus carlberg,Socialdemokraterna,S,Hälso- och sjukvårdsnämnden,Förste vice ordförande,vård,styre (trol.)
region,Region Kronoberg,,Suzanne Frank,suzanne frank,Moderaterna,M,Nämnden för folkhälsa och vårdval,Förste vice ordförande,vård,styre (trol.)
region,Region Norrbotten,,Anders Öberg,anders oberg,Socialdemokraterna,S,Regionstyrelsen,Ordförande,ledning,styre (trol.)
region,Region Norrbotten,,Glenn Berggård,glenn berggard,Vänsterpartiet,V,Regionstyrelsen,Förste vice ordförande,ledning,styre (trol.)
region,Region Norrbotten,,Camilla Friberg,camilla friberg,Socialdemokraterna,S,Hälso- och sjukvårdsnämnden,Ordförande,vård,styre (trol.)
region,Region Norrbotten,,Caroline Svensson,caroline svensson,Centerpartiet,C,Hälso- och sjukvårdsnämnden,Förste vice ordförande,vård,styre (trol.)
region,Region Skåne,,Henrik Fritzon,henrik fritzon,Socialdemokraterna,S,Regionstyrelsen,Andre vice ordförande,ledning,opposition (trol.)
region,Region Skåne,,Johan Sonesson Carl,johan sonesson carl,Moderaterna,M,Regionstyrelsen,Ordförande,ledning,styre (trol.)
region,Region Skåne,,Lisa Flinth,lisa flinth,Liberalerna,L,Regionstyrelsen,Förste vice ordförande,ledning,styre (trol.)
region,Region Skåne,,Andreas Schönström,andreas schonstrom,Socialdemokraterna,S,Kollektivtrafiknämnden,Andre vice ordförande,trafik,opposition (trol.)
region,Region Skåne,,Carina Zachau,carina zachau,Moderaterna,M,Kollektivtrafiknämnden,Ordförande,trafik,styre (trol.)
region,Region Skåne,,Patrik Olsson,patrik olsson,Sverigedemokraterna,SD,Kollektivtrafiknämnden,Förste vice ordförande,trafik,styre (trol.)
region,Region Skåne,,Anna Mannfalk,anna mannfalk,Moderaterna,M,Hälso- och sjukvårdsnämnden,Ordförande,vård,styre (trol.)
region,Region Skåne,,Anna-Lena Hogerud,anna-lena hogerud,Socialdemokraterna,S,Hälso- och sjukvårdsnämnden,Andre vice ordförande,vård,opposition (trol.)
region,Region Skåne,,Daniel Lyckestam,daniel lyckestam,Moderaterna,M,Primärvårdsnämnden,Förste vice ordförande,vård,styre (trol.)
region,Region Skåne,,Jonas Esbjörnsson,jonas esbjornsson,Socialdemokraterna,S,Primärvårdsnämnden,Andre vice ordförande,vård,opposition (trol.)
region,Region Skåne,,Lisa Flinth,lisa flinth,Liberalerna,L,Primärvårdsnämnden,Ordförande,vård,styre (trol.)
region,Region Skåne,,Marlen Ottesen,marlen ottesen,Sverigedemokraterna,SD,Hälso- och sjukvårdsnämnden,Förste vice ordförande,vård,styre (trol.)
region,Region Stockholm,,Aida Hadžialić,aida hadzialic,Socialdemokraterna,S,Regionstyrelsen,Ordförande,ledning,styre (trol.)
region,Region Stockholm,,Andrea Törnestam,andrea tornestam,Socialdemokraterna,S,Regionstyrelsen,Ordförande,ledning,styre (trol.)
region,Region Stockholm,,Leif Gripestam,leif gripestam,Moderaterna,M,Regionstyrelsen,Andre vice ordförande,ledning,opposition (trol.)
region,Region Stockholm,,Rickard Wessman,rickard wessman,Moderaterna,M,Regionstyrelsen,Förste vice ordförande,ledning,styre (trol.)
region,Region Stockholm,,Anna Malm Kelfve,anna malm kelfve,Moderaterna,M,Trafiknämnden,Andre vice ordförande,trafik,opposition (trol.)
region,Region Stockholm,,Harry Bouveng,harry bouveng,Moderaterna,M,Trafiknämnden,Andre vice ordförande,trafik,opposition (trol.)
region,Region Stockholm,,Jakop Dalunde,jakop dalunde,Miljöpartiet,Miljöpartiet,Trafiknämnden,Ordförande,trafik,styre (trol.)
region,Region Stockholm,,Jens Sjöström,jens sjostrom,Socialdemokraterna,S,Trafiknämnden,Förste vice ordförande,trafik,styre (trol.)
region,Region Stockholm,,Michaela Haga,michaela haga,Centerpartiet,C,Trafiknämnden,Ordförande,trafik,styre (trol.)
region,Region Stockholm,,Axel Conradi,axel conradi,Moderaterna,M,Hälso- och sjukvårdsnämnden,Andre vice ordförande,vård,opposition (trol.)
region,Region Stockholm,,Christine Lorne,christine lorne,Centerpartiet,C,Hälso- och sjukvårdsnämnden,Förste vice ordförande,vård,styre (trol.)
region,Region Stockholm,,Christine Lorne,christine lorne,Centerpartiet,C,Primärvårdsnämnden,Ordförande,vård,styre (trol.)
region,Region Stockholm,,Edvin Bernhardsson,edvin bernhardsson,Kristdemokraterna,KD,Primärvårdsnämnden,Andre vice ordförande,vård,opposition (trol.)
region,Region Stockholm,,Jonas Lindberg,jonas lindberg,Vänsterpartiet,V,Primärvårdsnämnden,Förste vice ordförande,vård,styre (trol.)
region,Region Stockholm,,Lars Rådén,lars raden,Moderaterna,M,Hälso- och sjukvårdsnämnden,Andre vice ordförande,vård,opposition (trol.)
region,Region Stockholm,,Talla Alkurdi,talla alkurdi,Socialdemokraterna,S,Hälso- och sjukvårdsnämnden,Ordförande,vård,styre (trol.)
region,Region Stockholm,,Viktor Morawski,viktor morawski,Miljöpartiet,Miljöpartiet,Hälso- och sjukvårdsnämnden,Förste vice ordförande,vård,styre (trol.)
region,Region Sörmland,,Christoffer Öqvist,christoffer oqvist,Moderaterna,M,Regionstyrelsen,Ordförande,ledning,styre (trol.)
region,Region Sörmland,,Lars Lundqvist,lars lundqvist,Kristdemokraterna,KD,Regionstyrelsen,Förste vice ordförande,ledning,styre (trol.)
region,Region Sörmland,,Monica Johansson,monica johansson,Socialdemokraterna,S,Regionstyrelsen,Andre vice ordförande,ledning,opposition (trol.)
region,Region Uppsala,,Emilie Orring,emilie orring,Moderaterna,M,Regionstyrelsen,Andre vice ordförande,ledning,opposition (trol.)
region,Region Uppsala,,Helena Proos,helena proos,Socialdemokraterna,S,Regionstyrelsen,Ordförande,ledning,styre (trol.)
region,Region Uppsala,,Unn Harsem,unn harsem,Centerpartiet,C,Regionstyrelsen,Förste vice ordförande,ledning,styre (trol.)
region,Region Uppsala,,Cecilia Linder,cecilia linder,Moderaterna,M,Trafik- och samhällsutvecklingsnämnden,Andre vice ordförande,trafik,opposition (trol.)
region,Region Uppsala,,Jenny Lundström,jenny lundstrom,Miljöpartiet,Miljöpartiet,Trafik- och samhällsutvecklingsnämnden,Ordförande,trafik,styre (trol.)
region,Region Uppsala,,Joel Gohari Moghadam,joel gohari moghadam,Socialdemokraterna,S,Trafik- och samhällsutvecklingsnämnden,Förste vice ordförande,trafik,styre (trol.)
region,Region Värmland,,Fredrik Larsson,fredrik larsson,Moderaterna,M,Regionstyrelsen,Förste vice ordförande,ledning,styre (trol.)
region,Region Värmland,,Tobias Eriksson,tobias eriksson,Socialdemokraterna,S,Regionstyrelsen,Andre vice ordförande,ledning,opposition (trol.)
region,Region Värmland,,Åsa Johansson,asa johansson,Socialdemokraterna,S,Regionstyrelsen,Ordförande,ledning,styre (trol.)
region,Region Värmland,,Elisabeth Björk,elisabeth bjork,Vänsterpartiet,V,Kollektivtrafiknämnd,Ordförande,trafik,styre (trol.)
region,Region Värmland,,Sara Gunnarsson,sara gunnarsson,Liberalerna,L,Kollektivtrafiknämnd,Förste vice ordförande,trafik,styre (trol.)
region,Region Värmland,,Thomas Schultz,thomas schultz,Socialdemokraterna,S,Kollektivtrafiknämnd,Andre vice ordförande,trafik,opposition (trol.)
region,Region Värmland,,Daniel Schützer,daniel schutzer,Socialdemokraterna,S,Hälso- och sjukvårdsnämnd,Ordförande,vård,styre (trol.)
region,Region Värmland,,Jens Östergren,jens ostergren,Centerpartiet,C,Hälso- och sjukvårdsnämnd,Andre vice ordförande,vård,opposition (trol.)
region,Region Värmland,,Sara Hallin,sara hallin,Kristdemokraterna,KD,Hälso- och sjukvårdsnämnd,Förste vice ordförande,vård,styre (trol.)
region,Region Västerbotten,,Jonas Karlberg,jonas karlberg,Vänsterpartiet,V,Regionstyrelsen,Andre vice ordförande,ledning,opposition (trol.)
region,Region Västerbotten,,Nicklas Sandström,nicklas sandstrom,Moderaterna,M,Regionstyrelsen,Förste vice ordförande,ledning,styre (trol.)
region,Region Västerbotten,,Peter Olofsson,peter olofsson,Socialdemokraterna,S,Regionstyrelsen,Ordförande,ledning,styre (trol.)
region,Region Västerbotten,,Anna-Lena Danielsson,anna-lena danielsson,Socialdemokraterna,S,Hälso- och sjukvårdsnämnden,Ordförande,vård,styre (trol.)
region,Region Västerbotten,,Eva Arvidsson,eva arvidsson,Vänsterpartiet,V,Hälso- och sjukvårdsnämnden,Andre vice ordförande,vård,opposition (trol.)
region,Region Västerbotten,,Håkan Andersson,hakan andersson,Centerpartiet,C,Hälso- och sjukvårdsnämnden,Förste vice ordförande,vård,styre (trol.)
region,Region Västernorrland,,Anna Proos Strandh,anna proos strandh,Moderaterna,M,Regionstyrelsen,Förste vice ordförande,ledning,styre (trol.)
region,Region Västernorrland,,Robert Thunfors,robert thunfors,-,-,Regionstyrelsen,Andre vice ordförande,ledning,opposition (trol.)
region,Region Västernorrland,,Sara Nylund,sara nylund,Socialdemokraterna,S,Regionstyrelsen,Ordförande,ledning,styre (trol.)
region,Region Västernorrland,,Kristina Nilsson,kristina nilsson,Socialdemokraterna,S,Hälso- och sjukvårdsnämnden,Ordförande,vård,styre (trol.)
region,Region Västernorrland,,Magnus Sjödin,magnus sjodin,Moderaterna,M,Hälso- och sjukvårdsnämnden,Förste vice ordförande,vård,styre (trol.)
region,Region Västernorrland,,Pia Lundin,pia lundin,Sjukvårdspartiet Västernorrland,Sjukvårdspartiet Västernorrland,Hälso- och sjukvårdsnämnden,Andre vice ordförande,vård,opposition (trol.)
region,Region Västmanland,,Kenneth Östberg,kenneth ostberg,Socialdemokraterna,S,Regionstyrelsen,Andre vice ordförande,ledning,opposition (trol.)
region,Region Västmanland,,Malin Gabrielsson,malin gabrielsson,Kristdemokraterna,KD,Regionstyrelsen,Förste vice ordförande,ledning,styre (trol.)
region,Region Västmanland,,Mikael Andersson Elfgren,mikael andersson elfgren,Moderaterna,M,Regionstyrelsen,Ordförande,ledning,styre (trol.)
region,Region Västmanland,,Elin Granqvist,elin granqvist,Kristdemokraterna,KD,Kollektivtrafiknämnden,Förste vice ordförande,trafik,styre (trol.)
region,Region Västmanland,,Jenny Landernäs,jenny landernas,Moderaterna,M,Kollektivtrafiknämnden,Ordförande,trafik,styre (trol.)
region,Region Västmanland,,Marino Wallsten,marino wallsten,Socialdemokraterna,S,Kollektivtrafiknämnden,Andre vice ordförande,trafik,opposition (trol.)
region,Region Västmanland,,Lina Ekengren,lina ekengren,Liberalerna,L,Hälso- och sjukvårdsnämnd,Ordförande,vård,styre (trol.)
region,Region Västmanland,,Stephanie Bruksgård,stephanie bruksgard,Moderaterna,M,Hälso- och sjukvårdsnämnd,Förste vice ordförande,vård,styre (trol.)
region,Region Västmanland,,Ulrika Spårebo,ulrika sparebo,Socialdemokraterna,S,Hälso- och sjukvårdsnämnd,Andre vice ordförande,vård,opposition (trol.)
region,Region Örebro,,Charlotta Englund,charlotta englund,Centerpartiet,C,Regionstyrelsen,Förste vice ordförande,ledning,styre (trol.)
region,Region Örebro,,Jenny Steen,jenny steen,Socialdemokraterna,S,Regionstyrelsen,Ordförande,ledning,styre (trol.)
region,Region Örebro,,Sebastian Cehlin,sebastian cehlin,Moderaterna,M,Regionstyrelsen,Andre vice ordförande,ledning,opposition (trol.)
region,Region Örebro,,Erik Baecklund,erik baecklund,Moderaterna,M,Kollektivtrafiknämnd,Andre vice ordförande,trafik,opposition (trol.)
region,Region Örebro,,Magnus Lagergren,magnus lagergren,Kristdemokraterna,KD,Kollektivtrafiknämnd,Förste vice ordförande,trafik,styre (trol.)
region,Region Örebro,,Nina Höijer,nina hoijer,Socialdemokraterna,S,Kollektivtrafiknämnd,Ordförande,trafik,styre (trol.)
region,Region Örebro,,Anna Nordqvist,anna nordqvist,Moderaterna,M,Hälso- och sjukvårdsnämnd,Andre vice ordförande,vård,opposition (trol.)
region,Region Örebro,,Behcet Barsom,behcet barsom,Kristdemokraterna,KD,Hälso- och sjukvårdsnämnd,Ordförande,vård,styre (trol.)
region,Region Örebro,,Joakim Carlsson,joakim carlsson,Socialdemokraterna,S,Hälso- och sjukvårdsnämnd,Förste vice ordförande,vård,styre (trol.)
region,Region Östergötland,,Björn Asserhed,bjorn asserhed,Liberalerna,L,Regionstyrelsen,Förste vice ordförande,ledning,styre (trol.)
region,Region Östergötland,,Kaisa Maria Karro,kaisa maria karro,Socialdemokraterna,S,Regionstyrelsen,Andre vice ordförande,ledning,opposition (trol.)
region,Region Östergötland,,Marie Morell,marie morell,Moderaterna,M,Regionstyrelsen,Ordförande,ledning,styre (trol.)
region,Region Östergötland,,Annette Olsson,annette olsson,Moderaterna,M,Trafik- och samhällsplaneringsnämnden,Förste vice ordförande,trafik,styre (trol.)
region,Region Östergötland,,Annsofi Ramevik,annsofi ramevik,Socialdemokraterna,S,Trafik- och samhällsplaneringsnämnden,Andre vice ordförande,trafik,opposition (trol.)
region,Region Östergötland,,Jan Gunnar Owe-Larsson,jan gunnar owe-larsson,Moderaterna,M,Trafik- och samhällsplaneringsnämnden,Ordförande,trafik,styre (trol.)
region,Region Östergötland,,Annicki Oscarsson,annicki oscarsson,Kristdemokraterna,KD,Hälso- och sjukvårdsnämnden,Förste vice ordförande,vård,styre (trol.)
region,Region Östergötland,,Fredrik Sjöstrand,fredrik sjostrand,Moderaterna,M,Hälso- och sjukvårdsnämnden,Ordförande,vård,styre (trol.)
region,Region Östergötland,,Lena Micko,lena micko,Socialdemokraterna,S,Hälso- och sjukvårdsnämnden,Andre vice ordförande,vård,opposition (trol.)
region,Västra Götalandsregionen,,Helen Eliasson,helen eliasson,Socialdemokraterna,S,Regionstyrelsen,Ordförande,ledning,styre (trol.)
region,Västra Götalandsregionen,,Lars Holmin,lars holmin,Moderaterna,M,Regionstyrelsen,Förste vice ordförande,ledning,styre (trol.)
region,Västra Götalandsregionen,,Angela Fast Torstensson,angela fast torstensson,Moderaterna,M,Infrastruktur- och kollektivtrafiknämnden,Andre vice ordförande,trafik,opposition (trol.)
region,Västra Götalandsregionen,,Louise Jeppsson,louise jeppsson,Vänsterpartiet,V,Infrastruktur- och kollektivtrafiknämnden,Ordförande,trafik,styre (trol.)
region,Västra Götalandsregionen,,Per Tenggren,per tenggren,Socialdemokraterna,S,Infrastruktur- och kollektivtrafiknämnden,Förste vice ordförande,trafik,styre (trol.)
region,Västra Götalandsregionen,,Carina Örgård,carina orgard,Vänsterpartiet,V,Strategiska hälso- och sjukvårdsnämnden,förste vice ordförande,vård,styre (trol.)
region,Västra Götalandsregionen,,Janette Olsson,janette olsson,Socialdemokraterna,S,Strategiska hälso- och sjukvårdsnämnden,Ordförande,vård,styre (trol.)
region,Västra Götalandsregionen,,My Alnebratt,my alnebratt,Socialdemokraterna,S,Operativa hälso- och sjukvårdsnämnden,Ordförande,vård,styre (trol.)
region,Västra Götalandsregionen,,Stefan Svensson,stefan svensson,Kristdemokraterna,KD,Operativa hälso- och sjukvårdsnämnden,Andre vice ordförande,vård,opposition (trol.)
region,Västra Götalandsregionen,,Susanna Cassberg,susanna cassberg,Moderaterna,M,Strategiska hälso- och sjukvårdsnämnden,Andre vice ordförande,vård,opposition (trol.)
region,Västra Götalandsregionen,,Thony Andreasson Aderum,thony andreasson aderum,Miljöpartiet,Miljöpartiet,Operativa hälso- och sjukvårdsnämnden,Förste vice ordförande,vård,styre (trol.)
