kommunkod,valar,parti,andel
0114,1973,M,15.3
0114,1976,M,16.9
0114,1979,M,20.7
0114,1982,M,26.7
0114,1985,M,25.7
0114,1988,M,23.3
0114,1991,M,29.8
0114,1994,M,27.7
0114,1998,M,31.0
0114,2002,M,21.9
0114,2006,M,33.0
0114,2010,M,32.8
0114,2014,M,26.2
0114,2018,M,23.4
0114,2022,M,20.9
0114,1973,C,20.5
0114,1976,C,16.7
0114,1979,C,12.2
0114,1982,C,8.1
0114,1985,C,4.5
0114,1988,C,4.8
0114,1991,C,3.4
0114,1994,C,2.7
0114,1998,C,4.1
0114,2002,C,2.6
0114,2006,C,3.1
0114,2010,C,3.0
0114,2014,C,3.2
0114,2018,C,4.7
0114,2022,C,4.7
0114,1973,L,10.1
0114,1976,L,11.9
0114,1979,L,10.7
0114,1982,L,6.1
0114,1985,L,13.0
0114,1988,L,13.9
0114,1991,L,12.8
0114,1994,L,8.0
0114,1998,L,5.9
0114,2002,L,15.2
0114,2006,L,11.1
0114,2010,L,11.0
0114,2014,L,7.0
0114,2018,L,5.2
0114,2022,L,3.8
0114,1973,KD,1.1
0114,1979,KD,1.0
0114,1982,KD,1.7
0114,1985,KD,1.4
0114,1988,KD,1.7
0114,1991,KD,4.0
0114,1994,KD,2.3
0114,1998,KD,7.0
0114,2002,KD,6.3
0114,2006,KD,5.6
0114,2010,KD,5.2
0114,2014,KD,4.5
0114,2018,KD,5.6
0114,2022,KD,4.4
0114,1982,MP,2.6
0114,1985,MP,3.4
0114,1988,MP,7.8
0114,1991,MP,4.5
0114,1994,MP,6.0
0114,1998,MP,5.1
0114,2002,MP,4.5
0114,2006,MP,5.6
0114,2010,MP,10.0
0114,2014,MP,9.9
0114,2018,MP,4.7
0114,2022,MP,3.0
0114,1973,S,46.1
0114,1976,S,45.9
0114,1979,S,44.8
0114,1982,S,47.8
0114,1985,S,45.9
0114,1988,S,42.9
0114,1991,S,35.0
0114,1994,S,44.6
0114,1998,S,34.4
0114,2002,S,38.1
0114,2006,S,31.0
0114,2010,S,28.9
0114,2014,S,31.4
0114,2018,S,25.7
0114,2022,S,26.6
0114,1973,V,6.0
0114,1976,V,6.7
0114,1979,V,7.9
0114,1982,V,6.7
0114,1985,V,5.8
0114,1988,V,5.3
0114,1991,V,4.5
0114,1994,V,5.2
0114,1998,V,9.0
0114,2002,V,7.3
0114,2006,V,6.3
0114,2010,V,5.2
0114,2014,V,6.6
0114,2018,V,7.6
0114,2022,V,7.8
0114,2002,SD,0.0
0114,2006,SD,2.5
0114,2010,SD,3.7
0114,2014,SD,6.3
0114,2018,SD,12.9
0114,2022,SD,14.7
0114,1973,ÖVRIGA,0.9
0114,1976,ÖVRIGA,1.8
0114,1979,ÖVRIGA,2.7
0114,1982,ÖVRIGA,0.3
0114,1985,ÖVRIGA,0.2
0114,1988,ÖVRIGA,0.4
0114,1991,ÖVRIGA,6.0
0114,1994,ÖVRIGA,3.7
0114,1998,ÖVRIGA,3.4
0114,2002,ÖVRIGA,4.0
0114,2006,ÖVRIGA,1.9
0114,2010,ÖVRIGA,0.2
0114,2014,ÖVRIGA,5.0
0114,2018,ÖVRIGA,10.1
0114,2022,ÖVRIGA,14.1
0115,1973,M,17.7
0115,1976,M,21.2
0115,1979,M,27.7
0115,1982,M,33.8
0115,1985,M,37.2
0115,1988,M,37.9
0115,1991,M,43.8
0115,1994,M,39.8
0115,1998,M,38.7
0115,2002,M,27.5
0115,2006,M,37.7
0115,2010,M,38.5
0115,2014,M,29.4
0115,2018,M,30.5
0115,2022,M,32.8
0115,1973,C,29.2
0115,1976,C,26.7
0115,1979,C,20.7
0115,1982,C,19.4
0115,1985,C,12.4
0115,1988,C,11.0
0115,1991,C,8.0
0115,1994,C,9.2
0115,1998,C,10.0
0115,2002,C,9.9
0115,2006,C,11.0
0115,2010,C,12.2
0115,2014,C,12.4
0115,2018,C,11.9
0115,2022,C,9.2
0115,1973,L,13.5
0115,1976,L,13.7
0115,1979,L,11.7
0115,1982,L,3.7
0115,1985,L,10.2
0115,1988,L,9.7
0115,1991,L,9.0
0115,1994,L,6.8
0115,1998,L,5.6
0115,2002,L,13.8
0115,2006,L,9.6
0115,2010,L,10.4
0115,2014,L,10.2
0115,2018,L,9.9
0115,2022,L,7.0
0115,1973,KD,1.4
0115,1976,KD,1.6
0115,1979,KD,2.3
0115,1982,KD,2.9
0115,1985,KD,2.5
0115,1988,KD,2.7
0115,1991,KD,4.7
0115,1994,KD,3.0
0115,1998,KD,8.5
0115,2002,KD,8.5
0115,2006,KD,6.3
0115,2010,KD,4.3
0115,2014,KD,4.2
0115,2018,KD,5.6
0115,2022,KD,4.5
0115,1982,MP,3.9
0115,1985,MP,4.4
0115,1988,MP,6.4
0115,1991,MP,4.3
0115,1994,MP,5.2
0115,1998,MP,5.5
0115,2002,MP,5.7
0115,2006,MP,5.8
0115,2010,MP,8.8
0115,2014,MP,9.8
0115,2018,MP,5.0
0115,2022,MP,4.9
0115,1973,S,32.5
0115,1976,S,31.3
0115,1979,S,30.3
0115,1982,S,29.0
0115,1985,S,25.8
0115,1988,S,23.6
0115,1991,S,19.8
0115,1994,S,26.3
0115,1998,S,22.3
0115,2002,S,30.3
0115,2006,S,21.7
0115,2010,S,18.8
0115,2014,S,22.6
0115,2018,S,19.2
0115,2022,S,21.7
0115,1973,V,4.5
0115,1976,V,4.6
0115,1979,V,5.2
0115,1982,V,4.6
0115,1985,V,3.9
0115,1988,V,3.6
0115,1991,V,2.4
0115,1994,V,2.9
0115,1998,V,7.0
0115,2002,V,0.5
0115,2006,V,2.8
0115,2010,V,2.5
0115,2014,V,3.4
0115,2018,V,3.8
0115,2022,V,4.1
0115,2002,SD,0.0
0115,2006,SD,1.1
0115,2010,SD,2.7
0115,2014,SD,6.4
0115,2018,SD,13.3
0115,2022,SD,14.9
0115,1973,ÖVRIGA,1.3
0115,1976,ÖVRIGA,1.1
0115,1979,ÖVRIGA,1.9
0115,1982,ÖVRIGA,2.7
0115,1985,ÖVRIGA,3.5
0115,1988,ÖVRIGA,5.1
0115,1991,ÖVRIGA,8.0
0115,1994,ÖVRIGA,6.8
0115,1998,ÖVRIGA,2.5
0115,2002,ÖVRIGA,3.8
0115,2006,ÖVRIGA,4.1
0115,2010,ÖVRIGA,1.9
0115,2014,ÖVRIGA,1.6
0115,2018,ÖVRIGA,0.7
0115,2022,ÖVRIGA,0.9
0117,1982,M,29.7
0117,1985,M,37.5
0117,1988,M,35.5
0117,1991,M,37.9
0117,1994,M,31.1
0117,1998,M,37.6
0117,2002,M,24.6
0117,2006,M,31.3
0117,2010,M,34.6
0117,2014,M,27.3
0117,2018,M,33.8
0117,2022,M,38.2
0117,1982,C,8.5
0117,1985,C,4.6
0117,1988,C,6.4
0117,1991,C,4.8
0117,1994,C,5.2
0117,1998,C,3.3
0117,2002,C,3.5
0117,2006,C,4.1
0117,2010,C,3.6
0117,2014,C,4.7
0117,2018,C,6.3
0117,2022,C,4.6
0117,1982,L,4.9
0117,1985,L,12.1
0117,1988,L,14.2
0117,1991,L,12.3
0117,1994,L,10.9
0117,1998,L,6.9
0117,2002,L,15.7
0117,2006,L,11.0
0117,2010,L,12.1
0117,2014,L,9.4
0117,2018,L,7.8
0117,2022,L,5.4
0117,1982,KD,0.7
0117,1985,KD,0.5
0117,1988,KD,0.4
0117,1991,KD,3.5
0117,1994,KD,2.0
0117,1998,KD,8.0
0117,2002,KD,6.8
0117,2006,KD,5.6
0117,2010,KD,3.5
0117,2014,KD,3.1
0117,2018,KD,4.2
0117,2022,KD,3.3
0117,1982,MP,3.3
0117,1985,MP,3.0
0117,1988,MP,7.2
0117,1991,MP,4.6
0117,1994,MP,4.8
0117,1998,MP,4.2
0117,2002,MP,3.4
0117,2006,MP,4.2
0117,2010,MP,7.5
0117,2014,MP,8.7
0117,2018,MP,4.8
0117,2022,MP,3.5
0117,1982,S,35.0
0117,1985,S,31.2
0117,1988,S,32.8
0117,1991,S,29.8
0117,1994,S,40.0
0117,1998,S,29.4
0117,2002,S,34.1
0117,2006,S,25.1
0117,2010,S,20.5
0117,2014,S,21.8
0117,2018,S,17.4
0117,2022,S,22.5
0117,1982,V,4.1
0117,1985,V,3.6
0117,1988,V,3.4
0117,1991,V,2.4
0117,1994,V,2.7
0117,1998,V,6.2
0117,2002,V,4.7
0117,2006,V,3.5
0117,2010,V,2.8
0117,2014,V,3.4
0117,2018,V,4.9
0117,2022,V,4.5
0117,2002,SD,0.0
0117,2006,SD,0.8
0117,2010,SD,1.9
0117,2014,SD,4.6
0117,2018,SD,9.2
0117,2022,SD,9.0
0117,1982,ÖVRIGA,13.9
0117,1985,ÖVRIGA,7.6
0117,1988,ÖVRIGA,0.3
0117,1991,ÖVRIGA,4.8
0117,1994,ÖVRIGA,3.2
0117,1998,ÖVRIGA,4.4
0117,2002,ÖVRIGA,7.2
0117,2006,ÖVRIGA,14.3
0117,2010,ÖVRIGA,13.4
0117,2014,ÖVRIGA,16.9
0117,2018,ÖVRIGA,11.6
0117,2022,ÖVRIGA,8.9
0120,1973,M,16.9
0120,1976,M,20.4
0120,1979,M,25.1
0120,1982,M,30.4
0120,1985,M,30.5
0120,1988,M,32.3
0120,1991,M,34.7
0120,1994,M,40.0
0120,1998,M,42.0
0120,2002,M,26.3
0120,2006,M,38.1
0120,2010,M,37.9
0120,2014,M,31.1
0120,2018,M,27.3
0120,2022,M,23.3
0120,1973,C,20.2
0120,1976,C,18.4
0120,1979,C,14.6
0120,1982,C,10.0
0120,1985,C,8.2
0120,1988,C,9.2
0120,1991,C,7.2
0120,1994,C,5.2
0120,1998,C,3.8
0120,2002,C,3.4
0120,2006,C,4.7
0120,2010,C,5.6
0120,2014,C,5.4
0120,2018,C,8.8
0120,2022,C,7.0
0120,1973,L,8.8
0120,1976,L,9.4
0120,1979,L,7.4
0120,1982,L,4.1
0120,1985,L,11.7
0120,1988,L,10.4
0120,1991,L,8.5
0120,1994,L,5.3
0120,1998,L,5.4
0120,2002,L,14.9
0120,2006,L,8.9
0120,2010,L,8.1
0120,2014,L,8.5
0120,2018,L,6.8
0120,2022,L,4.6
0120,1973,KD,1.1
0120,1976,KD,0.9
0120,1979,KD,0.6
0120,1985,KD,0.1
0120,1988,KD,0.8
0120,1991,KD,3.0
0120,1994,KD,1.3
0120,1998,KD,4.4
0120,2002,KD,6.5
0120,2006,KD,5.2
0120,2010,KD,4.7
0120,2014,KD,4.1
0120,2018,KD,5.5
0120,2022,KD,5.1
0120,1982,MP,2.7
0120,1985,MP,0.8
0120,1988,MP,3.9
0120,1991,MP,3.6
0120,1994,MP,5.0
0120,1998,MP,4.5
0120,2002,MP,5.1
0120,2006,MP,6.1
0120,2010,MP,9.0
0120,2014,MP,9.8
0120,2018,MP,6.6
0120,2022,MP,4.1
0120,1973,S,45.7
0120,1976,S,43.7
0120,1979,S,44.6
0120,1982,S,46.1
0120,1985,S,42.0
0120,1988,S,37.7
0120,1991,S,34.6
0120,1994,S,37.0
0120,1998,S,31.1
0120,2002,S,36.8
0120,2006,S,29.8
0120,2010,S,27.6
0120,2014,S,28.1
0120,2018,S,26.8
0120,2022,S,33.0
0120,1973,V,6.1
0120,1976,V,6.7
0120,1979,V,7.3
0120,1982,V,6.4
0120,1985,V,6.4
0120,1988,V,5.2
0120,1991,V,4.7
0120,1994,V,5.6
0120,1998,V,8.2
0120,2002,V,6.0
0120,2006,V,4.0
0120,2010,V,3.0
0120,2014,V,3.4
0120,2018,V,4.6
0120,2022,V,4.9
0120,2002,SD,0.0
0120,2006,SD,2.4
0120,2010,SD,3.3
0120,2014,SD,7.5
0120,2018,SD,12.9
0120,2022,SD,13.9
0120,1973,ÖVRIGA,1.2
0120,1976,ÖVRIGA,0.5
0120,1979,ÖVRIGA,0.6
0120,1982,ÖVRIGA,0.5
0120,1985,ÖVRIGA,0.2
0120,1988,ÖVRIGA,0.6
0120,1991,ÖVRIGA,3.8
0120,1994,ÖVRIGA,0.6
0120,1998,ÖVRIGA,0.6
0120,2002,ÖVRIGA,0.9
0120,2006,ÖVRIGA,0.9
0120,2010,ÖVRIGA,0.7
0120,2014,ÖVRIGA,2.0
0120,2018,ÖVRIGA,0.7
0120,2022,ÖVRIGA,4.2
0123,1973,M,19.1
0123,1976,M,20.3
0123,1979,M,25.0
0123,1982,M,31.0
0123,1985,M,26.3
0123,1988,M,24.3
0123,1991,M,30.8
0123,1994,M,29.6
0123,1998,M,29.9
0123,2002,M,21.7
0123,2006,M,31.9
0123,2010,M,34.4
0123,2014,M,28.8
0123,2018,M,24.5
0123,2022,M,20.8
0123,1973,C,20.0
0123,1976,C,12.2
0123,1979,C,8.0
0123,1982,C,6.8
0123,1985,C,2.5
0123,1988,C,4.5
0123,1991,C,3.6
0123,1994,C,5.4
0123,1998,C,3.4
0123,2002,C,2.3
0123,2006,C,3.0
0123,2010,C,3.5
0123,2014,C,4.4
0123,2018,C,5.3
0123,2022,C,5.7
0123,1973,L,13.1
0123,1976,L,14.1
0123,1979,L,13.4
0123,1982,L,6.8
0123,1985,L,13.4
0123,1988,L,14.6
0123,1991,L,13.1
0123,1994,L,8.6
0123,1998,L,7.3
0123,2002,L,16.1
0123,2006,L,10.6
0123,2010,L,9.3
0123,2014,L,6.9
0123,2018,L,8.9
0123,2022,L,7.2
0123,1973,KD,1.4
0123,1976,KD,1.3
0123,1979,KD,1.6
0123,1982,KD,1.8
0123,1985,KD,1.7
0123,1988,KD,1.9
0123,1991,KD,4.8
0123,1994,KD,3.0
0123,1998,KD,9.1
0123,2002,KD,7.9
0123,2006,KD,6.8
0123,2010,KD,5.5
0123,2014,KD,5.0
0123,2018,KD,5.7
0123,2022,KD,4.4
0123,1982,MP,2.4
0123,1985,MP,2.3
0123,1988,MP,4.6
0123,1991,MP,3.0
0123,1994,MP,4.0
0123,1998,MP,4.4
0123,2002,MP,3.5
0123,2006,MP,4.8
0123,2010,MP,7.5
0123,2014,MP,8.6
0123,2018,MP,4.8
0123,2022,MP,3.6
0123,1973,S,39.8
0123,1976,S,40.8
0123,1979,S,39.9
0123,1982,S,43.0
0123,1985,S,48.7
0123,1988,S,45.0
0123,1991,S,34.7
0123,1994,S,41.5
0123,1998,S,36.6
0123,2002,S,39.8
0123,2006,S,34.8
0123,2010,S,29.9
0123,2014,S,31.5
0123,2018,S,28.4
0123,2022,S,31.4
0123,1973,V,5.7
0123,1976,V,5.6
0123,1979,V,6.6
0123,1982,V,6.0
0123,1985,V,4.3
0123,1988,V,4.4
0123,1991,V,3.9
0123,1994,V,4.9
0123,1998,V,8.0
0123,2002,V,7.0
0123,2006,V,5.5
0123,2010,V,5.1
0123,2014,V,6.6
0123,2018,V,8.8
0123,2022,V,10.7
0123,2002,SD,0.0
0123,2006,SD,2.4
0123,2010,SD,4.4
0123,2014,SD,7.4
0123,2018,SD,12.4
0123,2022,SD,11.7
0123,1973,ÖVRIGA,0.9
0123,1976,ÖVRIGA,5.8
0123,1979,ÖVRIGA,5.5
0123,1982,ÖVRIGA,2.2
0123,1985,ÖVRIGA,0.7
0123,1988,ÖVRIGA,0.8
0123,1991,ÖVRIGA,6.2
0123,1994,ÖVRIGA,3.0
0123,1998,ÖVRIGA,1.3
0123,2002,ÖVRIGA,1.6
0123,2006,ÖVRIGA,0.4
0123,2010,ÖVRIGA,0.3
0123,2014,ÖVRIGA,0.9
0123,2018,ÖVRIGA,1.1
0123,2022,ÖVRIGA,4.5
0125,1973,M,26.4
0125,1976,M,27.2
0125,1979,M,33.2
0125,1982,M,38.4
0125,1985,M,37.9
0125,1988,M,35.1
0125,1991,M,37.6
0125,1994,M,35.5
0125,1998,M,40.9
0125,2002,M,33.1
0125,2006,M,41.9
0125,2010,M,43.4
0125,2014,M,37.9
0125,2018,M,27.4
0125,2022,M,26.1
0125,1973,C,22.6
0125,1976,C,22.2
0125,1979,C,18.2
0125,1982,C,16.1
0125,1985,C,10.6
0125,1988,C,12.6
0125,1991,C,13.0
0125,1994,C,12.4
0125,1998,C,7.0
0125,2002,C,6.3
0125,2006,C,5.8
0125,2010,C,4.3
0125,2014,C,6.1
0125,2018,C,8.0
0125,2022,C,6.1
0125,1973,L,13.0
0125,1976,L,12.8
0125,1979,L,11.1
0125,1982,L,6.6
0125,1985,L,15.5
0125,1988,L,15.7
0125,1991,L,13.5
0125,1994,L,8.2
0125,1998,L,7.3
0125,2002,L,15.2
0125,2006,L,10.3
0125,2010,L,10.2
0125,2014,L,7.9
0125,2018,L,11.7
0125,2022,L,8.9
0125,1973,KD,1.1
0125,1976,KD,1.0
0125,1979,KD,0.8
0125,1982,KD,0.8
0125,1985,KD,1.2
0125,1988,KD,1.0
0125,1991,KD,3.3
0125,1994,KD,1.8
0125,1998,KD,8.0
0125,2002,KD,9.0
0125,2006,KD,5.4
0125,2010,KD,5.2
0125,2014,KD,6.0
0125,2018,KD,7.6
0125,2022,KD,7.0
0125,1982,MP,3.7
0125,1985,MP,4.2
0125,1988,MP,6.9
0125,1991,MP,6.1
0125,1994,MP,7.9
0125,1998,MP,8.4
0125,2002,MP,9.0
0125,2006,MP,7.9
0125,2010,MP,9.7
0125,2014,MP,11.4
0125,2018,MP,6.7
0125,2022,MP,5.6
0125,1973,S,32.3
0125,1976,S,32.0
0125,1979,S,31.3
0125,1982,S,30.0
0125,1985,S,27.1
0125,1988,S,25.6
0125,1991,S,22.0
0125,1994,S,24.5
0125,1998,S,21.9
0125,2002,S,23.4
0125,2006,S,15.0
0125,2010,S,12.5
0125,2014,S,15.2
0125,2018,S,15.2
0125,2022,S,21.7
0125,1973,V,4.5
0125,1976,V,4.7
0125,1979,V,5.3
0125,1982,V,4.3
0125,1985,V,3.4
0125,1988,V,3.1
0125,1991,V,0.8
0125,1994,V,2.2
0125,1998,V,4.6
0125,2002,V,2.2
0125,2006,V,1.8
0125,2010,V,2.1
0125,2014,V,2.4
0125,2018,V,2.8
0125,2022,V,3.2
0125,2002,SD,0.0
0125,2006,SD,1.3
0125,2010,SD,2.2
0125,2014,SD,5.1
0125,2018,SD,10.8
0125,2022,SD,13.2
0125,1973,ÖVRIGA,0.1
0125,1976,ÖVRIGA,0.1
0125,1979,ÖVRIGA,0.2
0125,1982,ÖVRIGA,0.2
0125,1985,ÖVRIGA,0.1
0125,1988,ÖVRIGA,0.1
0125,1991,ÖVRIGA,3.7
0125,1994,ÖVRIGA,7.6
0125,1998,ÖVRIGA,1.8
0125,2002,ÖVRIGA,1.8
0125,2006,ÖVRIGA,10.5
0125,2010,ÖVRIGA,10.5
0125,2014,ÖVRIGA,8.1
0125,2018,ÖVRIGA,9.8
0125,2022,ÖVRIGA,8.2
0126,1973,M,13.9
0126,1976,M,17.1
0126,1979,M,24.2
0126,1982,M,29.1
0126,1985,M,28.0
0126,1988,M,23.6
0126,1991,M,29.0
0126,1994,M,25.6
0126,1998,M,26.8
0126,2002,M,19.9
0126,2006,M,30.0
0126,2010,M,34.1
0126,2014,M,27.3
0126,2018,M,24.0
0126,2022,M,20.8
0126,1973,C,26.0
0126,1976,C,18.9
0126,1979,C,12.1
0126,1982,C,8.4
0126,1985,C,4.8
0126,1988,C,7.2
0126,1991,C,3.5
0126,1994,C,3.5
0126,1998,C,2.1
0126,2002,C,1.8
0126,2006,C,2.2
0126,2010,C,2.5
0126,2014,C,4.4
0126,2018,C,5.6
0126,2022,C,5.8
0126,1973,L,11.7
0126,1976,L,13.8
0126,1979,L,12.9
0126,1982,L,5.2
0126,1985,L,13.5
0126,1988,L,11.5
0126,1991,L,10.1
0126,1994,L,6.9
0126,1998,L,4.9
0126,2002,L,12.5
0126,2006,L,8.7
0126,2010,L,7.7
0126,2014,L,6.1
0126,2018,L,6.5
0126,2022,L,5.0
0126,1973,KD,1.0
0126,1976,KD,1.0
0126,1979,KD,1.0
0126,1982,KD,1.1
0126,1985,KD,0.1
0126,1988,KD,1.4
0126,1991,KD,3.4
0126,1994,KD,2.0
0126,1998,KD,6.4
0126,2002,KD,6.1
0126,2006,KD,5.2
0126,2010,KD,4.0
0126,2014,KD,3.4
0126,2018,KD,4.0
0126,2022,KD,3.4
0126,1982,MP,0.3
0126,1985,MP,0.9
0126,1988,MP,2.0
0126,1991,MP,3.1
0126,1994,MP,4.3
0126,1998,MP,3.9
0126,2002,MP,3.6
0126,2006,MP,4.7
0126,2010,MP,7.5
0126,2014,MP,9.3
0126,2018,MP,5.3
0126,2022,MP,3.8
0126,1973,S,37.8
0126,1976,S,40.7
0126,1979,S,39.7
0126,1982,S,44.0
0126,1985,S,39.4
0126,1988,S,35.8
0126,1991,S,30.8
0126,1994,S,43.1
0126,1998,S,32.0
0126,2002,S,36.3
0126,2006,S,29.8
0126,2010,S,26.6
0126,2014,S,27.5
0126,2018,S,25.5
0126,2022,S,29.3
0126,1973,V,8.6
0126,1976,V,7.8
0126,1979,V,9.1
0126,1982,V,7.6
0126,1985,V,6.7
0126,1988,V,7.4
0126,1991,V,5.2
0126,1994,V,5.7
0126,1998,V,8.8
0126,2002,V,7.6
0126,2006,V,5.5
0126,2010,V,4.9
0126,2014,V,6.2
0126,2018,V,8.7
0126,2022,V,9.8
0126,2002,SD,1.9
0126,2006,SD,3.0
0126,2010,SD,4.4
0126,2014,SD,8.0
0126,2018,SD,11.4
0126,2022,SD,12.6
0126,1973,ÖVRIGA,1.1
0126,1976,ÖVRIGA,0.7
0126,1979,ÖVRIGA,1.0
0126,1982,ÖVRIGA,4.3
0126,1985,ÖVRIGA,6.7
0126,1988,ÖVRIGA,11.1
0126,1991,ÖVRIGA,15.0
0126,1994,ÖVRIGA,8.8
0126,1998,ÖVRIGA,15.1
0126,2002,ÖVRIGA,10.3
0126,2006,ÖVRIGA,10.9
0126,2010,ÖVRIGA,8.1
0126,2014,ÖVRIGA,7.8
0126,2018,ÖVRIGA,9.0
0126,2022,ÖVRIGA,9.7
0127,1973,M,15.0
0127,1976,M,16.3
0127,1979,M,21.7
0127,1982,M,23.6
0127,1985,M,23.2
0127,1988,M,16.1
0127,1991,M,24.8
0127,1994,M,21.5
0127,1998,M,23.7
0127,2002,M,14.7
0127,2006,M,24.0
0127,2010,M,21.6
0127,2014,M,16.0
0127,2018,M,15.2
0127,2022,M,13.6
0127,1973,C,22.4
0127,1976,C,16.2
0127,1979,C,11.3
0127,1982,C,7.3
0127,1985,C,3.6
0127,1988,C,6.9
0127,1991,C,4.2
0127,1994,C,2.5
0127,1998,C,1.5
0127,2002,C,1.2
0127,2006,C,1.9
0127,2010,C,1.5
0127,2014,C,2.2
0127,2018,C,3.2
0127,2022,C,3.4
0127,1973,L,11.9
0127,1976,L,13.2
0127,1979,L,11.1
0127,1982,L,4.9
0127,1985,L,10.8
0127,1988,L,9.3
0127,1991,L,10.3
0127,1994,L,6.4
0127,1998,L,5.7
0127,2002,L,13.7
0127,2006,L,8.1
0127,2010,L,5.4
0127,2014,L,4.8
0127,2018,L,3.9
0127,2022,L,2.7
0127,1973,KD,0.7
0127,1976,KD,0.9
0127,1979,KD,1.1
0127,1982,KD,1.6
0127,1985,KD,1.3
0127,1988,KD,1.2
0127,1991,KD,4.2
0127,1994,KD,2.3
0127,1998,KD,6.3
0127,2002,KD,6.8
0127,2006,KD,5.8
0127,2010,KD,3.5
0127,2014,KD,5.2
0127,2018,KD,8.2
0127,2022,KD,7.5
0127,1982,MP,2.1
0127,1985,MP,3.6
0127,1988,MP,5.4
0127,1991,MP,4.3
0127,1994,MP,4.7
0127,1998,MP,4.5
0127,2002,MP,4.2
0127,2006,MP,5.1
0127,2010,MP,7.1
0127,2014,MP,10.3
0127,2018,MP,5.1
0127,2022,MP,3.1
0127,1973,S,42.0
0127,1976,S,46.2
0127,1979,S,45.5
0127,1982,S,52.3
0127,1985,S,43.2
0127,1988,S,38.6
0127,1991,S,37.2
0127,1994,S,47.0
0127,1998,S,39.0
0127,2002,S,42.5
0127,2006,S,39.4
0127,2010,S,36.2
0127,2014,S,35.7
0127,2018,S,30.8
0127,2022,S,31.5
0127,1973,V,6.6
0127,1976,V,6.3
0127,1979,V,7.6
0127,1982,V,7.7
0127,1985,V,7.7
0127,1988,V,7.2
0127,1991,V,5.6
0127,1994,V,6.4
0127,1998,V,10.2
0127,2002,V,9.7
0127,2006,V,7.5
0127,2010,V,6.6
0127,2014,V,7.1
0127,2018,V,9.1
0127,2022,V,10.8
0127,2002,SD,0.9
0127,2006,SD,1.7
0127,2010,SD,4.0
0127,2014,SD,7.6
0127,2018,SD,11.4
0127,2022,SD,12.4
0127,1973,ÖVRIGA,1.4
0127,1976,ÖVRIGA,0.8
0127,1979,ÖVRIGA,1.6
0127,1982,ÖVRIGA,0.6
0127,1985,ÖVRIGA,6.5
0127,1988,ÖVRIGA,15.2
0127,1991,ÖVRIGA,9.4
0127,1994,ÖVRIGA,9.3
0127,1998,ÖVRIGA,9.2
0127,2002,ÖVRIGA,6.5
0127,2006,ÖVRIGA,6.4
0127,2010,ÖVRIGA,14.1
0127,2014,ÖVRIGA,11.1
0127,2018,ÖVRIGA,13.1
0127,2022,ÖVRIGA,15.0
0128,1982,M,32.2
0128,1985,M,39.1
0128,1988,M,32.9
0128,1991,M,30.4
0128,1994,M,33.0
0128,1998,M,39.1
0128,2002,M,34.7
0128,2006,M,45.7
0128,2010,M,41.9
0128,2014,M,35.3
0128,2018,M,33.3
0128,2022,M,33.1
0128,1982,C,15.7
0128,1985,C,8.7
0128,1988,C,12.1
0128,1991,C,10.0
0128,1994,C,6.6
0128,1998,C,4.0
0128,2002,C,5.1
0128,2006,C,5.0
0128,2010,C,4.5
0128,2014,C,4.6
0128,2018,C,5.5
0128,2022,C,7.2
0128,1982,L,5.4
0128,1985,L,12.5
0128,1988,L,12.4
0128,1991,L,14.6
0128,1994,L,9.6
0128,1998,L,7.6
0128,2002,L,12.7
0128,2006,L,8.8
0128,2010,L,7.8
0128,2014,L,6.1
0128,2018,L,7.2
0128,2022,L,4.9
0128,1982,KD,1.9
0128,1985,KD,1.7
0128,1988,KD,1.8
0128,1991,KD,4.7
0128,1994,KD,3.1
0128,1998,KD,6.5
0128,2002,KD,5.7
0128,2006,KD,4.5
0128,2010,KD,2.9
0128,2014,KD,3.1
0128,2018,KD,4.5
0128,2022,KD,4.6
0128,1982,MP,1.7
0128,1985,MP,1.9
0128,1988,MP,4.2
0128,1991,MP,3.1
0128,1994,MP,4.9
0128,1998,MP,4.3
0128,2002,MP,3.5
0128,2006,MP,4.9
0128,2010,MP,6.6
0128,2014,MP,7.0
0128,2018,MP,3.3
0128,2022,MP,1.6
0128,1982,S,37.2
0128,1985,S,30.4
0128,1988,S,30.9
0128,1991,S,28.8
0128,1994,S,36.0
0128,1998,S,29.4
0128,2002,S,31.4
0128,2006,S,25.4
0128,2010,S,21.7
0128,2014,S,23.0
0128,2018,S,21.0
0128,2022,S,23.0
0128,1982,V,5.8
0128,1985,V,5.6
0128,1988,V,5.5
0128,1991,V,6.1
0128,1994,V,5.3
0128,1998,V,7.7
0128,2002,V,5.4
0128,2006,V,3.9
0128,2010,V,3.7
0128,2014,V,4.2
0128,2018,V,4.6
0128,2022,V,4.7
0128,2002,SD,0.0
0128,2006,SD,1.3
0128,2010,SD,3.2
0128,2014,SD,5.7
0128,2018,SD,10.0
0128,2022,SD,11.0
0128,1982,ÖVRIGA,0.1
0128,1985,ÖVRIGA,0.1
0128,1988,ÖVRIGA,0.2
0128,1991,ÖVRIGA,2.3
0128,1994,ÖVRIGA,1.4
0128,1998,ÖVRIGA,1.3
0128,2002,ÖVRIGA,1.6
0128,2006,ÖVRIGA,0.5
0128,2010,ÖVRIGA,7.6
0128,2014,ÖVRIGA,11.1
0128,2018,ÖVRIGA,10.7
0128,2022,ÖVRIGA,9.9
0136,1973,M,12.0
0136,1976,M,14.1
0136,1979,M,18.7
0136,1982,M,23.2
0136,1985,M,22.2
0136,1988,M,19.3
0136,1991,M,27.8
0136,1994,M,18.7
0136,1998,M,19.6
0136,2002,M,15.6
0136,2006,M,28.0
0136,2010,M,33.3
0136,2014,M,28.0
0136,2018,M,24.5
0136,2022,M,23.1
0136,1973,C,25.6
0136,1976,C,19.0
0136,1979,C,12.1
0136,1982,C,9.4
0136,1985,C,5.1
0136,1988,C,5.8
0136,1991,C,5.2
0136,1994,C,4.7
0136,1998,C,2.1
0136,2002,C,1.9
0136,2006,C,3.0
0136,2010,C,3.1
0136,2014,C,3.5
0136,2018,C,6.0
0136,2022,C,5.7
0136,1973,L,11.6
0136,1976,L,11.9
0136,1979,L,11.4
0136,1982,L,5.2
0136,1985,L,13.5
0136,1988,L,15.0
0136,1991,L,13.0
0136,1994,L,7.8
0136,1998,L,6.0
0136,2002,L,12.6
0136,2006,L,9.1
0136,2010,L,7.9
0136,2014,L,6.7
0136,2018,L,6.2
0136,2022,L,4.6
0136,1973,KD,0.6
0136,1976,KD,0.8
0136,1979,KD,0.7
0136,1982,KD,0.9
0136,1985,KD,0.8
0136,1988,KD,1.3
0136,1991,KD,4.3
0136,1994,KD,1.8
0136,1998,KD,6.3
0136,2002,KD,6.3
0136,2006,KD,5.5
0136,2010,KD,3.9
0136,2014,KD,3.2
0136,2018,KD,4.4
0136,2022,KD,4.6
0136,1982,MP,5.8
0136,1985,MP,2.7
0136,1988,MP,6.3
0136,1991,MP,4.0
0136,1994,MP,4.9
0136,1998,MP,4.0
0136,2002,MP,3.9
0136,2006,MP,4.4
0136,2010,MP,6.9
0136,2014,MP,8.5
0136,2018,MP,4.8
0136,2022,MP,2.6
0136,1973,S,40.7
0136,1976,S,45.4
0136,1979,S,44.7
0136,1982,S,47.2
0136,1985,S,45.5
0136,1988,S,42.4
0136,1991,S,34.4
0136,1994,S,41.8
0136,1998,S,43.1
0136,2002,S,44.6
0136,2006,S,36.1
0136,2010,S,31.2
0136,2014,S,31.7
0136,2018,S,25.9
0136,2022,S,29.4
0136,1973,V,8.0
0136,1976,V,6.5
0136,1979,V,8.3
0136,1982,V,7.8
0136,1985,V,6.8
0136,1988,V,6.1
0136,1991,V,4.6
0136,1994,V,6.2
0136,1998,V,8.6
0136,2002,V,7.9
0136,2006,V,5.1
0136,2010,V,4.3
0136,2014,V,4.8
0136,2018,V,7.0
0136,2022,V,7.7
0136,2002,SD,1.3
0136,2006,SD,3.2
0136,2010,SD,5.8
0136,2014,SD,9.8
0136,2018,SD,17.3
0136,2022,SD,18.9
0136,1973,ÖVRIGA,1.5
0136,1976,ÖVRIGA,2.3
0136,1979,ÖVRIGA,4.0
0136,1982,ÖVRIGA,0.5
0136,1985,ÖVRIGA,3.4
0136,1988,ÖVRIGA,3.8
0136,1991,ÖVRIGA,6.7
0136,1994,ÖVRIGA,14.0
0136,1998,ÖVRIGA,10.3
0136,2002,ÖVRIGA,5.9
0136,2006,ÖVRIGA,5.6
0136,2010,ÖVRIGA,3.7
0136,2014,ÖVRIGA,3.8
0136,2018,ÖVRIGA,4.0
0136,2022,ÖVRIGA,3.4
0138,1973,M,15.5
0138,1976,M,18.1
0138,1979,M,24.3
0138,1982,M,30.0
0138,1985,M,26.3
0138,1988,M,25.1
0138,1991,M,31.2
0138,1994,M,30.9
0138,1998,M,33.8
0138,2002,M,28.2
0138,2006,M,39.4
0138,2010,M,41.1
0138,2014,M,34.9
0138,2018,M,27.7
0138,2022,M,28.3
0138,1973,C,22.2
0138,1976,C,17.3
0138,1979,C,11.1
0138,1982,C,8.6
0138,1985,C,3.5
0138,1988,C,4.8
0138,1991,C,4.1
0138,1994,C,3.3
0138,1998,C,2.9
0138,2002,C,2.6
0138,2006,C,4.0
0138,2010,C,3.2
0138,2014,C,3.6
0138,2018,C,5.6
0138,2022,C,4.5
0138,1973,L,15.5
0138,1976,L,14.8
0138,1979,L,11.8
0138,1982,L,4.8
0138,1985,L,12.4
0138,1988,L,13.3
0138,1991,L,9.7
0138,1994,L,7.8
0138,1998,L,6.4
0138,2002,L,13.9
0138,2006,L,9.2
0138,2010,L,9.6
0138,2014,L,7.7
0138,2018,L,9.9
0138,2022,L,6.5
0138,1973,KD,0.0
0138,1982,KD,0.8
0138,1985,KD,1.1
0138,1988,KD,1.3
0138,1991,KD,3.2
0138,1994,KD,1.9
0138,1998,KD,5.5
0138,2002,KD,4.9
0138,2006,KD,4.5
0138,2010,KD,3.5
0138,2014,KD,3.3
0138,2018,KD,4.1
0138,2022,KD,3.7
0138,1982,MP,3.5
0138,1985,MP,3.4
0138,1988,MP,5.2
0138,1991,MP,3.6
0138,1994,MP,4.8
0138,1998,MP,4.9
0138,2002,MP,4.3
0138,2006,MP,5.5
0138,2010,MP,8.9
0138,2014,MP,9.3
0138,2018,MP,5.2
0138,2022,MP,4.7
0138,1973,S,38.5
0138,1976,S,41.9
0138,1979,S,42.7
0138,1982,S,45.1
0138,1985,S,40.4
0138,1988,S,38.1
0138,1991,S,34.8
0138,1994,S,40.4
0138,1998,S,35.1
0138,2002,S,36.0
0138,2006,S,30.0
0138,2010,S,27.1
0138,2014,S,29.1
0138,2018,S,28.5
0138,2022,S,32.2
0138,1973,V,7.6
0138,1976,V,7.5
0138,1979,V,8.2
0138,1982,V,6.9
0138,1985,V,6.0
0138,1988,V,5.9
0138,1991,V,4.3
0138,1994,V,5.0
0138,1998,V,7.2
0138,2002,V,6.0
0138,2006,V,4.8
0138,2010,V,3.4
0138,2014,V,4.4
0138,2018,V,5.3
0138,2022,V,5.5
0138,2002,SD,0.9
0138,2006,SD,1.2
0138,2010,SD,3.1
0138,2014,SD,6.4
0138,2018,SD,12.7
0138,2022,SD,13.9
0138,1973,ÖVRIGA,0.8
0138,1976,ÖVRIGA,0.4
0138,1979,ÖVRIGA,1.9
0138,1982,ÖVRIGA,0.3
0138,1985,ÖVRIGA,7.0
0138,1988,ÖVRIGA,6.3
0138,1991,ÖVRIGA,9.1
0138,1994,ÖVRIGA,5.9
0138,1998,ÖVRIGA,4.3
0138,2002,ÖVRIGA,3.2
0138,2006,ÖVRIGA,1.4
0138,2010,ÖVRIGA,0.2
0138,2014,ÖVRIGA,1.3
0138,2018,ÖVRIGA,1.0
0138,2022,ÖVRIGA,0.7
0139,1973,M,14.1
0139,1976,M,18.1
0139,1979,M,20.6
0139,1982,M,25.1
0139,1985,M,24.3
0139,1988,M,23.7
0139,1991,M,30.5
0139,1994,M,26.6
0139,1998,M,27.1
0139,2002,M,20.2
0139,2006,M,30.3
0139,2010,M,30.7
0139,2014,M,25.0
0139,2018,M,25.3
0139,2022,M,25.8
0139,1973,C,23.6
0139,1976,C,19.0
0139,1979,C,14.1
0139,1982,C,9.9
0139,1985,C,5.2
0139,1988,C,6.5
0139,1991,C,4.8
0139,1994,C,4.6
0139,1998,C,3.1
0139,2002,C,3.1
0139,2006,C,3.9
0139,2010,C,3.6
0139,2014,C,3.8
0139,2018,C,4.9
0139,2022,C,5.1
0139,1973,L,10.0
0139,1976,L,14.1
0139,1979,L,10.7
0139,1982,L,4.3
0139,1985,L,12.2
0139,1988,L,13.2
0139,1991,L,10.5
0139,1994,L,7.4
0139,1998,L,5.0
0139,2002,L,12.7
0139,2006,L,7.0
0139,2010,L,10.2
0139,2014,L,10.8
0139,2018,L,9.2
0139,2022,L,5.3
0139,1973,KD,0.0
0139,1979,KD,1.5
0139,1982,KD,2.4
0139,1985,KD,2.1
0139,1988,KD,2.5
0139,1991,KD,5.7
0139,1994,KD,4.6
0139,1998,KD,10.6
0139,2002,KD,10.0
0139,2006,KD,8.1
0139,2010,KD,6.3
0139,2014,KD,5.6
0139,2018,KD,6.6
0139,2022,KD,5.8
0139,1982,MP,3.0
0139,1985,MP,4.1
0139,1988,MP,6.3
0139,1991,MP,3.5
0139,1994,MP,1.4
0139,1998,MP,1.9
0139,2002,MP,1.9
0139,2006,MP,4.8
0139,2010,MP,7.5
0139,2014,MP,7.7
0139,2018,MP,3.5
0139,2022,MP,2.6
0139,1973,S,43.5
0139,1976,S,42.4
0139,1979,S,45.3
0139,1982,S,49.6
0139,1985,S,46.2
0139,1988,S,42.3
0139,1991,S,36.5
0139,1994,S,47.2
0139,1998,S,40.6
0139,2002,S,41.8
0139,2006,S,38.0
0139,2010,S,32.5
0139,2014,S,32.6
0139,2018,S,26.4
0139,2022,S,28.4
0139,1973,V,7.2
0139,1976,V,6.0
0139,1979,V,7.4
0139,1982,V,5.4
0139,1985,V,5.6
0139,1988,V,5.2
0139,1991,V,3.8
0139,1994,V,6.6
0139,1998,V,11.2
0139,2002,V,9.0
0139,2006,V,5.4
0139,2010,V,4.0
0139,2014,V,4.7
0139,2018,V,6.5
0139,2022,V,8.2
0139,2002,SD,0.6
0139,2006,SD,2.2
0139,2010,SD,4.9
0139,2014,SD,8.8
0139,2018,SD,17.0
0139,2022,SD,17.6
0139,1973,ÖVRIGA,1.7
0139,1976,ÖVRIGA,0.4
0139,1979,ÖVRIGA,0.3
0139,1982,ÖVRIGA,0.2
0139,1985,ÖVRIGA,0.1
0139,1988,ÖVRIGA,0.2
0139,1991,ÖVRIGA,4.7
0139,1994,ÖVRIGA,1.6
0139,1998,ÖVRIGA,0.5
0139,2002,ÖVRIGA,0.6
0139,2006,ÖVRIGA,0.3
0139,2010,ÖVRIGA,0.2
0139,2014,ÖVRIGA,1.2
0139,2018,ÖVRIGA,0.6
0139,2022,ÖVRIGA,1.1
0140,1998,M,18.2
0140,2002,M,16.0
0140,2006,M,18.1
0140,2010,M,21.6
0140,2014,M,20.3
0140,2018,M,18.3
0140,2022,M,22.4
0140,1998,C,3.9
0140,2002,C,4.4
0140,2006,C,5.0
0140,2010,C,4.0
0140,2014,C,4.6
0140,2018,C,7.0
0140,2022,C,4.9
0140,1998,L,11.7
0140,2002,L,7.3
0140,2006,L,7.6
0140,2010,L,6.9
0140,2014,L,4.3
0140,2018,L,3.0
0140,2022,L,4.6
0140,1998,KD,2.4
0140,2002,KD,2.9
0140,2006,KD,2.0
0140,2010,KD,1.4
0140,2014,KD,1.0
0140,2018,KD,1.8
0140,2022,KD,2.7
0140,1998,MP,0.6
0140,2002,MP,0.4
0140,2006,MP,1.2
0140,2010,MP,7.0
0140,2014,MP,6.8
0140,2018,MP,3.1
0140,2022,MP,2.2
0140,1998,S,33.4
0140,2002,S,27.2
0140,2006,S,22.2
0140,2010,S,22.6
0140,2014,S,22.1
0140,2018,S,18.7
0140,2022,S,24.4
0140,1998,V,5.1
0140,2002,V,4.2
0140,2006,V,3.1
0140,2010,V,2.4
0140,2014,V,1.7
0140,2018,V,2.1
0140,2022,V,1.9
0140,2002,SD,1.2
0140,2006,SD,2.3
0140,2010,SD,5.4
0140,2014,SD,9.4
0140,2018,SD,15.4
0140,2022,SD,19.9
0140,1998,ÖVRIGA,24.5
0140,2002,ÖVRIGA,36.5
0140,2006,ÖVRIGA,38.5
0140,2010,ÖVRIGA,28.6
0140,2014,ÖVRIGA,29.7
0140,2018,ÖVRIGA,30.6
0140,2022,ÖVRIGA,17.1
0160,1973,M,28.5
0160,1976,M,31.5
0160,1979,M,37.8
0160,1982,M,46.5
0160,1985,M,44.5
0160,1988,M,44.4
0160,1991,M,49.8
0160,1994,M,45.3
0160,1998,M,53.4
0160,2002,M,42.4
0160,2006,M,53.0
0160,2010,M,41.8
0160,2014,M,38.0
0160,2018,M,38.1
0160,2022,M,39.5
0160,1973,C,20.1
0160,1976,C,17.9
0160,1979,C,14.3
0160,1982,C,9.7
0160,1985,C,4.7
0160,1988,C,5.3
0160,1991,C,3.8
0160,1994,C,4.9
0160,1998,C,2.0
0160,2002,C,1.6
0160,2006,C,4.4
0160,2010,C,4.7
0160,2014,C,5.6
0160,2018,C,8.8
0160,2022,C,8.3
0160,1973,L,14.7
0160,1976,L,14.3
0160,1979,L,11.3
0160,1982,L,5.5
0160,1985,L,17.4
0160,1988,L,16.5
0160,1991,L,14.4
0160,1994,L,17.0
0160,1998,L,13.9
0160,2002,L,25.6
0160,2006,L,17.6
0160,2010,L,28.7
0160,2014,L,25.3
0160,2018,L,18.5
0160,2022,L,14.3
0160,1973,KD,0.9
0160,1976,KD,0.7
0160,1979,KD,0.6
0160,1982,KD,0.6
0160,1985,KD,0.7
0160,1988,KD,1.0
0160,1991,KD,2.9
0160,1994,KD,2.6
0160,1998,KD,7.2
0160,2002,KD,6.5
0160,2006,KD,4.9
0160,2010,KD,4.2
0160,2014,KD,4.5
0160,2018,KD,7.0
0160,2022,KD,5.6
0160,1982,MP,2.9
0160,1985,MP,3.0
0160,1988,MP,4.4
0160,1991,MP,2.6
0160,1994,MP,3.7
0160,1998,MP,2.9
0160,2002,MP,3.2
0160,2006,MP,3.2
0160,2010,MP,5.6
0160,2014,MP,7.5
0160,2018,MP,4.2
0160,2022,MP,3.8
0160,1973,S,30.0
0160,1976,S,29.2
0160,1979,S,25.0
0160,1982,S,25.1
0160,1985,S,23.6
0160,1988,S,21.6
0160,1991,S,17.7
0160,1994,S,21.2
0160,1998,S,15.3
0160,2002,S,17.1
0160,2006,S,13.9
0160,2010,S,12.3
0160,2014,S,13.2
0160,2018,S,13.3
0160,2022,S,17.0
0160,1973,V,4.7
0160,1976,V,5.8
0160,1979,V,5.5
0160,1982,V,4.3
0160,1985,V,3.2
0160,1988,V,2.9
0160,1991,V,1.7
0160,1994,V,1.8
0160,1998,V,2.6
0160,2002,V,2.4
0160,2006,V,1.7
0160,2010,V,1.4
0160,2014,V,1.7
0160,2018,V,2.1
0160,2022,V,2.2
0160,2002,SD,0.6
0160,2006,SD,0.9
0160,2010,SD,1.3
0160,2014,SD,3.4
0160,2018,SD,7.7
0160,2022,SD,8.3
0160,1973,ÖVRIGA,1.1
0160,1976,ÖVRIGA,0.7
0160,1979,ÖVRIGA,5.4
0160,1982,ÖVRIGA,5.5
0160,1985,ÖVRIGA,2.9
0160,1988,ÖVRIGA,4.0
0160,1991,ÖVRIGA,7.0
0160,1994,ÖVRIGA,3.7
0160,1998,ÖVRIGA,2.6
0160,2002,ÖVRIGA,0.4
0160,2006,ÖVRIGA,0.3
0160,2010,ÖVRIGA,0.1
0160,2014,ÖVRIGA,0.8
0160,2018,ÖVRIGA,0.4
0160,2022,ÖVRIGA,1.0
0162,1973,M,48.8
0162,1976,M,46.4
0162,1979,M,47.0
0162,1982,M,52.0
0162,1985,M,48.1
0162,1988,M,46.8
0162,1991,M,41.9
0162,1994,M,45.5
0162,1998,M,51.9
0162,2002,M,45.1
0162,2006,M,50.4
0162,2010,M,42.1
0162,2014,M,41.1
0162,2018,M,30.9
0162,2022,M,36.5
0162,1973,C,14.3
0162,1976,C,11.8
0162,1979,C,12.9
0162,1982,C,14.4
0162,1985,C,10.5
0162,1988,C,11.2
0162,1991,C,16.8
0162,1994,C,21.9
0162,1998,C,14.7
0162,2002,C,12.4
0162,2006,C,16.8
0162,2010,C,20.8
0162,2014,C,18.1
0162,2018,C,23.4
0162,2022,C,21.8
0162,1973,L,11.9
0162,1976,L,13.6
0162,1979,L,13.7
0162,1982,L,7.6
0162,1985,L,19.3
0162,1988,L,19.8
0162,1991,L,16.4
0162,1994,L,12.0
0162,1998,L,11.4
0162,2002,L,20.1
0162,2006,L,12.8
0162,2010,L,16.8
0162,2014,L,17.0
0162,2018,L,15.0
0162,2022,L,11.1
0162,1973,KD,0.8
0162,1976,KD,0.6
0162,1979,KD,0.6
0162,1982,KD,0.8
0162,1985,KD,0.6
0162,1988,KD,0.6
0162,1991,KD,3.6
0162,1994,KD,2.8
0162,1998,KD,7.5
0162,2002,KD,8.3
0162,2006,KD,7.9
0162,2010,KD,7.1
0162,2014,KD,6.4
0162,2018,KD,9.7
0162,2022,KD,6.6
0162,1982,MP,2.2
0162,1985,MP,2.6
0162,1988,MP,3.9
0162,1991,MP,2.0
0162,1994,MP,2.2
0162,1998,MP,2.1
0162,2002,MP,2.2
0162,2006,MP,2.9
0162,2010,MP,5.1
0162,2014,MP,5.9
0162,2018,MP,4.3
0162,2022,MP,3.6
0162,1973,S,20.1
0162,1976,S,17.4
0162,1979,S,17.6
0162,1982,S,17.9
0162,1985,S,15.7
0162,1988,S,15.5
0162,1991,S,12.4
0162,1994,S,12.9
0162,1998,S,8.9
0162,2002,S,10.2
0162,2006,S,8.1
0162,2010,S,6.7
0162,2014,S,6.9
0162,2018,S,7.5
0162,2022,S,9.8
0162,1973,V,3.5
0162,1976,V,3.6
0162,1979,V,3.8
0162,1982,V,3.1
0162,1985,V,2.1
0162,1988,V,2.1
0162,1991,V,1.4
0162,1994,V,1.4
0162,1998,V,1.7
0162,2002,V,0.9
0162,2006,V,0.6
0162,2010,V,0.5
0162,2014,V,1.2
0162,2018,V,1.6
0162,2022,V,1.8
0162,2002,SD,0.0
0162,2006,SD,0.4
0162,2010,SD,0.7
0162,2014,SD,2.3
0162,2018,SD,5.7
0162,2022,SD,5.7
0162,1973,ÖVRIGA,0.7
0162,1976,ÖVRIGA,6.6
0162,1979,ÖVRIGA,4.5
0162,1982,ÖVRIGA,2.2
0162,1985,ÖVRIGA,1.1
0162,1988,ÖVRIGA,0.2
0162,1991,ÖVRIGA,5.4
0162,1994,ÖVRIGA,1.3
0162,1998,ÖVRIGA,1.8
0162,2002,ÖVRIGA,0.8
0162,2006,ÖVRIGA,0.2
0162,2010,ÖVRIGA,0.1
0162,2014,ÖVRIGA,1.2
0162,2018,ÖVRIGA,1.8
0162,2022,ÖVRIGA,3.1
0163,1973,M,20.2
0163,1976,M,22.6
0163,1979,M,29.6
0163,1982,M,35.6
0163,1985,M,35.5
0163,1988,M,30.8
0163,1991,M,31.7
0163,1994,M,32.6
0163,1998,M,39.1
0163,2002,M,30.7
0163,2006,M,40.5
0163,2010,M,41.3
0163,2014,M,37.0
0163,2018,M,31.1
0163,2022,M,29.5
0163,1973,C,22.2
0163,1976,C,16.4
0163,1979,C,12.3
0163,1982,C,9.4
0163,1985,C,4.5
0163,1988,C,5.2
0163,1991,C,3.6
0163,1994,C,4.1
0163,1998,C,2.6
0163,2002,C,2.8
0163,2006,C,3.9
0163,2010,C,3.4
0163,2014,C,5.1
0163,2018,C,6.7
0163,2022,C,7.2
0163,1973,L,11.0
0163,1976,L,11.8
0163,1979,L,9.9
0163,1982,L,5.2
0163,1985,L,13.6
0163,1988,L,13.3
0163,1991,L,12.0
0163,1994,L,9.6
0163,1998,L,7.9
0163,2002,L,16.5
0163,2006,L,11.7
0163,2010,L,11.2
0163,2014,L,9.2
0163,2018,L,10.3
0163,2022,L,8.0
0163,1973,KD,1.7
0163,1976,KD,1.5
0163,1979,KD,1.9
0163,1982,KD,2.1
0163,1985,KD,1.6
0163,1988,KD,2.5
0163,1991,KD,5.6
0163,1994,KD,3.2
0163,1998,KD,8.4
0163,2002,KD,7.1
0163,2006,KD,5.9
0163,2010,KD,4.6
0163,2014,KD,5.1
0163,2018,KD,7.6
0163,2022,KD,5.4
0163,1982,MP,0.3
0163,1985,MP,2.8
0163,1988,MP,4.9
0163,1991,MP,3.2
0163,1994,MP,4.5
0163,1998,MP,4.3
0163,2002,MP,3.3
0163,2006,MP,4.3
0163,2010,MP,6.7
0163,2014,MP,8.6
0163,2018,MP,5.5
0163,2022,MP,4.3
0163,1973,S,31.6
0163,1976,S,30.2
0163,1979,S,29.3
0163,1982,S,34.1
0163,1985,S,31.1
0163,1988,S,28.9
0163,1991,S,25.0
0163,1994,S,31.1
0163,1998,S,24.1
0163,2002,S,26.7
0163,2006,S,20.8
0163,2010,S,18.1
0163,2014,S,19.4
0163,2018,S,20.6
0163,2022,S,27.7
0163,1973,V,4.6
0163,1976,V,3.8
0163,1979,V,5.4
0163,1982,V,5.0
0163,1985,V,4.4
0163,1988,V,4.0
0163,1991,V,3.1
0163,1994,V,3.3
0163,1998,V,5.7
0163,2002,V,4.9
0163,2006,V,3.4
0163,2010,V,3.2
0163,2014,V,3.8
0163,2018,V,5.8
0163,2022,V,6.1
0163,2002,SD,0.0
0163,2006,SD,1.4
0163,2010,SD,2.2
0163,2014,SD,4.3
0163,2018,SD,7.9
0163,2022,SD,8.6
0163,1973,ÖVRIGA,8.8
0163,1976,ÖVRIGA,13.6
0163,1979,ÖVRIGA,11.7
0163,1982,ÖVRIGA,8.4
0163,1985,ÖVRIGA,6.5
0163,1988,ÖVRIGA,10.4
0163,1991,ÖVRIGA,15.7
0163,1994,ÖVRIGA,11.6
0163,1998,ÖVRIGA,8.0
0163,2002,ÖVRIGA,7.8
0163,2006,ÖVRIGA,8.0
0163,2010,ÖVRIGA,9.1
0163,2014,ÖVRIGA,7.4
0163,2018,ÖVRIGA,4.4
0163,2022,ÖVRIGA,3.1
0180,1973,M,23.2
0180,1976,M,24.9
0180,1979,M,29.0
0180,1982,M,32.2
0180,1985,M,29.4
0180,1988,M,27.5
0180,1991,M,29.2
0180,1994,M,28.7
0180,1998,M,32.9
0180,2002,M,26.0
0180,2006,M,37.2
0180,2010,M,34.4
0180,2014,M,27.2
0180,2018,M,21.0
0180,2022,M,18.3
0180,1973,C,14.0
0180,1976,C,11.4
0180,1979,C,7.4
0180,1982,C,6.3
0180,1985,C,2.9
0180,1988,C,4.0
0180,1991,C,3.5
0180,1994,C,5.4
0180,1998,C,2.1
0180,2002,C,1.3
0180,2006,C,3.1
0180,2010,C,4.0
0180,2014,C,4.7
0180,2018,C,7.9
0180,2022,C,6.7
0180,1973,L,11.7
0180,1976,L,13.3
0180,1979,L,10.3
0180,1982,L,5.1
0180,1985,L,13.5
0180,1988,L,12.6
0180,1991,L,10.1
0180,1994,L,7.9
0180,1998,L,7.8
0180,2002,L,15.8
0180,2006,L,9.6
0180,2010,L,10.0
0180,2014,L,8.3
0180,2018,L,10.1
0180,2022,L,8.0
0180,1973,KD,1.1
0180,1976,KD,1.0
0180,1979,KD,1.0
0180,1982,KD,1.1
0180,1985,KD,0.9
0180,1988,KD,1.5
0180,1991,KD,3.8
0180,1994,KD,2.1
0180,1998,KD,6.4
0180,2002,KD,4.4
0180,2006,KD,3.9
0180,2010,KD,3.5
0180,2014,KD,3.3
0180,2018,KD,5.0
0180,2022,KD,3.8
0180,1982,MP,0.6
0180,1985,MP,1.9
0180,1988,MP,2.4
0180,1991,MP,3.9
0180,1994,MP,7.8
0180,1998,MP,5.9
0180,2002,MP,5.3
0180,2006,MP,9.2
0180,2010,MP,13.9
0180,2014,MP,14.3
0180,2018,MP,8.3
0180,2022,MP,6.0
0180,1973,S,39.4
0180,1976,S,39.3
0180,1979,S,37.4
0180,1982,S,39.2
0180,1985,S,35.6
0180,1988,S,34.0
0180,1991,S,29.4
0180,1994,S,33.0
0180,1998,S,25.6
0180,2002,S,32.1
0180,2006,S,24.4
0180,2010,S,22.6
0180,2014,S,22.0
0180,2018,S,22.3
0180,2022,S,29.4
0180,1973,V,8.9
0180,1976,V,8.9
0180,1979,V,9.7
0180,1982,V,9.3
0180,1985,V,8.8
0180,1988,V,10.1
0180,1991,V,8.0
0180,1994,V,9.2
0180,1998,V,12.3
0180,2002,V,11.2
0180,2006,V,7.9
0180,2010,V,7.4
0180,2014,V,8.9
0180,2018,V,13.0
0180,2022,V,15.4
0180,2002,SD,0.8
0180,2006,SD,1.6
0180,2010,SD,2.6
0180,2014,SD,5.2
0180,2018,SD,8.0
0180,2022,SD,8.0
0180,1973,ÖVRIGA,1.7
0180,1976,ÖVRIGA,1.3
0180,1979,ÖVRIGA,5.2
0180,1982,ÖVRIGA,6.1
0180,1985,ÖVRIGA,7.0
0180,1988,ÖVRIGA,8.0
0180,1991,ÖVRIGA,12.0
0180,1994,ÖVRIGA,6.0
0180,1998,ÖVRIGA,7.1
0180,2002,ÖVRIGA,3.0
0180,2006,ÖVRIGA,2.9
0180,2010,ÖVRIGA,1.6
0180,2014,ÖVRIGA,6.2
0180,2018,ÖVRIGA,4.4
0180,2022,ÖVRIGA,4.3
0181,1973,M,14.0
0181,1976,M,16.4
0181,1979,M,18.4
0181,1982,M,22.3
0181,1985,M,20.5
0181,1988,M,19.0
0181,1991,M,23.5
0181,1994,M,20.5
0181,1998,M,21.6
0181,2002,M,15.3
0181,2006,M,22.4
0181,2010,M,21.9
0181,2014,M,17.8
0181,2018,M,17.0
0181,2022,M,18.7
0181,1973,C,24.0
0181,1976,C,20.9
0181,1979,C,14.9
0181,1982,C,11.2
0181,1985,C,6.4
0181,1988,C,8.8
0181,1991,C,6.6
0181,1994,C,5.3
0181,1998,C,6.2
0181,2002,C,5.8
0181,2006,C,6.1
0181,2010,C,4.3
0181,2014,C,4.8
0181,2018,C,6.6
0181,2022,C,4.8
0181,1973,L,8.6
0181,1976,L,10.9
0181,1979,L,10.9
0181,1982,L,5.2
0181,1985,L,14.2
0181,1988,L,14.1
0181,1991,L,9.2
0181,1994,L,5.9
0181,1998,L,4.4
0181,2002,L,10.3
0181,2006,L,7.7
0181,2010,L,6.3
0181,2014,L,5.8
0181,2018,L,5.5
0181,2022,L,3.8
0181,1973,KD,1.8
0181,1976,KD,1.5
0181,1979,KD,1.6
0181,1982,KD,1.9
0181,1985,KD,1.6
0181,1988,KD,1.4
0181,1991,KD,4.1
0181,1994,KD,2.4
0181,1998,KD,7.3
0181,2002,KD,6.2
0181,2006,KD,5.4
0181,2010,KD,3.9
0181,2014,KD,5.5
0181,2018,KD,8.7
0181,2022,KD,9.3
0181,1982,MP,2.7
0181,1985,MP,3.4
0181,1988,MP,7.2
0181,1991,MP,4.8
0181,1994,MP,7.2
0181,1998,MP,6.5
0181,2002,MP,6.6
0181,2006,MP,7.0
0181,2010,MP,7.9
0181,2014,MP,8.5
0181,2018,MP,5.4
0181,2022,MP,4.6
0181,1973,S,44.4
0181,1976,S,43.0
0181,1979,S,46.1
0181,1982,S,49.6
0181,1985,S,45.6
0181,1988,S,41.5
0181,1991,S,40.3
0181,1994,S,48.9
0181,1998,S,40.4
0181,2002,S,41.5
0181,2006,S,35.0
0181,2010,S,37.0
0181,2014,S,34.6
0181,2018,S,31.3
0181,2022,S,30.4
0181,1973,V,6.3
0181,1976,V,6.4
0181,1979,V,7.2
0181,1982,V,6.6
0181,1985,V,6.6
0181,1988,V,6.9
0181,1991,V,4.7
0181,1994,V,5.6
0181,1998,V,9.6
0181,2002,V,7.4
0181,2006,V,7.2
0181,2010,V,5.9
0181,2014,V,6.4
0181,2018,V,6.8
0181,2022,V,7.5
0181,2002,SD,0.6
0181,2006,SD,2.2
0181,2010,SD,7.3
0181,2014,SD,13.3
0181,2018,SD,14.4
0181,2022,SD,15.7
0181,1973,ÖVRIGA,0.9
0181,1976,ÖVRIGA,0.8
0181,1979,ÖVRIGA,0.9
0181,1982,ÖVRIGA,0.5
0181,1985,ÖVRIGA,1.8
0181,1988,ÖVRIGA,1.2
0181,1991,ÖVRIGA,6.7
0181,1994,ÖVRIGA,4.2
0181,1998,ÖVRIGA,4.0
0181,2002,ÖVRIGA,6.3
0181,2006,ÖVRIGA,7.0
0181,2010,ÖVRIGA,5.6
0181,2014,ÖVRIGA,3.2
0181,2018,ÖVRIGA,4.3
0181,2022,ÖVRIGA,5.2
0182,1973,M,25.9
0182,1976,M,27.5
0182,1979,M,31.7
0182,1982,M,36.8
0182,1985,M,36.6
0182,1988,M,34.7
0182,1991,M,37.0
0182,1994,M,38.1
0182,1998,M,41.2
0182,2002,M,36.9
0182,2006,M,46.3
0182,2010,M,44.2
0182,2014,M,37.2
0182,2018,M,30.5
0182,2022,M,31.5
0182,1973,C,16.6
0182,1976,C,12.3
0182,1979,C,8.5
0182,1982,C,7.5
0182,1985,C,4.0
0182,1988,C,4.7
0182,1991,C,3.3
0182,1994,C,4.0
0182,1998,C,2.1
0182,2002,C,1.2
0182,2006,C,2.9
0182,2010,C,3.9
0182,2014,C,5.1
0182,2018,C,10.0
0182,2022,C,7.6
0182,1973,L,12.9
0182,1976,L,14.6
0182,1979,L,12.3
0182,1982,L,6.1
0182,1985,L,14.8
0182,1988,L,14.7
0182,1991,L,12.5
0182,1994,L,10.0
0182,1998,L,7.5
0182,2002,L,16.3
0182,2006,L,10.8
0182,2010,L,11.3
0182,2014,L,8.4
0182,2018,L,8.0
0182,2022,L,5.5
0182,1973,KD,0.7
0182,1976,KD,0.7
0182,1979,KD,0.7
0182,1982,KD,0.9
0182,1985,KD,0.7
0182,1988,KD,1.1
0182,1991,KD,3.3
0182,1994,KD,1.9
0182,1998,KD,6.8
0182,2002,KD,5.4
0182,2006,KD,4.7
0182,2010,KD,3.7
0182,2014,KD,3.5
0182,2018,KD,4.2
0182,2022,KD,3.3
0182,1982,MP,3.0
0182,1985,MP,3.3
0182,1988,MP,5.7
0182,1991,MP,4.3
0182,1994,MP,6.6
0182,1998,MP,4.8
0182,2002,MP,5.6
0182,2006,MP,6.2
0182,2010,MP,9.1
0182,2014,MP,11.1
0182,2018,MP,6.6
0182,2022,MP,5.2
0182,1973,S,35.7
0182,1976,S,35.9
0182,1979,S,35.2
0182,1982,S,37.0
0182,1985,S,32.4
0182,1988,S,31.2
0182,1991,S,27.8
0182,1994,S,31.3
0182,1998,S,27.9
0182,2002,S,26.8
0182,2006,S,19.5
0182,2010,S,16.7
0182,2014,S,17.9
0182,2018,S,17.4
0182,2022,S,21.6
0182,1973,V,7.1
0182,1976,V,7.9
0182,1979,V,8.7
0182,1982,V,7.3
0182,1985,V,6.5
0182,1988,V,6.5
0182,1991,V,5.0
0182,1994,V,5.5
0182,1998,V,7.7
0182,2002,V,6.4
0182,2006,V,4.4
0182,2010,V,3.5
0182,2014,V,4.4
0182,2018,V,5.5
0182,2022,V,5.8
0182,2002,SD,0.6
0182,2006,SD,1.1
0182,2010,SD,1.9
0182,2014,SD,4.2
0182,2018,SD,7.7
0182,2022,SD,7.3
0182,1973,ÖVRIGA,1.2
0182,1976,ÖVRIGA,1.3
0182,1979,ÖVRIGA,2.9
0182,1982,ÖVRIGA,1.3
0182,1985,ÖVRIGA,1.6
0182,1988,ÖVRIGA,1.5
0182,1991,ÖVRIGA,6.8
0182,1994,ÖVRIGA,2.7
0182,1998,ÖVRIGA,2.0
0182,2002,ÖVRIGA,0.7
0182,2006,ÖVRIGA,4.3
0182,2010,ÖVRIGA,5.7
0182,2014,ÖVRIGA,8.1
0182,2018,ÖVRIGA,9.9
0182,2022,ÖVRIGA,12.2
0183,1973,M,13.3
0183,1976,M,15.8
0183,1979,M,19.3
0183,1982,M,22.1
0183,1985,M,21.3
0183,1988,M,21.2
0183,1991,M,25.3
0183,1994,M,24.5
0183,1998,M,30.0
0183,2002,M,25.1
0183,2006,M,34.4
0183,2010,M,32.9
0183,2014,M,25.9
0183,2018,M,23.9
0183,2022,M,21.6
0183,1973,C,16.0
0183,1976,C,12.3
0183,1979,C,7.8
0183,1982,C,6.7
0183,1985,C,3.7
0183,1988,C,4.0
0183,1991,C,3.2
0183,1994,C,3.0
0183,1998,C,2.4
0183,2002,C,1.8
0183,2006,C,2.8
0183,2010,C,3.3
0183,2014,C,4.9
0183,2018,C,8.1
0183,2022,C,7.0
0183,1973,L,10.6
0183,1976,L,12.7
0183,1979,L,11.5
0183,1982,L,5.6
0183,1985,L,14.7
0183,1988,L,14.0
0183,1991,L,12.2
0183,1994,L,10.2
0183,1998,L,7.8
0183,2002,L,15.2
0183,2006,L,9.8
0183,2010,L,9.2
0183,2014,L,6.7
0183,2018,L,8.0
0183,2022,L,7.1
0183,1973,KD,0.6
0183,1976,KD,0.0
0183,1982,KD,0.7
0183,1985,KD,0.1
0183,1988,KD,0.7
0183,1991,KD,3.4
0183,1994,KD,1.6
0183,1998,KD,5.5
0183,2002,KD,5.7
0183,2006,KD,5.7
0183,2010,KD,3.9
0183,2014,KD,3.2
0183,2018,KD,5.0
0183,2022,KD,4.1
0183,1982,MP,1.8
0183,1985,MP,2.6
0183,1988,MP,5.9
0183,1991,MP,3.4
0183,1994,MP,4.8
0183,1998,MP,5.3
0183,2002,MP,4.5
0183,2006,MP,6.2
0183,2010,MP,10.3
0183,2014,MP,11.1
0183,2018,MP,6.0
0183,2022,MP,4.8
0183,1973,S,49.3
0183,1976,S,48.9
0183,1979,S,50.2
0183,1982,S,52.9
0183,1985,S,47.3
0183,1988,S,43.9
0183,1991,S,40.4
0183,1994,S,44.5
0183,1998,S,35.2
0183,2002,S,36.4
0183,2006,S,32.5
0183,2010,S,29.9
0183,2014,S,32.2
0183,2018,S,26.1
0183,2022,S,30.8
0183,1973,V,8.7
0183,1976,V,9.0
0183,1979,V,10.3
0183,1982,V,9.7
0183,1985,V,9.3
0183,1988,V,9.1
0183,1991,V,7.2
0183,1994,V,8.0
0183,1998,V,11.9
0183,2002,V,9.7
0183,2006,V,6.8
0183,2010,V,6.7
0183,2014,V,7.7
0183,2018,V,11.1
0183,2022,V,13.3
0183,2002,SD,0.8
0183,2006,SD,1.3
0183,2010,SD,3.3
0183,2014,SD,7.1
0183,2018,SD,9.4
0183,2022,SD,9.8
0183,1973,ÖVRIGA,1.5
0183,1976,ÖVRIGA,1.3
0183,1979,ÖVRIGA,1.0
0183,1982,ÖVRIGA,0.5
0183,1985,ÖVRIGA,0.9
0183,1988,ÖVRIGA,1.2
0183,1991,ÖVRIGA,4.9
0183,1994,ÖVRIGA,3.5
0183,1998,ÖVRIGA,1.9
0183,2002,ÖVRIGA,1.0
0183,2006,ÖVRIGA,0.4
0183,2010,ÖVRIGA,0.4
0183,2014,ÖVRIGA,1.2
0183,2018,ÖVRIGA,2.4
0183,2022,ÖVRIGA,1.4
0184,1973,M,21.4
0184,1976,M,22.8
0184,1979,M,29.2
0184,1982,M,32.3
0184,1985,M,30.0
0184,1988,M,27.6
0184,1991,M,32.5
0184,1994,M,33.7
0184,1998,M,35.7
0184,2002,M,31.7
0184,2006,M,45.3
0184,2010,M,40.8
0184,2014,M,30.4
0184,2018,M,30.1
0184,2022,M,26.8
0184,1973,C,15.2
0184,1976,C,10.6
0184,1979,C,8.2
0184,1982,C,6.8
0184,1985,C,3.4
0184,1988,C,4.5
0184,1991,C,3.0
0184,1994,C,3.3
0184,1998,C,2.0
0184,2002,C,1.5
0184,2006,C,2.3
0184,2010,C,3.3
0184,2014,C,3.6
0184,2018,C,6.6
0184,2022,C,6.4
0184,1973,L,14.0
0184,1976,L,17.7
0184,1979,L,14.3
0184,1982,L,6.8
0184,1985,L,14.7
0184,1988,L,14.3
0184,1991,L,12.4
0184,1994,L,8.7
0184,1998,L,7.6
0184,2002,L,13.8
0184,2006,L,10.0
0184,2010,L,10.3
0184,2014,L,9.4
0184,2018,L,7.9
0184,2022,L,6.7
0184,1973,KD,1.2
0184,1976,KD,1.0
0184,1979,KD,0.9
0184,1982,KD,1.1
0184,1985,KD,0.9
0184,1988,KD,1.3
0184,1991,KD,4.2
0184,1994,KD,2.3
0184,1998,KD,7.8
0184,2002,KD,5.3
0184,2006,KD,4.2
0184,2010,KD,3.9
0184,2014,KD,3.5
0184,2018,KD,3.9
0184,2022,KD,3.4
0184,1982,MP,2.1
0184,1985,MP,2.7
0184,1988,MP,6.2
0184,1991,MP,4.3
0184,1994,MP,5.3
0184,1998,MP,4.9
0184,2002,MP,4.3
0184,2006,MP,6.0
0184,2010,MP,10.1
0184,2014,MP,13.2
0184,2018,MP,7.5
0184,2022,MP,4.5
0184,1973,S,38.8
0184,1976,S,37.1
0184,1979,S,37.2
0184,1982,S,42.1
0184,1985,S,39.2
0184,1988,S,37.3
0184,1991,S,32.7
0184,1994,S,37.3
0184,1998,S,30.5
0184,2002,S,33.3
0184,2006,S,25.1
0184,2010,S,23.4
0184,2014,S,22.5
0184,2018,S,23.5
0184,2022,S,32.8
0184,1973,V,7.8
0184,1976,V,7.7
0184,1979,V,9.0
0184,1982,V,8.1
0184,1985,V,8.0
0184,1988,V,7.8
0184,1991,V,5.9
0184,1994,V,6.8
0184,1998,V,10.0
0184,2002,V,8.7
0184,2006,V,5.5
0184,2010,V,5.6
0184,2014,V,7.2
0184,2018,V,8.7
0184,2022,V,9.5
0184,2002,SD,0.0
0184,2006,SD,1.1
0184,2010,SD,1.9
0184,2014,SD,4.4
0184,2018,SD,7.2
0184,2022,SD,8.0
0184,1973,ÖVRIGA,1.6
0184,1976,ÖVRIGA,3.1
0184,1979,ÖVRIGA,1.3
0184,1982,ÖVRIGA,0.7
0184,1985,ÖVRIGA,1.0
0184,1988,ÖVRIGA,0.9
0184,1991,ÖVRIGA,4.8
0184,1994,ÖVRIGA,2.6
0184,1998,ÖVRIGA,1.6
0184,2002,ÖVRIGA,1.3
0184,2006,ÖVRIGA,0.5
0184,2010,ÖVRIGA,0.6
0184,2014,ÖVRIGA,5.8
0184,2018,ÖVRIGA,4.5
0184,2022,ÖVRIGA,1.9
0186,1973,M,39.4
0186,1976,M,37.3
0186,1979,M,39.1
0186,1982,M,41.6
0186,1985,M,41.1
0186,1988,M,38.2
0186,1991,M,40.5
0186,1994,M,39.0
0186,1998,M,43.7
0186,2002,M,38.8
0186,2006,M,43.2
0186,2010,M,35.7
0186,2014,M,32.9
0186,2018,M,26.1
0186,2022,M,28.0
0186,1973,C,12.6
0186,1976,C,8.4
0186,1979,C,6.7
0186,1982,C,6.5
0186,1985,C,2.9
0186,1988,C,4.0
0186,1991,C,3.6
0186,1994,C,7.0
0186,1998,C,3.6
0186,2002,C,3.3
0186,2006,C,6.1
0186,2010,C,16.0
0186,2014,C,17.0
0186,2018,C,16.8
0186,2022,C,14.5
0186,1973,L,10.7
0186,1976,L,12.9
0186,1979,L,10.8
0186,1982,L,6.8
0186,1985,L,13.9
0186,1988,L,14.4
0186,1991,L,13.9
0186,1994,L,9.8
0186,1998,L,10.3
0186,2002,L,19.2
0186,2006,L,13.3
0186,2010,L,10.7
0186,2014,L,9.4
0186,2018,L,11.6
0186,2022,L,8.7
0186,1973,KD,0.6
0186,1976,KD,0.6
0186,1985,KD,0.1
0186,1988,KD,0.3
0186,1991,KD,3.6
0186,1994,KD,1.9
0186,1998,KD,6.3
0186,2002,KD,4.5
0186,2006,KD,4.7
0186,2010,KD,4.0
0186,2014,KD,3.9
0186,2018,KD,6.3
0186,2022,KD,5.1
0186,1982,MP,3.4
0186,1985,MP,3.3
0186,1988,MP,4.3
0186,1991,MP,3.3
0186,1994,MP,3.7
0186,1998,MP,3.6
0186,2002,MP,3.6
0186,2006,MP,4.0
0186,2010,MP,6.8
0186,2014,MP,7.1
0186,2018,MP,5.1
0186,2022,MP,3.8
0186,1973,S,21.6
0186,1976,S,20.9
0186,1979,S,20.1
0186,1982,S,21.0
0186,1985,S,19.2
0186,1988,S,18.7
0186,1991,S,15.7
0186,1994,S,17.6
0186,1998,S,14.1
0186,2002,S,16.2
0186,2006,S,13.0
0186,2010,S,10.4
0186,2014,S,9.9
0186,2018,S,10.4
0186,2022,S,13.2
0186,1973,V,4.4
0186,1976,V,4.8
0186,1979,V,5.9
0186,1982,V,5.2
0186,1985,V,3.9
0186,1988,V,4.5
0186,1991,V,3.1
0186,1994,V,3.5
0186,1998,V,4.6
0186,2002,V,3.9
0186,2006,V,2.8
0186,2010,V,2.1
0186,2014,V,2.4
0186,2018,V,3.6
0186,2022,V,3.7
0186,2002,SD,0.0
0186,2006,SD,0.7
0186,2010,SD,1.5
0186,2014,SD,2.6
0186,2018,SD,5.9
0186,2022,SD,5.5
0186,1973,ÖVRIGA,10.7
0186,1976,ÖVRIGA,15.2
0186,1979,ÖVRIGA,17.4
0186,1982,ÖVRIGA,15.6
0186,1985,ÖVRIGA,15.6
0186,1988,ÖVRIGA,15.5
0186,1991,ÖVRIGA,16.2
0186,1994,ÖVRIGA,17.6
0186,1998,ÖVRIGA,13.9
0186,2002,ÖVRIGA,10.5
0186,2006,ÖVRIGA,12.2
0186,2010,ÖVRIGA,12.9
0186,2014,ÖVRIGA,14.9
0186,2018,ÖVRIGA,14.1
0186,2022,ÖVRIGA,17.5
0187,1973,M,20.2
0187,1976,M,20.1
0187,1979,M,25.4
0187,1982,M,34.4
0187,1985,M,35.2
0187,1988,M,29.6
0187,1991,M,38.4
0187,1994,M,32.2
0187,1998,M,38.3
0187,2002,M,32.0
0187,2006,M,52.1
0187,2010,M,41.5
0187,2014,M,30.8
0187,2018,M,22.5
0187,2022,M,25.0
0187,1973,C,21.7
0187,1976,C,16.2
0187,1979,C,11.6
0187,1982,C,8.0
0187,1985,C,5.9
0187,1988,C,11.4
0187,1991,C,11.6
0187,1994,C,14.1
0187,1998,C,7.1
0187,2002,C,7.4
0187,2006,C,6.5
0187,2010,C,12.2
0187,2014,C,10.6
0187,2018,C,14.5
0187,2022,C,12.7
0187,1973,L,12.4
0187,1976,L,11.2
0187,1979,L,9.2
0187,1982,L,10.4
0187,1985,L,16.1
0187,1988,L,15.4
0187,1991,L,11.5
0187,1994,L,9.1
0187,1998,L,8.4
0187,2002,L,17.3
0187,2006,L,8.7
0187,2010,L,11.8
0187,2014,L,8.0
0187,2018,L,6.3
0187,2022,L,4.7
0187,1973,KD,0.5
0187,1976,KD,0.7
0187,1979,KD,0.6
0187,1985,KD,0.1
0187,1988,KD,0.4
0187,1991,KD,2.6
0187,1994,KD,1.7
0187,1998,KD,5.7
0187,2002,KD,4.9
0187,2006,KD,3.1
0187,2010,KD,2.1
0187,2014,KD,1.7
0187,2018,KD,2.3
0187,2022,KD,2.8
0187,1982,MP,3.5
0187,1985,MP,3.8
0187,1988,MP,6.3
0187,1991,MP,3.7
0187,1994,MP,4.6
0187,1998,MP,5.6
0187,2002,MP,1.7
0187,2006,MP,4.2
0187,2010,MP,6.5
0187,2014,MP,10.0
0187,2018,MP,4.6
0187,2022,MP,2.8
0187,1973,S,36.3
0187,1976,S,34.4
0187,1979,S,32.9
0187,1982,S,38.1
0187,1985,S,34.7
0187,1988,S,32.4
0187,1991,S,26.5
0187,1994,S,33.7
0187,1998,S,29.7
0187,2002,S,30.4
0187,2006,S,21.2
0187,2010,S,21.2
0187,2014,S,19.4
0187,2018,S,13.1
0187,2022,S,13.9
0187,1973,V,4.5
0187,1976,V,5.3
0187,1979,V,5.4
0187,1982,V,5.2
0187,1985,V,4.1
0187,1988,V,4.5
0187,1991,V,3.8
0187,1994,V,4.0
0187,1998,V,4.8
0187,2002,V,6.0
0187,2006,V,3.7
0187,2010,V,3.1
0187,2014,V,3.9
0187,2018,V,6.3
0187,2022,V,6.5
0187,2002,SD,0.0
0187,2006,SD,0.3
0187,2010,SD,1.5
0187,2014,SD,1.6
0187,2018,SD,5.3
0187,2022,SD,6.9
0187,1973,ÖVRIGA,4.5
0187,1976,ÖVRIGA,12.1
0187,1979,ÖVRIGA,14.9
0187,1982,ÖVRIGA,0.4
0187,1985,ÖVRIGA,0.1
0187,1988,ÖVRIGA,0.1
0187,1991,ÖVRIGA,2.0
0187,1994,ÖVRIGA,0.6
0187,1998,ÖVRIGA,0.3
0187,2002,ÖVRIGA,0.3
0187,2006,ÖVRIGA,0.1
0187,2010,ÖVRIGA,0.2
0187,2014,ÖVRIGA,14.1
0187,2018,ÖVRIGA,25.0
0187,2022,ÖVRIGA,24.6
0188,1973,M,13.0
0188,1976,M,14.4
0188,1979,M,16.6
0188,1982,M,19.8
0188,1985,M,19.5
0188,1988,M,16.8
0188,1991,M,20.3
0188,1994,M,17.3
0188,1998,M,22.0
0188,2002,M,18.9
0188,2006,M,28.7
0188,2010,M,33.1
0188,2014,M,26.6
0188,2018,M,22.9
0188,2022,M,25.1
0188,1973,C,28.0
0188,1976,C,28.5
0188,1979,C,25.5
0188,1982,C,23.2
0188,1985,C,18.7
0188,1988,C,18.9
0188,1991,C,22.2
0188,1994,C,21.5
0188,1998,C,19.1
0188,2002,C,15.5
0188,2006,C,13.2
0188,2010,C,10.7
0188,2014,C,9.6
0188,2018,C,10.5
0188,2022,C,6.9
0188,1973,L,7.8
0188,1976,L,9.0
0188,1979,L,7.2
0188,1982,L,4.5
0188,1985,L,10.4
0188,1988,L,9.5
0188,1991,L,7.8
0188,1994,L,5.3
0188,1998,L,4.9
0188,2002,L,10.0
0188,2006,L,7.8
0188,2010,L,7.9
0188,2014,L,6.1
0188,2018,L,8.8
0188,2022,L,6.2
0188,1973,KD,2.7
0188,1976,KD,1.8
0188,1979,KD,1.9
0188,1982,KD,1.8
0188,1985,KD,1.7
0188,1988,KD,1.5
0188,1991,KD,3.1
0188,1994,KD,1.7
0188,1998,KD,5.6
0188,2002,KD,4.7
0188,2006,KD,4.9
0188,2010,KD,3.1
0188,2014,KD,2.3
0188,2018,KD,3.2
0188,2022,KD,3.6
0188,1982,MP,1.7
0188,1985,MP,1.2
0188,1988,MP,4.3
0188,1991,MP,2.6
0188,1994,MP,5.1
0188,1998,MP,4.4
0188,2002,MP,4.6
0188,2006,MP,4.7
0188,2010,MP,7.6
0188,2014,MP,7.6
0188,2018,MP,4.1
0188,2022,MP,3.2
0188,1973,S,40.6
0188,1976,S,42.5
0188,1979,S,41.3
0188,1982,S,43.0
0188,1985,S,42.3
0188,1988,S,42.1
0188,1991,S,33.2
0188,1994,S,41.5
0188,1998,S,34.4
0188,2002,S,38.6
0188,2006,S,33.2
0188,2010,S,29.6
0188,2014,S,31.1
0188,2018,S,25.2
0188,2022,S,27.8
0188,1973,V,3.6
0188,1976,V,3.6
0188,1979,V,4.4
0188,1982,V,3.7
0188,1985,V,3.7
0188,1988,V,3.8
0188,1991,V,3.0
0188,1994,V,4.3
0188,1998,V,7.0
0188,2002,V,5.0
0188,2006,V,4.4
0188,2010,V,4.0
0188,2014,V,4.4
0188,2018,V,5.4
0188,2022,V,5.2
0188,2002,SD,0.0
0188,2006,SD,2.1
0188,2010,SD,3.9
0188,2014,SD,8.8
0188,2018,SD,15.5
0188,2022,SD,19.2
0188,1973,ÖVRIGA,4.3
0188,1976,ÖVRIGA,0.2
0188,1979,ÖVRIGA,3.1
0188,1982,ÖVRIGA,2.3
0188,1985,ÖVRIGA,2.5
0188,1988,ÖVRIGA,3.0
0188,1991,ÖVRIGA,7.7
0188,1994,ÖVRIGA,3.3
0188,1998,ÖVRIGA,2.8
0188,2002,ÖVRIGA,2.8
0188,2006,ÖVRIGA,1.0
0188,2010,ÖVRIGA,0.1
0188,2014,ÖVRIGA,3.6
0188,2018,ÖVRIGA,4.5
0188,2022,ÖVRIGA,2.8
0191,1973,M,13.4
0191,1976,M,16.1
0191,1979,M,18.9
0191,1982,M,25.9
0191,1985,M,29.3
0191,1988,M,28.2
0191,1991,M,30.7
0191,1994,M,27.1
0191,1998,M,31.8
0191,2002,M,25.3
0191,2006,M,28.7
0191,2010,M,28.2
0191,2014,M,29.0
0191,2018,M,32.4
0191,2022,M,30.7
0191,1973,C,23.4
0191,1976,C,20.6
0191,1979,C,14.5
0191,1982,C,11.8
0191,1985,C,7.3
0191,1988,C,7.2
0191,1991,C,6.1
0191,1994,C,5.3
0191,1998,C,4.3
0191,2002,C,3.8
0191,2006,C,4.5
0191,2010,C,3.9
0191,2014,C,4.0
0191,2018,C,5.7
0191,2022,C,3.9
0191,1973,L,12.0
0191,1976,L,10.7
0191,1979,L,8.8
0191,1982,L,4.9
0191,1985,L,11.4
0191,1988,L,11.7
0191,1991,L,9.4
0191,1994,L,6.5
0191,1998,L,5.5
0191,2002,L,10.9
0191,2006,L,6.7
0191,2010,L,6.1
0191,2014,L,5.6
0191,2018,L,5.2
0191,2022,L,4.3
0191,1973,KD,0.0
0191,1979,KD,1.4
0191,1982,KD,1.4
0191,1985,KD,1.3
0191,1988,KD,0.8
0191,1991,KD,3.7
0191,1994,KD,1.9
0191,1998,KD,5.5
0191,2002,KD,5.1
0191,2006,KD,4.8
0191,2010,KD,3.0
0191,2014,KD,3.3
0191,2018,KD,5.1
0191,2022,KD,4.7
0191,1982,MP,1.2
0191,1985,MP,0.7
0191,1988,MP,3.3
0191,1991,MP,3.0
0191,1994,MP,3.6
0191,1998,MP,3.2
0191,2002,MP,3.6
0191,2006,MP,3.2
0191,2010,MP,4.6
0191,2014,MP,5.9
0191,2018,MP,3.6
0191,2022,MP,3.2
0191,1973,S,40.7
0191,1976,S,40.6
0191,1979,S,43.3
0191,1982,S,46.4
0191,1985,S,40.7
0191,1988,S,39.4
0191,1991,S,36.0
0191,1994,S,45.2
0191,1998,S,32.3
0191,2002,S,38.7
0191,2006,S,38.9
0191,2010,S,42.4
0191,2014,S,34.7
0191,2018,S,24.7
0191,2022,S,29.0
0191,1973,V,5.2
0191,1976,V,4.5
0191,1979,V,5.9
0191,1982,V,4.2
0191,1985,V,3.9
0191,1988,V,3.4
0191,1991,V,2.9
0191,1994,V,3.5
0191,1998,V,7.0
0191,2002,V,5.1
0191,2006,V,3.3
0191,2010,V,2.5
0191,2014,V,4.2
0191,2018,V,5.8
0191,2022,V,6.3
0191,2002,SD,1.9
0191,2006,SD,2.2
0191,2010,SD,3.2
0191,2014,SD,8.7
0191,2018,SD,12.9
0191,2022,SD,13.8
0191,1973,ÖVRIGA,5.3
0191,1976,ÖVRIGA,7.4
0191,1979,ÖVRIGA,7.2
0191,1982,ÖVRIGA,4.3
0191,1985,ÖVRIGA,5.4
0191,1988,ÖVRIGA,6.1
0191,1991,ÖVRIGA,8.2
0191,1994,ÖVRIGA,6.9
0191,1998,ÖVRIGA,10.4
0191,2002,ÖVRIGA,5.4
0191,2006,ÖVRIGA,7.7
0191,2010,ÖVRIGA,6.2
0191,2014,ÖVRIGA,4.6
0191,2018,ÖVRIGA,4.7
0191,2022,ÖVRIGA,4.1
0192,1973,M,8.5
0192,1976,M,9.7
0192,1979,M,13.4
0192,1982,M,18.4
0192,1985,M,17.4
0192,1988,M,15.1
0192,1991,M,24.9
0192,1994,M,23.0
0192,1998,M,26.5
0192,2002,M,16.9
0192,2006,M,24.8
0192,2010,M,30.0
0192,2014,M,25.3
0192,2018,M,23.0
0192,2022,M,22.0
0192,1973,C,23.9
0192,1976,C,22.4
0192,1979,C,17.3
0192,1982,C,11.4
0192,1985,C,6.9
0192,1988,C,8.1
0192,1991,C,7.0
0192,1994,C,5.8
0192,1998,C,5.7
0192,2002,C,5.0
0192,2006,C,4.1
0192,2010,C,3.3
0192,2014,C,4.6
0192,2018,C,4.8
0192,2022,C,3.6
0192,1973,L,8.4
0192,1976,L,9.9
0192,1979,L,9.0
0192,1982,L,4.5
0192,1985,L,8.0
0192,1988,L,9.3
0192,1991,L,7.3
0192,1994,L,5.4
0192,1998,L,4.3
0192,2002,L,10.5
0192,2006,L,5.4
0192,2010,L,6.3
0192,2014,L,7.0
0192,2018,L,5.9
0192,2022,L,4.2
0192,1973,KD,1.0
0192,1976,KD,0.9
0192,1979,KD,1.0
0192,1982,KD,1.2
0192,1985,KD,1.3
0192,1988,KD,1.8
0192,1991,KD,2.9
0192,1994,KD,1.9
0192,1998,KD,7.0
0192,2002,KD,6.4
0192,2006,KD,4.2
0192,2010,KD,3.5
0192,2014,KD,2.5
0192,2018,KD,3.8
0192,2022,KD,4.8
0192,1982,MP,5.2
0192,1985,MP,12.8
0192,1988,MP,12.8
0192,1991,MP,5.9
0192,1994,MP,7.9
0192,1998,MP,5.8
0192,2002,MP,5.4
0192,2006,MP,3.9
0192,2010,MP,5.2
0192,2014,MP,6.8
0192,2018,MP,3.7
0192,2022,MP,4.0
0192,1973,S,51.1
0192,1976,S,49.8
0192,1979,S,49.3
0192,1982,S,52.9
0192,1985,S,45.1
0192,1988,S,44.5
0192,1991,S,36.5
0192,1994,S,45.0
0192,1998,S,35.2
0192,2002,S,39.8
0192,2006,S,42.2
0192,2010,S,36.6
0192,2014,S,28.2
0192,2018,S,25.1
0192,2022,S,28.3
0192,1973,V,7.1
0192,1976,V,7.2
0192,1979,V,8.1
0192,1982,V,6.3
0192,1985,V,8.5
0192,1988,V,8.3
0192,1991,V,6.9
0192,1994,V,7.7
0192,1998,V,11.1
0192,2002,V,9.1
0192,2006,V,4.8
0192,2010,V,5.1
0192,2014,V,6.3
0192,2018,V,5.5
0192,2022,V,5.7
0192,2002,SD,1.6
0192,2006,SD,2.8
0192,2010,SD,4.0
0192,2014,SD,8.9
0192,2018,SD,15.1
0192,2022,SD,17.8
0192,1973,ÖVRIGA,0.1
0192,1976,ÖVRIGA,0.2
0192,1979,ÖVRIGA,1.9
0192,1982,ÖVRIGA,0.1
0192,1985,ÖVRIGA,0.1
0192,1988,ÖVRIGA,0.1
0192,1991,ÖVRIGA,8.5
0192,1994,ÖVRIGA,3.4
0192,1998,ÖVRIGA,4.4
0192,2002,ÖVRIGA,5.2
0192,2006,ÖVRIGA,7.8
0192,2010,ÖVRIGA,6.1
0192,2014,ÖVRIGA,10.4
0192,2018,ÖVRIGA,13.2
0192,2022,ÖVRIGA,9.5
0305,1973,M,12.6
0305,1976,M,18.2
0305,1979,M,23.2
0305,1982,M,32.8
0305,1985,M,36.0
0305,1988,M,39.4
0305,1991,M,38.2
0305,1994,M,34.9
0305,1998,M,30.8
0305,2002,M,27.4
0305,2006,M,31.8
0305,2010,M,27.3
0305,2014,M,25.3
0305,2018,M,25.9
0305,2022,M,21.1
0305,1973,C,29.3
0305,1976,C,27.1
0305,1979,C,20.4
0305,1982,C,14.5
0305,1985,C,9.6
0305,1988,C,8.1
0305,1991,C,7.7
0305,1994,C,5.8
0305,1998,C,6.1
0305,2002,C,0.5
0305,2006,C,6.1
0305,2010,C,6.4
0305,2014,C,7.2
0305,2018,C,7.6
0305,2022,C,5.4
0305,1973,L,10.6
0305,1976,L,10.2
0305,1979,L,9.3
0305,1982,L,4.0
0305,1985,L,10.1
0305,1988,L,9.6
0305,1991,L,8.0
0305,1994,L,5.6
0305,1998,L,3.5
0305,2002,L,1.7
0305,2006,L,5.9
0305,2010,L,9.1
0305,2014,L,3.9
0305,2018,L,3.9
0305,2022,L,3.5
0305,1973,KD,0.6
0305,1976,KD,0.8
0305,1979,KD,0.7
0305,1982,KD,0.8
0305,1985,KD,0.1
0305,1988,KD,0.8
0305,1991,KD,2.5
0305,1994,KD,1.6
0305,1998,KD,4.9
0305,2002,KD,5.5
0305,2006,KD,3.9
0305,2010,KD,3.0
0305,2014,KD,3.0
0305,2018,KD,3.1
0305,2022,KD,4.4
0305,1982,MP,0.5
0305,1985,MP,1.5
0305,1988,MP,3.4
0305,1991,MP,1.1
0305,1994,MP,1.2
0305,1998,MP,2.5
0305,2002,MP,2.3
0305,2006,MP,2.7
0305,2010,MP,4.1
0305,2014,MP,5.9
0305,2018,MP,2.5
0305,2022,MP,2.2
0305,1973,S,41.5
0305,1976,S,38.9
0305,1979,S,41.2
0305,1982,S,42.6
0305,1985,S,38.3
0305,1988,S,35.4
0305,1991,S,31.9
0305,1994,S,36.0
0305,1998,S,32.0
0305,2002,S,37.0
0305,2006,S,30.5
0305,2010,S,36.6
0305,2014,S,35.7
0305,2018,S,26.0
0305,2022,S,25.4
0305,1973,V,5.4
0305,1976,V,4.7
0305,1979,V,5.2
0305,1982,V,4.6
0305,1985,V,4.3
0305,1988,V,3.2
0305,1991,V,2.5
0305,1994,V,3.4
0305,1998,V,5.1
0305,2002,V,3.7
0305,2006,V,2.5
0305,2010,V,2.4
0305,2014,V,2.8
0305,2018,V,4.0
0305,2022,V,3.6
0305,2002,SD,0.2
0305,2006,SD,1.0
0305,2010,SD,3.6
0305,2014,SD,11.3
0305,2018,SD,19.4
0305,2022,SD,19.4
0305,1973,ÖVRIGA,0.0
0305,1976,ÖVRIGA,0.1
0305,1979,ÖVRIGA,0.0
0305,1982,ÖVRIGA,0.1
0305,1985,ÖVRIGA,0.2
0305,1988,ÖVRIGA,0.2
0305,1991,ÖVRIGA,8.1
0305,1994,ÖVRIGA,11.5
0305,1998,ÖVRIGA,15.1
0305,2002,ÖVRIGA,21.5
0305,2006,ÖVRIGA,15.6
0305,2010,ÖVRIGA,7.5
0305,2014,ÖVRIGA,4.9
0305,2018,ÖVRIGA,7.6
0305,2022,ÖVRIGA,14.9
0319,1973,M,3.5
0319,1976,M,4.7
0319,1979,M,5.9
0319,1982,M,8.4
0319,1985,M,7.7
0319,1988,M,5.4
0319,1991,M,7.9
0319,1994,M,6.6
0319,1998,M,8.4
0319,2002,M,8.7
0319,2006,M,13.7
0319,2010,M,16.0
0319,2014,M,13.4
0319,2018,M,12.6
0319,2022,M,19.9
0319,1973,C,13.9
0319,1976,C,12.6
0319,1979,C,10.6
0319,1982,C,8.9
0319,1985,C,5.9
0319,1988,C,6.0
0319,1991,C,4.6
0319,1994,C,3.1
0319,1998,C,2.6
0319,2002,C,3.6
0319,2006,C,4.9
0319,2010,C,4.7
0319,2014,C,4.9
0319,2018,C,6.0
0319,2022,C,5.3
0319,1973,L,6.0
0319,1976,L,6.8
0319,1979,L,7.3
0319,1982,L,3.8
0319,1985,L,8.3
0319,1988,L,11.6
0319,1991,L,11.7
0319,1994,L,9.9
0319,1998,L,6.9
0319,2002,L,9.6
0319,2006,L,6.3
0319,2010,L,4.5
0319,2014,L,2.0
0319,2018,L,2.3
0319,2022,L,1.6
0319,1973,KD,0.0
0319,1979,KD,0.1
0319,1982,KD,0.2
0319,1985,KD,0.8
0319,1988,KD,0.8
0319,1991,KD,2.2
0319,1994,KD,1.0
0319,1998,KD,2.8
0319,2002,KD,2.8
0319,2006,KD,2.4
0319,2010,KD,1.5
0319,2014,KD,1.6
0319,2018,KD,3.0
0319,2022,KD,6.7
0319,1982,MP,0.3
0319,1985,MP,0.8
0319,1988,MP,1.3
0319,1991,MP,0.9
0319,1994,MP,2.4
0319,1998,MP,3.5
0319,2002,MP,3.1
0319,2006,MP,3.2
0319,2010,MP,3.7
0319,2014,MP,4.6
0319,2018,MP,2.6
0319,2022,MP,2.1
0319,1973,S,64.7
0319,1976,S,65.8
0319,1979,S,63.1
0319,1982,S,66.1
0319,1985,S,59.4
0319,1988,S,45.6
0319,1991,S,47.6
0319,1994,S,50.1
0319,1998,S,49.2
0319,2002,S,51.0
0319,2006,S,44.8
0319,2010,S,43.2
0319,2014,S,40.5
0319,2018,S,38.1
0319,2022,S,32.5
0319,1973,V,4.5
0319,1976,V,5.1
0319,1979,V,7.3
0319,1982,V,6.0
0319,1985,V,6.8
0319,1988,V,8.3
0319,1991,V,5.8
0319,1994,V,5.9
0319,1998,V,10.5
0319,2002,V,7.9
0319,2006,V,7.0
0319,2010,V,5.4
0319,2014,V,5.1
0319,2018,V,5.3
0319,2022,V,5.6
0319,2002,SD,3.3
0319,2006,SD,5.3
0319,2010,SD,7.2
0319,2014,SD,14.2
0319,2018,SD,18.6
0319,2022,SD,20.4
0319,1973,ÖVRIGA,7.5
0319,1976,ÖVRIGA,4.9
0319,1979,ÖVRIGA,5.7
0319,1982,ÖVRIGA,6.3
0319,1985,ÖVRIGA,10.2
0319,1988,ÖVRIGA,20.9
0319,1991,ÖVRIGA,19.2
0319,1994,ÖVRIGA,20.9
0319,1998,ÖVRIGA,16.2
0319,2002,ÖVRIGA,9.9
0319,2006,ÖVRIGA,12.3
0319,2010,ÖVRIGA,13.8
0319,2014,ÖVRIGA,13.8
0319,2018,ÖVRIGA,11.4
0319,2022,ÖVRIGA,5.8
0330,2002,M,23.2
0330,2006,M,27.9
0330,2010,M,30.5
0330,2014,M,25.4
0330,2018,M,16.8
0330,2022,M,14.0
0330,2002,C,8.1
0330,2006,C,9.3
0330,2010,C,8.5
0330,2014,C,9.3
0330,2018,C,9.3
0330,2022,C,5.7
0330,2002,L,14.1
0330,2006,L,10.9
0330,2010,L,9.8
0330,2014,L,3.6
0330,2018,L,5.8
0330,2022,L,3.5
0330,2002,KD,5.8
0330,2006,KD,6.5
0330,2010,KD,4.7
0330,2014,KD,8.6
0330,2018,KD,12.8
0330,2022,KD,11.3
0330,2002,MP,3.7
0330,2006,MP,4.1
0330,2010,MP,5.2
0330,2014,MP,7.5
0330,2018,MP,5.2
0330,2022,MP,4.5
0330,2002,S,26.3
0330,2006,S,23.5
0330,2010,S,19.5
0330,2014,S,19.6
0330,2018,S,16.8
0330,2022,S,15.3
0330,2002,V,6.1
0330,2006,V,3.4
0330,2010,V,3.4
0330,2014,V,4.6
0330,2018,V,5.1
0330,2022,V,5.2
0330,2002,SD,0.0
0330,2006,SD,2.0
0330,2010,SD,2.6
0330,2014,SD,7.7
0330,2018,SD,12.2
0330,2022,SD,12.6
0330,2002,ÖVRIGA,12.8
0330,2006,ÖVRIGA,12.5
0330,2010,ÖVRIGA,15.8
0330,2014,ÖVRIGA,13.5
0330,2018,ÖVRIGA,16.0
0330,2022,ÖVRIGA,27.9
0331,1973,M,4.5
0331,1976,M,5.8
0331,1979,M,7.4
0331,1982,M,10.6
0331,1985,M,9.4
0331,1988,M,7.3
0331,1991,M,10.1
0331,1994,M,10.6
0331,1998,M,10.8
0331,2002,M,5.8
0331,2006,M,12.3
0331,2010,M,14.0
0331,2014,M,9.1
0331,2018,M,10.3
0331,2022,M,13.1
0331,1973,C,40.7
0331,1976,C,39.4
0331,1979,C,36.8
0331,1982,C,32.6
0331,1985,C,32.5
0331,1988,C,30.6
0331,1991,C,29.0
0331,1994,C,26.2
0331,1998,C,21.5
0331,2002,C,21.2
0331,2006,C,19.2
0331,2010,C,20.8
0331,2014,C,21.1
0331,2018,C,24.0
0331,2022,C,15.5
0331,1973,L,6.6
0331,1976,L,6.7
0331,1979,L,6.0
0331,1982,L,4.2
0331,1985,L,8.0
0331,1988,L,6.9
0331,1991,L,5.1
0331,1994,L,3.7
0331,1998,L,3.5
0331,2002,L,4.6
0331,2006,L,5.3
0331,2010,L,4.2
0331,2014,L,2.7
0331,2018,L,3.6
0331,2022,L,2.5
0331,1973,KD,1.4
0331,1976,KD,1.7
0331,1979,KD,1.9
0331,1982,KD,2.3
0331,1985,KD,2.0
0331,1988,KD,3.8
0331,1991,KD,7.0
0331,1994,KD,3.8
0331,1998,KD,6.4
0331,2002,KD,5.1
0331,2006,KD,5.4
0331,2010,KD,4.1
0331,2014,KD,3.7
0331,2018,KD,5.9
0331,2022,KD,9.1
0331,1982,MP,1.1
0331,1985,MP,0.6
0331,1988,MP,3.2
0331,1991,MP,2.2
0331,1994,MP,5.4
0331,1998,MP,3.5
0331,2002,MP,2.4
0331,2006,MP,1.0
0331,2010,MP,3.9
0331,2014,MP,3.8
0331,2018,MP,3.0
0331,2022,MP,2.8
0331,1973,S,41.8
0331,1976,S,42.4
0331,1979,S,43.0
0331,1982,S,44.2
0331,1985,S,42.7
0331,1988,S,43.6
0331,1991,S,38.0
0331,1994,S,43.9
0331,1998,S,33.9
0331,2002,S,34.0
0331,2006,S,37.2
0331,2010,S,33.4
0331,2014,S,34.4
0331,2018,S,28.7
0331,2022,S,26.2
0331,1973,V,4.9
0331,1976,V,4.0
0331,1979,V,4.8
0331,1982,V,5.0
0331,1985,V,4.7
0331,1988,V,4.7
0331,1991,V,4.0
0331,1994,V,5.1
0331,1998,V,9.7
0331,2002,V,7.4
0331,2006,V,6.9
0331,2010,V,4.4
0331,2014,V,5.0
0331,2018,V,5.7
0331,2022,V,5.8
0331,2002,SD,0.0
0331,2006,SD,2.2
0331,2010,SD,5.1
0331,2014,SD,12.2
0331,2018,SD,18.3
0331,2022,SD,23.6
0331,1973,ÖVRIGA,0.1
0331,1979,ÖVRIGA,0.0
0331,1982,ÖVRIGA,0.0
0331,1985,ÖVRIGA,0.1
0331,1988,ÖVRIGA,0.1
0331,1991,ÖVRIGA,4.7
0331,1994,ÖVRIGA,1.5
0331,1998,ÖVRIGA,10.7
0331,2002,ÖVRIGA,19.5
0331,2006,ÖVRIGA,10.4
0331,2010,ÖVRIGA,10.1
0331,2014,ÖVRIGA,8.0
0331,2018,ÖVRIGA,0.5
0331,2022,ÖVRIGA,1.5
0360,1973,M,5.9
0360,1976,M,8.3
0360,1979,M,8.5
0360,1982,M,9.8
0360,1985,M,9.4
0360,1988,M,8.3
0360,1991,M,12.2
0360,1994,M,10.4
0360,1998,M,11.3
0360,2002,M,8.0
0360,2006,M,11.4
0360,2010,M,15.0
0360,2014,M,11.7
0360,2018,M,13.2
0360,2022,M,13.5
0360,1973,C,27.2
0360,1976,C,25.3
0360,1979,C,25.5
0360,1982,C,23.9
0360,1985,C,19.9
0360,1988,C,24.7
0360,1991,C,20.9
0360,1994,C,16.7
0360,1998,C,14.5
0360,2002,C,17.7
0360,2006,C,20.7
0360,2010,C,17.7
0360,2014,C,17.6
0360,2018,C,22.5
0360,2022,C,15.9
0360,1973,L,8.2
0360,1976,L,9.6
0360,1979,L,8.7
0360,1982,L,5.6
0360,1985,L,9.5
0360,1988,L,8.7
0360,1991,L,7.0
0360,1994,L,5.0
0360,1998,L,3.2
0360,2002,L,5.1
0360,2006,L,6.4
0360,2010,L,3.8
0360,2014,L,2.8
0360,2018,L,2.9
0360,2022,L,2.3
0360,1973,KD,3.3
0360,1976,KD,2.9
0360,1979,KD,2.4
0360,1982,KD,2.2
0360,1985,KD,2.1
0360,1988,KD,2.9
0360,1991,KD,5.2
0360,1994,KD,2.8
0360,1998,KD,6.1
0360,2002,KD,6.2
0360,2006,KD,4.7
0360,2010,KD,2.5
0360,2014,KD,2.3
0360,2018,KD,4.0
0360,2022,KD,4.8
0360,1982,MP,0.4
0360,1985,MP,0.7
0360,1988,MP,2.2
0360,1991,MP,1.8
0360,1994,MP,3.4
0360,1998,MP,4.1
0360,2002,MP,4.4
0360,2006,MP,4.8
0360,2010,MP,5.0
0360,2014,MP,5.1
0360,2018,MP,3.3
0360,2022,MP,2.8
0360,1973,S,51.9
0360,1976,S,51.5
0360,1979,S,52.3
0360,1982,S,55.2
0360,1985,S,55.2
0360,1988,S,49.3
0360,1991,S,48.8
0360,1994,S,56.4
0360,1998,S,49.3
0360,2002,S,49.8
0360,2006,S,43.9
0360,2010,S,44.7
0360,2014,S,42.2
0360,2018,S,29.4
0360,2022,S,31.8
0360,1973,V,2.3
0360,1976,V,2.3
0360,1979,V,2.6
0360,1982,V,2.9
0360,1985,V,2.9
0360,1988,V,2.8
0360,1991,V,2.8
0360,1994,V,4.4
0360,1998,V,7.7
0360,2002,V,6.2
0360,2006,V,4.7
0360,2010,V,4.9
0360,2014,V,5.7
0360,2018,V,7.0
0360,2022,V,5.1
0360,2002,SD,1.4
0360,2006,SD,3.4
0360,2010,SD,5.7
0360,2014,SD,11.8
0360,2018,SD,16.0
0360,2022,SD,18.6
0360,1973,ÖVRIGA,1.2
0360,1976,ÖVRIGA,0.0
0360,1979,ÖVRIGA,0.0
0360,1982,ÖVRIGA,0.1
0360,1985,ÖVRIGA,0.3
0360,1988,ÖVRIGA,1.1
0360,1991,ÖVRIGA,1.2
0360,1994,ÖVRIGA,1.0
0360,1998,ÖVRIGA,3.9
0360,2002,ÖVRIGA,1.2
0360,2006,ÖVRIGA,0.1
0360,2010,ÖVRIGA,0.7
0360,2014,ÖVRIGA,0.8
0360,2018,ÖVRIGA,1.8
0360,2022,ÖVRIGA,5.2
0380,1973,M,14.7
0380,1976,M,15.6
0380,1979,M,19.9
0380,1982,M,23.2
0380,1985,M,22.7
0380,1988,M,20.6
0380,1991,M,26.1
0380,1994,M,21.3
0380,1998,M,24.9
0380,2002,M,16.5
0380,2006,M,26.4
0380,2010,M,28.1
0380,2014,M,19.0
0380,2018,M,17.4
0380,2022,M,17.1
0380,1973,C,24.0
0380,1976,C,20.5
0380,1979,C,16.9
0380,1982,C,13.9
0380,1985,C,9.1
0380,1988,C,10.2
0380,1991,C,8.5
0380,1994,C,6.0
0380,1998,C,5.1
0380,2002,C,5.8
0380,2006,C,9.5
0380,2010,C,7.0
0380,2014,C,6.6
0380,2018,C,9.6
0380,2022,C,8.3
0380,1973,L,12.7
0380,1976,L,13.9
0380,1979,L,12.2
0380,1982,L,7.1
0380,1985,L,16.1
0380,1988,L,15.5
0380,1991,L,15.2
0380,1994,L,11.2
0380,1998,L,10.0
0380,2002,L,19.1
0380,2006,L,12.9
0380,2010,L,9.8
0380,2014,L,8.2
0380,2018,L,9.3
0380,2022,L,5.8
0380,1973,KD,1.7
0380,1976,KD,1.7
0380,1979,KD,1.6
0380,1982,KD,1.9
0380,1985,KD,1.5
0380,1988,KD,1.9
0380,1991,KD,5.2
0380,1994,KD,3.4
0380,1998,KD,8.2
0380,2002,KD,7.1
0380,2006,KD,6.8
0380,2010,KD,5.6
0380,2014,KD,5.6
0380,2018,KD,7.1
0380,2022,KD,6.8
0380,1982,MP,2.5
0380,1985,MP,3.3
0380,1988,MP,6.7
0380,1991,MP,5.8
0380,1994,MP,7.5
0380,1998,MP,7.6
0380,2002,MP,7.0
0380,2006,MP,8.6
0380,2010,MP,12.1
0380,2014,MP,13.1
0380,2018,MP,7.1
0380,2022,MP,6.4
0380,1973,S,39.2
0380,1976,S,40.1
0380,1979,S,39.3
0380,1982,S,43.1
0380,1985,S,38.8
0380,1988,S,36.6
0380,1991,S,31.0
0380,1994,S,38.4
0380,1998,S,28.7
0380,2002,S,31.3
0380,2006,S,25.0
0380,2010,S,24.5
0380,2014,S,26.8
0380,2018,S,25.3
0380,2022,S,27.1
0380,1973,V,6.3
0380,1976,V,7.1
0380,1979,V,9.3
0380,1982,V,7.8
0380,1985,V,7.1
0380,1988,V,7.3
0380,1991,V,6.0
0380,1994,V,7.1
0380,1998,V,10.9
0380,2002,V,9.9
0380,2006,V,7.2
0380,2010,V,6.7
0380,2014,V,8.7
0380,2018,V,10.7
0380,2022,V,13.4
0380,2002,SD,1.5
0380,2006,SD,2.3
0380,2010,SD,3.3
0380,2014,SD,6.6
0380,2018,SD,9.1
0380,2022,SD,9.3
0380,1973,ÖVRIGA,1.4
0380,1976,ÖVRIGA,1.1
0380,1979,ÖVRIGA,0.9
0380,1982,ÖVRIGA,0.6
0380,1985,ÖVRIGA,1.4
0380,1988,ÖVRIGA,1.3
0380,1991,ÖVRIGA,2.1
0380,1994,ÖVRIGA,5.0
0380,1998,ÖVRIGA,4.6
0380,2002,ÖVRIGA,1.8
0380,2006,ÖVRIGA,1.4
0380,2010,ÖVRIGA,2.7
0380,2014,ÖVRIGA,5.2
0380,2018,ÖVRIGA,4.4
0380,2022,ÖVRIGA,5.8
0381,1973,M,11.9
0381,1976,M,13.3
0381,1979,M,16.1
0381,1982,M,19.7
0381,1985,M,19.2
0381,1988,M,16.5
0381,1991,M,19.7
0381,1994,M,17.4
0381,1998,M,22.4
0381,2002,M,15.9
0381,2006,M,25.3
0381,2010,M,33.8
0381,2014,M,19.9
0381,2018,M,20.6
0381,2022,M,20.2
0381,1973,C,33.6
0381,1976,C,32.2
0381,1979,C,28.1
0381,1982,C,24.8
0381,1985,C,22.3
0381,1988,C,23.1
0381,1991,C,20.8
0381,1994,C,20.4
0381,1998,C,21.6
0381,2002,C,22.6
0381,2006,C,18.9
0381,2010,C,13.0
0381,2014,C,9.8
0381,2018,C,11.7
0381,2022,C,6.9
0381,1973,L,7.5
0381,1976,L,7.9
0381,1979,L,7.7
0381,1982,L,4.1
0381,1985,L,10.2
0381,1988,L,9.8
0381,1991,L,8.1
0381,1994,L,6.3
0381,1998,L,3.8
0381,2002,L,6.7
0381,2006,L,4.1
0381,2010,L,4.4
0381,2014,L,3.8
0381,2018,L,4.1
0381,2022,L,2.7
0381,1973,KD,1.9
0381,1976,KD,1.6
0381,1979,KD,1.6
0381,1982,KD,1.5
0381,1985,KD,0.1
0381,1988,KD,1.5
0381,1991,KD,4.3
0381,1994,KD,2.1
0381,1998,KD,6.2
0381,2002,KD,6.1
0381,2006,KD,4.1
0381,2010,KD,3.2
0381,2014,KD,2.5
0381,2018,KD,4.2
0381,2022,KD,6.2
0381,1982,MP,2.0
0381,1985,MP,2.4
0381,1988,MP,3.9
0381,1991,MP,2.6
0381,1994,MP,4.3
0381,1998,MP,4.1
0381,2002,MP,3.5
0381,2006,MP,4.8
0381,2010,MP,6.2
0381,2014,MP,5.5
0381,2018,MP,3.5
0381,2022,MP,3.2
0381,1973,S,42.3
0381,1976,S,42.0
0381,1979,S,42.9
0381,1982,S,44.9
0381,1985,S,43.0
0381,1988,S,41.8
0381,1991,S,36.5
0381,1994,S,43.3
0381,1998,S,34.1
0381,2002,S,36.3
0381,2006,S,32.6
0381,2010,S,30.6
0381,2014,S,30.9
0381,2018,S,25.3
0381,2022,S,25.8
0381,1973,V,2.8
0381,1976,V,3.0
0381,1979,V,2.9
0381,1982,V,3.0
0381,1985,V,2.8
0381,1988,V,2.7
0381,1991,V,2.8
0381,1994,V,3.8
0381,1998,V,6.3
0381,2002,V,5.2
0381,2006,V,3.9
0381,2010,V,3.6
0381,2014,V,4.1
0381,2018,V,4.1
0381,2022,V,5.1
0381,2002,SD,0.5
0381,2006,SD,2.3
0381,2010,SD,4.5
0381,2014,SD,8.9
0381,2018,SD,14.6
0381,2022,SD,17.7
0381,1973,ÖVRIGA,0.0
0381,1976,ÖVRIGA,0.1
0381,1979,ÖVRIGA,0.7
0381,1982,ÖVRIGA,0.0
0381,1985,ÖVRIGA,0.1
0381,1988,ÖVRIGA,0.7
0381,1991,ÖVRIGA,5.3
0381,1994,ÖVRIGA,2.4
0381,1998,ÖVRIGA,1.5
0381,2002,ÖVRIGA,3.2
0381,2006,ÖVRIGA,4.0
0381,2010,ÖVRIGA,0.7
0381,2014,ÖVRIGA,14.5
0381,2018,ÖVRIGA,11.7
0381,2022,ÖVRIGA,12.1
0382,1973,M,9.3
0382,1976,M,10.0
0382,1979,M,11.9
0382,1982,M,13.7
0382,1985,M,15.2
0382,1988,M,13.4
0382,1991,M,17.1
0382,1994,M,15.4
0382,1998,M,18.8
0382,2002,M,15.7
0382,2006,M,18.4
0382,2010,M,19.6
0382,2014,M,14.4
0382,2018,M,14.7
0382,2022,M,19.7
0382,1973,C,32.2
0382,1976,C,30.6
0382,1979,C,27.2
0382,1982,C,24.7
0382,1985,C,18.8
0382,1988,C,20.9
0382,1991,C,20.1
0382,1994,C,17.2
0382,1998,C,15.5
0382,2002,C,17.3
0382,2006,C,17.9
0382,2010,C,18.4
0382,2014,C,15.7
0382,2018,C,14.7
0382,2022,C,8.9
0382,1973,L,5.5
0382,1976,L,6.5
0382,1979,L,6.7
0382,1982,L,4.1
0382,1985,L,9.2
0382,1988,L,8.9
0382,1991,L,7.3
0382,1994,L,4.5
0382,1998,L,3.9
0382,2002,L,6.9
0382,2006,L,5.1
0382,2010,L,4.3
0382,2014,L,3.0
0382,2018,L,3.5
0382,2022,L,2.4
0382,1973,KD,2.2
0382,1976,KD,1.8
0382,1979,KD,1.5
0382,1982,KD,1.8
0382,1985,KD,1.5
0382,1988,KD,1.5
0382,1991,KD,3.0
0382,1994,KD,1.2
0382,1998,KD,4.5
0382,2002,KD,4.2
0382,2006,KD,4.0
0382,2010,KD,2.8
0382,2014,KD,2.4
0382,2018,KD,6.1
0382,2022,KD,8.9
0382,1982,MP,3.5
0382,1985,MP,3.5
0382,1988,MP,4.6
0382,1991,MP,2.9
0382,1994,MP,4.9
0382,1998,MP,4.7
0382,2002,MP,3.7
0382,2006,MP,3.6
0382,2010,MP,4.1
0382,2014,MP,4.3
0382,2018,MP,2.4
0382,2022,MP,1.9
0382,1973,S,45.8
0382,1976,S,46.1
0382,1979,S,48.6
0382,1982,S,48.5
0382,1985,S,48.6
0382,1988,S,46.5
0382,1991,S,41.8
0382,1994,S,51.0
0382,1998,S,44.1
0382,2002,S,42.6
0382,2006,S,37.5
0382,2010,S,38.0
0382,2014,S,39.1
0382,2018,S,31.2
0382,2022,S,29.5
0382,1973,V,5.0
0382,1976,V,5.1
0382,1979,V,3.9
0382,1982,V,3.5
0382,1985,V,3.2
0382,1988,V,3.4
0382,1991,V,2.7
0382,1994,V,3.4
0382,1998,V,7.1
0382,2002,V,4.7
0382,2006,V,3.4
0382,2010,V,3.8
0382,2014,V,3.8
0382,2018,V,4.0
0382,2022,V,4.0
0382,2002,SD,0.0
0382,2006,SD,1.5
0382,2010,SD,4.2
0382,2014,SD,9.8
0382,2018,SD,15.0
0382,2022,SD,17.8
0382,1973,ÖVRIGA,0.0
0382,1976,ÖVRIGA,0.0
0382,1979,ÖVRIGA,0.1
0382,1982,ÖVRIGA,0.2
0382,1985,ÖVRIGA,0.1
0382,1988,ÖVRIGA,0.8
0382,1991,ÖVRIGA,5.1
0382,1994,ÖVRIGA,2.2
0382,1998,ÖVRIGA,1.3
0382,2002,ÖVRIGA,4.9
0382,2006,ÖVRIGA,8.7
0382,2010,ÖVRIGA,4.9
0382,2014,ÖVRIGA,7.4
0382,2018,ÖVRIGA,8.5
0382,2022,ÖVRIGA,7.0
0428,1973,M,7.8
0428,1976,M,8.8
0428,1979,M,10.5
0428,1982,M,12.3
0428,1985,M,12.2
0428,1988,M,9.8
0428,1991,M,13.9
0428,1994,M,13.6
0428,1998,M,15.6
0428,2002,M,12.1
0428,2006,M,17.0
0428,2010,M,21.0
0428,2014,M,15.4
0428,2018,M,17.7
0428,2022,M,18.3
0428,1973,C,25.8
0428,1976,C,27.2
0428,1979,C,23.0
0428,1982,C,20.0
0428,1985,C,15.2
0428,1988,C,14.8
0428,1991,C,14.8
0428,1994,C,10.3
0428,1998,C,8.1
0428,2002,C,8.3
0428,2006,C,7.2
0428,2010,C,5.4
0428,2014,C,6.2
0428,2018,C,8.2
0428,2022,C,6.8
0428,1973,L,13.1
0428,1976,L,12.3
0428,1979,L,13.1
0428,1982,L,7.9
0428,1985,L,11.7
0428,1988,L,10.5
0428,1991,L,7.4
0428,1994,L,4.7
0428,1998,L,3.8
0428,2002,L,6.9
0428,2006,L,3.6
0428,2010,L,3.6
0428,2014,L,2.8
0428,2018,L,1.6
0428,2022,L,1.1
0428,1973,KD,3.4
0428,1976,KD,3.0
0428,1979,KD,2.9
0428,1982,KD,3.3
0428,1985,KD,2.9
0428,1988,KD,3.3
0428,1991,KD,6.3
0428,1994,KD,3.3
0428,1998,KD,7.5
0428,2002,KD,6.9
0428,2006,KD,5.5
0428,2010,KD,4.6
0428,2014,KD,4.0
0428,2018,KD,4.7
0428,2022,KD,4.5
0428,1982,MP,3.1
0428,1985,MP,6.2
0428,1988,MP,8.6
0428,1991,MP,5.5
0428,1994,MP,14.1
0428,1998,MP,16.3
0428,2002,MP,5.2
0428,2006,MP,3.6
0428,2010,MP,4.6
0428,2014,MP,6.1
0428,2018,MP,2.7
0428,2022,MP,2.5
0428,1973,S,46.4
0428,1976,S,46.0
0428,1979,S,47.1
0428,1982,S,50.4
0428,1985,S,48.9
0428,1988,S,49.9
0428,1991,S,46.5
0428,1994,S,49.9
0428,1998,S,41.7
0428,2002,S,45.2
0428,2006,S,50.1
0428,2010,S,41.3
0428,2014,S,39.1
0428,2018,S,36.0
0428,2022,S,33.3
0428,1973,V,3.5
0428,1976,V,2.7
0428,1979,V,3.4
0428,1982,V,2.9
0428,1985,V,2.8
0428,1988,V,3.0
0428,1991,V,2.8
0428,1994,V,3.7
0428,1998,V,6.8
0428,2002,V,2.9
0428,2006,V,2.6
0428,2010,V,3.7
0428,2014,V,3.4
0428,2018,V,5.6
0428,2022,V,4.5
0428,2002,SD,0.0
0428,2006,SD,1.6
0428,2010,SD,3.2
0428,2014,SD,17.3
0428,2018,SD,19.1
0428,2022,SD,22.9
0428,1973,ÖVRIGA,0.0
0428,1979,ÖVRIGA,0.1
0428,1982,ÖVRIGA,0.1
0428,1985,ÖVRIGA,0.1
0428,1988,ÖVRIGA,0.1
0428,1991,ÖVRIGA,2.9
0428,1994,ÖVRIGA,0.5
0428,1998,ÖVRIGA,0.2
0428,2002,ÖVRIGA,12.4
0428,2006,ÖVRIGA,8.9
0428,2010,ÖVRIGA,12.5
0428,2014,ÖVRIGA,5.7
0428,2018,ÖVRIGA,4.4
0428,2022,ÖVRIGA,6.1
0461,1991,M,19.0
0461,1994,M,15.9
0461,1998,M,21.1
0461,2002,M,17.2
0461,2006,M,25.8
0461,2010,M,24.8
0461,2014,M,27.1
0461,2018,M,23.1
0461,2022,M,22.8
0461,1991,C,22.8
0461,1994,C,18.5
0461,1998,C,16.0
0461,2002,C,14.3
0461,2006,C,14.0
0461,2010,C,10.8
0461,2014,C,12.5
0461,2018,C,16.1
0461,2022,C,12.0
0461,1991,L,7.6
0461,1994,L,6.2
0461,1998,L,5.6
0461,2002,L,8.7
0461,2006,L,6.3
0461,2010,L,5.8
0461,2014,L,2.8
0461,2018,L,3.1
0461,2022,L,2.5
0461,1991,KD,4.2
0461,1994,KD,2.8
0461,1998,KD,7.9
0461,2002,KD,5.9
0461,2006,KD,4.8
0461,2010,KD,2.8
0461,2014,KD,2.2
0461,2018,KD,1.4
0461,2022,KD,3.0
0461,1991,MP,4.3
0461,1994,MP,7.8
0461,1998,MP,7.9
0461,2002,MP,8.1
0461,2006,MP,8.9
0461,2010,MP,11.2
0461,2014,MP,11.9
0461,2018,MP,6.9
0461,2022,MP,7.9
0461,1991,S,33.5
0461,1994,S,42.2
0461,1998,S,30.3
0461,2002,S,38.8
0461,2006,S,34.4
0461,2010,S,35.0
0461,2014,S,30.0
0461,2018,S,26.2
0461,2022,S,24.4
0461,1991,V,2.4
0461,1994,V,3.2
0461,1998,V,7.1
0461,2002,V,5.2
0461,2006,V,4.0
0461,2010,V,4.5
0461,2014,V,5.9
0461,2018,V,6.8
0461,2022,V,9.8
0461,2002,SD,0.0
0461,2006,SD,1.5
0461,2010,SD,4.8
0461,2014,SD,6.8
0461,2018,SD,13.9
0461,2022,SD,15.8
0461,1991,ÖVRIGA,6.1
0461,1994,ÖVRIGA,3.3
0461,1998,ÖVRIGA,4.1
0461,2002,ÖVRIGA,1.8
0461,2006,ÖVRIGA,0.5
0461,2010,ÖVRIGA,0.3
0461,2014,ÖVRIGA,0.9
0461,2018,ÖVRIGA,2.4
0461,2022,ÖVRIGA,1.9
0480,1973,M,12.1
0480,1976,M,14.0
0480,1979,M,16.9
0480,1982,M,20.9
0480,1985,M,21.1
0480,1988,M,19.4
0480,1991,M,20.1
0480,1994,M,18.3
0480,1998,M,21.7
0480,2002,M,14.7
0480,2006,M,22.3
0480,2010,M,25.0
0480,2014,M,22.8
0480,2018,M,25.6
0480,2022,M,24.3
0480,1973,C,26.6
0480,1976,C,24.5
0480,1979,C,19.2
0480,1982,C,16.8
0480,1985,C,14.1
0480,1988,C,13.2
0480,1991,C,10.0
0480,1994,C,8.6
0480,1998,C,7.9
0480,2002,C,7.0
0480,2006,C,8.0
0480,2010,C,7.0
0480,2014,C,7.8
0480,2018,C,8.2
0480,2022,C,7.3
0480,1973,L,6.4
0480,1976,L,8.9
0480,1979,L,8.6
0480,1982,L,4.7
0480,1985,L,11.9
0480,1988,L,11.3
0480,1991,L,9.0
0480,1994,L,6.2
0480,1998,L,5.5
0480,2002,L,11.0
0480,2006,L,7.3
0480,2010,L,7.0
0480,2014,L,4.8
0480,2018,L,4.6
0480,2022,L,3.6
0480,1973,KD,2.5
0480,1976,KD,2.1
0480,1979,KD,1.9
0480,1982,KD,1.9
0480,1985,KD,0.1
0480,1988,KD,1.9
0480,1991,KD,4.9
0480,1994,KD,2.9
0480,1998,KD,8.2
0480,2002,KD,8.3
0480,2006,KD,7.3
0480,2010,KD,4.4
0480,2014,KD,3.5
0480,2018,KD,5.0
0480,2022,KD,4.6
0480,1982,MP,2.2
0480,1985,MP,2.7
0480,1988,MP,5.7
0480,1991,MP,2.6
0480,1994,MP,3.6
0480,1998,MP,4.0
0480,2002,MP,3.7
0480,2006,MP,4.8
0480,2010,MP,7.7
0480,2014,MP,8.3
0480,2018,MP,5.5
0480,2022,MP,5.3
0480,1973,S,48.7
0480,1976,S,47.1
0480,1979,S,49.8
0480,1982,S,50.2
0480,1985,S,46.2
0480,1988,S,44.6
0480,1991,S,39.7
0480,1994,S,53.0
0480,1998,S,42.5
0480,2002,S,46.6
0480,2006,S,42.7
0480,2010,S,39.8
0480,2014,S,36.9
0480,2018,S,32.3
0480,2022,S,32.3
0480,1973,V,3.2
0480,1976,V,3.0
0480,1979,V,3.2
0480,1982,V,3.2
0480,1985,V,3.6
0480,1988,V,3.7
0480,1991,V,3.5
0480,1994,V,4.8
0480,1998,V,9.5
0480,2002,V,7.7
0480,2006,V,5.2
0480,2010,V,4.6
0480,2014,V,5.4
0480,2018,V,5.8
0480,2022,V,6.2
0480,2002,SD,0.6
0480,2006,SD,1.9
0480,2010,SD,4.4
0480,2014,SD,8.3
0480,2018,SD,11.8
0480,2022,SD,15.5
0480,1973,ÖVRIGA,0.4
0480,1976,ÖVRIGA,0.4
0480,1979,ÖVRIGA,0.4
0480,1982,ÖVRIGA,0.1
0480,1985,ÖVRIGA,0.2
0480,1988,ÖVRIGA,0.2
0480,1991,ÖVRIGA,10.2
0480,1994,ÖVRIGA,2.6
0480,1998,ÖVRIGA,0.6
0480,2002,ÖVRIGA,0.4
0480,2006,ÖVRIGA,0.4
0480,2010,ÖVRIGA,0.1
0480,2014,ÖVRIGA,2.3
0480,2018,ÖVRIGA,1.1
0480,2022,ÖVRIGA,0.9
0481,1973,M,8.1
0481,1976,M,8.1
0481,1979,M,11.0
0481,1982,M,13.0
0481,1985,M,14.9
0481,1988,M,11.8
0481,1991,M,14.1
0481,1994,M,12.2
0481,1998,M,12.9
0481,2002,M,13.0
0481,2006,M,23.4
0481,2010,M,28.7
0481,2014,M,23.4
0481,2018,M,26.1
0481,2022,M,32.7
0481,1973,C,14.2
0481,1976,C,12.8
0481,1979,C,8.8
0481,1982,C,8.6
0481,1985,C,6.0
0481,1988,C,6.6
0481,1991,C,4.9
0481,1994,C,2.9
0481,1998,C,2.7
0481,2002,C,2.0
0481,2006,C,3.1
0481,2010,C,2.3
0481,2014,C,2.4
0481,2018,C,3.2
0481,2022,C,3.3
0481,1973,L,7.3
0481,1976,L,8.9
0481,1979,L,8.5
0481,1982,L,5.0
0481,1985,L,9.6
0481,1988,L,10.5
0481,1991,L,7.9
0481,1994,L,7.0
0481,1998,L,5.5
0481,2002,L,10.4
0481,2006,L,7.2
0481,2010,L,6.6
0481,2014,L,4.0
0481,2018,L,3.3
0481,2022,L,2.1
0481,1973,KD,1.4
0481,1976,KD,0.9
0481,1979,KD,0.6
0481,1982,KD,0.7
0481,1985,KD,0.2
0481,1988,KD,0.6
0481,1991,KD,2.0
0481,1994,KD,1.2
0481,1998,KD,1.7
0481,2002,KD,4.6
0481,2006,KD,2.7
0481,2010,KD,2.1
0481,2014,KD,1.5
0481,2018,KD,2.8
0481,2022,KD,3.5
0481,1982,MP,1.0
0481,1985,MP,1.2
0481,1988,MP,6.8
0481,1991,MP,3.6
0481,1994,MP,6.7
0481,1998,MP,1.2
0481,2002,MP,7.2
0481,2006,MP,6.2
0481,2010,MP,7.4
0481,2014,MP,6.1
0481,2018,MP,3.4
0481,2022,MP,2.0
0481,1973,S,60.6
0481,1976,S,61.2
0481,1979,S,61.9
0481,1982,S,60.9
0481,1985,S,52.4
0481,1988,S,43.0
0481,1991,S,48.3
0481,1994,S,60.6
0481,1998,S,62.5
0481,2002,S,46.7
0481,2006,S,43.7
0481,2010,S,39.1
0481,2014,S,41.1
0481,2018,S,39.0
0481,2022,S,32.1
0481,1973,V,8.3
0481,1976,V,8.0
0481,1979,V,8.8
0481,1982,V,10.3
0481,1985,V,15.1
0481,1988,V,20.3
0481,1991,V,10.9
0481,1994,V,8.2
0481,1998,V,12.9
0481,2002,V,15.6
0481,2006,V,11.1
0481,2010,V,11.2
0481,2014,V,12.7
0481,2018,V,11.6
0481,2022,V,10.9
0481,2002,SD,0.0
0481,2006,SD,1.4
0481,2010,SD,2.4
0481,2014,SD,8.6
0481,2018,SD,10.2
0481,2022,SD,12.2
0481,1973,ÖVRIGA,0.0
0481,1976,ÖVRIGA,0.0
0481,1979,ÖVRIGA,0.4
0481,1982,ÖVRIGA,0.4
0481,1985,ÖVRIGA,0.5
0481,1988,ÖVRIGA,0.5
0481,1991,ÖVRIGA,8.3
0481,1994,ÖVRIGA,1.1
0481,1998,ÖVRIGA,0.5
0481,2002,ÖVRIGA,0.5
0481,2006,ÖVRIGA,1.1
0481,2010,ÖVRIGA,0.1
0481,2014,ÖVRIGA,0.2
0481,2018,ÖVRIGA,0.4
0481,2022,ÖVRIGA,1.2
0482,1973,M,10.4
0482,1976,M,10.8
0482,1979,M,12.3
0482,1982,M,13.4
0482,1985,M,13.4
0482,1988,M,12.4
0482,1991,M,15.7
0482,1994,M,11.2
0482,1998,M,14.5
0482,2002,M,12.0
0482,2006,M,17.2
0482,2010,M,17.3
0482,2014,M,14.0
0482,2018,M,16.3
0482,2022,M,17.1
0482,1973,C,27.6
0482,1976,C,27.5
0482,1979,C,21.6
0482,1982,C,17.5
0482,1985,C,14.7
0482,1988,C,16.5
0482,1991,C,16.7
0482,1994,C,10.3
0482,1998,C,7.8
0482,2002,C,7.9
0482,2006,C,8.2
0482,2010,C,8.7
0482,2014,C,17.8
0482,2018,C,13.3
0482,2022,C,10.5
0482,1973,L,8.9
0482,1976,L,8.2
0482,1979,L,7.6
0482,1982,L,3.7
0482,1985,L,8.3
0482,1988,L,8.4
0482,1991,L,7.0
0482,1994,L,3.2
0482,1998,L,2.1
0482,2002,L,5.5
0482,2006,L,3.8
0482,2010,L,4.0
0482,2014,L,4.2
0482,2018,L,4.4
0482,2022,L,3.8
0482,1973,KD,2.0
0482,1976,KD,1.8
0482,1979,KD,1.9
0482,1982,KD,2.0
0482,1985,KD,2.1
0482,1988,KD,2.3
0482,1991,KD,5.5
0482,1994,KD,2.2
0482,1998,KD,5.6
0482,2002,KD,5.3
0482,2006,KD,4.4
0482,2010,KD,3.8
0482,2014,KD,2.8
0482,2018,KD,4.1
0482,2022,KD,4.9
0482,1982,MP,0.5
0482,1985,MP,2.8
0482,1988,MP,4.9
0482,1991,MP,2.8
0482,1994,MP,3.5
0482,1998,MP,3.7
0482,2002,MP,3.1
0482,2006,MP,3.0
0482,2010,MP,5.0
0482,2014,MP,4.1
0482,2018,MP,3.1
0482,2022,MP,3.3
0482,1973,S,47.8
0482,1976,S,48.5
0482,1979,S,47.0
0482,1982,S,50.9
0482,1985,S,49.2
0482,1988,S,46.7
0482,1991,S,41.3
0482,1994,S,45.4
0482,1998,S,36.5
0482,2002,S,38.1
0482,2006,S,42.4
0482,2010,S,38.6
0482,2014,S,29.7
0482,2018,S,30.2
0482,2022,S,29.5
0482,1973,V,3.0
0482,1976,V,3.0
0482,1979,V,3.4
0482,1982,V,3.8
0482,1985,V,4.2
0482,1988,V,4.6
0482,1991,V,4.8
0482,1994,V,5.9
0482,1998,V,11.4
0482,2002,V,7.5
0482,2006,V,6.6
0482,2010,V,6.1
0482,2014,V,7.5
0482,2018,V,8.7
0482,2022,V,9.1
0482,2002,SD,0.0
0482,2006,SD,1.9
0482,2010,SD,7.6
0482,2014,SD,18.9
0482,2018,SD,18.8
0482,2022,SD,21.5
0482,1973,ÖVRIGA,0.1
0482,1976,ÖVRIGA,0.0
0482,1979,ÖVRIGA,6.2
0482,1982,ÖVRIGA,8.2
0482,1985,ÖVRIGA,5.2
0482,1988,ÖVRIGA,4.1
0482,1991,ÖVRIGA,6.3
0482,1994,ÖVRIGA,18.4
0482,1998,ÖVRIGA,18.3
0482,2002,ÖVRIGA,20.6
0482,2006,ÖVRIGA,12.5
0482,2010,ÖVRIGA,8.8
0482,2014,ÖVRIGA,1.0
0482,2018,ÖVRIGA,1.2
0482,2022,ÖVRIGA,0.3
0483,1973,M,10.3
0483,1976,M,11.5
0483,1979,M,14.0
0483,1982,M,15.8
0483,1985,M,15.1
0483,1988,M,12.4
0483,1991,M,15.7
0483,1994,M,15.2
0483,1998,M,17.4
0483,2002,M,12.2
0483,2006,M,15.0
0483,2010,M,16.6
0483,2014,M,13.2
0483,2018,M,13.5
0483,2022,M,16.9
0483,1973,C,23.3
0483,1976,C,23.7
0483,1979,C,16.9
0483,1982,C,14.5
0483,1985,C,11.2
0483,1988,C,12.0
0483,1991,C,10.7
0483,1994,C,8.1
0483,1998,C,6.6
0483,2002,C,6.4
0483,2006,C,6.5
0483,2010,C,6.2
0483,2014,C,6.8
0483,2018,C,7.3
0483,2022,C,6.6
0483,1973,L,9.7
0483,1976,L,9.0
0483,1979,L,10.5
0483,1982,L,6.2
0483,1985,L,11.1
0483,1988,L,10.0
0483,1991,L,8.9
0483,1994,L,6.4
0483,1998,L,6.2
0483,2002,L,10.1
0483,2006,L,13.3
0483,2010,L,13.4
0483,2014,L,8.5
0483,2018,L,5.8
0483,2022,L,4.0
0483,1973,KD,2.7
0483,1976,KD,2.6
0483,1979,KD,2.7
0483,1982,KD,2.9
0483,1985,KD,2.5
0483,1988,KD,3.3
0483,1991,KD,5.9
0483,1994,KD,2.9
0483,1998,KD,6.2
0483,2002,KD,6.3
0483,2006,KD,5.3
0483,2010,KD,3.8
0483,2014,KD,3.7
0483,2018,KD,6.5
0483,2022,KD,7.3
0483,1982,MP,2.0
0483,1985,MP,2.0
0483,1988,MP,4.8
0483,1991,MP,3.3
0483,1994,MP,6.0
0483,1998,MP,5.9
0483,2002,MP,5.3
0483,2006,MP,5.0
0483,2010,MP,6.4
0483,2014,MP,6.0
0483,2018,MP,3.2
0483,2022,MP,3.2
0483,1973,S,51.4
0483,1976,S,50.9
0483,1979,S,52.7
0483,1982,S,55.5
0483,1985,S,53.8
0483,1988,S,53.6
0483,1991,S,50.7
0483,1994,S,57.3
0483,1998,S,48.1
0483,2002,S,53.9
0483,2006,S,49.1
0483,2010,S,44.3
0483,2014,S,46.5
0483,2018,S,46.3
0483,2022,S,39.9
0483,1973,V,2.2
0483,1976,V,1.9
0483,1979,V,2.8
0483,1982,V,2.7
0483,1985,V,2.8
0483,1988,V,0.7
0483,1991,V,3.0
0483,1994,V,3.4
0483,1998,V,7.7
0483,2002,V,4.1
0483,2006,V,3.3
0483,2010,V,3.7
0483,2014,V,4.6
0483,2018,V,5.3
0483,2022,V,5.7
0483,2002,SD,1.3
0483,2006,SD,2.2
0483,2010,SD,4.4
0483,2014,SD,10.4
0483,2018,SD,11.9
0483,2022,SD,15.9
0483,1973,ÖVRIGA,0.4
0483,1976,ÖVRIGA,0.3
0483,1979,ÖVRIGA,0.5
0483,1982,ÖVRIGA,0.3
0483,1985,ÖVRIGA,1.5
0483,1988,ÖVRIGA,3.2
0483,1991,ÖVRIGA,1.7
0483,1994,ÖVRIGA,0.7
0483,1998,ÖVRIGA,1.8
0483,2002,ÖVRIGA,0.3
0483,2006,ÖVRIGA,0.2
0483,2010,ÖVRIGA,1.1
0483,2014,ÖVRIGA,0.3
0483,2018,ÖVRIGA,0.3
0483,2022,ÖVRIGA,0.6
0484,1973,M,10.0
0484,1976,M,11.6
0484,1979,M,14.6
0484,1982,M,17.9
0484,1985,M,17.1
0484,1988,M,14.3
0484,1991,M,15.7
0484,1994,M,13.4
0484,1998,M,16.8
0484,2002,M,12.6
0484,2006,M,20.0
0484,2010,M,22.2
0484,2014,M,20.5
0484,2018,M,18.8
0484,2022,M,17.2
0484,1973,C,19.9
0484,1976,C,18.0
0484,1979,C,13.1
0484,1982,C,10.5
0484,1985,C,8.6
0484,1988,C,7.7
0484,1991,C,6.6
0484,1994,C,5.6
0484,1998,C,4.4
0484,2002,C,5.4
0484,2006,C,6.2
0484,2010,C,4.8
0484,2014,C,4.5
0484,2018,C,5.7
0484,2022,C,5.2
0484,1973,L,11.7
0484,1976,L,12.7
0484,1979,L,12.4
0484,1982,L,7.0
0484,1985,L,13.9
0484,1988,L,13.5
0484,1991,L,11.5
0484,1994,L,8.3
0484,1998,L,4.9
0484,2002,L,11.8
0484,2006,L,7.4
0484,2010,L,7.2
0484,2014,L,5.0
0484,2018,L,5.4
0484,2022,L,3.7
0484,1973,KD,1.8
0484,1976,KD,1.7
0484,1979,KD,1.7
0484,1982,KD,1.8
0484,1985,KD,0.1
0484,1988,KD,2.5
0484,1991,KD,5.9
0484,1994,KD,3.0
0484,1998,KD,9.2
0484,2002,KD,7.7
0484,2006,KD,6.0
0484,2010,KD,3.9
0484,2014,KD,3.3
0484,2018,KD,3.5
0484,2022,KD,3.8
0484,1982,MP,2.2
0484,1985,MP,1.9
0484,1988,MP,4.7
0484,1991,MP,2.6
0484,1994,MP,4.3
0484,1998,MP,5.0
0484,2002,MP,5.5
0484,2006,MP,5.5
0484,2010,MP,8.0
0484,2014,MP,7.1
0484,2018,MP,3.5
0484,2022,MP,2.8
0484,1973,S,51.4
0484,1976,S,51.5
0484,1979,S,53.0
0484,1982,S,56.0
0484,1985,S,52.8
0484,1988,S,50.1
0484,1991,S,44.3
0484,1994,S,51.1
0484,1998,S,43.6
0484,2002,S,45.7
0484,2006,S,44.4
0484,2010,S,38.1
0484,2014,S,35.6
0484,2018,S,35.3
0484,2022,S,36.4
0484,1973,V,4.8
0484,1976,V,4.1
0484,1979,V,4.4
0484,1982,V,4.4
0484,1985,V,5.2
0484,1988,V,5.4
0484,1991,V,5.0
0484,1994,V,6.9
0484,1998,V,11.2
0484,2002,V,8.9
0484,2006,V,5.8
0484,2010,V,5.8
0484,2014,V,6.9
0484,2018,V,7.8
0484,2022,V,7.4
0484,2002,SD,1.5
0484,2006,SD,3.3
0484,2010,SD,9.6
0484,2014,SD,16.4
0484,2018,SD,19.3
0484,2022,SD,22.0
0484,1973,ÖVRIGA,0.5
0484,1976,ÖVRIGA,0.4
0484,1979,ÖVRIGA,0.8
0484,1982,ÖVRIGA,0.2
0484,1985,ÖVRIGA,0.4
0484,1988,ÖVRIGA,1.8
0484,1991,ÖVRIGA,8.5
0484,1994,ÖVRIGA,7.5
0484,1998,ÖVRIGA,4.9
0484,2002,ÖVRIGA,0.9
0484,2006,ÖVRIGA,1.3
0484,2010,ÖVRIGA,0.5
0484,2014,ÖVRIGA,0.6
0484,2018,ÖVRIGA,0.8
0484,2022,ÖVRIGA,1.5
0486,1973,M,14.9
0486,1976,M,15.8
0486,1979,M,18.6
0486,1982,M,21.8
0486,1985,M,20.2
0486,1988,M,18.8
0486,1991,M,22.4
0486,1994,M,19.3
0486,1998,M,27.5
0486,2002,M,19.6
0486,2006,M,27.0
0486,2010,M,27.6
0486,2014,M,31.1
0486,2018,M,30.5
0486,2022,M,31.1
0486,1973,C,23.0
0486,1976,C,21.1
0486,1979,C,16.7
0486,1982,C,14.0
0486,1985,C,9.3
0486,1988,C,9.9
0486,1991,C,8.7
0486,1994,C,7.4
0486,1998,C,8.0
0486,2002,C,9.6
0486,2006,C,8.5
0486,2010,C,10.0
0486,2014,C,6.5
0486,2018,C,9.3
0486,2022,C,5.8
0486,1973,L,14.0
0486,1976,L,16.2
0486,1979,L,16.3
0486,1982,L,11.3
0486,1985,L,21.4
0486,1988,L,20.6
0486,1991,L,12.7
0486,1994,L,8.8
0486,1998,L,7.8
0486,2002,L,15.8
0486,2006,L,9.4
0486,2010,L,7.3
0486,2014,L,4.4
0486,2018,L,4.0
0486,2022,L,3.4
0486,1973,KD,1.8
0486,1976,KD,1.5
0486,1979,KD,1.6
0486,1982,KD,2.0
0486,1985,KD,1.3
0486,1988,KD,1.7
0486,1991,KD,4.2
0486,1994,KD,2.2
0486,1998,KD,8.1
0486,2002,KD,6.4
0486,2006,KD,5.0
0486,2010,KD,3.7
0486,2014,KD,4.1
0486,2018,KD,5.8
0486,2022,KD,4.5
0486,1982,MP,2.0
0486,1985,MP,2.3
0486,1988,MP,5.1
0486,1991,MP,1.7
0486,1994,MP,1.5
0486,1998,MP,3.7
0486,2002,MP,3.7
0486,2006,MP,4.0
0486,2010,MP,5.7
0486,2014,MP,5.9
0486,2018,MP,4.6
0486,2022,MP,2.2
0486,1973,S,43.0
0486,1976,S,42.3
0486,1979,S,41.9
0486,1982,S,45.2
0486,1985,S,41.7
0486,1988,S,39.9
0486,1991,S,31.5
0486,1994,S,36.0
0486,1998,S,36.4
0486,2002,S,36.0
0486,2006,S,33.3
0486,2010,S,26.8
0486,2014,S,24.3
0486,2018,S,20.9
0486,2022,S,24.8
0486,1973,V,3.1
0486,1976,V,3.0
0486,1979,V,4.3
0486,1982,V,3.6
0486,1985,V,3.8
0486,1988,V,3.6
0486,1991,V,2.4
0486,1994,V,4.4
0486,1998,V,7.7
0486,2002,V,5.6
0486,2006,V,3.2
0486,2010,V,3.6
0486,2014,V,5.7
0486,2018,V,7.3
0486,2022,V,5.9
0486,2002,SD,0.0
0486,2006,SD,1.7
0486,2010,SD,4.8
0486,2014,SD,11.4
0486,2018,SD,15.0
0486,2022,SD,16.6
0486,1973,ÖVRIGA,0.3
0486,1976,ÖVRIGA,0.1
0486,1979,ÖVRIGA,0.6
0486,1982,ÖVRIGA,0.1
0486,1985,ÖVRIGA,0.0
0486,1988,ÖVRIGA,0.4
0486,1991,ÖVRIGA,16.4
0486,1994,ÖVRIGA,20.4
0486,1998,ÖVRIGA,0.8
0486,2002,ÖVRIGA,3.2
0486,2006,ÖVRIGA,7.9
0486,2010,ÖVRIGA,10.5
0486,2014,ÖVRIGA,6.6
0486,2018,ÖVRIGA,2.5
0486,2022,ÖVRIGA,5.7
0488,1991,M,29.4
0488,1994,M,25.5
0488,1998,M,28.4
0488,2002,M,25.7
0488,2006,M,36.2
0488,2010,M,46.0
0488,2014,M,40.8
0488,2018,M,40.7
0488,2022,M,43.3
0488,1991,C,10.0
0488,1994,C,7.1
0488,1998,C,5.3
0488,2002,C,4.8
0488,2006,C,5.9
0488,2010,C,3.7
0488,2014,C,5.5
0488,2018,C,6.8
0488,2022,C,5.1
0488,1991,L,12.7
0488,1994,L,10.8
0488,1998,L,6.2
0488,2002,L,10.2
0488,2006,L,8.7
0488,2010,L,7.2
0488,2014,L,4.5
0488,2018,L,4.8
0488,2022,L,3.3
0488,1991,KD,3.9
0488,1994,KD,2.6
0488,1998,KD,11.0
0488,2002,KD,6.4
0488,2006,KD,5.3
0488,2010,KD,3.6
0488,2014,KD,3.2
0488,2018,KD,3.6
0488,2022,KD,4.0
0488,1991,MP,3.7
0488,1994,MP,6.2
0488,1998,MP,5.1
0488,2002,MP,4.2
0488,2006,MP,3.4
0488,2010,MP,6.2
0488,2014,MP,7.9
0488,2018,MP,5.1
0488,2022,MP,3.9
0488,1991,S,32.7
0488,1994,S,43.2
0488,1998,S,36.0
0488,2002,S,43.3
0488,2006,S,34.4
0488,2010,S,25.1
0488,2014,S,25.9
0488,2018,S,22.5
0488,2022,S,23.4
0488,1991,V,2.9
0488,1994,V,3.5
0488,1998,V,7.5
0488,2002,V,4.7
0488,2006,V,1.3
0488,2010,V,0.5
0488,2014,V,4.0
0488,2018,V,5.4
0488,2022,V,4.3
0488,2002,SD,0.4
0488,2006,SD,1.4
0488,2010,SD,4.1
0488,2014,SD,7.7
0488,2018,SD,10.6
0488,2022,SD,12.5
0488,1991,ÖVRIGA,4.6
0488,1994,ÖVRIGA,1.0
0488,1998,ÖVRIGA,0.5
0488,2002,ÖVRIGA,0.4
0488,2006,ÖVRIGA,3.4
0488,2010,ÖVRIGA,3.5
0488,2014,ÖVRIGA,0.5
0488,2018,ÖVRIGA,0.5
0488,2022,ÖVRIGA,0.2
0509,1973,M,12.5
0509,1976,M,12.4
0509,1979,M,15.7
0509,1982,M,19.2
0509,1985,M,16.2
0509,1988,M,15.7
0509,1991,M,18.5
0509,1994,M,14.9
0509,1998,M,14.4
0509,2002,M,14.2
0509,2006,M,14.5
0509,2010,M,15.4
0509,2014,M,12.7
0509,2018,M,12.4
0509,2022,M,21.8
0509,1973,C,35.6
0509,1976,C,35.6
0509,1979,C,31.3
0509,1982,C,27.2
0509,1985,C,21.1
0509,1988,C,21.6
0509,1991,C,19.3
0509,1994,C,22.7
0509,1998,C,21.7
0509,2002,C,21.9
0509,2006,C,16.7
0509,2010,C,9.7
0509,2014,C,10.6
0509,2018,C,10.5
0509,2022,C,7.9
0509,1973,L,6.5
0509,1976,L,7.8
0509,1979,L,6.7
0509,1982,L,4.5
0509,1985,L,6.5
0509,1988,L,6.2
0509,1991,L,5.1
0509,1994,L,3.9
0509,1998,L,3.3
0509,2002,L,0.9
0509,2006,L,3.4
0509,2010,L,2.2
0509,2014,L,1.5
0509,2018,L,1.2
0509,2022,L,1.0
0509,1973,KD,5.4
0509,1976,KD,5.6
0509,1979,KD,5.3
0509,1982,KD,4.6
0509,1985,KD,4.7
0509,1988,KD,6.3
0509,1991,KD,9.5
0509,1994,KD,5.3
0509,1998,KD,14.4
0509,2002,KD,18.9
0509,2006,KD,22.3
0509,2010,KD,30.5
0509,2014,KD,27.0
0509,2018,KD,33.5
0509,2022,KD,27.8
0509,1985,MP,0.5
0509,1988,MP,2.3
0509,1991,MP,7.7
0509,1994,MP,9.8
0509,1998,MP,7.8
0509,2002,MP,5.2
0509,2006,MP,5.3
0509,2010,MP,6.9
0509,2014,MP,7.8
0509,2018,MP,2.8
0509,2022,MP,3.8
0509,1973,S,39.6
0509,1976,S,38.3
0509,1979,S,40.4
0509,1982,S,41.5
0509,1985,S,31.7
0509,1988,S,34.7
0509,1991,S,28.7
0509,1994,S,37.2
0509,1998,S,31.0
0509,2002,S,33.6
0509,2006,S,31.8
0509,2010,S,16.0
0509,2014,S,22.1
0509,2018,S,20.7
0509,2022,S,19.4
0509,1973,V,0.2
0509,1979,V,0.6
0509,1982,V,2.5
0509,1985,V,3.6
0509,1988,V,2.9
0509,1991,V,1.8
0509,1994,V,0.6
0509,1998,V,5.8
0509,2002,V,4.8
0509,2006,V,2.6
0509,2010,V,2.1
0509,2014,V,1.6
0509,2018,V,1.0
0509,2022,V,0.9
0509,2002,SD,0.0
0509,2006,SD,3.0
0509,2010,SD,2.3
0509,2014,SD,7.4
0509,2018,SD,11.2
0509,2022,SD,15.2
0509,1973,ÖVRIGA,0.1
0509,1976,ÖVRIGA,0.3
0509,1979,ÖVRIGA,0.0
0509,1982,ÖVRIGA,0.4
0509,1985,ÖVRIGA,15.6
0509,1988,ÖVRIGA,10.1
0509,1991,ÖVRIGA,9.3
0509,1994,ÖVRIGA,5.6
0509,1998,ÖVRIGA,1.7
0509,2002,ÖVRIGA,0.6
0509,2006,ÖVRIGA,0.4
0509,2010,ÖVRIGA,14.9
0509,2014,ÖVRIGA,9.3
0509,2018,ÖVRIGA,6.6
0509,2022,ÖVRIGA,2.2
0512,1973,M,10.6
0512,1976,M,11.0
0512,1979,M,13.9
0512,1982,M,15.3
0512,1985,M,15.1
0512,1988,M,11.2
0512,1991,M,12.1
0512,1994,M,11.4
0512,1998,M,13.6
0512,2002,M,11.5
0512,2006,M,17.1
0512,2010,M,17.8
0512,2014,M,20.1
0512,2018,M,21.4
0512,2022,M,26.8
0512,1973,C,41.7
0512,1976,C,43.1
0512,1979,C,39.2
0512,1982,C,37.5
0512,1985,C,35.9
0512,1988,C,36.0
0512,1991,C,35.5
0512,1994,C,35.5
0512,1998,C,27.4
0512,2002,C,27.7
0512,2006,C,31.5
0512,2010,C,30.5
0512,2014,C,27.6
0512,2018,C,31.6
0512,2022,C,30.5
0512,1973,L,13.1
0512,1976,L,12.6
0512,1979,L,12.4
0512,1982,L,8.9
0512,1985,L,12.3
0512,1988,L,10.4
0512,1991,L,7.4
0512,1994,L,5.5
0512,1998,L,3.7
0512,2002,L,6.3
0512,2006,L,0.1
0512,2010,L,1.1
0512,2014,L,1.1
0512,2018,L,0.7
0512,2022,L,0.3
0512,1973,KD,6.7
0512,1976,KD,5.6
0512,1979,KD,7.1
0512,1982,KD,7.6
0512,1985,KD,6.7
0512,1988,KD,7.7
0512,1991,KD,11.0
0512,1994,KD,8.4
0512,1998,KD,16.3
0512,2002,KD,15.8
0512,2006,KD,11.6
0512,2010,KD,6.8
0512,2014,KD,5.4
0512,2018,KD,6.6
0512,2022,KD,5.0
0512,1985,MP,0.4
0512,1988,MP,6.0
0512,1991,MP,4.8
0512,1994,MP,5.1
0512,1998,MP,5.3
0512,2002,MP,4.0
0512,2006,MP,0.7
0512,2010,MP,9.4
0512,2014,MP,9.6
0512,2018,MP,4.0
0512,2022,MP,0.9
0512,1973,S,28.0
0512,1976,S,27.4
0512,1979,S,26.9
0512,1982,S,29.3
0512,1985,S,29.4
0512,1988,S,28.4
0512,1991,S,27.9
0512,1994,S,33.4
0512,1998,S,31.6
0512,2002,S,33.7
0512,2006,S,31.8
0512,2010,S,30.6
0512,2014,S,29.4
0512,2018,S,22.1
0512,2022,S,22.9
0512,1973,V,0.0
0512,1979,V,0.5
0512,1985,V,0.3
0512,1988,V,0.3
0512,1991,V,0.2
0512,1994,V,0.4
0512,1998,V,1.9
0512,2002,V,0.9
0512,2006,V,0.8
0512,2010,V,0.8
0512,2014,V,0.8
0512,2018,V,4.9
0512,2022,V,4.0
0512,2002,SD,0.0
0512,2006,SD,1.0
0512,2010,SD,3.0
0512,2014,SD,5.8
0512,2018,SD,8.3
0512,2022,SD,9.6
0512,1973,ÖVRIGA,0.0
0512,1976,ÖVRIGA,0.2
0512,1982,ÖVRIGA,1.4
0512,1985,ÖVRIGA,0.0
0512,1988,ÖVRIGA,0.0
0512,1991,ÖVRIGA,1.1
0512,1994,ÖVRIGA,0.4
0512,1998,ÖVRIGA,0.2
0512,2002,ÖVRIGA,0.2
0512,2006,ÖVRIGA,5.4
0512,2010,ÖVRIGA,0.0
0512,2014,ÖVRIGA,0.2
0512,2018,ÖVRIGA,0.3
0512,2022,ÖVRIGA,0.1
0513,1973,M,14.6
0513,1976,M,15.4
0513,1979,M,17.5
0513,1982,M,19.4
0513,1985,M,17.2
0513,1988,M,10.0
0513,1991,M,15.4
0513,1994,M,13.3
0513,1998,M,14.8
0513,2002,M,13.4
0513,2006,M,16.9
0513,2010,M,16.4
0513,2014,M,15.8
0513,2018,M,15.8
0513,2022,M,20.1
0513,1973,C,40.3
0513,1976,C,36.9
0513,1979,C,33.9
0513,1982,C,30.1
0513,1985,C,26.7
0513,1988,C,22.4
0513,1991,C,20.6
0513,1994,C,21.4
0513,1998,C,19.1
0513,2002,C,21.6
0513,2006,C,22.2
0513,2010,C,23.5
0513,2014,C,15.1
0513,2018,C,13.1
0513,2022,C,9.0
0513,1973,L,6.1
0513,1976,L,6.5
0513,1979,L,6.6
0513,1982,L,6.2
0513,1985,L,12.7
0513,1988,L,12.2
0513,1991,L,7.6
0513,1994,L,4.3
0513,1998,L,3.6
0513,2002,L,6.8
0513,2006,L,4.2
0513,2010,L,6.6
0513,2014,L,5.6
0513,2018,L,7.8
0513,2022,L,2.8
0513,1973,KD,4.2
0513,1976,KD,4.1
0513,1979,KD,4.4
0513,1982,KD,5.5
0513,1985,KD,4.8
0513,1988,KD,5.3
0513,1991,KD,8.6
0513,1994,KD,5.3
0513,1998,KD,9.8
0513,2002,KD,11.4
0513,2006,KD,7.9
0513,2010,KD,5.9
0513,2014,KD,5.4
0513,2018,KD,7.0
0513,2022,KD,6.9
0513,1985,MP,0.4
0513,1988,MP,1.5
0513,1991,MP,2.0
0513,1994,MP,2.6
0513,1998,MP,3.6
0513,2002,MP,5.0
0513,2006,MP,5.0
0513,2010,MP,7.8
0513,2014,MP,6.9
0513,2018,MP,3.8
0513,2022,MP,2.9
0513,1973,S,34.4
0513,1976,S,36.8
0513,1979,S,37.1
0513,1982,S,37.9
0513,1985,S,35.0
0513,1988,S,31.0
0513,1991,S,28.1
0513,1994,S,34.6
0513,1998,S,33.4
0513,2002,S,37.4
0513,2006,S,39.4
0513,2010,S,29.7
0513,2014,S,31.5
0513,2018,S,22.7
0513,2022,S,25.3
0513,1973,V,0.4
0513,1979,V,0.4
0513,1985,V,3.0
0513,1988,V,3.5
0513,1991,V,3.3
0513,1994,V,2.8
0513,1998,V,5.6
0513,2002,V,3.8
0513,2006,V,2.9
0513,2010,V,4.3
0513,2014,V,4.0
0513,2018,V,8.4
0513,2022,V,7.8
0513,2002,SD,0.0
0513,2006,SD,1.2
0513,2010,SD,3.8
0513,2014,SD,12.6
0513,2018,SD,14.4
0513,2022,SD,16.7
0513,1973,ÖVRIGA,0.1
0513,1976,ÖVRIGA,0.3
0513,1979,ÖVRIGA,0.1
0513,1982,ÖVRIGA,0.9
0513,1985,ÖVRIGA,0.0
0513,1988,ÖVRIGA,14.1
0513,1991,ÖVRIGA,14.4
0513,1994,ÖVRIGA,15.8
0513,1998,ÖVRIGA,10.2
0513,2002,ÖVRIGA,0.6
0513,2006,ÖVRIGA,0.3
0513,2010,ÖVRIGA,2.1
0513,2014,ÖVRIGA,3.0
0513,2018,ÖVRIGA,7.1
0513,2022,ÖVRIGA,8.5
0560,1973,M,6.8
0560,1976,M,7.6
0560,1979,M,8.9
0560,1982,M,11.8
0560,1985,M,10.7
0560,1988,M,8.1
0560,1991,M,10.8
0560,1994,M,9.6
0560,1998,M,9.5
0560,2002,M,7.4
0560,2006,M,12.0
0560,2010,M,15.8
0560,2014,M,17.6
0560,2018,M,17.3
0560,2022,M,20.5
0560,1973,C,28.6
0560,1976,C,27.9
0560,1979,C,24.6
0560,1982,C,22.7
0560,1985,C,20.0
0560,1988,C,21.1
0560,1991,C,20.6
0560,1994,C,17.7
0560,1998,C,15.0
0560,2002,C,16.3
0560,2006,C,15.4
0560,2010,C,12.5
0560,2014,C,10.8
0560,2018,C,15.0
0560,2022,C,11.2
0560,1973,L,3.8
0560,1976,L,4.6
0560,1979,L,5.2
0560,1982,L,2.7
0560,1985,L,6.1
0560,1988,L,5.0
0560,1991,L,3.5
0560,1994,L,1.8
0560,1998,L,1.1
0560,2002,L,1.0
0560,2006,L,1.7
0560,2010,L,3.0
0560,2014,L,5.2
0560,2018,L,1.6
0560,2022,L,0.6
0560,1973,KD,2.3
0560,1976,KD,1.7
0560,1979,KD,1.7
0560,1982,KD,2.8
0560,1985,KD,2.2
0560,1988,KD,2.7
0560,1991,KD,6.5
0560,1994,KD,6.3
0560,1998,KD,15.0
0560,2002,KD,11.7
0560,2006,KD,9.2
0560,2010,KD,5.3
0560,2014,KD,3.7
0560,2018,KD,3.9
0560,2022,KD,5.6
0560,1985,MP,0.6
0560,1988,MP,2.7
0560,1991,MP,1.5
0560,1994,MP,1.0
0560,1998,MP,1.0
0560,2002,MP,1.2
0560,2006,MP,2.9
0560,2010,MP,4.2
0560,2014,MP,3.6
0560,2018,MP,1.1
0560,2022,MP,0.9
0560,1973,S,51.0
0560,1976,S,53.8
0560,1979,S,54.6
0560,1982,S,55.3
0560,1985,S,55.0
0560,1988,S,54.7
0560,1991,S,50.9
0560,1994,S,55.8
0560,1998,S,43.4
0560,2002,S,52.6
0560,2006,S,55.7
0560,2010,S,54.5
0560,2014,S,52.0
0560,2018,S,43.7
0560,2022,S,39.6
0560,1973,V,7.6
0560,1976,V,4.4
0560,1979,V,4.8
0560,1982,V,4.5
0560,1985,V,5.3
0560,1988,V,5.6
0560,1991,V,5.2
0560,1994,V,6.9
0560,1998,V,14.6
0560,2002,V,9.2
0560,2006,V,0.9
0560,2010,V,1.9
0560,2014,V,1.9
0560,2018,V,4.1
0560,2022,V,2.4
0560,2002,SD,0.0
0560,2006,SD,1.4
0560,2010,SD,2.7
0560,2014,SD,5.0
0560,2018,SD,12.7
0560,2022,SD,18.4
0560,1973,ÖVRIGA,0.0
0560,1976,ÖVRIGA,0.0
0560,1979,ÖVRIGA,0.3
0560,1982,ÖVRIGA,0.2
0560,1985,ÖVRIGA,0.1
0560,1988,ÖVRIGA,0.2
0560,1991,ÖVRIGA,1.0
0560,1994,ÖVRIGA,1.0
0560,1998,ÖVRIGA,0.3
0560,2002,ÖVRIGA,0.6
0560,2006,ÖVRIGA,0.7
0560,2010,ÖVRIGA,0.1
0560,2014,ÖVRIGA,0.1
0560,2018,ÖVRIGA,0.5
0560,2022,ÖVRIGA,0.7
0561,1973,M,9.8
0561,1976,M,11.1
0561,1979,M,13.7
0561,1982,M,12.8
0561,1985,M,11.4
0561,1988,M,8.1
0561,1991,M,11.5
0561,1994,M,9.8
0561,1998,M,13.2
0561,2002,M,12.3
0561,2006,M,21.0
0561,2010,M,26.9
0561,2014,M,21.6
0561,2018,M,21.1
0561,2022,M,21.0
0561,1973,C,23.8
0561,1976,C,23.3
0561,1979,C,19.7
0561,1982,C,14.1
0561,1985,C,12.5
0561,1988,C,12.8
0561,1991,C,13.0
0561,1994,C,11.2
0561,1998,C,10.9
0561,2002,C,12.6
0561,2006,C,13.5
0561,2010,C,8.6
0561,2014,C,9.0
0561,2018,C,11.8
0561,2022,C,8.4
0561,1973,L,5.6
0561,1976,L,6.2
0561,1979,L,6.7
0561,1982,L,2.4
0561,1985,L,5.4
0561,1988,L,4.5
0561,1991,L,4.6
0561,1994,L,3.2
0561,1998,L,2.3
0561,2002,L,3.7
0561,2006,L,3.0
0561,2010,L,2.5
0561,2014,L,2.3
0561,2018,L,5.2
0561,2022,L,2.7
0561,1973,KD,3.9
0561,1976,KD,3.8
0561,1979,KD,3.6
0561,1982,KD,3.4
0561,1985,KD,3.3
0561,1988,KD,3.3
0561,1991,KD,6.1
0561,1994,KD,3.1
0561,1998,KD,6.9
0561,2002,KD,5.8
0561,2006,KD,4.2
0561,2010,KD,2.5
0561,2014,KD,2.2
0561,2018,KD,2.9
0561,2022,KD,4.3
0561,1985,MP,0.3
0561,1988,MP,1.9
0561,1991,MP,1.6
0561,1994,MP,2.7
0561,1998,MP,3.3
0561,2002,MP,0.4
0561,2006,MP,1.9
0561,2010,MP,3.4
0561,2014,MP,4.9
0561,2018,MP,2.1
0561,2022,MP,2.6
0561,1973,S,56.6
0561,1976,S,55.3
0561,1979,S,55.6
0561,1982,S,53.0
0561,1985,S,50.1
0561,1988,S,52.9
0561,1991,S,44.0
0561,1994,S,54.6
0561,1998,S,41.7
0561,2002,S,34.0
0561,2006,S,41.1
0561,2010,S,45.3
0561,2014,S,40.1
0561,2018,S,32.4
0561,2022,S,33.8
0561,1973,V,0.4
0561,1979,V,0.6
0561,1985,V,0.2
0561,1988,V,0.1
0561,1991,V,2.4
0561,1994,V,3.0
0561,1998,V,2.4
0561,2002,V,4.1
0561,2006,V,4.4
0561,2010,V,2.7
0561,2014,V,4.0
0561,2018,V,5.1
0561,2022,V,4.2
0561,2002,SD,0.0
0561,2006,SD,0.9
0561,2010,SD,2.1
0561,2014,SD,15.6
0561,2018,SD,18.8
0561,2022,SD,22.8
0561,1973,ÖVRIGA,0.0
0561,1976,ÖVRIGA,0.5
0561,1982,ÖVRIGA,14.3
0561,1985,ÖVRIGA,16.7
0561,1988,ÖVRIGA,16.3
0561,1991,ÖVRIGA,16.9
0561,1994,ÖVRIGA,12.4
0561,1998,ÖVRIGA,19.4
0561,2002,ÖVRIGA,27.0
0561,2006,ÖVRIGA,10.1
0561,2010,ÖVRIGA,6.0
0561,2014,ÖVRIGA,0.3
0561,2018,ÖVRIGA,0.5
0561,2022,ÖVRIGA,0.2
0562,1973,M,9.4
0562,1976,M,10.7
0562,1979,M,12.7
0562,1982,M,14.6
0562,1985,M,14.3
0562,1988,M,10.5
0562,1991,M,13.5
0562,1994,M,12.8
0562,1998,M,16.0
0562,2002,M,12.0
0562,2006,M,17.9
0562,2010,M,20.2
0562,2014,M,16.6
0562,2018,M,16.7
0562,2022,M,15.5
0562,1973,C,19.9
0562,1976,C,18.0
0562,1979,C,15.0
0562,1982,C,13.4
0562,1985,C,10.5
0562,1988,C,9.7
0562,1991,C,8.7
0562,1994,C,7.8
0562,1998,C,6.1
0562,2002,C,7.5
0562,2006,C,8.7
0562,2010,C,7.5
0562,2014,C,6.3
0562,2018,C,7.6
0562,2022,C,6.5
0562,1973,L,6.6
0562,1976,L,8.1
0562,1979,L,8.6
0562,1982,L,4.2
0562,1985,L,9.5
0562,1988,L,10.0
0562,1991,L,10.4
0562,1994,L,5.7
0562,1998,L,4.9
0562,2002,L,10.6
0562,2006,L,7.2
0562,2010,L,6.3
0562,2014,L,5.4
0562,2018,L,5.0
0562,2022,L,6.1
0562,1973,KD,3.4
0562,1976,KD,3.5
0562,1979,KD,3.5
0562,1982,KD,3.7
0562,1985,KD,3.1
0562,1988,KD,3.7
0562,1991,KD,5.9
0562,1994,KD,4.3
0562,1998,KD,8.1
0562,2002,KD,8.2
0562,2006,KD,7.3
0562,2010,KD,4.9
0562,2014,KD,3.9
0562,2018,KD,5.2
0562,2022,KD,5.4
0562,1985,MP,2.3
0562,1988,MP,4.9
0562,1991,MP,2.6
0562,1994,MP,1.7
0562,1998,MP,1.3
0562,2002,MP,1.1
0562,2006,MP,2.7
0562,2010,MP,5.1
0562,2014,MP,4.7
0562,2018,MP,3.1
0562,2022,MP,1.2
0562,1973,S,56.7
0562,1976,S,55.6
0562,1979,S,54.6
0562,1982,S,58.5
0562,1985,S,54.3
0562,1988,S,48.7
0562,1991,S,44.6
0562,1994,S,49.9
0562,1998,S,44.7
0562,2002,S,47.2
0562,2006,S,42.2
0562,2010,S,43.6
0562,2014,S,43.6
0562,2018,S,36.3
0562,2022,S,34.1
0562,1973,V,3.6
0562,1976,V,4.0
0562,1979,V,5.5
0562,1982,V,4.8
0562,1985,V,5.8
0562,1988,V,6.9
0562,1991,V,7.0
0562,1994,V,10.3
0562,1998,V,15.8
0562,2002,V,12.8
0562,2006,V,11.4
0562,2010,V,9.3
0562,2014,V,8.5
0562,2018,V,8.6
0562,2022,V,8.4
0562,2002,SD,0.0
0562,2006,SD,2.0
0562,2010,SD,3.0
0562,2014,SD,9.8
0562,2018,SD,16.7
0562,2022,SD,22.0
0562,1973,ÖVRIGA,0.4
0562,1976,ÖVRIGA,0.1
0562,1979,ÖVRIGA,0.1
0562,1982,ÖVRIGA,0.8
0562,1985,ÖVRIGA,0.1
0562,1988,ÖVRIGA,5.5
0562,1991,ÖVRIGA,7.3
0562,1994,ÖVRIGA,7.5
0562,1998,ÖVRIGA,3.1
0562,2002,ÖVRIGA,0.5
0562,2006,ÖVRIGA,0.5
0562,2010,ÖVRIGA,0.1
0562,2014,ÖVRIGA,1.2
0562,2018,ÖVRIGA,0.7
0562,2022,ÖVRIGA,0.7
0563,1973,M,10.4
0563,1976,M,12.5
0563,1979,M,15.7
0563,1982,M,20.7
0563,1985,M,17.9
0563,1988,M,12.6
0563,1991,M,17.9
0563,1994,M,15.3
0563,1998,M,14.4
0563,2002,M,12.9
0563,2006,M,17.5
0563,2010,M,14.9
0563,2014,M,15.8
0563,2018,M,19.7
0563,2022,M,20.6
0563,1973,C,29.8
0563,1976,C,28.6
0563,1979,C,25.2
0563,1982,C,23.3
0563,1985,C,22.5
0563,1988,C,26.8
0563,1991,C,24.1
0563,1994,C,26.7
0563,1998,C,29.7
0563,2002,C,27.5
0563,2006,C,25.8
0563,2010,C,16.6
0563,2014,C,14.8
0563,2018,C,16.5
0563,2022,C,11.4
0563,1973,L,4.9
0563,1976,L,5.4
0563,1979,L,5.7
0563,1982,L,4.1
0563,1985,L,8.0
0563,1988,L,6.1
0563,1991,L,5.0
0563,1994,L,3.2
0563,1998,L,1.8
0563,2002,L,5.6
0563,2006,L,5.0
0563,2010,L,3.4
0563,2014,L,2.2
0563,2018,L,1.7
0563,2022,L,1.1
0563,1973,KD,2.6
0563,1976,KD,2.3
0563,1979,KD,2.5
0563,1982,KD,2.7
0563,1985,KD,2.5
0563,1988,KD,2.4
0563,1991,KD,5.2
0563,1994,KD,3.2
0563,1998,KD,6.1
0563,2002,KD,6.5
0563,2006,KD,5.3
0563,2010,KD,4.1
0563,2014,KD,2.6
0563,2018,KD,4.0
0563,2022,KD,5.0
0563,1985,MP,0.5
0563,1988,MP,1.8
0563,1991,MP,0.9
0563,1994,MP,1.6
0563,1998,MP,3.7
0563,2002,MP,0.8
0563,2006,MP,2.1
0563,2010,MP,3.4
0563,2014,MP,3.1
0563,2018,MP,1.8
0563,2022,MP,0.8
0563,1973,S,44.5
0563,1976,S,46.2
0563,1979,S,47.4
0563,1982,S,43.2
0563,1985,S,43.4
0563,1988,S,41.2
0563,1991,S,41.1
0563,1994,S,47.1
0563,1998,S,38.0
0563,2002,S,42.6
0563,2006,S,41.7
0563,2010,S,34.8
0563,2014,S,36.3
0563,2018,S,29.5
0563,2022,S,27.4
0563,1973,V,2.9
0563,1976,V,2.6
0563,1979,V,3.4
0563,1982,V,5.3
0563,1985,V,5.2
0563,1988,V,4.2
0563,1991,V,1.1
0563,1994,V,1.0
0563,1998,V,6.1
0563,2002,V,3.7
0563,2006,V,0.8
0563,2010,V,2.2
0563,2014,V,2.4
0563,2018,V,4.4
0563,2022,V,4.9
0563,2002,SD,0.0
0563,2006,SD,1.2
0563,2010,SD,2.7
0563,2014,SD,9.8
0563,2018,SD,12.8
0563,2022,SD,15.4
0563,1973,ÖVRIGA,4.9
0563,1976,ÖVRIGA,2.3
0563,1979,ÖVRIGA,0.0
0563,1982,ÖVRIGA,0.7
0563,1985,ÖVRIGA,0.0
0563,1988,ÖVRIGA,4.8
0563,1991,ÖVRIGA,4.8
0563,1994,ÖVRIGA,1.9
0563,1998,ÖVRIGA,0.3
0563,2002,ÖVRIGA,0.4
0563,2006,ÖVRIGA,0.5
0563,2010,ÖVRIGA,17.8
0563,2014,ÖVRIGA,12.9
0563,2018,ÖVRIGA,9.7
0563,2022,ÖVRIGA,13.2
0580,1973,M,15.5
0580,1976,M,17.5
0580,1979,M,21.8
0580,1982,M,26.0
0580,1985,M,22.9
0580,1988,M,20.0
0580,1991,M,25.6
0580,1994,M,21.8
0580,1998,M,24.8
0580,2002,M,16.9
0580,2006,M,26.0
0580,2010,M,30.2
0580,2014,M,24.2
0580,2018,M,21.8
0580,2022,M,20.2
0580,1973,C,22.8
0580,1976,C,19.7
0580,1979,C,14.9
0580,1982,C,13.2
0580,1985,C,10.2
0580,1988,C,12.6
0580,1991,C,9.2
0580,1994,C,7.7
0580,1998,C,5.2
0580,2002,C,7.1
0580,2006,C,7.1
0580,2010,C,6.6
0580,2014,C,7.0
0580,2018,C,9.3
0580,2022,C,7.0
0580,1973,L,8.7
0580,1976,L,10.8
0580,1979,L,10.0
0580,1982,L,5.6
0580,1985,L,13.0
0580,1988,L,11.0
0580,1991,L,11.4
0580,1994,L,9.2
0580,1998,L,6.3
0580,2002,L,12.1
0580,2006,L,8.6
0580,2010,L,8.6
0580,2014,L,7.3
0580,2018,L,8.9
0580,2022,L,5.1
0580,1973,KD,3.7
0580,1976,KD,3.6
0580,1979,KD,3.5
0580,1982,KD,3.3
0580,1985,KD,2.7
0580,1988,KD,3.7
0580,1991,KD,8.4
0580,1994,KD,4.8
0580,1998,KD,11.9
0580,2002,KD,9.2
0580,2006,KD,7.6
0580,2010,KD,4.9
0580,2014,KD,4.8
0580,2018,KD,7.5
0580,2022,KD,5.1
0580,1982,MP,2.0
0580,1985,MP,2.3
0580,1988,MP,6.3
0580,1991,MP,3.5
0580,1994,MP,5.3
0580,1998,MP,5.4
0580,2002,MP,5.1
0580,2006,MP,6.8
0580,2010,MP,9.3
0580,2014,MP,8.6
0580,2018,MP,6.5
0580,2022,MP,5.8
0580,1973,S,44.7
0580,1976,S,43.7
0580,1979,S,43.4
0580,1982,S,44.5
0580,1985,S,42.0
0580,1988,S,41.1
0580,1991,S,31.5
0580,1994,S,42.3
0580,1998,S,33.9
0580,2002,S,38.1
0580,2006,S,35.1
0580,2010,S,30.5
0580,2014,S,32.3
0580,2018,S,27.6
0580,2022,S,28.3
0580,1973,V,4.2
0580,1976,V,4.3
0580,1979,V,5.6
0580,1982,V,5.0
0580,1985,V,4.4
0580,1988,V,4.4
0580,1991,V,4.4
0580,1994,V,5.1
0580,1998,V,8.6
0580,2002,V,6.7
0580,2006,V,4.9
0580,2010,V,4.5
0580,2014,V,4.8
0580,2018,V,6.1
0580,2022,V,6.7
0580,2002,SD,0.3
0580,2006,SD,1.8
0580,2010,SD,3.7
0580,2014,SD,8.2
0580,2018,SD,10.5
0580,2022,SD,12.0
0580,1973,ÖVRIGA,0.5
0580,1976,ÖVRIGA,0.4
0580,1979,ÖVRIGA,0.8
0580,1982,ÖVRIGA,0.5
0580,1985,ÖVRIGA,2.5
0580,1988,ÖVRIGA,0.9
0580,1991,ÖVRIGA,6.0
0580,1994,ÖVRIGA,3.8
0580,1998,ÖVRIGA,3.8
0580,2002,ÖVRIGA,4.5
0580,2006,ÖVRIGA,2.2
0580,2010,ÖVRIGA,1.7
0580,2014,ÖVRIGA,2.8
0580,2018,ÖVRIGA,1.7
0580,2022,ÖVRIGA,9.7
0581,1973,M,16.0
0581,1976,M,17.7
0581,1979,M,21.9
0581,1982,M,24.6
0581,1985,M,23.5
0581,1988,M,21.0
0581,1991,M,25.3
0581,1994,M,27.5
0581,1998,M,26.1
0581,2002,M,20.0
0581,2006,M,25.9
0581,2010,M,27.9
0581,2014,M,24.2
0581,2018,M,23.3
0581,2022,M,24.4
0581,1973,C,20.6
0581,1976,C,19.0
0581,1979,C,12.9
0581,1982,C,11.1
0581,1985,C,7.1
0581,1988,C,8.3
0581,1991,C,6.7
0581,1994,C,5.0
0581,1998,C,3.8
0581,2002,C,4.2
0581,2006,C,6.2
0581,2010,C,5.2
0581,2014,C,4.4
0581,2018,C,5.7
0581,2022,C,4.8
0581,1973,L,7.5
0581,1976,L,9.5
0581,1979,L,9.6
0581,1982,L,4.5
0581,1985,L,11.7
0581,1988,L,11.1
0581,1991,L,8.0
0581,1994,L,4.8
0581,1998,L,3.2
0581,2002,L,9.5
0581,2006,L,5.9
0581,2010,L,6.1
0581,2014,L,6.6
0581,2018,L,5.6
0581,2022,L,4.1
0581,1973,KD,2.4
0581,1976,KD,2.4
0581,1979,KD,2.2
0581,1982,KD,2.4
0581,1985,KD,2.2
0581,1988,KD,2.8
0581,1991,KD,6.8
0581,1994,KD,3.2
0581,1998,KD,8.8
0581,2002,KD,7.8
0581,2006,KD,6.3
0581,2010,KD,3.8
0581,2014,KD,3.9
0581,2018,KD,5.4
0581,2022,KD,5.9
0581,1982,MP,1.5
0581,1985,MP,1.6
0581,1988,MP,5.3
0581,1991,MP,3.0
0581,1994,MP,4.7
0581,1998,MP,5.3
0581,2002,MP,4.8
0581,2006,MP,5.5
0581,2010,MP,7.5
0581,2014,MP,6.5
0581,2018,MP,3.4
0581,2022,MP,3.3
0581,1973,S,48.4
0581,1976,S,47.3
0581,1979,S,47.1
0581,1982,S,50.5
0581,1985,S,49.0
0581,1988,S,46.1
0581,1991,S,39.2
0581,1994,S,46.5
0581,1998,S,38.5
0581,2002,S,40.8
0581,2006,S,37.8
0581,2010,S,36.6
0581,2014,S,33.9
0581,2018,S,30.3
0581,2022,S,29.1
0581,1973,V,4.3
0581,1976,V,3.7
0581,1979,V,5.2
0581,1982,V,5.1
0581,1985,V,4.6
0581,1988,V,5.0
0581,1991,V,4.4
0581,1994,V,5.3
0581,1998,V,10.4
0581,2002,V,8.0
0581,2006,V,5.8
0581,2010,V,5.2
0581,2014,V,5.5
0581,2018,V,8.2
0581,2022,V,9.0
0581,2002,SD,1.1
0581,2006,SD,2.7
0581,2010,SD,5.2
0581,2014,SD,11.7
0581,2018,SD,15.5
0581,2022,SD,16.6
0581,1973,ÖVRIGA,0.7
0581,1976,ÖVRIGA,0.5
0581,1979,ÖVRIGA,1.1
0581,1982,ÖVRIGA,0.3
0581,1985,ÖVRIGA,0.3
0581,1988,ÖVRIGA,0.3
0581,1991,ÖVRIGA,6.6
0581,1994,ÖVRIGA,3.1
0581,1998,ÖVRIGA,3.9
0581,2002,ÖVRIGA,3.7
0581,2006,ÖVRIGA,3.9
0581,2010,ÖVRIGA,2.5
0581,2014,ÖVRIGA,3.3
0581,2018,ÖVRIGA,2.6
0581,2022,ÖVRIGA,2.9
0582,1973,M,15.0
0582,1976,M,16.9
0582,1979,M,20.1
0582,1982,M,23.8
0582,1985,M,20.7
0582,1988,M,15.8
0582,1991,M,22.0
0582,1994,M,22.1
0582,1998,M,27.0
0582,2002,M,23.1
0582,2006,M,26.3
0582,2010,M,28.5
0582,2014,M,24.0
0582,2018,M,19.9
0582,2022,M,22.6
0582,1973,C,37.0
0582,1976,C,35.5
0582,1979,C,31.7
0582,1982,C,27.1
0582,1985,C,28.9
0582,1988,C,30.3
0582,1991,C,23.7
0582,1994,C,22.7
0582,1998,C,15.9
0582,2002,C,16.0
0582,2006,C,16.8
0582,2010,C,15.2
0582,2014,C,11.6
0582,2018,C,18.9
0582,2022,C,10.9
0582,1973,L,6.1
0582,1976,L,7.6
0582,1979,L,6.9
0582,1982,L,4.4
0582,1985,L,8.2
0582,1988,L,8.0
0582,1991,L,6.5
0582,1994,L,5.1
0582,1998,L,3.7
0582,2002,L,7.4
0582,2006,L,5.6
0582,2010,L,6.4
0582,2014,L,5.4
0582,2018,L,8.0
0582,2022,L,4.7
0582,1973,KD,3.1
0582,1976,KD,2.7
0582,1979,KD,2.6
0582,1982,KD,2.2
0582,1985,KD,2.2
0582,1988,KD,2.4
0582,1991,KD,5.7
0582,1994,KD,2.7
0582,1998,KD,8.4
0582,2002,KD,7.6
0582,2006,KD,6.4
0582,2010,KD,6.1
0582,2014,KD,5.3
0582,2018,KD,7.1
0582,2022,KD,7.1
0582,1982,MP,1.6
0582,1985,MP,2.9
0582,1988,MP,5.7
0582,1991,MP,4.2
0582,1994,MP,5.8
0582,1998,MP,5.3
0582,2002,MP,4.4
0582,2006,MP,4.7
0582,2010,MP,6.6
0582,2014,MP,6.4
0582,2018,MP,2.3
0582,2022,MP,2.9
0582,1973,S,38.3
0582,1976,S,36.8
0582,1979,S,35.9
0582,1982,S,37.9
0582,1985,S,34.9
0582,1988,S,35.5
0582,1991,S,30.5
0582,1994,S,37.4
0582,1998,S,31.8
0582,2002,S,35.0
0582,2006,S,32.8
0582,2010,S,28.8
0582,2014,S,33.5
0582,2018,S,20.5
0582,2022,S,19.8
0582,1973,V,0.5
0582,1979,V,2.8
0582,1982,V,3.0
0582,1985,V,2.3
0582,1988,V,2.2
0582,1991,V,2.4
0582,1994,V,3.3
0582,1998,V,7.0
0582,2002,V,5.7
0582,2006,V,4.9
0582,2010,V,4.5
0582,2014,V,4.8
0582,2018,V,6.8
0582,2022,V,6.0
0582,2002,SD,0.0
0582,2006,SD,1.6
0582,2010,SD,3.3
0582,2014,SD,8.7
0582,2018,SD,14.0
0582,2022,SD,20.0
0582,1973,ÖVRIGA,0.0
0582,1976,ÖVRIGA,0.5
0582,1979,ÖVRIGA,0.0
0582,1988,ÖVRIGA,0.0
0582,1991,ÖVRIGA,4.9
0582,1994,ÖVRIGA,0.9
0582,1998,ÖVRIGA,0.9
0582,2002,ÖVRIGA,0.9
0582,2006,ÖVRIGA,0.9
0582,2010,ÖVRIGA,0.6
0582,2014,ÖVRIGA,0.4
0582,2018,ÖVRIGA,2.5
0582,2022,ÖVRIGA,6.1
0583,1973,M,10.7
0583,1976,M,11.8
0583,1979,M,14.4
0583,1982,M,16.7
0583,1985,M,15.9
0583,1988,M,11.7
0583,1991,M,17.2
0583,1994,M,15.2
0583,1998,M,18.9
0583,2002,M,12.8
0583,2006,M,22.0
0583,2010,M,24.8
0583,2014,M,20.2
0583,2018,M,25.5
0583,2022,M,25.8
0583,1973,C,21.2
0583,1976,C,19.2
0583,1979,C,14.4
0583,1982,C,13.5
0583,1985,C,9.8
0583,1988,C,11.0
0583,1991,C,9.0
0583,1994,C,7.9
0583,1998,C,6.1
0583,2002,C,5.7
0583,2006,C,6.4
0583,2010,C,4.5
0583,2014,C,5.5
0583,2018,C,7.6
0583,2022,C,5.4
0583,1973,L,7.7
0583,1976,L,9.7
0583,1979,L,8.9
0583,1982,L,5.6
0583,1985,L,11.9
0583,1988,L,12.2
0583,1991,L,10.9
0583,1994,L,6.9
0583,1998,L,4.3
0583,2002,L,9.4
0583,2006,L,8.7
0583,2010,L,7.2
0583,2014,L,6.5
0583,2018,L,7.3
0583,2022,L,3.7
0583,1973,KD,2.8
0583,1976,KD,2.6
0583,1979,KD,2.1
0583,1982,KD,2.5
0583,1985,KD,2.1
0583,1988,KD,2.3
0583,1991,KD,5.5
0583,1994,KD,2.7
0583,1998,KD,9.2
0583,2002,KD,7.0
0583,2006,KD,5.1
0583,2010,KD,3.4
0583,2014,KD,3.0
0583,2018,KD,4.9
0583,2022,KD,5.2
0583,1982,MP,1.1
0583,1985,MP,1.3
0583,1988,MP,5.3
0583,1991,MP,3.3
0583,1994,MP,5.7
0583,1998,MP,5.8
0583,2002,MP,4.9
0583,2006,MP,4.1
0583,2010,MP,4.6
0583,2014,MP,5.4
0583,2018,MP,2.7
0583,2022,MP,2.0
0583,1973,S,49.2
0583,1976,S,48.6
0583,1979,S,51.0
0583,1982,S,54.5
0583,1985,S,51.9
0583,1988,S,50.9
0583,1991,S,46.1
0583,1994,S,54.7
0583,1998,S,42.2
0583,2002,S,47.7
0583,2006,S,40.4
0583,2010,S,43.6
0583,2014,S,41.7
0583,2018,S,30.6
0583,2022,S,34.9
0583,1973,V,3.0
0583,1976,V,2.7
0583,1979,V,3.5
0583,1982,V,3.4
0583,1985,V,3.7
0583,1988,V,4.4
0583,1991,V,4.0
0583,1994,V,5.7
0583,1998,V,12.9
0583,2002,V,7.0
0583,2006,V,6.3
0583,2010,V,5.6
0583,2014,V,5.5
0583,2018,V,6.7
0583,2022,V,5.8
0583,2002,SD,0.0
0583,2006,SD,2.5
0583,2010,SD,4.5
0583,2014,SD,10.5
0583,2018,SD,13.2
0583,2022,SD,16.4
0583,1973,ÖVRIGA,5.3
0583,1976,ÖVRIGA,5.5
0583,1979,ÖVRIGA,5.7
0583,1982,ÖVRIGA,2.7
0583,1985,ÖVRIGA,3.4
0583,1988,ÖVRIGA,2.2
0583,1991,ÖVRIGA,4.0
0583,1994,ÖVRIGA,1.1
0583,1998,ÖVRIGA,0.4
0583,2002,ÖVRIGA,5.5
0583,2006,ÖVRIGA,4.5
0583,2010,ÖVRIGA,1.6
0583,2014,ÖVRIGA,1.8
0583,2018,ÖVRIGA,1.6
0583,2022,ÖVRIGA,0.6
0584,1979,M,18.7
0584,1982,M,20.4
0584,1985,M,20.5
0584,1988,M,18.4
0584,1991,M,20.9
0584,1994,M,18.8
0584,1998,M,23.6
0584,2002,M,22.9
0584,2006,M,26.6
0584,2010,M,27.1
0584,2014,M,20.0
0584,2018,M,23.7
0584,2022,M,30.3
0584,1979,C,20.4
0584,1982,C,19.7
0584,1985,C,16.8
0584,1988,C,19.1
0584,1991,C,19.5
0584,1994,C,16.3
0584,1998,C,11.3
0584,2002,C,9.8
0584,2006,C,8.4
0584,2010,C,7.3
0584,2014,C,6.3
0584,2018,C,8.1
0584,2022,C,4.1
0584,1979,L,9.8
0584,1982,L,8.1
0584,1985,L,11.8
0584,1988,L,10.1
0584,1991,L,9.6
0584,1994,L,7.7
0584,1998,L,6.2
0584,2002,L,7.4
0584,2006,L,5.7
0584,2010,L,7.6
0584,2014,L,3.1
0584,2018,L,1.8
0584,2022,L,0.8
0584,1979,KD,3.8
0584,1982,KD,3.0
0584,1985,KD,3.3
0584,1988,KD,3.5
0584,1991,KD,5.8
0584,1994,KD,3.2
0584,1998,KD,7.0
0584,2002,KD,8.3
0584,2006,KD,10.2
0584,2010,KD,9.3
0584,2014,KD,4.4
0584,2018,KD,4.0
0584,2022,KD,2.7
0584,1985,MP,0.5
0584,1988,MP,3.7
0584,1991,MP,2.7
0584,1994,MP,9.6
0584,1998,MP,8.6
0584,2002,MP,7.5
0584,2006,MP,6.9
0584,2010,MP,7.8
0584,2014,MP,6.3
0584,2018,MP,4.2
0584,2022,MP,3.8
0584,1979,S,43.7
0584,1982,S,45.3
0584,1985,S,43.2
0584,1988,S,44.5
0584,1991,S,40.0
0584,1994,S,43.1
0584,1998,S,37.1
0584,2002,S,38.9
0584,2006,S,35.5
0584,2010,S,34.0
0584,2014,S,26.7
0584,2018,S,22.8
0584,2022,S,22.1
0584,1979,V,1.6
0584,1985,V,0.6
0584,1988,V,0.6
0584,1991,V,0.0
0584,1994,V,1.0
0584,1998,V,5.8
0584,2002,V,4.0
0584,2006,V,3.4
0584,2010,V,3.2
0584,2014,V,3.3
0584,2018,V,6.0
0584,2022,V,5.4
0584,2002,SD,0.0
0584,2006,SD,2.6
0584,2010,SD,3.5
0584,2014,SD,3.5
0584,2018,SD,7.1
0584,2022,SD,8.0
0584,1979,ÖVRIGA,2.0
0584,1982,ÖVRIGA,3.4
0584,1985,ÖVRIGA,3.3
0584,1988,ÖVRIGA,0.0
0584,1991,ÖVRIGA,1.6
0584,1994,ÖVRIGA,0.4
0584,1998,ÖVRIGA,0.4
0584,2002,ÖVRIGA,1.1
0584,2006,ÖVRIGA,0.6
0584,2010,ÖVRIGA,0.3
0584,2014,ÖVRIGA,26.4
0584,2018,ÖVRIGA,22.3
0584,2022,ÖVRIGA,22.9
0586,1973,M,10.5
0586,1976,M,12.2
0586,1979,M,15.3
0586,1982,M,18.3
0586,1985,M,17.3
0586,1988,M,13.4
0586,1991,M,17.5
0586,1994,M,17.4
0586,1998,M,20.3
0586,2002,M,15.2
0586,2006,M,18.8
0586,2010,M,23.7
0586,2014,M,20.5
0586,2018,M,19.8
0586,2022,M,20.0
0586,1973,C,29.8
0586,1976,C,27.7
0586,1979,C,22.1
0586,1982,C,19.8
0586,1985,C,16.5
0586,1988,C,18.2
0586,1991,C,14.4
0586,1994,C,13.4
0586,1998,C,11.0
0586,2002,C,11.9
0586,2006,C,10.3
0586,2010,C,7.1
0586,2014,C,7.5
0586,2018,C,8.8
0586,2022,C,6.5
0586,1973,L,6.0
0586,1976,L,7.3
0586,1979,L,7.9
0586,1982,L,4.2
0586,1985,L,10.6
0586,1988,L,10.5
0586,1991,L,8.2
0586,1994,L,6.1
0586,1998,L,5.0
0586,2002,L,9.9
0586,2006,L,7.6
0586,2010,L,8.6
0586,2014,L,7.5
0586,2018,L,9.4
0586,2022,L,8.2
0586,1973,KD,3.1
0586,1976,KD,3.0
0586,1979,KD,2.8
0586,1982,KD,2.9
0586,1985,KD,2.3
0586,1988,KD,3.1
0586,1991,KD,7.6
0586,1994,KD,3.6
0586,1998,KD,10.0
0586,2002,KD,8.2
0586,2006,KD,7.5
0586,2010,KD,4.8
0586,2014,KD,4.3
0586,2018,KD,5.1
0586,2022,KD,5.9
0586,1985,MP,1.2
0586,1988,MP,2.3
0586,1991,MP,0.8
0586,1994,MP,1.5
0586,1998,MP,1.2
0586,2002,MP,0.8
0586,2006,MP,2.3
0586,2010,MP,5.1
0586,2014,MP,5.1
0586,2018,MP,2.9
0586,2022,MP,2.1
0586,1973,S,47.0
0586,1976,S,46.5
0586,1979,S,48.2
0586,1982,S,50.8
0586,1985,S,47.9
0586,1988,S,48.0
0586,1991,S,41.8
0586,1994,S,49.1
0586,1998,S,39.4
0586,2002,S,43.3
0586,2006,S,42.5
0586,2010,S,39.5
0586,2014,S,37.2
0586,2018,S,30.6
0586,2022,S,31.7
0586,1973,V,3.5
0586,1976,V,3.4
0586,1979,V,3.4
0586,1982,V,3.5
0586,1985,V,3.9
0586,1988,V,4.3
0586,1991,V,3.9
0586,1994,V,6.2
0586,1998,V,12.6
0586,2002,V,8.0
0586,2006,V,5.4
0586,2010,V,5.5
0586,2014,V,7.2
0586,2018,V,6.8
0586,2022,V,5.9
0586,2002,SD,0.0
0586,2006,SD,1.4
0586,2010,SD,3.7
0586,2014,SD,9.7
0586,2018,SD,16.2
0586,2022,SD,19.4
0586,1973,ÖVRIGA,0.0
0586,1976,ÖVRIGA,0.0
0586,1979,ÖVRIGA,0.2
0586,1982,ÖVRIGA,0.4
0586,1985,ÖVRIGA,0.2
0586,1988,ÖVRIGA,0.2
0586,1991,ÖVRIGA,5.8
0586,1994,ÖVRIGA,2.6
0586,1998,ÖVRIGA,0.6
0586,2002,ÖVRIGA,2.6
0586,2006,ÖVRIGA,4.3
0586,2010,ÖVRIGA,2.0
0586,2014,ÖVRIGA,1.0
0586,2018,ÖVRIGA,0.3
0586,2022,ÖVRIGA,0.3
0604,1973,M,14.3
0604,1976,M,15.8
0604,1979,M,19.2
0604,1982,M,18.4
0604,1985,M,17.1
0604,1988,M,14.1
0604,1991,M,15.5
0604,1994,M,13.8
0604,1998,M,16.3
0604,2002,M,8.5
0604,2006,M,10.4
0604,2010,M,13.9
0604,2014,M,11.2
0604,2018,M,16.9
0604,2022,M,18.7
0604,1973,C,35.9
0604,1976,C,37.3
0604,1979,C,31.9
0604,1982,C,29.0
0604,1985,C,27.1
0604,1988,C,25.6
0604,1991,C,23.1
0604,1994,C,22.6
0604,1998,C,15.7
0604,2002,C,17.9
0604,2006,C,20.3
0604,2010,C,23.0
0604,2014,C,20.5
0604,2018,C,18.5
0604,2022,C,19.5
0604,1973,L,12.0
0604,1976,L,11.5
0604,1979,L,10.2
0604,1982,L,6.9
0604,1985,L,11.6
0604,1988,L,9.6
0604,1991,L,6.4
0604,1994,L,6.0
0604,1998,L,6.8
0604,2002,L,9.9
0604,2006,L,9.9
0604,2010,L,7.6
0604,2014,L,4.1
0604,2018,L,6.0
0604,2022,L,4.4
0604,1973,KD,9.8
0604,1976,KD,9.3
0604,1979,KD,10.3
0604,1982,KD,12.8
0604,1985,KD,11.8
0604,1988,KD,15.8
0604,1991,KD,19.3
0604,1994,KD,14.7
0604,1998,KD,23.0
0604,2002,KD,25.6
0604,2006,KD,23.0
0604,2010,KD,14.6
0604,2014,KD,14.8
0604,2018,KD,14.8
0604,2022,KD,11.6
0604,1982,MP,2.3
0604,1985,MP,2.7
0604,1988,MP,4.5
0604,1991,MP,4.2
0604,1994,MP,3.8
0604,1998,MP,6.4
0604,2002,MP,3.2
0604,2006,MP,4.2
0604,2010,MP,5.6
0604,2014,MP,5.8
0604,2018,MP,2.7
0604,2022,MP,0.0
0604,1973,S,27.6
0604,1976,S,25.9
0604,1979,S,28.0
0604,1982,S,30.3
0604,1985,S,29.3
0604,1988,S,30.2
0604,1991,S,29.9
0604,1994,S,37.9
0604,1998,S,30.4
0604,2002,S,33.2
0604,2006,S,29.0
0604,2010,S,27.0
0604,2014,S,31.3
0604,2018,S,24.0
0604,2022,S,22.0
0604,1973,V,0.4
0604,1976,V,0.2
0604,1985,V,0.5
0604,1988,V,0.2
0604,1991,V,0.2
0604,1994,V,0.5
0604,1998,V,1.1
0604,2002,V,1.0
0604,2006,V,1.2
0604,2010,V,0.8
0604,2014,V,2.2
0604,2018,V,3.0
0604,2022,V,4.2
0604,2002,SD,0.0
0604,2006,SD,1.9
0604,2010,SD,7.5
0604,2014,SD,9.4
0604,2018,SD,12.5
0604,2022,SD,17.5
0604,1973,ÖVRIGA,0.0
0604,1976,ÖVRIGA,0.1
0604,1979,ÖVRIGA,0.3
0604,1982,ÖVRIGA,0.3
0604,1988,ÖVRIGA,0.1
0604,1991,ÖVRIGA,1.4
0604,1994,ÖVRIGA,0.7
0604,1998,ÖVRIGA,0.4
0604,2002,ÖVRIGA,0.7
0604,2006,ÖVRIGA,0.1
0604,2010,ÖVRIGA,0.0
0604,2014,ÖVRIGA,0.8
0604,2018,ÖVRIGA,1.6
0604,2022,ÖVRIGA,2.0
0617,1973,M,19.0
0617,1976,M,19.1
0617,1979,M,19.2
0617,1982,M,22.9
0617,1985,M,24.2
0617,1988,M,23.6
0617,1991,M,28.5
0617,1994,M,23.0
0617,1998,M,19.0
0617,2002,M,17.2
0617,2006,M,21.2
0617,2010,M,21.6
0617,2014,M,21.3
0617,2018,M,23.2
0617,2022,M,22.8
0617,1973,C,29.2
0617,1976,C,26.7
0617,1979,C,21.6
0617,1982,C,20.0
0617,1985,C,16.0
0617,1988,C,14.6
0617,1991,C,14.1
0617,1994,C,14.4
0617,1998,C,10.4
0617,2002,C,12.8
0617,2006,C,13.8
0617,2010,C,10.3
0617,2014,C,7.6
0617,2018,C,10.8
0617,2022,C,14.0
0617,1973,L,12.4
0617,1976,L,12.1
0617,1979,L,14.3
0617,1982,L,11.1
0617,1985,L,16.3
0617,1988,L,13.2
0617,1991,L,10.3
0617,1994,L,8.4
0617,1998,L,6.5
0617,2002,L,7.3
0617,2006,L,5.0
0617,2010,L,5.0
0617,2014,L,3.1
0617,2018,L,0.4
0617,2022,L,0.9
0617,1973,KD,9.6
0617,1976,KD,10.0
0617,1979,KD,11.8
0617,1982,KD,11.6
0617,1985,KD,9.4
0617,1988,KD,11.8
0617,1991,KD,15.3
0617,1994,KD,13.1
0617,1998,KD,28.4
0617,2002,KD,28.3
0617,2006,KD,23.9
0617,2010,KD,19.2
0617,2014,KD,15.7
0617,2018,KD,15.2
0617,2022,KD,16.3
0617,1985,MP,0.5
0617,1988,MP,3.1
0617,1991,MP,0.4
0617,1994,MP,0.8
0617,1998,MP,2.6
0617,2002,MP,2.1
0617,2006,MP,0.1
0617,2010,MP,0.4
0617,2014,MP,3.1
0617,2018,MP,0.5
0617,2022,MP,0.6
0617,1973,S,28.4
0617,1976,S,30.2
0617,1979,S,30.3
0617,1982,S,31.4
0617,1985,S,30.1
0617,1988,S,31.2
0617,1991,S,26.6
0617,1994,S,31.6
0617,1998,S,26.9
0617,2002,S,30.3
0617,2006,S,28.3
0617,2010,S,32.8
0617,2014,S,33.6
0617,2018,S,30.0
0617,2022,S,24.5
0617,1973,V,1.4
0617,1976,V,1.8
0617,1979,V,2.8
0617,1982,V,2.9
0617,1985,V,3.3
0617,1988,V,2.5
0617,1991,V,1.9
0617,1994,V,0.5
0617,1998,V,0.8
0617,2002,V,0.6
0617,2006,V,0.2
0617,2010,V,0.4
0617,2014,V,1.4
0617,2018,V,2.2
0617,2022,V,3.8
0617,2002,SD,0.0
0617,2006,SD,2.2
0617,2010,SD,8.3
0617,2014,SD,14.0
0617,2018,SD,17.6
0617,2022,SD,17.0
0617,1973,ÖVRIGA,0.0
0617,1976,ÖVRIGA,0.0
0617,1982,ÖVRIGA,0.2
0617,1985,ÖVRIGA,0.1
0617,1988,ÖVRIGA,0.0
0617,1991,ÖVRIGA,3.0
0617,1994,ÖVRIGA,8.3
0617,1998,ÖVRIGA,5.3
0617,2002,ÖVRIGA,1.3
0617,2006,ÖVRIGA,5.4
0617,2010,ÖVRIGA,2.1
0617,2014,ÖVRIGA,0.2
0617,2018,ÖVRIGA,0.1
0617,2022,ÖVRIGA,0.1
0642,1973,M,11.4
0642,1976,M,13.0
0642,1979,M,17.7
0642,1982,M,24.7
0642,1985,M,26.2
0642,1988,M,26.5
0642,1991,M,33.0
0642,1994,M,25.5
0642,1998,M,23.3
0642,2002,M,20.6
0642,2006,M,18.5
0642,2010,M,23.0
0642,2014,M,16.2
0642,2018,M,18.4
0642,2022,M,23.9
0642,1973,C,35.4
0642,1976,C,37.0
0642,1979,C,27.0
0642,1982,C,18.1
0642,1985,C,13.9
0642,1988,C,13.8
0642,1991,C,11.6
0642,1994,C,12.7
0642,1998,C,9.0
0642,2002,C,8.3
0642,2006,C,4.0
0642,2010,C,2.8
0642,2014,C,2.5
0642,2018,C,5.1
0642,2022,C,3.4
0642,1973,L,12.9
0642,1976,L,12.5
0642,1979,L,12.6
0642,1982,L,6.0
0642,1985,L,9.9
0642,1988,L,8.2
0642,1991,L,7.4
0642,1994,L,4.7
0642,1998,L,4.0
0642,2002,L,1.0
0642,2006,L,5.4
0642,2010,L,4.3
0642,2014,L,3.8
0642,2018,L,2.5
0642,2022,L,2.5
0642,1973,KD,9.9
0642,1976,KD,8.4
0642,1979,KD,10.8
0642,1982,KD,13.2
0642,1985,KD,10.7
0642,1988,KD,12.0
0642,1991,KD,14.6
0642,1994,KD,12.5
0642,1998,KD,17.5
0642,2002,KD,18.4
0642,2006,KD,17.0
0642,2010,KD,16.2
0642,2014,KD,15.6
0642,2018,KD,16.6
0642,2022,KD,17.9
0642,1982,MP,1.9
0642,1985,MP,4.8
0642,1988,MP,6.3
0642,1991,MP,4.2
0642,1994,MP,5.9
0642,1998,MP,5.5
0642,2002,MP,4.9
0642,2006,MP,3.9
0642,2010,MP,7.6
0642,2014,MP,11.5
0642,2018,MP,5.6
0642,2022,MP,3.9
0642,1973,S,30.0
0642,1976,S,28.9
0642,1979,S,31.7
0642,1982,S,35.6
0642,1985,S,34.2
0642,1988,S,32.7
0642,1991,S,26.8
0642,1994,S,36.8
0642,1998,S,33.0
0642,2002,S,30.7
0642,2006,S,22.6
0642,2010,S,25.4
0642,2014,S,24.9
0642,2018,S,26.8
0642,2022,S,24.2
0642,1973,V,0.0
0642,1976,V,0.1
0642,1985,V,0.2
0642,1988,V,0.4
0642,1991,V,0.4
0642,1994,V,1.3
0642,1998,V,6.9
0642,2002,V,5.7
0642,2006,V,3.6
0642,2010,V,4.2
0642,2014,V,5.0
0642,2018,V,4.9
0642,2022,V,5.8
0642,2002,SD,0.0
0642,2006,SD,0.8
0642,2010,SD,1.4
0642,2014,SD,6.9
0642,2018,SD,15.2
0642,2022,SD,17.7
0642,1973,ÖVRIGA,0.3
0642,1979,ÖVRIGA,0.2
0642,1982,ÖVRIGA,0.4
0642,1985,ÖVRIGA,0.0
0642,1988,ÖVRIGA,0.1
0642,1991,ÖVRIGA,2.0
0642,1994,ÖVRIGA,0.5
0642,1998,ÖVRIGA,0.7
0642,2002,ÖVRIGA,10.4
0642,2006,ÖVRIGA,24.1
0642,2010,ÖVRIGA,15.0
0642,2014,ÖVRIGA,13.5
0642,2018,ÖVRIGA,4.9
0642,2022,ÖVRIGA,0.8
0643,1973,M,13.6
0643,1976,M,14.1
0643,1979,M,18.7
0643,1982,M,21.7
0643,1985,M,23.9
0643,1988,M,23.0
0643,1991,M,26.8
0643,1994,M,30.1
0643,1998,M,29.9
0643,2002,M,28.1
0643,2006,M,31.6
0643,2010,M,33.8
0643,2014,M,22.9
0643,2018,M,23.6
0643,2022,M,25.7
0643,1973,C,30.2
0643,1976,C,25.5
0643,1979,C,22.0
0643,1982,C,18.5
0643,1985,C,15.3
0643,1988,C,14.2
0643,1991,C,11.1
0643,1994,C,10.3
0643,1998,C,8.8
0643,2002,C,6.5
0643,2006,C,6.6
0643,2010,C,5.2
0643,2014,C,6.2
0643,2018,C,8.8
0643,2022,C,6.5
0643,1973,L,14.4
0643,1976,L,26.3
0643,1979,L,18.8
0643,1982,L,12.7
0643,1985,L,13.5
0643,1988,L,11.5
0643,1991,L,7.4
0643,1994,L,5.7
0643,1998,L,3.2
0643,2002,L,7.8
0643,2006,L,6.7
0643,2010,L,6.1
0643,2014,L,6.9
0643,2018,L,8.1
0643,2022,L,4.9
0643,1973,KD,9.3
0643,1976,KD,6.1
0643,1979,KD,8.6
0643,1982,KD,10.0
0643,1985,KD,9.5
0643,1988,KD,11.4
0643,1991,KD,15.4
0643,1994,KD,11.2
0643,1998,KD,18.3
0643,2002,KD,16.9
0643,2006,KD,17.4
0643,2010,KD,16.0
0643,2014,KD,14.6
0643,2018,KD,14.7
0643,2022,KD,13.2
0643,1985,MP,1.6
0643,1988,MP,4.2
0643,1991,MP,3.1
0643,1994,MP,4.8
0643,1998,MP,3.2
0643,2002,MP,2.1
0643,2006,MP,1.7
0643,2010,MP,2.5
0643,2014,MP,4.6
0643,2018,MP,2.1
0643,2022,MP,2.1
0643,1973,S,32.1
0643,1976,S,27.6
0643,1979,S,31.6
0643,1982,S,34.6
0643,1985,S,35.9
0643,1988,S,35.3
0643,1991,S,30.1
0643,1994,S,35.0
0643,1998,S,30.9
0643,2002,S,34.0
0643,2006,S,32.5
0643,2010,S,30.6
0643,2014,S,29.2
0643,2018,S,24.9
0643,2022,S,26.1
0643,1973,V,0.0
0643,1976,V,0.4
0643,1982,V,1.8
0643,1985,V,0.3
0643,1988,V,0.4
0643,1991,V,0.5
0643,1994,V,1.1
0643,1998,V,5.1
0643,2002,V,4.2
0643,2006,V,1.4
0643,2010,V,1.8
0643,2014,V,1.3
0643,2018,V,3.1
0643,2022,V,3.2
0643,2002,SD,0.0
0643,2006,SD,1.8
0643,2010,SD,4.1
0643,2014,SD,14.1
0643,2018,SD,11.7
0643,2022,SD,14.1
0643,1973,ÖVRIGA,0.3
0643,1979,ÖVRIGA,0.3
0643,1982,ÖVRIGA,0.6
0643,1985,ÖVRIGA,0.1
0643,1988,ÖVRIGA,0.0
0643,1991,ÖVRIGA,5.6
0643,1994,ÖVRIGA,1.7
0643,1998,ÖVRIGA,0.6
0643,2002,ÖVRIGA,0.5
0643,2006,ÖVRIGA,0.3
0643,2010,ÖVRIGA,0.0
0643,2014,ÖVRIGA,0.4
0643,2018,ÖVRIGA,2.9
0643,2022,ÖVRIGA,4.3
0662,1973,M,13.7
0662,1976,M,14.8
0662,1979,M,15.7
0662,1982,M,19.5
0662,1985,M,19.5
0662,1988,M,16.0
0662,1991,M,20.7
0662,1994,M,18.0
0662,1998,M,21.5
0662,2002,M,17.0
0662,2006,M,23.8
0662,2010,M,26.8
0662,2014,M,22.9
0662,2018,M,16.7
0662,2022,M,16.9
0662,1973,C,33.7
0662,1976,C,32.5
0662,1979,C,29.0
0662,1982,C,24.6
0662,1985,C,21.5
0662,1988,C,22.1
0662,1991,C,17.7
0662,1994,C,14.5
0662,1998,C,12.0
0662,2002,C,13.6
0662,2006,C,12.7
0662,2010,C,12.2
0662,2014,C,12.2
0662,2018,C,19.0
0662,2022,C,7.9
0662,1973,L,10.3
0662,1976,L,9.9
0662,1979,L,10.8
0662,1982,L,7.1
0662,1985,L,10.7
0662,1988,L,10.1
0662,1991,L,8.8
0662,1994,L,6.4
0662,1998,L,4.9
0662,2002,L,7.4
0662,2006,L,5.7
0662,2010,L,4.5
0662,2014,L,3.7
0662,2018,L,3.9
0662,2022,L,2.9
0662,1973,KD,3.2
0662,1976,KD,2.8
0662,1979,KD,3.3
0662,1982,KD,3.8
0662,1985,KD,3.6
0662,1988,KD,4.8
0662,1991,KD,8.1
0662,1994,KD,5.3
0662,1998,KD,9.8
0662,2002,KD,10.4
0662,2006,KD,9.0
0662,2010,KD,6.2
0662,2014,KD,4.6
0662,2018,KD,4.9
0662,2022,KD,4.0
0662,1982,MP,1.1
0662,1985,MP,1.4
0662,1988,MP,3.1
0662,1991,MP,1.9
0662,1994,MP,3.8
0662,1998,MP,4.3
0662,2002,MP,2.8
0662,2006,MP,2.4
0662,2010,MP,3.0
0662,2014,MP,3.6
0662,2018,MP,2.3
0662,2022,MP,0.8
0662,1973,S,37.4
0662,1976,S,37.3
0662,1979,S,37.2
0662,1982,S,40.1
0662,1985,S,37.9
0662,1988,S,38.8
0662,1991,S,35.5
0662,1994,S,42.2
0662,1998,S,35.5
0662,2002,S,38.8
0662,2006,S,35.2
0662,2010,S,35.3
0662,2014,S,35.3
0662,2018,S,25.5
0662,2022,S,19.5
0662,1973,V,1.7
0662,1976,V,2.6
0662,1979,V,2.9
0662,1982,V,1.9
0662,1985,V,2.6
0662,1988,V,2.7
0662,1991,V,2.3
0662,1994,V,1.4
0662,1998,V,2.7
0662,2002,V,2.8
0662,2006,V,1.8
0662,2010,V,2.0
0662,2014,V,2.9
0662,2018,V,2.6
0662,2022,V,3.1
0662,2002,SD,0.0
0662,2006,SD,4.5
0662,2010,SD,6.5
0662,2014,SD,12.1
0662,2018,SD,13.9
0662,2022,SD,14.0
0662,1973,ÖVRIGA,0.1
0662,1976,ÖVRIGA,0.1
0662,1979,ÖVRIGA,1.2
0662,1982,ÖVRIGA,1.9
0662,1985,ÖVRIGA,2.8
0662,1988,ÖVRIGA,2.4
0662,1991,ÖVRIGA,5.0
0662,1994,ÖVRIGA,8.4
0662,1998,ÖVRIGA,9.3
0662,2002,ÖVRIGA,7.1
0662,2006,ÖVRIGA,4.8
0662,2010,ÖVRIGA,3.5
0662,2014,ÖVRIGA,2.8
0662,2018,ÖVRIGA,11.2
0662,2022,ÖVRIGA,31.0
0665,1973,M,15.1
0665,1976,M,15.6
0665,1979,M,16.4
0665,1982,M,18.2
0665,1985,M,18.0
0665,1988,M,16.1
0665,1991,M,17.9
0665,1994,M,19.7
0665,1998,M,15.1
0665,2002,M,13.1
0665,2006,M,21.5
0665,2010,M,22.3
0665,2014,M,17.0
0665,2018,M,16.7
0665,2022,M,18.0
0665,1973,C,27.7
0665,1976,C,28.1
0665,1979,C,24.8
0665,1982,C,21.3
0665,1985,C,18.4
0665,1988,C,17.0
0665,1991,C,15.1
0665,1994,C,15.4
0665,1998,C,16.6
0665,2002,C,14.2
0665,2006,C,11.0
0665,2010,C,7.3
0665,2014,C,9.7
0665,2018,C,12.0
0665,2022,C,9.7
0665,1973,L,9.4
0665,1976,L,8.4
0665,1979,L,7.8
0665,1982,L,5.0
0665,1985,L,8.8
0665,1988,L,7.6
0665,1991,L,7.2
0665,1994,L,7.7
0665,1998,L,6.7
0665,2002,L,8.9
0665,2006,L,8.0
0665,2010,L,5.8
0665,2014,L,5.9
0665,2018,L,6.9
0665,2022,L,5.5
0665,1973,KD,9.0
0665,1976,KD,8.6
0665,1979,KD,9.7
0665,1982,KD,11.1
0665,1985,KD,10.5
0665,1988,KD,13.3
0665,1991,KD,18.8
0665,1994,KD,11.2
0665,1998,KD,17.5
0665,2002,KD,19.6
0665,2006,KD,15.4
0665,2010,KD,13.6
0665,2014,KD,11.5
0665,2018,KD,11.4
0665,2022,KD,10.4
0665,1985,MP,1.0
0665,1988,MP,1.6
0665,1991,MP,0.6
0665,1994,MP,0.7
0665,1998,MP,2.2
0665,2002,MP,1.9
0665,2006,MP,0.6
0665,2010,MP,2.6
0665,2014,MP,5.1
0665,2018,MP,3.4
0665,2022,MP,1.5
0665,1973,S,32.4
0665,1976,S,31.8
0665,1979,S,31.7
0665,1982,S,35.4
0665,1985,S,35.8
0665,1988,S,36.3
0665,1991,S,31.8
0665,1994,S,36.4
0665,1998,S,34.9
0665,2002,S,37.1
0665,2006,S,38.2
0665,2010,S,38.8
0665,2014,S,32.1
0665,2018,S,27.6
0665,2022,S,29.9
0665,1973,V,6.0
0665,1976,V,7.4
0665,1979,V,9.6
0665,1982,V,8.7
0665,1985,V,7.4
0665,1988,V,7.7
0665,1991,V,5.7
0665,1994,V,8.4
0665,1998,V,6.7
0665,2002,V,4.4
0665,2006,V,3.1
0665,2010,V,4.0
0665,2014,V,7.3
0665,2018,V,2.9
0665,2022,V,3.1
0665,2002,SD,0.0
0665,2006,SD,2.1
0665,2010,SD,5.4
0665,2014,SD,10.5
0665,2018,SD,13.2
0665,2022,SD,16.2
0665,1973,ÖVRIGA,0.4
0665,1979,ÖVRIGA,0.0
0665,1982,ÖVRIGA,0.4
0665,1985,ÖVRIGA,0.0
0665,1988,ÖVRIGA,0.2
0665,1991,ÖVRIGA,3.1
0665,1994,ÖVRIGA,0.6
0665,1998,ÖVRIGA,0.4
0665,2002,ÖVRIGA,0.8
0665,2006,ÖVRIGA,0.2
0665,2010,ÖVRIGA,0.2
0665,2014,ÖVRIGA,1.1
0665,2018,ÖVRIGA,5.9
0665,2022,ÖVRIGA,5.6
0680,1973,M,14.3
0680,1976,M,15.5
0680,1979,M,18.9
0680,1982,M,22.1
0680,1985,M,20.2
0680,1988,M,16.8
0680,1991,M,19.4
0680,1994,M,19.1
0680,1998,M,18.2
0680,2002,M,14.8
0680,2006,M,21.3
0680,2010,M,25.3
0680,2014,M,20.6
0680,2018,M,16.3
0680,2022,M,17.8
0680,1973,C,20.9
0680,1976,C,20.0
0680,1979,C,15.5
0680,1982,C,12.5
0680,1985,C,9.9
0680,1988,C,10.0
0680,1991,C,9.6
0680,1994,C,9.8
0680,1998,C,10.4
0680,2002,C,9.8
0680,2006,C,7.8
0680,2010,C,5.8
0680,2014,C,6.9
0680,2018,C,8.4
0680,2022,C,8.4
0680,1973,L,11.7
0680,1976,L,11.9
0680,1979,L,11.0
0680,1982,L,5.9
0680,1985,L,12.3
0680,1988,L,10.5
0680,1991,L,7.9
0680,1994,L,7.4
0680,1998,L,4.4
0680,2002,L,8.5
0680,2006,L,5.9
0680,2010,L,6.0
0680,2014,L,4.6
0680,2018,L,5.0
0680,2022,L,4.1
0680,1973,KD,7.1
0680,1976,KD,6.5
0680,1979,KD,7.4
0680,1982,KD,9.5
0680,1985,KD,8.7
0680,1988,KD,12.7
0680,1991,KD,16.8
0680,1994,KD,10.2
0680,1998,KD,18.9
0680,2002,KD,18.0
0680,2006,KD,18.7
0680,2010,KD,15.7
0680,2014,KD,12.4
0680,2018,KD,16.3
0680,2022,KD,14.5
0680,1982,MP,1.4
0680,1985,MP,1.4
0680,1988,MP,4.3
0680,1991,MP,3.3
0680,1994,MP,4.4
0680,1998,MP,3.5
0680,2002,MP,3.4
0680,2006,MP,3.7
0680,2010,MP,5.3
0680,2014,MP,7.2
0680,2018,MP,4.9
0680,2022,MP,3.6
0680,1973,S,42.6
0680,1976,S,43.0
0680,1979,S,42.3
0680,1982,S,44.1
0680,1985,S,42.7
0680,1988,S,40.9
0680,1991,S,34.8
0680,1994,S,41.8
0680,1998,S,34.0
0680,2002,S,36.5
0680,2006,S,34.2
0680,2010,S,31.5
0680,2014,S,32.3
0680,2018,S,28.1
0680,2022,S,28.8
0680,1973,V,3.1
0680,1976,V,2.8
0680,1979,V,3.8
0680,1982,V,3.3
0680,1985,V,3.7
0680,1988,V,3.5
0680,1991,V,3.5
0680,1994,V,4.8
0680,1998,V,8.0
0680,2002,V,6.2
0680,2006,V,5.0
0680,2010,V,4.9
0680,2014,V,5.6
0680,2018,V,5.8
0680,2022,V,6.2
0680,2002,SD,0.9
0680,2006,SD,2.5
0680,2010,SD,4.6
0680,2014,SD,9.6
0680,2018,SD,12.5
0680,2022,SD,15.3
0680,1973,ÖVRIGA,0.3
0680,1976,ÖVRIGA,0.2
0680,1979,ÖVRIGA,1.1
0680,1982,ÖVRIGA,1.1
0680,1985,ÖVRIGA,1.0
0680,1988,ÖVRIGA,1.2
0680,1991,ÖVRIGA,4.7
0680,1994,ÖVRIGA,2.6
0680,1998,ÖVRIGA,2.6
0680,2002,ÖVRIGA,2.0
0680,2006,ÖVRIGA,0.9
0680,2010,ÖVRIGA,1.0
0680,2014,ÖVRIGA,0.7
0680,2018,ÖVRIGA,2.7
0680,2022,ÖVRIGA,1.3
0682,1973,M,10.5
0682,1976,M,11.3
0682,1979,M,14.1
0682,1982,M,16.4
0682,1985,M,15.5
0682,1988,M,13.9
0682,1991,M,17.5
0682,1994,M,17.0
0682,1998,M,15.4
0682,2002,M,12.6
0682,2006,M,16.6
0682,2010,M,18.6
0682,2014,M,12.7
0682,2018,M,12.0
0682,2022,M,12.9
0682,1973,C,27.2
0682,1976,C,26.7
0682,1979,C,23.0
0682,1982,C,20.2
0682,1985,C,17.7
0682,1988,C,17.6
0682,1991,C,12.9
0682,1994,C,12.4
0682,1998,C,10.7
0682,2002,C,9.3
0682,2006,C,8.9
0682,2010,C,8.3
0682,2014,C,7.1
0682,2018,C,8.2
0682,2022,C,6.0
0682,1973,L,10.9
0682,1976,L,12.2
0682,1979,L,10.4
0682,1982,L,6.6
0682,1985,L,10.8
0682,1988,L,9.2
0682,1991,L,7.9
0682,1994,L,5.7
0682,1998,L,4.4
0682,2002,L,6.6
0682,2006,L,4.8
0682,2010,L,7.2
0682,2014,L,3.2
0682,2018,L,6.0
0682,2022,L,5.7
0682,1973,KD,4.9
0682,1976,KD,3.8
0682,1979,KD,4.8
0682,1982,KD,6.6
0682,1985,KD,5.7
0682,1988,KD,8.0
0682,1991,KD,12.3
0682,1994,KD,7.5
0682,1998,KD,15.4
0682,2002,KD,15.6
0682,2006,KD,13.9
0682,2010,KD,11.9
0682,2014,KD,12.7
0682,2018,KD,13.8
0682,2022,KD,11.0
0682,1985,MP,1.4
0682,1988,MP,2.6
0682,1991,MP,1.7
0682,1994,MP,2.2
0682,1998,MP,1.6
0682,2002,MP,0.5
0682,2006,MP,1.8
0682,2010,MP,3.5
0682,2014,MP,7.1
0682,2018,MP,4.3
0682,2022,MP,2.3
0682,1973,S,42.5
0682,1976,S,42.2
0682,1979,S,45.0
0682,1982,S,48.2
0682,1985,S,47.1
0682,1988,S,46.9
0682,1991,S,29.7
0682,1994,S,38.0
0682,1998,S,31.7
0682,2002,S,35.3
0682,2006,S,30.6
0682,2010,S,34.4
0682,2014,S,28.2
0682,2018,S,26.4
0682,2022,S,25.7
0682,1973,V,3.5
0682,1976,V,3.5
0682,1979,V,2.5
0682,1982,V,1.7
0682,1985,V,1.7
0682,1988,V,1.6
0682,1991,V,1.5
0682,1994,V,2.5
0682,1998,V,4.4
0682,2002,V,3.4
0682,2006,V,2.4
0682,2010,V,4.0
0682,2014,V,3.0
0682,2018,V,4.0
0682,2022,V,3.9
0682,2002,SD,0.0
0682,2006,SD,1.3
0682,2010,SD,6.4
0682,2014,SD,19.3
0682,2018,SD,20.5
0682,2022,SD,27.4
0682,1973,ÖVRIGA,0.5
0682,1976,ÖVRIGA,0.2
0682,1979,ÖVRIGA,0.3
0682,1982,ÖVRIGA,0.4
0682,1985,ÖVRIGA,0.2
0682,1988,ÖVRIGA,0.2
0682,1991,ÖVRIGA,16.4
0682,1994,ÖVRIGA,14.8
0682,1998,ÖVRIGA,16.4
0682,2002,ÖVRIGA,16.8
0682,2006,ÖVRIGA,19.7
0682,2010,ÖVRIGA,5.6
0682,2014,ÖVRIGA,6.7
0682,2018,ÖVRIGA,4.8
0682,2022,ÖVRIGA,5.0
0683,1973,M,14.0
0683,1976,M,15.3
0683,1979,M,18.3
0683,1982,M,21.0
0683,1985,M,19.7
0683,1988,M,17.4
0683,1991,M,20.2
0683,1994,M,19.1
0683,1998,M,18.5
0683,2002,M,12.7
0683,2006,M,17.7
0683,2010,M,18.6
0683,2014,M,15.9
0683,2018,M,16.1
0683,2022,M,20.6
0683,1973,C,30.8
0683,1976,C,30.1
0683,1979,C,24.5
0683,1982,C,20.9
0683,1985,C,17.2
0683,1988,C,17.7
0683,1991,C,16.7
0683,1994,C,18.0
0683,1998,C,22.2
0683,2002,C,25.6
0683,2006,C,21.0
0683,2010,C,19.9
0683,2014,C,15.9
0683,2018,C,20.3
0683,2022,C,16.4
0683,1973,L,9.4
0683,1976,L,9.4
0683,1979,L,9.4
0683,1982,L,5.6
0683,1985,L,10.8
0683,1988,L,9.7
0683,1991,L,8.8
0683,1994,L,5.9
0683,1998,L,3.2
0683,2002,L,5.0
0683,2006,L,4.0
0683,2010,L,3.8
0683,2014,L,2.5
0683,2018,L,4.2
0683,2022,L,3.0
0683,1973,KD,8.5
0683,1976,KD,7.9
0683,1979,KD,9.0
0683,1982,KD,9.4
0683,1985,KD,8.9
0683,1988,KD,10.8
0683,1991,KD,13.9
0683,1994,KD,10.6
0683,1998,KD,15.3
0683,2002,KD,15.3
0683,2006,KD,13.5
0683,2010,KD,11.0
0683,2014,KD,10.7
0683,2018,KD,10.5
0683,2022,KD,10.3
0683,1982,MP,2.0
0683,1985,MP,3.1
0683,1988,MP,4.8
0683,1991,MP,2.8
0683,1994,MP,4.7
0683,1998,MP,4.2
0683,2002,MP,2.9
0683,2006,MP,2.3
0683,2010,MP,3.1
0683,2014,MP,4.7
0683,2018,MP,2.7
0683,2022,MP,1.9
0683,1973,S,33.7
0683,1976,S,33.5
0683,1979,S,33.6
0683,1982,S,37.1
0683,1985,S,36.0
0683,1988,S,35.3
0683,1991,S,30.4
0683,1994,S,37.1
0683,1998,S,29.9
0683,2002,S,34.7
0683,2006,S,35.0
0683,2010,S,33.7
0683,2014,S,34.6
0683,2018,S,28.3
0683,2022,S,26.8
0683,1973,V,3.2
0683,1976,V,3.6
0683,1979,V,3.4
0683,1982,V,2.2
0683,1985,V,2.3
0683,1988,V,2.5
0683,1991,V,1.7
0683,1994,V,0.8
0683,1998,V,3.7
0683,2002,V,3.1
0683,2006,V,4.4
0683,2010,V,3.3
0683,2014,V,3.6
0683,2018,V,3.1
0683,2022,V,4.0
0683,2002,SD,0.0
0683,2006,SD,1.9
0683,2010,SD,6.1
0683,2014,SD,11.6
0683,2018,SD,14.6
0683,2022,SD,16.7
0683,1973,ÖVRIGA,0.4
0683,1976,ÖVRIGA,0.3
0683,1979,ÖVRIGA,1.8
0683,1982,ÖVRIGA,1.8
0683,1985,ÖVRIGA,2.0
0683,1988,ÖVRIGA,1.8
0683,1991,ÖVRIGA,5.5
0683,1994,ÖVRIGA,3.9
0683,1998,ÖVRIGA,2.9
0683,2002,ÖVRIGA,0.7
0683,2006,ÖVRIGA,0.1
0683,2010,ÖVRIGA,0.5
0683,2014,ÖVRIGA,0.5
0683,2018,ÖVRIGA,0.1
0683,2022,ÖVRIGA,0.2
0684,1973,M,16.1
0684,1976,M,16.0
0684,1979,M,17.8
0684,1982,M,19.8
0684,1985,M,20.5
0684,1988,M,17.4
0684,1991,M,19.7
0684,1994,M,16.3
0684,1998,M,17.0
0684,2002,M,13.3
0684,2006,M,18.5
0684,2010,M,20.7
0684,2014,M,17.3
0684,2018,M,17.0
0684,2022,M,21.8
0684,1973,C,38.0
0684,1976,C,37.7
0684,1979,C,34.5
0684,1982,C,31.9
0684,1985,C,27.1
0684,1988,C,28.5
0684,1991,C,25.4
0684,1994,C,26.0
0684,1998,C,24.2
0684,2002,C,22.5
0684,2006,C,18.8
0684,2010,C,15.7
0684,2014,C,12.7
0684,2018,C,10.9
0684,2022,C,7.5
0684,1973,L,11.2
0684,1976,L,9.9
0684,1979,L,8.3
0684,1982,L,6.7
0684,1985,L,11.7
0684,1988,L,8.9
0684,1991,L,6.0
0684,1994,L,3.7
0684,1998,L,3.1
0684,2002,L,3.4
0684,2006,L,2.4
0684,2010,L,3.4
0684,2014,L,1.7
0684,2018,L,1.7
0684,2022,L,0.5
0684,1973,KD,7.8
0684,1976,KD,7.2
0684,1979,KD,9.6
0684,1982,KD,10.5
0684,1985,KD,9.9
0684,1988,KD,11.9
0684,1991,KD,17.9
0684,1994,KD,13.6
0684,1998,KD,21.0
0684,2002,KD,24.8
0684,2006,KD,25.6
0684,2010,KD,21.1
0684,2014,KD,23.2
0684,2018,KD,29.4
0684,2022,KD,31.3
0684,1985,MP,0.4
0684,1988,MP,2.8
0684,1991,MP,1.7
0684,1994,MP,1.0
0684,1998,MP,0.6
0684,2002,MP,0.9
0684,2006,MP,0.5
0684,2010,MP,1.3
0684,2014,MP,1.6
0684,2018,MP,0.1
0684,2022,MP,0.3
0684,1973,S,26.7
0684,1976,S,27.9
0684,1979,S,29.4
0684,1982,S,30.5
0684,1985,S,30.1
0684,1988,S,30.2
0684,1991,S,23.8
0684,1994,S,22.3
0684,1998,S,26.8
0684,2002,S,28.7
0684,2006,S,27.7
0684,2010,S,26.3
0684,2014,S,26.6
0684,2018,S,22.0
0684,2022,S,20.7
0684,1973,V,0.2
0684,1976,V,1.3
0684,1985,V,0.2
0684,1988,V,0.4
0684,1991,V,4.7
0684,1994,V,16.3
0684,1998,V,6.9
0684,2002,V,4.6
0684,2006,V,4.0
0684,2010,V,3.5
0684,2014,V,2.8
0684,2018,V,3.3
0684,2022,V,2.8
0684,2002,SD,0.0
0684,2006,SD,2.0
0684,2010,SD,8.0
0684,2014,SD,13.7
0684,2018,SD,15.3
0684,2022,SD,14.2
0684,1973,ÖVRIGA,0.1
0684,1979,ÖVRIGA,0.4
0684,1982,ÖVRIGA,0.6
0684,1985,ÖVRIGA,0.1
0684,1988,ÖVRIGA,0.1
0684,1991,ÖVRIGA,0.8
0684,1994,ÖVRIGA,0.7
0684,1998,ÖVRIGA,0.3
0684,2002,ÖVRIGA,1.8
0684,2006,ÖVRIGA,0.5
0684,2010,ÖVRIGA,0.1
0684,2014,ÖVRIGA,0.4
0684,2018,ÖVRIGA,0.4
0684,2022,ÖVRIGA,0.9
0685,1973,M,11.9
0685,1976,M,12.9
0685,1979,M,15.6
0685,1982,M,17.9
0685,1985,M,17.0
0685,1988,M,14.0
0685,1991,M,17.7
0685,1994,M,15.5
0685,1998,M,14.9
0685,2002,M,12.1
0685,2006,M,16.7
0685,2010,M,16.8
0685,2014,M,11.1
0685,2018,M,15.4
0685,2022,M,13.7
0685,1973,C,35.7
0685,1976,C,35.7
0685,1979,C,32.2
0685,1982,C,29.0
0685,1985,C,23.9
0685,1988,C,24.0
0685,1991,C,21.4
0685,1994,C,19.4
0685,1998,C,18.5
0685,2002,C,18.7
0685,2006,C,19.5
0685,2010,C,12.8
0685,2014,C,11.4
0685,2018,C,10.8
0685,2022,C,8.0
0685,1973,L,9.6
0685,1976,L,10.4
0685,1979,L,10.0
0685,1982,L,6.0
0685,1985,L,12.9
0685,1988,L,10.1
0685,1991,L,8.5
0685,1994,L,6.8
0685,1998,L,5.1
0685,2002,L,8.9
0685,2006,L,7.4
0685,2010,L,6.3
0685,2014,L,4.6
0685,2018,L,3.0
0685,2022,L,2.3
0685,1973,KD,6.2
0685,1976,KD,5.1
0685,1979,KD,5.7
0685,1982,KD,7.4
0685,1985,KD,6.9
0685,1988,KD,9.4
0685,1991,KD,14.7
0685,1994,KD,9.3
0685,1998,KD,16.7
0685,2002,KD,14.3
0685,2006,KD,13.3
0685,2010,KD,10.0
0685,2014,KD,9.2
0685,2018,KD,10.3
0685,2022,KD,9.6
0685,1985,MP,1.5
0685,1988,MP,4.8
0685,1991,MP,2.9
0685,1994,MP,3.9
0685,1998,MP,3.3
0685,2002,MP,2.6
0685,2006,MP,2.4
0685,2010,MP,3.7
0685,2014,MP,3.8
0685,2018,MP,1.3
0685,2022,MP,1.0
0685,1973,S,34.6
0685,1976,S,34.0
0685,1979,S,33.7
0685,1982,S,36.8
0685,1985,S,34.8
0685,1988,S,34.5
0685,1991,S,31.1
0685,1994,S,39.4
0685,1998,S,33.0
0685,2002,S,37.6
0685,2006,S,33.9
0685,2010,S,28.3
0685,2014,S,25.8
0685,2018,S,26.1
0685,2022,S,24.4
0685,1973,V,2.0
0685,1976,V,1.7
0685,1979,V,2.6
0685,1982,V,2.6
0685,1985,V,3.0
0685,1988,V,3.1
0685,1991,V,2.6
0685,1994,V,3.9
0685,1998,V,7.9
0685,2002,V,5.2
0685,2006,V,5.3
0685,2010,V,3.9
0685,2014,V,4.4
0685,2018,V,3.3
0685,2022,V,3.0
0685,2002,SD,0.0
0685,2006,SD,1.3
0685,2010,SD,4.8
0685,2014,SD,8.4
0685,2018,SD,11.5
0685,2022,SD,14.1
0685,1973,ÖVRIGA,0.0
0685,1976,ÖVRIGA,0.2
0685,1979,ÖVRIGA,0.2
0685,1982,ÖVRIGA,0.4
0685,1985,ÖVRIGA,0.0
0685,1988,ÖVRIGA,0.1
0685,1991,ÖVRIGA,1.0
0685,1994,ÖVRIGA,1.8
0685,1998,ÖVRIGA,0.6
0685,2002,ÖVRIGA,0.6
0685,2006,ÖVRIGA,0.2
0685,2010,ÖVRIGA,13.3
0685,2014,ÖVRIGA,21.4
0685,2018,ÖVRIGA,18.3
0685,2022,ÖVRIGA,23.9
0686,1973,M,8.9
0686,1976,M,9.9
0686,1979,M,12.1
0686,1982,M,15.6
0686,1985,M,19.1
0686,1988,M,16.8
0686,1991,M,20.5
0686,1994,M,18.4
0686,1998,M,17.9
0686,2002,M,16.3
0686,2006,M,22.1
0686,2010,M,21.2
0686,2014,M,19.6
0686,2018,M,18.1
0686,2022,M,20.3
0686,1973,C,28.7
0686,1976,C,30.2
0686,1979,C,25.6
0686,1982,C,22.7
0686,1985,C,22.4
0686,1988,C,23.4
0686,1991,C,22.4
0686,1994,C,20.5
0686,1998,C,19.6
0686,2002,C,21.5
0686,2006,C,21.4
0686,2010,C,22.6
0686,2014,C,21.4
0686,2018,C,19.9
0686,2022,C,16.3
0686,1973,L,10.6
0686,1976,L,10.4
0686,1979,L,8.4
0686,1982,L,6.6
0686,1985,L,13.3
0686,1988,L,12.1
0686,1991,L,8.0
0686,1994,L,5.8
0686,1998,L,4.6
0686,2002,L,8.1
0686,2006,L,5.4
0686,2010,L,4.6
0686,2014,L,3.0
0686,2018,L,4.1
0686,2022,L,3.6
0686,1973,KD,7.0
0686,1976,KD,5.8
0686,1979,KD,6.7
0686,1982,KD,8.0
0686,1985,KD,7.3
0686,1988,KD,8.5
0686,1991,KD,12.8
0686,1994,KD,7.6
0686,1998,KD,14.8
0686,2002,KD,13.7
0686,2006,KD,12.2
0686,2010,KD,9.8
0686,2014,KD,7.4
0686,2018,KD,8.6
0686,2022,KD,7.0
0686,1985,MP,2.9
0686,1988,MP,3.9
0686,1991,MP,3.9
0686,1994,MP,8.2
0686,1998,MP,6.3
0686,2002,MP,4.1
0686,2006,MP,4.4
0686,2010,MP,5.5
0686,2014,MP,6.3
0686,2018,MP,3.7
0686,2022,MP,2.3
0686,1973,S,34.2
0686,1976,S,33.0
0686,1979,S,32.7
0686,1982,S,35.1
0686,1985,S,34.6
0686,1988,S,34.8
0686,1991,S,30.6
0686,1994,S,37.0
0686,1998,S,29.7
0686,2002,S,34.5
0686,2006,S,31.6
0686,2010,S,29.9
0686,2014,S,31.8
0686,2018,S,27.6
0686,2022,S,29.9
0686,1973,V,0.2
0686,1976,V,0.2
0686,1985,V,0.3
0686,1988,V,0.4
0686,1991,V,0.5
0686,1994,V,1.0
0686,1998,V,6.5
0686,2002,V,1.2
0686,2006,V,1.0
0686,2010,V,1.2
0686,2014,V,1.3
0686,2018,V,5.1
0686,2022,V,4.5
0686,2002,SD,0.0
0686,2006,SD,1.5
0686,2010,SD,5.1
0686,2014,SD,8.6
0686,2018,SD,12.3
0686,2022,SD,15.7
0686,1973,ÖVRIGA,10.5
0686,1976,ÖVRIGA,10.4
0686,1979,ÖVRIGA,14.6
0686,1982,ÖVRIGA,12.1
0686,1985,ÖVRIGA,0.0
0686,1988,ÖVRIGA,0.0
0686,1991,ÖVRIGA,1.2
0686,1994,ÖVRIGA,1.4
0686,1998,ÖVRIGA,0.6
0686,2002,ÖVRIGA,0.6
0686,2006,ÖVRIGA,0.3
0686,2010,ÖVRIGA,0.2
0686,2014,ÖVRIGA,0.6
0686,2018,ÖVRIGA,0.7
0686,2022,ÖVRIGA,0.3
0687,1973,M,12.4
0687,1976,M,15.9
0687,1979,M,19.8
0687,1982,M,22.4
0687,1985,M,21.1
0687,1988,M,19.0
0687,1991,M,21.6
0687,1994,M,22.0
0687,1998,M,24.8
0687,2002,M,23.5
0687,2006,M,22.4
0687,2010,M,25.6
0687,2014,M,20.5
0687,2018,M,20.8
0687,2022,M,21.0
0687,1973,C,21.8
0687,1976,C,20.7
0687,1979,C,14.7
0687,1982,C,13.0
0687,1985,C,10.4
0687,1988,C,11.2
0687,1991,C,10.2
0687,1994,C,10.1
0687,1998,C,7.9
0687,2002,C,7.5
0687,2006,C,8.9
0687,2010,C,7.7
0687,2014,C,7.3
0687,2018,C,7.9
0687,2022,C,7.3
0687,1973,L,14.4
0687,1976,L,13.4
0687,1979,L,14.3
0687,1982,L,8.0
0687,1985,L,13.1
0687,1988,L,10.2
0687,1991,L,7.6
0687,1994,L,5.2
0687,1998,L,4.4
0687,2002,L,8.5
0687,2006,L,9.0
0687,2010,L,6.8
0687,2014,L,5.0
0687,2018,L,5.0
0687,2022,L,3.3
0687,1973,KD,6.5
0687,1976,KD,5.8
0687,1979,KD,6.5
0687,1982,KD,8.7
0687,1985,KD,7.7
0687,1988,KD,8.8
0687,1991,KD,11.4
0687,1994,KD,8.0
0687,1998,KD,14.2
0687,2002,KD,12.5
0687,2006,KD,11.2
0687,2010,KD,8.1
0687,2014,KD,7.3
0687,2018,KD,7.5
0687,2022,KD,6.4
0687,1985,MP,0.7
0687,1988,MP,3.0
0687,1991,MP,0.5
0687,1994,MP,1.0
0687,1998,MP,3.5
0687,2002,MP,4.3
0687,2006,MP,4.5
0687,2010,MP,5.9
0687,2014,MP,6.0
0687,2018,MP,4.3
0687,2022,MP,4.2
0687,1973,S,40.2
0687,1976,S,40.0
0687,1979,S,40.0
0687,1982,S,44.0
0687,1985,S,43.5
0687,1988,S,44.1
0687,1991,S,39.3
0687,1994,S,48.4
0687,1998,S,40.6
0687,2002,S,42.4
0687,2006,S,38.3
0687,2010,S,36.8
0687,2014,S,34.8
0687,2018,S,29.9
0687,2022,S,33.3
0687,1973,V,4.2
0687,1976,V,3.7
0687,1979,V,4.3
0687,1982,V,3.4
0687,1985,V,3.4
0687,1988,V,3.6
0687,1991,V,3.4
0687,1994,V,0.5
0687,1998,V,1.1
0687,2002,V,0.6
0687,2006,V,3.5
0687,2010,V,3.2
0687,2014,V,3.6
0687,2018,V,5.0
0687,2022,V,3.3
0687,2002,SD,0.0
0687,2006,SD,2.0
0687,2010,SD,5.8
0687,2014,SD,15.3
0687,2018,SD,19.6
0687,2022,SD,20.8
0687,1973,ÖVRIGA,0.5
0687,1976,ÖVRIGA,0.4
0687,1979,ÖVRIGA,0.4
0687,1982,ÖVRIGA,0.4
0687,1985,ÖVRIGA,0.0
0687,1988,ÖVRIGA,0.1
0687,1991,ÖVRIGA,6.0
0687,1994,ÖVRIGA,4.9
0687,1998,ÖVRIGA,3.3
0687,2002,ÖVRIGA,0.5
0687,2006,ÖVRIGA,0.2
0687,2010,ÖVRIGA,0.1
0687,2014,ÖVRIGA,0.2
0687,2018,ÖVRIGA,0.1
0687,2022,ÖVRIGA,0.5
0760,1973,M,10.1
0760,1976,M,10.8
0760,1979,M,11.7
0760,1982,M,14.2
0760,1985,M,13.9
0760,1988,M,10.6
0760,1991,M,13.5
0760,1994,M,11.8
0760,1998,M,13.7
0760,2002,M,12.0
0760,2006,M,16.4
0760,2010,M,15.7
0760,2014,M,9.5
0760,2018,M,10.5
0760,2022,M,16.3
0760,1973,C,32.0
0760,1976,C,34.0
0760,1979,C,32.1
0760,1982,C,28.0
0760,1985,C,26.6
0760,1988,C,27.5
0760,1991,C,28.8
0760,1994,C,23.2
0760,1998,C,21.4
0760,2002,C,22.0
0760,2006,C,25.6
0760,2010,C,27.5
0760,2014,C,26.9
0760,2018,C,18.7
0760,2022,C,11.9
0760,1973,L,7.1
0760,1976,L,6.1
0760,1979,L,6.1
0760,1982,L,4.1
0760,1985,L,6.3
0760,1988,L,6.7
0760,1991,L,6.0
0760,1994,L,5.3
0760,1998,L,3.7
0760,2002,L,5.3
0760,2006,L,2.5
0760,2010,L,2.6
0760,2014,L,1.8
0760,2018,L,1.7
0760,2022,L,1.1
0760,1973,KD,0.0
0760,1976,KD,1.0
0760,1979,KD,1.4
0760,1982,KD,1.7
0760,1985,KD,1.8
0760,1988,KD,2.4
0760,1991,KD,4.2
0760,1994,KD,2.1
0760,1998,KD,7.3
0760,2002,KD,8.0
0760,2006,KD,6.1
0760,2010,KD,4.3
0760,2014,KD,2.9
0760,2018,KD,3.5
0760,2022,KD,6.6
0760,1982,MP,1.4
0760,1985,MP,1.2
0760,1988,MP,2.9
0760,1991,MP,1.6
0760,1994,MP,1.7
0760,1998,MP,2.6
0760,2002,MP,1.0
0760,2006,MP,2.2
0760,2010,MP,3.2
0760,2014,MP,2.8
0760,2018,MP,1.0
0760,2022,MP,0.5
0760,1973,S,42.4
0760,1976,S,41.4
0760,1979,S,41.8
0760,1982,S,44.5
0760,1985,S,43.3
0760,1988,S,43.4
0760,1991,S,39.0
0760,1994,S,46.9
0760,1998,S,37.9
0760,2002,S,42.4
0760,2006,S,35.6
0760,2010,S,32.8
0760,2014,S,29.7
0760,2018,S,33.7
0760,2022,S,24.9
0760,1973,V,7.4
0760,1976,V,6.7
0760,1979,V,6.9
0760,1982,V,6.0
0760,1985,V,6.2
0760,1988,V,6.5
0760,1991,V,5.8
0760,1994,V,8.3
0760,1998,V,12.9
0760,2002,V,8.7
0760,2006,V,8.4
0760,2010,V,5.0
0760,2014,V,4.5
0760,2018,V,5.6
0760,2022,V,7.3
0760,2002,SD,0.0
0760,2006,SD,3.0
0760,2010,SD,8.8
0760,2014,SD,15.3
0760,2018,SD,18.5
0760,2022,SD,25.4
0760,1973,ÖVRIGA,1.0
0760,1976,ÖVRIGA,0.0
0760,1979,ÖVRIGA,0.1
0760,1982,ÖVRIGA,0.1
0760,1985,ÖVRIGA,0.6
0760,1991,ÖVRIGA,1.2
0760,1994,ÖVRIGA,0.8
0760,1998,ÖVRIGA,0.4
0760,2002,ÖVRIGA,0.6
0760,2006,ÖVRIGA,0.2
0760,2010,ÖVRIGA,0.1
0760,2014,ÖVRIGA,6.6
0760,2018,ÖVRIGA,6.7
0760,2022,ÖVRIGA,6.0
0761,1973,M,10.0
0761,1976,M,10.0
0761,1979,M,12.7
0761,1982,M,14.3
0761,1985,M,15.5
0761,1988,M,11.4
0761,1991,M,14.3
0761,1994,M,14.1
0761,1998,M,16.2
0761,2002,M,14.1
0761,2006,M,17.8
0761,2010,M,20.2
0761,2014,M,16.7
0761,2018,M,15.6
0761,2022,M,23.7
0761,1973,C,21.0
0761,1976,C,21.2
0761,1979,C,16.6
0761,1982,C,14.2
0761,1985,C,11.6
0761,1988,C,12.5
0761,1991,C,12.5
0761,1994,C,10.6
0761,1998,C,10.6
0761,2002,C,15.5
0761,2006,C,18.0
0761,2010,C,13.3
0761,2014,C,13.4
0761,2018,C,13.8
0761,2022,C,8.4
0761,1973,L,4.6
0761,1976,L,4.8
0761,1979,L,4.9
0761,1982,L,2.9
0761,1985,L,5.8
0761,1988,L,5.9
0761,1991,L,5.3
0761,1994,L,3.4
0761,1998,L,2.3
0761,2002,L,6.5
0761,2006,L,2.9
0761,2010,L,3.3
0761,2014,L,1.6
0761,2018,L,1.1
0761,2022,L,0.3
0761,1973,KD,1.1
0761,1976,KD,1.5
0761,1979,KD,2.5
0761,1982,KD,2.9
0761,1985,KD,2.2
0761,1988,KD,2.5
0761,1991,KD,5.0
0761,1994,KD,0.5
0761,1998,KD,2.0
0761,2002,KD,1.1
0761,2006,KD,1.2
0761,2010,KD,1.7
0761,2014,KD,1.1
0761,2018,KD,3.5
0761,2022,KD,7.8
0761,1985,MP,1.9
0761,1988,MP,3.3
0761,1991,MP,1.6
0761,1994,MP,5.6
0761,1998,MP,5.5
0761,2002,MP,1.6
0761,2006,MP,2.2
0761,2010,MP,4.8
0761,2014,MP,3.9
0761,2018,MP,2.9
0761,2022,MP,1.5
0761,1973,S,55.1
0761,1976,S,54.7
0761,1979,S,54.1
0761,1982,S,57.1
0761,1985,S,52.1
0761,1988,S,54.2
0761,1991,S,51.0
0761,1994,S,57.2
0761,1998,S,46.8
0761,2002,S,49.8
0761,2006,S,47.4
0761,2010,S,44.2
0761,2014,S,42.4
0761,2018,S,41.7
0761,2022,S,35.2
0761,1973,V,8.1
0761,1976,V,7.7
0761,1979,V,9.1
0761,1982,V,8.1
0761,1985,V,10.9
0761,1988,V,10.1
0761,1991,V,7.9
0761,1994,V,7.7
0761,1998,V,16.0
0761,2002,V,10.8
0761,2006,V,8.3
0761,2010,V,6.5
0761,2014,V,6.8
0761,2018,V,6.6
0761,2022,V,7.6
0761,2002,SD,0.0
0761,2006,SD,2.0
0761,2010,SD,5.8
0761,2014,SD,13.6
0761,2018,SD,14.4
0761,2022,SD,15.2
0761,1973,ÖVRIGA,0.0
0761,1976,ÖVRIGA,0.0
0761,1979,ÖVRIGA,0.1
0761,1982,ÖVRIGA,0.5
0761,1985,ÖVRIGA,0.0
0761,1988,ÖVRIGA,0.0
0761,1991,ÖVRIGA,2.4
0761,1994,ÖVRIGA,1.0
0761,1998,ÖVRIGA,0.6
0761,2002,ÖVRIGA,0.5
0761,2006,ÖVRIGA,0.2
0761,2010,ÖVRIGA,0.1
0761,2014,ÖVRIGA,0.4
0761,2018,ÖVRIGA,0.5
0761,2022,ÖVRIGA,0.3
0763,1973,M,15.9
0763,1976,M,17.0
0763,1979,M,19.2
0763,1982,M,21.6
0763,1985,M,20.7
0763,1988,M,16.4
0763,1991,M,19.3
0763,1994,M,18.0
0763,1998,M,24.0
0763,2002,M,22.5
0763,2006,M,31.0
0763,2010,M,26.8
0763,2014,M,18.2
0763,2018,M,13.8
0763,2022,M,17.6
0763,1973,C,38.6
0763,1976,C,40.7
0763,1979,C,36.2
0763,1982,C,32.4
0763,1985,C,29.3
0763,1988,C,29.2
0763,1991,C,31.9
0763,1994,C,32.1
0763,1998,C,21.2
0763,2002,C,23.6
0763,2006,C,21.1
0763,2010,C,26.9
0763,2014,C,23.6
0763,2018,C,21.4
0763,2022,C,12.7
0763,1973,L,4.9
0763,1976,L,4.8
0763,1979,L,5.4
0763,1982,L,2.7
0763,1985,L,6.4
0763,1988,L,4.6
0763,1991,L,3.6
0763,1994,L,2.2
0763,1998,L,1.8
0763,2002,L,4.0
0763,2006,L,3.1
0763,2010,L,2.6
0763,2014,L,1.6
0763,2018,L,1.2
0763,2022,L,0.8
0763,1973,KD,1.4
0763,1976,KD,1.5
0763,1979,KD,2.0
0763,1982,KD,2.3
0763,1985,KD,2.2
0763,1988,KD,2.9
0763,1991,KD,5.3
0763,1994,KD,2.8
0763,1998,KD,9.6
0763,2002,KD,7.4
0763,2006,KD,4.9
0763,2010,KD,3.9
0763,2014,KD,3.5
0763,2018,KD,7.5
0763,2022,KD,7.9
0763,1982,MP,1.4
0763,1985,MP,2.4
0763,1988,MP,3.7
0763,1991,MP,2.5
0763,1994,MP,4.0
0763,1998,MP,3.7
0763,2002,MP,2.5
0763,2006,MP,3.1
0763,2010,MP,4.3
0763,2014,MP,3.1
0763,2018,MP,0.8
0763,2022,MP,0.6
0763,1973,S,29.9
0763,1976,S,32.3
0763,1979,S,33.4
0763,1982,S,35.8
0763,1985,S,35.8
0763,1988,S,34.5
0763,1991,S,31.2
0763,1994,S,36.0
0763,1998,S,28.6
0763,2002,S,29.5
0763,2006,S,28.1
0763,2010,S,26.4
0763,2014,S,30.5
0763,2018,S,30.2
0763,2022,S,30.1
0763,1973,V,3.7
0763,1976,V,3.6
0763,1979,V,3.8
0763,1982,V,3.6
0763,1985,V,3.2
0763,1988,V,2.6
0763,1991,V,2.5
0763,1994,V,3.6
0763,1998,V,6.7
0763,2002,V,4.6
0763,2006,V,3.6
0763,2010,V,3.8
0763,2014,V,3.8
0763,2018,V,4.8
0763,2022,V,4.5
0763,2002,SD,0.0
0763,2006,SD,2.1
0763,2010,SD,5.3
0763,2014,SD,11.6
0763,2018,SD,15.5
0763,2022,SD,25.1
0763,1973,ÖVRIGA,5.6
0763,1976,ÖVRIGA,0.0
0763,1979,ÖVRIGA,0.0
0763,1982,ÖVRIGA,0.0
0763,1985,ÖVRIGA,0.0
0763,1988,ÖVRIGA,6.1
0763,1991,ÖVRIGA,3.7
0763,1994,ÖVRIGA,1.4
0763,1998,ÖVRIGA,4.5
0763,2002,ÖVRIGA,5.9
0763,2006,ÖVRIGA,2.9
0763,2010,ÖVRIGA,0.1
0763,2014,ÖVRIGA,4.0
0763,2018,ÖVRIGA,4.8
0763,2022,ÖVRIGA,0.6
0764,1973,M,13.3
0764,1976,M,14.1
0764,1979,M,17.0
0764,1982,M,18.8
0764,1985,M,19.3
0764,1988,M,15.6
0764,1991,M,16.4
0764,1994,M,15.1
0764,1998,M,15.1
0764,2002,M,13.4
0764,2006,M,18.9
0764,2010,M,25.4
0764,2014,M,19.7
0764,2018,M,19.8
0764,2022,M,19.8
0764,1973,C,36.8
0764,1976,C,35.7
0764,1979,C,30.6
0764,1982,C,28.6
0764,1985,C,25.5
0764,1988,C,25.7
0764,1991,C,23.5
0764,1994,C,22.3
0764,1998,C,19.0
0764,2002,C,21.8
0764,2006,C,15.7
0764,2010,C,12.3
0764,2014,C,14.9
0764,2018,C,13.4
0764,2022,C,11.2
0764,1973,L,6.7
0764,1976,L,6.9
0764,1979,L,7.6
0764,1982,L,4.1
0764,1985,L,7.7
0764,1988,L,7.3
0764,1991,L,4.7
0764,1994,L,2.8
0764,1998,L,2.4
0764,2002,L,5.8
0764,2006,L,3.3
0764,2010,L,3.1
0764,2014,L,1.7
0764,2018,L,2.2
0764,2022,L,2.0
0764,1973,KD,3.0
0764,1976,KD,2.5
0764,1979,KD,2.6
0764,1982,KD,3.1
0764,1985,KD,3.0
0764,1988,KD,4.7
0764,1991,KD,7.2
0764,1994,KD,3.5
0764,1998,KD,9.7
0764,2002,KD,9.0
0764,2006,KD,5.3
0764,2010,KD,3.3
0764,2014,KD,3.1
0764,2018,KD,3.9
0764,2022,KD,5.3
0764,1985,MP,1.3
0764,1988,MP,4.6
0764,1991,MP,2.1
0764,1994,MP,2.5
0764,1998,MP,2.4
0764,2002,MP,2.1
0764,2006,MP,2.1
0764,2010,MP,3.2
0764,2014,MP,3.5
0764,2018,MP,2.1
0764,2022,MP,1.8
0764,1973,S,36.3
0764,1976,S,36.2
0764,1979,S,35.9
0764,1982,S,39.8
0764,1985,S,38.6
0764,1988,S,38.1
0764,1991,S,25.3
0764,1994,S,31.4
0764,1998,S,30.5
0764,2002,S,28.6
0764,2006,S,29.5
0764,2010,S,24.5
0764,2014,S,28.8
0764,2018,S,27.5
0764,2022,S,27.1
0764,1973,V,3.8
0764,1976,V,3.3
0764,1979,V,4.6
0764,1982,V,4.8
0764,1985,V,4.5
0764,1988,V,3.9
0764,1991,V,2.9
0764,1994,V,3.6
0764,1998,V,6.1
0764,2002,V,5.4
0764,2006,V,4.1
0764,2010,V,4.0
0764,2014,V,4.1
0764,2018,V,4.9
0764,2022,V,4.3
0764,2002,SD,0.0
0764,2006,SD,2.1
0764,2010,SD,5.3
0764,2014,SD,14.4
0764,2018,SD,14.5
0764,2022,SD,16.2
0764,1973,ÖVRIGA,0.1
0764,1976,ÖVRIGA,1.4
0764,1979,ÖVRIGA,1.6
0764,1982,ÖVRIGA,0.7
0764,1985,ÖVRIGA,0.1
0764,1988,ÖVRIGA,0.1
0764,1991,ÖVRIGA,17.9
0764,1994,ÖVRIGA,18.8
0764,1998,ÖVRIGA,14.9
0764,2002,ÖVRIGA,13.9
0764,2006,ÖVRIGA,19.0
0764,2010,ÖVRIGA,18.8
0764,2014,ÖVRIGA,9.8
0764,2018,ÖVRIGA,11.8
0764,2022,ÖVRIGA,12.4
0765,1973,M,13.8
0765,1976,M,14.4
0765,1979,M,18.7
0765,1982,M,21.0
0765,1985,M,19.8
0765,1988,M,15.5
0765,1991,M,19.4
0765,1994,M,18.2
0765,1998,M,19.6
0765,2002,M,17.7
0765,2006,M,20.9
0765,2010,M,21.5
0765,2014,M,17.9
0765,2018,M,18.3
0765,2022,M,21.9
0765,1973,C,26.9
0765,1976,C,27.0
0765,1979,C,27.5
0765,1982,C,25.2
0765,1985,C,23.8
0765,1988,C,25.3
0765,1991,C,25.1
0765,1994,C,23.4
0765,1998,C,21.8
0765,2002,C,16.8
0765,2006,C,21.4
0765,2010,C,21.3
0765,2014,C,18.9
0765,2018,C,22.3
0765,2022,C,15.4
0765,1973,L,4.1
0765,1976,L,4.7
0765,1979,L,6.1
0765,1982,L,3.8
0765,1985,L,7.9
0765,1988,L,6.8
0765,1991,L,6.7
0765,1994,L,5.0
0765,1998,L,3.6
0765,2002,L,8.5
0765,2006,L,7.0
0765,2010,L,3.3
0765,2014,L,3.0
0765,2018,L,4.0
0765,2022,L,1.9
0765,1973,KD,2.1
0765,1976,KD,2.7
0765,1979,KD,3.0
0765,1982,KD,3.0
0765,1985,KD,2.8
0765,1988,KD,3.7
0765,1991,KD,7.0
0765,1994,KD,4.0
0765,1998,KD,7.4
0765,2002,KD,7.3
0765,2006,KD,6.8
0765,2010,KD,5.4
0765,2014,KD,4.8
0765,2018,KD,5.2
0765,2022,KD,4.7
0765,1985,MP,2.9
0765,1988,MP,6.0
0765,1991,MP,0.6
0765,1994,MP,3.1
0765,1998,MP,2.6
0765,2002,MP,2.4
0765,2006,MP,2.7
0765,2010,MP,4.2
0765,2014,MP,4.9
0765,2018,MP,2.9
0765,2022,MP,2.2
0765,1973,S,38.4
0765,1976,S,38.3
0765,1979,S,40.9
0765,1982,S,43.1
0765,1985,S,39.3
0765,1988,S,39.0
0765,1991,S,36.7
0765,1994,S,42.1
0765,1998,S,37.0
0765,2002,S,42.1
0765,2006,S,36.2
0765,2010,S,35.6
0765,2014,S,36.8
0765,2018,S,29.7
0765,2022,S,35.1
0765,1973,V,2.7
0765,1976,V,2.8
0765,1979,V,3.8
0765,1982,V,3.4
0765,1985,V,3.5
0765,1988,V,3.7
0765,1991,V,2.9
0765,1994,V,3.1
0765,1998,V,5.2
0765,2002,V,3.4
0765,2006,V,2.7
0765,2010,V,3.4
0765,2014,V,5.1
0765,2018,V,5.1
0765,2022,V,4.8
0765,2002,SD,0.0
0765,2006,SD,2.2
0765,2010,SD,5.2
0765,2014,SD,8.5
0765,2018,SD,11.1
0765,2022,SD,13.5
0765,1973,ÖVRIGA,11.9
0765,1976,ÖVRIGA,10.0
0765,1979,ÖVRIGA,0.0
0765,1982,ÖVRIGA,0.5
0765,1985,ÖVRIGA,0.0
0765,1988,ÖVRIGA,0.0
0765,1991,ÖVRIGA,1.7
0765,1994,ÖVRIGA,1.2
0765,1998,ÖVRIGA,2.8
0765,2002,ÖVRIGA,1.7
0765,2006,ÖVRIGA,0.1
0765,2010,ÖVRIGA,0.1
0765,2014,ÖVRIGA,0.2
0765,2018,ÖVRIGA,1.4
0765,2022,ÖVRIGA,0.6
0767,1973,M,10.1
0767,1976,M,10.5
0767,1979,M,12.1
0767,1982,M,15.2
0767,1985,M,15.4
0767,1988,M,14.0
0767,1991,M,16.3
0767,1994,M,12.8
0767,1998,M,11.6
0767,2002,M,12.1
0767,2006,M,8.2
0767,2010,M,7.1
0767,2014,M,5.4
0767,2018,M,6.7
0767,2022,M,8.4
0767,1973,C,31.5
0767,1976,C,30.3
0767,1979,C,27.7
0767,1982,C,23.5
0767,1985,C,21.2
0767,1988,C,20.6
0767,1991,C,21.8
0767,1994,C,16.9
0767,1998,C,13.3
0767,2002,C,11.8
0767,2006,C,8.3
0767,2010,C,7.0
0767,2014,C,6.3
0767,2018,C,6.0
0767,2022,C,4.6
0767,1973,L,6.9
0767,1976,L,8.3
0767,1979,L,8.5
0767,1982,L,4.8
0767,1985,L,8.7
0767,1988,L,7.0
0767,1991,L,5.3
0767,1994,L,3.2
0767,1998,L,2.5
0767,2002,L,3.5
0767,2006,L,1.8
0767,2010,L,1.1
0767,2014,L,0.3
0767,2018,L,0.2
0767,2022,L,0.3
0767,1973,KD,4.8
0767,1976,KD,4.5
0767,1979,KD,4.5
0767,1982,KD,4.4
0767,1985,KD,4.9
0767,1988,KD,5.4
0767,1991,KD,9.5
0767,1994,KD,5.8
0767,1998,KD,14.5
0767,2002,KD,24.2
0767,2006,KD,44.3
0767,2010,KD,44.7
0767,2014,KD,44.9
0767,2018,KD,39.3
0767,2022,KD,37.8
0767,1982,MP,3.0
0767,1985,MP,3.8
0767,1988,MP,6.4
0767,1991,MP,3.4
0767,1994,MP,5.3
0767,1998,MP,3.5
0767,2002,MP,0.8
0767,2006,MP,2.0
0767,2010,MP,4.1
0767,2014,MP,3.5
0767,2018,MP,2.0
0767,2022,MP,0.9
0767,1973,S,40.2
0767,1976,S,41.4
0767,1979,S,43.0
0767,1982,S,44.7
0767,1985,S,41.7
0767,1988,S,41.7
0767,1991,S,31.9
0767,1994,S,40.2
0767,1998,S,37.1
0767,2002,S,43.0
0767,2006,S,32.9
0767,2010,S,29.6
0767,2014,S,27.7
0767,2018,S,23.7
0767,2022,S,24.7
0767,1973,V,6.4
0767,1976,V,4.7
0767,1979,V,4.3
0767,1982,V,4.3
0767,1985,V,4.1
0767,1988,V,4.2
0767,1991,V,3.7
0767,1994,V,2.7
0767,1998,V,4.8
0767,2002,V,3.8
0767,2006,V,0.6
0767,2010,V,0.7
0767,2014,V,1.8
0767,2018,V,1.9
0767,2022,V,2.7
0767,2002,SD,0.0
0767,2006,SD,1.9
0767,2010,SD,5.7
0767,2014,SD,9.8
0767,2018,SD,18.6
0767,2022,SD,20.2
0767,1973,ÖVRIGA,0.0
0767,1976,ÖVRIGA,0.2
0767,1979,ÖVRIGA,0.0
0767,1982,ÖVRIGA,0.0
0767,1985,ÖVRIGA,0.1
0767,1988,ÖVRIGA,0.7
0767,1991,ÖVRIGA,8.1
0767,1994,ÖVRIGA,13.1
0767,1998,ÖVRIGA,12.6
0767,2002,ÖVRIGA,0.8
0767,2006,ÖVRIGA,0.2
0767,2010,ÖVRIGA,0.0
0767,2014,ÖVRIGA,0.3
0767,2018,ÖVRIGA,1.6
0767,2022,ÖVRIGA,0.5
0780,1973,M,16.9
0780,1976,M,17.2
0780,1979,M,22.0
0780,1982,M,24.5
0780,1985,M,22.7
0780,1988,M,19.5
0780,1991,M,24.2
0780,1994,M,25.3
0780,1998,M,25.1
0780,2002,M,19.8
0780,2006,M,26.3
0780,2010,M,32.4
0780,2014,M,28.6
0780,2018,M,29.5
0780,2022,M,27.3
0780,1973,C,31.2
0780,1976,C,28.6
0780,1979,C,23.8
0780,1982,C,19.5
0780,1985,C,15.6
0780,1988,C,15.6
0780,1991,C,14.8
0780,1994,C,12.2
0780,1998,C,9.6
0780,2002,C,9.2
0780,2006,C,10.0
0780,2010,C,7.7
0780,2014,C,8.2
0780,2018,C,7.5
0780,2022,C,5.6
0780,1973,L,6.6
0780,1976,L,9.6
0780,1979,L,9.2
0780,1982,L,4.3
0780,1985,L,11.8
0780,1988,L,10.9
0780,1991,L,9.2
0780,1994,L,5.7
0780,1998,L,3.8
0780,2002,L,9.4
0780,2006,L,6.6
0780,2010,L,6.1
0780,2014,L,3.6
0780,2018,L,4.3
0780,2022,L,3.6
0780,1973,KD,2.0
0780,1976,KD,2.0
0780,1979,KD,2.3
0780,1982,KD,2.4
0780,1985,KD,2.0
0780,1988,KD,3.0
0780,1991,KD,5.9
0780,1994,KD,2.9
0780,1998,KD,9.2
0780,2002,KD,7.8
0780,2006,KD,7.0
0780,2010,KD,4.5
0780,2014,KD,3.6
0780,2018,KD,5.7
0780,2022,KD,5.2
0780,1982,MP,2.9
0780,1985,MP,2.9
0780,1988,MP,5.7
0780,1991,MP,3.5
0780,1994,MP,4.5
0780,1998,MP,4.3
0780,2002,MP,4.3
0780,2006,MP,4.9
0780,2010,MP,7.2
0780,2014,MP,7.0
0780,2018,MP,4.2
0780,2022,MP,3.1
0780,1973,S,38.3
0780,1976,S,37.4
0780,1979,S,36.2
0780,1982,S,37.7
0780,1985,S,35.3
0780,1988,S,34.9
0780,1991,S,27.0
0780,1994,S,34.9
0780,1998,S,32.1
0780,2002,S,35.4
0780,2006,S,33.2
0780,2010,S,29.7
0780,2014,S,32.3
0780,2018,S,30.7
0780,2022,S,34.9
0780,1973,V,4.4
0780,1976,V,4.0
0780,1979,V,6.0
0780,1982,V,8.5
0780,1985,V,8.9
0780,1988,V,10.3
0780,1991,V,10.4
0780,1994,V,13.2
0780,1998,V,15.0
0780,2002,V,11.1
0780,2006,V,8.5
0780,2010,V,7.6
0780,2014,V,7.3
0780,2018,V,8.2
0780,2022,V,8.2
0780,2002,SD,1.3
0780,2006,SD,2.6
0780,2010,SD,4.1
0780,2014,SD,7.6
0780,2018,SD,8.7
0780,2022,SD,11.1
0780,1973,ÖVRIGA,0.6
0780,1976,ÖVRIGA,1.2
0780,1979,ÖVRIGA,0.6
0780,1982,ÖVRIGA,0.1
0780,1985,ÖVRIGA,0.8
0780,1988,ÖVRIGA,0.1
0780,1991,ÖVRIGA,5.0
0780,1994,ÖVRIGA,1.3
0780,1998,ÖVRIGA,1.0
0780,2002,ÖVRIGA,1.7
0780,2006,ÖVRIGA,0.9
0780,2010,ÖVRIGA,0.7
0780,2014,ÖVRIGA,1.8
0780,2018,ÖVRIGA,1.3
0780,2022,ÖVRIGA,0.9
0781,1973,M,14.0
0781,1976,M,13.8
0781,1979,M,16.2
0781,1982,M,18.8
0781,1985,M,18.2
0781,1988,M,13.1
0781,1991,M,16.9
0781,1994,M,15.0
0781,1998,M,16.0
0781,2002,M,13.7
0781,2006,M,18.3
0781,2010,M,22.4
0781,2014,M,19.9
0781,2018,M,25.6
0781,2022,M,28.4
0781,1973,C,37.4
0781,1976,C,38.2
0781,1979,C,32.1
0781,1982,C,28.8
0781,1985,C,25.8
0781,1988,C,27.9
0781,1991,C,24.6
0781,1994,C,22.8
0781,1998,C,17.1
0781,2002,C,19.5
0781,2006,C,15.4
0781,2010,C,16.8
0781,2014,C,14.0
0781,2018,C,11.8
0781,2022,C,8.7
0781,1973,L,8.8
0781,1976,L,7.8
0781,1979,L,9.9
0781,1982,L,6.2
0781,1985,L,10.4
0781,1988,L,8.2
0781,1991,L,7.1
0781,1994,L,5.2
0781,1998,L,4.9
0781,2002,L,7.4
0781,2006,L,5.6
0781,2010,L,4.9
0781,2014,L,3.3
0781,2018,L,2.6
0781,2022,L,0.7
0781,1973,KD,3.2
0781,1976,KD,3.3
0781,1979,KD,3.6
0781,1982,KD,3.6
0781,1985,KD,3.8
0781,1988,KD,4.1
0781,1991,KD,8.2
0781,1994,KD,4.2
0781,1998,KD,7.5
0781,2002,KD,6.4
0781,2006,KD,5.9
0781,2010,KD,4.8
0781,2014,KD,4.5
0781,2018,KD,5.2
0781,2022,KD,6.8
0781,1982,MP,1.7
0781,1985,MP,2.0
0781,1988,MP,5.1
0781,1991,MP,2.6
0781,1994,MP,4.3
0781,1998,MP,3.6
0781,2002,MP,3.8
0781,2006,MP,3.0
0781,2010,MP,3.6
0781,2014,MP,3.5
0781,2018,MP,2.4
0781,2022,MP,2.2
0781,1973,S,33.3
0781,1976,S,33.6
0781,1979,S,34.5
0781,1982,S,37.4
0781,1985,S,36.0
0781,1988,S,35.6
0781,1991,S,29.6
0781,1994,S,34.6
0781,1998,S,30.1
0781,2002,S,31.4
0781,2006,S,29.9
0781,2010,S,30.0
0781,2014,S,30.2
0781,2018,S,25.3
0781,2022,S,25.1
0781,1973,V,3.1
0781,1976,V,2.9
0781,1979,V,3.7
0781,1982,V,3.4
0781,1985,V,3.8
0781,1988,V,5.9
0781,1991,V,6.8
0781,1994,V,7.3
0781,1998,V,9.7
0781,2002,V,7.6
0781,2006,V,5.5
0781,2010,V,5.3
0781,2014,V,7.2
0781,2018,V,5.8
0781,2022,V,5.5
0781,2002,SD,0.1
0781,2006,SD,1.1
0781,2010,SD,3.6
0781,2014,SD,10.8
0781,2018,SD,15.8
0781,2022,SD,19.4
0781,1973,ÖVRIGA,0.3
0781,1976,ÖVRIGA,0.4
0781,1979,ÖVRIGA,0.1
0781,1982,ÖVRIGA,0.0
0781,1985,ÖVRIGA,0.1
0781,1988,ÖVRIGA,0.2
0781,1991,ÖVRIGA,4.3
0781,1994,ÖVRIGA,6.5
0781,1998,ÖVRIGA,11.0
0781,2002,ÖVRIGA,10.1
0781,2006,ÖVRIGA,15.4
0781,2010,ÖVRIGA,8.6
0781,2014,ÖVRIGA,6.8
0781,2018,ÖVRIGA,5.4
0781,2022,ÖVRIGA,3.3
0821,1973,M,13.7
0821,1976,M,12.6
0821,1979,M,14.6
0821,1982,M,15.0
0821,1985,M,14.5
0821,1988,M,12.6
0821,1991,M,13.4
0821,1994,M,12.2
0821,1998,M,12.3
0821,2002,M,8.2
0821,2006,M,10.8
0821,2010,M,10.6
0821,2014,M,8.5
0821,2018,M,10.9
0821,2022,M,11.0
0821,1973,C,30.3
0821,1976,C,31.4
0821,1979,C,26.9
0821,1982,C,23.0
0821,1985,C,24.2
0821,1988,C,24.7
0821,1991,C,27.1
0821,1994,C,26.2
0821,1998,C,21.2
0821,2002,C,22.6
0821,2006,C,27.1
0821,2010,C,24.8
0821,2014,C,22.4
0821,2018,C,20.1
0821,2022,C,16.1
0821,1973,L,4.4
0821,1976,L,4.0
0821,1979,L,4.4
0821,1982,L,2.9
0821,1985,L,5.0
0821,1988,L,5.0
0821,1991,L,3.1
0821,1994,L,2.5
0821,1998,L,2.5
0821,2002,L,2.6
0821,2006,L,2.4
0821,2010,L,1.6
0821,2014,L,1.2
0821,2018,L,0.4
0821,2022,L,0.3
0821,1973,KD,4.9
0821,1976,KD,4.6
0821,1979,KD,4.7
0821,1982,KD,5.0
0821,1985,KD,4.4
0821,1988,KD,5.0
0821,1991,KD,6.7
0821,1994,KD,4.3
0821,1998,KD,7.6
0821,2002,KD,12.2
0821,2006,KD,6.5
0821,2010,KD,6.2
0821,2014,KD,7.8
0821,2018,KD,9.0
0821,2022,KD,15.6
0821,1985,MP,0.4
0821,1988,MP,2.7
0821,1991,MP,2.5
0821,1994,MP,4.1
0821,1998,MP,3.7
0821,2002,MP,3.3
0821,2006,MP,2.1
0821,2010,MP,3.4
0821,2014,MP,3.4
0821,2018,MP,0.6
0821,2022,MP,0.4
0821,1973,S,41.5
0821,1976,S,43.5
0821,1979,S,45.0
0821,1982,S,49.8
0821,1985,S,47.0
0821,1988,S,45.5
0821,1991,S,40.9
0821,1994,S,45.5
0821,1998,S,39.8
0821,2002,S,43.2
0821,2006,S,39.0
0821,2010,S,41.1
0821,2014,S,38.0
0821,2018,S,32.9
0821,2022,S,30.5
0821,1973,V,5.3
0821,1976,V,3.9
0821,1979,V,4.4
0821,1982,V,4.1
0821,1985,V,4.4
0821,1988,V,4.5
0821,1991,V,5.0
0821,1994,V,4.9
0821,1998,V,10.1
0821,2002,V,4.9
0821,2006,V,3.4
0821,2010,V,2.2
0821,2014,V,2.2
0821,2018,V,3.3
0821,2022,V,3.7
0821,2002,SD,0.0
0821,2006,SD,5.5
0821,2010,SD,9.4
0821,2014,SD,15.9
0821,2018,SD,22.4
0821,2022,SD,21.7
0821,1973,ÖVRIGA,0.0
0821,1979,ÖVRIGA,0.0
0821,1982,ÖVRIGA,0.1
0821,1985,ÖVRIGA,0.0
0821,1988,ÖVRIGA,0.1
0821,1991,ÖVRIGA,1.3
0821,1994,ÖVRIGA,0.3
0821,1998,ÖVRIGA,2.9
0821,2002,ÖVRIGA,3.0
0821,2006,ÖVRIGA,3.1
0821,2010,ÖVRIGA,0.8
0821,2014,ÖVRIGA,0.6
0821,2018,ÖVRIGA,0.2
0821,2022,ÖVRIGA,0.6
0834,1973,M,15.6
0834,1976,M,16.4
0834,1979,M,18.7
0834,1982,M,17.9
0834,1985,M,19.1
0834,1988,M,13.1
0834,1991,M,14.7
0834,1994,M,13.5
0834,1998,M,13.0
0834,2002,M,12.4
0834,2006,M,11.0
0834,2010,M,10.8
0834,2014,M,7.7
0834,2018,M,7.2
0834,2022,M,10.2
0834,1973,C,42.1
0834,1976,C,39.2
0834,1979,C,35.2
0834,1982,C,34.9
0834,1985,C,32.7
0834,1988,C,33.2
0834,1991,C,37.1
0834,1994,C,33.7
0834,1998,C,36.3
0834,2002,C,31.5
0834,2006,C,25.0
0834,2010,C,30.2
0834,2014,C,27.4
0834,2018,C,23.5
0834,2022,C,17.3
0834,1973,L,4.9
0834,1976,L,5.3
0834,1979,L,4.9
0834,1982,L,3.8
0834,1985,L,6.2
0834,1988,L,5.4
0834,1991,L,3.9
0834,1994,L,2.6
0834,1998,L,3.0
0834,2002,L,3.8
0834,2006,L,2.4
0834,2010,L,3.7
0834,2014,L,5.6
0834,2018,L,4.9
0834,2022,L,3.5
0834,1973,KD,4.8
0834,1976,KD,4.8
0834,1979,KD,5.1
0834,1982,KD,5.4
0834,1985,KD,4.4
0834,1988,KD,4.7
0834,1991,KD,6.8
0834,1994,KD,4.3
0834,1998,KD,7.4
0834,2002,KD,8.4
0834,2006,KD,6.7
0834,2010,KD,5.3
0834,2014,KD,3.3
0834,2018,KD,4.6
0834,2022,KD,4.5
0834,1985,MP,0.3
0834,1988,MP,5.1
0834,1991,MP,4.0
0834,1994,MP,7.2
0834,1998,MP,5.4
0834,2002,MP,4.7
0834,2006,MP,3.7
0834,2010,MP,3.7
0834,2014,MP,3.5
0834,2018,MP,1.0
0834,2022,MP,2.4
0834,1973,S,31.6
0834,1976,S,31.5
0834,1979,S,35.7
0834,1982,S,36.3
0834,1985,S,35.8
0834,1988,S,35.8
0834,1991,S,30.6
0834,1994,S,34.8
0834,1998,S,28.8
0834,2002,S,34.5
0834,2006,S,28.4
0834,2010,S,32.8
0834,2014,S,31.5
0834,2018,S,31.3
0834,2022,S,28.8
0834,1973,V,0.8
0834,1982,V,1.3
0834,1985,V,1.5
0834,1988,V,2.3
0834,1991,V,2.2
0834,1994,V,3.4
0834,1998,V,5.9
0834,2002,V,4.1
0834,2006,V,3.0
0834,2010,V,3.0
0834,2014,V,2.7
0834,2018,V,3.7
0834,2022,V,4.4
0834,2002,SD,0.0
0834,2006,SD,1.1
0834,2010,SD,3.7
0834,2014,SD,17.9
0834,2018,SD,20.7
0834,2022,SD,28.5
0834,1973,ÖVRIGA,0.0
0834,1976,ÖVRIGA,2.9
0834,1979,ÖVRIGA,0.5
0834,1982,ÖVRIGA,0.4
0834,1985,ÖVRIGA,0.1
0834,1988,ÖVRIGA,0.4
0834,1991,ÖVRIGA,0.7
0834,1994,ÖVRIGA,0.6
0834,1998,ÖVRIGA,0.3
0834,2002,ÖVRIGA,0.6
0834,2006,ÖVRIGA,18.8
0834,2010,ÖVRIGA,6.9
0834,2014,ÖVRIGA,0.4
0834,2018,ÖVRIGA,3.1
0834,2022,ÖVRIGA,0.3
0840,1973,M,15.3
0840,1976,M,19.3
0840,1979,M,21.2
0840,1982,M,25.0
0840,1985,M,23.6
0840,1988,M,18.8
0840,1991,M,22.3
0840,1994,M,16.9
0840,1998,M,21.8
0840,2002,M,16.1
0840,2006,M,22.1
0840,2010,M,31.6
0840,2014,M,31.7
0840,2018,M,22.5
0840,2022,M,25.1
0840,1973,C,36.1
0840,1976,C,34.2
0840,1979,C,30.4
0840,1982,C,26.5
0840,1985,C,24.5
0840,1988,C,24.9
0840,1991,C,23.7
0840,1994,C,28.7
0840,1998,C,21.6
0840,2002,C,19.0
0840,2006,C,18.1
0840,2010,C,13.6
0840,2014,C,12.0
0840,2018,C,18.4
0840,2022,C,13.2
0840,1973,L,6.6
0840,1976,L,7.7
0840,1979,L,8.4
0840,1982,L,5.2
0840,1985,L,9.8
0840,1988,L,9.2
0840,1991,L,7.1
0840,1994,L,4.5
0840,1998,L,3.8
0840,2002,L,7.7
0840,2006,L,6.1
0840,2010,L,5.3
0840,2014,L,2.8
0840,2018,L,3.1
0840,2022,L,2.8
0840,1973,KD,1.0
0840,1976,KD,1.1
0840,1979,KD,1.8
0840,1982,KD,2.1
0840,1985,KD,1.8
0840,1988,KD,2.7
0840,1991,KD,4.4
0840,1994,KD,1.9
0840,1998,KD,7.5
0840,2002,KD,5.6
0840,2006,KD,5.1
0840,2010,KD,3.8
0840,2014,KD,2.3
0840,2018,KD,4.0
0840,2022,KD,5.8
0840,1982,MP,2.1
0840,1985,MP,2.7
0840,1988,MP,5.0
0840,1991,MP,4.7
0840,1994,MP,5.8
0840,1998,MP,5.3
0840,2002,MP,3.0
0840,2006,MP,3.9
0840,2010,MP,5.4
0840,2014,MP,5.3
0840,2018,MP,2.6
0840,2022,MP,1.5
0840,1973,S,32.6
0840,1976,S,35.5
0840,1979,S,35.4
0840,1982,S,38.4
0840,1985,S,37.1
0840,1988,S,36.6
0840,1991,S,31.8
0840,1994,S,36.7
0840,1998,S,31.5
0840,2002,S,35.3
0840,2006,S,33.8
0840,2010,S,29.7
0840,2014,S,30.5
0840,2018,S,28.5
0840,2022,S,31.9
0840,1973,V,1.8
0840,1976,V,2.2
0840,1979,V,2.7
0840,1982,V,0.8
0840,1985,V,0.5
0840,1988,V,2.7
0840,1991,V,3.0
0840,1994,V,4.0
0840,1998,V,7.7
0840,2002,V,4.9
0840,2006,V,4.4
0840,2010,V,4.3
0840,2014,V,3.9
0840,2018,V,5.1
0840,2022,V,5.6
0840,2002,SD,0.0
0840,2006,SD,2.5
0840,2010,SD,4.7
0840,2014,SD,10.2
0840,2018,SD,13.7
0840,2022,SD,13.3
0840,1973,ÖVRIGA,6.6
0840,1976,ÖVRIGA,0.0
0840,1979,ÖVRIGA,0.0
0840,1982,ÖVRIGA,0.0
0840,1985,ÖVRIGA,0.0
0840,1988,ÖVRIGA,0.1
0840,1991,ÖVRIGA,3.1
0840,1994,ÖVRIGA,1.5
0840,1998,ÖVRIGA,0.7
0840,2002,ÖVRIGA,8.4
0840,2006,ÖVRIGA,4.2
0840,2010,ÖVRIGA,1.6
0840,2014,ÖVRIGA,1.3
0840,2018,ÖVRIGA,2.1
0840,2022,ÖVRIGA,0.8
0860,1973,M,13.5
0860,1976,M,13.7
0860,1979,M,14.2
0860,1982,M,15.7
0860,1985,M,14.5
0860,1988,M,11.6
0860,1991,M,13.8
0860,1994,M,10.6
0860,1998,M,10.1
0860,2002,M,8.3
0860,2006,M,11.1
0860,2010,M,13.7
0860,2014,M,8.7
0860,2018,M,8.5
0860,2022,M,8.1
0860,1973,C,30.6
0860,1976,C,29.3
0860,1979,C,26.6
0860,1982,C,26.6
0860,1985,C,25.8
0860,1988,C,27.0
0860,1991,C,23.7
0860,1994,C,23.9
0860,1998,C,15.9
0860,2002,C,18.2
0860,2006,C,19.0
0860,2010,C,23.9
0860,2014,C,24.7
0860,2018,C,33.5
0860,2022,C,32.0
0860,1973,L,6.1
0860,1976,L,6.2
0860,1979,L,5.8
0860,1982,L,3.4
0860,1985,L,5.8
0860,1988,L,4.6
0860,1991,L,3.8
0860,1994,L,2.6
0860,1998,L,2.1
0860,2002,L,3.2
0860,2006,L,3.3
0860,2010,L,3.2
0860,2014,L,2.9
0860,2018,L,1.3
0860,2022,L,0.3
0860,1973,KD,4.4
0860,1976,KD,4.2
0860,1979,KD,4.7
0860,1982,KD,5.3
0860,1985,KD,5.1
0860,1988,KD,5.9
0860,1991,KD,10.0
0860,1994,KD,6.0
0860,1998,KD,13.4
0860,2002,KD,11.8
0860,2006,KD,8.5
0860,2010,KD,11.7
0860,2014,KD,7.7
0860,2018,KD,8.2
0860,2022,KD,13.8
0860,1985,MP,0.5
0860,1988,MP,2.5
0860,1991,MP,1.3
0860,1994,MP,1.0
0860,1998,MP,0.4
0860,2002,MP,1.1
0860,2006,MP,1.7
0860,2010,MP,3.8
0860,2014,MP,2.0
0860,2018,MP,1.0
0860,2022,MP,0.5
0860,1973,S,42.0
0860,1976,S,41.9
0860,1979,S,41.1
0860,1982,S,41.4
0860,1985,S,40.3
0860,1988,S,41.0
0860,1991,S,35.2
0860,1994,S,41.0
0860,1998,S,38.0
0860,2002,S,43.8
0860,2006,S,40.4
0860,2010,S,32.5
0860,2014,S,34.9
0860,2018,S,26.7
0860,2022,S,24.7
0860,1973,V,3.4
0860,1976,V,4.7
0860,1979,V,7.6
0860,1982,V,7.3
0860,1985,V,8.0
0860,1988,V,7.4
0860,1991,V,11.5
0860,1994,V,14.1
0860,1998,V,15.3
0860,2002,V,9.5
0860,2006,V,11.4
0860,2010,V,8.2
0860,2014,V,7.2
0860,2018,V,8.2
0860,2022,V,6.3
0860,2002,SD,0.0
0860,2006,SD,3.3
0860,2010,SD,3.0
0860,2014,SD,11.7
0860,2018,SD,12.4
0860,2022,SD,13.6
0860,1973,ÖVRIGA,0.0
0860,1979,ÖVRIGA,0.0
0860,1982,ÖVRIGA,0.3
0860,1985,ÖVRIGA,0.0
0860,1988,ÖVRIGA,0.1
0860,1991,ÖVRIGA,0.7
0860,1994,ÖVRIGA,0.7
0860,1998,ÖVRIGA,4.9
0860,2002,ÖVRIGA,4.1
0860,2006,ÖVRIGA,1.4
0860,2010,ÖVRIGA,0.1
0860,2014,ÖVRIGA,0.3
0860,2018,ÖVRIGA,0.2
0860,2022,ÖVRIGA,0.8
0861,1973,M,12.5
0861,1976,M,13.2
0861,1979,M,14.4
0861,1982,M,15.4
0861,1985,M,16.0
0861,1988,M,10.2
0861,1991,M,8.7
0861,1994,M,6.9
0861,1998,M,6.8
0861,2002,M,4.8
0861,2006,M,5.4
0861,2010,M,5.9
0861,2014,M,4.0
0861,2018,M,5.1
0861,2022,M,7.2
0861,1973,C,25.8
0861,1976,C,25.4
0861,1979,C,21.7
0861,1982,C,21.5
0861,1985,C,19.7
0861,1988,C,35.2
0861,1991,C,42.0
0861,1994,C,43.1
0861,1998,C,44.6
0861,2002,C,49.3
0861,2006,C,47.4
0861,2010,C,40.4
0861,2014,C,40.7
0861,2018,C,38.9
0861,2022,C,24.4
0861,1973,L,4.4
0861,1976,L,4.4
0861,1979,L,5.4
0861,1982,L,2.9
0861,1985,L,5.9
0861,1988,L,3.7
0861,1991,L,3.0
0861,1994,L,1.9
0861,1998,L,1.5
0861,2002,L,2.1
0861,2006,L,1.8
0861,2010,L,2.2
0861,2014,L,1.5
0861,2018,L,2.1
0861,2022,L,2.3
0861,1973,KD,5.0
0861,1976,KD,4.2
0861,1979,KD,4.0
0861,1982,KD,4.6
0861,1985,KD,4.4
0861,1988,KD,3.8
0861,1991,KD,5.2
0861,1994,KD,2.5
0861,1998,KD,4.9
0861,2002,KD,3.9
0861,2006,KD,4.1
0861,2010,KD,3.8
0861,2014,KD,2.7
0861,2018,KD,3.1
0861,2022,KD,8.7
0861,1982,MP,1.6
0861,1985,MP,3.8
0861,1988,MP,4.2
0861,1991,MP,2.4
0861,1994,MP,2.5
0861,1998,MP,2.7
0861,2002,MP,2.2
0861,2006,MP,1.8
0861,2010,MP,3.0
0861,2014,MP,2.3
0861,2018,MP,1.6
0861,2022,MP,0.7
0861,1973,S,46.0
0861,1976,S,47.4
0861,1979,S,48.5
0861,1982,S,48.1
0861,1985,S,44.2
0861,1988,S,37.5
0861,1991,S,32.9
0861,1994,S,38.1
0861,1998,S,32.6
0861,2002,S,32.5
0861,2006,S,34.2
0861,2010,S,35.5
0861,2014,S,35.4
0861,2018,S,30.8
0861,2022,S,34.3
0861,1973,V,6.3
0861,1976,V,5.5
0861,1979,V,5.9
0861,1982,V,5.9
0861,1985,V,5.9
0861,1988,V,5.3
0861,1991,V,5.5
0861,1994,V,4.8
0861,1998,V,6.8
0861,2002,V,4.8
0861,2006,V,3.8
0861,2010,V,3.8
0861,2014,V,3.4
0861,2018,V,3.0
0861,2022,V,3.4
0861,2002,SD,0.0
0861,2006,SD,1.3
0861,2010,SD,4.2
0861,2014,SD,9.2
0861,2018,SD,15.3
0861,2022,SD,18.9
0861,1973,ÖVRIGA,0.0
0861,1976,ÖVRIGA,0.0
0861,1979,ÖVRIGA,0.0
0861,1982,ÖVRIGA,0.0
0861,1985,ÖVRIGA,0.0
0861,1988,ÖVRIGA,0.0
0861,1991,ÖVRIGA,0.4
0861,1994,ÖVRIGA,0.3
0861,1998,ÖVRIGA,0.2
0861,2002,ÖVRIGA,0.6
0861,2006,ÖVRIGA,0.1
0861,2010,ÖVRIGA,1.2
0861,2014,ÖVRIGA,0.8
0861,2018,ÖVRIGA,0.1
0861,2022,ÖVRIGA,0.1
0862,1973,M,10.0
0862,1976,M,9.7
0862,1979,M,11.1
0862,1982,M,12.4
0862,1985,M,13.9
0862,1988,M,11.0
0862,1991,M,9.8
0862,1994,M,9.2
0862,1998,M,10.9
0862,2002,M,8.6
0862,2006,M,12.5
0862,2010,M,18.0
0862,2014,M,17.5
0862,2018,M,15.6
0862,2022,M,16.3
0862,1973,C,34.4
0862,1976,C,32.5
0862,1979,C,30.6
0862,1982,C,27.1
0862,1985,C,24.3
0862,1988,C,25.7
0862,1991,C,19.8
0862,1994,C,17.5
0862,1998,C,14.8
0862,2002,C,14.6
0862,2006,C,17.9
0862,2010,C,15.7
0862,2014,C,15.4
0862,2018,C,15.6
0862,2022,C,18.9
0862,1973,L,4.9
0862,1976,L,3.8
0862,1979,L,5.6
0862,1982,L,2.8
0862,1985,L,5.7
0862,1988,L,4.9
0862,1991,L,3.5
0862,1994,L,2.8
0862,1998,L,2.4
0862,2002,L,3.4
0862,2006,L,1.4
0862,2010,L,2.5
0862,2014,L,2.0
0862,2018,L,1.5
0862,2022,L,1.0
0862,1973,KD,1.7
0862,1976,KD,2.5
0862,1979,KD,2.2
0862,1982,KD,3.3
0862,1985,KD,3.2
0862,1988,KD,2.8
0862,1991,KD,3.3
0862,1994,KD,2.5
0862,1998,KD,6.6
0862,2002,KD,9.0
0862,2006,KD,13.0
0862,2010,KD,4.6
0862,2014,KD,2.9
0862,2018,KD,3.4
0862,2022,KD,4.6
0862,1982,MP,2.0
0862,1985,MP,3.5
0862,1988,MP,4.8
0862,1991,MP,2.4
0862,1994,MP,3.7
0862,1998,MP,2.6
0862,2002,MP,2.4
0862,2006,MP,3.2
0862,2010,MP,3.5
0862,2014,MP,3.6
0862,2018,MP,2.0
0862,2022,MP,2.0
0862,1973,S,44.8
0862,1976,S,47.7
0862,1979,S,47.2
0862,1982,S,50.0
0862,1985,S,46.1
0862,1988,S,45.1
0862,1991,S,40.4
0862,1994,S,50.6
0862,1998,S,46.7
0862,2002,S,56.8
0862,2006,S,46.7
0862,2010,S,47.3
0862,2014,S,43.9
0862,2018,S,37.1
0862,2022,S,33.0
0862,1973,V,3.7
0862,1976,V,3.1
0862,1979,V,3.3
0862,1982,V,2.5
0862,1985,V,3.2
0862,1988,V,2.8
0862,1991,V,1.8
0862,1994,V,2.3
0862,1998,V,7.2
0862,2002,V,4.6
0862,2006,V,3.7
0862,2010,V,4.4
0862,2014,V,4.8
0862,2018,V,4.0
0862,2022,V,4.3
0862,2002,SD,0.0
0862,2006,SD,1.5
0862,2010,SD,2.8
0862,2014,SD,9.1
0862,2018,SD,13.1
0862,2022,SD,18.3
0862,1973,ÖVRIGA,0.5
0862,1976,ÖVRIGA,0.7
0862,1982,ÖVRIGA,0.0
0862,1985,ÖVRIGA,0.1
0862,1988,ÖVRIGA,3.0
0862,1991,ÖVRIGA,19.0
0862,1994,ÖVRIGA,11.4
0862,1998,ÖVRIGA,8.9
0862,2002,ÖVRIGA,0.5
0862,2006,ÖVRIGA,0.2
0862,2010,ÖVRIGA,1.2
0862,2014,ÖVRIGA,0.8
0862,2018,ÖVRIGA,7.7
0862,2022,ÖVRIGA,1.5
0880,1973,M,18.1
0880,1976,M,19.0
0880,1979,M,22.1
0880,1982,M,25.1
0880,1985,M,24.2
0880,1988,M,19.5
0880,1991,M,25.0
0880,1994,M,22.7
0880,1998,M,24.0
0880,2002,M,17.3
0880,2006,M,21.1
0880,2010,M,21.4
0880,2014,M,15.7
0880,2018,M,15.5
0880,2022,M,21.1
0880,1973,C,23.3
0880,1976,C,21.4
0880,1979,C,15.8
0880,1982,C,14.1
0880,1985,C,10.5
0880,1988,C,12.6
0880,1991,C,11.7
0880,1994,C,10.1
0880,1998,C,8.2
0880,2002,C,8.9
0880,2006,C,8.7
0880,2010,C,6.9
0880,2014,C,7.1
0880,2018,C,8.0
0880,2022,C,5.9
0880,1973,L,7.0
0880,1976,L,8.6
0880,1979,L,9.0
0880,1982,L,4.5
0880,1985,L,10.1
0880,1988,L,9.5
0880,1991,L,7.8
0880,1994,L,5.4
0880,1998,L,4.1
0880,2002,L,10.2
0880,2006,L,6.2
0880,2010,L,5.7
0880,2014,L,6.0
0880,2018,L,5.5
0880,2022,L,3.6
0880,1973,KD,2.6
0880,1976,KD,2.5
0880,1979,KD,3.2
0880,1982,KD,3.3
0880,1985,KD,2.3
0880,1988,KD,3.4
0880,1991,KD,6.7
0880,1994,KD,3.2
0880,1998,KD,9.9
0880,2002,KD,8.4
0880,2006,KD,6.0
0880,2010,KD,3.8
0880,2014,KD,3.7
0880,2018,KD,5.4
0880,2022,KD,6.3
0880,1982,MP,2.2
0880,1985,MP,3.0
0880,1988,MP,5.1
0880,1991,MP,4.0
0880,1994,MP,4.9
0880,1998,MP,4.8
0880,2002,MP,4.9
0880,2006,MP,4.8
0880,2010,MP,6.3
0880,2014,MP,6.2
0880,2018,MP,3.7
0880,2022,MP,3.8
0880,1973,S,45.0
0880,1976,S,44.7
0880,1979,S,44.5
0880,1982,S,46.9
0880,1985,S,45.9
0880,1988,S,45.2
0880,1991,S,39.8
0880,1994,S,46.7
0880,1998,S,37.3
0880,2002,S,39.7
0880,2006,S,44.7
0880,2010,S,45.9
0880,2014,S,45.4
0880,2018,S,42.5
0880,2022,S,38.2
0880,1973,V,3.7
0880,1976,V,3.6
0880,1979,V,5.0
0880,1982,V,3.9
0880,1985,V,3.9
0880,1988,V,4.5
0880,1991,V,3.8
0880,1994,V,5.3
0880,1998,V,10.4
0880,2002,V,7.9
0880,2006,V,5.1
0880,2010,V,4.5
0880,2014,V,5.2
0880,2018,V,6.1
0880,2022,V,6.7
0880,2002,SD,0.4
0880,2006,SD,3.1
0880,2010,SD,4.6
0880,2014,SD,10.0
0880,2018,SD,12.4
0880,2022,SD,12.7
0880,1973,ÖVRIGA,0.3
0880,1976,ÖVRIGA,0.2
0880,1979,ÖVRIGA,0.4
0880,1982,ÖVRIGA,0.0
0880,1985,ÖVRIGA,0.1
0880,1988,ÖVRIGA,0.2
0880,1991,ÖVRIGA,1.1
0880,1994,ÖVRIGA,1.8
0880,1998,ÖVRIGA,1.2
0880,2002,ÖVRIGA,2.2
0880,2006,ÖVRIGA,0.4
0880,2010,ÖVRIGA,1.0
0880,2014,ÖVRIGA,0.7
0880,2018,ÖVRIGA,0.9
0880,2022,ÖVRIGA,1.7
0881,1973,M,11.5
0881,1976,M,11.8
0881,1979,M,12.9
0881,1982,M,14.9
0881,1985,M,15.2
0881,1988,M,11.5
0881,1991,M,15.6
0881,1994,M,11.9
0881,1998,M,14.1
0881,2002,M,10.5
0881,2006,M,14.4
0881,2010,M,17.8
0881,2014,M,8.9
0881,2018,M,10.3
0881,2022,M,15.3
0881,1973,C,30.6
0881,1976,C,29.7
0881,1979,C,27.2
0881,1982,C,25.4
0881,1985,C,22.3
0881,1988,C,23.9
0881,1991,C,23.0
0881,1994,C,23.2
0881,1998,C,18.5
0881,2002,C,20.9
0881,2006,C,20.3
0881,2010,C,16.4
0881,2014,C,28.7
0881,2018,C,26.1
0881,2022,C,16.8
0881,1973,L,4.2
0881,1976,L,4.7
0881,1979,L,5.3
0881,1982,L,2.7
0881,1985,L,7.0
0881,1988,L,6.1
0881,1991,L,4.5
0881,1994,L,2.3
0881,1998,L,1.9
0881,2002,L,5.0
0881,2006,L,2.5
0881,2010,L,2.8
0881,2014,L,2.4
0881,2018,L,3.2
0881,2022,L,2.5
0881,1973,KD,3.4
0881,1976,KD,3.1
0881,1979,KD,3.6
0881,1982,KD,4.2
0881,1985,KD,3.5
0881,1988,KD,4.0
0881,1991,KD,6.8
0881,1994,KD,3.6
0881,1998,KD,8.8
0881,2002,KD,8.1
0881,2006,KD,6.4
0881,2010,KD,5.0
0881,2014,KD,4.7
0881,2018,KD,6.2
0881,2022,KD,6.2
0881,1985,MP,0.6
0881,1988,MP,3.4
0881,1991,MP,1.8
0881,1994,MP,2.4
0881,1998,MP,2.4
0881,2002,MP,1.2
0881,2006,MP,1.7
0881,2010,MP,2.7
0881,2014,MP,2.5
0881,2018,MP,1.2
0881,2022,MP,0.9
0881,1973,S,45.0
0881,1976,S,46.4
0881,1979,S,45.7
0881,1982,S,47.6
0881,1985,S,46.2
0881,1988,S,45.5
0881,1991,S,42.9
0881,1994,S,48.5
0881,1998,S,43.8
0881,2002,S,42.4
0881,2006,S,42.7
0881,2010,S,42.1
0881,2014,S,27.3
0881,2018,S,29.3
0881,2022,S,31.1
0881,1973,V,5.2
0881,1976,V,4.2
0881,1979,V,5.3
0881,1982,V,4.9
0881,1985,V,5.0
0881,1988,V,5.4
0881,1991,V,4.7
0881,1994,V,5.6
0881,1998,V,10.1
0881,2002,V,8.0
0881,2006,V,6.0
0881,2010,V,6.3
0881,2014,V,10.8
0881,2018,V,6.5
0881,2022,V,5.8
0881,2002,SD,0.0
0881,2006,SD,1.9
0881,2010,SD,3.1
0881,2014,SD,11.7
0881,2018,SD,15.6
0881,2022,SD,19.5
0881,1973,ÖVRIGA,0.1
0881,1976,ÖVRIGA,0.0
0881,1979,ÖVRIGA,0.0
0881,1982,ÖVRIGA,0.4
0881,1985,ÖVRIGA,0.0
0881,1988,ÖVRIGA,0.3
0881,1991,ÖVRIGA,0.7
0881,1994,ÖVRIGA,2.5
0881,1998,ÖVRIGA,0.4
0881,2002,ÖVRIGA,4.1
0881,2006,ÖVRIGA,4.0
0881,2010,ÖVRIGA,3.9
0881,2014,ÖVRIGA,3.1
0881,2018,ÖVRIGA,1.7
0881,2022,ÖVRIGA,1.9
0882,1973,M,11.5
0882,1976,M,12.2
0882,1979,M,15.4
0882,1982,M,17.7
0882,1985,M,19.3
0882,1988,M,14.7
0882,1991,M,18.6
0882,1994,M,16.5
0882,1998,M,15.5
0882,2002,M,14.6
0882,2006,M,18.5
0882,2010,M,22.7
0882,2014,M,16.5
0882,2018,M,15.6
0882,2022,M,19.5
0882,1973,C,22.8
0882,1976,C,23.2
0882,1979,C,17.5
0882,1982,C,15.5
0882,1985,C,11.7
0882,1988,C,11.9
0882,1991,C,10.6
0882,1994,C,8.6
0882,1998,C,5.9
0882,2002,C,6.3
0882,2006,C,5.9
0882,2010,C,5.0
0882,2014,C,4.7
0882,2018,C,5.5
0882,2022,C,3.8
0882,1973,L,7.1
0882,1976,L,8.5
0882,1979,L,8.8
0882,1982,L,4.6
0882,1985,L,9.5
0882,1988,L,8.5
0882,1991,L,6.8
0882,1994,L,4.1
0882,1998,L,3.3
0882,2002,L,5.5
0882,2006,L,3.6
0882,2010,L,6.6
0882,2014,L,11.5
0882,2018,L,10.9
0882,2022,L,2.4
0882,1973,KD,4.5
0882,1976,KD,3.9
0882,1979,KD,3.8
0882,1982,KD,3.7
0882,1985,KD,4.2
0882,1988,KD,6.0
0882,1991,KD,10.8
0882,1994,KD,6.0
0882,1998,KD,12.5
0882,2002,KD,12.6
0882,2006,KD,9.0
0882,2010,KD,7.1
0882,2014,KD,6.1
0882,2018,KD,6.7
0882,2022,KD,6.7
0882,1982,MP,1.2
0882,1985,MP,0.6
0882,1988,MP,3.2
0882,1991,MP,2.3
0882,1994,MP,3.0
0882,1998,MP,2.8
0882,2002,MP,2.3
0882,2006,MP,1.8
0882,2010,MP,3.2
0882,2014,MP,3.4
0882,2018,MP,1.5
0882,2022,MP,0.6
0882,1973,S,49.7
0882,1976,S,48.2
0882,1979,S,50.1
0882,1982,S,49.6
0882,1985,S,47.5
0882,1988,S,46.2
0882,1991,S,41.2
0882,1994,S,52.6
0882,1998,S,42.1
0882,2002,S,41.1
0882,2006,S,37.3
0882,2010,S,38.9
0882,2014,S,36.1
0882,2018,S,32.8
0882,2022,S,32.2
0882,1973,V,4.0
0882,1976,V,3.7
0882,1979,V,4.0
0882,1982,V,5.5
0882,1985,V,7.2
0882,1988,V,9.5
0882,1991,V,8.5
0882,1994,V,8.6
0882,1998,V,17.7
0882,2002,V,17.0
0882,2006,V,20.1
0882,2010,V,11.5
0882,2014,V,9.1
0882,2018,V,8.1
0882,2022,V,7.3
0882,2002,SD,0.0
0882,2006,SD,3.8
0882,2010,SD,5.1
0882,2014,SD,12.4
0882,2018,SD,18.6
0882,2022,SD,22.8
0882,1973,ÖVRIGA,0.4
0882,1976,ÖVRIGA,0.3
0882,1979,ÖVRIGA,0.4
0882,1982,ÖVRIGA,2.2
0882,1985,ÖVRIGA,0.0
0882,1988,ÖVRIGA,0.1
0882,1991,ÖVRIGA,1.2
0882,1994,ÖVRIGA,0.5
0882,1998,ÖVRIGA,0.3
0882,2002,ÖVRIGA,0.5
0882,2006,ÖVRIGA,0.2
0882,2010,ÖVRIGA,0.1
0882,2014,ÖVRIGA,0.2
0882,2018,ÖVRIGA,0.2
0882,2022,ÖVRIGA,4.7
0883,1973,M,13.1
0883,1976,M,13.6
0883,1979,M,13.9
0883,1982,M,15.4
0883,1985,M,16.3
0883,1988,M,14.3
0883,1991,M,18.2
0883,1994,M,14.4
0883,1998,M,17.8
0883,2002,M,14.9
0883,2006,M,33.8
0883,2010,M,36.4
0883,2014,M,22.2
0883,2018,M,20.2
0883,2022,M,23.4
0883,1973,C,25.6
0883,1976,C,23.8
0883,1979,C,18.0
0883,1982,C,15.3
0883,1985,C,12.8
0883,1988,C,14.5
0883,1991,C,15.2
0883,1994,C,14.5
0883,1998,C,10.9
0883,2002,C,13.0
0883,2006,C,8.8
0883,2010,C,6.4
0883,2014,C,9.5
0883,2018,C,9.5
0883,2022,C,7.3
0883,1973,L,5.2
0883,1976,L,5.3
0883,1979,L,4.9
0883,1982,L,2.4
0883,1985,L,6.0
0883,1988,L,6.9
0883,1991,L,6.8
0883,1994,L,4.1
0883,1998,L,4.5
0883,2002,L,9.4
0883,2006,L,3.6
0883,2010,L,3.5
0883,2014,L,4.5
0883,2018,L,4.6
0883,2022,L,3.1
0883,1973,KD,2.5
0883,1976,KD,2.4
0883,1979,KD,2.6
0883,1982,KD,2.8
0883,1985,KD,2.2
0883,1988,KD,2.6
0883,1991,KD,4.9
0883,1994,KD,2.5
0883,1998,KD,7.7
0883,2002,KD,6.1
0883,2006,KD,3.4
0883,2010,KD,2.5
0883,2014,KD,2.5
0883,2018,KD,3.9
0883,2022,KD,4.9
0883,1982,MP,1.6
0883,1985,MP,2.3
0883,1988,MP,4.2
0883,1991,MP,2.4
0883,1994,MP,3.8
0883,1998,MP,4.9
0883,2002,MP,3.5
0883,2006,MP,2.7
0883,2010,MP,3.8
0883,2014,MP,4.5
0883,2018,MP,2.8
0883,2022,MP,2.3
0883,1973,S,47.9
0883,1976,S,45.8
0883,1979,S,48.2
0883,1982,S,49.7
0883,1985,S,47.8
0883,1988,S,45.3
0883,1991,S,40.7
0883,1994,S,49.9
0883,1998,S,40.6
0883,2002,S,39.4
0883,2006,S,35.4
0883,2010,S,34.7
0883,2014,S,35.6
0883,2018,S,32.2
0883,2022,S,32.0
0883,1973,V,5.5
0883,1976,V,4.7
0883,1979,V,4.7
0883,1982,V,4.1
0883,1985,V,4.7
0883,1988,V,5.8
0883,1991,V,5.3
0883,1994,V,6.0
0883,1998,V,10.7
0883,2002,V,7.8
0883,2006,V,4.0
0883,2010,V,3.3
0883,2014,V,4.2
0883,2018,V,5.0
0883,2022,V,4.6
0883,2002,SD,0.0
0883,2006,SD,0.6
0883,2010,SD,3.0
0883,2014,SD,8.3
0883,2018,SD,11.7
0883,2022,SD,15.1
0883,1973,ÖVRIGA,0.3
0883,1976,ÖVRIGA,4.4
0883,1979,ÖVRIGA,7.6
0883,1982,ÖVRIGA,8.7
0883,1985,ÖVRIGA,7.9
0883,1988,ÖVRIGA,6.5
0883,1991,ÖVRIGA,6.4
0883,1994,ÖVRIGA,4.9
0883,1998,ÖVRIGA,2.9
0883,2002,ÖVRIGA,5.8
0883,2006,ÖVRIGA,7.6
0883,2010,ÖVRIGA,6.4
0883,2014,ÖVRIGA,8.8
0883,2018,ÖVRIGA,10.0
0883,2022,ÖVRIGA,7.4
0884,1973,M,13.8
0884,1976,M,15.9
0884,1979,M,16.6
0884,1982,M,18.8
0884,1985,M,17.9
0884,1988,M,15.1
0884,1991,M,17.5
0884,1994,M,14.3
0884,1998,M,14.5
0884,2002,M,8.4
0884,2006,M,12.9
0884,2010,M,25.9
0884,2014,M,19.3
0884,2018,M,12.6
0884,2022,M,19.9
0884,1973,C,43.4
0884,1976,C,39.9
0884,1979,C,38.2
0884,1982,C,33.9
0884,1985,C,33.1
0884,1988,C,34.1
0884,1991,C,34.5
0884,1994,C,31.1
0884,1998,C,31.1
0884,2002,C,31.9
0884,2006,C,26.8
0884,2010,C,17.6
0884,2014,C,19.4
0884,2018,C,28.1
0884,2022,C,15.6
0884,1973,L,3.8
0884,1976,L,4.5
0884,1979,L,4.4
0884,1982,L,2.5
0884,1985,L,5.4
0884,1988,L,4.7
0884,1991,L,4.0
0884,1994,L,2.0
0884,1998,L,1.5
0884,2002,L,2.3
0884,2006,L,2.1
0884,2010,L,2.2
0884,2014,L,1.6
0884,2018,L,1.1
0884,2022,L,0.3
0884,1973,KD,1.9
0884,1976,KD,2.1
0884,1979,KD,2.2
0884,1982,KD,2.2
0884,1985,KD,2.3
0884,1988,KD,2.9
0884,1991,KD,5.4
0884,1994,KD,4.1
0884,1998,KD,8.6
0884,2002,KD,10.4
0884,2006,KD,11.2
0884,2010,KD,6.0
0884,2014,KD,4.3
0884,2018,KD,9.2
0884,2022,KD,9.6
0884,1982,MP,1.0
0884,1985,MP,1.2
0884,1988,MP,2.6
0884,1991,MP,1.8
0884,1994,MP,2.9
0884,1998,MP,2.3
0884,2002,MP,2.1
0884,2006,MP,2.8
0884,2010,MP,4.9
0884,2014,MP,2.9
0884,2018,MP,2.0
0884,2022,MP,1.6
0884,1973,S,35.1
0884,1976,S,35.0
0884,1979,S,35.5
0884,1982,S,38.4
0884,1985,S,37.2
0884,1988,S,37.3
0884,1991,S,33.1
0884,1994,S,38.8
0884,1998,S,33.4
0884,2002,S,32.5
0884,2006,S,37.2
0884,2010,S,35.2
0884,2014,S,38.5
0884,2018,S,25.1
0884,2022,S,26.5
0884,1973,V,1.9
0884,1976,V,2.5
0884,1979,V,3.2
0884,1982,V,2.5
0884,1985,V,2.8
0884,1988,V,3.2
0884,1991,V,2.8
0884,1994,V,3.3
0884,1998,V,5.9
0884,2002,V,3.4
0884,2006,V,5.3
0884,2010,V,3.2
0884,2014,V,4.9
0884,2018,V,9.1
0884,2022,V,10.9
0884,2002,SD,0.0
0884,2006,SD,1.4
0884,2010,SD,4.2
0884,2014,SD,8.7
0884,2018,SD,11.1
0884,2022,SD,13.9
0884,1973,ÖVRIGA,0.0
0884,1976,ÖVRIGA,0.0
0884,1979,ÖVRIGA,0.0
0884,1982,ÖVRIGA,0.8
0884,1985,ÖVRIGA,0.0
0884,1988,ÖVRIGA,0.1
0884,1991,ÖVRIGA,0.8
0884,1994,ÖVRIGA,3.5
0884,1998,ÖVRIGA,2.7
0884,2002,ÖVRIGA,8.9
0884,2006,ÖVRIGA,0.2
0884,2010,ÖVRIGA,0.8
0884,2014,ÖVRIGA,0.2
0884,2018,ÖVRIGA,1.7
0884,2022,ÖVRIGA,1.5
0885,1973,M,16.1
0885,1976,M,17.3
0885,1979,M,15.5
0885,1982,M,19.9
0885,1985,M,13.9
0885,1988,M,16.0
0885,1991,M,21.6
0885,1994,M,18.9
0885,1998,M,19.2
0885,2002,M,15.2
0885,2006,M,19.0
0885,2010,M,21.8
0885,2014,M,17.0
0885,2018,M,15.9
0885,2022,M,15.6
0885,1973,C,46.2
0885,1976,C,41.4
0885,1979,C,39.7
0885,1982,C,34.1
0885,1985,C,36.7
0885,1988,C,34.7
0885,1991,C,29.8
0885,1994,C,26.0
0885,1998,C,25.3
0885,2002,C,31.2
0885,2006,C,37.6
0885,2010,C,25.4
0885,2014,C,18.0
0885,2018,C,13.8
0885,2022,C,9.3
0885,1973,L,4.6
0885,1976,L,5.7
0885,1979,L,5.3
0885,1982,L,3.3
0885,1985,L,7.8
0885,1988,L,5.6
0885,1991,L,4.0
0885,1994,L,3.8
0885,1998,L,4.1
0885,2002,L,5.0
0885,2006,L,2.8
0885,2010,L,3.3
0885,2014,L,1.9
0885,2018,L,1.4
0885,2022,L,1.1
0885,1973,KD,4.1
0885,1976,KD,3.7
0885,1979,KD,4.3
0885,1982,KD,5.2
0885,1985,KD,4.5
0885,1988,KD,4.9
0885,1991,KD,6.8
0885,1994,KD,4.0
0885,1998,KD,12.3
0885,2002,KD,11.6
0885,2006,KD,6.7
0885,2010,KD,5.6
0885,2014,KD,2.5
0885,2018,KD,4.1
0885,2022,KD,4.1
0885,1982,MP,1.9
0885,1985,MP,6.6
0885,1988,MP,6.0
0885,1991,MP,3.2
0885,1994,MP,3.9
0885,1998,MP,3.3
0885,2002,MP,3.2
0885,2006,MP,3.2
0885,2010,MP,5.1
0885,2014,MP,3.8
0885,2018,MP,1.8
0885,2022,MP,0.8
0885,1973,S,24.9
0885,1976,S,24.5
0885,1979,S,22.1
0885,1982,S,24.2
0885,1985,S,22.2
0885,1988,S,27.0
0885,1991,S,23.9
0885,1994,S,32.5
0885,1998,S,24.9
0885,2002,S,24.5
0885,2006,S,21.8
0885,2010,S,26.2
0885,2014,S,30.7
0885,2018,S,34.0
0885,2022,S,43.3
0885,1973,V,4.1
0885,1976,V,5.8
0885,1979,V,4.3
0885,1982,V,2.9
0885,1985,V,3.6
0885,1988,V,2.1
0885,1991,V,1.6
0885,1994,V,2.4
0885,1998,V,5.2
0885,2002,V,3.8
0885,2006,V,3.9
0885,2010,V,2.9
0885,2014,V,2.5
0885,2018,V,3.6
0885,2022,V,4.2
0885,2002,SD,0.0
0885,2006,SD,1.5
0885,2010,SD,2.0
0885,2014,SD,6.6
0885,2018,SD,9.6
0885,2022,SD,12.0
0885,1973,ÖVRIGA,0.1
0885,1976,ÖVRIGA,1.6
0885,1979,ÖVRIGA,8.9
0885,1982,ÖVRIGA,8.5
0885,1985,ÖVRIGA,4.7
0885,1988,ÖVRIGA,3.6
0885,1991,ÖVRIGA,9.1
0885,1994,ÖVRIGA,8.5
0885,1998,ÖVRIGA,5.7
0885,2002,ÖVRIGA,5.4
0885,2006,ÖVRIGA,3.5
0885,2010,ÖVRIGA,7.7
0885,2014,ÖVRIGA,17.0
0885,2018,ÖVRIGA,16.0
0885,2022,ÖVRIGA,9.6
0980,1973,M,13.5
0980,1976,M,14.1
0980,1979,M,15.5
0980,1982,M,17.6
0980,1985,M,16.3
0980,1988,M,13.1
0980,1991,M,16.4
0980,1994,M,14.3
0980,1998,M,17.1
0980,2002,M,15.0
0980,2006,M,18.9
0980,2010,M,20.3
0980,2014,M,17.4
0980,2018,M,15.4
0980,2022,M,18.1
0980,1973,C,0.0
0980,1976,C,34.8
0980,1979,C,31.0
0980,1982,C,27.0
0980,1985,C,26.2
0980,1988,C,26.8
0980,1991,C,24.1
0980,1994,C,21.0
0980,1998,C,20.3
0980,2002,C,18.7
0980,2006,C,23.7
0980,2010,C,19.7
0980,2014,C,19.8
0980,2018,C,25.1
0980,2022,C,18.5
0980,1973,L,0.0
0980,1976,L,9.6
0980,1979,L,8.5
0980,1982,L,5.3
0980,1985,L,8.6
0980,1988,L,7.1
0980,1991,L,6.0
0980,1994,L,3.7
0980,1998,L,4.5
0980,2002,L,6.3
0980,2006,L,5.0
0980,2010,L,4.7
0980,2014,L,4.9
0980,2018,L,4.6
0980,2022,L,2.6
0980,1973,KD,1.1
0980,1976,KD,0.7
0980,1979,KD,0.8
0980,1982,KD,1.0
0980,1985,KD,0.1
0980,1988,KD,1.1
0980,1991,KD,3.3
0980,1994,KD,1.6
0980,1998,KD,4.3
0980,2002,KD,3.7
0980,2006,KD,2.7
0980,2010,KD,2.1
0980,2014,KD,2.1
0980,2018,KD,2.3
0980,2022,KD,2.9
0980,1982,MP,2.9
0980,1985,MP,4.5
0980,1988,MP,7.7
0980,1991,MP,5.2
0980,1994,MP,7.2
0980,1998,MP,6.2
0980,2002,MP,5.0
0980,2006,MP,6.1
0980,2010,MP,8.5
0980,2014,MP,9.7
0980,2018,MP,6.2
0980,2022,MP,5.4
0980,1973,S,38.3
0980,1976,S,37.9
0980,1979,S,38.0
0980,1982,S,40.6
0980,1985,S,39.7
0980,1988,S,39.2
0980,1991,S,34.6
0980,1994,S,39.4
0980,1998,S,31.7
0980,2002,S,38.7
0980,2006,S,32.2
0980,2010,S,33.4
0980,2014,S,29.7
0980,2018,S,25.9
0980,2022,S,31.2
0980,1973,V,0.0
0980,1976,V,2.9
0980,1979,V,5.9
0980,1982,V,5.2
0980,1985,V,4.4
0980,1988,V,4.8
0980,1991,V,4.8
0980,1994,V,5.6
0980,1998,V,9.6
0980,2002,V,9.3
0980,2006,V,8.1
0980,2010,V,7.7
0980,2014,V,8.3
0980,2018,V,9.4
0980,2022,V,8.8
0980,2002,SD,0.1
0980,2006,SD,1.3
0980,2010,SD,2.4
0980,2014,SD,5.3
0980,2018,SD,8.4
0980,2022,SD,10.5
0980,1973,ÖVRIGA,47.1
0980,1976,ÖVRIGA,0.0
0980,1979,ÖVRIGA,0.2
0980,1982,ÖVRIGA,0.5
0980,1985,ÖVRIGA,0.2
0980,1988,ÖVRIGA,0.1
0980,1991,ÖVRIGA,5.5
0980,1994,ÖVRIGA,7.2
0980,1998,ÖVRIGA,6.2
0980,2002,ÖVRIGA,3.1
0980,2006,ÖVRIGA,2.0
0980,2010,ÖVRIGA,1.2
0980,2014,ÖVRIGA,2.7
0980,2018,ÖVRIGA,2.8
0980,2022,ÖVRIGA,1.9
1060,1973,M,8.2
1060,1976,M,9.4
1060,1979,M,10.9
1060,1982,M,12.9
1060,1985,M,12.3
1060,1988,M,8.5
1060,1991,M,12.4
1060,1994,M,11.0
1060,1998,M,10.4
1060,2002,M,5.9
1060,2006,M,10.8
1060,2010,M,11.3
1060,2014,M,9.9
1060,2018,M,9.0
1060,2022,M,11.3
1060,1973,C,22.9
1060,1976,C,21.3
1060,1979,C,15.4
1060,1982,C,15.4
1060,1985,C,11.2
1060,1988,C,11.4
1060,1991,C,10.5
1060,1994,C,7.9
1060,1998,C,8.1
1060,2002,C,7.8
1060,2006,C,9.3
1060,2010,C,9.3
1060,2014,C,10.2
1060,2018,C,14.0
1060,2022,C,11.6
1060,1973,L,9.8
1060,1976,L,8.3
1060,1979,L,10.7
1060,1982,L,5.0
1060,1985,L,10.2
1060,1988,L,8.2
1060,1991,L,7.4
1060,1994,L,5.8
1060,1998,L,6.7
1060,2002,L,21.7
1060,2006,L,8.7
1060,2010,L,4.2
1060,2014,L,1.6
1060,2018,L,1.5
1060,2022,L,0.9
1060,1973,KD,3.5
1060,1976,KD,3.2
1060,1979,KD,3.0
1060,1982,KD,3.6
1060,1985,KD,3.2
1060,1988,KD,3.5
1060,1991,KD,6.4
1060,1994,KD,3.8
1060,1998,KD,8.9
1060,2002,KD,8.2
1060,2006,KD,6.1
1060,2010,KD,5.3
1060,2014,KD,3.7
1060,2018,KD,4.3
1060,2022,KD,4.6
1060,1985,MP,1.6
1060,1988,MP,4.6
1060,1991,MP,2.7
1060,1994,MP,3.8
1060,1998,MP,5.5
1060,2002,MP,2.0
1060,2006,MP,1.7
1060,2010,MP,2.0
1060,2014,MP,2.4
1060,2018,MP,1.0
1060,2022,MP,0.6
1060,1973,S,50.2
1060,1976,S,51.1
1060,1979,S,53.8
1060,1982,S,56.3
1060,1985,S,54.6
1060,1988,S,56.0
1060,1991,S,50.5
1060,1994,S,55.0
1060,1998,S,44.8
1060,2002,S,41.6
1060,2006,S,50.3
1060,2010,S,52.2
1060,2014,S,51.3
1060,2018,S,42.6
1060,2022,S,38.0
1060,1973,V,5.1
1060,1976,V,6.2
1060,1979,V,5.3
1060,1982,V,6.0
1060,1985,V,6.7
1060,1988,V,7.1
1060,1991,V,7.4
1060,1994,V,9.8
1060,1998,V,14.8
1060,2002,V,12.0
1060,2006,V,8.5
1060,2010,V,8.0
1060,2014,V,6.4
1060,2018,V,5.8
1060,2022,V,5.0
1060,2002,SD,0.0
1060,2006,SD,4.3
1060,2010,SD,7.7
1060,2014,SD,14.1
1060,2018,SD,21.8
1060,2022,SD,26.5
1060,1973,ÖVRIGA,0.3
1060,1976,ÖVRIGA,0.6
1060,1979,ÖVRIGA,1.0
1060,1982,ÖVRIGA,0.7
1060,1985,ÖVRIGA,0.3
1060,1988,ÖVRIGA,0.9
1060,1991,ÖVRIGA,2.7
1060,1994,ÖVRIGA,2.9
1060,1998,ÖVRIGA,0.7
1060,2002,ÖVRIGA,0.7
1060,2006,ÖVRIGA,0.3
1060,2010,ÖVRIGA,0.1
1060,2014,ÖVRIGA,0.3
1060,2018,ÖVRIGA,0.2
1060,2022,ÖVRIGA,1.5
1080,1973,M,11.8
1080,1976,M,13.0
1080,1979,M,16.8
1080,1982,M,19.5
1080,1985,M,18.7
1080,1988,M,15.0
1080,1991,M,21.2
1080,1994,M,21.4
1080,1998,M,21.6
1080,2002,M,14.7
1080,2006,M,21.3
1080,2010,M,25.9
1080,2014,M,19.7
1080,2018,M,20.9
1080,2022,M,20.5
1080,1973,C,20.9
1080,1976,C,19.0
1080,1979,C,15.8
1080,1982,C,15.0
1080,1985,C,11.1
1080,1988,C,12.2
1080,1991,C,11.6
1080,1994,C,8.9
1080,1998,C,7.5
1080,2002,C,7.1
1080,2006,C,7.5
1080,2010,C,5.9
1080,2014,C,6.3
1080,2018,C,7.5
1080,2022,C,5.8
1080,1973,L,12.9
1080,1976,L,13.6
1080,1979,L,13.4
1080,1982,L,6.6
1080,1985,L,13.2
1080,1988,L,10.8
1080,1991,L,9.7
1080,1994,L,6.0
1080,1998,L,6.7
1080,2002,L,12.5
1080,2006,L,9.4
1080,2010,L,7.3
1080,2014,L,5.7
1080,2018,L,5.9
1080,2022,L,3.7
1080,1973,KD,2.3
1080,1976,KD,2.0
1080,1979,KD,2.2
1080,1982,KD,2.8
1080,1985,KD,2.4
1080,1988,KD,3.0
1080,1991,KD,6.0
1080,1994,KD,3.3
1080,1998,KD,8.6
1080,2002,KD,7.6
1080,2006,KD,4.7
1080,2010,KD,3.3
1080,2014,KD,3.4
1080,2018,KD,5.7
1080,2022,KD,7.3
1080,1982,MP,1.3
1080,1985,MP,1.9
1080,1988,MP,5.5
1080,1991,MP,2.9
1080,1994,MP,4.1
1080,1998,MP,3.5
1080,2002,MP,3.3
1080,2006,MP,3.8
1080,2010,MP,4.9
1080,2014,MP,6.0
1080,2018,MP,3.2
1080,2022,MP,2.8
1080,1973,S,48.3
1080,1976,S,47.8
1080,1979,S,47.9
1080,1982,S,51.0
1080,1985,S,47.9
1080,1988,S,48.9
1080,1991,S,40.7
1080,1994,S,48.7
1080,1998,S,40.5
1080,2002,S,44.6
1080,2006,S,39.4
1080,2010,S,37.7
1080,2014,S,37.9
1080,2018,S,32.3
1080,2022,S,32.6
1080,1973,V,3.2
1080,1976,V,2.9
1080,1979,V,3.6
1080,1982,V,3.7
1080,1985,V,4.2
1080,1988,V,4.5
1080,1991,V,4.0
1080,1994,V,5.5
1080,1998,V,9.4
1080,2002,V,6.1
1080,2006,V,3.9
1080,2010,V,4.2
1080,2014,V,5.6
1080,2018,V,5.6
1080,2022,V,5.7
1080,2002,SD,3.4
1080,2006,SD,9.5
1080,2010,SD,10.7
1080,2014,SD,13.4
1080,2018,SD,18.4
1080,2022,SD,21.3
1080,1973,ÖVRIGA,0.6
1080,1976,ÖVRIGA,1.7
1080,1979,ÖVRIGA,0.3
1080,1982,ÖVRIGA,0.1
1080,1985,ÖVRIGA,0.6
1080,1988,ÖVRIGA,0.2
1080,1991,ÖVRIGA,4.0
1080,1994,ÖVRIGA,2.2
1080,1998,ÖVRIGA,2.1
1080,2002,ÖVRIGA,0.7
1080,2006,ÖVRIGA,0.4
1080,2010,ÖVRIGA,0.1
1080,2014,ÖVRIGA,2.2
1080,2018,ÖVRIGA,0.5
1080,2022,ÖVRIGA,0.3
1081,1973,M,9.7
1081,1976,M,10.2
1081,1979,M,13.1
1081,1982,M,15.9
1081,1985,M,15.6
1081,1988,M,11.6
1081,1991,M,16.3
1081,1994,M,13.5
1081,1998,M,16.3
1081,2002,M,13.6
1081,2006,M,17.4
1081,2010,M,23.5
1081,2014,M,17.5
1081,2018,M,17.2
1081,2022,M,17.2
1081,1973,C,27.1
1081,1976,C,26.1
1081,1979,C,21.5
1081,1982,C,19.6
1081,1985,C,14.7
1081,1988,C,15.1
1081,1991,C,13.9
1081,1994,C,10.2
1081,1998,C,10.2
1081,2002,C,11.0
1081,2006,C,11.4
1081,2010,C,11.8
1081,2014,C,9.3
1081,2018,C,8.7
1081,2022,C,6.2
1081,1973,L,8.0
1081,1976,L,8.6
1081,1979,L,9.0
1081,1982,L,4.6
1081,1985,L,10.5
1081,1988,L,9.1
1081,1991,L,7.5
1081,1994,L,5.4
1081,1998,L,5.6
1081,2002,L,10.0
1081,2006,L,6.0
1081,2010,L,5.7
1081,2014,L,5.0
1081,2018,L,4.5
1081,2022,L,4.8
1081,1973,KD,1.0
1081,1976,KD,0.9
1081,1979,KD,0.7
1081,1982,KD,0.7
1081,1985,KD,0.7
1081,1988,KD,1.6
1081,1991,KD,3.9
1081,1994,KD,1.5
1081,1998,KD,6.1
1081,2002,KD,4.8
1081,2006,KD,2.8
1081,2010,KD,1.8
1081,2014,KD,1.6
1081,2018,KD,2.7
1081,2022,KD,3.6
1081,1982,MP,1.4
1081,1985,MP,3.0
1081,1988,MP,6.1
1081,1991,MP,2.9
1081,1994,MP,3.2
1081,1998,MP,3.2
1081,2002,MP,2.9
1081,2006,MP,2.6
1081,2010,MP,3.7
1081,2014,MP,3.8
1081,2018,MP,2.3
1081,2022,MP,2.2
1081,1973,S,49.6
1081,1976,S,50.2
1081,1979,S,51.2
1081,1982,S,54.0
1081,1985,S,51.3
1081,1988,S,52.4
1081,1991,S,47.1
1081,1994,S,50.8
1081,1998,S,39.4
1081,2002,S,42.7
1081,2006,S,37.9
1081,2010,S,30.3
1081,2014,S,35.7
1081,2018,S,29.3
1081,2022,S,30.8
1081,1973,V,4.6
1081,1976,V,3.7
1081,1979,V,4.1
1081,1982,V,3.9
1081,1985,V,4.2
1081,1988,V,4.2
1081,1991,V,4.5
1081,1994,V,7.0
1081,1998,V,12.5
1081,2002,V,8.9
1081,2006,V,6.8
1081,2010,V,6.2
1081,2014,V,5.3
1081,2018,V,5.0
1081,2022,V,5.0
1081,2002,SD,2.7
1081,2006,SD,6.9
1081,2010,SD,9.9
1081,2014,SD,16.1
1081,2018,SD,25.4
1081,2022,SD,26.3
1081,1973,ÖVRIGA,0.1
1081,1976,ÖVRIGA,0.4
1081,1979,ÖVRIGA,0.4
1081,1982,ÖVRIGA,0.0
1081,1985,ÖVRIGA,0.1
1081,1988,ÖVRIGA,0.1
1081,1991,ÖVRIGA,3.9
1081,1994,ÖVRIGA,8.3
1081,1998,ÖVRIGA,6.7
1081,2002,ÖVRIGA,3.5
1081,2006,ÖVRIGA,8.2
1081,2010,ÖVRIGA,7.2
1081,2014,ÖVRIGA,5.6
1081,2018,ÖVRIGA,5.0
1081,2022,ÖVRIGA,3.8
1082,1973,M,10.9
1082,1976,M,10.8
1082,1979,M,13.6
1082,1982,M,15.5
1082,1985,M,14.6
1082,1988,M,10.3
1082,1991,M,14.5
1082,1994,M,13.2
1082,1998,M,15.7
1082,2002,M,13.6
1082,2006,M,17.2
1082,2010,M,21.4
1082,2014,M,19.6
1082,2018,M,21.1
1082,2022,M,25.2
1082,1973,C,20.9
1082,1976,C,19.9
1082,1979,C,14.8
1082,1982,C,13.1
1082,1985,C,9.5
1082,1988,C,9.2
1082,1991,C,7.7
1082,1994,C,5.9
1082,1998,C,5.4
1082,2002,C,8.3
1082,2006,C,8.8
1082,2010,C,6.7
1082,2014,C,6.3
1082,2018,C,9.2
1082,2022,C,7.8
1082,1973,L,8.0
1082,1976,L,9.5
1082,1979,L,10.3
1082,1982,L,4.9
1082,1985,L,9.4
1082,1988,L,7.8
1082,1991,L,6.3
1082,1994,L,4.1
1082,1998,L,3.9
1082,2002,L,9.1
1082,2006,L,6.1
1082,2010,L,5.2
1082,2014,L,3.3
1082,2018,L,3.4
1082,2022,L,3.1
1082,1973,KD,2.1
1082,1976,KD,3.8
1082,1979,KD,3.4
1082,1982,KD,5.8
1082,1985,KD,5.5
1082,1988,KD,5.0
1082,1991,KD,7.6
1082,1994,KD,3.2
1082,1998,KD,8.4
1082,2002,KD,6.1
1082,2006,KD,4.1
1082,2010,KD,2.7
1082,2014,KD,2.3
1082,2018,KD,3.0
1082,2022,KD,3.9
1082,1982,MP,1.4
1082,1985,MP,2.2
1082,1988,MP,6.4
1082,1991,MP,4.1
1082,1994,MP,5.6
1082,1998,MP,6.8
1082,2002,MP,6.6
1082,2006,MP,7.2
1082,2010,MP,9.0
1082,2014,MP,8.4
1082,2018,MP,3.8
1082,2022,MP,4.4
1082,1973,S,51.0
1082,1976,S,49.1
1082,1979,S,50.6
1082,1982,S,51.5
1082,1985,S,48.7
1082,1988,S,48.9
1082,1991,S,45.5
1082,1994,S,49.4
1082,1998,S,39.0
1082,2002,S,38.1
1082,2006,S,39.6
1082,2010,S,39.3
1082,2014,S,39.5
1082,2018,S,34.4
1082,2022,S,25.1
1082,1973,V,6.5
1082,1976,V,6.3
1082,1979,V,6.7
1082,1982,V,5.5
1082,1985,V,5.3
1082,1988,V,4.0
1082,1991,V,3.2
1082,1994,V,3.1
1082,1998,V,7.8
1082,2002,V,6.4
1082,2006,V,5.4
1082,2010,V,4.3
1082,2014,V,4.1
1082,2018,V,4.7
1082,2022,V,5.5
1082,2002,SD,0.0
1082,2006,SD,7.2
1082,2010,SD,8.7
1082,2014,SD,14.1
1082,2018,SD,18.4
1082,2022,SD,21.6
1082,1973,ÖVRIGA,0.6
1082,1976,ÖVRIGA,0.6
1082,1979,ÖVRIGA,0.6
1082,1982,ÖVRIGA,2.3
1082,1985,ÖVRIGA,4.8
1082,1988,ÖVRIGA,8.3
1082,1991,ÖVRIGA,11.2
1082,1994,ÖVRIGA,15.5
1082,1998,ÖVRIGA,12.9
1082,2002,ÖVRIGA,11.8
1082,2006,ÖVRIGA,4.5
1082,2010,ÖVRIGA,2.7
1082,2014,ÖVRIGA,2.4
1082,2018,ÖVRIGA,2.0
1082,2022,ÖVRIGA,3.5
1083,1973,M,14.1
1083,1976,M,15.7
1083,1979,M,21.9
1083,1982,M,21.9
1083,1985,M,22.6
1083,1988,M,17.9
1083,1991,M,22.3
1083,1994,M,20.3
1083,1998,M,22.3
1083,2002,M,19.3
1083,2006,M,24.5
1083,2010,M,27.5
1083,2014,M,19.1
1083,2018,M,17.5
1083,2022,M,15.1
1083,1973,C,21.2
1083,1976,C,20.6
1083,1979,C,15.7
1083,1982,C,16.3
1083,1985,C,12.6
1083,1988,C,10.6
1083,1991,C,8.7
1083,1994,C,8.0
1083,1998,C,5.7
1083,2002,C,5.9
1083,2006,C,6.5
1083,2010,C,4.6
1083,2014,C,4.0
1083,2018,C,4.9
1083,2022,C,2.9
1083,1973,L,10.9
1083,1976,L,10.1
1083,1979,L,11.3
1083,1982,L,5.3
1083,1985,L,9.9
1083,1988,L,8.2
1083,1991,L,7.6
1083,1994,L,4.3
1083,1998,L,2.9
1083,2002,L,5.4
1083,2006,L,3.7
1083,2010,L,3.2
1083,2014,L,2.1
1083,2018,L,2.4
1083,2022,L,1.7
1083,1973,KD,2.0
1083,1976,KD,1.8
1083,1979,KD,2.1
1083,1982,KD,2.7
1083,1985,KD,2.6
1083,1988,KD,3.4
1083,1991,KD,5.3
1083,1994,KD,2.6
1083,1998,KD,7.8
1083,2002,KD,7.0
1083,2006,KD,4.2
1083,2010,KD,2.3
1083,2014,KD,1.7
1083,2018,KD,3.1
1083,2022,KD,3.3
1083,1985,MP,1.7
1083,1988,MP,8.1
1083,1991,MP,5.2
1083,1994,MP,4.2
1083,1998,MP,3.3
1083,2002,MP,1.9
1083,2006,MP,1.4
1083,2010,MP,3.4
1083,2014,MP,2.5
1083,2018,MP,1.4
1083,2022,MP,0.7
1083,1973,S,47.4
1083,1976,S,48.3
1083,1979,S,44.9
1083,1982,S,50.1
1083,1985,S,47.6
1083,1988,S,49.7
1083,1991,S,45.6
1083,1994,S,53.8
1083,1998,S,45.6
1083,2002,S,45.0
1083,2006,S,42.5
1083,2010,S,42.5
1083,2014,S,42.5
1083,2018,S,33.1
1083,2022,S,28.6
1083,1973,V,4.4
1083,1976,V,3.5
1083,1979,V,4.0
1083,1982,V,3.4
1083,1985,V,2.9
1083,1988,V,2.0
1083,1991,V,2.8
1083,1994,V,5.4
1083,1998,V,10.5
1083,2002,V,7.2
1083,2006,V,5.1
1083,2010,V,4.6
1083,2014,V,3.6
1083,2018,V,3.8
1083,2022,V,5.1
1083,2002,SD,3.4
1083,2006,SD,9.3
1083,2010,SD,11.8
1083,2014,SD,22.3
1083,2018,SD,29.0
1083,2022,SD,38.9
1083,1973,ÖVRIGA,0.0
1083,1976,ÖVRIGA,0.0
1083,1979,ÖVRIGA,0.0
1083,1982,ÖVRIGA,0.4
1083,1985,ÖVRIGA,0.1
1083,1988,ÖVRIGA,0.1
1083,1991,ÖVRIGA,2.5
1083,1994,ÖVRIGA,1.4
1083,1998,ÖVRIGA,2.0
1083,2002,ÖVRIGA,4.9
1083,2006,ÖVRIGA,2.8
1083,2010,ÖVRIGA,0.1
1083,2014,ÖVRIGA,2.3
1083,2018,ÖVRIGA,4.9
1083,2022,ÖVRIGA,3.8
1214,1973,M,10.9
1214,1976,M,11.4
1214,1979,M,15.1
1214,1982,M,16.6
1214,1985,M,18.7
1214,1988,M,15.9
1214,1991,M,20.0
1214,1994,M,18.0
1214,1998,M,19.6
1214,2002,M,14.0
1214,2006,M,17.2
1214,2010,M,19.4
1214,2014,M,13.3
1214,2018,M,11.6
1214,2022,M,12.1
1214,1973,C,37.4
1214,1976,C,33.3
1214,1979,C,27.1
1214,1982,C,25.2
1214,1985,C,18.9
1214,1988,C,20.0
1214,1991,C,19.4
1214,1994,C,19.0
1214,1998,C,21.4
1214,2002,C,23.1
1214,2006,C,19.4
1214,2010,C,17.8
1214,2014,C,18.9
1214,2018,C,18.5
1214,2022,C,12.1
1214,1973,L,5.7
1214,1976,L,5.8
1214,1979,L,6.2
1214,1982,L,3.3
1214,1985,L,7.2
1214,1988,L,6.3
1214,1991,L,5.5
1214,1994,L,3.6
1214,1998,L,3.7
1214,2002,L,7.0
1214,2006,L,5.2
1214,2010,L,7.3
1214,2014,L,5.4
1214,2018,L,5.5
1214,2022,L,4.4
1214,1973,KD,1.0
1214,1976,KD,0.9
1214,1979,KD,0.9
1214,1982,KD,1.0
1214,1985,KD,1.5
1214,1988,KD,1.7
1214,1991,KD,4.6
1214,1994,KD,1.8
1214,1998,KD,5.5
1214,2002,KD,4.7
1214,2006,KD,3.0
1214,2010,KD,2.3
1214,2014,KD,1.9
1214,2018,KD,2.4
1214,2022,KD,4.9
1214,1982,MP,0.8
1214,1985,MP,0.8
1214,1988,MP,5.8
1214,1991,MP,3.5
1214,1994,MP,4.7
1214,1998,MP,3.7
1214,2002,MP,3.2
1214,2006,MP,3.7
1214,2010,MP,5.3
1214,2014,MP,4.3
1214,2018,MP,2.5
1214,2022,MP,1.3
1214,1973,S,43.5
1214,1976,S,38.4
1214,1979,S,41.1
1214,1982,S,43.7
1214,1985,S,43.3
1214,1988,S,41.7
1214,1991,S,36.9
1214,1994,S,44.4
1214,1998,S,37.3
1214,2002,S,36.5
1214,2006,S,32.0
1214,2010,S,29.8
1214,2014,S,27.3
1214,2018,S,21.8
1214,2022,S,23.0
1214,1973,V,1.5
1214,1976,V,0.9
1214,1979,V,0.8
1214,1982,V,0.5
1214,1985,V,0.6
1214,1988,V,0.6
1214,1991,V,0.5
1214,1994,V,0.7
1214,1998,V,3.6
1214,2002,V,2.7
1214,2006,V,2.5
1214,2010,V,2.6
1214,2014,V,2.6
1214,2018,V,3.7
1214,2022,V,5.7
1214,2002,SD,4.8
1214,2006,SD,14.8
1214,2010,SD,14.1
1214,2014,SD,23.6
1214,2018,SD,31.2
1214,2022,SD,35.4
1214,1973,ÖVRIGA,0.0
1214,1976,ÖVRIGA,9.3
1214,1979,ÖVRIGA,8.9
1214,1982,ÖVRIGA,8.9
1214,1985,ÖVRIGA,9.0
1214,1988,ÖVRIGA,7.9
1214,1991,ÖVRIGA,9.7
1214,1994,ÖVRIGA,7.8
1214,1998,ÖVRIGA,5.1
1214,2002,ÖVRIGA,4.0
1214,2006,ÖVRIGA,2.2
1214,2010,ÖVRIGA,1.4
1214,2014,ÖVRIGA,2.7
1214,2018,ÖVRIGA,2.9
1214,2022,ÖVRIGA,1.1
1229,1973,M,17.0
1229,1973,C,32.8
1229,1973,L,8.8
1229,1973,KD,0.0
1229,1973,S,41.1
1229,1973,V,0.1
1229,1973,ÖVRIGA,0.1
1230,1973,M,25.2
1230,1976,M,24.7
1230,1979,M,30.5
1230,1982,M,34.8
1230,1985,M,35.1
1230,1988,M,33.7
1230,1991,M,40.6
1230,1994,M,32.8
1230,1998,M,35.5
1230,2002,M,26.0
1230,2006,M,39.2
1230,2010,M,45.3
1230,2014,M,35.3
1230,2018,M,42.7
1230,2022,M,44.4
1230,1973,C,30.1
1230,1976,C,23.5
1230,1979,C,17.5
1230,1982,C,14.5
1230,1985,C,10.8
1230,1988,C,11.3
1230,1991,C,8.9
1230,1994,C,6.2
1230,1998,C,4.8
1230,2002,C,5.5
1230,2006,C,6.6
1230,2010,C,3.8
1230,2014,C,4.2
1230,2018,C,5.4
1230,2022,C,4.4
1230,1973,L,6.4
1230,1976,L,11.5
1230,1979,L,12.2
1230,1982,L,6.1
1230,1985,L,11.8
1230,1988,L,10.1
1230,1991,L,9.4
1230,1994,L,6.7
1230,1998,L,3.3
1230,2002,L,9.9
1230,2006,L,6.5
1230,2010,L,6.8
1230,2014,L,7.4
1230,2018,L,7.6
1230,2022,L,6.1
1230,1973,KD,0.1
1230,1976,KD,0.5
1230,1979,KD,0.2
1230,1982,KD,0.5
1230,1985,KD,0.3
1230,1988,KD,0.4
1230,1991,KD,2.7
1230,1994,KD,1.7
1230,1998,KD,5.5
1230,2002,KD,4.9
1230,2006,KD,2.8
1230,2010,KD,1.7
1230,2014,KD,1.9
1230,2018,KD,2.2
1230,2022,KD,2.4
1230,1982,MP,1.8
1230,1985,MP,1.1
1230,1988,MP,5.0
1230,1991,MP,3.5
1230,1994,MP,3.4
1230,1998,MP,3.0
1230,2002,MP,2.3
1230,2006,MP,4.3
1230,2010,MP,6.0
1230,2014,MP,8.0
1230,2018,MP,5.5
1230,2022,MP,3.4
1230,1973,S,37.6
1230,1976,S,38.1
1230,1979,S,36.9
1230,1982,S,41.5
1230,1985,S,37.4
1230,1988,S,36.8
1230,1991,S,32.3
1230,1994,S,42.9
1230,1998,S,35.3
1230,2002,S,38.0
1230,2006,S,29.1
1230,2010,S,24.6
1230,2014,S,25.7
1230,2018,S,21.6
1230,2022,S,25.5
1230,1973,V,0.5
1230,1976,V,1.5
1230,1979,V,2.5
1230,1982,V,0.6
1230,1985,V,0.5
1230,1988,V,0.4
1230,1991,V,0.5
1230,1994,V,0.6
1230,1998,V,3.5
1230,2002,V,3.1
1230,2006,V,0.7
1230,2010,V,1.2
1230,2014,V,2.2
1230,2018,V,2.5
1230,2022,V,3.0
1230,2002,SD,0.0
1230,2006,SD,3.7
1230,2010,SD,5.1
1230,2014,SD,11.1
1230,2018,SD,11.1
1230,2022,SD,10.3
1230,1973,ÖVRIGA,0.1
1230,1976,ÖVRIGA,0.1
1230,1979,ÖVRIGA,0.1
1230,1982,ÖVRIGA,0.1
1230,1985,ÖVRIGA,2.9
1230,1988,ÖVRIGA,2.3
1230,1991,ÖVRIGA,2.1
1230,1994,ÖVRIGA,5.7
1230,1998,ÖVRIGA,9.2
1230,2002,ÖVRIGA,10.3
1230,2006,ÖVRIGA,7.2
1230,2010,ÖVRIGA,5.5
1230,2014,ÖVRIGA,4.1
1230,2018,ÖVRIGA,1.2
1230,2022,ÖVRIGA,0.5
1231,1973,M,13.6
1231,1976,M,16.0
1231,1979,M,21.0
1231,1982,M,24.5
1231,1985,M,22.6
1231,1988,M,21.8
1231,1991,M,26.0
1231,1994,M,21.0
1231,1998,M,22.3
1231,2002,M,16.0
1231,2006,M,20.5
1231,2010,M,25.1
1231,2014,M,19.0
1231,2018,M,20.1
1231,2022,M,20.4
1231,1973,C,22.1
1231,1976,C,16.2
1231,1979,C,9.5
1231,1982,C,7.5
1231,1985,C,4.3
1231,1988,C,4.7
1231,1991,C,4.2
1231,1994,C,4.2
1231,1998,C,3.3
1231,2002,C,2.7
1231,2006,C,3.7
1231,2010,C,2.6
1231,2014,C,3.2
1231,2018,C,4.9
1231,2022,C,5.2
1231,1973,L,7.4
1231,1976,L,11.3
1231,1979,L,11.3
1231,1982,L,5.3
1231,1985,L,11.6
1231,1988,L,11.3
1231,1991,L,9.2
1231,1994,L,5.2
1231,1998,L,5.5
1231,2002,L,10.3
1231,2006,L,8.3
1231,2010,L,7.6
1231,2014,L,5.6
1231,2018,L,6.7
1231,2022,L,4.5
1231,1973,KD,0.0
1231,1976,KD,0.1
1231,1979,KD,0.3
1231,1982,KD,0.4
1231,1985,KD,0.4
1231,1988,KD,0.4
1231,1991,KD,3.6
1231,1994,KD,1.6
1231,1998,KD,1.8
1231,2002,KD,3.5
1231,2006,KD,1.9
1231,2010,KD,1.2
1231,2014,KD,0.9
1231,2018,KD,1.6
1231,2022,KD,1.7
1231,1982,MP,1.3
1231,1985,MP,2.6
1231,1988,MP,6.9
1231,1991,MP,4.0
1231,1994,MP,3.8
1231,1998,MP,4.2
1231,2002,MP,2.4
1231,2006,MP,2.9
1231,2010,MP,5.1
1231,2014,MP,7.0
1231,2018,MP,3.8
1231,2022,MP,3.7
1231,1973,S,53.5
1231,1976,S,52.8
1231,1979,S,53.3
1231,1982,S,56.1
1231,1985,S,49.0
1231,1988,S,50.3
1231,1991,S,43.2
1231,1994,S,55.3
1231,1998,S,46.4
1231,2002,S,40.4
1231,2006,S,36.6
1231,2010,S,33.7
1231,2014,S,35.5
1231,2018,S,32.2
1231,2022,S,32.8
1231,1973,V,3.2
1231,1976,V,3.5
1231,1979,V,4.5
1231,1982,V,4.5
1231,1985,V,3.8
1231,1988,V,3.8
1231,1991,V,3.0
1231,1994,V,1.9
1231,1998,V,5.6
1231,2002,V,6.6
1231,2006,V,4.5
1231,2010,V,3.6
1231,2014,V,4.8
1231,2018,V,6.0
1231,2022,V,7.7
1231,2002,SD,0.0
1231,2006,SD,0.7
1231,2010,SD,17.3
1231,2014,SD,22.6
1231,2018,SD,23.8
1231,2022,SD,21.6
1231,1973,ÖVRIGA,0.1
1231,1976,ÖVRIGA,0.1
1231,1979,ÖVRIGA,0.2
1231,1982,ÖVRIGA,0.4
1231,1985,ÖVRIGA,5.7
1231,1988,ÖVRIGA,0.8
1231,1991,ÖVRIGA,6.8
1231,1994,ÖVRIGA,6.9
1231,1998,ÖVRIGA,10.9
1231,2002,ÖVRIGA,18.2
1231,2006,ÖVRIGA,21.0
1231,2010,ÖVRIGA,3.8
1231,2014,ÖVRIGA,1.5
1231,2018,ÖVRIGA,0.9
1231,2022,ÖVRIGA,2.4
1233,1973,M,29.6
1233,1976,M,32.8
1233,1979,M,42.0
1233,1982,M,48.1
1233,1985,M,49.1
1233,1988,M,55.1
1233,1991,M,60.1
1233,1994,M,60.9
1233,1998,M,68.1
1233,2002,M,67.0
1233,2006,M,67.4
1233,2010,M,49.8
1233,2014,M,48.1
1233,2018,M,50.4
1233,2022,M,42.2
1233,1973,C,27.2
1233,1976,C,22.5
1233,1979,C,16.3
1233,1982,C,14.6
1233,1985,C,11.5
1233,1988,C,8.1
1233,1991,C,8.9
1233,1994,C,8.3
1233,1998,C,5.1
1233,2002,C,2.4
1233,2006,C,2.4
1233,2010,C,1.8
1233,2014,C,1.6
1233,2018,C,7.5
1233,2022,C,5.8
1233,1973,L,7.2
1233,1976,L,14.0
1233,1979,L,13.3
1233,1982,L,5.7
1233,1985,L,10.1
1233,1988,L,7.4
1233,1991,L,8.0
1233,1994,L,5.1
1233,1998,L,3.5
1233,2002,L,8.0
1233,2006,L,8.4
1233,2010,L,15.0
1233,2014,L,14.2
1233,2018,L,13.8
1233,2022,L,17.0
1233,1973,KD,2.2
1233,1976,KD,0.6
1233,1979,KD,0.0
1233,1982,KD,0.5
1233,1985,KD,0.0
1233,1988,KD,0.5
1233,1991,KD,2.5
1233,1994,KD,1.8
1233,1998,KD,3.8
1233,2002,KD,3.3
1233,2006,KD,3.9
1233,2010,KD,3.6
1233,2014,KD,2.5
1233,2018,KD,2.0
1233,2022,KD,5.4
1233,1982,MP,2.1
1233,1985,MP,2.7
1233,1988,MP,5.2
1233,1991,MP,2.0
1233,1994,MP,2.1
1233,1998,MP,1.8
1233,2002,MP,1.6
1233,2006,MP,0.9
1233,2010,MP,3.4
1233,2014,MP,4.9
1233,2018,MP,3.3
1233,2022,MP,3.9
1233,1973,S,33.4
1233,1976,S,29.7
1233,1979,S,27.7
1233,1982,S,28.5
1233,1985,S,24.4
1233,1988,S,20.9
1233,1991,S,16.1
1233,1994,S,20.2
1233,1998,S,14.6
1233,2002,S,13.8
1233,2006,S,12.1
1233,2010,S,9.7
1233,2014,S,10.2
1233,2018,S,7.9
1233,2022,S,8.5
1233,1973,V,0.1
1233,1976,V,0.3
1233,1979,V,0.4
1233,1982,V,0.3
1233,1985,V,0.3
1233,1988,V,0.2
1233,1991,V,0.1
1233,1994,V,0.3
1233,1998,V,0.3
1233,2002,V,1.0
1233,2006,V,0.8
1233,2010,V,0.6
1233,2014,V,0.5
1233,2018,V,0.6
1233,2022,V,0.6
1233,2002,SD,0.0
1233,2006,SD,1.2
1233,2010,SD,5.8
1233,2014,SD,9.8
1233,2018,SD,13.5
1233,2022,SD,15.6
1233,1973,ÖVRIGA,0.3
1233,1976,ÖVRIGA,0.1
1233,1979,ÖVRIGA,0.2
1233,1982,ÖVRIGA,0.2
1233,1985,ÖVRIGA,1.8
1233,1988,ÖVRIGA,2.6
1233,1991,ÖVRIGA,2.3
1233,1994,ÖVRIGA,1.3
1233,1998,ÖVRIGA,2.8
1233,2002,ÖVRIGA,3.0
1233,2006,ÖVRIGA,3.0
1233,2010,ÖVRIGA,10.4
1233,2014,ÖVRIGA,8.2
1233,2018,ÖVRIGA,1.0
1233,2022,ÖVRIGA,0.9
1256,1973,M,9.1
1256,1976,M,10.5
1256,1979,M,13.5
1256,1982,M,15.2
1256,1985,M,14.3
1256,1988,M,11.6
1256,1991,M,16.0
1256,1994,M,14.3
1256,1998,M,15.9
1256,2002,M,14.3
1256,2006,M,18.3
1256,2010,M,24.8
1256,2014,M,24.9
1256,2018,M,42.1
1256,2022,M,46.4
1256,1973,C,24.3
1256,1976,C,22.8
1256,1979,C,18.0
1256,1982,C,16.2
1256,1985,C,13.4
1256,1988,C,12.4
1256,1991,C,12.1
1256,1994,C,10.3
1256,1998,C,7.8
1256,2002,C,11.8
1256,2006,C,10.7
1256,2010,C,7.6
1256,2014,C,6.3
1256,2018,C,5.5
1256,2022,C,4.0
1256,1973,L,8.4
1256,1976,L,9.1
1256,1979,L,9.3
1256,1982,L,5.7
1256,1985,L,10.5
1256,1988,L,8.8
1256,1991,L,6.4
1256,1994,L,4.3
1256,1998,L,3.6
1256,2002,L,7.5
1256,2006,L,6.9
1256,2010,L,8.6
1256,2014,L,3.9
1256,2018,L,1.3
1256,2022,L,0.5
1256,1973,KD,3.0
1256,1976,KD,3.0
1256,1979,KD,2.8
1256,1982,KD,2.9
1256,1985,KD,3.0
1256,1988,KD,3.7
1256,1991,KD,6.9
1256,1994,KD,4.2
1256,1998,KD,9.5
1256,2002,KD,8.6
1256,2006,KD,7.7
1256,2010,KD,5.2
1256,2014,KD,3.6
1256,2018,KD,3.4
1256,2022,KD,3.6
1256,1982,MP,1.4
1256,1985,MP,0.6
1256,1988,MP,4.1
1256,1991,MP,3.6
1256,1994,MP,4.6
1256,1998,MP,5.3
1256,2002,MP,3.9
1256,2006,MP,2.9
1256,2010,MP,3.9
1256,2014,MP,3.1
1256,2018,MP,2.0
1256,2022,MP,0.9
1256,1973,S,52.3
1256,1976,S,51.7
1256,1979,S,53.3
1256,1982,S,55.9
1256,1985,S,54.6
1256,1988,S,56.0
1256,1991,S,49.5
1256,1994,S,56.2
1256,1998,S,48.2
1256,2002,S,46.3
1256,2006,S,43.0
1256,2010,S,35.5
1256,2014,S,34.7
1256,2018,S,21.7
1256,2022,S,19.3
1256,1973,V,2.8
1256,1976,V,3.0
1256,1979,V,3.1
1256,1982,V,2.7
1256,1985,V,3.5
1256,1988,V,3.2
1256,1991,V,3.2
1256,1994,V,4.5
1256,1998,V,9.1
1256,2002,V,6.8
1256,2006,V,3.4
1256,2010,V,3.3
1256,2014,V,3.3
1256,2018,V,2.7
1256,2022,V,2.8
1256,2002,SD,0.0
1256,2006,SD,6.0
1256,2010,SD,11.0
1256,2014,SD,18.9
1256,2018,SD,16.3
1256,2022,SD,20.2
1256,1973,ÖVRIGA,0.0
1256,1976,ÖVRIGA,0.0
1256,1979,ÖVRIGA,0.1
1256,1982,ÖVRIGA,0.0
1256,1985,ÖVRIGA,0.1
1256,1988,ÖVRIGA,0.2
1256,1991,ÖVRIGA,2.4
1256,1994,ÖVRIGA,1.6
1256,1998,ÖVRIGA,0.6
1256,2002,ÖVRIGA,0.9
1256,2006,ÖVRIGA,1.1
1256,2010,ÖVRIGA,0.1
1256,2014,ÖVRIGA,1.3
1256,2018,ÖVRIGA,4.9
1256,2022,ÖVRIGA,2.3
1257,1973,M,22.2
1257,1976,M,24.2
1257,1979,M,27.2
1257,1982,M,29.8
1257,1985,M,29.7
1257,1988,M,26.7
1257,1991,M,31.9
1257,1994,M,27.3
1257,1998,M,27.0
1257,2002,M,22.1
1257,2006,M,26.6
1257,2010,M,26.2
1257,2014,M,20.0
1257,2018,M,22.4
1257,2022,M,18.3
1257,1973,C,33.5
1257,1976,C,31.4
1257,1979,C,25.6
1257,1982,C,22.6
1257,1985,C,18.7
1257,1988,C,19.7
1257,1991,C,18.1
1257,1994,C,17.0
1257,1998,C,13.4
1257,2002,C,11.0
1257,2006,C,11.1
1257,2010,C,8.5
1257,2014,C,7.1
1257,2018,C,8.8
1257,2022,C,8.1
1257,1973,L,12.0
1257,1976,L,9.8
1257,1979,L,10.0
1257,1982,L,6.7
1257,1985,L,11.1
1257,1988,L,9.3
1257,1991,L,7.9
1257,1994,L,4.5
1257,1998,L,5.7
1257,2002,L,15.0
1257,2006,L,7.0
1257,2010,L,9.8
1257,2014,L,5.4
1257,2018,L,1.4
1257,2022,L,1.4
1257,1973,KD,5.9
1257,1976,KD,5.9
1257,1979,KD,6.5
1257,1982,KD,6.6
1257,1985,KD,6.2
1257,1988,KD,7.0
1257,1991,KD,10.8
1257,1994,KD,9.3
1257,1998,KD,14.8
1257,2002,KD,14.7
1257,2006,KD,11.6
1257,2010,KD,9.5
1257,2014,KD,9.8
1257,2018,KD,11.0
1257,2022,KD,13.1
1257,1982,MP,3.7
1257,1985,MP,1.5
1257,1988,MP,4.6
1257,1991,MP,0.7
1257,1994,MP,1.0
1257,1998,MP,0.8
1257,2002,MP,0.7
1257,2006,MP,0.5
1257,2010,MP,1.6
1257,2014,MP,3.7
1257,2018,MP,2.2
1257,2022,MP,2.0
1257,1973,S,26.2
1257,1976,S,23.7
1257,1979,S,26.8
1257,1982,S,30.3
1257,1985,S,27.9
1257,1988,S,26.7
1257,1991,S,20.9
1257,1994,S,33.3
1257,1998,S,27.1
1257,2002,S,31.4
1257,2006,S,29.8
1257,2010,S,24.3
1257,2014,S,25.0
1257,2018,S,20.0
1257,2022,S,20.1
1257,1973,V,0.2
1257,1976,V,0.2
1257,1979,V,0.1
1257,1985,V,0.3
1257,1988,V,0.4
1257,1991,V,0.5
1257,1994,V,0.4
1257,1998,V,3.4
1257,2002,V,2.0
1257,2006,V,1.4
1257,2010,V,0.9
1257,2014,V,0.8
1257,2018,V,1.0
1257,2022,V,1.2
1257,2002,SD,0.0
1257,2006,SD,7.1
1257,2010,SD,11.6
1257,2014,SD,23.9
1257,2018,SD,31.5
1257,2022,SD,35.0
1257,1973,ÖVRIGA,0.0
1257,1976,ÖVRIGA,4.7
1257,1979,ÖVRIGA,3.7
1257,1982,ÖVRIGA,0.3
1257,1985,ÖVRIGA,4.6
1257,1988,ÖVRIGA,5.6
1257,1991,ÖVRIGA,9.1
1257,1994,ÖVRIGA,7.1
1257,1998,ÖVRIGA,7.9
1257,2002,ÖVRIGA,3.1
1257,2006,ÖVRIGA,4.8
1257,2010,ÖVRIGA,7.7
1257,2014,ÖVRIGA,4.2
1257,2018,ÖVRIGA,1.7
1257,2022,ÖVRIGA,0.8
1260,1973,M,7.8
1260,1976,M,9.1
1260,1979,M,13.9
1260,1982,M,17.9
1260,1985,M,18.0
1260,1988,M,14.4
1260,1991,M,19.2
1260,1994,M,16.5
1260,1998,M,19.2
1260,2002,M,14.6
1260,2006,M,19.1
1260,2010,M,21.4
1260,2014,M,18.0
1260,2018,M,15.9
1260,2022,M,14.7
1260,1973,C,22.5
1260,1976,C,19.5
1260,1979,C,14.2
1260,1982,C,12.2
1260,1985,C,9.5
1260,1988,C,10.3
1260,1991,C,8.5
1260,1994,C,7.3
1260,1998,C,6.6
1260,2002,C,5.8
1260,2006,C,6.1
1260,2010,C,4.6
1260,2014,C,5.0
1260,2018,C,4.3
1260,2022,C,3.5
1260,1973,L,6.6
1260,1976,L,10.3
1260,1979,L,10.1
1260,1982,L,5.1
1260,1985,L,11.5
1260,1988,L,10.4
1260,1991,L,7.9
1260,1994,L,3.9
1260,1998,L,4.4
1260,2002,L,7.3
1260,2006,L,4.7
1260,2010,L,4.0
1260,2014,L,3.0
1260,2018,L,3.1
1260,2022,L,1.6
1260,1973,KD,0.8
1260,1976,KD,0.9
1260,1979,KD,1.0
1260,1982,KD,1.0
1260,1985,KD,1.0
1260,1988,KD,0.4
1260,1991,KD,4.4
1260,1994,KD,1.4
1260,1998,KD,6.0
1260,2002,KD,6.1
1260,2006,KD,3.5
1260,2010,KD,2.2
1260,2014,KD,2.5
1260,2018,KD,3.1
1260,2022,KD,3.8
1260,1982,MP,1.0
1260,1985,MP,0.5
1260,1988,MP,2.0
1260,1991,MP,0.7
1260,1994,MP,1.0
1260,1998,MP,2.2
1260,2002,MP,0.8
1260,2006,MP,0.8
1260,2010,MP,3.5
1260,2014,MP,4.1
1260,2018,MP,1.1
1260,2022,MP,0.5
1260,1973,S,60.0
1260,1976,S,58.0
1260,1979,S,58.5
1260,1982,S,60.6
1260,1985,S,56.8
1260,1988,S,57.3
1260,1991,S,46.8
1260,1994,S,61.1
1260,1998,S,46.7
1260,2002,S,51.7
1260,2006,S,46.9
1260,2010,S,42.4
1260,2014,S,43.6
1260,2018,S,34.9
1260,2022,S,31.5
1260,1973,V,2.2
1260,1976,V,2.3
1260,1979,V,2.2
1260,1982,V,2.2
1260,1985,V,2.6
1260,1988,V,3.7
1260,1991,V,3.0
1260,1994,V,2.8
1260,1998,V,7.8
1260,2002,V,5.4
1260,2006,V,3.3
1260,2010,V,2.3
1260,2014,V,4.4
1260,2018,V,3.0
1260,2022,V,3.6
1260,2002,SD,0.0
1260,2006,SD,14.8
1260,2010,SD,19.2
1260,2014,SD,12.8
1260,2018,SD,33.3
1260,2022,SD,38.9
1260,1973,ÖVRIGA,0.0
1260,1979,ÖVRIGA,0.2
1260,1982,ÖVRIGA,0.1
1260,1985,ÖVRIGA,0.1
1260,1988,ÖVRIGA,1.6
1260,1991,ÖVRIGA,9.6
1260,1994,ÖVRIGA,6.1
1260,1998,ÖVRIGA,7.1
1260,2002,ÖVRIGA,8.4
1260,2006,ÖVRIGA,0.8
1260,2010,ÖVRIGA,0.3
1260,2014,ÖVRIGA,6.7
1260,2018,ÖVRIGA,1.2
1260,2022,ÖVRIGA,1.8
1261,1973,M,9.4
1261,1976,M,15.1
1261,1979,M,20.0
1261,1982,M,24.6
1261,1985,M,25.6
1261,1988,M,19.5
1261,1991,M,29.1
1261,1994,M,20.8
1261,1998,M,26.4
1261,2002,M,19.5
1261,2006,M,26.2
1261,2010,M,33.8
1261,2014,M,29.9
1261,2018,M,31.3
1261,2022,M,32.1
1261,1973,C,30.7
1261,1976,C,25.9
1261,1979,C,18.6
1261,1982,C,15.2
1261,1985,C,12.0
1261,1988,C,12.2
1261,1991,C,10.3
1261,1994,C,6.6
1261,1998,C,4.9
1261,2002,C,5.1
1261,2006,C,5.5
1261,2010,C,5.3
1261,2014,C,5.8
1261,2018,C,7.1
1261,2022,C,6.4
1261,1973,L,7.4
1261,1976,L,10.1
1261,1979,L,10.2
1261,1982,L,5.1
1261,1985,L,10.6
1261,1988,L,10.0
1261,1991,L,9.1
1261,1994,L,4.7
1261,1998,L,4.7
1261,2002,L,10.3
1261,2006,L,8.5
1261,2010,L,10.9
1261,2014,L,9.3
1261,2018,L,8.7
1261,2022,L,5.5
1261,1973,KD,0.0
1261,1976,KD,0.1
1261,1979,KD,0.2
1261,1982,KD,0.2
1261,1985,KD,0.1
1261,1988,KD,0.3
1261,1991,KD,2.5
1261,1994,KD,1.0
1261,1998,KD,1.6
1261,2002,KD,4.1
1261,2006,KD,2.7
1261,2010,KD,1.5
1261,2014,KD,1.6
1261,2018,KD,2.7
1261,2022,KD,3.0
1261,1982,MP,2.7
1261,1985,MP,2.8
1261,1988,MP,6.7
1261,1991,MP,4.0
1261,1994,MP,4.2
1261,1998,MP,3.7
1261,2002,MP,3.3
1261,2006,MP,2.6
1261,2010,MP,4.7
1261,2014,MP,7.0
1261,2018,MP,3.8
1261,2022,MP,3.6
1261,1973,S,52.0
1261,1976,S,46.8
1261,1979,S,48.0
1261,1982,S,49.7
1261,1985,S,46.5
1261,1988,S,48.3
1261,1991,S,40.1
1261,1994,S,44.7
1261,1998,S,42.0
1261,2002,S,43.8
1261,2006,S,38.4
1261,2010,S,29.7
1261,2014,S,29.1
1261,2018,S,24.6
1261,2022,S,22.8
1261,1973,V,0.4
1261,1976,V,2.0
1261,1979,V,3.0
1261,1982,V,2.3
1261,1985,V,2.4
1261,1988,V,2.8
1261,1991,V,3.7
1261,1994,V,0.5
1261,1998,V,4.0
1261,2002,V,3.0
1261,2006,V,2.2
1261,2010,V,1.8
1261,2014,V,1.8
1261,2018,V,2.0
1261,2022,V,2.3
1261,2002,SD,9.0
1261,2006,SD,13.1
1261,2010,SD,7.8
1261,2014,SD,14.5
1261,2018,SD,19.3
1261,2022,SD,18.9
1261,1973,ÖVRIGA,0.1
1261,1976,ÖVRIGA,0.1
1261,1979,ÖVRIGA,0.1
1261,1982,ÖVRIGA,0.1
1261,1985,ÖVRIGA,0.1
1261,1988,ÖVRIGA,0.2
1261,1991,ÖVRIGA,1.2
1261,1994,ÖVRIGA,17.4
1261,1998,ÖVRIGA,12.8
1261,2002,ÖVRIGA,1.9
1261,2006,ÖVRIGA,0.8
1261,2010,ÖVRIGA,4.6
1261,2014,ÖVRIGA,0.9
1261,2018,ÖVRIGA,0.3
1261,2022,ÖVRIGA,5.4
1262,1973,M,22.5
1262,1976,M,24.0
1262,1979,M,31.8
1262,1982,M,34.9
1262,1985,M,34.9
1262,1988,M,34.0
1262,1991,M,40.3
1262,1994,M,39.4
1262,1998,M,39.7
1262,2002,M,36.5
1262,2006,M,48.4
1262,2010,M,51.9
1262,2014,M,45.7
1262,2018,M,38.9
1262,2022,M,41.4
1262,1973,C,25.5
1262,1976,C,28.5
1262,1979,C,21.2
1262,1982,C,20.9
1262,1985,C,13.6
1262,1988,C,8.7
1262,1991,C,6.9
1262,1994,C,5.7
1262,1998,C,4.3
1262,2002,C,3.5
1262,2006,C,3.8
1262,2010,C,3.7
1262,2014,C,4.0
1262,2018,C,5.8
1262,2022,C,3.8
1262,1973,L,7.9
1262,1976,L,8.0
1262,1979,L,10.4
1262,1982,L,6.4
1262,1985,L,13.6
1262,1988,L,13.6
1262,1991,L,11.3
1262,1994,L,8.6
1262,1998,L,6.6
1262,2002,L,14.2
1262,2006,L,10.3
1262,2010,L,11.6
1262,2014,L,10.1
1262,2018,L,8.8
1262,2022,L,6.3
1262,1973,KD,0.3
1262,1976,KD,0.2
1262,1979,KD,0.2
1262,1982,KD,0.3
1262,1985,KD,0.1
1262,1988,KD,0.2
1262,1991,KD,3.6
1262,1994,KD,2.2
1262,1998,KD,5.7
1262,2002,KD,4.6
1262,2006,KD,2.8
1262,2010,KD,2.0
1262,2014,KD,1.9
1262,2018,KD,3.0
1262,2022,KD,2.7
1262,1982,MP,0.2
1262,1985,MP,2.9
1262,1988,MP,6.4
1262,1991,MP,3.8
1262,1994,MP,3.6
1262,1998,MP,4.1
1262,2002,MP,3.1
1262,2006,MP,3.0
1262,2010,MP,5.2
1262,2014,MP,7.1
1262,2018,MP,3.5
1262,2022,MP,3.5
1262,1973,S,43.4
1262,1976,S,38.6
1262,1979,S,35.8
1262,1982,S,36.7
1262,1985,S,33.3
1262,1988,S,33.0
1262,1991,S,28.5
1262,1994,S,35.3
1262,1998,S,30.2
1262,2002,S,29.6
1262,2006,S,23.6
1262,2010,S,18.2
1262,2014,S,21.5
1262,2018,S,18.1
1262,2022,S,18.6
1262,1973,V,0.2
1262,1976,V,0.6
1262,1979,V,0.5
1262,1982,V,0.4
1262,1985,V,0.3
1262,1988,V,0.5
1262,1991,V,0.3
1262,1994,V,0.5
1262,1998,V,2.0
1262,2002,V,1.7
1262,2006,V,1.2
1262,2010,V,0.5
1262,2014,V,0.7
1262,2018,V,1.9
1262,2022,V,1.8
1262,2002,SD,1.8
1262,2006,SD,3.3
1262,2010,SD,3.6
1262,2014,SD,7.4
1262,2018,SD,9.7
1262,2022,SD,10.1
1262,1973,ÖVRIGA,0.3
1262,1976,ÖVRIGA,0.0
1262,1979,ÖVRIGA,0.2
1262,1982,ÖVRIGA,0.2
1262,1985,ÖVRIGA,1.4
1262,1988,ÖVRIGA,3.6
1262,1991,ÖVRIGA,5.4
1262,1994,ÖVRIGA,4.8
1262,1998,ÖVRIGA,7.5
1262,2002,ÖVRIGA,5.1
1262,2006,ÖVRIGA,3.6
1262,2010,ÖVRIGA,3.4
1262,2014,ÖVRIGA,1.6
1262,2018,ÖVRIGA,10.3
1262,2022,ÖVRIGA,11.9
1263,1973,M,9.7
1263,1976,M,13.6
1263,1979,M,21.1
1263,1982,M,21.5
1263,1985,M,19.8
1263,1988,M,16.2
1263,1991,M,22.2
1263,1994,M,19.5
1263,1998,M,20.7
1263,2002,M,19.6
1263,2006,M,26.5
1263,2010,M,33.0
1263,2014,M,26.1
1263,2018,M,23.9
1263,2022,M,24.7
1263,1973,C,26.9
1263,1976,C,25.5
1263,1979,C,18.6
1263,1982,C,15.0
1263,1985,C,10.9
1263,1988,C,10.0
1263,1991,C,7.9
1263,1994,C,6.7
1263,1998,C,5.5
1263,2002,C,4.5
1263,2006,C,4.1
1263,2010,C,3.4
1263,2014,C,4.2
1263,2018,C,5.1
1263,2022,C,4.4
1263,1973,L,7.1
1263,1976,L,10.9
1263,1979,L,10.8
1263,1982,L,4.2
1263,1985,L,8.4
1263,1988,L,7.1
1263,1991,L,6.3
1263,1994,L,3.9
1263,1998,L,2.7
1263,2002,L,8.3
1263,2006,L,5.8
1263,2010,L,6.7
1263,2014,L,5.6
1263,2018,L,4.8
1263,2022,L,2.2
1263,1973,KD,2.5
1263,1976,KD,1.4
1263,1979,KD,0.1
1263,1982,KD,0.9
1263,1985,KD,0.1
1263,1988,KD,0.3
1263,1991,KD,3.5
1263,1994,KD,1.6
1263,1998,KD,5.2
1263,2002,KD,3.9
1263,2006,KD,2.2
1263,2010,KD,1.4
1263,2014,KD,1.1
1263,2018,KD,3.0
1263,2022,KD,3.7
1263,1982,MP,0.3
1263,1985,MP,0.4
1263,1988,MP,4.5
1263,1991,MP,3.5
1263,1994,MP,4.2
1263,1998,MP,2.8
1263,2002,MP,2.6
1263,2006,MP,2.4
1263,2010,MP,4.4
1263,2014,MP,6.9
1263,2018,MP,3.4
1263,2022,MP,2.7
1263,1973,S,53.4
1263,1976,S,48.2
1263,1979,S,48.8
1263,1982,S,47.9
1263,1985,S,42.0
1263,1988,S,41.5
1263,1991,S,34.2
1263,1994,S,44.7
1263,1998,S,41.3
1263,2002,S,36.5
1263,2006,S,32.1
1263,2010,S,25.1
1263,2014,S,26.2
1263,2018,S,19.7
1263,2022,S,23.0
1263,1973,V,0.1
1263,1976,V,0.4
1263,1979,V,0.4
1263,1982,V,0.4
1263,1985,V,0.3
1263,1988,V,0.2
1263,1991,V,0.4
1263,1994,V,0.6
1263,1998,V,4.5
1263,2002,V,3.0
1263,2006,V,1.5
1263,2010,V,1.6
1263,2014,V,1.8
1263,2018,V,2.3
1263,2022,V,2.3
1263,2002,SD,4.5
1263,2006,SD,12.7
1263,2010,SD,16.2
1263,2014,SD,20.5
1263,2018,SD,27.0
1263,2022,SD,27.2
1263,1973,ÖVRIGA,0.2
1263,1979,ÖVRIGA,0.2
1263,1982,ÖVRIGA,9.9
1263,1985,ÖVRIGA,18.1
1263,1988,ÖVRIGA,20.2
1263,1991,ÖVRIGA,22.0
1263,1994,ÖVRIGA,18.8
1263,1998,ÖVRIGA,17.3
1263,2002,ÖVRIGA,16.9
1263,2006,ÖVRIGA,12.8
1263,2010,ÖVRIGA,8.1
1263,2014,ÖVRIGA,7.7
1263,2018,ÖVRIGA,10.9
1263,2022,ÖVRIGA,9.7
1264,1973,M,7.5
1264,1976,M,11.5
1264,1979,M,14.5
1264,1982,M,18.2
1264,1985,M,17.8
1264,1988,M,14.8
1264,1991,M,19.2
1264,1994,M,17.7
1264,1998,M,21.8
1264,2002,M,17.6
1264,2006,M,26.0
1264,2010,M,28.6
1264,2014,M,21.2
1264,2018,M,23.4
1264,2022,M,28.6
1264,1973,C,37.3
1264,1976,C,35.1
1264,1979,C,29.2
1264,1982,C,26.3
1264,1985,C,22.6
1264,1988,C,20.0
1264,1991,C,15.9
1264,1994,C,13.7
1264,1998,C,12.3
1264,2002,C,11.0
1264,2006,C,10.3
1264,2010,C,8.4
1264,2014,C,7.4
1264,2018,C,7.5
1264,2022,C,5.9
1264,1973,L,4.7
1264,1976,L,6.6
1264,1979,L,7.7
1264,1982,L,5.0
1264,1985,L,9.3
1264,1988,L,7.1
1264,1991,L,7.0
1264,1994,L,4.8
1264,1998,L,4.2
1264,2002,L,9.6
1264,2006,L,8.4
1264,2010,L,10.2
1264,2014,L,5.4
1264,2018,L,4.2
1264,2022,L,3.1
1264,1973,KD,1.2
1264,1976,KD,0.8
1264,1979,KD,0.2
1264,1982,KD,0.2
1264,1985,KD,0.1
1264,1988,KD,0.4
1264,1991,KD,2.8
1264,1994,KD,0.6
1264,1998,KD,1.7
1264,2002,KD,4.1
1264,2006,KD,2.9
1264,2010,KD,1.2
1264,2014,KD,1.6
1264,2018,KD,1.0
1264,2022,KD,3.4
1264,1982,MP,2.1
1264,1985,MP,3.4
1264,1988,MP,5.2
1264,1991,MP,2.7
1264,1994,MP,4.1
1264,1998,MP,4.3
1264,2002,MP,2.5
1264,2006,MP,2.6
1264,2010,MP,3.6
1264,2014,MP,4.4
1264,2018,MP,3.1
1264,2022,MP,0.8
1264,1973,S,39.0
1264,1976,S,36.5
1264,1979,S,37.1
1264,1982,S,37.1
1264,1985,S,35.4
1264,1988,S,35.8
1264,1991,S,28.7
1264,1994,S,37.5
1264,1998,S,32.7
1264,2002,S,33.6
1264,2006,S,30.3
1264,2010,S,25.6
1264,2014,S,29.7
1264,2018,S,23.7
1264,2022,S,23.7
1264,1973,V,0.2
1264,1976,V,0.2
1264,1979,V,0.4
1264,1982,V,0.3
1264,1985,V,0.3
1264,1988,V,0.5
1264,1991,V,0.5
1264,1994,V,0.7
1264,1998,V,3.0
1264,2002,V,4.4
1264,2006,V,2.2
1264,2010,V,2.4
1264,2014,V,4.2
1264,2018,V,4.3
1264,2022,V,5.8
1264,2002,SD,3.6
1264,2006,SD,7.5
1264,2010,SD,11.7
1264,2014,SD,20.4
1264,2018,SD,26.1
1264,2022,SD,24.3
1264,1973,ÖVRIGA,10.1
1264,1976,ÖVRIGA,9.4
1264,1979,ÖVRIGA,10.8
1264,1982,ÖVRIGA,10.7
1264,1985,ÖVRIGA,11.0
1264,1988,ÖVRIGA,16.3
1264,1991,ÖVRIGA,23.3
1264,1994,ÖVRIGA,21.0
1264,1998,ÖVRIGA,20.1
1264,2002,ÖVRIGA,13.7
1264,2006,ÖVRIGA,9.7
1264,2010,ÖVRIGA,8.3
1264,2014,ÖVRIGA,5.7
1264,2018,ÖVRIGA,6.6
1264,2022,ÖVRIGA,4.4
1265,1973,M,10.6
1265,1976,M,14.0
1265,1979,M,18.8
1265,1982,M,20.7
1265,1985,M,20.4
1265,1988,M,12.8
1265,1991,M,19.2
1265,1994,M,13.8
1265,1998,M,28.2
1265,2002,M,26.8
1265,2006,M,29.3
1265,2010,M,30.7
1265,2014,M,24.0
1265,2018,M,24.6
1265,2022,M,23.1
1265,1973,C,45.4
1265,1976,C,43.4
1265,1979,C,37.5
1265,1982,C,33.0
1265,1985,C,30.4
1265,1988,C,45.3
1265,1991,C,38.5
1265,1994,C,17.0
1265,1998,C,10.7
1265,2002,C,9.9
1265,2006,C,10.2
1265,2010,C,8.4
1265,2014,C,8.4
1265,2018,C,9.1
1265,2022,C,6.2
1265,1973,L,8.4
1265,1976,L,9.0
1265,1979,L,8.8
1265,1982,L,5.3
1265,1985,L,8.1
1265,1988,L,6.4
1265,1991,L,5.2
1265,1994,L,2.7
1265,1998,L,6.9
1265,2002,L,6.4
1265,2006,L,3.4
1265,2010,L,3.3
1265,2014,L,2.6
1265,2018,L,2.7
1265,2022,L,2.7
1265,1973,KD,0.8
1265,1976,KD,0.9
1265,1979,KD,0.2
1265,1982,KD,0.1
1265,1985,KD,0.1
1265,1988,KD,0.2
1265,1991,KD,2.7
1265,1994,KD,1.0
1265,1998,KD,4.7
1265,2002,KD,5.0
1265,2006,KD,5.0
1265,2010,KD,7.0
1265,2014,KD,8.3
1265,2018,KD,6.5
1265,2022,KD,9.5
1265,1982,MP,3.0
1265,1985,MP,3.7
1265,1988,MP,5.6
1265,1991,MP,4.5
1265,1994,MP,3.5
1265,1998,MP,2.6
1265,2002,MP,2.1
1265,2006,MP,2.4
1265,2010,MP,4.1
1265,2014,MP,4.0
1265,2018,MP,2.5
1265,2022,MP,2.4
1265,1973,S,31.6
1265,1976,S,32.3
1265,1979,S,34.2
1265,1982,S,35.2
1265,1985,S,33.9
1265,1988,S,28.2
1265,1991,S,26.7
1265,1994,S,27.1
1265,1998,S,21.1
1265,2002,S,23.0
1265,2006,S,21.1
1265,2010,S,18.9
1265,2014,S,19.5
1265,2018,S,16.3
1265,2022,S,16.6
1265,1973,V,0.1
1265,1976,V,0.4
1265,1979,V,0.5
1265,1982,V,0.5
1265,1985,V,0.5
1265,1988,V,0.4
1265,1991,V,0.5
1265,1994,V,1.9
1265,1998,V,6.9
1265,2002,V,4.9
1265,2006,V,3.7
1265,2010,V,3.5
1265,2014,V,3.5
1265,2018,V,3.5
1265,2022,V,4.1
1265,2002,SD,0.0
1265,2006,SD,4.4
1265,2010,SD,10.2
1265,2014,SD,20.7
1265,2018,SD,27.7
1265,2022,SD,34.6
1265,1973,ÖVRIGA,3.1
1265,1976,ÖVRIGA,0.0
1265,1979,ÖVRIGA,0.1
1265,1982,ÖVRIGA,2.2
1265,1985,ÖVRIGA,3.0
1265,1988,ÖVRIGA,1.2
1265,1991,ÖVRIGA,2.6
1265,1994,ÖVRIGA,33.1
1265,1998,ÖVRIGA,18.9
1265,2002,ÖVRIGA,21.8
1265,2006,ÖVRIGA,20.5
1265,2010,ÖVRIGA,13.8
1265,2014,ÖVRIGA,8.9
1265,2018,ÖVRIGA,6.9
1265,2022,ÖVRIGA,0.9
1266,1973,M,8.7
1266,1976,M,10.6
1266,1979,M,15.9
1266,1982,M,19.6
1266,1985,M,19.0
1266,1988,M,16.8
1266,1991,M,23.2
1266,1994,M,16.8
1266,1998,M,18.7
1266,2002,M,12.8
1266,2006,M,25.7
1266,2010,M,35.7
1266,2014,M,15.7
1266,2018,M,11.0
1266,2022,M,12.2
1266,1973,C,46.5
1266,1976,C,42.7
1266,1979,C,34.9
1266,1982,C,34.2
1266,1985,C,31.1
1266,1988,C,30.2
1266,1991,C,26.4
1266,1994,C,22.4
1266,1998,C,20.3
1266,2002,C,19.7
1266,2006,C,14.9
1266,2010,C,10.7
1266,2014,C,13.0
1266,2018,C,11.3
1266,2022,C,9.4
1266,1973,L,15.4
1266,1976,L,16.6
1266,1979,L,15.7
1266,1982,L,9.1
1266,1985,L,14.8
1266,1988,L,13.6
1266,1991,L,9.2
1266,1994,L,5.7
1266,1998,L,6.7
1266,2002,L,9.3
1266,2006,L,6.2
1266,2010,L,4.4
1266,2014,L,6.0
1266,2018,L,9.8
1266,2022,L,6.5
1266,1973,KD,4.5
1266,1976,KD,3.6
1266,1979,KD,4.3
1266,1982,KD,4.1
1266,1985,KD,3.3
1266,1988,KD,3.7
1266,1991,KD,8.7
1266,1994,KD,3.9
1266,1998,KD,8.3
1266,2002,KD,5.9
1266,2006,KD,3.9
1266,2010,KD,2.3
1266,2014,KD,2.9
1266,2018,KD,3.9
1266,2022,KD,5.0
1266,1982,MP,0.4
1266,1985,MP,4.3
1266,1988,MP,5.6
1266,1991,MP,4.0
1266,1994,MP,5.5
1266,1998,MP,7.0
1266,2002,MP,4.6
1266,2006,MP,3.8
1266,2010,MP,5.0
1266,2014,MP,4.9
1266,2018,MP,2.8
1266,2022,MP,1.8
1266,1973,S,24.5
1266,1976,S,26.3
1266,1979,S,26.4
1266,1982,S,28.6
1266,1985,S,27.0
1266,1988,S,29.3
1266,1991,S,25.8
1266,1994,S,28.9
1266,1998,S,26.7
1266,2002,S,29.2
1266,2006,S,23.2
1266,2010,S,20.0
1266,2014,S,25.1
1266,2018,S,15.1
1266,2022,S,17.7
1266,1973,V,0.1
1266,1976,V,0.1
1266,1979,V,0.4
1266,1982,V,0.4
1266,1985,V,0.3
1266,1988,V,0.6
1266,1991,V,0.5
1266,1994,V,0.7
1266,1998,V,1.5
1266,2002,V,2.7
1266,2006,V,1.6
1266,2010,V,1.9
1266,2014,V,2.9
1266,2018,V,3.3
1266,2022,V,3.7
1266,2002,SD,0.0
1266,2006,SD,4.7
1266,2010,SD,12.1
1266,2014,SD,21.1
1266,2018,SD,35.3
1266,2022,SD,39.3
1266,1973,ÖVRIGA,0.2
1266,1976,ÖVRIGA,0.0
1266,1979,ÖVRIGA,2.4
1266,1982,ÖVRIGA,3.6
1266,1985,ÖVRIGA,0.2
1266,1988,ÖVRIGA,0.2
1266,1991,ÖVRIGA,2.2
1266,1994,ÖVRIGA,16.2
1266,1998,ÖVRIGA,10.7
1266,2002,ÖVRIGA,15.8
1266,2006,ÖVRIGA,16.0
1266,2010,ÖVRIGA,7.8
1266,2014,ÖVRIGA,8.3
1266,2018,ÖVRIGA,7.6
1266,2022,ÖVRIGA,4.2
1267,1973,M,15.1
1267,1976,M,17.1
1267,1979,M,22.1
1267,1982,M,27.0
1267,1985,M,25.6
1267,1988,M,23.3
1267,1991,M,27.3
1267,1994,M,28.2
1267,1998,M,26.0
1267,2002,M,23.1
1267,2006,M,30.2
1267,2010,M,36.6
1267,2014,M,23.0
1267,2018,M,19.3
1267,2022,M,26.6
1267,1973,C,39.9
1267,1976,C,36.6
1267,1979,C,29.1
1267,1982,C,25.4
1267,1985,C,22.5
1267,1988,C,22.5
1267,1991,C,19.9
1267,1994,C,14.0
1267,1998,C,9.6
1267,2002,C,10.6
1267,2006,C,8.8
1267,2010,C,5.6
1267,2014,C,8.3
1267,2018,C,9.9
1267,2022,C,5.9
1267,1973,L,11.1
1267,1976,L,13.4
1267,1979,L,13.5
1267,1982,L,7.7
1267,1985,L,12.7
1267,1988,L,10.4
1267,1991,L,8.1
1267,1994,L,4.5
1267,1998,L,4.3
1267,2002,L,9.2
1267,2006,L,6.5
1267,2010,L,6.3
1267,2014,L,7.2
1267,2018,L,12.5
1267,2022,L,4.1
1267,1973,KD,2.3
1267,1976,KD,1.5
1267,1979,KD,0.7
1267,1982,KD,1.2
1267,1985,KD,1.2
1267,1988,KD,1.6
1267,1991,KD,8.3
1267,1994,KD,3.7
1267,1998,KD,6.9
1267,2002,KD,5.8
1267,2006,KD,4.1
1267,2010,KD,2.7
1267,2014,KD,2.4
1267,2018,KD,3.9
1267,2022,KD,4.5
1267,1982,MP,4.8
1267,1985,MP,6.1
1267,1988,MP,8.9
1267,1991,MP,6.1
1267,1994,MP,7.4
1267,1998,MP,6.4
1267,2002,MP,5.0
1267,2006,MP,5.7
1267,2010,MP,7.5
1267,2014,MP,9.1
1267,2018,MP,6.1
1267,2022,MP,5.5
1267,1973,S,28.9
1267,1976,S,28.8
1267,1979,S,29.5
1267,1982,S,31.3
1267,1985,S,29.2
1267,1988,S,31.9
1267,1991,S,25.9
1267,1994,S,35.2
1267,1998,S,27.6
1267,2002,S,29.9
1267,2006,S,27.2
1267,2010,S,23.7
1267,2014,S,24.2
1267,2018,S,14.8
1267,2022,S,19.0
1267,1973,V,0.2
1267,1976,V,0.3
1267,1979,V,0.7
1267,1982,V,0.4
1267,1985,V,0.6
1267,1988,V,0.5
1267,1991,V,0.6
1267,1994,V,0.8
1267,1998,V,5.0
1267,2002,V,4.0
1267,2006,V,3.4
1267,2010,V,3.5
1267,2014,V,4.6
1267,2018,V,6.2
1267,2022,V,6.9
1267,2002,SD,6.1
1267,2006,SD,10.5
1267,2010,SD,11.9
1267,2014,SD,19.0
1267,2018,SD,22.7
1267,2022,SD,21.9
1267,1973,ÖVRIGA,2.5
1267,1976,ÖVRIGA,2.3
1267,1979,ÖVRIGA,4.5
1267,1982,ÖVRIGA,2.4
1267,1985,ÖVRIGA,2.0
1267,1988,ÖVRIGA,0.9
1267,1991,ÖVRIGA,3.9
1267,1994,ÖVRIGA,6.4
1267,1998,ÖVRIGA,14.3
1267,2002,ÖVRIGA,6.3
1267,2006,ÖVRIGA,3.6
1267,2010,ÖVRIGA,2.2
1267,2014,ÖVRIGA,2.1
1267,2018,ÖVRIGA,4.7
1267,2022,ÖVRIGA,5.6
1270,1973,M,15.2
1270,1976,M,18.0
1270,1979,M,21.6
1270,1982,M,22.0
1270,1985,M,21.9
1270,1988,M,19.9
1270,1991,M,25.1
1270,1994,M,21.0
1270,1998,M,23.3
1270,2002,M,21.2
1270,2006,M,26.1
1270,2010,M,24.3
1270,2014,M,17.3
1270,2018,M,19.2
1270,2022,M,20.9
1270,1973,C,34.2
1270,1976,C,33.2
1270,1979,C,30.6
1270,1982,C,31.2
1270,1985,C,29.5
1270,1988,C,27.0
1270,1991,C,23.5
1270,1994,C,17.6
1270,1998,C,16.8
1270,2002,C,15.4
1270,2006,C,14.0
1270,2010,C,14.3
1270,2014,C,17.6
1270,2018,C,19.0
1270,2022,C,13.4
1270,1973,L,14.3
1270,1976,L,11.9
1270,1979,L,12.2
1270,1982,L,6.8
1270,1985,L,9.2
1270,1988,L,8.5
1270,1991,L,7.5
1270,1994,L,5.7
1270,1998,L,5.8
1270,2002,L,9.4
1270,2006,L,5.0
1270,2010,L,4.2
1270,2014,L,3.0
1270,2018,L,2.5
1270,2022,L,2.0
1270,1973,KD,1.9
1270,1976,KD,1.4
1270,1979,KD,1.2
1270,1982,KD,1.0
1270,1985,KD,1.0
1270,1988,KD,0.4
1270,1991,KD,4.0
1270,1994,KD,1.6
1270,1998,KD,5.4
1270,2002,KD,4.4
1270,2006,KD,4.1
1270,2010,KD,2.1
1270,2014,KD,1.7
1270,2018,KD,2.4
1270,2022,KD,3.2
1270,1982,MP,1.7
1270,1985,MP,2.0
1270,1988,MP,4.8
1270,1991,MP,3.5
1270,1994,MP,4.0
1270,1998,MP,3.1
1270,2002,MP,2.9
1270,2006,MP,3.3
1270,2010,MP,5.4
1270,2014,MP,5.4
1270,2018,MP,3.3
1270,2022,MP,2.9
1270,1973,S,34.1
1270,1976,S,33.6
1270,1979,S,33.0
1270,1982,S,36.9
1270,1985,S,35.9
1270,1988,S,39.0
1270,1991,S,34.1
1270,1994,S,40.7
1270,1998,S,33.1
1270,2002,S,36.3
1270,2006,S,30.3
1270,2010,S,28.9
1270,2014,S,26.9
1270,2018,S,22.6
1270,2022,S,22.5
1270,1973,V,0.2
1270,1976,V,0.9
1270,1979,V,1.4
1270,1985,V,0.5
1270,1988,V,0.3
1270,1991,V,0.4
1270,1994,V,0.8
1270,1998,V,5.7
1270,2002,V,4.2
1270,2006,V,3.1
1270,2010,V,2.1
1270,2014,V,3.4
1270,2018,V,4.1
1270,2022,V,4.5
1270,2002,SD,0.0
1270,2006,SD,8.9
1270,2010,SD,14.5
1270,2014,SD,22.1
1270,2018,SD,24.4
1270,2022,SD,30.1
1270,1973,ÖVRIGA,0.1
1270,1976,ÖVRIGA,1.1
1270,1979,ÖVRIGA,0.1
1270,1982,ÖVRIGA,0.5
1270,1985,ÖVRIGA,0.1
1270,1988,ÖVRIGA,0.1
1270,1991,ÖVRIGA,1.9
1270,1994,ÖVRIGA,8.5
1270,1998,ÖVRIGA,6.8
1270,2002,ÖVRIGA,6.2
1270,2006,ÖVRIGA,5.4
1270,2010,ÖVRIGA,4.2
1270,2014,ÖVRIGA,2.6
1270,2018,ÖVRIGA,2.6
1270,2022,ÖVRIGA,0.4
1272,1973,M,7.9
1272,1976,M,8.0
1272,1979,M,11.1
1272,1982,M,12.3
1272,1985,M,11.6
1272,1988,M,9.1
1272,1991,M,12.4
1272,1994,M,11.4
1272,1998,M,13.5
1272,2002,M,11.1
1272,2006,M,14.6
1272,2010,M,18.3
1272,2014,M,13.5
1272,2018,M,13.7
1272,2022,M,20.7
1272,1973,C,16.2
1272,1976,C,15.3
1272,1979,C,10.5
1272,1982,C,9.5
1272,1985,C,7.4
1272,1988,C,7.0
1272,1991,C,6.2
1272,1994,C,5.2
1272,1998,C,4.4
1272,2002,C,4.9
1272,2006,C,5.3
1272,2010,C,4.1
1272,2014,C,3.0
1272,2018,C,2.7
1272,2022,C,2.2
1272,1973,L,6.5
1272,1976,L,8.2
1272,1979,L,9.5
1272,1982,L,5.5
1272,1985,L,9.1
1272,1988,L,7.0
1272,1991,L,6.1
1272,1994,L,4.1
1272,1998,L,4.9
1272,2002,L,7.3
1272,2006,L,5.5
1272,2010,L,6.1
1272,2014,L,3.1
1272,2018,L,5.3
1272,2022,L,3.7
1272,1973,KD,0.9
1272,1976,KD,1.5
1272,1979,KD,0.1
1272,1985,KD,0.1
1272,1988,KD,0.5
1272,1991,KD,3.0
1272,1994,KD,2.0
1272,1998,KD,5.3
1272,2002,KD,5.7
1272,2006,KD,3.6
1272,2010,KD,2.2
1272,2014,KD,1.6
1272,2018,KD,2.4
1272,2022,KD,3.5
1272,1985,MP,0.9
1272,1988,MP,5.3
1272,1991,MP,3.5
1272,1994,MP,5.7
1272,1998,MP,4.6
1272,2002,MP,3.8
1272,2006,MP,2.8
1272,2010,MP,4.6
1272,2014,MP,5.1
1272,2018,MP,1.8
1272,2022,MP,1.4
1272,1973,S,61.7
1272,1976,S,61.2
1272,1979,S,62.7
1272,1982,S,66.8
1272,1985,S,65.0
1272,1988,S,65.9
1272,1991,S,59.7
1272,1994,S,61.2
1272,1998,S,49.6
1272,2002,S,53.2
1272,2006,S,50.6
1272,2010,S,39.8
1272,2014,S,32.0
1272,2018,S,30.5
1272,2022,S,29.3
1272,1973,V,6.7
1272,1976,V,5.7
1272,1979,V,5.9
1272,1982,V,5.0
1272,1985,V,5.9
1272,1988,V,5.1
1272,1991,V,5.5
1272,1994,V,9.6
1272,1998,V,17.0
1272,2002,V,12.6
1272,2006,V,8.7
1272,2010,V,8.1
1272,2014,V,9.0
1272,2018,V,4.0
1272,2022,V,4.1
1272,2002,SD,0.0
1272,2006,SD,8.2
1272,2010,SD,16.8
1272,2014,SD,22.8
1272,2018,SD,29.1
1272,2022,SD,26.6
1272,1973,ÖVRIGA,0.0
1272,1976,ÖVRIGA,0.0
1272,1979,ÖVRIGA,0.1
1272,1982,ÖVRIGA,0.9
1272,1985,ÖVRIGA,0.0
1272,1988,ÖVRIGA,0.1
1272,1991,ÖVRIGA,3.5
1272,1994,ÖVRIGA,0.9
1272,1998,ÖVRIGA,0.7
1272,2002,ÖVRIGA,1.4
1272,2006,ÖVRIGA,0.6
1272,2010,ÖVRIGA,0.1
1272,2014,ÖVRIGA,9.8
1272,2018,ÖVRIGA,10.6
1272,2022,ÖVRIGA,8.5
1273,1973,M,10.0
1273,1976,M,9.2
1273,1979,M,11.2
1273,1982,M,14.7
1273,1985,M,10.7
1273,1988,M,7.9
1273,1991,M,8.6
1273,1994,M,9.3
1273,1998,M,10.7
1273,2002,M,9.0
1273,2006,M,13.2
1273,2010,M,14.6
1273,2014,M,12.2
1273,2018,M,14.7
1273,2022,M,12.1
1273,1973,C,27.6
1273,1976,C,26.7
1273,1979,C,21.9
1273,1982,C,18.4
1273,1985,C,15.3
1273,1988,C,13.5
1273,1991,C,12.8
1273,1994,C,13.5
1273,1998,C,14.2
1273,2002,C,16.3
1273,2006,C,15.3
1273,2010,C,17.2
1273,2014,C,11.5
1273,2018,C,16.5
1273,2022,C,25.1
1273,1973,L,6.0
1273,1976,L,6.2
1273,1979,L,6.3
1273,1982,L,4.0
1273,1985,L,7.8
1273,1988,L,6.4
1273,1991,L,5.7
1273,1994,L,3.3
1273,1998,L,2.9
1273,2002,L,6.0
1273,2006,L,5.4
1273,2010,L,3.4
1273,2014,L,2.8
1273,2018,L,2.3
1273,2022,L,1.3
1273,1973,KD,3.3
1273,1976,KD,3.3
1273,1979,KD,3.0
1273,1982,KD,3.8
1273,1985,KD,4.2
1273,1988,KD,4.5
1273,1991,KD,7.5
1273,1994,KD,4.5
1273,1998,KD,8.2
1273,2002,KD,7.9
1273,2006,KD,7.1
1273,2010,KD,5.4
1273,2014,KD,5.1
1273,2018,KD,5.6
1273,2022,KD,5.4
1273,1985,MP,1.7
1273,1988,MP,1.6
1273,1991,MP,0.9
1273,1994,MP,0.8
1273,1998,MP,0.7
1273,2002,MP,0.4
1273,2006,MP,0.8
1273,2010,MP,4.3
1273,2014,MP,2.9
1273,2018,MP,1.6
1273,2022,MP,0.9
1273,1973,S,41.4
1273,1976,S,40.7
1273,1979,S,38.9
1273,1982,S,42.6
1273,1985,S,42.3
1273,1988,S,41.9
1273,1991,S,37.4
1273,1994,S,46.5
1273,1998,S,39.2
1273,2002,S,45.3
1273,2006,S,42.1
1273,2010,S,36.9
1273,2014,S,39.9
1273,2018,S,31.8
1273,2022,S,25.8
1273,1973,V,4.3
1273,1976,V,3.8
1273,1979,V,3.2
1273,1982,V,2.8
1273,1985,V,2.1
1273,1988,V,3.2
1273,1991,V,2.1
1273,1994,V,2.3
1273,1998,V,5.7
1273,2002,V,5.3
1273,2006,V,2.9
1273,2010,V,1.1
1273,2014,V,4.1
1273,2018,V,2.6
1273,2022,V,3.0
1273,2002,SD,0.0
1273,2006,SD,3.7
1273,2010,SD,12.9
1273,2014,SD,20.7
1273,2018,SD,23.0
1273,2022,SD,26.2
1273,1973,ÖVRIGA,7.4
1273,1976,ÖVRIGA,10.1
1273,1979,ÖVRIGA,15.6
1273,1982,ÖVRIGA,13.7
1273,1985,ÖVRIGA,16.0
1273,1988,ÖVRIGA,21.0
1273,1991,ÖVRIGA,25.0
1273,1994,ÖVRIGA,20.0
1273,1998,ÖVRIGA,18.3
1273,2002,ÖVRIGA,9.8
1273,2006,ÖVRIGA,9.5
1273,2010,ÖVRIGA,4.2
1273,2014,ÖVRIGA,0.7
1273,2018,ÖVRIGA,1.9
1273,2022,ÖVRIGA,0.2
1275,1973,M,13.8
1275,1976,M,15.5
1275,1979,M,19.0
1275,1982,M,23.2
1275,1985,M,20.9
1275,1988,M,17.7
1275,1991,M,20.7
1275,1994,M,15.7
1275,1998,M,17.3
1275,2002,M,13.8
1275,2006,M,18.9
1275,2010,M,14.4
1275,2014,M,10.3
1275,2018,M,10.2
1275,2022,M,8.8
1275,1973,C,27.6
1275,1976,C,26.5
1275,1979,C,19.4
1275,1982,C,17.3
1275,1985,C,15.2
1275,1988,C,15.4
1275,1991,C,21.0
1275,1994,C,22.6
1275,1998,C,15.2
1275,2002,C,17.6
1275,2006,C,14.2
1275,2010,C,10.1
1275,2014,C,8.0
1275,2018,C,8.5
1275,2022,C,6.9
1275,1973,L,9.2
1275,1976,L,9.8
1275,1979,L,9.1
1275,1982,L,6.8
1275,1985,L,10.4
1275,1988,L,9.3
1275,1991,L,9.0
1275,1994,L,6.6
1275,1998,L,7.1
1275,2002,L,9.6
1275,2006,L,4.8
1275,2010,L,3.7
1275,2014,L,1.9
1275,2018,L,1.6
1275,2022,L,0.5
1275,1973,KD,2.4
1275,1976,KD,2.7
1275,1979,KD,2.8
1275,1982,KD,3.3
1275,1985,KD,2.2
1275,1988,KD,3.7
1275,1991,KD,8.3
1275,1994,KD,4.2
1275,1998,KD,7.6
1275,2002,KD,6.3
1275,2006,KD,4.6
1275,2010,KD,2.2
1275,2014,KD,2.4
1275,2018,KD,2.9
1275,2022,KD,2.6
1275,1985,MP,1.0
1275,1988,MP,4.9
1275,1991,MP,0.6
1275,1994,MP,0.9
1275,1998,MP,0.6
1275,2002,MP,0.2
1275,2006,MP,0.8
1275,2010,MP,3.4
1275,2014,MP,4.2
1275,2018,MP,2.2
1275,2022,MP,1.7
1275,1973,S,44.0
1275,1976,S,42.9
1275,1979,S,45.1
1275,1982,S,43.4
1275,1985,S,41.2
1275,1988,S,41.0
1275,1991,S,37.7
1275,1994,S,43.6
1275,1998,S,35.3
1275,2002,S,40.7
1275,2006,S,35.7
1275,2010,S,27.5
1275,2014,S,27.4
1275,2018,S,24.2
1275,2022,S,20.9
1275,1973,V,3.0
1275,1976,V,2.7
1275,1979,V,1.7
1275,1982,V,1.8
1275,1985,V,2.7
1275,1988,V,0.7
1275,1991,V,0.5
1275,1994,V,5.6
1275,1998,V,11.7
1275,2002,V,6.9
1275,2006,V,9.0
1275,2010,V,4.6
1275,2014,V,4.3
1275,2018,V,1.6
1275,2022,V,3.9
1275,2002,SD,0.0
1275,2006,SD,7.3
1275,2010,SD,8.0
1275,2014,SD,16.5
1275,2018,SD,18.9
1275,2022,SD,18.9
1275,1973,ÖVRIGA,0.0
1275,1976,ÖVRIGA,0.0
1275,1979,ÖVRIGA,2.9
1275,1982,ÖVRIGA,4.2
1275,1985,ÖVRIGA,6.3
1275,1988,ÖVRIGA,7.3
1275,1991,ÖVRIGA,2.2
1275,1994,ÖVRIGA,0.8
1275,1998,ÖVRIGA,5.2
1275,2002,ÖVRIGA,4.9
1275,2006,ÖVRIGA,4.7
1275,2010,ÖVRIGA,26.1
1275,2014,ÖVRIGA,25.1
1275,2018,ÖVRIGA,30.0
1275,2022,ÖVRIGA,35.7
1276,1973,M,13.8
1276,1976,M,15.6
1276,1979,M,19.8
1276,1982,M,24.7
1276,1985,M,23.0
1276,1988,M,18.3
1276,1991,M,24.6
1276,1994,M,26.0
1276,1998,M,28.1
1276,2002,M,24.0
1276,2006,M,26.6
1276,2010,M,28.3
1276,2014,M,19.5
1276,2018,M,17.2
1276,2022,M,16.6
1276,1973,C,35.1
1276,1976,C,33.1
1276,1979,C,27.7
1276,1982,C,22.3
1276,1985,C,18.1
1276,1988,C,17.7
1276,1991,C,15.2
1276,1994,C,13.9
1276,1998,C,12.1
1276,2002,C,10.8
1276,2006,C,10.2
1276,2010,C,7.7
1276,2014,C,6.2
1276,2018,C,6.9
1276,2022,C,5.7
1276,1973,L,7.5
1276,1976,L,8.3
1276,1979,L,8.5
1276,1982,L,4.7
1276,1985,L,10.0
1276,1988,L,8.6
1276,1991,L,5.9
1276,1994,L,3.9
1276,1998,L,3.6
1276,2002,L,6.6
1276,2006,L,4.3
1276,2010,L,4.5
1276,2014,L,3.5
1276,2018,L,3.2
1276,2022,L,3.0
1276,1973,KD,0.0
1276,1976,KD,1.1
1276,1979,KD,1.3
1276,1982,KD,2.7
1276,1985,KD,3.1
1276,1988,KD,3.9
1276,1991,KD,7.4
1276,1994,KD,4.5
1276,1998,KD,12.8
1276,2002,KD,11.6
1276,2006,KD,7.9
1276,2010,KD,6.2
1276,2014,KD,6.1
1276,2018,KD,6.0
1276,2022,KD,5.7
1276,1985,MP,2.1
1276,1988,MP,6.1
1276,1991,MP,2.8
1276,1994,MP,1.2
1276,1998,MP,1.2
1276,2002,MP,0.8
1276,2006,MP,1.2
1276,2010,MP,3.5
1276,2014,MP,4.7
1276,2018,MP,2.6
1276,2022,MP,1.9
1276,1973,S,43.2
1276,1976,S,41.5
1276,1979,S,41.7
1276,1982,S,44.0
1276,1985,S,42.8
1276,1988,S,36.9
1276,1991,S,30.0
1276,1994,S,46.2
1276,1998,S,34.1
1276,2002,S,39.1
1276,2006,S,38.1
1276,2010,S,34.0
1276,2014,S,35.7
1276,2018,S,24.3
1276,2022,S,24.0
1276,1973,V,0.4
1276,1976,V,0.3
1276,1979,V,0.7
1276,1985,V,0.7
1276,1988,V,1.7
1276,1991,V,1.8
1276,1994,V,1.1
1276,1998,V,6.2
1276,2002,V,3.9
1276,2006,V,2.6
1276,2010,V,2.7
1276,2014,V,2.9
1276,2018,V,3.5
1276,2022,V,3.1
1276,2002,SD,1.5
1276,2006,SD,8.1
1276,2010,SD,12.9
1276,2014,SD,20.8
1276,2018,SD,30.3
1276,2022,SD,34.3
1276,1973,ÖVRIGA,0.1
1276,1976,ÖVRIGA,0.0
1276,1979,ÖVRIGA,0.2
1276,1982,ÖVRIGA,1.6
1276,1985,ÖVRIGA,0.1
1276,1988,ÖVRIGA,6.9
1276,1991,ÖVRIGA,12.4
1276,1994,ÖVRIGA,3.3
1276,1998,ÖVRIGA,2.0
1276,2002,ÖVRIGA,1.6
1276,2006,ÖVRIGA,0.9
1276,2010,ÖVRIGA,0.2
1276,2014,ÖVRIGA,0.6
1276,2018,ÖVRIGA,5.9
1276,2022,ÖVRIGA,5.7
1277,1973,M,9.8
1277,1976,M,13.7
1277,1979,M,17.6
1277,1982,M,21.7
1277,1985,M,21.9
1277,1988,M,18.2
1277,1991,M,26.8
1277,1994,M,24.9
1277,1998,M,24.6
1277,2002,M,20.2
1277,2006,M,20.7
1277,2010,M,22.7
1277,2014,M,15.3
1277,2018,M,18.0
1277,2022,M,20.6
1277,1973,C,26.2
1277,1976,C,24.8
1277,1979,C,17.6
1277,1982,C,16.4
1277,1985,C,13.3
1277,1988,C,11.7
1277,1991,C,9.1
1277,1994,C,7.4
1277,1998,C,5.3
1277,2002,C,5.4
1277,2006,C,7.3
1277,2010,C,6.0
1277,2014,C,6.5
1277,2018,C,6.0
1277,2022,C,4.2
1277,1973,L,5.3
1277,1976,L,9.3
1277,1979,L,9.5
1277,1982,L,4.7
1277,1985,L,9.0
1277,1988,L,7.8
1277,1991,L,5.7
1277,1994,L,3.7
1277,1998,L,3.9
1277,2002,L,6.1
1277,2006,L,4.8
1277,2010,L,5.5
1277,2014,L,4.5
1277,2018,L,4.9
1277,2022,L,3.7
1277,1973,KD,1.2
1277,1976,KD,1.1
1277,1979,KD,1.1
1277,1982,KD,1.5
1277,1985,KD,0.1
1277,1988,KD,1.6
1277,1991,KD,4.9
1277,1994,KD,2.7
1277,1998,KD,8.2
1277,2002,KD,7.5
1277,2006,KD,4.1
1277,2010,KD,3.0
1277,2014,KD,2.8
1277,2018,KD,3.2
1277,2022,KD,4.0
1277,1985,MP,0.5
1277,1988,MP,1.5
1277,1991,MP,0.4
1277,1994,MP,0.8
1277,1998,MP,0.4
1277,2002,MP,0.6
1277,2006,MP,2.0
1277,2010,MP,2.9
1277,2014,MP,3.8
1277,2018,MP,1.6
1277,2022,MP,0.7
1277,1973,S,50.3
1277,1976,S,48.7
1277,1979,S,47.6
1277,1982,S,50.7
1277,1985,S,47.7
1277,1988,S,49.8
1277,1991,S,39.4
1277,1994,S,51.5
1277,1998,S,43.4
1277,2002,S,41.5
1277,2006,S,46.2
1277,2010,S,43.8
1277,2014,S,42.8
1277,2018,S,32.0
1277,2022,S,29.5
1277,1973,V,0.3
1277,1976,V,0.2
1277,1979,V,4.3
1277,1982,V,4.8
1277,1985,V,3.0
1277,1988,V,0.4
1277,1991,V,0.8
1277,1994,V,0.7
1277,1998,V,7.8
1277,2002,V,4.6
1277,2006,V,1.0
1277,2010,V,1.9
1277,2014,V,1.2
1277,2018,V,2.8
1277,2022,V,3.6
1277,2002,SD,0.0
1277,2006,SD,9.2
1277,2010,SD,13.1
1277,2014,SD,22.3
1277,2018,SD,31.1
1277,2022,SD,32.3
1277,1973,ÖVRIGA,6.9
1277,1976,ÖVRIGA,2.2
1277,1979,ÖVRIGA,2.2
1277,1982,ÖVRIGA,0.3
1277,1985,ÖVRIGA,4.5
1277,1988,ÖVRIGA,8.9
1277,1991,ÖVRIGA,12.9
1277,1994,ÖVRIGA,8.3
1277,1998,ÖVRIGA,6.5
1277,2002,ÖVRIGA,14.1
1277,2006,ÖVRIGA,4.7
1277,2010,ÖVRIGA,1.0
1277,2014,ÖVRIGA,0.7
1277,2018,ÖVRIGA,0.4
1277,2022,ÖVRIGA,1.6
1278,1973,M,19.7
1278,1976,M,21.9
1278,1979,M,26.3
1278,1982,M,33.2
1278,1985,M,31.0
1278,1988,M,27.9
1278,1991,M,29.6
1278,1994,M,32.5
1278,1998,M,29.5
1278,2002,M,25.8
1278,2006,M,32.5
1278,2010,M,30.3
1278,2014,M,18.5
1278,2018,M,25.0
1278,2022,M,32.1
1278,1973,C,44.8
1278,1976,C,41.2
1278,1979,C,33.7
1278,1982,C,29.2
1278,1985,C,24.4
1278,1988,C,25.2
1278,1991,C,22.1
1278,1994,C,23.5
1278,1998,C,19.4
1278,2002,C,14.6
1278,2006,C,14.2
1278,2010,C,14.5
1278,2014,C,11.6
1278,2018,C,14.2
1278,2022,C,8.1
1278,1973,L,10.2
1278,1976,L,9.9
1278,1979,L,9.8
1278,1982,L,8.0
1278,1985,L,15.9
1278,1988,L,16.1
1278,1991,L,11.8
1278,1994,L,11.5
1278,1998,L,10.9
1278,2002,L,13.3
1278,2006,L,8.5
1278,2010,L,7.3
1278,2014,L,6.7
1278,2018,L,8.7
1278,2022,L,7.8
1278,1973,KD,2.2
1278,1976,KD,1.7
1278,1979,KD,1.2
1278,1982,KD,1.3
1278,1985,KD,1.1
1278,1988,KD,0.4
1278,1991,KD,3.2
1278,1994,KD,2.6
1278,1998,KD,9.4
1278,2002,KD,9.5
1278,2006,KD,4.0
1278,2010,KD,3.5
1278,2014,KD,1.3
1278,2018,KD,2.0
1278,2022,KD,3.3
1278,1982,MP,4.6
1278,1985,MP,5.1
1278,1988,MP,8.2
1278,1991,MP,4.7
1278,1994,MP,1.7
1278,1998,MP,1.5
1278,2002,MP,1.2
1278,2006,MP,1.4
1278,2010,MP,7.5
1278,2014,MP,4.1
1278,2018,MP,4.1
1278,2022,MP,4.0
1278,1973,S,22.9
1278,1976,S,20.2
1278,1979,S,18.9
1278,1982,S,19.4
1278,1985,S,19.6
1278,1988,S,20.3
1278,1991,S,15.6
1278,1994,S,22.1
1278,1998,S,15.6
1278,2002,S,16.3
1278,2006,S,15.8
1278,2010,S,15.1
1278,2014,S,12.4
1278,2018,S,14.1
1278,2022,S,17.1
1278,1973,V,0.2
1278,1976,V,0.3
1278,1979,V,0.3
1278,1985,V,0.3
1278,1988,V,0.2
1278,1991,V,0.3
1278,1994,V,0.4
1278,1998,V,3.7
1278,2002,V,3.2
1278,2006,V,0.8
1278,2010,V,0.5
1278,2014,V,0.0
1278,2018,V,0.9
1278,2022,V,1.2
1278,2002,SD,1.6
1278,2006,SD,2.8
1278,2010,SD,3.7
1278,2014,SD,12.0
1278,2018,SD,8.5
1278,2022,SD,14.5
1278,1973,ÖVRIGA,0.1
1278,1976,ÖVRIGA,4.8
1278,1979,ÖVRIGA,9.9
1278,1982,ÖVRIGA,4.3
1278,1985,ÖVRIGA,2.6
1278,1988,ÖVRIGA,1.7
1278,1991,ÖVRIGA,12.7
1278,1994,ÖVRIGA,5.6
1278,1998,ÖVRIGA,10.1
1278,2002,ÖVRIGA,14.5
1278,2006,ÖVRIGA,20.1
1278,2010,ÖVRIGA,17.6
1278,2014,ÖVRIGA,33.3
1278,2018,ÖVRIGA,22.5
1278,2022,ÖVRIGA,11.9
1280,1973,M,19.6
1280,1976,M,22.9
1280,1979,M,27.6
1280,1982,M,30.7
1280,1985,M,29.1
1280,1988,M,29.1
1280,1991,M,35.2
1280,1994,M,26.9
1280,1998,M,27.2
1280,2002,M,18.1
1280,2006,M,24.7
1280,2010,M,27.4
1280,2014,M,22.0
1280,2018,M,20.6
1280,2022,M,19.4
1280,1973,C,18.6
1280,1976,C,12.8
1280,1979,C,7.3
1280,1982,C,6.2
1280,1985,C,3.3
1280,1988,C,2.8
1280,1991,C,2.3
1280,1994,C,2.2
1280,1998,C,1.1
1280,2002,C,1.0
1280,2006,C,1.8
1280,2010,C,1.3
1280,2014,C,1.7
1280,2018,C,4.2
1280,2022,C,3.8
1280,1973,L,7.7
1280,1976,L,11.2
1280,1979,L,10.7
1280,1982,L,5.1
1280,1985,L,10.9
1280,1988,L,7.8
1280,1991,L,6.6
1280,1994,L,4.8
1280,1998,L,3.5
1280,2002,L,11.0
1280,2006,L,8.3
1280,2010,L,6.4
1280,2014,L,5.4
1280,2018,L,6.0
1280,2022,L,4.9
1280,1973,KD,0.7
1280,1976,KD,0.8
1280,1979,KD,0.6
1280,1982,KD,0.8
1280,1985,KD,0.1
1280,1988,KD,0.7
1280,1991,KD,2.8
1280,1994,KD,1.6
1280,1998,KD,4.7
1280,2002,KD,3.7
1280,2006,KD,2.4
1280,2010,KD,1.6
1280,2014,KD,1.5
1280,2018,KD,2.3
1280,2022,KD,2.2
1280,1982,MP,1.6
1280,1985,MP,2.2
1280,1988,MP,4.7
1280,1991,MP,3.0
1280,1994,MP,4.0
1280,1998,MP,3.6
1280,2002,MP,3.8
1280,2006,MP,5.7
1280,2010,MP,7.5
1280,2014,MP,8.6
1280,2018,MP,5.4
1280,2022,MP,5.5
1280,1973,S,49.4
1280,1976,S,47.8
1280,1979,S,47.2
1280,1982,S,49.2
1280,1985,S,41.9
1280,1988,S,45.2
1280,1991,S,39.6
1280,1994,S,48.9
1280,1998,S,42.3
1280,2002,S,40.3
1280,2006,S,37.7
1280,2010,S,34.9
1280,2014,S,32.9
1280,2018,S,31.1
1280,2022,S,30.7
1280,1973,V,3.5
1280,1976,V,3.5
1280,1979,V,4.2
1280,1982,V,4.3
1280,1985,V,4.0
1280,1988,V,3.2
1280,1991,V,3.2
1280,1994,V,4.1
1280,1998,V,7.2
1280,2002,V,7.9
1280,2006,V,5.8
1280,2010,V,5.2
1280,2014,V,8.5
1280,2018,V,11.1
1280,2022,V,13.6
1280,2002,SD,3.8
1280,2006,SD,7.5
1280,2010,SD,10.4
1280,2014,SD,13.1
1280,2018,SD,16.3
1280,2022,SD,14.9
1280,1973,ÖVRIGA,0.6
1280,1976,ÖVRIGA,1.0
1280,1979,ÖVRIGA,2.4
1280,1982,ÖVRIGA,2.2
1280,1985,ÖVRIGA,8.6
1280,1988,ÖVRIGA,6.5
1280,1991,ÖVRIGA,7.3
1280,1994,ÖVRIGA,7.6
1280,1998,ÖVRIGA,10.4
1280,2002,ÖVRIGA,10.4
1280,2006,ÖVRIGA,6.2
1280,2010,ÖVRIGA,5.3
1280,2014,ÖVRIGA,6.2
1280,2018,ÖVRIGA,3.0
1280,2022,ÖVRIGA,5.0
1281,1973,M,19.6
1281,1976,M,19.5
1281,1979,M,23.4
1281,1982,M,27.6
1281,1985,M,27.2
1281,1988,M,25.0
1281,1991,M,30.9
1281,1994,M,28.0
1281,1998,M,29.8
1281,2002,M,18.7
1281,2006,M,26.1
1281,2010,M,28.0
1281,2014,M,18.8
1281,2018,M,16.4
1281,2022,M,13.6
1281,1973,C,22.7
1281,1976,C,17.7
1281,1979,C,12.9
1281,1982,C,11.0
1281,1985,C,7.7
1281,1988,C,7.6
1281,1991,C,6.5
1281,1994,C,6.4
1281,1998,C,4.6
1281,2002,C,4.8
1281,2006,C,6.6
1281,2010,C,5.4
1281,2014,C,4.7
1281,2018,C,6.3
1281,2022,C,5.2
1281,1973,L,9.7
1281,1976,L,13.9
1281,1979,L,13.7
1281,1982,L,8.0
1281,1985,L,14.9
1281,1988,L,13.2
1281,1991,L,13.8
1281,1994,L,11.6
1281,1998,L,11.3
1281,2002,L,19.4
1281,2006,L,15.5
1281,2010,L,13.4
1281,2014,L,10.6
1281,2018,L,13.4
1281,2022,L,17.4
1281,1973,KD,0.9
1281,1976,KD,0.9
1281,1979,KD,0.7
1281,1982,KD,0.7
1281,1985,KD,0.7
1281,1988,KD,1.0
1281,1991,KD,3.8
1281,1994,KD,1.9
1281,1998,KD,5.7
1281,2002,KD,4.4
1281,2006,KD,3.4
1281,2010,KD,2.9
1281,2014,KD,2.3
1281,2018,KD,2.7
1281,2022,KD,2.3
1281,1982,MP,5.2
1281,1985,MP,6.7
1281,1988,MP,11.5
1281,1991,MP,7.8
1281,1994,MP,9.8
1281,1998,MP,7.6
1281,2002,MP,8.1
1281,2006,MP,9.4
1281,2010,MP,13.0
1281,2014,MP,14.3
1281,2018,MP,9.5
1281,2022,MP,9.1
1281,1973,S,40.2
1281,1976,S,37.7
1281,1979,S,35.7
1281,1982,S,36.0
1281,1985,S,33.0
1281,1988,S,32.5
1281,1991,S,27.6
1281,1994,S,31.8
1281,1998,S,26.0
1281,2002,S,31.7
1281,2006,S,26.8
1281,2010,S,21.9
1281,2014,S,22.8
1281,2018,S,20.4
1281,2022,S,24.0
1281,1973,V,6.3
1281,1976,V,9.7
1281,1979,V,12.8
1281,1982,V,11.0
1281,1985,V,8.9
1281,1988,V,8.5
1281,1991,V,7.4
1281,1994,V,7.3
1281,1998,V,9.7
1281,2002,V,9.7
1281,2006,V,6.4
1281,2010,V,5.7
1281,2014,V,7.4
1281,2018,V,8.6
1281,2022,V,11.0
1281,2002,SD,1.5
1281,2006,SD,3.1
1281,2010,SD,5.1
1281,2014,SD,7.3
1281,2018,SD,9.4
1281,2022,SD,8.6
1281,1973,ÖVRIGA,0.6
1281,1976,ÖVRIGA,0.6
1281,1979,ÖVRIGA,0.9
1281,1982,ÖVRIGA,0.5
1281,1985,ÖVRIGA,1.0
1281,1988,ÖVRIGA,0.6
1281,1991,ÖVRIGA,2.1
1281,1994,ÖVRIGA,3.1
1281,1998,ÖVRIGA,5.4
1281,2002,ÖVRIGA,1.7
1281,2006,ÖVRIGA,2.8
1281,2010,ÖVRIGA,4.5
1281,2014,ÖVRIGA,11.8
1281,2018,ÖVRIGA,13.3
1281,2022,ÖVRIGA,8.6
1282,1973,M,14.3
1282,1976,M,17.2
1282,1979,M,22.5
1282,1982,M,25.1
1282,1985,M,25.4
1282,1988,M,22.9
1282,1991,M,29.1
1282,1994,M,22.5
1282,1998,M,25.3
1282,2002,M,19.2
1282,2006,M,13.5
1282,2010,M,10.8
1282,2014,M,7.2
1282,2018,M,6.9
1282,2022,M,7.1
1282,1973,C,16.8
1282,1976,C,14.2
1282,1979,C,8.5
1282,1982,C,7.1
1282,1985,C,5.1
1282,1988,C,5.4
1282,1991,C,5.3
1282,1994,C,3.5
1282,1998,C,2.4
1282,2002,C,2.4
1282,2006,C,2.0
1282,2010,C,1.3
1282,2014,C,2.3
1282,2018,C,2.2
1282,2022,C,1.8
1282,1973,L,7.0
1282,1976,L,9.0
1282,1979,L,8.8
1282,1982,L,4.4
1282,1985,L,9.1
1282,1988,L,8.3
1282,1991,L,7.2
1282,1994,L,5.2
1282,1998,L,5.4
1282,2002,L,14.1
1282,2006,L,22.5
1282,2010,L,30.0
1282,2014,L,25.7
1282,2018,L,34.2
1282,2022,L,37.8
1282,1973,KD,1.5
1282,1976,KD,1.5
1282,1979,KD,1.3
1282,1982,KD,0.5
1282,1985,KD,0.3
1282,1988,KD,0.5
1282,1991,KD,3.1
1282,1994,KD,1.0
1282,1998,KD,1.6
1282,2002,KD,3.5
1282,2006,KD,1.3
1282,2010,KD,0.7
1282,2014,KD,0.6
1282,2018,KD,0.6
1282,2022,KD,1.2
1282,1982,MP,1.6
1282,1985,MP,2.5
1282,1988,MP,9.1
1282,1991,MP,3.6
1282,1994,MP,4.0
1282,1998,MP,4.5
1282,2002,MP,2.5
1282,2006,MP,2.3
1282,2010,MP,2.9
1282,2014,MP,3.7
1282,2018,MP,3.1
1282,2022,MP,3.2
1282,1973,S,58.0
1282,1976,S,55.1
1282,1979,S,55.3
1282,1982,S,57.4
1282,1985,S,54.0
1282,1988,S,50.3
1282,1991,S,41.8
1282,1994,S,54.8
1282,1998,S,41.5
1282,2002,S,39.0
1282,2006,S,32.0
1282,2010,S,34.0
1282,2014,S,34.9
1282,2018,S,27.9
1282,2022,S,23.1
1282,1973,V,2.2
1282,1976,V,2.7
1282,1979,V,3.1
1282,1982,V,3.2
1282,1985,V,3.5
1282,1988,V,3.2
1282,1991,V,2.9
1282,1994,V,3.2
1282,1998,V,6.5
1282,2002,V,6.2
1282,2006,V,3.5
1282,2010,V,4.3
1282,2014,V,4.2
1282,2018,V,4.5
1282,2022,V,4.3
1282,2002,SD,8.7
1282,2006,SD,22.3
1282,2010,SD,15.8
1282,2014,SD,18.7
1282,2018,SD,19.3
1282,2022,SD,18.5
1282,1973,ÖVRIGA,0.2
1282,1976,ÖVRIGA,0.3
1282,1979,ÖVRIGA,0.4
1282,1982,ÖVRIGA,0.8
1282,1985,ÖVRIGA,0.1
1282,1988,ÖVRIGA,0.3
1282,1991,ÖVRIGA,7.1
1282,1994,ÖVRIGA,5.8
1282,1998,ÖVRIGA,12.8
1282,2002,ÖVRIGA,4.2
1282,2006,ÖVRIGA,0.8
1282,2010,ÖVRIGA,0.1
1282,2014,ÖVRIGA,2.7
1282,2018,ÖVRIGA,1.3
1282,2022,ÖVRIGA,3.0
1283,1973,M,19.4
1283,1976,M,20.6
1283,1979,M,27.3
1283,1982,M,29.4
1283,1985,M,27.8
1283,1988,M,22.4
1283,1991,M,27.8
1283,1994,M,27.1
1283,1998,M,28.3
1283,2002,M,23.1
1283,2006,M,29.1
1283,2010,M,33.4
1283,2014,M,28.2
1283,2018,M,27.0
1283,2022,M,23.7
1283,1973,C,19.2
1283,1976,C,17.0
1283,1979,C,11.0
1283,1982,C,9.8
1283,1985,C,6.1
1283,1988,C,5.7
1283,1991,C,4.2
1283,1994,C,3.9
1283,1998,C,2.1
1283,2002,C,2.1
1283,2006,C,3.1
1283,2010,C,2.3
1283,2014,C,2.3
1283,2018,C,4.4
1283,2022,C,3.9
1283,1973,L,10.6
1283,1976,L,10.3
1283,1979,L,11.1
1283,1982,L,5.4
1283,1985,L,15.8
1283,1988,L,12.5
1283,1991,L,11.6
1283,1994,L,6.9
1283,1998,L,6.0
1283,2002,L,11.8
1283,2006,L,8.8
1283,2010,L,7.4
1283,2014,L,5.2
1283,2018,L,5.1
1283,2022,L,5.1
1283,1973,KD,1.2
1283,1976,KD,0.9
1283,1979,KD,0.9
1283,1982,KD,1.2
1283,1985,KD,0.1
1283,1988,KD,1.4
1283,1991,KD,5.7
1283,1994,KD,2.2
1283,1998,KD,6.6
1283,2002,KD,6.7
1283,2006,KD,4.4
1283,2010,KD,3.0
1283,2014,KD,2.4
1283,2018,KD,4.0
1283,2022,KD,4.2
1283,1982,MP,2.8
1283,1985,MP,3.1
1283,1988,MP,8.7
1283,1991,MP,3.9
1283,1994,MP,4.7
1283,1998,MP,3.4
1283,2002,MP,3.4
1283,2006,MP,4.9
1283,2010,MP,8.6
1283,2014,MP,9.1
1283,2018,MP,5.1
1283,2022,MP,3.2
1283,1973,S,45.5
1283,1976,S,44.3
1283,1979,S,44.6
1283,1982,S,47.4
1283,1985,S,42.8
1283,1988,S,43.8
1283,1991,S,34.3
1283,1994,S,44.2
1283,1998,S,32.7
1283,2002,S,37.8
1283,2006,S,30.8
1283,2010,S,28.7
1283,2014,S,28.3
1283,2018,S,28.4
1283,2022,S,31.2
1283,1973,V,3.6
1283,1976,V,3.0
1283,1979,V,3.8
1283,1982,V,3.6
1283,1985,V,3.6
1283,1988,V,3.3
1283,1991,V,2.7
1283,1994,V,3.4
1283,1998,V,8.2
1283,2002,V,5.5
1283,2006,V,3.4
1283,2010,V,3.3
1283,2014,V,4.6
1283,2018,V,4.6
1283,2022,V,5.4
1283,2002,SD,4.4
1283,2006,SD,9.6
1283,2010,SD,10.5
1283,2014,SD,16.3
1283,2018,SD,20.2
1283,2022,SD,21.5
1283,1973,ÖVRIGA,0.5
1283,1976,ÖVRIGA,3.7
1283,1979,ÖVRIGA,1.3
1283,1982,ÖVRIGA,0.4
1283,1985,ÖVRIGA,0.6
1283,1988,ÖVRIGA,2.4
1283,1991,ÖVRIGA,9.8
1283,1994,ÖVRIGA,7.5
1283,1998,ÖVRIGA,12.8
1283,2002,ÖVRIGA,5.3
1283,2006,ÖVRIGA,6.0
1283,2010,ÖVRIGA,2.6
1283,2014,ÖVRIGA,3.5
1283,2018,ÖVRIGA,1.2
1283,2022,ÖVRIGA,2.0
1284,1973,M,23.0
1284,1976,M,25.9
1284,1979,M,31.6
1284,1982,M,36.7
1284,1985,M,33.7
1284,1988,M,29.4
1284,1991,M,33.1
1284,1994,M,32.2
1284,1998,M,33.7
1284,2002,M,25.0
1284,2006,M,41.4
1284,2010,M,47.0
1284,2014,M,45.6
1284,2018,M,40.1
1284,2022,M,36.4
1284,1973,C,21.9
1284,1976,C,20.0
1284,1979,C,14.8
1284,1982,C,11.4
1284,1985,C,8.4
1284,1988,C,8.5
1284,1991,C,6.7
1284,1994,C,6.9
1284,1998,C,4.8
1284,2002,C,10.3
1284,2006,C,7.6
1284,2010,C,5.7
1284,2014,C,4.7
1284,2018,C,8.4
1284,2022,C,6.0
1284,1973,L,8.5
1284,1976,L,10.3
1284,1979,L,9.7
1284,1982,L,5.8
1284,1985,L,13.7
1284,1988,L,12.1
1284,1991,L,7.9
1284,1994,L,7.5
1284,1998,L,6.2
1284,2002,L,12.8
1284,2006,L,7.6
1284,2010,L,9.6
1284,2014,L,7.2
1284,2018,L,7.7
1284,2022,L,8.6
1284,1973,KD,1.5
1284,1976,KD,1.7
1284,1979,KD,1.8
1284,1982,KD,2.0
1284,1985,KD,1.8
1284,1988,KD,2.4
1284,1991,KD,6.4
1284,1994,KD,3.0
1284,1998,KD,8.9
1284,2002,KD,10.3
1284,2006,KD,6.6
1284,2010,KD,4.0
1284,2014,KD,3.2
1284,2018,KD,4.5
1284,2022,KD,4.1
1284,1982,MP,2.2
1284,1985,MP,3.6
1284,1988,MP,8.6
1284,1991,MP,4.2
1284,1994,MP,5.7
1284,1998,MP,4.2
1284,2002,MP,4.0
1284,2006,MP,3.8
1284,2010,MP,6.7
1284,2014,MP,7.0
1284,2018,MP,6.1
1284,2022,MP,6.3
1284,1973,S,44.4
1284,1976,S,41.6
1284,1979,S,41.2
1284,1982,S,40.0
1284,1985,S,36.4
1284,1988,S,35.3
1284,1991,S,31.8
1284,1994,S,39.5
1284,1998,S,32.0
1284,2002,S,27.1
1284,2006,S,23.7
1284,2010,S,17.6
1284,2014,S,19.5
1284,2018,S,17.9
1284,2022,S,20.2
1284,1973,V,0.2
1284,1976,V,0.4
1284,1979,V,0.7
1284,1982,V,1.7
1284,1985,V,2.2
1284,1988,V,2.4
1284,1991,V,2.2
1284,1994,V,1.8
1284,1998,V,4.4
1284,2002,V,4.9
1284,2006,V,2.2
1284,2010,V,2.1
1284,2014,V,2.9
1284,2018,V,2.8
1284,2022,V,2.7
1284,2002,SD,2.3
1284,2006,SD,4.9
1284,2010,SD,5.6
1284,2014,SD,8.4
1284,2018,SD,12.3
1284,2022,SD,14.0
1284,1973,ÖVRIGA,0.6
1284,1976,ÖVRIGA,0.1
1284,1979,ÖVRIGA,0.2
1284,1982,ÖVRIGA,0.1
1284,1985,ÖVRIGA,0.1
1284,1988,ÖVRIGA,1.3
1284,1991,ÖVRIGA,7.8
1284,1994,ÖVRIGA,3.3
1284,1998,ÖVRIGA,5.8
1284,2002,ÖVRIGA,3.3
1284,2006,ÖVRIGA,2.2
1284,2010,ÖVRIGA,1.9
1284,2014,ÖVRIGA,1.4
1284,2018,ÖVRIGA,0.3
1284,2022,ÖVRIGA,1.6
1285,1973,M,11.0
1285,1976,M,12.5
1285,1979,M,16.5
1285,1982,M,19.4
1285,1985,M,19.4
1285,1988,M,16.2
1285,1991,M,21.9
1285,1994,M,16.4
1285,1998,M,18.4
1285,2002,M,13.4
1285,2006,M,16.5
1285,2010,M,20.9
1285,2014,M,15.5
1285,2018,M,17.5
1285,2022,M,18.1
1285,1973,C,35.0
1285,1976,C,31.9
1285,1979,C,24.6
1285,1982,C,22.5
1285,1985,C,19.5
1285,1988,C,19.6
1285,1991,C,22.3
1285,1994,C,16.5
1285,1998,C,16.3
1285,2002,C,17.0
1285,2006,C,14.7
1285,2010,C,10.2
1285,2014,C,9.3
1285,2018,C,10.8
1285,2022,C,6.3
1285,1973,L,7.0
1285,1976,L,8.7
1285,1979,L,7.6
1285,1982,L,4.2
1285,1985,L,8.8
1285,1988,L,6.9
1285,1991,L,6.0
1285,1994,L,3.7
1285,1998,L,3.6
1285,2002,L,9.1
1285,2006,L,6.7
1285,2010,L,7.5
1285,2014,L,5.7
1285,2018,L,4.8
1285,2022,L,3.7
1285,1973,KD,1.2
1285,1976,KD,0.8
1285,1979,KD,0.9
1285,1982,KD,0.9
1285,1985,KD,0.1
1285,1988,KD,1.3
1285,1991,KD,3.2
1285,1994,KD,1.4
1285,1998,KD,5.0
1285,2002,KD,3.8
1285,2006,KD,2.8
1285,2010,KD,1.6
1285,2014,KD,1.3
1285,2018,KD,2.1
1285,2022,KD,4.2
1285,1982,MP,1.2
1285,1985,MP,2.3
1285,1988,MP,4.3
1285,1991,MP,2.6
1285,1994,MP,3.2
1285,1998,MP,3.2
1285,2002,MP,2.6
1285,2006,MP,2.4
1285,2010,MP,4.0
1285,2014,MP,6.1
1285,2018,MP,3.1
1285,2022,MP,2.2
1285,1973,S,45.1
1285,1976,S,44.2
1285,1979,S,43.0
1285,1982,S,45.6
1285,1985,S,47.0
1285,1988,S,49.5
1285,1991,S,41.1
1285,1994,S,51.8
1285,1998,S,41.9
1285,2002,S,43.4
1285,2006,S,40.0
1285,2010,S,35.1
1285,2014,S,33.3
1285,2018,S,29.0
1285,2022,S,29.7
1285,1973,V,0.2
1285,1976,V,1.9
1285,1979,V,3.9
1285,1982,V,3.2
1285,1985,V,2.8
1285,1988,V,1.9
1285,1991,V,1.8
1285,1994,V,3.0
1285,1998,V,6.3
1285,2002,V,4.5
1285,2006,V,3.6
1285,2010,V,3.1
1285,2014,V,4.5
1285,2018,V,5.6
1285,2022,V,6.1
1285,2002,SD,4.0
1285,2006,SD,12.0
1285,2010,SD,13.5
1285,2014,SD,18.8
1285,2018,SD,26.3
1285,2022,SD,29.3
1285,1973,ÖVRIGA,0.6
1285,1976,ÖVRIGA,0.0
1285,1979,ÖVRIGA,3.7
1285,1982,ÖVRIGA,3.1
1285,1985,ÖVRIGA,0.1
1285,1988,ÖVRIGA,0.2
1285,1991,ÖVRIGA,1.1
1285,1994,ÖVRIGA,4.1
1285,1998,ÖVRIGA,5.3
1285,2002,ÖVRIGA,2.2
1285,2006,ÖVRIGA,1.3
1285,2010,ÖVRIGA,4.1
1285,2014,ÖVRIGA,5.4
1285,2018,ÖVRIGA,0.7
1285,2022,ÖVRIGA,0.5
1286,1973,M,14.3
1286,1976,M,16.6
1286,1979,M,20.9
1286,1982,M,25.8
1286,1985,M,25.4
1286,1988,M,25.3
1286,1991,M,32.0
1286,1994,M,25.3
1286,1998,M,28.9
1286,2002,M,25.7
1286,2006,M,30.8
1286,2010,M,31.9
1286,2014,M,23.6
1286,2018,M,24.2
1286,2022,M,25.1
1286,1973,C,25.7
1286,1976,C,23.1
1286,1979,C,19.1
1286,1982,C,17.8
1286,1985,C,14.5
1286,1988,C,13.5
1286,1991,C,11.6
1286,1994,C,10.5
1286,1998,C,8.3
1286,2002,C,8.4
1286,2006,C,7.6
1286,2010,C,6.3
1286,2014,C,8.5
1286,2018,C,9.6
1286,2022,C,6.1
1286,1973,L,10.3
1286,1976,L,11.4
1286,1979,L,12.3
1286,1982,L,6.5
1286,1985,L,11.6
1286,1988,L,9.0
1286,1991,L,7.6
1286,1994,L,6.0
1286,1998,L,5.0
1286,2002,L,8.0
1286,2006,L,5.7
1286,2010,L,5.6
1286,2014,L,4.8
1286,2018,L,5.1
1286,2022,L,4.9
1286,1973,KD,0.6
1286,1976,KD,0.7
1286,1979,KD,0.5
1286,1982,KD,0.3
1286,1985,KD,0.1
1286,1988,KD,0.4
1286,1991,KD,3.4
1286,1994,KD,1.2
1286,1998,KD,4.1
1286,2002,KD,3.3
1286,2006,KD,3.4
1286,2010,KD,4.6
1286,2014,KD,2.2
1286,2018,KD,4.4
1286,2022,KD,4.6
1286,1982,MP,1.6
1286,1985,MP,1.8
1286,1988,MP,4.8
1286,1991,MP,2.4
1286,1994,MP,4.1
1286,1998,MP,3.3
1286,2002,MP,2.9
1286,2006,MP,3.8
1286,2010,MP,4.4
1286,2014,MP,5.4
1286,2018,MP,4.0
1286,2022,MP,3.0
1286,1973,S,48.7
1286,1976,S,47.8
1286,1979,S,45.4
1286,1982,S,46.6
1286,1985,S,45.4
1286,1988,S,45.0
1286,1991,S,39.6
1286,1994,S,47.5
1286,1998,S,38.5
1286,2002,S,42.5
1286,2006,S,37.9
1286,2010,S,36.6
1286,2014,S,39.0
1286,2018,S,31.5
1286,2022,S,31.6
1286,1973,V,0.2
1286,1976,V,0.4
1286,1979,V,1.7
1286,1982,V,1.2
1286,1985,V,1.2
1286,1988,V,1.8
1286,1991,V,1.6
1286,1994,V,2.1
1286,1998,V,4.8
1286,2002,V,3.4
1286,2006,V,2.1
1286,2010,V,1.9
1286,2014,V,2.5
1286,2018,V,3.2
1286,2022,V,4.1
1286,2002,SD,1.9
1286,2006,SD,5.2
1286,2010,SD,7.1
1286,2014,SD,12.1
1286,2018,SD,17.5
1286,2022,SD,18.8
1286,1973,ÖVRIGA,0.3
1286,1976,ÖVRIGA,0.0
1286,1979,ÖVRIGA,0.1
1286,1982,ÖVRIGA,0.1
1286,1985,ÖVRIGA,0.1
1286,1988,ÖVRIGA,0.1
1286,1991,ÖVRIGA,1.8
1286,1994,ÖVRIGA,3.4
1286,1998,ÖVRIGA,7.0
1286,2002,ÖVRIGA,4.0
1286,2006,ÖVRIGA,3.6
1286,2010,ÖVRIGA,1.6
1286,2014,ÖVRIGA,1.8
1286,2018,ÖVRIGA,0.5
1286,2022,ÖVRIGA,1.8
1287,1973,M,12.3
1287,1976,M,14.3
1287,1979,M,20.6
1287,1982,M,23.2
1287,1985,M,23.2
1287,1988,M,19.8
1287,1991,M,24.8
1287,1994,M,20.4
1287,1998,M,21.4
1287,2002,M,16.9
1287,2006,M,19.6
1287,2010,M,30.4
1287,2014,M,21.3
1287,2018,M,22.3
1287,2022,M,19.3
1287,1973,C,24.0
1287,1976,C,20.8
1287,1979,C,14.4
1287,1982,C,13.1
1287,1985,C,9.8
1287,1988,C,9.1
1287,1991,C,7.2
1287,1994,C,6.3
1287,1998,C,4.5
1287,2002,C,5.1
1287,2006,C,4.6
1287,2010,C,2.9
1287,2014,C,3.3
1287,2018,C,5.1
1287,2022,C,4.6
1287,1973,L,7.5
1287,1976,L,9.4
1287,1979,L,9.9
1287,1982,L,4.9
1287,1985,L,8.2
1287,1988,L,6.9
1287,1991,L,6.3
1287,1994,L,3.3
1287,1998,L,2.4
1287,2002,L,6.2
1287,2006,L,5.1
1287,2010,L,4.1
1287,2014,L,3.3
1287,2018,L,4.5
1287,2022,L,3.7
1287,1973,KD,1.3
1287,1976,KD,1.0
1287,1979,KD,0.8
1287,1982,KD,1.0
1287,1985,KD,0.6
1287,1988,KD,0.9
1287,1991,KD,3.9
1287,1994,KD,2.5
1287,1998,KD,8.3
1287,2002,KD,6.4
1287,2006,KD,6.1
1287,2010,KD,3.1
1287,2014,KD,1.9
1287,2018,KD,4.8
1287,2022,KD,6.7
1287,1982,MP,0.3
1287,1985,MP,3.2
1287,1988,MP,7.6
1287,1991,MP,3.9
1287,1994,MP,4.6
1287,1998,MP,3.8
1287,2002,MP,3.3
1287,2006,MP,2.8
1287,2010,MP,3.5
1287,2014,MP,4.9
1287,2018,MP,3.8
1287,2022,MP,2.6
1287,1973,S,54.0
1287,1976,S,53.9
1287,1979,S,53.4
1287,1982,S,56.4
1287,1985,S,52.6
1287,1988,S,51.5
1287,1991,S,47.5
1287,1994,S,57.2
1287,1998,S,46.2
1287,2002,S,47.3
1287,2006,S,36.6
1287,2010,S,31.5
1287,2014,S,34.3
1287,2018,S,23.4
1287,2022,S,23.7
1287,1973,V,0.2
1287,1976,V,0.5
1287,1979,V,0.7
1287,1982,V,1.0
1287,1985,V,0.6
1287,1988,V,1.5
1287,1991,V,1.6
1287,1994,V,1.8
1287,1998,V,5.3
1287,2002,V,3.8
1287,2006,V,2.1
1287,2010,V,1.8
1287,2014,V,2.1
1287,2018,V,3.0
1287,2022,V,3.3
1287,2002,SD,4.5
1287,2006,SD,12.6
1287,2010,SD,15.0
1287,2014,SD,20.2
1287,2018,SD,25.3
1287,2022,SD,22.4
1287,1973,ÖVRIGA,0.7
1287,1976,ÖVRIGA,0.0
1287,1979,ÖVRIGA,0.1
1287,1982,ÖVRIGA,0.1
1287,1985,ÖVRIGA,1.8
1287,1988,ÖVRIGA,2.9
1287,1991,ÖVRIGA,4.7
1287,1994,ÖVRIGA,3.8
1287,1998,ÖVRIGA,8.1
1287,2002,ÖVRIGA,6.6
1287,2006,ÖVRIGA,10.5
1287,2010,ÖVRIGA,7.7
1287,2014,ÖVRIGA,8.9
1287,2018,ÖVRIGA,7.9
1287,2022,ÖVRIGA,13.8
1290,1973,M,14.0
1290,1976,M,16.4
1290,1979,M,20.7
1290,1982,M,23.0
1290,1985,M,22.7
1290,1988,M,19.5
1290,1991,M,25.5
1290,1994,M,20.1
1290,1998,M,19.9
1290,2002,M,16.0
1290,2006,M,20.1
1290,2010,M,23.3
1290,2014,M,15.6
1290,2018,M,19.4
1290,2022,M,20.6
1290,1973,C,25.9
1290,1976,C,23.0
1290,1979,C,17.5
1290,1982,C,17.0
1290,1985,C,14.0
1290,1988,C,13.5
1290,1991,C,10.3
1290,1994,C,8.0
1290,1998,C,6.0
1290,2002,C,5.3
1290,2006,C,6.6
1290,2010,C,5.5
1290,2014,C,6.2
1290,2018,C,5.9
1290,2022,C,4.5
1290,1973,L,10.3
1290,1976,L,12.3
1290,1979,L,13.0
1290,1982,L,7.2
1290,1985,L,13.3
1290,1988,L,11.4
1290,1991,L,10.1
1290,1994,L,6.5
1290,1998,L,8.3
1290,2002,L,16.0
1290,2006,L,15.0
1290,2010,L,12.6
1290,2014,L,14.1
1290,2018,L,13.7
1290,2022,L,11.5
1290,1973,KD,1.8
1290,1976,KD,1.7
1290,1979,KD,1.5
1290,1982,KD,1.7
1290,1985,KD,0.1
1290,1988,KD,1.6
1290,1991,KD,4.9
1290,1994,KD,3.0
1290,1998,KD,8.4
1290,2002,KD,7.3
1290,2006,KD,3.3
1290,2010,KD,2.7
1290,2014,KD,2.8
1290,2018,KD,4.6
1290,2022,KD,4.9
1290,1982,MP,1.9
1290,1985,MP,2.3
1290,1988,MP,5.6
1290,1991,MP,2.4
1290,1994,MP,3.5
1290,1998,MP,3.7
1290,2002,MP,2.8
1290,2006,MP,3.6
1290,2010,MP,5.2
1290,2014,MP,5.4
1290,2018,MP,2.8
1290,2022,MP,1.6
1290,1973,S,45.8
1290,1976,S,44.1
1290,1979,S,43.7
1290,1982,S,46.1
1290,1985,S,44.7
1290,1988,S,45.7
1290,1991,S,38.3
1290,1994,S,49.0
1290,1998,S,36.5
1290,2002,S,37.2
1290,2006,S,32.8
1290,2010,S,30.5
1290,2014,S,30.8
1290,2018,S,25.5
1290,2022,S,25.4
1290,1973,V,2.0
1290,1976,V,2.3
1290,1979,V,2.9
1290,1982,V,2.6
1290,1985,V,2.8
1290,1988,V,2.7
1290,1991,V,2.5
1290,1994,V,2.9
1290,1998,V,6.6
1290,2002,V,4.8
1290,2006,V,3.5
1290,2010,V,3.2
1290,2014,V,3.4
1290,2018,V,4.2
1290,2022,V,5.4
1290,2002,SD,1.0
1290,2006,SD,4.4
1290,2010,SD,12.3
1290,2014,SD,17.5
1290,2018,SD,23.0
1290,2022,SD,24.0
1290,1973,ÖVRIGA,0.1
1290,1976,ÖVRIGA,0.2
1290,1979,ÖVRIGA,0.8
1290,1982,ÖVRIGA,0.4
1290,1985,ÖVRIGA,0.1
1290,1988,ÖVRIGA,0.1
1290,1991,ÖVRIGA,6.0
1290,1994,ÖVRIGA,7.1
1290,1998,ÖVRIGA,10.6
1290,2002,ÖVRIGA,9.6
1290,2006,ÖVRIGA,10.8
1290,2010,ÖVRIGA,4.7
1290,2014,ÖVRIGA,4.2
1290,2018,ÖVRIGA,0.7
1290,2022,ÖVRIGA,2.1
1291,1973,M,15.1
1291,1976,M,17.0
1291,1979,M,19.8
1291,1982,M,22.7
1291,1985,M,23.7
1291,1988,M,20.3
1291,1991,M,22.9
1291,1994,M,20.3
1291,1998,M,26.9
1291,2002,M,18.3
1291,2006,M,24.6
1291,2010,M,28.6
1291,2014,M,20.4
1291,2018,M,25.0
1291,2022,M,26.9
1291,1973,C,29.8
1291,1976,C,27.9
1291,1979,C,22.6
1291,1982,C,21.6
1291,1985,C,17.8
1291,1988,C,17.9
1291,1991,C,15.5
1291,1994,C,13.8
1291,1998,C,9.3
1291,2002,C,10.4
1291,2006,C,11.6
1291,2010,C,8.0
1291,2014,C,9.7
1291,2018,C,8.1
1291,2022,C,6.8
1291,1973,L,11.1
1291,1976,L,11.1
1291,1979,L,11.8
1291,1982,L,6.9
1291,1985,L,11.6
1291,1988,L,8.7
1291,1991,L,6.2
1291,1994,L,4.1
1291,1998,L,2.7
1291,2002,L,7.5
1291,2006,L,5.7
1291,2010,L,5.1
1291,2014,L,4.1
1291,2018,L,5.9
1291,2022,L,5.0
1291,1973,KD,1.0
1291,1976,KD,1.0
1291,1979,KD,0.8
1291,1982,KD,0.8
1291,1985,KD,0.1
1291,1988,KD,1.0
1291,1991,KD,4.4
1291,1994,KD,2.0
1291,1998,KD,4.8
1291,2002,KD,4.9
1291,2006,KD,4.3
1291,2010,KD,2.3
1291,2014,KD,2.2
1291,2018,KD,3.2
1291,2022,KD,3.0
1291,1982,MP,1.9
1291,1985,MP,2.8
1291,1988,MP,5.1
1291,1991,MP,3.4
1291,1994,MP,3.8
1291,1998,MP,3.4
1291,2002,MP,2.6
1291,2006,MP,4.4
1291,2010,MP,5.3
1291,2014,MP,5.0
1291,2018,MP,3.9
1291,2022,MP,4.5
1291,1973,S,37.4
1291,1976,S,36.1
1291,1979,S,34.9
1291,1982,S,38.4
1291,1985,S,37.5
1291,1988,S,38.1
1291,1991,S,31.7
1291,1994,S,40.1
1291,1998,S,20.7
1291,2002,S,30.8
1291,2006,S,28.0
1291,2010,S,26.2
1291,2014,S,26.1
1291,2018,S,23.1
1291,2022,S,23.4
1291,1973,V,1.6
1291,1976,V,2.3
1291,1979,V,1.8
1291,1982,V,1.9
1291,1985,V,2.5
1291,1988,V,1.9
1291,1991,V,2.0
1291,1994,V,3.2
1291,1998,V,5.9
1291,2002,V,6.4
1291,2006,V,3.3
1291,2010,V,2.1
1291,2014,V,2.6
1291,2018,V,3.6
1291,2022,V,5.1
1291,2002,SD,1.5
1291,2006,SD,3.9
1291,2010,SD,5.6
1291,2014,SD,14.3
1291,2018,SD,17.7
1291,2022,SD,18.9
1291,1973,ÖVRIGA,3.9
1291,1976,ÖVRIGA,4.6
1291,1979,ÖVRIGA,8.4
1291,1982,ÖVRIGA,5.8
1291,1985,ÖVRIGA,4.0
1291,1988,ÖVRIGA,7.0
1291,1991,ÖVRIGA,13.9
1291,1994,ÖVRIGA,12.7
1291,1998,ÖVRIGA,26.2
1291,2002,ÖVRIGA,17.6
1291,2006,ÖVRIGA,14.0
1291,2010,ÖVRIGA,16.7
1291,2014,ÖVRIGA,15.6
1291,2018,ÖVRIGA,9.5
1291,2022,ÖVRIGA,6.5
1292,1973,M,19.8
1292,1976,M,20.9
1292,1979,M,28.3
1292,1982,M,33.8
1292,1985,M,33.0
1292,1988,M,31.0
1292,1991,M,32.9
1292,1994,M,32.6
1292,1998,M,34.4
1292,2002,M,33.9
1292,2006,M,39.4
1292,2010,M,38.1
1292,2014,M,25.3
1292,2018,M,29.6
1292,2022,M,29.9
1292,1973,C,32.0
1292,1976,C,31.0
1292,1979,C,23.4
1292,1982,C,21.4
1292,1985,C,16.7
1292,1988,C,17.5
1292,1991,C,16.4
1292,1994,C,14.5
1292,1998,C,16.5
1292,2002,C,10.7
1292,2006,C,8.5
1292,2010,C,6.5
1292,2014,C,6.7
1292,2018,C,8.6
1292,2022,C,6.0
1292,1973,L,6.4
1292,1976,L,7.2
1292,1979,L,8.4
1292,1982,L,4.2
1292,1985,L,10.6
1292,1988,L,9.2
1292,1991,L,7.3
1292,1994,L,5.8
1292,1998,L,4.7
1292,2002,L,8.7
1292,2006,L,5.4
1292,2010,L,4.5
1292,2014,L,4.1
1292,2018,L,5.1
1292,2022,L,3.0
1292,1973,KD,1.5
1292,1976,KD,1.6
1292,1979,KD,1.7
1292,1982,KD,2.0
1292,1985,KD,2.0
1292,1988,KD,2.2
1292,1991,KD,6.5
1292,1994,KD,3.2
1292,1998,KD,8.6
1292,2002,KD,7.8
1292,2006,KD,5.8
1292,2010,KD,4.1
1292,2014,KD,3.3
1292,2018,KD,4.8
1292,2022,KD,5.5
1292,1985,MP,0.7
1292,1988,MP,7.9
1292,1991,MP,4.3
1292,1994,MP,6.6
1292,1998,MP,4.0
1292,2002,MP,2.1
1292,2006,MP,3.7
1292,2010,MP,5.5
1292,2014,MP,5.6
1292,2018,MP,3.4
1292,2022,MP,2.8
1292,1973,S,34.8
1292,1976,S,31.3
1292,1979,S,31.7
1292,1982,S,32.5
1292,1985,S,31.3
1292,1988,S,31.4
1292,1991,S,26.1
1292,1994,S,33.6
1292,1998,S,24.6
1292,2002,S,29.1
1292,2006,S,25.0
1292,2010,S,23.0
1292,2014,S,29.5
1292,2018,S,23.2
1292,2022,S,27.5
1292,1973,V,0.1
1292,1976,V,0.2
1292,1979,V,0.4
1292,1982,V,1.5
1292,1985,V,1.5
1292,1988,V,0.6
1292,1991,V,0.5
1292,1994,V,2.0
1292,1998,V,4.6
1292,2002,V,3.7
1292,2006,V,2.7
1292,2010,V,1.7
1292,2014,V,2.1
1292,2018,V,2.8
1292,2022,V,2.9
1292,2002,SD,0.0
1292,2006,SD,5.1
1292,2010,SD,6.5
1292,2014,SD,11.3
1292,2018,SD,17.2
1292,2022,SD,18.5
1292,1973,ÖVRIGA,5.4
1292,1976,ÖVRIGA,7.7
1292,1979,ÖVRIGA,6.2
1292,1982,ÖVRIGA,4.6
1292,1985,ÖVRIGA,4.1
1292,1988,ÖVRIGA,0.1
1292,1991,ÖVRIGA,6.1
1292,1994,ÖVRIGA,1.8
1292,1998,ÖVRIGA,2.6
1292,2002,ÖVRIGA,4.1
1292,2006,ÖVRIGA,4.2
1292,2010,ÖVRIGA,10.1
1292,2014,ÖVRIGA,12.2
1292,2018,ÖVRIGA,5.3
1292,2022,ÖVRIGA,3.8
1293,1973,M,12.9
1293,1976,M,15.0
1293,1979,M,20.5
1293,1982,M,23.0
1293,1985,M,22.0
1293,1988,M,19.0
1293,1991,M,23.1
1293,1994,M,19.7
1293,1998,M,19.8
1293,2002,M,16.0
1293,2006,M,20.6
1293,2010,M,24.0
1293,2014,M,13.1
1293,2018,M,16.7
1293,2022,M,16.6
1293,1973,C,33.8
1293,1976,C,32.1
1293,1979,C,25.7
1293,1982,C,23.8
1293,1985,C,19.3
1293,1988,C,19.9
1293,1991,C,16.5
1293,1994,C,17.1
1293,1998,C,15.0
1293,2002,C,13.3
1293,2006,C,12.0
1293,2010,C,9.8
1293,2014,C,7.2
1293,2018,C,8.0
1293,2022,C,5.7
1293,1973,L,10.3
1293,1976,L,12.2
1293,1979,L,11.2
1293,1982,L,6.6
1293,1985,L,12.1
1293,1988,L,10.1
1293,1991,L,7.6
1293,1994,L,5.4
1293,1998,L,4.7
1293,2002,L,8.3
1293,2006,L,5.3
1293,2010,L,5.3
1293,2014,L,5.5
1293,2018,L,4.5
1293,2022,L,4.3
1293,1973,KD,3.5
1293,1976,KD,3.1
1293,1979,KD,3.2
1293,1982,KD,3.7
1293,1985,KD,3.5
1293,1988,KD,4.2
1293,1991,KD,8.9
1293,1994,KD,5.1
1293,1998,KD,12.9
1293,2002,KD,11.1
1293,2006,KD,8.1
1293,2010,KD,5.6
1293,2014,KD,5.1
1293,2018,KD,5.8
1293,2022,KD,5.9
1293,1985,MP,1.6
1293,1988,MP,4.7
1293,1991,MP,2.7
1293,1994,MP,4.8
1293,1998,MP,4.2
1293,2002,MP,4.2
1293,2006,MP,3.4
1293,2010,MP,5.4
1293,2014,MP,6.8
1293,2018,MP,3.3
1293,2022,MP,2.5
1293,1973,S,36.3
1293,1976,S,35.3
1293,1979,S,36.2
1293,1982,S,39.2
1293,1985,S,38.9
1293,1988,S,39.3
1293,1991,S,32.8
1293,1994,S,42.9
1293,1998,S,30.9
1293,2002,S,33.9
1293,2006,S,33.3
1293,2010,S,29.6
1293,2014,S,31.1
1293,2018,S,24.1
1293,2022,S,22.7
1293,1973,V,2.0
1293,1976,V,2.0
1293,1979,V,2.4
1293,1982,V,2.0
1293,1985,V,2.4
1293,1988,V,2.6
1293,1991,V,2.2
1293,1994,V,3.2
1293,1998,V,7.4
1293,2002,V,5.0
1293,2006,V,3.1
1293,2010,V,3.0
1293,2014,V,3.1
1293,2018,V,3.9
1293,2022,V,5.9
1293,2002,SD,1.0
1293,2006,SD,6.5
1293,2010,SD,14.2
1293,2014,SD,22.6
1293,2018,SD,25.5
1293,2022,SD,29.9
1293,1973,ÖVRIGA,1.2
1293,1976,ÖVRIGA,0.2
1293,1979,ÖVRIGA,0.8
1293,1982,ÖVRIGA,1.8
1293,1985,ÖVRIGA,0.3
1293,1988,ÖVRIGA,0.3
1293,1991,ÖVRIGA,6.1
1293,1994,ÖVRIGA,1.9
1293,1998,ÖVRIGA,5.0
1293,2002,ÖVRIGA,7.3
1293,2006,ÖVRIGA,7.8
1293,2010,ÖVRIGA,3.2
1293,2014,ÖVRIGA,5.4
1293,2018,ÖVRIGA,8.1
1293,2022,ÖVRIGA,6.5
1315,1973,M,13.1
1315,1976,M,11.9
1315,1979,M,12.5
1315,1982,M,12.8
1315,1985,M,11.6
1315,1988,M,9.7
1315,1991,M,11.4
1315,1994,M,12.8
1315,1998,M,17.9
1315,2002,M,14.6
1315,2006,M,15.0
1315,2010,M,11.8
1315,2014,M,9.3
1315,2018,M,9.6
1315,2022,M,10.9
1315,1973,C,39.6
1315,1976,C,38.8
1315,1979,C,33.2
1315,1982,C,30.3
1315,1985,C,30.4
1315,1988,C,30.4
1315,1991,C,24.8
1315,1994,C,24.6
1315,1998,C,19.0
1315,2002,C,22.7
1315,2006,C,17.3
1315,2010,C,15.8
1315,2014,C,18.0
1315,2018,C,15.9
1315,2022,C,14.7
1315,1973,L,5.0
1315,1976,L,7.4
1315,1979,L,9.9
1315,1982,L,6.0
1315,1985,L,8.2
1315,1988,L,7.5
1315,1991,L,7.6
1315,1994,L,5.8
1315,1998,L,5.1
1315,2002,L,6.5
1315,2006,L,4.1
1315,2010,L,7.1
1315,2014,L,6.4
1315,2018,L,4.6
1315,2022,L,4.0
1315,1973,KD,0.0
1315,1982,KD,1.6
1315,1985,KD,1.6
1315,1988,KD,0.3
1315,1991,KD,4.9
1315,1994,KD,0.4
1315,1998,KD,1.1
1315,2002,KD,6.0
1315,2006,KD,4.8
1315,2010,KD,3.0
1315,2014,KD,0.7
1315,2018,KD,0.9
1315,2022,KD,4.4
1315,1982,MP,1.5
1315,1985,MP,2.8
1315,1988,MP,5.4
1315,1991,MP,3.3
1315,1994,MP,1.1
1315,1998,MP,2.6
1315,2002,MP,1.9
1315,2006,MP,1.1
1315,2010,MP,2.1
1315,2014,MP,2.7
1315,2018,MP,1.5
1315,2022,MP,1.4
1315,1973,S,36.0
1315,1976,S,35.9
1315,1979,S,37.4
1315,1982,S,40.9
1315,1985,S,39.7
1315,1988,S,40.8
1315,1991,S,35.8
1315,1994,S,45.3
1315,1998,S,35.6
1315,2002,S,39.3
1315,2006,S,28.2
1315,2010,S,32.2
1315,2014,S,37.2
1315,2018,S,37.9
1315,2022,S,32.1
1315,1973,V,0.0
1315,1979,V,1.0
1315,1985,V,0.2
1315,1988,V,0.2
1315,1991,V,1.4
1315,1994,V,2.2
1315,1998,V,5.4
1315,2002,V,3.7
1315,2006,V,1.9
1315,2010,V,1.8
1315,2014,V,2.3
1315,2018,V,3.8
1315,2022,V,4.4
1315,2002,SD,0.0
1315,2006,SD,1.3
1315,2010,SD,4.1
1315,2014,SD,11.2
1315,2018,SD,19.8
1315,2022,SD,24.0
1315,1973,ÖVRIGA,6.2
1315,1976,ÖVRIGA,6.0
1315,1979,ÖVRIGA,6.0
1315,1982,ÖVRIGA,7.0
1315,1985,ÖVRIGA,5.4
1315,1988,ÖVRIGA,5.8
1315,1991,ÖVRIGA,11.0
1315,1994,ÖVRIGA,7.8
1315,1998,ÖVRIGA,13.4
1315,2002,ÖVRIGA,5.2
1315,2006,ÖVRIGA,26.3
1315,2010,ÖVRIGA,22.0
1315,2014,ÖVRIGA,12.2
1315,2018,ÖVRIGA,5.9
1315,2022,ÖVRIGA,4.2
1380,1973,M,14.9
1380,1976,M,16.7
1380,1979,M,20.3
1380,1982,M,23.1
1380,1985,M,21.4
1380,1988,M,18.5
1380,1991,M,21.5
1380,1994,M,19.9
1380,1998,M,22.0
1380,2002,M,17.5
1380,2006,M,26.0
1380,2010,M,30.3
1380,2014,M,22.8
1380,2018,M,22.0
1380,2022,M,18.2
1380,1973,C,26.0
1380,1976,C,23.8
1380,1979,C,18.9
1380,1982,C,15.7
1380,1985,C,10.9
1380,1988,C,11.3
1380,1991,C,9.7
1380,1994,C,8.4
1380,1998,C,7.5
1380,2002,C,7.5
1380,2006,C,8.0
1380,2010,C,6.5
1380,2014,C,10.3
1380,2018,C,9.8
1380,2022,C,7.1
1380,1973,L,8.3
1380,1976,L,11.0
1380,1979,L,9.8
1380,1982,L,5.3
1380,1985,L,13.3
1380,1988,L,12.5
1380,1991,L,9.3
1380,1994,L,6.9
1380,1998,L,5.9
1380,2002,L,12.1
1380,2006,L,8.5
1380,2010,L,7.0
1380,2014,L,5.1
1380,2018,L,5.3
1380,2022,L,3.6
1380,1973,KD,1.2
1380,1976,KD,1.3
1380,1979,KD,2.0
1380,1982,KD,2.5
1380,1985,KD,1.5
1380,1988,KD,1.9
1380,1991,KD,4.9
1380,1994,KD,2.3
1380,1998,KD,7.4
1380,2002,KD,6.4
1380,2006,KD,4.9
1380,2010,KD,3.2
1380,2014,KD,2.8
1380,2018,KD,6.2
1380,2022,KD,6.7
1380,1982,MP,3.0
1380,1985,MP,4.5
1380,1988,MP,8.1
1380,1991,MP,4.5
1380,1994,MP,5.6
1380,1998,MP,5.9
1380,2002,MP,5.7
1380,2006,MP,4.5
1380,2010,MP,6.2
1380,2014,MP,6.6
1380,2018,MP,3.7
1380,2022,MP,3.1
1380,1973,S,44.9
1380,1976,S,42.7
1380,1979,S,41.8
1380,1982,S,45.7
1380,1985,S,44.3
1380,1988,S,43.3
1380,1991,S,39.3
1380,1994,S,46.2
1380,1998,S,35.8
1380,2002,S,39.7
1380,2006,S,36.6
1380,2010,S,36.0
1380,2014,S,35.2
1380,2018,S,31.1
1380,2022,S,30.6
1380,1973,V,4.4
1380,1976,V,4.4
1380,1979,V,5.1
1380,1982,V,4.2
1380,1985,V,4.0
1380,1988,V,4.2
1380,1991,V,3.2
1380,1994,V,4.3
1380,1998,V,8.3
1380,2002,V,6.5
1380,2006,V,4.7
1380,2010,V,3.8
1380,2014,V,5.1
1380,2018,V,5.8
1380,2022,V,5.9
1380,2002,SD,0.0
1380,2006,SD,2.5
1380,2010,SD,4.7
1380,2014,SD,8.9
1380,2018,SD,13.7
1380,2022,SD,14.9
1380,1973,ÖVRIGA,0.2
1380,1976,ÖVRIGA,0.2
1380,1979,ÖVRIGA,2.0
1380,1982,ÖVRIGA,0.6
1380,1985,ÖVRIGA,0.1
1380,1988,ÖVRIGA,0.2
1380,1991,ÖVRIGA,7.5
1380,1994,ÖVRIGA,6.4
1380,1998,ÖVRIGA,7.3
1380,2002,ÖVRIGA,4.5
1380,2006,ÖVRIGA,4.3
1380,2010,ÖVRIGA,2.3
1380,2014,ÖVRIGA,3.2
1380,2018,ÖVRIGA,2.4
1380,2022,ÖVRIGA,9.8
1381,1973,M,11.9
1381,1976,M,12.9
1381,1979,M,17.9
1381,1982,M,20.9
1381,1985,M,23.4
1381,1988,M,19.0
1381,1991,M,20.8
1381,1994,M,17.8
1381,1998,M,21.1
1381,2002,M,16.5
1381,2006,M,25.3
1381,2010,M,30.4
1381,2014,M,21.6
1381,2018,M,16.2
1381,2022,M,17.2
1381,1973,C,53.0
1381,1976,C,49.7
1381,1979,C,42.1
1381,1982,C,38.1
1381,1985,C,30.2
1381,1988,C,30.9
1381,1991,C,26.6
1381,1994,C,27.0
1381,1998,C,21.4
1381,2002,C,26.1
1381,2006,C,22.2
1381,2010,C,17.7
1381,2014,C,18.0
1381,2018,C,17.2
1381,2022,C,13.9
1381,1973,L,6.6
1381,1976,L,8.4
1381,1979,L,9.3
1381,1982,L,5.0
1381,1985,L,9.1
1381,1988,L,8.0
1381,1991,L,6.4
1381,1994,L,4.1
1381,1998,L,4.0
1381,2002,L,7.3
1381,2006,L,6.2
1381,2010,L,5.8
1381,2014,L,3.5
1381,2018,L,4.7
1381,2022,L,4.8
1381,1973,KD,0.0
1381,1982,KD,1.7
1381,1985,KD,2.6
1381,1988,KD,1.9
1381,1991,KD,5.7
1381,1994,KD,3.1
1381,1998,KD,7.9
1381,2002,KD,7.1
1381,2006,KD,4.2
1381,2010,KD,2.5
1381,2014,KD,3.6
1381,2018,KD,5.5
1381,2022,KD,6.3
1381,1982,MP,1.7
1381,1985,MP,2.2
1381,1988,MP,6.1
1381,1991,MP,3.7
1381,1994,MP,6.0
1381,1998,MP,4.6
1381,2002,MP,3.6
1381,2006,MP,3.4
1381,2010,MP,4.5
1381,2014,MP,6.0
1381,2018,MP,3.1
1381,2022,MP,2.4
1381,1973,S,28.1
1381,1976,S,27.1
1381,1979,S,28.6
1381,1982,S,30.3
1381,1985,S,29.3
1381,1988,S,29.7
1381,1991,S,25.0
1381,1994,S,30.0
1381,1998,S,26.3
1381,2002,S,26.9
1381,2006,S,23.4
1381,2010,S,22.7
1381,2014,S,23.4
1381,2018,S,19.9
1381,2022,S,19.4
1381,1973,V,0.0
1381,1976,V,1.7
1381,1979,V,2.1
1381,1982,V,2.3
1381,1985,V,3.1
1381,1988,V,4.4
1381,1991,V,3.7
1381,1994,V,3.6
1381,1998,V,5.6
1381,2002,V,4.6
1381,2006,V,4.0
1381,2010,V,2.9
1381,2014,V,2.9
1381,2018,V,3.2
1381,2022,V,3.7
1381,2002,SD,0.7
1381,2006,SD,3.4
1381,2010,SD,6.7
1381,2014,SD,12.3
1381,2018,SD,17.1
1381,2022,SD,19.7
1381,1973,ÖVRIGA,0.3
1381,1976,ÖVRIGA,0.2
1381,1979,ÖVRIGA,0.1
1381,1982,ÖVRIGA,0.1
1381,1985,ÖVRIGA,0.1
1381,1988,ÖVRIGA,0.1
1381,1991,ÖVRIGA,8.0
1381,1994,ÖVRIGA,8.4
1381,1998,ÖVRIGA,9.1
1381,2002,ÖVRIGA,7.1
1381,2006,ÖVRIGA,7.8
1381,2010,ÖVRIGA,6.9
1381,2014,ÖVRIGA,8.5
1381,2018,ÖVRIGA,13.0
1381,2022,ÖVRIGA,12.5
1382,1973,M,12.8
1382,1976,M,13.6
1382,1979,M,15.5
1382,1982,M,17.9
1382,1985,M,17.6
1382,1988,M,14.3
1382,1991,M,17.5
1382,1994,M,14.9
1382,1998,M,16.3
1382,2002,M,12.8
1382,2006,M,18.2
1382,2010,M,21.2
1382,2014,M,17.4
1382,2018,M,17.5
1382,2022,M,18.3
1382,1973,C,39.7
1382,1976,C,39.3
1382,1979,C,33.4
1382,1982,C,29.6
1382,1985,C,27.0
1382,1988,C,27.5
1382,1991,C,24.0
1382,1994,C,24.7
1382,1998,C,21.5
1382,2002,C,20.2
1382,2006,C,22.3
1382,2010,C,21.6
1382,2014,C,18.4
1382,2018,C,19.6
1382,2022,C,16.0
1382,1973,L,5.6
1382,1976,L,6.6
1382,1979,L,7.6
1382,1982,L,3.9
1382,1985,L,9.0
1382,1988,L,7.2
1382,1991,L,5.6
1382,1994,L,3.5
1382,1998,L,3.8
1382,2002,L,8.4
1382,2006,L,5.3
1382,2010,L,5.7
1382,2014,L,4.9
1382,2018,L,4.9
1382,2022,L,3.2
1382,1973,KD,0.0
1382,1979,KD,1.4
1382,1982,KD,2.0
1382,1985,KD,1.5
1382,1988,KD,1.7
1382,1991,KD,5.2
1382,1994,KD,2.8
1382,1998,KD,7.2
1382,2002,KD,5.6
1382,2006,KD,4.5
1382,2010,KD,3.2
1382,2014,KD,3.2
1382,2018,KD,4.7
1382,2022,KD,4.8
1382,1982,MP,2.6
1382,1985,MP,3.1
1382,1988,MP,6.1
1382,1991,MP,2.8
1382,1994,MP,4.5
1382,1998,MP,3.8
1382,2002,MP,3.3
1382,2006,MP,3.2
1382,2010,MP,5.1
1382,2014,MP,5.3
1382,2018,MP,2.7
1382,2022,MP,2.8
1382,1973,S,31.0
1382,1976,S,32.9
1382,1979,S,33.3
1382,1982,S,35.8
1382,1985,S,35.2
1382,1988,S,36.1
1382,1991,S,29.6
1382,1994,S,35.2
1382,1998,S,29.8
1382,2002,S,31.5
1382,2006,S,33.4
1382,2010,S,31.4
1382,2014,S,34.8
1382,2018,S,33.6
1382,2022,S,34.4
1382,1973,V,1.0
1382,1976,V,1.0
1382,1979,V,1.9
1382,1982,V,1.4
1382,1985,V,1.7
1382,1988,V,1.8
1382,1991,V,1.7
1382,1994,V,2.3
1382,1998,V,5.2
1382,2002,V,4.5
1382,2006,V,3.4
1382,2010,V,3.7
1382,2014,V,4.6
1382,2018,V,4.3
1382,2022,V,4.3
1382,2002,SD,0.0
1382,2006,SD,3.1
1382,2010,SD,5.0
1382,2014,SD,11.0
1382,2018,SD,12.4
1382,2022,SD,16.0
1382,1973,ÖVRIGA,9.7
1382,1976,ÖVRIGA,6.6
1382,1979,ÖVRIGA,7.0
1382,1982,ÖVRIGA,6.8
1382,1985,ÖVRIGA,4.8
1382,1988,ÖVRIGA,5.4
1382,1991,ÖVRIGA,13.6
1382,1994,ÖVRIGA,12.2
1382,1998,ÖVRIGA,12.3
1382,2002,ÖVRIGA,13.8
1382,2006,ÖVRIGA,6.6
1382,2010,ÖVRIGA,3.1
1382,2014,ÖVRIGA,0.4
1382,2018,ÖVRIGA,0.2
1382,2022,ÖVRIGA,0.2
1383,1973,M,12.0
1383,1976,M,12.0
1383,1979,M,15.4
1383,1982,M,18.0
1383,1985,M,16.4
1383,1988,M,14.7
1383,1991,M,18.8
1383,1994,M,17.3
1383,1998,M,18.4
1383,2002,M,16.6
1383,2006,M,25.5
1383,2010,M,28.3
1383,2014,M,22.8
1383,2018,M,20.4
1383,2022,M,21.8
1383,1973,C,38.7
1383,1976,C,34.2
1383,1979,C,28.7
1383,1982,C,28.4
1383,1985,C,20.9
1383,1988,C,23.1
1383,1991,C,21.3
1383,1994,C,19.4
1383,1998,C,16.2
1383,2002,C,14.7
1383,2006,C,15.7
1383,2010,C,11.9
1383,2014,C,12.1
1383,2018,C,13.1
1383,2022,C,9.2
1383,1973,L,6.4
1383,1976,L,8.4
1383,1979,L,7.6
1383,1982,L,5.4
1383,1985,L,12.0
1383,1988,L,9.4
1383,1991,L,7.8
1383,1994,L,5.0
1383,1998,L,4.6
1383,2002,L,7.9
1383,2006,L,5.8
1383,2010,L,6.4
1383,2014,L,5.0
1383,2018,L,7.5
1383,2022,L,5.8
1383,1973,KD,1.1
1383,1976,KD,1.2
1383,1979,KD,1.2
1383,1982,KD,1.5
1383,1985,KD,1.9
1383,1988,KD,2.7
1383,1991,KD,6.7
1383,1994,KD,3.8
1383,1998,KD,10.5
1383,2002,KD,7.9
1383,2006,KD,5.2
1383,2010,KD,3.8
1383,2014,KD,3.2
1383,2018,KD,5.7
1383,2022,KD,5.5
1383,1985,MP,2.1
1383,1988,MP,4.8
1383,1991,MP,2.9
1383,1994,MP,4.6
1383,1998,MP,3.1
1383,2002,MP,2.8
1383,2006,MP,3.2
1383,2010,MP,5.3
1383,2014,MP,5.7
1383,2018,MP,3.0
1383,2022,MP,1.9
1383,1973,S,30.3
1383,1976,S,32.5
1383,1979,S,31.2
1383,1982,S,35.5
1383,1985,S,36.9
1383,1988,S,36.7
1383,1991,S,33.2
1383,1994,S,41.0
1383,1998,S,31.8
1383,2002,S,35.8
1383,2006,S,34.0
1383,2010,S,31.5
1383,2014,S,32.9
1383,2018,S,28.1
1383,2022,S,30.5
1383,1973,V,1.5
1383,1976,V,1.7
1383,1979,V,2.6
1383,1982,V,2.9
1383,1985,V,4.0
1383,1988,V,4.6
1383,1991,V,4.2
1383,1994,V,6.4
1383,1998,V,9.6
1383,2002,V,7.3
1383,2006,V,5.5
1383,2010,V,4.5
1383,2014,V,4.9
1383,2018,V,5.5
1383,2022,V,4.6
1383,2002,SD,0.9
1383,2006,SD,2.9
1383,2010,SD,4.2
1383,2014,SD,9.4
1383,2018,SD,12.1
1383,2022,SD,13.8
1383,1973,ÖVRIGA,9.9
1383,1976,ÖVRIGA,10.0
1383,1979,ÖVRIGA,13.3
1383,1982,ÖVRIGA,8.2
1383,1985,ÖVRIGA,5.8
1383,1988,ÖVRIGA,3.9
1383,1991,ÖVRIGA,5.1
1383,1994,ÖVRIGA,2.5
1383,1998,ÖVRIGA,5.8
1383,2002,ÖVRIGA,6.2
1383,2006,ÖVRIGA,2.3
1383,2010,ÖVRIGA,4.2
1383,2014,ÖVRIGA,4.1
1383,2018,ÖVRIGA,4.7
1383,2022,ÖVRIGA,6.9
1384,1973,M,20.6
1384,1976,M,23.0
1384,1979,M,28.5
1384,1982,M,33.6
1384,1985,M,31.3
1384,1988,M,27.6
1384,1991,M,33.1
1384,1994,M,32.1
1384,1998,M,34.6
1384,2002,M,27.3
1384,2006,M,34.1
1384,2010,M,39.0
1384,2014,M,34.3
1384,2018,M,30.3
1384,2022,M,30.8
1384,1973,C,34.9
1384,1976,C,31.8
1384,1979,C,28.6
1384,1982,C,24.9
1384,1985,C,17.6
1384,1988,C,16.8
1384,1991,C,15.0
1384,1994,C,16.8
1384,1998,C,12.5
1384,2002,C,11.5
1384,2006,C,10.9
1384,2010,C,8.3
1384,2014,C,10.1
1384,2018,C,13.4
1384,2022,C,9.0
1384,1973,L,14.2
1384,1976,L,15.4
1384,1979,L,13.2
1384,1982,L,8.5
1384,1985,L,19.2
1384,1988,L,18.9
1384,1991,L,14.4
1384,1994,L,9.9
1384,1998,L,7.6
1384,2002,L,15.3
1384,2006,L,11.2
1384,2010,L,11.5
1384,2014,L,9.6
1384,2018,L,9.3
1384,2022,L,6.6
1384,1973,KD,0.8
1384,1976,KD,0.7
1384,1979,KD,0.7
1384,1982,KD,1.1
1384,1985,KD,0.1
1384,1988,KD,1.2
1384,1991,KD,4.5
1384,1994,KD,2.6
1384,1998,KD,10.8
1384,2002,KD,10.2
1384,2006,KD,7.9
1384,2010,KD,5.2
1384,2014,KD,4.1
1384,2018,KD,5.7
1384,2022,KD,5.8
1384,1985,MP,3.0
1384,1988,MP,6.8
1384,1991,MP,3.4
1384,1994,MP,5.3
1384,1998,MP,4.8
1384,2002,MP,3.7
1384,2006,MP,3.5
1384,2010,MP,5.9
1384,2014,MP,7.3
1384,2018,MP,4.0
1384,2022,MP,3.2
1384,1973,S,27.2
1384,1976,S,27.0
1384,1979,S,25.9
1384,1982,S,27.7
1384,1985,S,26.3
1384,1988,S,26.0
1384,1991,S,20.2
1384,1994,S,27.1
1384,1998,S,20.9
1384,2002,S,23.2
1384,2006,S,19.6
1384,2010,S,15.7
1384,2014,S,16.6
1384,2018,S,15.4
1384,2022,S,19.4
1384,1973,V,2.3
1384,1976,V,2.2
1384,1979,V,3.0
1384,1982,V,2.6
1384,1985,V,2.3
1384,1988,V,2.3
1384,1991,V,2.0
1384,1994,V,2.8
1384,1998,V,5.4
1384,2002,V,4.4
1384,2006,V,3.1
1384,2010,V,2.5
1384,2014,V,3.0
1384,2018,V,3.2
1384,2022,V,3.3
1384,2002,SD,0.9
1384,2006,SD,1.5
1384,2010,SD,3.7
1384,2014,SD,9.4
1384,2018,SD,14.4
1384,2022,SD,16.3
1384,1973,ÖVRIGA,0.1
1384,1976,ÖVRIGA,0.0
1384,1979,ÖVRIGA,0.1
1384,1982,ÖVRIGA,1.6
1384,1985,ÖVRIGA,0.1
1384,1988,ÖVRIGA,0.3
1384,1991,ÖVRIGA,7.4
1384,1994,ÖVRIGA,3.6
1384,1998,ÖVRIGA,3.4
1384,2002,ÖVRIGA,3.5
1384,2006,ÖVRIGA,8.3
1384,2010,ÖVRIGA,8.2
1384,2014,ÖVRIGA,5.5
1384,2018,ÖVRIGA,4.3
1384,2022,ÖVRIGA,5.5
1401,1973,M,15.4
1401,1976,M,15.6
1401,1979,M,20.7
1401,1982,M,25.1
1401,1985,M,23.1
1401,1988,M,19.5
1401,1991,M,24.1
1401,1994,M,22.2
1401,1998,M,25.5
1401,2002,M,18.8
1401,2006,M,26.3
1401,2010,M,29.7
1401,2014,M,27.5
1401,2018,M,23.8
1401,2022,M,23.2
1401,1973,C,23.6
1401,1976,C,22.6
1401,1979,C,17.5
1401,1982,C,14.8
1401,1985,C,11.5
1401,1988,C,11.1
1401,1991,C,8.0
1401,1994,C,6.7
1401,1998,C,4.5
1401,2002,C,5.0
1401,2006,C,6.7
1401,2010,C,6.0
1401,2014,C,5.9
1401,2018,C,7.9
1401,2022,C,5.9
1401,1973,L,20.0
1401,1976,L,20.7
1401,1979,L,19.5
1401,1982,L,10.7
1401,1985,L,19.1
1401,1988,L,18.5
1401,1991,L,14.4
1401,1994,L,10.4
1401,1998,L,8.7
1401,2002,L,17.1
1401,2006,L,12.4
1401,2010,L,11.6
1401,2014,L,8.0
1401,2018,L,8.3
1401,2022,L,4.8
1401,1973,KD,0.7
1401,1976,KD,0.6
1401,1979,KD,0.8
1401,1982,KD,1.2
1401,1985,KD,0.1
1401,1988,KD,2.2
1401,1991,KD,5.8
1401,1994,KD,2.8
1401,1998,KD,9.6
1401,2002,KD,6.8
1401,2006,KD,5.7
1401,2010,KD,3.5
1401,2014,KD,3.1
1401,2018,KD,3.8
1401,2022,KD,3.4
1401,1985,MP,1.2
1401,1988,MP,8.8
1401,1991,MP,5.7
1401,1994,MP,7.4
1401,1998,MP,7.1
1401,2002,MP,6.1
1401,2006,MP,6.1
1401,2010,MP,8.4
1401,2014,MP,8.9
1401,2018,MP,6.9
1401,2022,MP,5.5
1401,1973,S,35.5
1401,1976,S,35.8
1401,1979,S,35.3
1401,1982,S,37.3
1401,1985,S,35.5
1401,1988,S,35.0
1401,1991,S,31.1
1401,1994,S,38.6
1401,1998,S,32.8
1401,2002,S,32.2
1401,2006,S,28.7
1401,2010,S,21.9
1401,2014,S,22.4
1401,2018,S,19.4
1401,2022,S,27.9
1401,1973,V,4.7
1401,1976,V,4.6
1401,1979,V,5.5
1401,1982,V,4.9
1401,1985,V,4.5
1401,1988,V,4.6
1401,1991,V,3.8
1401,1994,V,4.9
1401,1998,V,8.7
1401,2002,V,6.4
1401,2006,V,4.8
1401,2010,V,4.3
1401,2014,V,4.9
1401,2018,V,4.6
1401,2022,V,5.0
1401,2002,SD,0.0
1401,2006,SD,2.2
1401,2010,SD,4.6
1401,2014,SD,9.3
1401,2018,SD,14.2
1401,2022,SD,17.3
1401,1973,ÖVRIGA,0.2
1401,1976,ÖVRIGA,0.1
1401,1979,ÖVRIGA,0.8
1401,1982,ÖVRIGA,6.0
1401,1985,ÖVRIGA,5.0
1401,1988,ÖVRIGA,0.2
1401,1991,ÖVRIGA,7.1
1401,1994,ÖVRIGA,6.9
1401,1998,ÖVRIGA,3.0
1401,2002,ÖVRIGA,7.5
1401,2006,ÖVRIGA,7.1
1401,2010,ÖVRIGA,9.9
1401,2014,ÖVRIGA,10.0
1401,2018,ÖVRIGA,11.1
1401,2022,ÖVRIGA,7.1
1402,1973,M,15.1
1402,1976,M,17.2
1402,1979,M,23.9
1402,1982,M,28.2
1402,1985,M,20.0
1402,1988,M,17.7
1402,1991,M,24.3
1402,1994,M,21.7
1402,1998,M,22.5
1402,2002,M,17.4
1402,2006,M,26.8
1402,2010,M,32.1
1402,2014,M,28.0
1402,2018,M,26.0
1402,2022,M,27.3
1402,1973,C,17.7
1402,1976,C,17.5
1402,1979,C,12.9
1402,1982,C,9.7
1402,1985,C,7.4
1402,1988,C,7.5
1402,1991,C,6.8
1402,1994,C,5.0
1402,1998,C,2.3
1402,2002,C,2.8
1402,2006,C,4.0
1402,2010,C,3.6
1402,2014,C,3.8
1402,2018,C,8.7
1402,2022,C,6.8
1402,1973,L,22.9
1402,1976,L,19.9
1402,1979,L,18.6
1402,1982,L,12.1
1402,1985,L,26.1
1402,1988,L,21.9
1402,1991,L,16.2
1402,1994,L,13.0
1402,1998,L,10.0
1402,2002,L,16.9
1402,2006,L,12.3
1402,2010,L,10.6
1402,2014,L,9.4
1402,2018,L,6.4
1402,2022,L,5.2
1402,1973,KD,1.5
1402,1976,KD,1.3
1402,1979,KD,1.3
1402,1982,KD,2.4
1402,1985,KD,2.2
1402,1988,KD,3.5
1402,1991,KD,8.4
1402,1994,KD,5.3
1402,1998,KD,13.2
1402,2002,KD,10.3
1402,2006,KD,7.2
1402,2010,KD,4.8
1402,2014,KD,4.3
1402,2018,KD,6.7
1402,2022,KD,5.5
1402,1985,MP,3.0
1402,1988,MP,10.3
1402,1991,MP,5.4
1402,1994,MP,7.7
1402,1998,MP,6.6
1402,2002,MP,7.4
1402,2006,MP,7.7
1402,2010,MP,10.3
1402,2014,MP,10.5
1402,2018,MP,7.1
1402,2022,MP,6.7
1402,1973,S,35.8
1402,1976,S,37.7
1402,1979,S,35.9
1402,1982,S,39.1
1402,1985,S,31.4
1402,1988,S,31.1
1402,1991,S,28.3
1402,1994,S,37.3
1402,1998,S,29.0
1402,2002,S,30.9
1402,2006,S,29.6
1402,2010,S,25.5
1402,2014,S,25.5
1402,2018,S,21.0
1402,2022,S,25.3
1402,1973,V,6.6
1402,1976,V,5.9
1402,1979,V,6.7
1402,1982,V,6.7
1402,1985,V,8.7
1402,1988,V,7.7
1402,1991,V,5.5
1402,1994,V,7.4
1402,1998,V,12.1
1402,2002,V,9.5
1402,2006,V,6.7
1402,2010,V,5.6
1402,2014,V,7.2
1402,2018,V,10.1
1402,2022,V,8.5
1402,2002,SD,0.0
1402,2006,SD,1.9
1402,2010,SD,5.1
1402,2014,SD,9.0
1402,2018,SD,13.7
1402,2022,SD,14.1
1402,1973,ÖVRIGA,0.4
1402,1976,ÖVRIGA,0.6
1402,1979,ÖVRIGA,0.8
1402,1982,ÖVRIGA,1.7
1402,1985,ÖVRIGA,1.2
1402,1988,ÖVRIGA,0.3
1402,1991,ÖVRIGA,5.1
1402,1994,ÖVRIGA,2.6
1402,1998,ÖVRIGA,4.2
1402,2002,ÖVRIGA,4.8
1402,2006,ÖVRIGA,3.8
1402,2010,ÖVRIGA,2.5
1402,2014,ÖVRIGA,2.5
1402,2018,ÖVRIGA,0.5
1402,2022,ÖVRIGA,0.5
1407,1973,M,27.1
1407,1976,M,27.0
1407,1979,M,27.0
1407,1982,M,34.4
1407,1985,M,32.8
1407,1988,M,29.8
1407,1991,M,27.6
1407,1994,M,27.0
1407,1998,M,28.5
1407,2002,M,26.3
1407,2006,M,28.7
1407,2010,M,31.4
1407,2014,M,27.2
1407,2018,M,20.8
1407,2022,M,20.2
1407,1973,C,18.1
1407,1976,C,16.4
1407,1979,C,14.1
1407,1982,C,7.6
1407,1985,C,4.3
1407,1988,C,4.0
1407,1991,C,3.0
1407,1994,C,2.3
1407,1998,C,2.0
1407,2002,C,1.7
1407,2006,C,0.8
1407,2010,C,1.6
1407,2014,C,1.1
1407,2018,C,2.0
1407,2022,C,1.8
1407,1973,L,21.8
1407,1976,L,18.6
1407,1979,L,17.4
1407,1982,L,11.2
1407,1985,L,15.9
1407,1988,L,13.5
1407,1991,L,10.5
1407,1994,L,8.1
1407,1998,L,6.2
1407,2002,L,10.2
1407,2006,L,10.1
1407,2010,L,15.3
1407,2014,L,10.4
1407,2018,L,8.8
1407,2022,L,6.2
1407,1973,KD,10.5
1407,1976,KD,11.2
1407,1979,KD,11.5
1407,1982,KD,13.4
1407,1985,KD,12.9
1407,1988,KD,14.7
1407,1991,KD,20.1
1407,1994,KD,16.9
1407,1998,KD,23.2
1407,2002,KD,24.4
1407,2006,KD,23.0
1407,2010,KD,17.3
1407,2014,KD,21.0
1407,2018,KD,27.6
1407,2022,KD,24.7
1407,1982,MP,4.7
1407,1985,MP,2.9
1407,1988,MP,7.8
1407,1991,MP,9.0
1407,1994,MP,9.0
1407,1998,MP,6.0
1407,2002,MP,4.8
1407,2006,MP,6.9
1407,2010,MP,7.4
1407,2014,MP,7.6
1407,2018,MP,7.1
1407,2022,MP,5.4
1407,1973,S,20.1
1407,1976,S,26.4
1407,1979,S,26.3
1407,1982,S,28.1
1407,1985,S,30.9
1407,1988,S,29.6
1407,1991,S,26.3
1407,1994,S,33.2
1407,1998,S,27.9
1407,2002,S,27.4
1407,2006,S,25.4
1407,2010,S,21.5
1407,2014,S,22.3
1407,2018,S,18.4
1407,2022,S,21.0
1407,1973,V,2.2
1407,1976,V,0.4
1407,1985,V,0.4
1407,1988,V,0.5
1407,1991,V,1.2
1407,1994,V,1.7
1407,1998,V,5.6
1407,2002,V,4.5
1407,2006,V,3.6
1407,2010,V,3.3
1407,2014,V,4.0
1407,2018,V,4.1
1407,2022,V,4.4
1407,2002,SD,0.0
1407,2006,SD,1.3
1407,2010,SD,2.0
1407,2014,SD,6.1
1407,2018,SD,10.6
1407,2022,SD,12.7
1407,1973,ÖVRIGA,0.1
1407,1976,ÖVRIGA,0.0
1407,1979,ÖVRIGA,3.6
1407,1982,ÖVRIGA,0.6
1407,1985,ÖVRIGA,0.0
1407,1988,ÖVRIGA,0.1
1407,1991,ÖVRIGA,2.3
1407,1994,ÖVRIGA,1.7
1407,1998,ÖVRIGA,0.5
1407,2002,ÖVRIGA,0.6
1407,2006,ÖVRIGA,0.2
1407,2010,ÖVRIGA,0.3
1407,2014,ÖVRIGA,0.5
1407,2018,ÖVRIGA,0.7
1407,2022,ÖVRIGA,3.6
1415,1973,M,11.6
1415,1976,M,13.0
1415,1979,M,19.5
1415,1982,M,24.0
1415,1985,M,19.9
1415,1988,M,16.5
1415,1991,M,23.9
1415,1994,M,21.6
1415,1998,M,22.8
1415,2002,M,18.4
1415,2006,M,24.3
1415,2010,M,30.4
1415,2014,M,29.2
1415,2018,M,25.0
1415,2022,M,24.2
1415,1973,C,29.1
1415,1976,C,27.5
1415,1979,C,23.0
1415,1982,C,21.5
1415,1985,C,17.1
1415,1988,C,17.7
1415,1991,C,13.3
1415,1994,C,10.5
1415,1998,C,6.8
1415,2002,C,6.7
1415,2006,C,8.4
1415,2010,C,7.6
1415,2014,C,6.3
1415,2018,C,6.8
1415,2022,C,5.7
1415,1973,L,14.4
1415,1976,L,14.3
1415,1979,L,13.5
1415,1982,L,8.5
1415,1985,L,17.6
1415,1988,L,15.8
1415,1991,L,13.4
1415,1994,L,11.0
1415,1998,L,10.5
1415,2002,L,16.6
1415,2006,L,12.5
1415,2010,L,11.3
1415,2014,L,8.0
1415,2018,L,7.2
1415,2022,L,4.7
1415,1973,KD,0.0
1415,1976,KD,0.6
1415,1982,KD,1.7
1415,1985,KD,1.3
1415,1988,KD,2.4
1415,1991,KD,6.7
1415,1994,KD,3.5
1415,1998,KD,11.7
1415,2002,KD,9.4
1415,2006,KD,6.2
1415,2010,KD,4.7
1415,2014,KD,3.8
1415,2018,KD,5.3
1415,2022,KD,5.5
1415,1985,MP,3.5
1415,1988,MP,8.7
1415,1991,MP,5.8
1415,1994,MP,7.5
1415,1998,MP,4.9
1415,2002,MP,2.7
1415,2006,MP,4.2
1415,2010,MP,7.4
1415,2014,MP,7.1
1415,2018,MP,4.1
1415,2022,MP,3.0
1415,1973,S,34.2
1415,1976,S,35.8
1415,1979,S,35.5
1415,1982,S,39.6
1415,1985,S,36.9
1415,1988,S,35.5
1415,1991,S,29.4
1415,1994,S,39.3
1415,1998,S,33.1
1415,2002,S,36.0
1415,2006,S,34.5
1415,2010,S,30.7
1415,2014,S,31.6
1415,2018,S,27.2
1415,2022,S,27.2
1415,1973,V,3.4
1415,1976,V,2.9
1415,1979,V,3.9
1415,1982,V,3.9
1415,1985,V,3.5
1415,1988,V,3.1
1415,1991,V,2.8
1415,1994,V,4.7
1415,1998,V,9.5
1415,2002,V,7.2
1415,2006,V,5.1
1415,2010,V,3.7
1415,2014,V,4.4
1415,2018,V,5.2
1415,2022,V,5.3
1415,2002,SD,0.0
1415,2006,SD,1.7
1415,2010,SD,2.9
1415,2014,SD,9.2
1415,2018,SD,13.2
1415,2022,SD,16.7
1415,1973,ÖVRIGA,7.3
1415,1976,ÖVRIGA,6.0
1415,1979,ÖVRIGA,4.7
1415,1982,ÖVRIGA,0.8
1415,1985,ÖVRIGA,0.1
1415,1988,ÖVRIGA,0.2
1415,1991,ÖVRIGA,4.6
1415,1994,ÖVRIGA,1.9
1415,1998,ÖVRIGA,0.8
1415,2002,ÖVRIGA,3.0
1415,2006,ÖVRIGA,3.1
1415,2010,ÖVRIGA,1.1
1415,2014,ÖVRIGA,0.6
1415,2018,ÖVRIGA,6.0
1415,2022,ÖVRIGA,7.7
1419,1973,M,14.0
1419,1976,M,16.5
1419,1979,M,20.4
1419,1982,M,23.9
1419,1985,M,20.7
1419,1988,M,13.7
1419,1991,M,19.6
1419,1994,M,17.1
1419,1998,M,14.8
1419,2002,M,11.6
1419,2006,M,15.8
1419,2010,M,22.0
1419,2014,M,21.3
1419,2018,M,19.8
1419,2022,M,14.8
1419,1973,C,18.9
1419,1976,C,20.9
1419,1979,C,18.1
1419,1982,C,16.2
1419,1985,C,8.1
1419,1988,C,9.6
1419,1991,C,7.2
1419,1994,C,7.4
1419,1998,C,4.2
1419,2002,C,3.9
1419,2006,C,4.9
1419,2010,C,4.8
1419,2014,C,5.2
1419,2018,C,6.1
1419,2022,C,4.8
1419,1973,L,28.6
1419,1976,L,26.9
1419,1979,L,28.6
1419,1982,L,19.7
1419,1985,L,30.1
1419,1988,L,26.5
1419,1991,L,19.8
1419,1994,L,14.8
1419,1998,L,14.4
1419,2002,L,15.4
1419,2006,L,15.0
1419,2010,L,15.1
1419,2014,L,14.5
1419,2018,L,15.1
1419,2022,L,11.4
1419,1973,KD,2.6
1419,1976,KD,2.9
1419,1979,KD,3.6
1419,1982,KD,5.6
1419,1985,KD,5.1
1419,1988,KD,6.1
1419,1991,KD,8.6
1419,1994,KD,5.5
1419,1998,KD,12.8
1419,2002,KD,10.7
1419,2006,KD,10.2
1419,2010,KD,8.1
1419,2014,KD,7.0
1419,2018,KD,7.9
1419,2022,KD,12.3
1419,1982,MP,1.5
1419,1985,MP,3.5
1419,1988,MP,8.4
1419,1991,MP,3.2
1419,1994,MP,4.1
1419,1998,MP,3.0
1419,2002,MP,3.0
1419,2006,MP,3.4
1419,2010,MP,4.4
1419,2014,MP,5.9
1419,2018,MP,3.7
1419,2022,MP,3.5
1419,1973,S,17.9
1419,1976,S,20.6
1419,1979,S,20.7
1419,1982,S,24.1
1419,1985,S,23.2
1419,1988,S,22.1
1419,1991,S,26.8
1419,1994,S,38.5
1419,1998,S,32.6
1419,2002,S,33.0
1419,2006,S,29.4
1419,2010,S,30.3
1419,2014,S,29.9
1419,2018,S,21.0
1419,2022,S,24.7
1419,1973,V,0.1
1419,1976,V,0.3
1419,1979,V,1.6
1419,1982,V,2.2
1419,1985,V,2.3
1419,1988,V,2.2
1419,1991,V,1.2
1419,1994,V,1.1
1419,1998,V,3.5
1419,2002,V,3.0
1419,2006,V,2.3
1419,2010,V,2.0
1419,2014,V,2.5
1419,2018,V,3.7
1419,2022,V,4.4
1419,2002,SD,0.0
1419,2006,SD,1.0
1419,2010,SD,2.1
1419,2014,SD,7.3
1419,2018,SD,10.0
1419,2022,SD,11.2
1419,1973,ÖVRIGA,17.9
1419,1976,ÖVRIGA,11.8
1419,1979,ÖVRIGA,7.0
1419,1982,ÖVRIGA,6.7
1419,1985,ÖVRIGA,7.1
1419,1988,ÖVRIGA,11.4
1419,1991,ÖVRIGA,13.6
1419,1994,ÖVRIGA,11.5
1419,1998,ÖVRIGA,14.5
1419,2002,ÖVRIGA,19.5
1419,2006,ÖVRIGA,18.0
1419,2010,ÖVRIGA,11.2
1419,2014,ÖVRIGA,6.5
1419,2018,ÖVRIGA,12.6
1419,2022,ÖVRIGA,12.8
1421,1973,M,17.5
1421,1976,M,15.6
1421,1979,M,17.3
1421,1982,M,21.6
1421,1985,M,19.0
1421,1988,M,15.5
1421,1991,M,18.9
1421,1994,M,13.6
1421,1998,M,19.5
1421,2002,M,14.8
1421,2006,M,19.4
1421,2010,M,23.1
1421,2014,M,16.7
1421,2018,M,17.0
1421,2022,M,18.3
1421,1973,C,31.5
1421,1976,C,33.1
1421,1979,C,30.3
1421,1982,C,27.4
1421,1985,C,22.5
1421,1988,C,22.8
1421,1991,C,19.9
1421,1994,C,15.1
1421,1998,C,12.9
1421,2002,C,13.2
1421,2006,C,16.0
1421,2010,C,9.5
1421,2014,C,11.2
1421,2018,C,14.2
1421,2022,C,11.8
1421,1973,L,19.4
1421,1976,L,17.7
1421,1979,L,17.4
1421,1982,L,10.6
1421,1985,L,17.3
1421,1988,L,17.5
1421,1991,L,15.2
1421,1994,L,8.3
1421,1998,L,8.6
1421,2002,L,15.0
1421,2006,L,11.6
1421,2010,L,11.1
1421,2014,L,11.8
1421,2018,L,8.1
1421,2022,L,5.7
1421,1973,KD,0.0
1421,1976,KD,0.0
1421,1982,KD,2.5
1421,1985,KD,1.6
1421,1988,KD,1.8
1421,1991,KD,4.9
1421,1994,KD,1.7
1421,1998,KD,7.2
1421,2002,KD,7.1
1421,2006,KD,6.5
1421,2010,KD,3.2
1421,2014,KD,2.6
1421,2018,KD,4.0
1421,2022,KD,5.6
1421,1985,MP,2.8
1421,1988,MP,6.4
1421,1991,MP,4.1
1421,1994,MP,3.8
1421,1998,MP,5.5
1421,2002,MP,5.9
1421,2006,MP,6.0
1421,2010,MP,6.9
1421,2014,MP,9.7
1421,2018,MP,6.2
1421,2022,MP,5.1
1421,1973,S,31.3
1421,1976,S,33.3
1421,1979,S,34.1
1421,1982,S,34.8
1421,1985,S,34.3
1421,1988,S,35.2
1421,1991,S,28.5
1421,1994,S,28.1
1421,1998,S,28.1
1421,2002,S,32.3
1421,2006,S,29.3
1421,2010,S,27.1
1421,2014,S,25.7
1421,2018,S,22.8
1421,2022,S,25.0
1421,1973,V,0.1
1421,1976,V,0.3
1421,1979,V,0.0
1421,1982,V,2.8
1421,1985,V,2.5
1421,1988,V,0.5
1421,1991,V,4.6
1421,1994,V,5.3
1421,1998,V,9.5
1421,2002,V,6.7
1421,2006,V,3.9
1421,2010,V,3.0
1421,2014,V,4.5
1421,2018,V,5.5
1421,2022,V,6.0
1421,2002,SD,0.0
1421,2006,SD,1.8
1421,2010,SD,2.3
1421,2014,SD,9.7
1421,2018,SD,13.5
1421,2022,SD,14.7
1421,1973,ÖVRIGA,0.2
1421,1979,ÖVRIGA,0.8
1421,1982,ÖVRIGA,0.3
1421,1985,ÖVRIGA,0.0
1421,1988,ÖVRIGA,0.3
1421,1991,ÖVRIGA,3.9
1421,1994,ÖVRIGA,24.2
1421,1998,ÖVRIGA,8.7
1421,2002,ÖVRIGA,5.1
1421,2006,ÖVRIGA,5.4
1421,2010,ÖVRIGA,13.9
1421,2014,ÖVRIGA,8.1
1421,2018,ÖVRIGA,8.8
1421,2022,ÖVRIGA,7.8
1427,1973,M,9.2
1427,1976,M,11.6
1427,1979,M,15.5
1427,1982,M,17.0
1427,1985,M,13.4
1427,1988,M,11.7
1427,1991,M,17.0
1427,1994,M,18.8
1427,1998,M,22.8
1427,2002,M,22.3
1427,2006,M,30.6
1427,2010,M,36.6
1427,2014,M,36.5
1427,2018,M,37.4
1427,2022,M,25.4
1427,1973,C,21.2
1427,1976,C,21.8
1427,1979,C,18.9
1427,1982,C,18.3
1427,1985,C,13.1
1427,1988,C,13.1
1427,1991,C,12.2
1427,1994,C,8.1
1427,1998,C,4.7
1427,2002,C,5.2
1427,2006,C,5.5
1427,2010,C,4.5
1427,2014,C,6.1
1427,2018,C,10.7
1427,2022,C,4.9
1427,1973,L,23.3
1427,1976,L,18.9
1427,1979,L,17.3
1427,1982,L,12.6
1427,1985,L,13.4
1427,1988,L,15.4
1427,1991,L,12.4
1427,1994,L,10.9
1427,1998,L,8.2
1427,2002,L,12.7
1427,2006,L,13.4
1427,2010,L,10.6
1427,2014,L,8.4
1427,2018,L,7.6
1427,2022,L,7.2
1427,1973,KD,0.1
1427,1976,KD,1.1
1427,1979,KD,1.6
1427,1982,KD,2.6
1427,1985,KD,1.8
1427,1988,KD,3.0
1427,1991,KD,4.4
1427,1994,KD,2.7
1427,1998,KD,7.5
1427,2002,KD,6.0
1427,2006,KD,7.2
1427,2010,KD,5.9
1427,2014,KD,3.5
1427,2018,KD,3.4
1427,2022,KD,3.8
1427,1985,MP,1.0
1427,1988,MP,1.8
1427,1991,MP,2.6
1427,1994,MP,4.9
1427,1998,MP,3.5
1427,2002,MP,3.2
1427,2006,MP,3.4
1427,2010,MP,3.5
1427,2014,MP,4.3
1427,2018,MP,3.0
1427,2022,MP,2.4
1427,1973,S,46.0
1427,1976,S,46.4
1427,1979,S,46.0
1427,1982,S,45.1
1427,1985,S,38.3
1427,1988,S,39.6
1427,1991,S,34.6
1427,1994,S,42.9
1427,1998,S,38.7
1427,2002,S,39.1
1427,2006,S,31.3
1427,2010,S,30.3
1427,2014,S,31.4
1427,2018,S,25.6
1427,2022,S,27.8
1427,1973,V,0.3
1427,1976,V,0.3
1427,1979,V,0.0
1427,1982,V,3.3
1427,1985,V,2.5
1427,1988,V,2.3
1427,1991,V,2.0
1427,1994,V,2.6
1427,1998,V,4.5
1427,2002,V,3.1
1427,2006,V,1.5
1427,2010,V,3.3
1427,2014,V,3.3
1427,2018,V,3.4
1427,2022,V,2.4
1427,2002,SD,0.0
1427,2006,SD,0.6
1427,2010,SD,1.5
1427,2014,SD,6.2
1427,2018,SD,8.6
1427,2022,SD,8.6
1427,1973,ÖVRIGA,0.0
1427,1976,ÖVRIGA,0.0
1427,1979,ÖVRIGA,0.5
1427,1982,ÖVRIGA,1.0
1427,1985,ÖVRIGA,16.4
1427,1988,ÖVRIGA,13.0
1427,1991,ÖVRIGA,14.8
1427,1994,ÖVRIGA,9.2
1427,1998,ÖVRIGA,9.9
1427,2002,ÖVRIGA,8.4
1427,2006,ÖVRIGA,6.5
1427,2010,ÖVRIGA,3.9
1427,2014,ÖVRIGA,0.3
1427,2018,ÖVRIGA,0.3
1427,2022,ÖVRIGA,17.5
1430,1973,M,12.2
1430,1976,M,11.4
1430,1979,M,13.1
1430,1982,M,15.2
1430,1985,M,15.3
1430,1988,M,11.7
1430,1991,M,13.0
1430,1994,M,15.1
1430,1998,M,16.1
1430,2002,M,11.1
1430,2006,M,13.8
1430,2010,M,19.0
1430,2014,M,17.8
1430,2018,M,19.3
1430,2022,M,15.3
1430,1973,C,33.7
1430,1976,C,35.0
1430,1979,C,32.1
1430,1982,C,28.8
1430,1985,C,25.3
1430,1988,C,24.4
1430,1991,C,23.6
1430,1994,C,18.8
1430,1998,C,15.0
1430,2002,C,22.2
1430,2006,C,20.9
1430,2010,C,19.7
1430,2014,C,16.8
1430,2018,C,12.5
1430,2022,C,9.3
1430,1973,L,11.0
1430,1976,L,9.7
1430,1979,L,9.2
1430,1982,L,6.5
1430,1985,L,10.3
1430,1988,L,9.0
1430,1991,L,6.3
1430,1994,L,4.1
1430,1998,L,3.3
1430,2002,L,5.5
1430,2006,L,5.1
1430,2010,L,4.0
1430,2014,L,3.0
1430,2018,L,6.9
1430,2022,L,2.0
1430,1973,KD,1.1
1430,1976,KD,1.3
1430,1979,KD,2.1
1430,1982,KD,2.6
1430,1985,KD,2.5
1430,1988,KD,3.3
1430,1991,KD,6.1
1430,1994,KD,3.1
1430,1998,KD,9.2
1430,2002,KD,11.1
1430,2006,KD,9.6
1430,2010,KD,7.7
1430,2014,KD,4.6
1430,2018,KD,4.9
1430,2022,KD,7.6
1430,1985,MP,3.4
1430,1988,MP,5.7
1430,1991,MP,3.5
1430,1994,MP,7.6
1430,1998,MP,4.5
1430,2002,MP,2.8
1430,2006,MP,3.1
1430,2010,MP,4.1
1430,2014,MP,3.4
1430,2018,MP,2.7
1430,2022,MP,1.9
1430,1973,S,37.0
1430,1976,S,35.8
1430,1979,S,37.7
1430,1982,S,39.8
1430,1985,S,38.8
1430,1988,S,39.0
1430,1991,S,33.7
1430,1994,S,43.5
1430,1998,S,32.7
1430,2002,S,33.9
1430,2006,S,33.6
1430,2010,S,31.2
1430,2014,S,31.5
1430,2018,S,22.9
1430,2022,S,24.2
1430,1973,V,1.5
1430,1976,V,2.7
1430,1979,V,0.7
1430,1985,V,0.7
1430,1988,V,0.7
1430,1991,V,0.5
1430,1994,V,1.1
1430,1998,V,11.1
1430,2002,V,6.9
1430,2006,V,6.0
1430,2010,V,5.1
1430,2014,V,7.0
1430,2018,V,5.7
1430,2022,V,5.4
1430,2002,SD,0.0
1430,2006,SD,2.3
1430,2010,SD,4.8
1430,2014,SD,15.5
1430,2018,SD,24.8
1430,2022,SD,32.6
1430,1973,ÖVRIGA,3.5
1430,1976,ÖVRIGA,4.1
1430,1979,ÖVRIGA,5.0
1430,1982,ÖVRIGA,7.3
1430,1985,ÖVRIGA,3.7
1430,1988,ÖVRIGA,6.2
1430,1991,ÖVRIGA,13.3
1430,1994,ÖVRIGA,6.6
1430,1998,ÖVRIGA,8.2
1430,2002,ÖVRIGA,6.5
1430,2006,ÖVRIGA,5.6
1430,2010,ÖVRIGA,4.4
1430,2014,ÖVRIGA,0.3
1430,2018,ÖVRIGA,0.3
1430,2022,ÖVRIGA,1.7
1435,1973,M,15.5
1435,1976,M,17.2
1435,1979,M,17.6
1435,1982,M,19.0
1435,1985,M,18.5
1435,1988,M,18.3
1435,1991,M,20.6
1435,1994,M,17.2
1435,1998,M,18.2
1435,2002,M,15.8
1435,2006,M,21.0
1435,2010,M,23.3
1435,2014,M,22.5
1435,2018,M,29.4
1435,2022,M,31.5
1435,1973,C,40.0
1435,1976,C,38.9
1435,1979,C,38.7
1435,1982,C,35.6
1435,1985,C,25.9
1435,1988,C,24.3
1435,1991,C,22.6
1435,1994,C,22.4
1435,1998,C,20.1
1435,2002,C,24.5
1435,2006,C,27.6
1435,2010,C,26.9
1435,2014,C,22.6
1435,2018,C,19.1
1435,2022,C,14.3
1435,1973,L,17.4
1435,1976,L,18.1
1435,1979,L,16.8
1435,1982,L,12.7
1435,1985,L,22.2
1435,1988,L,20.7
1435,1991,L,16.6
1435,1994,L,15.7
1435,1998,L,17.9
1435,2002,L,17.3
1435,2006,L,12.8
1435,2010,L,12.4
1435,2014,L,11.4
1435,2018,L,7.4
1435,2022,L,4.6
1435,1973,KD,0.0
1435,1976,KD,0.0
1435,1982,KD,1.8
1435,1985,KD,1.3
1435,1988,KD,1.8
1435,1991,KD,4.3
1435,1994,KD,1.7
1435,1998,KD,5.7
1435,2002,KD,6.1
1435,2006,KD,3.5
1435,2010,KD,2.4
1435,2014,KD,1.9
1435,2018,KD,2.4
1435,2022,KD,4.3
1435,1985,MP,5.9
1435,1988,MP,9.0
1435,1991,MP,6.2
1435,1994,MP,10.1
1435,1998,MP,7.5
1435,2002,MP,1.0
1435,2006,MP,0.4
1435,2010,MP,1.0
1435,2014,MP,7.4
1435,2018,MP,3.4
1435,2022,MP,3.3
1435,1973,S,26.9
1435,1976,S,25.6
1435,1979,S,26.3
1435,1982,S,28.3
1435,1985,S,25.1
1435,1988,S,25.4
1435,1991,S,21.8
1435,1994,S,29.1
1435,1998,S,23.1
1435,2002,S,24.8
1435,2006,S,21.0
1435,2010,S,19.1
1435,2014,S,22.5
1435,2018,S,21.4
1435,2022,S,22.9
1435,1973,V,0.2
1435,1976,V,0.3
1435,1985,V,0.3
1435,1988,V,0.4
1435,1991,V,0.5
1435,1994,V,0.8
1435,1998,V,7.0
1435,2002,V,1.0
1435,2006,V,0.2
1435,2010,V,0.4
1435,2014,V,4.0
1435,2018,V,4.3
1435,2022,V,5.1
1435,2002,SD,0.0
1435,2006,SD,1.2
1435,2010,SD,2.4
1435,2014,SD,7.1
1435,2018,SD,10.9
1435,2022,SD,13.7
1435,1973,ÖVRIGA,0.1
1435,1976,ÖVRIGA,0.0
1435,1979,ÖVRIGA,0.6
1435,1982,ÖVRIGA,2.6
1435,1985,ÖVRIGA,0.8
1435,1988,ÖVRIGA,0.0
1435,1991,ÖVRIGA,7.5
1435,1994,ÖVRIGA,3.0
1435,1998,ÖVRIGA,0.5
1435,2002,ÖVRIGA,9.6
1435,2006,ÖVRIGA,12.2
1435,2010,ÖVRIGA,12.1
1435,2014,ÖVRIGA,0.5
1435,2018,ÖVRIGA,1.7
1435,2022,ÖVRIGA,0.3
1438,1973,M,8.2
1438,1976,M,9.3
1438,1979,M,10.7
1438,1982,M,13.9
1438,1985,M,13.3
1438,1988,M,10.8
1438,1991,M,13.3
1438,1994,M,11.3
1438,1998,M,11.0
1438,2002,M,7.2
1438,2006,M,13.5
1438,2010,M,14.3
1438,2014,M,10.9
1438,2018,M,13.0
1438,2022,M,23.5
1438,1973,C,49.2
1438,1976,C,48.7
1438,1979,C,44.7
1438,1982,C,40.7
1438,1985,C,37.5
1438,1988,C,38.0
1438,1991,C,34.8
1438,1994,C,29.0
1438,1998,C,30.8
1438,2002,C,41.1
1438,2006,C,30.0
1438,2010,C,37.2
1438,2014,C,38.9
1438,2018,C,38.7
1438,2022,C,22.3
1438,1973,L,9.2
1438,1976,L,8.8
1438,1979,L,9.0
1438,1982,L,5.7
1438,1985,L,10.1
1438,1988,L,7.4
1438,1991,L,5.3
1438,1994,L,4.3
1438,1998,L,3.6
1438,2002,L,3.9
1438,2006,L,6.1
1438,2010,L,2.6
1438,2014,L,2.2
1438,2018,L,2.2
1438,2022,L,2.0
1438,1973,KD,6.1
1438,1976,KD,6.8
1438,1979,KD,7.1
1438,1982,KD,6.9
1438,1985,KD,5.5
1438,1988,KD,5.5
1438,1991,KD,10.9
1438,1994,KD,7.3
1438,1998,KD,13.5
1438,2002,KD,11.4
1438,2006,KD,11.4
1438,2010,KD,6.6
1438,2014,KD,6.9
1438,2018,KD,6.6
1438,2022,KD,9.9
1438,1982,MP,2.5
1438,1985,MP,3.8
1438,1988,MP,7.5
1438,1991,MP,6.1
1438,1994,MP,11.4
1438,1998,MP,9.2
1438,2002,MP,5.2
1438,2006,MP,5.9
1438,2010,MP,4.1
1438,2014,MP,3.2
1438,2018,MP,0.8
1438,2022,MP,0.6
1438,1973,S,25.5
1438,1976,S,26.2
1438,1979,S,28.2
1438,1982,S,30.0
1438,1985,S,29.6
1438,1988,S,30.3
1438,1991,S,24.5
1438,1994,S,31.4
1438,1998,S,28.3
1438,2002,S,29.8
1438,2006,S,31.6
1438,2010,S,28.6
1438,2014,S,29.9
1438,2018,S,23.3
1438,2022,S,24.3
1438,1973,V,0.0
1438,1982,V,0.2
1438,1985,V,0.2
1438,1988,V,0.3
1438,1991,V,0.3
1438,1994,V,0.5
1438,1998,V,0.8
1438,2002,V,0.4
1438,2006,V,0.4
1438,2010,V,0.6
1438,2014,V,0.5
1438,2018,V,2.2
1438,2022,V,3.4
1438,2002,SD,0.0
1438,2006,SD,0.9
1438,2010,SD,2.5
1438,2014,SD,5.2
1438,2018,SD,12.9
1438,2022,SD,13.8
1438,1973,ÖVRIGA,1.7
1438,1976,ÖVRIGA,0.1
1438,1979,ÖVRIGA,0.4
1438,1985,ÖVRIGA,0.0
1438,1988,ÖVRIGA,0.2
1438,1991,ÖVRIGA,4.8
1438,1994,ÖVRIGA,4.8
1438,1998,ÖVRIGA,2.9
1438,2002,ÖVRIGA,0.9
1438,2006,ÖVRIGA,0.3
1438,2010,ÖVRIGA,3.4
1438,2014,ÖVRIGA,2.3
1438,2018,ÖVRIGA,0.2
1438,2022,ÖVRIGA,0.2
1439,1973,M,11.9
1439,1976,M,12.3
1439,1979,M,14.8
1439,1982,M,15.8
1439,1985,M,16.0
1439,1988,M,11.4
1439,1991,M,15.5
1439,1994,M,11.2
1439,1998,M,7.7
1439,2002,M,17.3
1439,2006,M,11.2
1439,2010,M,18.6
1439,2014,M,9.5
1439,2018,M,10.1
1439,2022,M,10.9
1439,1973,C,44.1
1439,1976,C,48.0
1439,1979,C,42.7
1439,1982,C,38.8
1439,1985,C,33.9
1439,1988,C,33.4
1439,1991,C,28.5
1439,1994,C,33.6
1439,1998,C,31.0
1439,2002,C,23.2
1439,2006,C,30.5
1439,2010,C,22.4
1439,2014,C,23.8
1439,2018,C,31.2
1439,2022,C,17.8
1439,1973,L,6.2
1439,1976,L,5.4
1439,1979,L,5.4
1439,1982,L,4.3
1439,1985,L,9.2
1439,1988,L,9.8
1439,1991,L,14.4
1439,1994,L,9.2
1439,1998,L,7.9
1439,2002,L,11.9
1439,2006,L,11.6
1439,2010,L,5.7
1439,2014,L,5.3
1439,2018,L,5.5
1439,2022,L,5.1
1439,1973,KD,0.6
1439,1976,KD,0.0
1439,1982,KD,1.0
1439,1985,KD,0.6
1439,1988,KD,0.6
1439,1991,KD,6.3
1439,1994,KD,2.5
1439,1998,KD,8.9
1439,2002,KD,5.6
1439,2006,KD,4.4
1439,2010,KD,8.3
1439,2014,KD,4.9
1439,2018,KD,1.1
1439,2022,KD,2.2
1439,1982,MP,1.4
1439,1985,MP,3.2
1439,1988,MP,7.0
1439,1991,MP,0.5
1439,1994,MP,1.1
1439,1998,MP,0.6
1439,2002,MP,0.6
1439,2006,MP,0.6
1439,2010,MP,2.0
1439,2014,MP,2.2
1439,2018,MP,1.1
1439,2022,MP,0.6
1439,1973,S,32.7
1439,1976,S,33.8
1439,1979,S,36.8
1439,1982,S,38.3
1439,1985,S,36.7
1439,1988,S,37.2
1439,1991,S,32.6
1439,1994,S,40.9
1439,1998,S,35.2
1439,2002,S,35.4
1439,2006,S,33.8
1439,2010,S,29.8
1439,2014,S,35.5
1439,2018,S,24.3
1439,2022,S,26.5
1439,1973,V,0.1
1439,1976,V,0.1
1439,1982,V,0.4
1439,1985,V,0.4
1439,1988,V,0.6
1439,1991,V,0.8
1439,1994,V,1.2
1439,1998,V,7.8
1439,2002,V,5.5
1439,2006,V,4.7
1439,2010,V,5.1
1439,2014,V,3.0
1439,2018,V,4.0
1439,2022,V,2.0
1439,2002,SD,0.0
1439,2006,SD,2.9
1439,2010,SD,6.7
1439,2014,SD,15.1
1439,2018,SD,22.5
1439,2022,SD,34.8
1439,1973,ÖVRIGA,4.4
1439,1976,ÖVRIGA,0.3
1439,1979,ÖVRIGA,0.3
1439,1982,ÖVRIGA,0.0
1439,1985,ÖVRIGA,0.0
1439,1988,ÖVRIGA,0.0
1439,1991,ÖVRIGA,1.3
1439,1994,ÖVRIGA,0.4
1439,1998,ÖVRIGA,0.9
1439,2002,ÖVRIGA,0.5
1439,2006,ÖVRIGA,0.3
1439,2010,ÖVRIGA,1.4
1439,2014,ÖVRIGA,0.7
1439,2018,ÖVRIGA,0.2
1439,2022,ÖVRIGA,0.1
1440,1973,M,8.2
1440,1976,M,9.0
1440,1979,M,12.8
1440,1982,M,18.0
1440,1985,M,15.9
1440,1988,M,12.1
1440,1991,M,20.7
1440,1994,M,16.8
1440,1998,M,10.6
1440,2002,M,9.0
1440,2006,M,14.8
1440,2010,M,22.4
1440,2014,M,21.1
1440,2018,M,21.1
1440,2022,M,20.5
1440,1973,C,26.5
1440,1976,C,26.5
1440,1979,C,21.9
1440,1982,C,16.9
1440,1985,C,14.6
1440,1988,C,13.8
1440,1991,C,10.6
1440,1994,C,10.2
1440,1998,C,6.4
1440,2002,C,6.3
1440,2006,C,6.8
1440,2010,C,4.8
1440,2014,C,5.0
1440,2018,C,6.6
1440,2022,C,5.2
1440,1973,L,11.8
1440,1976,L,11.9
1440,1979,L,10.7
1440,1982,L,5.6
1440,1985,L,13.5
1440,1988,L,11.7
1440,1991,L,10.5
1440,1994,L,5.6
1440,1998,L,3.9
1440,2002,L,8.5
1440,2006,L,6.1
1440,2010,L,5.7
1440,2014,L,3.3
1440,2018,L,4.7
1440,2022,L,3.2
1440,1973,KD,2.4
1440,1976,KD,2.3
1440,1979,KD,2.2
1440,1982,KD,2.3
1440,1985,KD,2.7
1440,1988,KD,3.1
1440,1991,KD,6.7
1440,1994,KD,3.6
1440,1998,KD,8.7
1440,2002,KD,8.9
1440,2006,KD,6.7
1440,2010,KD,3.9
1440,2014,KD,3.5
1440,2018,KD,4.5
1440,2022,KD,5.2
1440,1982,MP,1.2
1440,1985,MP,1.5
1440,1988,MP,6.7
1440,1991,MP,3.2
1440,1994,MP,5.2
1440,1998,MP,4.5
1440,2002,MP,3.8
1440,2006,MP,4.0
1440,2010,MP,5.1
1440,2014,MP,5.7
1440,2018,MP,3.8
1440,2022,MP,2.6
1440,1973,S,46.1
1440,1976,S,45.6
1440,1979,S,47.4
1440,1982,S,51.0
1440,1985,S,46.2
1440,1988,S,47.0
1440,1991,S,38.2
1440,1994,S,49.3
1440,1998,S,37.8
1440,2002,S,41.9
1440,2006,S,39.7
1440,2010,S,35.3
1440,2014,S,33.6
1440,2018,S,26.2
1440,2022,S,29.3
1440,1973,V,5.0
1440,1976,V,4.6
1440,1979,V,5.0
1440,1982,V,4.9
1440,1985,V,5.4
1440,1988,V,5.2
1440,1991,V,5.5
1440,1994,V,7.7
1440,1998,V,13.9
1440,2002,V,9.8
1440,2006,V,7.3
1440,2010,V,5.7
1440,2014,V,6.2
1440,2018,V,7.3
1440,2022,V,7.7
1440,2002,SD,0.0
1440,2006,SD,2.8
1440,2010,SD,5.6
1440,2014,SD,10.6
1440,2018,SD,16.9
1440,2022,SD,20.7
1440,1973,ÖVRIGA,0.0
1440,1976,ÖVRIGA,0.0
1440,1979,ÖVRIGA,0.0
1440,1982,ÖVRIGA,0.1
1440,1985,ÖVRIGA,0.1
1440,1988,ÖVRIGA,0.4
1440,1991,ÖVRIGA,4.6
1440,1994,ÖVRIGA,1.7
1440,1998,ÖVRIGA,14.1
1440,2002,ÖVRIGA,11.7
1440,2006,ÖVRIGA,11.8
1440,2010,ÖVRIGA,11.6
1440,2014,ÖVRIGA,11.0
1440,2018,ÖVRIGA,8.8
1440,2022,ÖVRIGA,5.6
1441,1973,M,14.3
1441,1976,M,19.0
1441,1979,M,24.4
1441,1982,M,28.7
1441,1985,M,22.8
1441,1988,M,15.9
1441,1991,M,21.7
1441,1994,M,22.2
1441,1998,M,25.0
1441,2002,M,24.6
1441,2006,M,34.5
1441,2010,M,32.7
1441,2014,M,25.3
1441,2018,M,27.0
1441,2022,M,26.6
1441,1973,C,16.9
1441,1976,C,23.3
1441,1979,C,18.7
1441,1982,C,15.1
1441,1985,C,10.5
1441,1988,C,11.1
1441,1991,C,7.4
1441,1994,C,6.8
1441,1998,C,6.2
1441,2002,C,4.6
1441,2006,C,6.4
1441,2010,C,6.1
1441,2014,C,7.4
1441,2018,C,9.9
1441,2022,C,6.5
1441,1973,L,15.2
1441,1976,L,18.4
1441,1979,L,17.6
1441,1982,L,9.6
1441,1985,L,21.4
1441,1988,L,16.7
1441,1991,L,11.7
1441,1994,L,8.7
1441,1998,L,8.0
1441,2002,L,14.2
1441,2006,L,9.4
1441,2010,L,10.5
1441,2014,L,9.3
1441,2018,L,9.1
1441,2022,L,7.8
1441,1973,KD,1.8
1441,1976,KD,1.8
1441,1979,KD,1.8
1441,1982,KD,3.1
1441,1985,KD,2.6
1441,1988,KD,3.1
1441,1991,KD,9.0
1441,1994,KD,4.6
1441,1998,KD,13.0
1441,2002,KD,8.9
1441,2006,KD,6.3
1441,2010,KD,4.7
1441,2014,KD,4.5
1441,2018,KD,6.1
1441,2022,KD,7.5
1441,1982,MP,4.8
1441,1985,MP,6.1
1441,1988,MP,10.3
1441,1991,MP,6.6
1441,1994,MP,10.8
1441,1998,MP,7.7
1441,2002,MP,5.7
1441,2006,MP,6.9
1441,2010,MP,9.5
1441,2014,MP,11.5
1441,2018,MP,5.7
1441,2022,MP,5.5
1441,1973,S,30.2
1441,1976,S,32.7
1441,1979,S,31.3
1441,1982,S,32.8
1441,1985,S,31.3
1441,1988,S,30.1
1441,1991,S,24.6
1441,1994,S,32.9
1441,1998,S,25.1
1441,2002,S,29.8
1441,2006,S,25.5
1441,2010,S,24.7
1441,2014,S,25.5
1441,2018,S,21.9
1441,2022,S,23.9
1441,1973,V,3.1
1441,1976,V,3.9
1441,1979,V,5.3
1441,1982,V,4.6
1441,1985,V,4.3
1441,1988,V,4.1
1441,1991,V,4.0
1441,1994,V,5.2
1441,1998,V,11.4
1441,2002,V,9.3
1441,2006,V,6.9
1441,2010,V,6.3
1441,2014,V,5.5
1441,2018,V,6.2
1441,2022,V,7.3
1441,2002,SD,1.5
1441,2006,SD,2.5
1441,2010,SD,4.8
1441,2014,SD,8.5
1441,2018,SD,13.1
1441,2022,SD,14.6
1441,1973,ÖVRIGA,18.6
1441,1976,ÖVRIGA,0.9
1441,1979,ÖVRIGA,0.9
1441,1982,ÖVRIGA,1.3
1441,1985,ÖVRIGA,0.9
1441,1988,ÖVRIGA,8.6
1441,1991,ÖVRIGA,15.0
1441,1994,ÖVRIGA,8.8
1441,1998,ÖVRIGA,3.6
1441,2002,ÖVRIGA,1.5
1441,2006,ÖVRIGA,1.6
1441,2010,ÖVRIGA,0.6
1441,2014,ÖVRIGA,2.5
1441,2018,ÖVRIGA,1.0
1441,2022,ÖVRIGA,0.3
1442,1973,M,19.7
1442,1976,M,21.5
1442,1979,M,22.2
1442,1982,M,23.9
1442,1985,M,19.6
1442,1988,M,17.2
1442,1991,M,21.1
1442,1994,M,16.3
1442,1998,M,15.0
1442,2002,M,11.3
1442,2006,M,15.4
1442,2010,M,21.0
1442,2014,M,16.6
1442,2018,M,14.5
1442,2022,M,16.3
1442,1973,C,38.4
1442,1976,C,34.9
1442,1979,C,33.1
1442,1982,C,29.9
1442,1985,C,26.2
1442,1988,C,27.1
1442,1991,C,21.4
1442,1994,C,20.9
1442,1998,C,21.2
1442,2002,C,27.3
1442,2006,C,26.8
1442,2010,C,16.5
1442,2014,C,16.9
1442,2018,C,20.8
1442,2022,C,17.2
1442,1973,L,16.2
1442,1976,L,16.4
1442,1979,L,15.4
1442,1982,L,12.6
1442,1985,L,17.4
1442,1988,L,14.9
1442,1991,L,12.2
1442,1994,L,11.3
1442,1998,L,11.2
1442,2002,L,12.1
1442,2006,L,9.8
1442,2010,L,10.0
1442,2014,L,6.2
1442,2018,L,4.4
1442,2022,L,3.6
1442,1973,KD,2.8
1442,1976,KD,3.2
1442,1979,KD,4.1
1442,1982,KD,4.3
1442,1985,KD,4.3
1442,1988,KD,5.6
1442,1991,KD,9.6
1442,1994,KD,7.2
1442,1998,KD,14.3
1442,2002,KD,15.1
1442,2006,KD,12.7
1442,2010,KD,11.0
1442,2014,KD,10.2
1442,2018,KD,13.2
1442,2022,KD,13.2
1442,1982,MP,1.8
1442,1985,MP,5.3
1442,1988,MP,7.0
1442,1991,MP,4.3
1442,1994,MP,7.3
1442,1998,MP,5.7
1442,2002,MP,3.6
1442,2006,MP,3.8
1442,2010,MP,6.3
1442,2014,MP,6.1
1442,2018,MP,5.6
1442,2022,MP,3.9
1442,1973,S,22.5
1442,1976,S,23.6
1442,1979,S,24.8
1442,1982,S,26.9
1442,1985,S,24.0
1442,1988,S,24.1
1442,1991,S,21.6
1442,1994,S,30.3
1442,1998,S,24.9
1442,2002,S,25.2
1442,2006,S,27.2
1442,2010,S,28.5
1442,2014,S,29.3
1442,2018,S,23.4
1442,2022,S,24.8
1442,1973,V,0.1
1442,1976,V,0.1
1442,1982,V,0.6
1442,1985,V,3.2
1442,1988,V,3.1
1442,1991,V,1.0
1442,1994,V,2.6
1442,1998,V,7.3
1442,2002,V,5.0
1442,2006,V,1.7
1442,2010,V,2.7
1442,2014,V,5.0
1442,2018,V,4.7
1442,2022,V,4.4
1442,2002,SD,0.0
1442,2006,SD,2.2
1442,2010,SD,3.9
1442,2014,SD,9.3
1442,2018,SD,13.1
1442,2022,SD,15.3
1442,1973,ÖVRIGA,0.3
1442,1976,ÖVRIGA,0.3
1442,1979,ÖVRIGA,0.5
1442,1982,ÖVRIGA,0.0
1442,1985,ÖVRIGA,0.0
1442,1988,ÖVRIGA,0.9
1442,1991,ÖVRIGA,8.8
1442,1994,ÖVRIGA,4.1
1442,1998,ÖVRIGA,0.5
1442,2002,ÖVRIGA,0.5
1442,2006,ÖVRIGA,0.2
1442,2010,ÖVRIGA,0.1
1442,2014,ÖVRIGA,0.4
1442,2018,ÖVRIGA,0.2
1442,2022,ÖVRIGA,1.4
1443,1994,M,22.3
1443,1998,M,22.3
1443,2002,M,23.0
1443,2006,M,30.1
1443,2010,M,35.5
1443,2014,M,23.0
1443,2018,M,16.3
1443,2022,M,18.5
1443,1994,C,11.8
1443,1998,C,11.0
1443,2002,C,11.4
1443,2006,C,10.4
1443,2010,C,7.9
1443,2014,C,7.6
1443,2018,C,8.8
1443,2022,C,5.8
1443,1994,L,4.1
1443,1998,L,1.7
1443,2002,L,5.3
1443,2006,L,4.8
1443,2010,L,4.0
1443,2014,L,2.8
1443,2018,L,4.0
1443,2022,L,3.0
1443,1994,KD,3.6
1443,1998,KD,6.5
1443,2002,KD,10.1
1443,2006,KD,6.1
1443,2010,KD,4.1
1443,2014,KD,3.8
1443,2018,KD,5.6
1443,2022,KD,6.0
1443,1994,MP,3.2
1443,1998,MP,7.7
1443,2002,MP,7.9
1443,2006,MP,3.4
1443,2010,MP,5.8
1443,2014,MP,5.8
1443,2018,MP,4.8
1443,2022,MP,3.6
1443,1994,S,40.1
1443,1998,S,31.3
1443,2002,S,36.1
1443,2006,S,35.6
1443,2010,S,34.5
1443,2014,S,30.1
1443,2018,S,23.0
1443,2022,S,25.5
1443,1994,V,0.8
1443,1998,V,1.8
1443,2002,V,5.7
1443,2006,V,6.2
1443,2010,V,1.4
1443,2014,V,3.8
1443,2018,V,3.6
1443,2022,V,4.5
1443,2002,SD,0.0
1443,2006,SD,2.9
1443,2010,SD,6.5
1443,2014,SD,15.1
1443,2018,SD,18.2
1443,2022,SD,21.2
1443,1994,ÖVRIGA,14.1
1443,1998,ÖVRIGA,17.8
1443,2002,ÖVRIGA,0.6
1443,2006,ÖVRIGA,0.5
1443,2010,ÖVRIGA,0.3
1443,2014,ÖVRIGA,7.9
1443,2018,ÖVRIGA,15.6
1443,2022,ÖVRIGA,11.8
1444,1973,M,17.8
1444,1976,M,19.3
1444,1979,M,17.6
1444,1982,M,19.4
1444,1985,M,22.0
1444,1988,M,20.9
1444,1991,M,24.9
1444,1994,M,27.0
1444,1998,M,29.5
1444,2002,M,22.6
1444,2006,M,31.1
1444,2010,M,33.5
1444,2014,M,30.1
1444,2018,M,38.8
1444,2022,M,34.8
1444,1973,C,38.4
1444,1976,C,39.3
1444,1979,C,36.3
1444,1982,C,30.9
1444,1985,C,27.5
1444,1988,C,28.6
1444,1991,C,24.2
1444,1994,C,22.3
1444,1998,C,19.1
1444,2002,C,27.3
1444,2006,C,23.7
1444,2010,C,20.6
1444,2014,C,20.5
1444,2018,C,18.5
1444,2022,C,16.9
1444,1973,L,9.8
1444,1976,L,10.1
1444,1979,L,8.7
1444,1982,L,6.3
1444,1985,L,12.3
1444,1988,L,9.4
1444,1991,L,7.2
1444,1994,L,3.3
1444,1998,L,9.3
1444,2002,L,12.9
1444,2006,L,8.3
1444,2010,L,9.2
1444,2014,L,5.7
1444,2018,L,2.7
1444,2022,L,3.9
1444,1973,KD,0.0
1444,1979,KD,1.6
1444,1982,KD,1.9
1444,1985,KD,1.6
1444,1988,KD,0.4
1444,1991,KD,1.7
1444,1994,KD,0.5
1444,1998,KD,1.3
1444,2002,KD,2.2
1444,2006,KD,3.0
1444,2010,KD,0.5
1444,2014,KD,0.7
1444,2018,KD,2.7
1444,2022,KD,2.7
1444,1985,MP,0.3
1444,1988,MP,3.3
1444,1991,MP,4.0
1444,1994,MP,7.0
1444,1998,MP,2.6
1444,2002,MP,1.2
1444,2006,MP,0.6
1444,2010,MP,1.1
1444,2014,MP,4.3
1444,2018,MP,2.8
1444,2022,MP,3.9
1444,1973,S,19.0
1444,1976,S,21.5
1444,1979,S,22.9
1444,1982,S,23.9
1444,1985,S,25.7
1444,1988,S,27.8
1444,1991,S,20.8
1444,1994,S,30.8
1444,1998,S,27.7
1444,2002,S,27.8
1444,2006,S,27.3
1444,2010,S,29.0
1444,2014,S,28.0
1444,2018,S,19.5
1444,2022,S,19.1
1444,1973,V,0.0
1444,1976,V,0.1
1444,1985,V,0.3
1444,1988,V,0.3
1444,1991,V,0.4
1444,1994,V,0.7
1444,1998,V,1.4
1444,2002,V,0.9
1444,2006,V,0.8
1444,2010,V,1.0
1444,2014,V,1.0
1444,2018,V,1.0
1444,2022,V,1.6
1444,2002,SD,0.0
1444,2006,SD,1.2
1444,2010,SD,2.4
1444,2014,SD,9.3
1444,2018,SD,13.8
1444,2022,SD,16.8
1444,1973,ÖVRIGA,15.1
1444,1976,ÖVRIGA,9.7
1444,1979,ÖVRIGA,12.9
1444,1982,ÖVRIGA,17.5
1444,1985,ÖVRIGA,10.3
1444,1988,ÖVRIGA,9.4
1444,1991,ÖVRIGA,16.8
1444,1994,ÖVRIGA,8.3
1444,1998,ÖVRIGA,9.1
1444,2002,ÖVRIGA,5.1
1444,2006,ÖVRIGA,4.0
1444,2010,ÖVRIGA,2.8
1444,2014,ÖVRIGA,0.3
1444,2018,ÖVRIGA,0.2
1444,2022,ÖVRIGA,0.3
1445,1982,M,26.3
1445,1985,M,27.5
1445,1988,M,23.0
1445,1991,M,27.3
1445,1994,M,24.5
1445,1998,M,26.7
1445,2002,M,21.1
1445,2006,M,28.1
1445,2010,M,33.2
1445,2014,M,34.5
1445,2018,M,42.9
1445,2022,M,46.8
1445,1982,C,30.5
1445,1985,C,31.2
1445,1988,C,33.6
1445,1991,C,29.4
1445,1994,C,26.7
1445,1998,C,23.4
1445,2002,C,27.5
1445,2006,C,24.6
1445,2010,C,17.7
1445,2014,C,12.4
1445,2018,C,12.0
1445,2022,C,6.8
1445,1982,L,7.6
1445,1985,L,12.6
1445,1988,L,11.3
1445,1991,L,8.9
1445,1994,L,8.4
1445,1998,L,6.1
1445,2002,L,8.2
1445,2006,L,4.5
1445,2010,L,3.7
1445,2014,L,3.4
1445,2018,L,2.3
1445,2022,L,0.4
1445,1982,KD,2.9
1445,1985,KD,2.3
1445,1988,KD,3.0
1445,1991,KD,6.1
1445,1994,KD,4.4
1445,1998,KD,9.6
1445,2002,KD,10.3
1445,2006,KD,8.5
1445,2010,KD,6.2
1445,2014,KD,4.7
1445,2018,KD,3.0
1445,2022,KD,2.5
1445,1985,MP,0.4
1445,1988,MP,1.8
1445,1991,MP,1.6
1445,1994,MP,1.7
1445,1998,MP,5.0
1445,2002,MP,3.3
1445,2006,MP,4.0
1445,2010,MP,4.5
1445,2014,MP,3.7
1445,2018,MP,2.1
1445,2022,MP,2.1
1445,1982,S,25.5
1445,1985,S,25.7
1445,1988,S,26.7
1445,1991,S,23.0
1445,1994,S,29.3
1445,1998,S,26.1
1445,2002,S,25.9
1445,2006,S,24.9
1445,2010,S,28.1
1445,2014,S,29.7
1445,2018,S,21.8
1445,2022,S,20.8
1445,1982,V,2.0
1445,1985,V,0.4
1445,1988,V,0.5
1445,1991,V,2.1
1445,1994,V,4.1
1445,1998,V,2.5
1445,2002,V,3.3
1445,2006,V,3.5
1445,2010,V,3.4
1445,2014,V,3.6
1445,2018,V,4.4
1445,2022,V,4.0
1445,2002,SD,0.0
1445,2006,SD,1.7
1445,2010,SD,3.1
1445,2014,SD,7.4
1445,2018,SD,11.4
1445,2022,SD,16.3
1445,1982,ÖVRIGA,5.3
1445,1988,ÖVRIGA,0.1
1445,1991,ÖVRIGA,1.6
1445,1994,ÖVRIGA,0.9
1445,1998,ÖVRIGA,0.5
1445,2002,ÖVRIGA,0.3
1445,2006,ÖVRIGA,0.3
1445,2010,ÖVRIGA,0.1
1445,2014,ÖVRIGA,0.4
1445,2018,ÖVRIGA,0.1
1445,2022,ÖVRIGA,0.2
1446,1973,M,10.5
1446,1976,M,10.8
1446,1979,M,13.7
1446,1982,M,17.1
1446,1985,M,16.8
1446,1988,M,11.8
1446,1991,M,16.2
1446,1994,M,14.2
1446,1998,M,17.7
1446,2002,M,13.9
1446,2006,M,14.7
1446,2010,M,15.3
1446,2014,M,12.4
1446,2018,M,15.9
1446,2022,M,21.9
1446,1973,C,28.5
1446,1976,C,28.0
1446,1979,C,23.7
1446,1982,C,20.5
1446,1985,C,17.4
1446,1988,C,22.7
1446,1991,C,20.1
1446,1994,C,17.5
1446,1998,C,13.0
1446,2002,C,19.9
1446,2006,C,24.8
1446,2010,C,25.8
1446,2014,C,22.1
1446,2018,C,20.4
1446,2022,C,15.2
1446,1973,L,9.7
1446,1976,L,9.8
1446,1979,L,10.4
1446,1982,L,7.1
1446,1985,L,14.2
1446,1988,L,10.7
1446,1991,L,10.1
1446,1994,L,7.9
1446,1998,L,8.0
1446,2002,L,9.7
1446,2006,L,8.0
1446,2010,L,9.5
1446,2014,L,8.1
1446,2018,L,8.8
1446,2022,L,7.2
1446,1973,KD,2.6
1446,1976,KD,2.9
1446,1979,KD,3.0
1446,1982,KD,3.2
1446,1985,KD,2.1
1446,1988,KD,2.4
1446,1991,KD,5.1
1446,1994,KD,3.0
1446,1998,KD,8.4
1446,2002,KD,7.7
1446,2006,KD,4.7
1446,2010,KD,3.4
1446,2014,KD,3.9
1446,2018,KD,4.6
1446,2022,KD,7.6
1446,1985,MP,0.3
1446,1988,MP,5.9
1446,1991,MP,5.1
1446,1994,MP,8.6
1446,1998,MP,6.4
1446,2002,MP,2.1
1446,2006,MP,1.9
1446,2010,MP,3.7
1446,2014,MP,3.6
1446,2018,MP,0.8
1446,2022,MP,0.5
1446,1973,S,48.4
1446,1976,S,48.3
1446,1979,S,48.8
1446,1982,S,51.5
1446,1985,S,48.9
1446,1988,S,46.2
1446,1991,S,38.3
1446,1994,S,45.1
1446,1998,S,45.0
1446,2002,S,45.1
1446,2006,S,43.3
1446,2010,S,38.7
1446,2014,S,38.1
1446,2018,S,31.1
1446,2022,S,31.3
1446,1973,V,0.0
1446,1976,V,0.2
1446,1985,V,0.3
1446,1988,V,0.2
1446,1991,V,0.4
1446,1994,V,0.4
1446,1998,V,1.3
1446,2002,V,0.8
1446,2006,V,0.8
1446,2010,V,1.6
1446,2014,V,2.9
1446,2018,V,3.6
1446,2022,V,3.1
1446,2002,SD,0.0
1446,2006,SD,1.3
1446,2010,SD,1.8
1446,2014,SD,8.6
1446,2018,SD,14.5
1446,2022,SD,12.9
1446,1973,ÖVRIGA,0.3
1446,1976,ÖVRIGA,0.0
1446,1979,ÖVRIGA,0.4
1446,1982,ÖVRIGA,0.5
1446,1988,ÖVRIGA,0.1
1446,1991,ÖVRIGA,4.7
1446,1994,ÖVRIGA,3.4
1446,1998,ÖVRIGA,0.2
1446,2002,ÖVRIGA,0.8
1446,2006,ÖVRIGA,0.2
1446,2010,ÖVRIGA,0.1
1446,2014,ÖVRIGA,0.2
1446,2018,ÖVRIGA,0.3
1446,2022,ÖVRIGA,0.2
1447,1973,M,12.8
1447,1976,M,13.3
1447,1979,M,16.4
1447,1982,M,19.2
1447,1985,M,21.0
1447,1988,M,19.5
1447,1991,M,22.0
1447,1994,M,21.1
1447,1998,M,15.4
1447,2002,M,5.3
1447,2006,M,6.4
1447,2010,M,22.7
1447,2014,M,24.5
1447,2018,M,26.8
1447,2022,M,30.5
1447,1973,C,35.4
1447,1976,C,34.4
1447,1979,C,26.6
1447,1982,C,23.0
1447,1985,C,21.0
1447,1988,C,22.8
1447,1991,C,20.0
1447,1994,C,17.6
1447,1998,C,11.3
1447,2002,C,7.4
1447,2006,C,7.4
1447,2010,C,7.9
1447,2014,C,9.6
1447,2018,C,10.0
1447,2022,C,6.3
1447,1973,L,7.2
1447,1976,L,7.0
1447,1979,L,6.8
1447,1982,L,5.3
1447,1985,L,7.9
1447,1988,L,7.5
1447,1991,L,4.4
1447,1994,L,3.4
1447,1998,L,0.3
1447,2002,L,3.4
1447,2006,L,4.8
1447,2010,L,7.5
1447,2014,L,0.3
1447,2018,L,3.8
1447,2022,L,3.5
1447,1973,KD,3.0
1447,1976,KD,3.0
1447,1979,KD,2.2
1447,1982,KD,3.2
1447,1985,KD,3.0
1447,1988,KD,0.4
1447,1991,KD,6.4
1447,1994,KD,3.6
1447,1998,KD,5.6
1447,2002,KD,3.7
1447,2006,KD,0.6
1447,2010,KD,0.7
1447,2014,KD,0.8
1447,2018,KD,0.6
1447,2022,KD,2.1
1447,1985,MP,0.6
1447,1988,MP,1.8
1447,1991,MP,2.7
1447,1994,MP,1.6
1447,1998,MP,5.0
1447,2002,MP,1.3
1447,2006,MP,1.1
1447,2010,MP,2.3
1447,2014,MP,2.0
1447,2018,MP,1.2
1447,2022,MP,1.5
1447,1973,S,41.2
1447,1976,S,41.9
1447,1979,S,45.8
1447,1982,S,46.7
1447,1985,S,44.1
1447,1988,S,47.3
1447,1991,S,37.4
1447,1994,S,47.3
1447,1998,S,28.3
1447,2002,S,30.1
1447,2006,S,34.0
1447,2010,S,48.0
1447,2014,S,43.3
1447,2018,S,33.2
1447,2022,S,32.0
1447,1973,V,0.0
1447,1976,V,0.4
1447,1979,V,2.1
1447,1982,V,2.3
1447,1985,V,2.4
1447,1988,V,0.7
1447,1991,V,3.4
1447,1994,V,4.8
1447,1998,V,9.1
1447,2002,V,4.6
1447,2006,V,1.3
1447,2010,V,0.9
1447,2014,V,1.3
1447,2018,V,4.3
1447,2022,V,4.5
1447,2002,SD,0.0
1447,2006,SD,0.9
1447,2010,SD,3.8
1447,2014,SD,7.0
1447,2018,SD,9.5
1447,2022,SD,14.1
1447,1973,ÖVRIGA,0.4
1447,1982,ÖVRIGA,0.4
1447,1991,ÖVRIGA,3.8
1447,1994,ÖVRIGA,0.5
1447,1998,ÖVRIGA,25.0
1447,2002,ÖVRIGA,44.2
1447,2006,ÖVRIGA,43.5
1447,2010,ÖVRIGA,6.2
1447,2014,ÖVRIGA,11.2
1447,2018,ÖVRIGA,10.5
1447,2022,ÖVRIGA,5.6
1452,1973,M,15.0
1452,1976,M,14.5
1452,1979,M,15.7
1452,1982,M,19.4
1452,1985,M,18.6
1452,1988,M,14.8
1452,1991,M,18.0
1452,1994,M,17.2
1452,1998,M,17.2
1452,2002,M,12.8
1452,2006,M,15.3
1452,2010,M,18.8
1452,2014,M,14.2
1452,2018,M,14.1
1452,2022,M,16.5
1452,1973,C,38.7
1452,1976,C,35.7
1452,1979,C,32.0
1452,1982,C,29.4
1452,1985,C,25.7
1452,1988,C,27.3
1452,1991,C,22.9
1452,1994,C,24.0
1452,1998,C,24.9
1452,2002,C,27.2
1452,2006,C,29.2
1452,2010,C,22.9
1452,2014,C,22.8
1452,2018,C,22.3
1452,2022,C,20.8
1452,1973,L,8.2
1452,1976,L,8.0
1452,1979,L,7.8
1452,1982,L,4.8
1452,1985,L,10.4
1452,1988,L,9.4
1452,1991,L,9.4
1452,1994,L,6.7
1452,1998,L,3.9
1452,2002,L,5.3
1452,2006,L,5.6
1452,2010,L,4.8
1452,2014,L,2.8
1452,2018,L,3.3
1452,2022,L,3.1
1452,1973,KD,0.8
1452,1976,KD,1.9
1452,1979,KD,3.8
1452,1982,KD,3.2
1452,1985,KD,3.9
1452,1988,KD,3.6
1452,1991,KD,8.2
1452,1994,KD,4.1
1452,1998,KD,8.3
1452,2002,KD,8.5
1452,2006,KD,5.6
1452,2010,KD,4.2
1452,2014,KD,4.2
1452,2018,KD,6.0
1452,2022,KD,5.9
1452,1982,MP,0.6
1452,1985,MP,0.7
1452,1988,MP,3.5
1452,1991,MP,2.2
1452,1994,MP,3.6
1452,1998,MP,4.7
1452,2002,MP,3.3
1452,2006,MP,1.2
1452,2010,MP,4.1
1452,2014,MP,5.7
1452,2018,MP,3.3
1452,2022,MP,2.9
1452,1973,S,37.0
1452,1976,S,38.7
1452,1979,S,40.0
1452,1982,S,42.0
1452,1985,S,40.1
1452,1988,S,41.0
1452,1991,S,35.5
1452,1994,S,42.9
1452,1998,S,39.6
1452,2002,S,38.7
1452,2006,S,35.8
1452,2010,S,35.8
1452,2014,S,36.1
1452,2018,S,33.4
1452,2022,S,30.2
1452,1973,V,0.2
1452,1976,V,1.3
1452,1982,V,0.6
1452,1985,V,0.5
1452,1988,V,0.5
1452,1991,V,0.4
1452,1994,V,0.8
1452,1998,V,1.2
1452,2002,V,3.6
1452,2006,V,3.6
1452,2010,V,3.2
1452,2014,V,2.8
1452,2018,V,4.0
1452,2022,V,3.9
1452,2002,SD,0.0
1452,2006,SD,3.0
1452,2010,SD,5.6
1452,2014,SD,10.8
1452,2018,SD,13.1
1452,2022,SD,16.4
1452,1973,ÖVRIGA,0.2
1452,1979,ÖVRIGA,0.6
1452,1982,ÖVRIGA,0.0
1452,1985,ÖVRIGA,0.0
1452,1988,ÖVRIGA,0.0
1452,1991,ÖVRIGA,3.3
1452,1994,ÖVRIGA,0.8
1452,1998,ÖVRIGA,0.2
1452,2002,ÖVRIGA,0.6
1452,2006,ÖVRIGA,0.5
1452,2010,ÖVRIGA,0.6
1452,2014,ÖVRIGA,0.5
1452,2018,ÖVRIGA,0.3
1452,2022,ÖVRIGA,0.3
1460,1973,M,8.7
1460,1976,M,9.5
1460,1979,M,11.2
1460,1982,M,12.8
1460,1985,M,12.2
1460,1988,M,9.6
1460,1991,M,11.3
1460,1994,M,12.8
1460,1998,M,16.9
1460,2002,M,8.6
1460,2006,M,11.0
1460,2010,M,13.7
1460,2014,M,15.3
1460,2018,M,19.2
1460,2022,M,32.0
1460,1973,C,32.2
1460,1976,C,32.1
1460,1979,C,30.0
1460,1982,C,27.3
1460,1985,C,24.6
1460,1988,C,25.4
1460,1991,C,23.9
1460,1994,C,19.2
1460,1998,C,14.0
1460,2002,C,18.3
1460,2006,C,24.6
1460,2010,C,22.1
1460,2014,C,17.8
1460,2018,C,17.1
1460,2022,C,9.7
1460,1973,L,9.6
1460,1976,L,10.1
1460,1979,L,9.0
1460,1982,L,6.9
1460,1985,L,10.7
1460,1988,L,9.1
1460,1991,L,6.9
1460,1994,L,6.2
1460,1998,L,6.0
1460,2002,L,10.4
1460,2006,L,7.6
1460,2010,L,7.7
1460,2014,L,5.1
1460,2018,L,3.7
1460,2022,L,2.7
1460,1973,KD,3.3
1460,1976,KD,3.0
1460,1979,KD,3.2
1460,1982,KD,3.7
1460,1985,KD,3.2
1460,1988,KD,3.6
1460,1991,KD,6.6
1460,1994,KD,4.7
1460,1998,KD,7.7
1460,2002,KD,7.5
1460,2006,KD,7.6
1460,2010,KD,5.1
1460,2014,KD,3.5
1460,2018,KD,3.8
1460,2022,KD,3.6
1460,1982,MP,1.8
1460,1985,MP,2.1
1460,1988,MP,5.3
1460,1991,MP,2.6
1460,1994,MP,1.8
1460,1998,MP,1.0
1460,2002,MP,0.7
1460,2006,MP,1.1
1460,2010,MP,2.3
1460,2014,MP,2.3
1460,2018,MP,1.1
1460,2022,MP,1.2
1460,1973,S,44.4
1460,1976,S,43.2
1460,1979,S,43.1
1460,1982,S,43.9
1460,1985,S,43.5
1460,1988,S,42.5
1460,1991,S,40.3
1460,1994,S,47.1
1460,1998,S,35.8
1460,2002,S,46.5
1460,2006,S,39.2
1460,2010,S,41.7
1460,2014,S,43.6
1460,2018,S,37.1
1460,2022,S,31.7
1460,1973,V,1.7
1460,1976,V,2.1
1460,1979,V,3.4
1460,1982,V,3.6
1460,1985,V,3.7
1460,1988,V,3.8
1460,1991,V,0.5
1460,1994,V,1.5
1460,1998,V,4.7
1460,2002,V,5.9
1460,2006,V,4.7
1460,2010,V,4.5
1460,2014,V,3.5
1460,2018,V,4.3
1460,2022,V,4.3
1460,2002,SD,0.0
1460,2006,SD,1.0
1460,2010,SD,2.5
1460,2014,SD,8.4
1460,2018,SD,13.7
1460,2022,SD,14.6
1460,1973,ÖVRIGA,0.0
1460,1976,ÖVRIGA,0.0
1460,1982,ÖVRIGA,0.1
1460,1985,ÖVRIGA,0.0
1460,1988,ÖVRIGA,0.6
1460,1991,ÖVRIGA,7.8
1460,1994,ÖVRIGA,6.6
1460,1998,ÖVRIGA,13.8
1460,2002,ÖVRIGA,2.0
1460,2006,ÖVRIGA,3.1
1460,2010,ÖVRIGA,0.5
1460,2014,ÖVRIGA,0.5
1460,2018,ÖVRIGA,0.2
1460,2022,ÖVRIGA,0.2
1461,1973,M,11.9
1461,1976,M,14.1
1461,1979,M,16.5
1461,1982,M,18.3
1461,1985,M,17.6
1461,1988,M,13.6
1461,1991,M,16.3
1461,1994,M,14.1
1461,1998,M,16.3
1461,2002,M,12.9
1461,2006,M,13.7
1461,2010,M,17.2
1461,2014,M,12.3
1461,2018,M,14.1
1461,2022,M,20.4
1461,1973,C,43.7
1461,1976,C,41.9
1461,1979,C,37.4
1461,1982,C,35.2
1461,1985,C,30.7
1461,1988,C,30.5
1461,1991,C,28.3
1461,1994,C,25.8
1461,1998,C,19.3
1461,2002,C,19.1
1461,2006,C,24.6
1461,2010,C,19.8
1461,2014,C,23.5
1461,2018,C,19.1
1461,2022,C,16.1
1461,1973,L,7.1
1461,1976,L,7.6
1461,1979,L,7.3
1461,1982,L,5.2
1461,1985,L,9.4
1461,1988,L,8.8
1461,1991,L,6.5
1461,1994,L,4.8
1461,1998,L,6.2
1461,2002,L,10.9
1461,2006,L,5.4
1461,2010,L,5.8
1461,2014,L,3.6
1461,2018,L,2.6
1461,2022,L,0.9
1461,1973,KD,3.2
1461,1976,KD,3.5
1461,1979,KD,4.8
1461,1982,KD,4.3
1461,1985,KD,3.7
1461,1988,KD,4.4
1461,1991,KD,8.5
1461,1994,KD,4.3
1461,1998,KD,9.7
1461,2002,KD,12.5
1461,2006,KD,12.7
1461,2010,KD,8.2
1461,2014,KD,6.0
1461,2018,KD,5.5
1461,2022,KD,5.7
1461,1982,MP,2.6
1461,1985,MP,5.2
1461,1988,MP,8.6
1461,1991,MP,4.6
1461,1994,MP,11.0
1461,1998,MP,14.0
1461,2002,MP,3.8
1461,2006,MP,2.8
1461,2010,MP,4.3
1461,2014,MP,5.1
1461,2018,MP,2.7
1461,2022,MP,1.2
1461,1973,S,32.6
1461,1976,S,31.6
1461,1979,S,32.9
1461,1982,S,33.9
1461,1985,S,32.9
1461,1988,S,33.5
1461,1991,S,30.1
1461,1994,S,35.5
1461,1998,S,29.6
1461,2002,S,30.0
1461,2006,S,28.5
1461,2010,S,29.3
1461,2014,S,30.6
1461,2018,S,26.3
1461,2022,S,24.4
1461,1973,V,1.3
1461,1976,V,1.3
1461,1979,V,1.2
1461,1982,V,0.5
1461,1985,V,0.5
1461,1988,V,0.4
1461,1991,V,0.8
1461,1994,V,1.2
1461,1998,V,2.4
1461,2002,V,6.9
1461,2006,V,6.2
1461,2010,V,6.8
1461,2014,V,4.1
1461,2018,V,3.4
1461,2022,V,4.0
1461,2002,SD,0.0
1461,2006,SD,2.8
1461,2010,SD,5.4
1461,2014,SD,10.2
1461,2018,SD,18.9
1461,2022,SD,21.8
1461,1973,ÖVRIGA,0.0
1461,1979,ÖVRIGA,0.0
1461,1982,ÖVRIGA,0.1
1461,1988,ÖVRIGA,0.1
1461,1991,ÖVRIGA,5.0
1461,1994,ÖVRIGA,3.4
1461,1998,ÖVRIGA,2.5
1461,2002,ÖVRIGA,3.9
1461,2006,ÖVRIGA,3.3
1461,2010,ÖVRIGA,3.2
1461,2014,ÖVRIGA,4.6
1461,2018,ÖVRIGA,7.4
1461,2022,ÖVRIGA,5.5
1462,1973,M,6.9
1462,1976,M,8.3
1462,1979,M,9.9
1462,1982,M,13.6
1462,1985,M,12.9
1462,1988,M,9.1
1462,1991,M,14.2
1462,1994,M,8.3
1462,1998,M,11.2
1462,2002,M,11.3
1462,2006,M,14.9
1462,2010,M,15.8
1462,2014,M,14.7
1462,2018,M,14.0
1462,2022,M,12.5
1462,1973,C,30.2
1462,1976,C,28.6
1462,1979,C,23.9
1462,1982,C,20.9
1462,1985,C,18.5
1462,1988,C,21.2
1462,1991,C,24.0
1462,1994,C,24.1
1462,1998,C,23.0
1462,2002,C,22.5
1462,2006,C,23.0
1462,2010,C,15.7
1462,2014,C,16.1
1462,2018,C,18.4
1462,2022,C,16.3
1462,1973,L,9.4
1462,1976,L,10.0
1462,1979,L,11.8
1462,1982,L,7.0
1462,1985,L,14.0
1462,1988,L,10.7
1462,1991,L,8.3
1462,1994,L,3.3
1462,1998,L,3.8
1462,2002,L,10.7
1462,2006,L,5.9
1462,2010,L,5.6
1462,2014,L,3.8
1462,2018,L,3.0
1462,2022,L,1.6
1462,1973,KD,0.9
1462,1976,KD,1.2
1462,1979,KD,1.1
1462,1982,KD,1.5
1462,1985,KD,1.3
1462,1988,KD,2.5
1462,1991,KD,5.7
1462,1994,KD,2.6
1462,1998,KD,7.9
1462,2002,KD,6.3
1462,2006,KD,4.9
1462,2010,KD,2.8
1462,2014,KD,2.2
1462,2018,KD,2.7
1462,2022,KD,3.6
1462,1982,MP,1.3
1462,1985,MP,1.0
1462,1988,MP,5.5
1462,1991,MP,2.1
1462,1994,MP,3.2
1462,1998,MP,3.8
1462,2002,MP,4.3
1462,2006,MP,3.0
1462,2010,MP,3.9
1462,2014,MP,4.3
1462,2018,MP,2.0
1462,2022,MP,0.8
1462,1973,S,48.9
1462,1976,S,48.0
1462,1979,S,48.2
1462,1982,S,50.6
1462,1985,S,46.1
1462,1988,S,42.9
1462,1991,S,33.7
1462,1994,S,43.7
1462,1998,S,32.6
1462,2002,S,34.1
1462,2006,S,35.7
1462,2010,S,37.2
1462,2014,S,33.8
1462,2018,S,26.5
1462,2022,S,22.0
1462,1973,V,3.5
1462,1976,V,3.9
1462,1979,V,4.9
1462,1982,V,5.0
1462,1985,V,6.0
1462,1988,V,7.8
1462,1991,V,9.1
1462,1994,V,12.4
1462,1998,V,16.3
1462,2002,V,10.2
1462,2006,V,9.4
1462,2010,V,11.0
1462,2014,V,8.0
1462,2018,V,7.5
1462,2022,V,7.2
1462,2002,SD,0.0
1462,2006,SD,2.7
1462,2010,SD,7.7
1462,2014,SD,16.5
1462,2018,SD,25.5
1462,2022,SD,31.4
1462,1973,ÖVRIGA,0.2
1462,1976,ÖVRIGA,0.0
1462,1979,ÖVRIGA,0.1
1462,1982,ÖVRIGA,0.1
1462,1985,ÖVRIGA,0.0
1462,1988,ÖVRIGA,0.2
1462,1991,ÖVRIGA,3.0
1462,1994,ÖVRIGA,2.4
1462,1998,ÖVRIGA,1.4
1462,2002,ÖVRIGA,0.8
1462,2006,ÖVRIGA,0.4
1462,2010,ÖVRIGA,0.3
1462,2014,ÖVRIGA,0.5
1462,2018,ÖVRIGA,0.4
1462,2022,ÖVRIGA,4.5
1463,1973,M,17.0
1463,1976,M,15.6
1463,1979,M,17.1
1463,1982,M,18.5
1463,1985,M,17.7
1463,1988,M,13.3
1463,1991,M,16.1
1463,1994,M,13.2
1463,1998,M,13.9
1463,2002,M,10.7
1463,2006,M,16.1
1463,2010,M,18.7
1463,2014,M,16.0
1463,2018,M,17.1
1463,2022,M,20.1
1463,1973,C,29.8
1463,1976,C,29.8
1463,1979,C,26.3
1463,1982,C,23.8
1463,1985,C,22.1
1463,1988,C,21.8
1463,1991,C,20.5
1463,1994,C,19.3
1463,1998,C,15.4
1463,2002,C,15.5
1463,2006,C,14.8
1463,2010,C,10.8
1463,2014,C,11.4
1463,2018,C,16.0
1463,2022,C,11.5
1463,1973,L,4.5
1463,1976,L,5.4
1463,1979,L,6.0
1463,1982,L,3.7
1463,1985,L,8.4
1463,1988,L,7.5
1463,1991,L,6.0
1463,1994,L,4.0
1463,1998,L,3.1
1463,2002,L,7.3
1463,2006,L,4.7
1463,2010,L,6.1
1463,2014,L,4.8
1463,2018,L,5.3
1463,2022,L,2.8
1463,1973,KD,1.5
1463,1976,KD,1.8
1463,1979,KD,2.0
1463,1982,KD,2.3
1463,1985,KD,2.4
1463,1988,KD,3.7
1463,1991,KD,7.1
1463,1994,KD,3.5
1463,1998,KD,9.6
1463,2002,KD,8.1
1463,2006,KD,5.6
1463,2010,KD,5.4
1463,2014,KD,4.5
1463,2018,KD,6.6
1463,2022,KD,7.9
1463,1982,MP,1.9
1463,1985,MP,1.7
1463,1988,MP,4.6
1463,1991,MP,2.3
1463,1994,MP,3.4
1463,1998,MP,3.5
1463,2002,MP,3.0
1463,2006,MP,2.8
1463,2010,MP,4.3
1463,2014,MP,4.5
1463,2018,MP,2.5
1463,2022,MP,2.6
1463,1973,S,43.1
1463,1976,S,43.2
1463,1979,S,42.3
1463,1982,S,43.7
1463,1985,S,41.8
1463,1988,S,43.5
1463,1991,S,40.2
1463,1994,S,45.0
1463,1998,S,35.6
1463,2002,S,38.7
1463,2006,S,36.1
1463,2010,S,33.1
1463,2014,S,31.6
1463,2018,S,28.9
1463,2022,S,29.4
1463,1973,V,4.0
1463,1976,V,4.2
1463,1979,V,6.3
1463,1982,V,6.1
1463,1985,V,5.9
1463,1988,V,5.6
1463,1991,V,4.8
1463,1994,V,6.2
1463,1998,V,11.4
1463,2002,V,7.9
1463,2006,V,5.7
1463,2010,V,5.8
1463,2014,V,6.7
1463,2018,V,7.8
1463,2022,V,6.9
1463,2002,SD,0.0
1463,2006,SD,1.4
1463,2010,SD,2.6
1463,2014,SD,9.4
1463,2018,SD,15.4
1463,2022,SD,18.6
1463,1973,ÖVRIGA,0.1
1463,1976,ÖVRIGA,0.0
1463,1979,ÖVRIGA,0.0
1463,1982,ÖVRIGA,0.0
1463,1985,ÖVRIGA,0.0
1463,1988,ÖVRIGA,0.1
1463,1991,ÖVRIGA,3.0
1463,1994,ÖVRIGA,5.5
1463,1998,ÖVRIGA,7.5
1463,2002,ÖVRIGA,8.8
1463,2006,ÖVRIGA,12.7
1463,2010,ÖVRIGA,13.1
1463,2014,ÖVRIGA,11.0
1463,2018,ÖVRIGA,0.5
1463,2022,ÖVRIGA,0.4
1465,1973,M,19.0
1465,1976,M,18.9
1465,1979,M,18.9
1465,1982,M,23.3
1465,1985,M,21.2
1465,1988,M,16.2
1465,1991,M,15.1
1465,1994,M,13.9
1465,1998,M,15.7
1465,2002,M,12.0
1465,2006,M,17.4
1465,2010,M,20.5
1465,2014,M,15.2
1465,2018,M,14.6
1465,2022,M,18.7
1465,1973,C,39.6
1465,1976,C,38.6
1465,1979,C,33.7
1465,1982,C,30.1
1465,1985,C,27.4
1465,1988,C,27.0
1465,1991,C,24.3
1465,1994,C,21.4
1465,1998,C,18.8
1465,2002,C,20.6
1465,2006,C,27.4
1465,2010,C,25.8
1465,2014,C,14.8
1465,2018,C,20.6
1465,2022,C,9.7
1465,1973,L,8.2
1465,1976,L,7.7
1465,1979,L,9.9
1465,1982,L,5.9
1465,1985,L,12.1
1465,1988,L,11.2
1465,1991,L,9.0
1465,1994,L,6.8
1465,1998,L,5.4
1465,2002,L,8.5
1465,2006,L,6.7
1465,2010,L,5.7
1465,2014,L,4.4
1465,2018,L,3.2
1465,2022,L,3.2
1465,1973,KD,2.2
1465,1976,KD,2.8
1465,1979,KD,5.2
1465,1982,KD,4.8
1465,1985,KD,3.1
1465,1988,KD,3.3
1465,1991,KD,5.4
1465,1994,KD,2.9
1465,1998,KD,8.3
1465,2002,KD,9.0
1465,2006,KD,4.9
1465,2010,KD,3.1
1465,2014,KD,2.7
1465,2018,KD,3.0
1465,2022,KD,5.9
1465,1982,MP,0.5
1465,1985,MP,2.1
1465,1988,MP,7.4
1465,1991,MP,2.6
1465,1994,MP,2.6
1465,1998,MP,0.8
1465,2002,MP,3.1
1465,2006,MP,1.1
1465,2010,MP,4.0
1465,2014,MP,3.7
1465,2018,MP,2.2
1465,2022,MP,2.3
1465,1973,S,30.6
1465,1976,S,31.2
1465,1979,S,30.5
1465,1982,S,33.5
1465,1985,S,32.3
1465,1988,S,34.3
1465,1991,S,25.6
1465,1994,S,34.4
1465,1998,S,32.5
1465,2002,S,34.2
1465,2006,S,34.6
1465,2010,S,32.8
1465,2014,S,30.6
1465,2018,S,21.6
1465,2022,S,24.6
1465,1973,V,0.5
1465,1976,V,0.9
1465,1979,V,1.9
1465,1982,V,1.8
1465,1985,V,1.8
1465,1988,V,0.6
1465,1991,V,0.5
1465,1994,V,0.6
1465,1998,V,2.2
1465,2002,V,3.2
1465,2006,V,1.4
1465,2010,V,1.2
1465,2014,V,1.2
1465,2018,V,2.9
1465,2022,V,3.8
1465,2002,SD,0.0
1465,2006,SD,1.7
1465,2010,SD,6.7
1465,2014,SD,12.9
1465,2018,SD,17.1
1465,2022,SD,20.9
1465,1973,ÖVRIGA,0.0
1465,1982,ÖVRIGA,0.0
1465,1985,ÖVRIGA,0.1
1465,1988,ÖVRIGA,0.0
1465,1991,ÖVRIGA,17.6
1465,1994,ÖVRIGA,17.4
1465,1998,ÖVRIGA,16.2
1465,2002,ÖVRIGA,9.4
1465,2006,ÖVRIGA,4.8
1465,2010,ÖVRIGA,0.3
1465,2014,ÖVRIGA,14.5
1465,2018,ÖVRIGA,14.8
1465,2022,ÖVRIGA,10.9
1466,1973,M,18.2
1466,1976,M,18.5
1466,1979,M,19.0
1466,1982,M,21.6
1466,1985,M,18.9
1466,1988,M,15.5
1466,1991,M,18.9
1466,1994,M,18.4
1466,1998,M,16.1
1466,2002,M,13.8
1466,2006,M,12.9
1466,2010,M,13.0
1466,2014,M,14.1
1466,2018,M,13.8
1466,2022,M,18.1
1466,1973,C,38.8
1466,1976,C,38.0
1466,1979,C,35.7
1466,1982,C,31.0
1466,1985,C,28.0
1466,1988,C,28.8
1466,1991,C,27.4
1466,1994,C,24.8
1466,1998,C,22.1
1466,2002,C,24.3
1466,2006,C,13.9
1466,2010,C,16.9
1466,2014,C,15.5
1466,2018,C,18.2
1466,2022,C,19.0
1466,1973,L,14.1
1466,1976,L,14.6
1466,1979,L,13.3
1466,1982,L,10.2
1466,1985,L,14.6
1466,1988,L,12.7
1466,1991,L,9.9
1466,1994,L,8.6
1466,1998,L,9.5
1466,2002,L,11.4
1466,2006,L,7.4
1466,2010,L,9.8
1466,2014,L,10.5
1466,2018,L,10.1
1466,2022,L,3.9
1466,1973,KD,1.3
1466,1976,KD,1.3
1466,1979,KD,2.5
1466,1982,KD,2.9
1466,1985,KD,3.0
1466,1988,KD,3.5
1466,1991,KD,6.7
1466,1994,KD,4.1
1466,1998,KD,11.3
1466,2002,KD,9.9
1466,2006,KD,7.0
1466,2010,KD,7.6
1466,2014,KD,5.7
1466,2018,KD,7.5
1466,2022,KD,8.0
1466,1982,MP,0.3
1466,1985,MP,3.0
1466,1988,MP,6.2
1466,1991,MP,2.6
1466,1994,MP,4.7
1466,1998,MP,3.4
1466,2002,MP,2.6
1466,2006,MP,1.7
1466,2010,MP,3.4
1466,2014,MP,2.8
1466,2018,MP,2.0
1466,2022,MP,1.9
1466,1973,S,25.8
1466,1976,S,25.8
1466,1979,S,26.1
1466,1982,S,30.6
1466,1985,S,27.6
1466,1988,S,28.0
1466,1991,S,25.3
1466,1994,S,32.6
1466,1998,S,25.8
1466,2002,S,28.5
1466,2006,S,20.6
1466,2010,S,23.4
1466,2014,S,27.4
1466,2018,S,21.5
1466,2022,S,22.8
1466,1973,V,0.3
1466,1976,V,1.8
1466,1979,V,3.4
1466,1982,V,3.3
1466,1985,V,4.8
1466,1988,V,5.3
1466,1991,V,5.1
1466,1994,V,6.2
1466,1998,V,11.3
1466,2002,V,8.9
1466,2006,V,5.0
1466,2010,V,2.0
1466,2014,V,4.1
1466,2018,V,5.2
1466,2022,V,7.3
1466,2002,SD,0.0
1466,2006,SD,1.1
1466,2010,SD,3.7
1466,2014,SD,10.1
1466,2018,SD,11.8
1466,2022,SD,18.7
1466,1973,ÖVRIGA,1.5
1466,1982,ÖVRIGA,0.0
1466,1985,ÖVRIGA,0.1
1466,1988,ÖVRIGA,0.1
1466,1991,ÖVRIGA,4.0
1466,1994,ÖVRIGA,0.6
1466,1998,ÖVRIGA,0.6
1466,2002,ÖVRIGA,0.7
1466,2006,ÖVRIGA,30.4
1466,2010,ÖVRIGA,20.1
1466,2014,ÖVRIGA,9.7
1466,2018,ÖVRIGA,9.9
1466,2022,ÖVRIGA,0.3
1470,1973,M,25.4
1470,1976,M,23.9
1470,1979,M,21.5
1470,1982,M,23.7
1470,1985,M,22.1
1470,1988,M,20.4
1470,1991,M,27.9
1470,1994,M,26.1
1470,1998,M,31.2
1470,2002,M,29.6
1470,2006,M,35.0
1470,2010,M,30.6
1470,2014,M,29.9
1470,2018,M,27.5
1470,2022,M,31.7
1470,1973,C,40.2
1470,1976,C,39.3
1470,1979,C,31.8
1470,1982,C,27.2
1470,1985,C,26.2
1470,1988,C,26.4
1470,1991,C,21.1
1470,1994,C,22.2
1470,1998,C,19.2
1470,2002,C,19.5
1470,2006,C,17.9
1470,2010,C,13.8
1470,2014,C,11.8
1470,2018,C,10.4
1470,2022,C,7.8
1470,1973,L,10.2
1470,1976,L,8.9
1470,1979,L,7.5
1470,1982,L,4.8
1470,1985,L,8.5
1470,1988,L,8.5
1470,1991,L,7.3
1470,1994,L,5.8
1470,1998,L,5.6
1470,2002,L,8.4
1470,2006,L,6.7
1470,2010,L,7.7
1470,2014,L,3.5
1470,2018,L,3.9
1470,2022,L,1.3
1470,1973,KD,1.6
1470,1976,KD,1.5
1470,1979,KD,1.6
1470,1982,KD,2.0
1470,1985,KD,1.6
1470,1988,KD,2.2
1470,1991,KD,4.8
1470,1994,KD,2.7
1470,1998,KD,7.9
1470,2002,KD,6.8
1470,2006,KD,4.9
1470,2010,KD,4.9
1470,2014,KD,2.6
1470,2018,KD,1.7
1470,2022,KD,2.6
1470,1982,MP,0.7
1470,1985,MP,1.1
1470,1988,MP,2.7
1470,1991,MP,1.7
1470,1994,MP,3.8
1470,1998,MP,2.6
1470,2002,MP,1.8
1470,2006,MP,1.3
1470,2010,MP,2.3
1470,2014,MP,2.2
1470,2018,MP,1.0
1470,2022,MP,0.7
1470,1973,S,21.4
1470,1976,S,20.6
1470,1979,S,20.7
1470,1982,S,23.7
1470,1985,S,25.4
1470,1988,S,26.5
1470,1991,S,21.8
1470,1994,S,28.7
1470,1998,S,24.1
1470,2002,S,28.0
1470,2006,S,27.4
1470,2010,S,31.8
1470,2014,S,34.9
1470,2018,S,26.8
1470,2022,S,23.6
1470,1973,V,1.3
1470,1976,V,0.9
1470,1979,V,1.4
1470,1982,V,1.3
1470,1985,V,0.3
1470,1988,V,1.5
1470,1991,V,1.7
1470,1994,V,2.7
1470,1998,V,7.0
1470,2002,V,5.5
1470,2006,V,4.7
1470,2010,V,5.5
1470,2014,V,4.1
1470,2018,V,4.1
1470,2022,V,4.0
1470,2002,SD,0.0
1470,2006,SD,1.5
1470,2010,SD,3.4
1470,2014,SD,10.4
1470,2018,SD,14.6
1470,2022,SD,17.8
1470,1973,ÖVRIGA,0.0
1470,1976,ÖVRIGA,5.0
1470,1979,ÖVRIGA,15.5
1470,1982,ÖVRIGA,16.6
1470,1985,ÖVRIGA,14.9
1470,1988,ÖVRIGA,11.7
1470,1991,ÖVRIGA,13.8
1470,1994,ÖVRIGA,8.0
1470,1998,ÖVRIGA,2.4
1470,2002,ÖVRIGA,0.3
1470,2006,ÖVRIGA,0.7
1470,2010,ÖVRIGA,0.0
1470,2014,ÖVRIGA,0.4
1470,2018,ÖVRIGA,10.1
1470,2022,ÖVRIGA,10.5
1471,1973,M,14.8
1471,1976,M,14.4
1471,1979,M,16.6
1471,1982,M,19.5
1471,1985,M,17.0
1471,1988,M,14.4
1471,1991,M,16.4
1471,1994,M,14.4
1471,1998,M,16.1
1471,2002,M,11.6
1471,2006,M,16.5
1471,2010,M,16.3
1471,2014,M,12.5
1471,2018,M,13.5
1471,2022,M,13.2
1471,1973,C,28.9
1471,1976,C,28.1
1471,1979,C,23.9
1471,1982,C,20.8
1471,1985,C,19.1
1471,1988,C,22.4
1471,1991,C,23.7
1471,1994,C,17.7
1471,1998,C,14.1
1471,2002,C,14.4
1471,2006,C,13.3
1471,2010,C,11.3
1471,2014,C,12.3
1471,2018,C,15.3
1471,2022,C,10.3
1471,1973,L,12.1
1471,1976,L,13.8
1471,1979,L,13.4
1471,1982,L,10.5
1471,1985,L,16.1
1471,1988,L,11.8
1471,1991,L,9.0
1471,1994,L,6.9
1471,1998,L,5.8
1471,2002,L,10.0
1471,2006,L,7.2
1471,2010,L,6.3
1471,2014,L,5.0
1471,2018,L,4.7
1471,2022,L,2.8
1471,1973,KD,5.7
1471,1976,KD,4.8
1471,1979,KD,4.9
1471,1982,KD,5.6
1471,1985,KD,4.9
1471,1988,KD,6.0
1471,1991,KD,8.5
1471,1994,KD,5.7
1471,1998,KD,11.1
1471,2002,KD,13.1
1471,2006,KD,13.3
1471,2010,KD,7.5
1471,2014,KD,5.2
1471,2018,KD,6.8
1471,2022,KD,5.8
1471,1985,MP,0.5
1471,1988,MP,2.4
1471,1991,MP,2.5
1471,1994,MP,4.5
1471,1998,MP,3.7
1471,2002,MP,4.1
1471,2006,MP,4.3
1471,2010,MP,5.1
1471,2014,MP,4.0
1471,2018,MP,3.5
1471,2022,MP,2.3
1471,1973,S,34.7
1471,1976,S,36.0
1471,1979,S,36.6
1471,1982,S,40.1
1471,1985,S,39.0
1471,1988,S,40.1
1471,1991,S,33.2
1471,1994,S,38.7
1471,1998,S,32.3
1471,2002,S,34.3
1471,2006,S,35.9
1471,2010,S,34.9
1471,2014,S,31.2
1471,2018,S,26.1
1471,2022,S,29.2
1471,1973,V,3.8
1471,1976,V,3.0
1471,1979,V,4.3
1471,1982,V,2.9
1471,1985,V,3.4
1471,1988,V,2.9
1471,1991,V,3.2
1471,1994,V,4.9
1471,1998,V,7.9
1471,2002,V,5.9
1471,2006,V,2.6
1471,2010,V,4.3
1471,2014,V,6.8
1471,2018,V,6.7
1471,2022,V,6.9
1471,2002,SD,0.0
1471,2006,SD,1.5
1471,2010,SD,2.6
1471,2014,SD,6.8
1471,2018,SD,11.3
1471,2022,SD,14.7
1471,1973,ÖVRIGA,0.1
1471,1979,ÖVRIGA,0.2
1471,1982,ÖVRIGA,0.6
1471,1985,ÖVRIGA,0.0
1471,1988,ÖVRIGA,0.0
1471,1991,ÖVRIGA,3.7
1471,1994,ÖVRIGA,7.1
1471,1998,ÖVRIGA,8.9
1471,2002,ÖVRIGA,6.4
1471,2006,ÖVRIGA,5.4
1471,2010,ÖVRIGA,11.8
1471,2014,ÖVRIGA,16.3
1471,2018,ÖVRIGA,12.1
1471,2022,ÖVRIGA,14.7
1472,1973,M,8.4
1472,1976,M,9.4
1472,1979,M,13.4
1472,1982,M,14.9
1472,1985,M,13.0
1472,1988,M,10.6
1472,1991,M,15.2
1472,1994,M,11.6
1472,1998,M,12.9
1472,2002,M,11.4
1472,2006,M,15.9
1472,2010,M,15.5
1472,2014,M,11.6
1472,2018,M,15.4
1472,2022,M,16.6
1472,1973,C,28.5
1472,1976,C,29.8
1472,1979,C,22.4
1472,1982,C,19.3
1472,1985,C,13.6
1472,1988,C,14.4
1472,1991,C,11.8
1472,1994,C,11.7
1472,1998,C,9.3
1472,2002,C,9.0
1472,2006,C,10.6
1472,2010,C,8.8
1472,2014,C,9.0
1472,2018,C,9.1
1472,2022,C,7.6
1472,1973,L,15.7
1472,1976,L,15.9
1472,1979,L,17.1
1472,1982,L,13.6
1472,1985,L,25.0
1472,1988,L,24.7
1472,1991,L,24.4
1472,1994,L,25.6
1472,1998,L,20.6
1472,2002,L,25.5
1472,2006,L,22.6
1472,2010,L,20.3
1472,2014,L,14.8
1472,2018,L,11.4
1472,2022,L,7.1
1472,1973,KD,4.8
1472,1976,KD,3.9
1472,1979,KD,4.2
1472,1982,KD,4.7
1472,1985,KD,3.6
1472,1988,KD,4.6
1472,1991,KD,9.0
1472,1994,KD,6.1
1472,1998,KD,11.7
1472,2002,KD,11.8
1472,2006,KD,9.1
1472,2010,KD,10.9
1472,2014,KD,8.3
1472,2018,KD,9.1
1472,2022,KD,8.8
1472,1985,MP,1.8
1472,1988,MP,4.2
1472,1991,MP,2.1
1472,1994,MP,1.0
1472,1998,MP,0.8
1472,2002,MP,0.7
1472,2006,MP,0.6
1472,2010,MP,1.4
1472,2014,MP,3.9
1472,2018,MP,0.9
1472,2022,MP,1.7
1472,1973,S,39.7
1472,1976,S,37.8
1472,1979,S,38.5
1472,1982,S,43.3
1472,1985,S,42.5
1472,1988,S,41.3
1472,1991,S,34.6
1472,1994,S,41.4
1472,1998,S,36.1
1472,2002,S,36.6
1472,2006,S,36.8
1472,2010,S,35.9
1472,2014,S,38.3
1472,2018,S,31.7
1472,2022,S,31.4
1472,1973,V,2.9
1472,1976,V,3.1
1472,1979,V,4.3
1472,1982,V,3.7
1472,1985,V,0.4
1472,1988,V,0.3
1472,1991,V,0.4
1472,1994,V,0.6
1472,1998,V,8.4
1472,2002,V,4.6
1472,2006,V,2.6
1472,2010,V,3.5
1472,2014,V,3.1
1472,2018,V,4.0
1472,2022,V,3.5
1472,2002,SD,0.0
1472,2006,SD,1.6
1472,2010,SD,3.8
1472,2014,SD,10.8
1472,2018,SD,18.3
1472,2022,SD,23.0
1472,1973,ÖVRIGA,0.0
1472,1976,ÖVRIGA,0.1
1472,1979,ÖVRIGA,0.1
1472,1982,ÖVRIGA,0.6
1472,1985,ÖVRIGA,0.0
1472,1988,ÖVRIGA,0.0
1472,1991,ÖVRIGA,2.4
1472,1994,ÖVRIGA,2.0
1472,1998,ÖVRIGA,0.1
1472,2002,ÖVRIGA,0.4
1472,2006,ÖVRIGA,0.1
1472,2010,ÖVRIGA,0.1
1472,2014,ÖVRIGA,0.2
1472,2018,ÖVRIGA,0.2
1472,2022,ÖVRIGA,0.4
1473,1973,M,13.9
1473,1976,M,15.8
1473,1979,M,17.3
1473,1982,M,19.2
1473,1985,M,18.8
1473,1988,M,16.3
1473,1991,M,20.1
1473,1994,M,20.7
1473,1998,M,19.5
1473,2002,M,18.0
1473,2006,M,24.7
1473,2010,M,23.9
1473,2014,M,22.6
1473,2018,M,28.3
1473,2022,M,27.8
1473,1973,C,39.4
1473,1976,C,39.5
1473,1979,C,35.6
1473,1982,C,32.0
1473,1985,C,30.0
1473,1988,C,30.4
1473,1991,C,26.6
1473,1994,C,23.5
1473,1998,C,23.9
1473,2002,C,24.8
1473,2006,C,20.2
1473,2010,C,21.0
1473,2014,C,19.3
1473,2018,C,16.3
1473,2022,C,13.2
1473,1973,L,8.8
1473,1976,L,7.5
1473,1979,L,7.0
1473,1982,L,4.2
1473,1985,L,7.7
1473,1988,L,6.7
1473,1991,L,4.7
1473,1994,L,3.1
1473,1998,L,3.2
1473,2002,L,5.5
1473,2006,L,3.9
1473,2010,L,3.8
1473,2014,L,2.7
1473,2018,L,3.6
1473,2022,L,2.6
1473,1973,KD,2.1
1473,1976,KD,1.7
1473,1979,KD,1.7
1473,1982,KD,2.3
1473,1985,KD,2.3
1473,1988,KD,3.2
1473,1991,KD,6.4
1473,1994,KD,3.8
1473,1998,KD,7.2
1473,2002,KD,6.7
1473,2006,KD,3.5
1473,2010,KD,1.0
1473,2014,KD,0.8
1473,2018,KD,1.5
1473,2022,KD,1.8
1473,1985,MP,0.6
1473,1988,MP,2.2
1473,1991,MP,1.9
1473,1994,MP,2.2
1473,1998,MP,4.3
1473,2002,MP,2.7
1473,2006,MP,2.8
1473,2010,MP,3.2
1473,2014,MP,2.7
1473,2018,MP,0.8
1473,2022,MP,0.7
1473,1973,S,33.9
1473,1976,S,35.3
1473,1979,S,37.8
1473,1982,S,39.5
1473,1985,S,37.9
1473,1988,S,38.4
1473,1991,S,32.8
1473,1994,S,41.5
1473,1998,S,32.0
1473,2002,S,33.7
1473,2006,S,35.9
1473,2010,S,36.8
1473,2014,S,36.8
1473,2018,S,31.1
1473,2022,S,29.6
1473,1973,V,1.9
1473,1976,V,0.3
1473,1982,V,2.3
1473,1985,V,2.6
1473,1988,V,2.8
1473,1991,V,3.0
1473,1994,V,4.1
1473,1998,V,9.4
1473,2002,V,7.3
1473,2006,V,5.7
1473,2010,V,5.9
1473,2014,V,5.4
1473,2018,V,4.6
1473,2022,V,4.7
1473,2002,SD,0.0
1473,2006,SD,3.0
1473,2010,SD,4.2
1473,2014,SD,9.3
1473,2018,SD,13.4
1473,2022,SD,19.3
1473,1973,ÖVRIGA,0.0
1473,1976,ÖVRIGA,0.0
1473,1979,ÖVRIGA,0.5
1473,1982,ÖVRIGA,0.6
1473,1985,ÖVRIGA,0.0
1473,1988,ÖVRIGA,0.1
1473,1991,ÖVRIGA,4.5
1473,1994,ÖVRIGA,1.0
1473,1998,ÖVRIGA,0.3
1473,2002,ÖVRIGA,1.3
1473,2006,ÖVRIGA,0.5
1473,2010,ÖVRIGA,0.1
1473,2014,ÖVRIGA,0.3
1473,2018,ÖVRIGA,0.4
1473,2022,ÖVRIGA,0.3
1480,1973,M,14.4
1480,1976,M,15.1
1480,1979,M,21.1
1480,1982,M,24.1
1480,1985,M,20.4
1480,1988,M,19.7
1480,1991,M,24.4
1480,1994,M,24.2
1480,1998,M,25.4
1480,2002,M,19.7
1480,2006,M,23.9
1480,2010,M,25.5
1480,2014,M,22.3
1480,2018,M,14.5
1480,2022,M,17.1
1480,1973,C,13.3
1480,1976,C,12.0
1480,1979,C,7.9
1480,1982,C,6.3
1480,1985,C,4.6
1480,1988,C,4.2
1480,1991,C,3.1
1480,1994,C,2.8
1480,1998,C,1.6
1480,2002,C,1.7
1480,2006,C,2.8
1480,2010,C,2.3
1480,2014,C,2.6
1480,2018,C,3.9
1480,2022,C,4.0
1480,1973,L,23.1
1480,1976,L,20.5
1480,1979,L,18.8
1480,1982,L,11.4
1480,1985,L,19.8
1480,1988,L,16.1
1480,1991,L,12.2
1480,1994,L,9.2
1480,1998,L,8.4
1480,2002,L,16.0
1480,2006,L,10.2
1480,2010,L,8.4
1480,2014,L,8.1
1480,2018,L,7.2
1480,2022,L,5.5
1480,1973,KD,1.1
1480,1976,KD,1.1
1480,1979,KD,1.1
1480,1982,KD,1.6
1480,1985,KD,0.2
1480,1988,KD,2.4
1480,1991,KD,6.1
1480,1994,KD,3.5
1480,1998,KD,8.8
1480,2002,KD,7.2
1480,2006,KD,5.5
1480,2010,KD,3.8
1480,2014,KD,3.9
1480,2018,KD,3.3
1480,2022,KD,4.1
1480,1982,MP,2.5
1480,1985,MP,3.3
1480,1988,MP,11.8
1480,1991,MP,6.0
1480,1994,MP,7.2
1480,1998,MP,6.7
1480,2002,MP,6.6
1480,2006,MP,7.9
1480,2010,MP,9.9
1480,2014,MP,10.7
1480,2018,MP,6.9
1480,2022,MP,6.0
1480,1973,S,38.5
1480,1976,S,41.1
1480,1979,S,37.6
1480,1982,S,40.7
1480,1985,S,38.0
1480,1988,S,35.4
1480,1991,S,34.8
1480,1994,S,41.4
1480,1998,S,31.7
1480,2002,S,32.5
1480,2006,S,36.0
1480,2010,S,29.4
1480,2014,S,22.4
1480,2018,S,20.5
1480,2022,S,26.4
1480,1973,V,8.2
1480,1976,V,7.3
1480,1979,V,9.2
1480,1982,V,8.7
1480,1985,V,8.0
1480,1988,V,7.6
1480,1991,V,6.7
1480,1994,V,8.3
1480,1998,V,12.5
1480,2002,V,11.0
1480,2006,V,7.2
1480,2010,V,7.1
1480,2014,V,9.4
1480,2018,V,12.6
1480,2022,V,15.8
1480,2002,SD,1.7
1480,2006,SD,3.0
1480,2010,SD,4.5
1480,2014,SD,7.0
1480,2018,SD,8.3
1480,2022,SD,10.7
1480,1973,ÖVRIGA,1.5
1480,1976,ÖVRIGA,3.0
1480,1979,ÖVRIGA,4.4
1480,1982,ÖVRIGA,4.7
1480,1985,ÖVRIGA,5.7
1480,1988,ÖVRIGA,2.9
1480,1991,ÖVRIGA,6.8
1480,1994,ÖVRIGA,3.6
1480,1998,ÖVRIGA,4.8
1480,2002,ÖVRIGA,3.8
1480,2006,ÖVRIGA,3.4
1480,2010,ÖVRIGA,9.2
1480,2014,ÖVRIGA,13.5
1480,2018,ÖVRIGA,22.7
1480,2022,ÖVRIGA,10.2
1481,1973,M,12.9
1481,1976,M,14.2
1481,1979,M,19.9
1481,1982,M,23.0
1481,1985,M,18.7
1481,1988,M,16.4
1481,1991,M,22.2
1481,1994,M,21.8
1481,1998,M,21.7
1481,2002,M,16.1
1481,2006,M,24.4
1481,2010,M,27.9
1481,2014,M,23.4
1481,2018,M,23.6
1481,2022,M,21.8
1481,1973,C,19.1
1481,1976,C,18.7
1481,1979,C,13.5
1481,1982,C,13.9
1481,1985,C,10.2
1481,1988,C,9.5
1481,1991,C,8.2
1481,1994,C,7.3
1481,1998,C,3.8
1481,2002,C,3.8
1481,2006,C,4.5
1481,2010,C,4.2
1481,2014,C,4.4
1481,2018,C,6.8
1481,2022,C,7.1
1481,1973,L,20.1
1481,1976,L,18.3
1481,1979,L,16.7
1481,1982,L,8.6
1481,1985,L,18.7
1481,1988,L,17.2
1481,1991,L,15.1
1481,1994,L,11.0
1481,1998,L,9.5
1481,2002,L,17.4
1481,2006,L,13.1
1481,2010,L,12.1
1481,2014,L,10.0
1481,2018,L,10.6
1481,2022,L,7.8
1481,1973,KD,1.3
1481,1976,KD,1.3
1481,1979,KD,1.9
1481,1982,KD,2.6
1481,1985,KD,2.1
1481,1988,KD,3.2
1481,1991,KD,6.6
1481,1994,KD,3.7
1481,1998,KD,11.3
1481,2002,KD,9.6
1481,2006,KD,7.4
1481,2010,KD,5.0
1481,2014,KD,4.8
1481,2018,KD,5.3
1481,2022,KD,5.6
1481,1982,MP,2.9
1481,1985,MP,4.1
1481,1988,MP,9.7
1481,1991,MP,5.2
1481,1994,MP,6.2
1481,1998,MP,5.6
1481,2002,MP,5.4
1481,2006,MP,5.8
1481,2010,MP,10.4
1481,2014,MP,11.2
1481,2018,MP,6.2
1481,2022,MP,5.7
1481,1973,S,39.3
1481,1976,S,40.3
1481,1979,S,39.5
1481,1982,S,40.4
1481,1985,S,38.6
1481,1988,S,36.1
1481,1991,S,31.4
1481,1994,S,39.9
1481,1998,S,30.1
1481,2002,S,31.8
1481,2006,S,30.1
1481,2010,S,27.7
1481,2014,S,27.7
1481,2018,S,24.5
1481,2022,S,27.6
1481,1973,V,6.8
1481,1976,V,6.6
1481,1979,V,7.3
1481,1982,V,7.0
1481,1985,V,6.1
1481,1988,V,6.5
1481,1991,V,5.3
1481,1994,V,6.8
1481,1998,V,10.2
1481,2002,V,9.1
1481,2006,V,7.2
1481,2010,V,5.6
1481,2014,V,6.9
1481,2018,V,8.3
1481,2022,V,8.8
1481,2002,SD,2.6
1481,2006,SD,5.0
1481,2010,SD,6.4
1481,2014,SD,10.2
1481,2018,SD,13.5
1481,2022,SD,14.1
1481,1973,ÖVRIGA,0.7
1481,1976,ÖVRIGA,0.6
1481,1979,ÖVRIGA,1.2
1481,1982,ÖVRIGA,1.6
1481,1985,ÖVRIGA,1.5
1481,1988,ÖVRIGA,1.4
1481,1991,ÖVRIGA,6.1
1481,1994,ÖVRIGA,3.4
1481,1998,ÖVRIGA,7.8
1481,2002,ÖVRIGA,4.1
1481,2006,ÖVRIGA,2.5
1481,2010,ÖVRIGA,0.8
1481,2014,ÖVRIGA,1.4
1481,2018,ÖVRIGA,1.1
1481,2022,ÖVRIGA,1.4
1482,1973,M,15.3
1482,1976,M,15.1
1482,1979,M,20.3
1482,1982,M,23.5
1482,1985,M,22.1
1482,1988,M,19.6
1482,1991,M,24.3
1482,1994,M,23.0
1482,1998,M,24.6
1482,2002,M,18.6
1482,2006,M,24.5
1482,2010,M,25.7
1482,2014,M,19.7
1482,2018,M,20.0
1482,2022,M,18.8
1482,1973,C,27.4
1482,1976,C,27.5
1482,1979,C,22.4
1482,1982,C,18.4
1482,1985,C,13.2
1482,1988,C,14.0
1482,1991,C,11.9
1482,1994,C,10.7
1482,1998,C,9.3
1482,2002,C,7.7
1482,2006,C,8.6
1482,2010,C,6.8
1482,2014,C,6.1
1482,2018,C,7.6
1482,2022,C,5.3
1482,1973,L,15.7
1482,1976,L,15.8
1482,1979,L,14.8
1482,1982,L,9.2
1482,1985,L,16.7
1482,1988,L,14.0
1482,1991,L,10.6
1482,1994,L,7.5
1482,1998,L,5.2
1482,2002,L,12.3
1482,2006,L,9.4
1482,2010,L,10.1
1482,2014,L,8.0
1482,2018,L,7.6
1482,2022,L,6.3
1482,1973,KD,1.4
1482,1976,KD,1.4
1482,1979,KD,1.7
1482,1982,KD,2.5
1482,1985,KD,1.9
1482,1988,KD,2.6
1482,1991,KD,5.6
1482,1994,KD,3.1
1482,1998,KD,10.5
1482,2002,KD,9.9
1482,2006,KD,7.7
1482,2010,KD,5.6
1482,2014,KD,5.3
1482,2018,KD,6.1
1482,2022,KD,6.5
1482,1982,MP,2.9
1482,1985,MP,4.5
1482,1988,MP,8.1
1482,1991,MP,5.0
1482,1994,MP,6.6
1482,1998,MP,6.1
1482,2002,MP,3.6
1482,2006,MP,4.1
1482,2010,MP,5.8
1482,2014,MP,6.2
1482,2018,MP,3.5
1482,2022,MP,3.2
1482,1973,S,37.0
1482,1976,S,36.9
1482,1979,S,36.8
1482,1982,S,39.5
1482,1985,S,38.0
1482,1988,S,38.1
1482,1991,S,33.5
1482,1994,S,42.4
1482,1998,S,34.8
1482,2002,S,40.1
1482,2006,S,37.9
1482,2010,S,30.5
1482,2014,S,30.1
1482,2018,S,25.3
1482,2022,S,28.1
1482,1973,V,3.1
1482,1976,V,3.2
1482,1979,V,4.0
1482,1982,V,3.7
1482,1985,V,3.5
1482,1988,V,3.4
1482,1991,V,3.6
1482,1994,V,4.6
1482,1998,V,8.8
1482,2002,V,6.7
1482,2006,V,4.2
1482,2010,V,3.6
1482,2014,V,4.5
1482,2018,V,5.5
1482,2022,V,6.0
1482,2002,SD,0.0
1482,2006,SD,2.5
1482,2010,SD,5.4
1482,2014,SD,9.1
1482,2018,SD,13.5
1482,2022,SD,18.3
1482,1973,ÖVRIGA,0.3
1482,1976,ÖVRIGA,0.0
1482,1979,ÖVRIGA,0.0
1482,1982,ÖVRIGA,0.1
1482,1985,ÖVRIGA,0.1
1482,1988,ÖVRIGA,0.3
1482,1991,ÖVRIGA,5.5
1482,1994,ÖVRIGA,2.1
1482,1998,ÖVRIGA,0.7
1482,2002,ÖVRIGA,1.0
1482,2006,ÖVRIGA,1.0
1482,2010,ÖVRIGA,6.5
1482,2014,ÖVRIGA,11.0
1482,2018,ÖVRIGA,11.0
1482,2022,ÖVRIGA,7.7
1484,1973,M,13.0
1484,1976,M,12.2
1484,1979,M,15.1
1484,1982,M,16.8
1484,1985,M,15.4
1484,1988,M,12.8
1484,1991,M,16.0
1484,1994,M,13.4
1484,1998,M,14.8
1484,2002,M,10.6
1484,2006,M,13.5
1484,2010,M,13.3
1484,2014,M,8.4
1484,2018,M,10.3
1484,2022,M,16.8
1484,1973,C,13.5
1484,1976,C,15.5
1484,1979,C,12.5
1484,1982,C,10.1
1484,1985,C,7.2
1484,1988,C,7.1
1484,1991,C,5.9
1484,1994,C,4.9
1484,1998,C,4.3
1484,2002,C,3.2
1484,2006,C,3.9
1484,2010,C,4.2
1484,2014,C,4.7
1484,2018,C,5.9
1484,2022,C,4.3
1484,1973,L,17.2
1484,1976,L,17.0
1484,1979,L,15.8
1484,1982,L,11.8
1484,1985,L,17.3
1484,1988,L,17.6
1484,1991,L,13.7
1484,1994,L,10.8
1484,1998,L,12.7
1484,2002,L,20.6
1484,2006,L,21.8
1484,2010,L,23.5
1484,2014,L,8.7
1484,2018,L,7.3
1484,2022,L,6.0
1484,1973,KD,0.0
1484,1976,KD,0.2
1484,1982,KD,1.6
1484,1985,KD,1.7
1484,1988,KD,2.0
1484,1991,KD,3.9
1484,1994,KD,1.7
1484,1998,KD,1.8
1484,2002,KD,3.3
1484,2006,KD,2.8
1484,2010,KD,0.7
1484,2014,KD,2.9
1484,2018,KD,1.0
1484,2022,KD,1.2
1484,1985,MP,1.7
1484,1988,MP,6.2
1484,1991,MP,3.5
1484,1994,MP,4.1
1484,1998,MP,4.8
1484,2002,MP,3.3
1484,2006,MP,4.6
1484,2010,MP,4.1
1484,2014,MP,5.1
1484,2018,MP,3.9
1484,2022,MP,4.3
1484,1973,S,52.1
1484,1976,S,50.7
1484,1979,S,51.0
1484,1982,S,52.0
1484,1985,S,50.1
1484,1988,S,46.3
1484,1991,S,45.9
1484,1994,S,57.2
1484,1998,S,52.0
1484,2002,S,47.0
1484,2006,S,40.9
1484,2010,S,33.0
1484,2014,S,25.3
1484,2018,S,24.7
1484,2022,S,24.9
1484,1973,V,3.7
1484,1976,V,3.3
1484,1979,V,3.5
1484,1982,V,3.4
1484,1985,V,3.4
1484,1988,V,3.4
1484,1991,V,2.7
1484,1994,V,2.8
1484,1998,V,4.8
1484,2002,V,3.7
1484,2006,V,0.8
1484,2010,V,3.5
1484,2014,V,6.2
1484,2018,V,4.9
1484,2022,V,5.1
1484,2002,SD,0.0
1484,2006,SD,1.2
1484,2010,SD,2.1
1484,2014,SD,9.1
1484,2018,SD,14.5
1484,2022,SD,16.5
1484,1973,ÖVRIGA,0.5
1484,1976,ÖVRIGA,1.2
1484,1979,ÖVRIGA,2.2
1484,1982,ÖVRIGA,4.3
1484,1985,ÖVRIGA,3.3
1484,1988,ÖVRIGA,4.6
1484,1991,ÖVRIGA,8.5
1484,1994,ÖVRIGA,5.0
1484,1998,ÖVRIGA,4.8
1484,2002,ÖVRIGA,8.4
1484,2006,ÖVRIGA,10.5
1484,2010,ÖVRIGA,15.5
1484,2014,ÖVRIGA,29.6
1484,2018,ÖVRIGA,27.7
1484,2022,ÖVRIGA,20.9
1485,1973,M,13.1
1485,1976,M,12.2
1485,1979,M,15.8
1485,1982,M,18.7
1485,1985,M,16.9
1485,1988,M,14.1
1485,1991,M,17.2
1485,1994,M,15.5
1485,1998,M,16.3
1485,2002,M,13.8
1485,2006,M,22.5
1485,2010,M,25.0
1485,2014,M,15.8
1485,2018,M,14.7
1485,2022,M,16.4
1485,1973,C,23.8
1485,1976,C,24.9
1485,1979,C,21.6
1485,1982,C,18.7
1485,1985,C,13.7
1485,1988,C,12.1
1485,1991,C,12.1
1485,1994,C,7.7
1485,1998,C,5.6
1485,2002,C,6.2
1485,2006,C,5.1
1485,2010,C,5.1
1485,2014,C,4.7
1485,2018,C,6.9
1485,2022,C,5.4
1485,1973,L,12.6
1485,1976,L,12.2
1485,1979,L,11.6
1485,1982,L,6.5
1485,1985,L,12.9
1485,1988,L,12.0
1485,1991,L,9.3
1485,1994,L,6.4
1485,1998,L,5.5
1485,2002,L,10.7
1485,2006,L,6.9
1485,2010,L,6.5
1485,2014,L,5.6
1485,2018,L,5.8
1485,2022,L,3.3
1485,1973,KD,0.6
1485,1976,KD,0.6
1485,1979,KD,0.7
1485,1982,KD,1.7
1485,1985,KD,2.2
1485,1988,KD,3.1
1485,1991,KD,7.7
1485,1994,KD,3.5
1485,1998,KD,11.3
1485,2002,KD,11.4
1485,2006,KD,7.5
1485,2010,KD,8.2
1485,2014,KD,6.4
1485,2018,KD,7.1
1485,2022,KD,7.7
1485,1985,MP,3.2
1485,1988,MP,7.5
1485,1991,MP,4.9
1485,1994,MP,7.6
1485,1998,MP,6.8
1485,2002,MP,4.3
1485,2006,MP,1.2
1485,2010,MP,7.1
1485,2014,MP,6.1
1485,2018,MP,4.4
1485,2022,MP,3.8
1485,1973,S,43.8
1485,1976,S,43.0
1485,1979,S,43.2
1485,1982,S,47.4
1485,1985,S,44.1
1485,1988,S,43.5
1485,1991,S,35.9
1485,1994,S,44.6
1485,1998,S,34.9
1485,2002,S,38.0
1485,2006,S,31.0
1485,2010,S,34.6
1485,2014,S,32.8
1485,2018,S,26.1
1485,2022,S,27.5
1485,1973,V,5.9
1485,1976,V,7.2
1485,1979,V,5.1
1485,1982,V,4.5
1485,1985,V,5.2
1485,1988,V,5.9
1485,1991,V,6.7
1485,1994,V,10.8
1485,1998,V,16.3
1485,2002,V,14.0
1485,2006,V,3.5
1485,2010,V,5.1
1485,2014,V,9.1
1485,2018,V,7.1
1485,2022,V,7.1
1485,2002,SD,0.0
1485,2006,SD,2.9
1485,2010,SD,4.4
1485,2014,SD,11.2
1485,2018,SD,14.3
1485,2022,SD,17.8
1485,1973,ÖVRIGA,0.2
1485,1976,ÖVRIGA,0.0
1485,1979,ÖVRIGA,2.0
1485,1982,ÖVRIGA,2.5
1485,1985,ÖVRIGA,1.8
1485,1988,ÖVRIGA,1.8
1485,1991,ÖVRIGA,6.2
1485,1994,ÖVRIGA,3.9
1485,1998,ÖVRIGA,3.2
1485,2002,ÖVRIGA,1.6
1485,2006,ÖVRIGA,19.3
1485,2010,ÖVRIGA,4.1
1485,2014,ÖVRIGA,8.4
1485,2018,ÖVRIGA,13.5
1485,2022,ÖVRIGA,11.0
1486,1973,M,9.3
1486,1976,M,10.5
1486,1979,M,11.5
1486,1982,M,13.8
1486,1985,M,13.1
1486,1988,M,10.7
1486,1991,M,17.9
1486,1994,M,12.9
1486,1998,M,16.7
1486,2002,M,12.9
1486,2006,M,14.2
1486,2010,M,18.2
1486,2014,M,10.4
1486,2018,M,16.0
1486,2022,M,16.0
1486,1973,C,29.6
1486,1976,C,28.0
1486,1979,C,25.7
1486,1982,C,25.8
1486,1985,C,22.6
1486,1988,C,22.9
1486,1991,C,28.5
1486,1994,C,29.4
1486,1998,C,25.2
1486,2002,C,30.1
1486,2006,C,19.3
1486,2010,C,16.5
1486,2014,C,23.9
1486,2018,C,11.0
1486,2022,C,8.9
1486,1973,L,13.9
1486,1976,L,14.2
1486,1979,L,12.7
1486,1982,L,9.7
1486,1985,L,14.4
1486,1988,L,13.4
1486,1991,L,9.9
1486,1994,L,7.6
1486,1998,L,7.5
1486,2002,L,11.6
1486,2006,L,7.8
1486,2010,L,10.2
1486,2014,L,14.1
1486,2018,L,11.3
1486,2022,L,8.3
1486,1973,KD,2.3
1486,1976,KD,2.3
1486,1979,KD,1.9
1486,1982,KD,2.2
1486,1985,KD,1.5
1486,1988,KD,1.8
1486,1991,KD,3.7
1486,1994,KD,0.5
1486,1998,KD,4.7
1486,2002,KD,3.6
1486,2006,KD,3.1
1486,2010,KD,2.5
1486,2014,KD,3.1
1486,2018,KD,6.6
1486,2022,KD,7.2
1486,1982,MP,2.8
1486,1985,MP,6.4
1486,1988,MP,10.3
1486,1991,MP,4.9
1486,1994,MP,6.2
1486,1998,MP,4.7
1486,2002,MP,4.0
1486,2006,MP,1.1
1486,2010,MP,6.7
1486,2014,MP,9.4
1486,2018,MP,4.7
1486,2022,MP,4.6
1486,1973,S,44.5
1486,1976,S,42.7
1486,1979,S,41.8
1486,1982,S,41.0
1486,1985,S,38.8
1486,1988,S,38.2
1486,1991,S,30.1
1486,1994,S,35.0
1486,1998,S,30.8
1486,2002,S,28.7
1486,2006,S,21.0
1486,2010,S,25.8
1486,2014,S,25.9
1486,2018,S,27.5
1486,2022,S,27.5
1486,1973,V,0.4
1486,1976,V,0.2
1486,1979,V,0.1
1486,1982,V,2.6
1486,1985,V,3.0
1486,1988,V,2.8
1486,1991,V,3.1
1486,1994,V,4.1
1486,1998,V,8.6
1486,2002,V,7.3
1486,2006,V,4.2
1486,2010,V,4.2
1486,2014,V,4.5
1486,2018,V,5.0
1486,2022,V,5.1
1486,2002,SD,0.0
1486,2006,SD,0.4
1486,2010,SD,2.1
1486,2014,SD,8.6
1486,2018,SD,14.4
1486,2022,SD,17.6
1486,1973,ÖVRIGA,0.1
1486,1976,ÖVRIGA,2.2
1486,1979,ÖVRIGA,6.4
1486,1982,ÖVRIGA,2.2
1486,1985,ÖVRIGA,0.0
1486,1988,ÖVRIGA,0.1
1486,1991,ÖVRIGA,2.0
1486,1994,ÖVRIGA,4.2
1486,1998,ÖVRIGA,1.8
1486,2002,ÖVRIGA,1.9
1486,2006,ÖVRIGA,28.9
1486,2010,ÖVRIGA,13.7
1486,2014,ÖVRIGA,0.3
1486,2018,ÖVRIGA,3.4
1486,2022,ÖVRIGA,4.8
1487,1973,M,11.5
1487,1976,M,11.7
1487,1979,M,14.9
1487,1982,M,19.5
1487,1985,M,19.1
1487,1988,M,16.2
1487,1991,M,17.7
1487,1994,M,13.7
1487,1998,M,13.4
1487,2002,M,10.9
1487,2006,M,17.2
1487,2010,M,24.5
1487,2014,M,19.0
1487,2018,M,18.4
1487,2022,M,17.2
1487,1973,C,26.7
1487,1976,C,27.5
1487,1979,C,21.9
1487,1982,C,21.0
1487,1985,C,16.6
1487,1988,C,15.7
1487,1991,C,13.4
1487,1994,C,9.3
1487,1998,C,7.2
1487,2002,C,8.2
1487,2006,C,9.7
1487,2010,C,5.9
1487,2014,C,8.0
1487,2018,C,8.4
1487,2022,C,7.3
1487,1973,L,16.2
1487,1976,L,14.8
1487,1979,L,13.5
1487,1982,L,8.6
1487,1985,L,17.5
1487,1988,L,13.4
1487,1991,L,10.3
1487,1994,L,5.9
1487,1998,L,4.6
1487,2002,L,10.1
1487,2006,L,8.5
1487,2010,L,9.7
1487,2014,L,5.9
1487,2018,L,5.1
1487,2022,L,3.7
1487,1973,KD,1.9
1487,1976,KD,2.0
1487,1979,KD,1.8
1487,1982,KD,1.8
1487,1985,KD,1.6
1487,1988,KD,2.6
1487,1991,KD,7.4
1487,1994,KD,3.4
1487,1998,KD,8.4
1487,2002,KD,6.9
1487,2006,KD,6.3
1487,2010,KD,4.5
1487,2014,KD,3.7
1487,2018,KD,6.0
1487,2022,KD,5.7
1487,1982,MP,1.3
1487,1985,MP,2.3
1487,1988,MP,7.1
1487,1991,MP,3.7
1487,1994,MP,3.8
1487,1998,MP,4.0
1487,2002,MP,3.4
1487,2006,MP,4.2
1487,2010,MP,6.8
1487,2014,MP,7.0
1487,2018,MP,3.8
1487,2022,MP,2.6
1487,1973,S,40.0
1487,1976,S,40.8
1487,1979,S,41.9
1487,1982,S,42.7
1487,1985,S,35.9
1487,1988,S,37.9
1487,1991,S,29.2
1487,1994,S,39.4
1487,1998,S,31.0
1487,2002,S,39.8
1487,2006,S,39.8
1487,2010,S,23.5
1487,2014,S,29.9
1487,2018,S,28.1
1487,2022,S,29.3
1487,1973,V,3.3
1487,1976,V,3.3
1487,1979,V,6.0
1487,1982,V,5.1
1487,1985,V,6.7
1487,1988,V,6.9
1487,1991,V,5.9
1487,1994,V,6.0
1487,1998,V,9.7
1487,2002,V,9.8
1487,2006,V,6.3
1487,2010,V,15.0
1487,2014,V,11.7
1487,2018,V,8.8
1487,2022,V,8.6
1487,2002,SD,0.0
1487,2006,SD,1.3
1487,2010,SD,4.7
1487,2014,SD,10.2
1487,2018,SD,17.4
1487,2022,SD,20.0
1487,1973,ÖVRIGA,0.3
1487,1976,ÖVRIGA,0.0
1487,1979,ÖVRIGA,0.0
1487,1982,ÖVRIGA,0.0
1487,1985,ÖVRIGA,0.3
1487,1988,ÖVRIGA,0.1
1487,1991,ÖVRIGA,12.3
1487,1994,ÖVRIGA,18.5
1487,1998,ÖVRIGA,21.7
1487,2002,ÖVRIGA,10.8
1487,2006,ÖVRIGA,6.7
1487,2010,ÖVRIGA,5.4
1487,2014,ÖVRIGA,4.7
1487,2018,ÖVRIGA,3.9
1487,2022,ÖVRIGA,5.5
1488,1973,M,10.0
1488,1976,M,9.5
1488,1979,M,13.0
1488,1982,M,16.4
1488,1985,M,16.4
1488,1988,M,13.3
1488,1991,M,19.1
1488,1994,M,15.2
1488,1998,M,15.5
1488,2002,M,12.2
1488,2006,M,15.6
1488,2010,M,18.0
1488,2014,M,17.9
1488,2018,M,20.6
1488,2022,M,27.4
1488,1973,C,21.3
1488,1976,C,19.7
1488,1979,C,14.1
1488,1982,C,11.4
1488,1985,C,8.3
1488,1988,C,9.5
1488,1991,C,8.4
1488,1994,C,6.6
1488,1998,C,5.1
1488,2002,C,5.8
1488,2006,C,6.3
1488,2010,C,4.4
1488,2014,C,5.4
1488,2018,C,5.9
1488,2022,C,5.6
1488,1973,L,10.8
1488,1976,L,13.1
1488,1979,L,12.9
1488,1982,L,7.8
1488,1985,L,12.1
1488,1988,L,10.7
1488,1991,L,9.0
1488,1994,L,5.9
1488,1998,L,5.1
1488,2002,L,9.3
1488,2006,L,7.2
1488,2010,L,7.5
1488,2014,L,6.9
1488,2018,L,5.1
1488,2022,L,2.5
1488,1973,KD,1.5
1488,1976,KD,1.5
1488,1979,KD,1.5
1488,1982,KD,1.5
1488,1985,KD,1.5
1488,1988,KD,2.1
1488,1991,KD,4.5
1488,1994,KD,2.3
1488,1998,KD,8.0
1488,2002,KD,5.8
1488,2006,KD,5.0
1488,2010,KD,3.5
1488,2014,KD,3.2
1488,2018,KD,3.4
1488,2022,KD,3.9
1488,1982,MP,1.9
1488,1985,MP,3.6
1488,1988,MP,7.1
1488,1991,MP,5.0
1488,1994,MP,7.9
1488,1998,MP,6.7
1488,2002,MP,5.0
1488,2006,MP,4.8
1488,2010,MP,5.7
1488,2014,MP,6.1
1488,2018,MP,3.9
1488,2022,MP,2.6
1488,1973,S,50.4
1488,1976,S,50.7
1488,1979,S,50.8
1488,1982,S,54.9
1488,1985,S,51.4
1488,1988,S,50.1
1488,1991,S,40.6
1488,1994,S,50.4
1488,1998,S,43.7
1488,2002,S,48.0
1488,2006,S,53.1
1488,2010,S,50.7
1488,2014,S,43.3
1488,2018,S,37.9
1488,2022,S,34.8
1488,1973,V,5.6
1488,1976,V,5.4
1488,1979,V,7.5
1488,1982,V,6.1
1488,1985,V,6.4
1488,1988,V,7.2
1488,1991,V,7.6
1488,1994,V,8.1
1488,1998,V,12.6
1488,2002,V,9.1
1488,2006,V,4.9
1488,2010,V,4.9
1488,2014,V,6.5
1488,2018,V,6.8
1488,2022,V,7.1
1488,2002,SD,4.5
1488,2006,SD,2.2
1488,2010,SD,5.1
1488,2014,SD,10.1
1488,2018,SD,13.1
1488,2022,SD,15.4
1488,1973,ÖVRIGA,0.3
1488,1976,ÖVRIGA,0.1
1488,1979,ÖVRIGA,0.1
1488,1982,ÖVRIGA,0.1
1488,1985,ÖVRIGA,0.3
1488,1988,ÖVRIGA,0.1
1488,1991,ÖVRIGA,5.9
1488,1994,ÖVRIGA,3.6
1488,1998,ÖVRIGA,3.3
1488,2002,ÖVRIGA,0.2
1488,2006,ÖVRIGA,0.8
1488,2010,ÖVRIGA,0.2
1488,2014,ÖVRIGA,0.6
1488,2018,ÖVRIGA,3.2
1488,2022,ÖVRIGA,0.8
1489,1973,M,13.1
1489,1976,M,13.7
1489,1979,M,15.9
1489,1982,M,20.6
1489,1985,M,19.8
1489,1988,M,17.1
1489,1991,M,19.9
1489,1994,M,19.8
1489,1998,M,20.0
1489,2002,M,14.2
1489,2006,M,19.1
1489,2010,M,24.2
1489,2014,M,21.6
1489,2018,M,15.8
1489,2022,M,18.8
1489,1973,C,25.1
1489,1976,C,26.2
1489,1979,C,21.0
1489,1982,C,18.7
1489,1985,C,12.4
1489,1988,C,13.1
1489,1991,C,9.8
1489,1994,C,8.6
1489,1998,C,6.7
1489,2002,C,6.6
1489,2006,C,7.3
1489,2010,C,5.3
1489,2014,C,6.2
1489,2018,C,12.5
1489,2022,C,9.0
1489,1973,L,18.8
1489,1976,L,18.0
1489,1979,L,17.8
1489,1982,L,11.3
1489,1985,L,18.6
1489,1988,L,15.9
1489,1991,L,13.7
1489,1994,L,9.5
1489,1998,L,8.3
1489,2002,L,18.6
1489,2006,L,18.0
1489,2010,L,14.1
1489,2014,L,10.3
1489,2018,L,11.1
1489,2022,L,7.4
1489,1973,KD,3.6
1489,1976,KD,3.5
1489,1979,KD,3.6
1489,1982,KD,4.1
1489,1985,KD,3.6
1489,1988,KD,4.7
1489,1991,KD,9.8
1489,1994,KD,6.2
1489,1998,KD,14.7
1489,2002,KD,13.8
1489,2006,KD,9.4
1489,2010,KD,7.2
1489,2014,KD,6.4
1489,2018,KD,6.8
1489,2022,KD,7.7
1489,1982,MP,1.9
1489,1985,MP,2.9
1489,1988,MP,6.3
1489,1991,MP,3.8
1489,1994,MP,6.9
1489,1998,MP,6.2
1489,2002,MP,4.8
1489,2006,MP,6.0
1489,2010,MP,10.0
1489,2014,MP,10.8
1489,2018,MP,6.1
1489,2022,MP,4.9
1489,1973,S,36.2
1489,1976,S,35.3
1489,1979,S,34.5
1489,1982,S,36.1
1489,1985,S,35.7
1489,1988,S,36.6
1489,1991,S,31.7
1489,1994,S,37.7
1489,1998,S,29.9
1489,2002,S,30.6
1489,2006,S,30.6
1489,2010,S,27.2
1489,2014,S,29.2
1489,2018,S,27.0
1489,2022,S,27.1
1489,1973,V,2.8
1489,1976,V,2.5
1489,1979,V,6.2
1489,1982,V,6.5
1489,1985,V,6.5
1489,1988,V,5.7
1489,1991,V,5.4
1489,1994,V,7.9
1489,1998,V,12.6
1489,2002,V,9.7
1489,2006,V,7.0
1489,2010,V,7.2
1489,2014,V,6.9
1489,2018,V,7.0
1489,2022,V,9.8
1489,2002,SD,0.0
1489,2006,SD,1.3
1489,2010,SD,3.7
1489,2014,SD,7.5
1489,2018,SD,12.4
1489,2022,SD,14.3
1489,1973,ÖVRIGA,0.5
1489,1976,ÖVRIGA,0.9
1489,1979,ÖVRIGA,0.9
1489,1982,ÖVRIGA,0.8
1489,1985,ÖVRIGA,0.5
1489,1988,ÖVRIGA,0.6
1489,1991,ÖVRIGA,5.9
1489,1994,ÖVRIGA,3.4
1489,1998,ÖVRIGA,1.6
1489,2002,ÖVRIGA,1.5
1489,2006,ÖVRIGA,1.5
1489,2010,ÖVRIGA,1.0
1489,2014,ÖVRIGA,1.2
1489,2018,ÖVRIGA,1.3
1489,2022,ÖVRIGA,1.1
1490,1973,M,19.0
1490,1976,M,19.0
1490,1979,M,21.3
1490,1982,M,24.7
1490,1985,M,21.7
1490,1988,M,18.1
1490,1991,M,21.4
1490,1994,M,20.1
1490,1998,M,20.7
1490,2002,M,18.0
1490,2006,M,24.6
1490,2010,M,26.7
1490,2014,M,21.8
1490,2018,M,20.7
1490,2022,M,19.5
1490,1973,C,24.2
1490,1976,C,21.8
1490,1979,C,17.1
1490,1982,C,13.9
1490,1985,C,9.8
1490,1988,C,9.7
1490,1991,C,8.1
1490,1994,C,7.1
1490,1998,C,4.7
1490,2002,C,4.8
1490,2006,C,5.8
1490,2010,C,4.8
1490,2014,C,5.6
1490,2018,C,6.7
1490,2022,C,5.9
1490,1973,L,8.6
1490,1976,L,10.1
1490,1979,L,10.7
1490,1982,L,6.0
1490,1985,L,12.9
1490,1988,L,11.4
1490,1991,L,9.0
1490,1994,L,7.4
1490,1998,L,5.3
1490,2002,L,8.8
1490,2006,L,7.5
1490,2010,L,8.1
1490,2014,L,6.3
1490,2018,L,7.4
1490,2022,L,5.3
1490,1973,KD,2.0
1490,1976,KD,1.6
1490,1979,KD,2.0
1490,1982,KD,2.6
1490,1985,KD,5.8
1490,1988,KD,7.3
1490,1991,KD,10.9
1490,1994,KD,2.3
1490,1998,KD,9.3
1490,2002,KD,8.8
1490,2006,KD,6.0
1490,2010,KD,4.5
1490,2014,KD,4.8
1490,2018,KD,6.6
1490,2022,KD,9.0
1490,1982,MP,2.0
1490,1985,MP,1.8
1490,1988,MP,4.8
1490,1991,MP,2.6
1490,1994,MP,4.3
1490,1998,MP,3.9
1490,2002,MP,3.0
1490,2006,MP,3.7
1490,2010,MP,5.6
1490,2014,MP,7.0
1490,2018,MP,3.6
1490,2022,MP,3.1
1490,1973,S,41.8
1490,1976,S,43.3
1490,1979,S,43.6
1490,1982,S,46.2
1490,1985,S,43.0
1490,1988,S,44.7
1490,1991,S,38.5
1490,1994,S,47.3
1490,1998,S,34.2
1490,2002,S,38.4
1490,2006,S,36.1
1490,2010,S,33.7
1490,2014,S,33.3
1490,2018,S,30.9
1490,2022,S,29.1
1490,1973,V,4.0
1490,1976,V,4.0
1490,1979,V,5.0
1490,1982,V,4.3
1490,1985,V,4.5
1490,1988,V,4.0
1490,1991,V,3.8
1490,1994,V,5.1
1490,1998,V,12.1
1490,2002,V,8.7
1490,2006,V,6.8
1490,2010,V,6.5
1490,2014,V,7.4
1490,2018,V,7.9
1490,2022,V,8.1
1490,2002,SD,0.0
1490,2006,SD,2.8
1490,2010,SD,7.0
1490,2014,SD,11.3
1490,2018,SD,15.5
1490,2022,SD,18.6
1490,1973,ÖVRIGA,0.4
1490,1976,ÖVRIGA,0.3
1490,1979,ÖVRIGA,0.4
1490,1982,ÖVRIGA,0.4
1490,1985,ÖVRIGA,0.4
1490,1988,ÖVRIGA,0.1
1490,1991,ÖVRIGA,5.7
1490,1994,ÖVRIGA,6.4
1490,1998,ÖVRIGA,9.8
1490,2002,ÖVRIGA,9.4
1490,2006,ÖVRIGA,6.8
1490,2010,ÖVRIGA,3.2
1490,2014,ÖVRIGA,2.4
1490,2018,ÖVRIGA,0.8
1490,2022,ÖVRIGA,1.4
1491,1973,M,19.7
1491,1976,M,20.0
1491,1979,M,20.9
1491,1982,M,23.5
1491,1985,M,20.7
1491,1988,M,18.5
1491,1991,M,19.4
1491,1994,M,17.8
1491,1998,M,20.5
1491,2002,M,13.1
1491,2006,M,18.9
1491,2010,M,21.3
1491,2014,M,19.6
1491,2018,M,15.7
1491,2022,M,17.9
1491,1973,C,36.8
1491,1976,C,35.4
1491,1979,C,30.1
1491,1982,C,28.3
1491,1985,C,25.9
1491,1988,C,26.3
1491,1991,C,24.0
1491,1994,C,23.4
1491,1998,C,19.5
1491,2002,C,20.5
1491,2006,C,22.9
1491,2010,C,20.6
1491,2014,C,20.2
1491,2018,C,16.1
1491,2022,C,14.9
1491,1973,L,11.9
1491,1976,L,12.2
1491,1979,L,13.0
1491,1982,L,8.7
1491,1985,L,13.7
1491,1988,L,12.6
1491,1991,L,10.2
1491,1994,L,6.5
1491,1998,L,6.5
1491,2002,L,8.3
1491,2006,L,6.2
1491,2010,L,7.2
1491,2014,L,4.6
1491,2018,L,4.6
1491,2022,L,3.9
1491,1973,KD,3.4
1491,1976,KD,3.8
1491,1979,KD,4.5
1491,1982,KD,4.9
1491,1985,KD,4.4
1491,1988,KD,4.2
1491,1991,KD,9.6
1491,1994,KD,5.5
1491,1998,KD,12.1
1491,2002,KD,11.3
1491,2006,KD,7.8
1491,2010,KD,6.0
1491,2014,KD,3.9
1491,2018,KD,4.6
1491,2022,KD,5.6
1491,1982,MP,2.1
1491,1985,MP,3.2
1491,1988,MP,6.2
1491,1991,MP,4.7
1491,1994,MP,10.9
1491,1998,MP,7.7
1491,2002,MP,3.9
1491,2006,MP,4.0
1491,2010,MP,6.0
1491,2014,MP,5.5
1491,2018,MP,3.0
1491,2022,MP,2.8
1491,1973,S,27.8
1491,1976,S,28.3
1491,1979,S,29.3
1491,1982,S,30.8
1491,1985,S,30.2
1491,1988,S,30.7
1491,1991,S,26.0
1491,1994,S,33.7
1491,1998,S,27.3
1491,2002,S,33.4
1491,2006,S,27.1
1491,2010,S,27.3
1491,2014,S,26.0
1491,2018,S,20.6
1491,2022,S,18.2
1491,1973,V,0.3
1491,1979,V,2.2
1491,1982,V,1.8
1491,1985,V,1.9
1491,1988,V,1.3
1491,1991,V,1.4
1491,1994,V,0.9
1491,1998,V,6.3
1491,2002,V,6.5
1491,2006,V,4.7
1491,2010,V,4.0
1491,2014,V,5.0
1491,2018,V,4.9
1491,2022,V,5.1
1491,2002,SD,0.0
1491,2006,SD,2.3
1491,2010,SD,6.4
1491,2014,SD,8.6
1491,2018,SD,12.6
1491,2022,SD,15.4
1491,1973,ÖVRIGA,0.1
1491,1976,ÖVRIGA,0.3
1491,1979,ÖVRIGA,0.1
1491,1982,ÖVRIGA,0.0
1491,1985,ÖVRIGA,0.0
1491,1988,ÖVRIGA,0.2
1491,1991,ÖVRIGA,4.6
1491,1994,ÖVRIGA,1.3
1491,1998,ÖVRIGA,0.3
1491,2002,ÖVRIGA,2.8
1491,2006,ÖVRIGA,6.0
1491,2010,ÖVRIGA,1.2
1491,2014,ÖVRIGA,6.6
1491,2018,ÖVRIGA,17.8
1491,2022,ÖVRIGA,16.1
1492,1973,M,10.3
1492,1976,M,9.9
1492,1979,M,13.1
1492,1982,M,16.6
1492,1985,M,14.5
1492,1988,M,11.3
1492,1991,M,15.2
1492,1994,M,13.7
1492,1998,M,12.7
1492,2002,M,6.4
1492,2006,M,9.2
1492,2010,M,12.5
1492,2014,M,10.9
1492,2018,M,10.8
1492,2022,M,23.1
1492,1973,C,30.6
1492,1976,C,30.1
1492,1979,C,25.5
1492,1982,C,18.8
1492,1985,C,24.5
1492,1988,C,32.0
1492,1991,C,24.2
1492,1994,C,20.9
1492,1998,C,26.8
1492,2002,C,47.1
1492,2006,C,42.5
1492,2010,C,20.4
1492,2014,C,17.5
1492,2018,C,10.5
1492,2022,C,10.8
1492,1973,L,10.1
1492,1976,L,7.9
1492,1979,L,6.6
1492,1982,L,5.7
1492,1985,L,8.6
1492,1988,L,7.0
1492,1991,L,7.8
1492,1994,L,5.1
1492,1998,L,3.0
1492,2002,L,4.2
1492,2006,L,3.5
1492,2010,L,5.6
1492,2014,L,7.8
1492,2018,L,3.6
1492,2022,L,3.7
1492,1973,KD,2.2
1492,1976,KD,2.1
1492,1979,KD,2.6
1492,1982,KD,3.0
1492,1985,KD,3.1
1492,1988,KD,2.2
1492,1991,KD,4.9
1492,1994,KD,3.1
1492,1998,KD,7.8
1492,2002,KD,5.3
1492,2006,KD,4.6
1492,2010,KD,5.2
1492,2014,KD,4.2
1492,2018,KD,5.0
1492,2022,KD,6.5
1492,1982,MP,0.7
1492,1985,MP,2.1
1492,1988,MP,4.0
1492,1991,MP,2.6
1492,1994,MP,2.1
1492,1998,MP,4.2
1492,2002,MP,2.8
1492,2006,MP,2.6
1492,2010,MP,4.3
1492,2014,MP,5.4
1492,2018,MP,3.5
1492,2022,MP,4.6
1492,1973,S,46.4
1492,1976,S,42.2
1492,1979,S,42.2
1492,1982,S,47.2
1492,1985,S,44.0
1492,1988,S,43.0
1492,1991,S,40.3
1492,1994,S,48.6
1492,1998,S,40.0
1492,2002,S,30.9
1492,2006,S,31.0
1492,2010,S,42.7
1492,2014,S,44.3
1492,2018,S,44.1
1492,2022,S,24.2
1492,1973,V,0.1
1492,1982,V,0.4
1492,1985,V,0.6
1492,1988,V,0.5
1492,1991,V,0.4
1492,1994,V,0.7
1492,1998,V,1.9
1492,2002,V,2.9
1492,2006,V,3.2
1492,2010,V,3.4
1492,2014,V,4.3
1492,2018,V,4.7
1492,2022,V,5.2
1492,2002,SD,0.0
1492,2006,SD,1.8
1492,2010,SD,3.3
1492,2014,SD,4.3
1492,2018,SD,14.6
1492,2022,SD,21.2
1492,1973,ÖVRIGA,0.3
1492,1976,ÖVRIGA,7.8
1492,1979,ÖVRIGA,9.9
1492,1982,ÖVRIGA,7.7
1492,1985,ÖVRIGA,2.5
1492,1988,ÖVRIGA,0.0
1492,1991,ÖVRIGA,4.5
1492,1994,ÖVRIGA,5.7
1492,1998,ÖVRIGA,3.5
1492,2002,ÖVRIGA,0.4
1492,2006,ÖVRIGA,1.6
1492,2010,ÖVRIGA,2.5
1492,2014,ÖVRIGA,1.2
1492,2018,ÖVRIGA,3.2
1492,2022,ÖVRIGA,0.7
1493,1973,M,13.9
1493,1976,M,14.6
1493,1979,M,18.0
1493,1982,M,20.6
1493,1985,M,19.9
1493,1988,M,17.0
1493,1991,M,20.2
1493,1994,M,17.4
1493,1998,M,19.6
1493,2002,M,11.7
1493,2006,M,26.5
1493,2010,M,25.1
1493,2014,M,28.7
1493,2018,M,37.4
1493,2022,M,43.4
1493,1973,C,27.2
1493,1976,C,26.3
1493,1979,C,20.4
1493,1982,C,17.3
1493,1985,C,13.6
1493,1988,C,13.2
1493,1991,C,11.1
1493,1994,C,9.6
1493,1998,C,8.6
1493,2002,C,5.8
1493,2006,C,6.5
1493,2010,C,6.0
1493,2014,C,8.3
1493,2018,C,7.5
1493,2022,C,4.9
1493,1973,L,11.0
1493,1976,L,10.8
1493,1979,L,9.5
1493,1982,L,5.8
1493,1985,L,11.0
1493,1988,L,10.8
1493,1991,L,7.5
1493,1994,L,5.0
1493,1998,L,5.8
1493,2002,L,7.1
1493,2006,L,4.2
1493,2010,L,5.3
1493,2014,L,4.4
1493,2018,L,3.3
1493,2022,L,1.6
1493,1973,KD,3.5
1493,1976,KD,3.2
1493,1979,KD,4.2
1493,1982,KD,4.1
1493,1985,KD,3.0
1493,1988,KD,3.7
1493,1991,KD,7.7
1493,1994,KD,4.1
1493,1998,KD,10.4
1493,2002,KD,6.8
1493,2006,KD,5.8
1493,2010,KD,4.6
1493,2014,KD,3.9
1493,2018,KD,3.9
1493,2022,KD,2.9
1493,1985,MP,3.8
1493,1988,MP,6.0
1493,1991,MP,3.8
1493,1994,MP,5.8
1493,1998,MP,1.7
1493,2002,MP,3.6
1493,2006,MP,2.8
1493,2010,MP,4.4
1493,2014,MP,5.1
1493,2018,MP,2.3
1493,2022,MP,1.7
1493,1973,S,40.5
1493,1976,S,41.5
1493,1979,S,43.1
1493,1982,S,42.7
1493,1985,S,40.9
1493,1988,S,40.1
1493,1991,S,36.7
1493,1994,S,42.4
1493,1998,S,38.3
1493,2002,S,34.7
1493,2006,S,36.5
1493,2010,S,30.8
1493,2014,S,31.8
1493,2018,S,27.3
1493,2022,S,28.5
1493,1973,V,3.1
1493,1976,V,2.5
1493,1979,V,3.1
1493,1982,V,2.7
1493,1985,V,3.6
1493,1988,V,5.0
1493,1991,V,8.4
1493,1994,V,12.7
1493,1998,V,15.0
1493,2002,V,8.2
1493,2006,V,10.3
1493,2010,V,11.5
1493,2014,V,7.4
1493,2018,V,5.6
1493,2022,V,6.8
1493,2002,SD,1.0
1493,2006,SD,1.5
1493,2010,SD,3.3
1493,2014,SD,6.0
1493,2018,SD,7.8
1493,2022,SD,10.0
1493,1973,ÖVRIGA,0.7
1493,1976,ÖVRIGA,1.0
1493,1979,ÖVRIGA,1.6
1493,1982,ÖVRIGA,6.9
1493,1985,ÖVRIGA,4.1
1493,1988,ÖVRIGA,4.3
1493,1991,ÖVRIGA,4.5
1493,1994,ÖVRIGA,3.0
1493,1998,ÖVRIGA,0.5
1493,2002,ÖVRIGA,21.1
1493,2006,ÖVRIGA,6.1
1493,2010,ÖVRIGA,9.1
1493,2014,ÖVRIGA,4.6
1493,2018,ÖVRIGA,4.9
1493,2022,ÖVRIGA,0.2
1494,1973,M,12.8
1494,1976,M,12.7
1494,1979,M,15.3
1494,1982,M,17.8
1494,1985,M,16.8
1494,1988,M,13.4
1494,1991,M,17.4
1494,1994,M,16.4
1494,1998,M,17.2
1494,2002,M,15.3
1494,2006,M,23.0
1494,2010,M,22.2
1494,2014,M,17.5
1494,2018,M,18.6
1494,2022,M,20.1
1494,1973,C,26.8
1494,1976,C,23.6
1494,1979,C,17.4
1494,1982,C,17.4
1494,1985,C,13.9
1494,1988,C,17.5
1494,1991,C,16.6
1494,1994,C,13.8
1494,1998,C,9.9
1494,2002,C,10.0
1494,2006,C,9.9
1494,2010,C,8.1
1494,2014,C,8.5
1494,2018,C,9.5
1494,2022,C,8.2
1494,1973,L,13.1
1494,1976,L,12.5
1494,1979,L,10.0
1494,1982,L,7.6
1494,1985,L,13.7
1494,1988,L,11.3
1494,1991,L,9.4
1494,1994,L,7.5
1494,1998,L,5.1
1494,2002,L,8.0
1494,2006,L,4.7
1494,2010,L,6.1
1494,2014,L,6.8
1494,2018,L,9.1
1494,2022,L,6.8
1494,1973,KD,2.7
1494,1976,KD,2.4
1494,1979,KD,2.9
1494,1982,KD,3.4
1494,1985,KD,2.8
1494,1988,KD,3.6
1494,1991,KD,6.1
1494,1994,KD,3.7
1494,1998,KD,9.9
1494,2002,KD,9.2
1494,2006,KD,8.3
1494,2010,KD,7.2
1494,2014,KD,6.2
1494,2018,KD,5.3
1494,2022,KD,7.9
1494,1982,MP,1.1
1494,1985,MP,2.9
1494,1988,MP,5.9
1494,1991,MP,2.8
1494,1994,MP,4.9
1494,1998,MP,3.3
1494,2002,MP,2.9
1494,2006,MP,4.0
1494,2010,MP,5.5
1494,2014,MP,5.1
1494,2018,MP,3.1
1494,2022,MP,3.2
1494,1973,S,39.1
1494,1976,S,37.0
1494,1979,S,34.4
1494,1982,S,40.1
1494,1985,S,39.8
1494,1988,S,39.9
1494,1991,S,35.0
1494,1994,S,40.5
1494,1998,S,38.6
1494,2002,S,41.4
1494,2006,S,40.0
1494,2010,S,41.4
1494,2014,S,40.4
1494,2018,S,36.4
1494,2022,S,31.8
1494,1973,V,5.4
1494,1976,V,5.5
1494,1979,V,8.6
1494,1982,V,6.9
1494,1985,V,6.7
1494,1988,V,6.7
1494,1991,V,7.8
1494,1994,V,12.0
1494,1998,V,13.6
1494,2002,V,11.3
1494,2006,V,8.0
1494,2010,V,6.2
1494,2014,V,6.4
1494,2018,V,6.2
1494,2022,V,7.5
1494,2002,SD,0.0
1494,2006,SD,1.9
1494,2010,SD,2.9
1494,2014,SD,6.7
1494,2018,SD,11.2
1494,2022,SD,14.3
1494,1973,ÖVRIGA,0.1
1494,1976,ÖVRIGA,6.2
1494,1979,ÖVRIGA,11.3
1494,1982,ÖVRIGA,5.6
1494,1985,ÖVRIGA,3.5
1494,1988,ÖVRIGA,1.8
1494,1991,ÖVRIGA,5.0
1494,1994,ÖVRIGA,1.2
1494,1998,ÖVRIGA,2.3
1494,2002,ÖVRIGA,1.9
1494,2006,ÖVRIGA,0.2
1494,2010,ÖVRIGA,0.2
1494,2014,ÖVRIGA,2.4
1494,2018,ÖVRIGA,0.6
1494,2022,ÖVRIGA,0.2
1495,1973,M,15.9
1495,1976,M,17.3
1495,1979,M,18.1
1495,1982,M,23.2
1495,1985,M,21.1
1495,1988,M,17.4
1495,1991,M,19.9
1495,1994,M,18.8
1495,1998,M,24.2
1495,2002,M,20.2
1495,2006,M,29.2
1495,2010,M,31.3
1495,2014,M,24.8
1495,2018,M,28.1
1495,2022,M,24.5
1495,1973,C,30.0
1495,1976,C,30.0
1495,1979,C,21.9
1495,1982,C,20.0
1495,1985,C,15.8
1495,1988,C,16.3
1495,1991,C,13.7
1495,1994,C,12.9
1495,1998,C,11.2
1495,2002,C,12.1
1495,2006,C,10.7
1495,2010,C,8.6
1495,2014,C,10.9
1495,2018,C,8.8
1495,2022,C,7.9
1495,1973,L,11.1
1495,1976,L,11.9
1495,1979,L,10.0
1495,1982,L,7.3
1495,1985,L,12.6
1495,1988,L,11.1
1495,1991,L,8.7
1495,1994,L,6.0
1495,1998,L,6.1
1495,2002,L,10.3
1495,2006,L,6.9
1495,2010,L,5.2
1495,2014,L,3.2
1495,2018,L,3.0
1495,2022,L,2.4
1495,1973,KD,2.1
1495,1976,KD,2.2
1495,1979,KD,1.8
1495,1982,KD,2.5
1495,1985,KD,1.9
1495,1988,KD,2.1
1495,1991,KD,5.6
1495,1994,KD,2.6
1495,1998,KD,7.0
1495,2002,KD,6.8
1495,2006,KD,5.3
1495,2010,KD,3.9
1495,2014,KD,3.3
1495,2018,KD,5.3
1495,2022,KD,6.6
1495,1982,MP,1.5
1495,1985,MP,4.6
1495,1988,MP,8.3
1495,1991,MP,5.8
1495,1994,MP,8.9
1495,1998,MP,6.8
1495,2002,MP,4.5
1495,2006,MP,4.5
1495,2010,MP,6.1
1495,2014,MP,5.1
1495,2018,MP,3.5
1495,2022,MP,2.5
1495,1973,S,38.6
1495,1976,S,35.7
1495,1979,S,34.3
1495,1982,S,39.9
1495,1985,S,39.0
1495,1988,S,42.2
1495,1991,S,33.0
1495,1994,S,41.3
1495,1998,S,36.5
1495,2002,S,38.2
1495,2006,S,36.6
1495,2010,S,35.8
1495,2014,S,35.5
1495,2018,S,29.8
1495,2022,S,30.0
1495,1973,V,2.3
1495,1976,V,2.9
1495,1979,V,4.2
1495,1982,V,3.5
1495,1985,V,2.8
1495,1988,V,2.6
1495,1991,V,2.4
1495,1994,V,3.2
1495,1998,V,7.7
1495,2002,V,7.5
1495,2006,V,4.6
1495,2010,V,4.6
1495,2014,V,4.9
1495,2018,V,5.9
1495,2022,V,6.1
1495,2002,SD,0.0
1495,2006,SD,2.1
1495,2010,SD,4.2
1495,2014,SD,11.7
1495,2018,SD,15.1
1495,2022,SD,19.6
1495,1973,ÖVRIGA,0.0
1495,1976,ÖVRIGA,0.0
1495,1979,ÖVRIGA,9.7
1495,1982,ÖVRIGA,2.0
1495,1985,ÖVRIGA,2.2
1495,1988,ÖVRIGA,0.1
1495,1991,ÖVRIGA,10.9
1495,1994,ÖVRIGA,6.2
1495,1998,ÖVRIGA,0.5
1495,2002,ÖVRIGA,0.4
1495,2006,ÖVRIGA,0.2
1495,2010,ÖVRIGA,0.1
1495,2014,ÖVRIGA,0.6
1495,2018,ÖVRIGA,0.5
1495,2022,ÖVRIGA,0.3
1496,1973,M,13.5
1496,1976,M,13.1
1496,1979,M,17.9
1496,1982,M,20.9
1496,1985,M,18.9
1496,1988,M,15.5
1496,1991,M,16.8
1496,1994,M,12.9
1496,1998,M,19.5
1496,2002,M,16.7
1496,2006,M,26.2
1496,2010,M,26.7
1496,2014,M,24.7
1496,2018,M,24.6
1496,2022,M,20.8
1496,1973,C,28.7
1496,1976,C,28.3
1496,1979,C,21.2
1496,1982,C,19.5
1496,1985,C,15.6
1496,1988,C,16.6
1496,1991,C,20.0
1496,1994,C,30.9
1496,1998,C,21.0
1496,2002,C,15.5
1496,2006,C,13.8
1496,2010,C,11.4
1496,2014,C,10.4
1496,2018,C,9.4
1496,2022,C,6.5
1496,1973,L,12.8
1496,1976,L,13.3
1496,1979,L,12.0
1496,1982,L,6.4
1496,1985,L,13.2
1496,1988,L,11.7
1496,1991,L,8.2
1496,1994,L,4.8
1496,1998,L,4.4
1496,2002,L,8.7
1496,2006,L,7.2
1496,2010,L,9.6
1496,2014,L,7.0
1496,2018,L,6.8
1496,2022,L,3.6
1496,1973,KD,3.0
1496,1976,KD,3.0
1496,1979,KD,3.4
1496,1982,KD,3.5
1496,1985,KD,3.2
1496,1988,KD,4.0
1496,1991,KD,7.0
1496,1994,KD,3.3
1496,1998,KD,9.4
1496,2002,KD,10.2
1496,2006,KD,6.5
1496,2010,KD,5.1
1496,2014,KD,4.6
1496,2018,KD,6.8
1496,2022,KD,5.3
1496,1982,MP,1.7
1496,1985,MP,2.3
1496,1988,MP,6.2
1496,1991,MP,3.5
1496,1994,MP,4.5
1496,1998,MP,4.0
1496,2002,MP,3.3
1496,2006,MP,3.4
1496,2010,MP,5.9
1496,2014,MP,6.8
1496,2018,MP,3.8
1496,2022,MP,2.7
1496,1973,S,37.9
1496,1976,S,37.9
1496,1979,S,40.2
1496,1982,S,43.5
1496,1985,S,42.6
1496,1988,S,41.7
1496,1991,S,34.4
1496,1994,S,37.3
1496,1998,S,32.9
1496,2002,S,37.1
1496,2006,S,34.7
1496,2010,S,31.4
1496,2014,S,32.9
1496,2018,S,29.7
1496,2022,S,26.3
1496,1973,V,3.7
1496,1976,V,3.8
1496,1979,V,4.9
1496,1982,V,4.3
1496,1985,V,4.1
1496,1988,V,4.2
1496,1991,V,3.8
1496,1994,V,4.9
1496,1998,V,8.4
1496,2002,V,7.1
1496,2006,V,5.5
1496,2010,V,4.9
1496,2014,V,4.2
1496,2018,V,5.1
1496,2022,V,5.5
1496,2002,SD,0.0
1496,2006,SD,2.4
1496,2010,SD,4.9
1496,2014,SD,9.0
1496,2018,SD,12.4
1496,2022,SD,14.5
1496,1973,ÖVRIGA,0.4
1496,1976,ÖVRIGA,0.4
1496,1979,ÖVRIGA,0.4
1496,1982,ÖVRIGA,0.1
1496,1985,ÖVRIGA,0.0
1496,1988,ÖVRIGA,0.1
1496,1991,ÖVRIGA,6.3
1496,1994,ÖVRIGA,1.4
1496,1998,ÖVRIGA,0.4
1496,2002,ÖVRIGA,1.5
1496,2006,ÖVRIGA,0.2
1496,2010,ÖVRIGA,0.2
1496,2014,ÖVRIGA,0.6
1496,2018,ÖVRIGA,1.5
1496,2022,ÖVRIGA,14.8
1497,1973,M,17.4
1497,1976,M,18.8
1497,1979,M,21.8
1497,1982,M,24.1
1497,1985,M,27.3
1497,1988,M,25.9
1497,1991,M,24.9
1497,1994,M,20.8
1497,1998,M,16.4
1497,2002,M,18.3
1497,2006,M,31.9
1497,2010,M,29.0
1497,2014,M,29.9
1497,2018,M,32.6
1497,2022,M,36.9
1497,1973,C,26.2
1497,1976,C,28.6
1497,1979,C,22.7
1497,1982,C,20.8
1497,1985,C,15.4
1497,1988,C,14.1
1497,1991,C,11.9
1497,1994,C,10.9
1497,1998,C,11.7
1497,2002,C,9.8
1497,2006,C,7.6
1497,2010,C,8.2
1497,2014,C,8.8
1497,2018,C,10.1
1497,2022,C,6.8
1497,1973,L,10.5
1497,1976,L,9.0
1497,1979,L,9.5
1497,1982,L,7.1
1497,1985,L,10.6
1497,1988,L,10.8
1497,1991,L,9.9
1497,1994,L,10.0
1497,1998,L,29.0
1497,2002,L,20.9
1497,2006,L,8.0
1497,2010,L,11.4
1497,2014,L,6.1
1497,2018,L,4.7
1497,2022,L,3.9
1497,1973,KD,6.2
1497,1976,KD,5.6
1497,1979,KD,5.9
1497,1982,KD,5.3
1497,1985,KD,5.1
1497,1988,KD,5.1
1497,1991,KD,9.5
1497,1994,KD,7.4
1497,1998,KD,10.5
1497,2002,KD,11.3
1497,2006,KD,9.2
1497,2010,KD,6.9
1497,2014,KD,5.2
1497,2018,KD,6.2
1497,2022,KD,6.5
1497,1985,MP,3.0
1497,1988,MP,5.4
1497,1991,MP,3.5
1497,1994,MP,6.7
1497,1998,MP,6.6
1497,2002,MP,2.8
1497,2006,MP,4.6
1497,2010,MP,7.7
1497,2014,MP,6.3
1497,2018,MP,1.0
1497,2022,MP,0.9
1497,1973,S,39.4
1497,1976,S,37.8
1497,1979,S,39.5
1497,1982,S,41.5
1497,1985,S,37.8
1497,1988,S,38.6
1497,1991,S,35.2
1497,1994,S,41.6
1497,1998,S,23.8
1497,2002,S,29.8
1497,2006,S,33.1
1497,2010,S,30.2
1497,2014,S,27.6
1497,2018,S,24.9
1497,2022,S,24.5
1497,1973,V,0.0
1497,1976,V,0.2
1497,1985,V,0.7
1497,1988,V,0.3
1497,1991,V,0.7
1497,1994,V,0.8
1497,1998,V,1.7
1497,2002,V,6.7
1497,2006,V,3.9
1497,2010,V,3.9
1497,2014,V,6.2
1497,2018,V,5.8
1497,2022,V,4.7
1497,2002,SD,0.0
1497,2006,SD,1.6
1497,2010,SD,2.6
1497,2014,SD,9.8
1497,2018,SD,14.4
1497,2022,SD,15.3
1497,1973,ÖVRIGA,0.3
1497,1976,ÖVRIGA,0.0
1497,1979,ÖVRIGA,0.6
1497,1982,ÖVRIGA,1.2
1497,1985,ÖVRIGA,0.0
1497,1988,ÖVRIGA,0.0
1497,1991,ÖVRIGA,4.4
1497,1994,ÖVRIGA,1.8
1497,1998,ÖVRIGA,0.3
1497,2002,ÖVRIGA,0.4
1497,2006,ÖVRIGA,0.1
1497,2010,ÖVRIGA,0.1
1497,2014,ÖVRIGA,0.2
1497,2018,ÖVRIGA,0.3
1497,2022,ÖVRIGA,0.3
1498,1973,M,9.1
1498,1976,M,8.5
1498,1979,M,9.4
1498,1982,M,12.0
1498,1985,M,13.4
1498,1988,M,10.5
1498,1991,M,13.1
1498,1994,M,9.1
1498,1998,M,11.8
1498,2002,M,11.8
1498,2006,M,17.5
1498,2010,M,18.5
1498,2014,M,15.9
1498,2018,M,18.0
1498,2022,M,14.1
1498,1973,C,31.1
1498,1976,C,28.7
1498,1979,C,23.4
1498,1982,C,19.7
1498,1985,C,17.0
1498,1988,C,16.3
1498,1991,C,14.0
1498,1994,C,10.3
1498,1998,C,8.0
1498,2002,C,9.1
1498,2006,C,8.7
1498,2010,C,7.1
1498,2014,C,6.8
1498,2018,C,6.7
1498,2022,C,4.2
1498,1973,L,7.6
1498,1976,L,7.4
1498,1979,L,7.4
1498,1982,L,5.1
1498,1985,L,8.4
1498,1988,L,8.1
1498,1991,L,7.2
1498,1994,L,14.5
1498,1998,L,11.7
1498,2002,L,7.9
1498,2006,L,6.7
1498,2010,L,6.5
1498,2014,L,6.2
1498,2018,L,6.9
1498,2022,L,9.3
1498,1973,KD,3.4
1498,1976,KD,3.7
1498,1979,KD,3.3
1498,1982,KD,3.5
1498,1985,KD,3.3
1498,1988,KD,3.7
1498,1991,KD,5.6
1498,1994,KD,3.4
1498,1998,KD,6.3
1498,2002,KD,7.3
1498,2006,KD,5.9
1498,2010,KD,4.0
1498,2014,KD,3.8
1498,2018,KD,4.8
1498,2022,KD,5.3
1498,1985,MP,1.1
1498,1988,MP,3.4
1498,1991,MP,1.5
1498,1994,MP,2.2
1498,1998,MP,2.1
1498,2002,MP,2.2
1498,2006,MP,2.0
1498,2010,MP,4.2
1498,2014,MP,5.5
1498,2018,MP,2.8
1498,2022,MP,2.2
1498,1973,S,43.2
1498,1976,S,40.6
1498,1979,S,43.2
1498,1982,S,45.9
1498,1985,S,46.8
1498,1988,S,45.7
1498,1991,S,38.2
1498,1994,S,44.8
1498,1998,S,39.3
1498,2002,S,45.3
1498,2006,S,49.7
1498,2010,S,49.3
1498,2014,S,47.2
1498,2018,S,43.4
1498,2022,S,31.5
1498,1973,V,5.3
1498,1976,V,6.9
1498,1979,V,3.6
1498,1982,V,3.2
1498,1985,V,3.3
1498,1988,V,3.8
1498,1991,V,3.6
1498,1994,V,5.2
1498,1998,V,8.4
1498,2002,V,8.3
1498,2006,V,7.0
1498,2010,V,6.1
1498,2014,V,5.6
1498,2018,V,5.1
1498,2022,V,4.0
1498,2002,SD,0.0
1498,2006,SD,2.0
1498,2010,SD,3.6
1498,2014,SD,8.6
1498,2018,SD,12.2
1498,2022,SD,13.7
1498,1973,ÖVRIGA,0.2
1498,1976,ÖVRIGA,4.3
1498,1979,ÖVRIGA,9.7
1498,1982,ÖVRIGA,10.6
1498,1985,ÖVRIGA,6.6
1498,1988,ÖVRIGA,8.5
1498,1991,ÖVRIGA,16.7
1498,1994,ÖVRIGA,10.5
1498,1998,ÖVRIGA,12.5
1498,2002,ÖVRIGA,8.2
1498,2006,ÖVRIGA,0.6
1498,2010,ÖVRIGA,0.7
1498,2014,ÖVRIGA,0.5
1498,2018,ÖVRIGA,0.2
1498,2022,ÖVRIGA,15.8
1499,1973,M,15.1
1499,1976,M,14.8
1499,1979,M,18.5
1499,1982,M,21.3
1499,1985,M,20.6
1499,1988,M,16.5
1499,1991,M,30.3
1499,1994,M,21.6
1499,1998,M,20.4
1499,2002,M,16.8
1499,2006,M,17.7
1499,2010,M,25.1
1499,2014,M,16.3
1499,2018,M,16.8
1499,2022,M,22.1
1499,1973,C,37.9
1499,1976,C,38.9
1499,1979,C,31.8
1499,1982,C,27.7
1499,1985,C,24.0
1499,1988,C,25.1
1499,1991,C,15.9
1499,1994,C,18.0
1499,1998,C,14.2
1499,2002,C,15.0
1499,2006,C,16.4
1499,2010,C,10.8
1499,2014,C,10.7
1499,2018,C,13.8
1499,2022,C,9.1
1499,1973,L,9.7
1499,1976,L,9.4
1499,1979,L,9.1
1499,1982,L,5.9
1499,1985,L,11.2
1499,1988,L,8.5
1499,1991,L,5.6
1499,1994,L,4.3
1499,1998,L,3.8
1499,2002,L,6.8
1499,2006,L,4.4
1499,2010,L,4.5
1499,2014,L,3.3
1499,2018,L,3.3
1499,2022,L,2.7
1499,1973,KD,4.1
1499,1976,KD,3.7
1499,1979,KD,4.2
1499,1982,KD,4.3
1499,1985,KD,3.7
1499,1988,KD,5.0
1499,1991,KD,7.7
1499,1994,KD,5.3
1499,1998,KD,13.4
1499,2002,KD,12.1
1499,2006,KD,9.7
1499,2010,KD,9.0
1499,2014,KD,6.7
1499,2018,KD,9.1
1499,2022,KD,7.2
1499,1982,MP,1.3
1499,1985,MP,2.6
1499,1988,MP,5.7
1499,1991,MP,4.6
1499,1994,MP,8.2
1499,1998,MP,4.7
1499,2002,MP,3.8
1499,2006,MP,3.5
1499,2010,MP,4.9
1499,2014,MP,5.5
1499,2018,MP,2.7
1499,2022,MP,2.5
1499,1973,S,30.9
1499,1976,S,30.9
1499,1979,S,32.8
1499,1982,S,35.1
1499,1985,S,34.5
1499,1988,S,36.0
1499,1991,S,25.1
1499,1994,S,34.5
1499,1998,S,33.2
1499,2002,S,38.0
1499,2006,S,39.7
1499,2010,S,32.9
1499,2014,S,31.9
1499,2018,S,31.0
1499,2022,S,29.9
1499,1973,V,2.0
1499,1976,V,2.3
1499,1979,V,3.2
1499,1982,V,2.7
1499,1985,V,3.3
1499,1988,V,3.1
1499,1991,V,6.2
1499,1994,V,7.1
1499,1998,V,9.7
1499,2002,V,6.6
1499,2006,V,4.4
1499,2010,V,4.0
1499,2014,V,4.2
1499,2018,V,5.5
1499,2022,V,5.8
1499,2002,SD,0.0
1499,2006,SD,4.0
1499,2010,SD,8.6
1499,2014,SD,21.1
1499,2018,SD,17.2
1499,2022,SD,20.2
1499,1973,ÖVRIGA,0.3
1499,1976,ÖVRIGA,0.1
1499,1979,ÖVRIGA,0.4
1499,1982,ÖVRIGA,1.6
1499,1985,ÖVRIGA,0.1
1499,1988,ÖVRIGA,0.0
1499,1991,ÖVRIGA,4.6
1499,1994,ÖVRIGA,0.9
1499,1998,ÖVRIGA,0.7
1499,2002,ÖVRIGA,1.0
1499,2006,ÖVRIGA,0.2
1499,2010,ÖVRIGA,0.1
1499,2014,ÖVRIGA,0.3
1499,2018,ÖVRIGA,0.5
1499,2022,ÖVRIGA,0.4
1715,1973,M,10.0
1715,1976,M,11.5
1715,1979,M,15.2
1715,1982,M,19.9
1715,1985,M,21.8
1715,1988,M,17.5
1715,1991,M,19.8
1715,1994,M,21.4
1715,1998,M,22.4
1715,2002,M,26.0
1715,2006,M,19.3
1715,2010,M,20.9
1715,2014,M,16.9
1715,2018,M,15.0
1715,2022,M,18.4
1715,1973,C,27.9
1715,1976,C,24.2
1715,1979,C,21.3
1715,1982,C,19.7
1715,1985,C,17.3
1715,1988,C,17.6
1715,1991,C,16.3
1715,1994,C,13.7
1715,1998,C,14.7
1715,2002,C,12.8
1715,2006,C,16.3
1715,2010,C,14.6
1715,2014,C,16.7
1715,2018,C,19.9
1715,2022,C,12.9
1715,1973,L,21.0
1715,1976,L,25.7
1715,1979,L,19.7
1715,1982,L,12.3
1715,1985,L,13.3
1715,1988,L,12.8
1715,1991,L,8.9
1715,1994,L,6.8
1715,1998,L,5.5
1715,2002,L,9.1
1715,2006,L,5.2
1715,2010,L,4.7
1715,2014,L,2.5
1715,2018,L,4.6
1715,2022,L,3.6
1715,1973,KD,0.5
1715,1976,KD,0.6
1715,1982,KD,0.1
1715,1985,KD,0.1
1715,1988,KD,0.4
1715,1991,KD,6.1
1715,1994,KD,2.5
1715,1998,KD,8.1
1715,2002,KD,7.0
1715,2006,KD,6.8
1715,2010,KD,5.0
1715,2014,KD,2.9
1715,2018,KD,1.4
1715,2022,KD,3.3
1715,1982,MP,0.3
1715,1985,MP,0.8
1715,1988,MP,4.4
1715,1991,MP,4.1
1715,1994,MP,7.1
1715,1998,MP,7.5
1715,2002,MP,4.0
1715,2006,MP,4.6
1715,2010,MP,5.8
1715,2014,MP,5.0
1715,2018,MP,4.4
1715,2022,MP,4.9
1715,1973,S,37.8
1715,1976,S,37.7
1715,1979,S,39.5
1715,1982,S,43.8
1715,1985,S,41.0
1715,1988,S,42.0
1715,1991,S,35.5
1715,1994,S,42.7
1715,1998,S,33.9
1715,2002,S,33.5
1715,2006,S,43.3
1715,2010,S,40.3
1715,2014,S,42.5
1715,2018,S,33.2
1715,2022,S,32.8
1715,1973,V,2.4
1715,1979,V,3.7
1715,1982,V,4.0
1715,1985,V,5.7
1715,1988,V,5.2
1715,1991,V,4.4
1715,1994,V,4.5
1715,1998,V,7.5
1715,2002,V,6.1
1715,2006,V,1.4
1715,2010,V,4.2
1715,2014,V,4.4
1715,2018,V,5.5
1715,2022,V,3.7
1715,2002,SD,1.2
1715,2006,SD,2.9
1715,2010,SD,3.7
1715,2014,SD,8.7
1715,2018,SD,15.8
1715,2022,SD,20.2
1715,1973,ÖVRIGA,0.3
1715,1976,ÖVRIGA,0.3
1715,1979,ÖVRIGA,0.6
1715,1982,ÖVRIGA,0.1
1715,1985,ÖVRIGA,0.0
1715,1988,ÖVRIGA,0.1
1715,1991,ÖVRIGA,5.0
1715,1994,ÖVRIGA,1.1
1715,1998,ÖVRIGA,0.3
1715,2002,ÖVRIGA,0.2
1715,2006,ÖVRIGA,0.1
1715,2010,ÖVRIGA,0.9
1715,2014,ÖVRIGA,0.4
1715,2018,ÖVRIGA,0.2
1715,2022,ÖVRIGA,0.2
1730,1973,M,8.6
1730,1976,M,9.4
1730,1979,M,11.6
1730,1982,M,13.5
1730,1985,M,12.9
1730,1988,M,11.1
1730,1991,M,14.1
1730,1994,M,9.3
1730,1998,M,9.8
1730,2002,M,7.5
1730,2006,M,8.8
1730,2010,M,11.6
1730,2014,M,9.8
1730,2018,M,12.3
1730,2022,M,14.7
1730,1973,C,27.9
1730,1976,C,30.0
1730,1979,C,26.2
1730,1982,C,23.1
1730,1985,C,21.8
1730,1988,C,22.1
1730,1991,C,21.0
1730,1994,C,15.3
1730,1998,C,13.3
1730,2002,C,25.1
1730,2006,C,30.3
1730,2010,C,27.9
1730,2014,C,14.3
1730,2018,C,18.8
1730,2022,C,14.7
1730,1973,L,7.1
1730,1976,L,7.3
1730,1979,L,7.6
1730,1982,L,5.4
1730,1985,L,9.0
1730,1988,L,7.3
1730,1991,L,6.5
1730,1994,L,3.4
1730,1998,L,2.8
1730,2002,L,5.2
1730,2006,L,2.6
1730,2010,L,2.1
1730,2014,L,2.3
1730,2018,L,3.4
1730,2022,L,3.2
1730,1973,KD,0.0
1730,1976,KD,0.9
1730,1982,KD,0.0
1730,1985,KD,0.2
1730,1988,KD,0.4
1730,1991,KD,2.0
1730,1994,KD,1.0
1730,1998,KD,1.0
1730,2002,KD,3.6
1730,2006,KD,3.3
1730,2010,KD,2.7
1730,2014,KD,2.8
1730,2018,KD,4.3
1730,2022,KD,8.1
1730,1982,MP,0.0
1730,1985,MP,0.7
1730,1988,MP,2.2
1730,1991,MP,1.6
1730,1994,MP,1.5
1730,1998,MP,1.3
1730,2002,MP,1.7
1730,2006,MP,0.9
1730,2010,MP,0.7
1730,2014,MP,0.7
1730,2018,MP,0.3
1730,2022,MP,0.6
1730,1973,S,51.8
1730,1976,S,49.8
1730,1979,S,51.0
1730,1982,S,54.4
1730,1985,S,52.1
1730,1988,S,52.8
1730,1991,S,47.7
1730,1994,S,47.6
1730,1998,S,39.7
1730,2002,S,43.1
1730,2006,S,38.1
1730,2010,S,30.1
1730,2014,S,28.9
1730,2018,S,30.0
1730,2022,S,25.4
1730,1973,V,3.6
1730,1976,V,2.5
1730,1979,V,3.4
1730,1982,V,3.2
1730,1985,V,3.3
1730,1988,V,4.1
1730,1991,V,3.3
1730,1994,V,4.1
1730,1998,V,5.3
1730,2002,V,3.4
1730,2006,V,2.1
1730,2010,V,1.5
1730,2014,V,7.2
1730,2018,V,5.5
1730,2022,V,4.4
1730,2002,SD,0.0
1730,2006,SD,1.2
1730,2010,SD,2.0
1730,2014,SD,6.0
1730,2018,SD,11.9
1730,2022,SD,16.8
1730,1973,ÖVRIGA,1.0
1730,1976,ÖVRIGA,0.1
1730,1979,ÖVRIGA,0.2
1730,1982,ÖVRIGA,0.3
1730,1985,ÖVRIGA,0.0
1730,1988,ÖVRIGA,0.1
1730,1991,ÖVRIGA,3.8
1730,1994,ÖVRIGA,17.9
1730,1998,ÖVRIGA,26.8
1730,2002,ÖVRIGA,10.4
1730,2006,ÖVRIGA,12.6
1730,2010,ÖVRIGA,21.6
1730,2014,ÖVRIGA,28.0
1730,2018,ÖVRIGA,13.6
1730,2022,ÖVRIGA,12.2
1737,1973,M,9.3
1737,1976,M,11.2
1737,1979,M,12.0
1737,1982,M,14.2
1737,1985,M,16.0
1737,1988,M,13.9
1737,1991,M,22.5
1737,1994,M,28.0
1737,1998,M,24.8
1737,2002,M,20.8
1737,2006,M,20.1
1737,2010,M,23.4
1737,2014,M,17.7
1737,2018,M,15.7
1737,2022,M,17.8
1737,1973,C,26.5
1737,1976,C,26.2
1737,1979,C,25.2
1737,1982,C,21.2
1737,1985,C,17.4
1737,1988,C,18.0
1737,1991,C,17.1
1737,1994,C,10.5
1737,1998,C,9.8
1737,2002,C,15.1
1737,2006,C,15.6
1737,2010,C,10.7
1737,2014,C,12.6
1737,2018,C,16.1
1737,2022,C,10.1
1737,1973,L,6.2
1737,1976,L,6.8
1737,1979,L,5.3
1737,1982,L,3.5
1737,1985,L,6.4
1737,1988,L,5.9
1737,1991,L,3.8
1737,1994,L,1.7
1737,1998,L,1.9
1737,2002,L,3.4
1737,2006,L,2.3
1737,2010,L,2.6
1737,2014,L,2.4
1737,2018,L,4.3
1737,2022,L,0.7
1737,1973,KD,0.8
1737,1976,KD,0.9
1737,1979,KD,0.9
1737,1982,KD,1.0
1737,1985,KD,1.2
1737,1988,KD,1.8
1737,1991,KD,3.4
1737,1994,KD,1.6
1737,1998,KD,4.3
1737,2002,KD,4.4
1737,2006,KD,2.4
1737,2010,KD,1.7
1737,2014,KD,1.3
1737,2018,KD,2.5
1737,2022,KD,5.0
1737,1982,MP,2.2
1737,1985,MP,2.6
1737,1988,MP,4.1
1737,1991,MP,2.4
1737,1994,MP,2.3
1737,1998,MP,2.9
1737,2002,MP,2.1
1737,2006,MP,1.7
1737,2010,MP,2.5
1737,2014,MP,2.2
1737,2018,MP,1.6
1737,2022,MP,1.3
1737,1973,S,45.0
1737,1976,S,44.1
1737,1979,S,47.9
1737,1982,S,50.8
1737,1985,S,49.8
1737,1988,S,50.0
1737,1991,S,42.7
1737,1994,S,48.4
1737,1998,S,41.0
1737,2002,S,40.8
1737,2006,S,45.9
1737,2010,S,47.9
1737,2014,S,46.4
1737,2018,S,37.2
1737,2022,S,31.2
1737,1973,V,9.4
1737,1976,V,7.9
1737,1979,V,8.6
1737,1982,V,7.2
1737,1985,V,6.4
1737,1988,V,6.3
1737,1991,V,6.0
1737,1994,V,7.2
1737,1998,V,15.0
1737,2002,V,12.5
1737,2006,V,9.1
1737,2010,V,8.0
1737,2014,V,7.4
1737,2018,V,7.5
1737,2022,V,5.0
1737,2002,SD,0.8
1737,2006,SD,2.7
1737,2010,SD,2.9
1737,2014,SD,9.6
1737,2018,SD,14.8
1737,2022,SD,15.1
1737,1973,ÖVRIGA,2.9
1737,1976,ÖVRIGA,2.9
1737,1979,ÖVRIGA,0.1
1737,1982,ÖVRIGA,0.0
1737,1985,ÖVRIGA,0.0
1737,1988,ÖVRIGA,0.0
1737,1991,ÖVRIGA,2.0
1737,1994,ÖVRIGA,0.3
1737,1998,ÖVRIGA,0.3
1737,2002,ÖVRIGA,0.2
1737,2006,ÖVRIGA,0.1
1737,2010,ÖVRIGA,0.3
1737,2014,ÖVRIGA,0.5
1737,2018,ÖVRIGA,0.4
1737,2022,ÖVRIGA,13.8
1760,1973,M,9.0
1760,1976,M,9.7
1760,1979,M,10.9
1760,1982,M,13.2
1760,1985,M,14.3
1760,1988,M,12.6
1760,1991,M,12.7
1760,1994,M,13.4
1760,1998,M,14.9
1760,2002,M,10.7
1760,2006,M,12.5
1760,2010,M,14.8
1760,2014,M,12.0
1760,2018,M,9.5
1760,2022,M,25.7
1760,1973,C,21.2
1760,1976,C,20.6
1760,1979,C,18.1
1760,1982,C,15.8
1760,1985,C,13.5
1760,1988,C,14.5
1760,1991,C,13.1
1760,1994,C,10.5
1760,1998,C,7.0
1760,2002,C,9.2
1760,2006,C,11.0
1760,2010,C,12.0
1760,2014,C,13.5
1760,2018,C,14.8
1760,2022,C,10.8
1760,1973,L,6.2
1760,1976,L,6.7
1760,1979,L,7.6
1760,1982,L,5.0
1760,1985,L,9.8
1760,1988,L,9.3
1760,1991,L,6.7
1760,1994,L,5.1
1760,1998,L,2.4
1760,2002,L,1.7
1760,2006,L,0.8
1760,2010,L,1.1
1760,2014,L,1.1
1760,2018,L,1.0
1760,2022,L,0.5
1760,1973,KD,1.2
1760,1976,KD,1.5
1760,1979,KD,0.8
1760,1982,KD,0.1
1760,1985,KD,0.2
1760,1988,KD,0.6
1760,1991,KD,3.8
1760,1994,KD,2.2
1760,1998,KD,3.7
1760,2002,KD,3.8
1760,2006,KD,2.4
1760,2010,KD,2.6
1760,2014,KD,2.3
1760,2018,KD,3.0
1760,2022,KD,3.4
1760,1982,MP,0.2
1760,1985,MP,0.6
1760,1988,MP,2.2
1760,1991,MP,0.8
1760,1994,MP,3.6
1760,1998,MP,2.4
1760,2002,MP,1.5
1760,2006,MP,0.7
1760,2010,MP,2.7
1760,2014,MP,1.3
1760,2018,MP,0.4
1760,2022,MP,0.5
1760,1973,S,61.0
1760,1976,S,60.5
1760,1979,S,56.4
1760,1982,S,59.0
1760,1985,S,55.0
1760,1988,S,51.9
1760,1991,S,49.9
1760,1994,S,53.4
1760,1998,S,37.4
1760,2002,S,43.5
1760,2006,S,43.2
1760,2010,S,53.2
1760,2014,S,43.7
1760,2018,S,46.0
1760,2022,S,32.1
1760,1973,V,0.0
1760,1979,V,6.1
1760,1982,V,6.5
1760,1985,V,6.5
1760,1988,V,9.0
1760,1991,V,8.8
1760,1994,V,11.1
1760,1998,V,14.7
1760,2002,V,9.4
1760,2006,V,8.7
1760,2010,V,9.7
1760,2014,V,12.8
1760,2018,V,9.3
1760,2022,V,8.0
1760,2002,SD,0.0
1760,2006,SD,1.1
1760,2010,SD,3.7
1760,2014,SD,12.9
1760,2018,SD,10.5
1760,2022,SD,17.8
1760,1973,ÖVRIGA,1.3
1760,1976,ÖVRIGA,0.9
1760,1979,ÖVRIGA,0.1
1760,1982,ÖVRIGA,0.2
1760,1985,ÖVRIGA,0.0
1760,1988,ÖVRIGA,0.1
1760,1991,ÖVRIGA,4.2
1760,1994,ÖVRIGA,0.6
1760,1998,ÖVRIGA,17.4
1760,2002,ÖVRIGA,20.2
1760,2006,ÖVRIGA,19.6
1760,2010,ÖVRIGA,0.2
1760,2014,ÖVRIGA,0.3
1760,2018,ÖVRIGA,5.6
1760,2022,ÖVRIGA,1.2
1761,1973,M,7.7
1761,1976,M,10.9
1761,1979,M,16.7
1761,1982,M,20.6
1761,1985,M,19.5
1761,1988,M,17.5
1761,1991,M,21.6
1761,1994,M,19.6
1761,1998,M,22.6
1761,2002,M,16.6
1761,2006,M,22.4
1761,2010,M,26.7
1761,2014,M,20.5
1761,2018,M,22.0
1761,2022,M,23.3
1761,1973,C,17.8
1761,1976,C,18.2
1761,1979,C,12.7
1761,1982,C,9.3
1761,1985,C,6.3
1761,1988,C,7.8
1761,1991,C,6.7
1761,1994,C,4.9
1761,1998,C,4.0
1761,2002,C,5.3
1761,2006,C,7.1
1761,2010,C,5.1
1761,2014,C,5.0
1761,2018,C,6.5
1761,2022,C,5.4
1761,1973,L,9.2
1761,1976,L,9.3
1761,1979,L,7.9
1761,1982,L,4.8
1761,1985,L,11.0
1761,1988,L,10.3
1761,1991,L,9.4
1761,1994,L,7.7
1761,1998,L,5.2
1761,2002,L,10.4
1761,2006,L,7.3
1761,2010,L,7.5
1761,2014,L,5.9
1761,2018,L,8.3
1761,2022,L,6.4
1761,1973,KD,0.0
1761,1982,KD,0.0
1761,1985,KD,0.1
1761,1988,KD,0.3
1761,1991,KD,2.2
1761,1994,KD,1.0
1761,1998,KD,5.9
1761,2002,KD,8.3
1761,2006,KD,9.1
1761,2010,KD,8.6
1761,2014,KD,8.0
1761,2018,KD,7.0
1761,2022,KD,6.2
1761,1982,MP,1.5
1761,1985,MP,1.9
1761,1988,MP,3.1
1761,1991,MP,3.0
1761,1994,MP,4.6
1761,1998,MP,5.0
1761,2002,MP,3.7
1761,2006,MP,3.0
1761,2010,MP,5.5
1761,2014,MP,7.4
1761,2018,MP,5.5
1761,2022,MP,5.7
1761,1973,S,59.2
1761,1976,S,56.2
1761,1979,S,55.9
1761,1982,S,57.4
1761,1985,S,51.6
1761,1988,S,51.1
1761,1991,S,46.0
1761,1994,S,54.5
1761,1998,S,44.2
1761,2002,S,45.3
1761,2006,S,42.1
1761,2010,S,39.7
1761,2014,S,42.5
1761,2018,S,35.7
1761,2022,S,36.3
1761,1973,V,5.9
1761,1976,V,5.3
1761,1979,V,5.5
1761,1982,V,5.0
1761,1988,V,2.0
1761,1991,V,1.0
1761,1994,V,7.1
1761,1998,V,12.8
1761,2002,V,8.5
1761,2006,V,6.4
1761,2010,V,4.2
1761,2014,V,5.1
1761,2018,V,5.8
1761,2022,V,4.6
1761,2002,SD,1.3
1761,2006,SD,2.3
1761,2010,SD,2.6
1761,2014,SD,5.4
1761,2018,SD,9.0
1761,2022,SD,9.8
1761,1973,ÖVRIGA,0.1
1761,1976,ÖVRIGA,0.1
1761,1979,ÖVRIGA,1.4
1761,1982,ÖVRIGA,1.5
1761,1985,ÖVRIGA,9.6
1761,1988,ÖVRIGA,7.9
1761,1991,ÖVRIGA,10.2
1761,1994,ÖVRIGA,0.8
1761,1998,ÖVRIGA,0.3
1761,2002,ÖVRIGA,0.5
1761,2006,ÖVRIGA,0.2
1761,2010,ÖVRIGA,0.0
1761,2014,ÖVRIGA,0.3
1761,2018,ÖVRIGA,0.2
1761,2022,ÖVRIGA,2.3
1762,1973,M,3.9
1762,1976,M,4.2
1762,1979,M,5.9
1762,1982,M,6.6
1762,1985,M,6.5
1762,1988,M,4.5
1762,1991,M,6.5
1762,1994,M,5.6
1762,1998,M,7.3
1762,2002,M,4.6
1762,2006,M,2.3
1762,2010,M,1.9
1762,2014,M,4.3
1762,2018,M,2.2
1762,2022,M,2.9
1762,1973,C,0.9
1762,1976,C,14.4
1762,1979,C,15.4
1762,1982,C,13.8
1762,1985,C,12.6
1762,1988,C,12.5
1762,1991,C,14.9
1762,1994,C,12.7
1762,1998,C,12.4
1762,2002,C,16.6
1762,2006,C,21.0
1762,2010,C,18.9
1762,2014,C,12.7
1762,2018,C,16.4
1762,2022,C,11.2
1762,1973,L,0.3
1762,1976,L,9.4
1762,1979,L,7.7
1762,1982,L,5.7
1762,1985,L,8.5
1762,1988,L,8.3
1762,1991,L,9.3
1762,1994,L,6.9
1762,1998,L,5.6
1762,2002,L,8.2
1762,2006,L,15.3
1762,2010,L,15.1
1762,2014,L,11.6
1762,2018,L,2.2
1762,2022,L,2.5
1762,1973,KD,1.0
1762,1982,KD,0.2
1762,1985,KD,0.1
1762,1988,KD,0.4
1762,1991,KD,0.3
1762,1994,KD,0.3
1762,1998,KD,0.8
1762,2002,KD,0.8
1762,2006,KD,0.3
1762,2010,KD,0.3
1762,2014,KD,0.2
1762,2018,KD,0.8
1762,2022,KD,1.1
1762,1982,MP,0.3
1762,1985,MP,0.5
1762,1988,MP,1.3
1762,1991,MP,0.4
1762,1994,MP,0.6
1762,1998,MP,0.9
1762,2002,MP,0.8
1762,2006,MP,1.0
1762,2010,MP,0.8
1762,2014,MP,2.5
1762,2018,MP,0.3
1762,2022,MP,0.9
1762,1973,S,54.8
1762,1976,S,60.7
1762,1979,S,65.3
1762,1982,S,68.4
1762,1985,S,65.9
1762,1988,S,65.4
1762,1991,S,57.6
1762,1994,S,61.9
1762,1998,S,54.5
1762,2002,S,56.0
1762,2006,S,48.7
1762,2010,S,52.4
1762,2014,S,57.5
1762,2018,S,63.3
1762,2022,S,58.3
1762,1973,V,4.3
1762,1976,V,3.5
1762,1979,V,5.6
1762,1982,V,5.0
1762,1985,V,5.8
1762,1988,V,7.4
1762,1991,V,9.4
1762,1994,V,11.2
1762,1998,V,18.1
1762,2002,V,11.6
1762,2006,V,9.1
1762,2010,V,6.9
1762,2014,V,4.3
1762,2018,V,4.1
1762,2022,V,7.0
1762,2002,SD,0.0
1762,2006,SD,1.9
1762,2010,SD,3.5
1762,2014,SD,6.8
1762,2018,SD,8.8
1762,2022,SD,15.8
1762,1973,ÖVRIGA,34.8
1762,1976,ÖVRIGA,7.7
1762,1979,ÖVRIGA,0.1
1762,1982,ÖVRIGA,0.0
1762,1988,ÖVRIGA,0.2
1762,1991,ÖVRIGA,1.6
1762,1994,ÖVRIGA,0.9
1762,1998,ÖVRIGA,0.5
1762,2002,ÖVRIGA,1.2
1762,2006,ÖVRIGA,0.4
1762,2010,ÖVRIGA,0.2
1762,2014,ÖVRIGA,0.1
1762,2018,ÖVRIGA,2.0
1762,2022,ÖVRIGA,0.3
1763,1973,M,6.1
1763,1976,M,8.1
1763,1979,M,10.1
1763,1982,M,13.9
1763,1985,M,16.2
1763,1988,M,11.9
1763,1991,M,17.3
1763,1994,M,13.2
1763,1998,M,15.8
1763,2002,M,10.1
1763,2006,M,12.6
1763,2010,M,16.1
1763,2014,M,14.6
1763,2018,M,14.6
1763,2022,M,14.2
1763,1973,C,22.2
1763,1976,C,24.1
1763,1979,C,23.2
1763,1982,C,17.7
1763,1985,C,12.6
1763,1988,C,14.0
1763,1991,C,14.4
1763,1994,C,11.7
1763,1998,C,10.0
1763,2002,C,11.3
1763,2006,C,11.5
1763,2010,C,10.9
1763,2014,C,13.3
1763,2018,C,12.7
1763,2022,C,7.5
1763,1973,L,7.7
1763,1976,L,8.8
1763,1979,L,8.1
1763,1982,L,4.4
1763,1985,L,9.4
1763,1988,L,9.6
1763,1991,L,9.8
1763,1994,L,6.0
1763,1998,L,5.5
1763,2002,L,7.4
1763,2006,L,4.8
1763,2010,L,4.1
1763,2014,L,2.7
1763,2018,L,2.1
1763,2022,L,2.9
1763,1973,KD,1.2
1763,1976,KD,1.1
1763,1979,KD,1.1
1763,1982,KD,1.3
1763,1985,KD,1.3
1763,1988,KD,1.4
1763,1991,KD,3.8
1763,1994,KD,2.3
1763,1998,KD,3.4
1763,2002,KD,4.9
1763,2006,KD,3.9
1763,2010,KD,2.9
1763,2014,KD,2.8
1763,2018,KD,3.9
1763,2022,KD,5.2
1763,1982,MP,1.2
1763,1985,MP,0.8
1763,1988,MP,4.3
1763,1991,MP,1.5
1763,1994,MP,3.7
1763,1998,MP,4.2
1763,2002,MP,2.9
1763,2006,MP,2.3
1763,2010,MP,3.0
1763,2014,MP,3.8
1763,2018,MP,2.0
1763,2022,MP,1.8
1763,1973,S,57.7
1763,1976,S,54.6
1763,1979,S,52.7
1763,1982,S,57.8
1763,1985,S,56.2
1763,1988,S,56.4
1763,1991,S,45.5
1763,1994,S,56.7
1763,1998,S,51.7
1763,2002,S,54.6
1763,2006,S,56.1
1763,2010,S,55.0
1763,2014,S,47.3
1763,2018,S,42.2
1763,2022,S,42.3
1763,1973,V,5.0
1763,1976,V,3.2
1763,1979,V,4.7
1763,1982,V,3.5
1763,1985,V,3.5
1763,1988,V,2.4
1763,1991,V,3.3
1763,1994,V,4.2
1763,1998,V,8.9
1763,2002,V,6.4
1763,2006,V,3.9
1763,2010,V,4.0
1763,2014,V,4.1
1763,2018,V,5.4
1763,2022,V,4.8
1763,2002,SD,1.9
1763,2006,SD,4.8
1763,2010,SD,3.8
1763,2014,SD,9.2
1763,2018,SD,13.1
1763,2022,SD,18.3
1763,1973,ÖVRIGA,0.0
1763,1976,ÖVRIGA,0.0
1763,1979,ÖVRIGA,0.1
1763,1982,ÖVRIGA,0.2
1763,1985,ÖVRIGA,0.0
1763,1988,ÖVRIGA,0.1
1763,1991,ÖVRIGA,4.4
1763,1994,ÖVRIGA,2.2
1763,1998,ÖVRIGA,0.6
1763,2002,ÖVRIGA,0.5
1763,2006,ÖVRIGA,0.3
1763,2010,ÖVRIGA,0.1
1763,2014,ÖVRIGA,2.3
1763,2018,ÖVRIGA,3.9
1763,2022,ÖVRIGA,2.9
1764,1973,M,4.7
1764,1976,M,6.4
1764,1979,M,8.0
1764,1982,M,11.0
1764,1985,M,11.2
1764,1988,M,9.4
1764,1991,M,9.1
1764,1994,M,8.4
1764,1998,M,10.3
1764,2002,M,9.4
1764,2006,M,14.6
1764,2010,M,20.1
1764,2014,M,16.3
1764,2018,M,11.7
1764,2022,M,19.1
1764,1973,C,26.5
1764,1976,C,25.6
1764,1979,C,23.0
1764,1982,C,17.8
1764,1985,C,14.3
1764,1988,C,17.8
1764,1991,C,12.9
1764,1994,C,12.6
1764,1998,C,11.8
1764,2002,C,14.3
1764,2006,C,12.1
1764,2010,C,12.4
1764,2014,C,11.1
1764,2018,C,8.9
1764,2022,C,6.7
1764,1973,L,5.3
1764,1976,L,7.2
1764,1979,L,6.3
1764,1982,L,4.3
1764,1985,L,8.1
1764,1988,L,7.0
1764,1991,L,5.0
1764,1994,L,3.6
1764,1998,L,2.7
1764,2002,L,2.1
1764,2006,L,2.7
1764,2010,L,2.4
1764,2014,L,2.1
1764,2018,L,0.7
1764,2022,L,0.7
1764,1973,KD,1.4
1764,1976,KD,1.0
1764,1979,KD,1.1
1764,1982,KD,1.1
1764,1985,KD,0.9
1764,1988,KD,0.4
1764,1991,KD,1.0
1764,1994,KD,0.4
1764,1998,KD,1.3
1764,2002,KD,5.0
1764,2006,KD,3.5
1764,2010,KD,0.6
1764,2014,KD,0.9
1764,2018,KD,1.1
1764,2022,KD,1.5
1764,1982,MP,0.2
1764,1985,MP,0.7
1764,1988,MP,2.1
1764,1991,MP,2.0
1764,1994,MP,4.0
1764,1998,MP,2.7
1764,2002,MP,1.5
1764,2006,MP,1.1
1764,2010,MP,3.1
1764,2014,MP,5.1
1764,2018,MP,3.1
1764,2022,MP,2.1
1764,1973,S,56.5
1764,1976,S,55.1
1764,1979,S,54.4
1764,1982,S,59.4
1764,1985,S,59.5
1764,1988,S,56.4
1764,1991,S,48.1
1764,1994,S,54.1
1764,1998,S,42.4
1764,2002,S,52.7
1764,2006,S,50.3
1764,2010,S,53.1
1764,2014,S,51.0
1764,2018,S,56.0
1764,2022,S,46.5
1764,1973,V,5.6
1764,1976,V,4.6
1764,1979,V,6.8
1764,1982,V,5.9
1764,1985,V,5.2
1764,1988,V,6.8
1764,1991,V,5.1
1764,1994,V,5.7
1764,1998,V,9.1
1764,2002,V,5.9
1764,2006,V,4.9
1764,2010,V,4.2
1764,2014,V,4.1
1764,2018,V,3.3
1764,2022,V,3.8
1764,2002,SD,0.0
1764,2006,SD,1.3
1764,2010,SD,3.6
1764,2014,SD,8.7
1764,2018,SD,15.0
1764,2022,SD,18.8
1764,1973,ÖVRIGA,0.0
1764,1979,ÖVRIGA,0.4
1764,1982,ÖVRIGA,0.3
1764,1985,ÖVRIGA,0.1
1764,1988,ÖVRIGA,0.1
1764,1991,ÖVRIGA,16.7
1764,1994,ÖVRIGA,11.2
1764,1998,ÖVRIGA,19.8
1764,2002,ÖVRIGA,9.1
1764,2006,ÖVRIGA,9.5
1764,2010,ÖVRIGA,0.5
1764,2014,ÖVRIGA,0.7
1764,2018,ÖVRIGA,0.2
1764,2022,ÖVRIGA,0.8
1765,1973,M,13.6
1765,1976,M,15.7
1765,1979,M,16.7
1765,1982,M,18.8
1765,1985,M,18.0
1765,1988,M,12.9
1765,1991,M,14.4
1765,1994,M,12.2
1765,1998,M,13.2
1765,2002,M,8.9
1765,2006,M,11.5
1765,2010,M,11.6
1765,2014,M,8.5
1765,2018,M,8.9
1765,2022,M,10.6
1765,1973,C,37.3
1765,1976,C,37.2
1765,1979,C,33.3
1765,1982,C,29.7
1765,1985,C,26.6
1765,1988,C,35.5
1765,1991,C,33.5
1765,1994,C,35.2
1765,1998,C,35.3
1765,2002,C,41.8
1765,2006,C,37.4
1765,2010,C,24.9
1765,2014,C,24.5
1765,2018,C,15.7
1765,2022,C,13.4
1765,1973,L,14.3
1765,1976,L,14.5
1765,1979,L,16.7
1765,1982,L,15.2
1765,1985,L,21.1
1765,1988,L,16.2
1765,1991,L,14.0
1765,1994,L,13.6
1765,1998,L,10.7
1765,2002,L,14.0
1765,2006,L,12.3
1765,2010,L,12.4
1765,2014,L,11.0
1765,2018,L,5.3
1765,2022,L,3.8
1765,1973,KD,5.0
1765,1976,KD,3.9
1765,1979,KD,3.5
1765,1982,KD,3.8
1765,1985,KD,3.6
1765,1988,KD,3.4
1765,1991,KD,5.5
1765,1994,KD,3.4
1765,1998,KD,6.8
1765,2002,KD,6.0
1765,2006,KD,5.1
1765,2010,KD,4.7
1765,2014,KD,13.7
1765,2018,KD,19.6
1765,2022,KD,27.4
1765,1982,MP,0.2
1765,1985,MP,0.5
1765,1988,MP,3.8
1765,1991,MP,4.0
1765,1994,MP,3.5
1765,1998,MP,2.6
1765,2002,MP,0.7
1765,2006,MP,0.7
1765,2010,MP,0.7
1765,2014,MP,2.5
1765,2018,MP,2.2
1765,2022,MP,2.7
1765,1973,S,29.5
1765,1976,S,28.4
1765,1979,S,29.2
1765,1982,S,31.7
1765,1985,S,28.4
1765,1988,S,27.4
1765,1991,S,22.7
1765,1994,S,28.5
1765,1998,S,23.0
1765,2002,S,21.8
1765,2006,S,26.2
1765,2010,S,36.2
1765,2014,S,29.8
1765,2018,S,35.4
1765,2022,S,28.4
1765,1973,V,0.0
1765,1979,V,0.0
1765,1982,V,0.6
1765,1985,V,1.6
1765,1988,V,0.7
1765,1991,V,0.4
1765,1994,V,0.9
1765,1998,V,7.9
1765,2002,V,6.3
1765,2006,V,5.6
1765,2010,V,1.7
1765,2014,V,1.4
1765,2018,V,1.9
1765,2022,V,1.9
1765,2002,SD,0.0
1765,2006,SD,1.1
1765,2010,SD,2.3
1765,2014,SD,7.2
1765,2018,SD,10.8
1765,2022,SD,11.7
1765,1973,ÖVRIGA,0.3
1765,1976,ÖVRIGA,0.2
1765,1979,ÖVRIGA,0.5
1765,1982,ÖVRIGA,0.1
1765,1985,ÖVRIGA,0.0
1765,1988,ÖVRIGA,0.0
1765,1991,ÖVRIGA,5.6
1765,1994,ÖVRIGA,2.7
1765,1998,ÖVRIGA,0.5
1765,2002,ÖVRIGA,0.4
1765,2006,ÖVRIGA,0.2
1765,2010,ÖVRIGA,5.5
1765,2014,ÖVRIGA,1.5
1765,2018,ÖVRIGA,0.2
1765,2022,ÖVRIGA,0.0
1766,1973,M,11.8
1766,1976,M,14.1
1766,1979,M,16.6
1766,1982,M,17.6
1766,1985,M,18.1
1766,1988,M,14.6
1766,1991,M,25.5
1766,1994,M,19.0
1766,1998,M,17.2
1766,2002,M,12.1
1766,2006,M,17.6
1766,2010,M,16.3
1766,2014,M,14.9
1766,2018,M,11.9
1766,2022,M,21.4
1766,1973,C,41.0
1766,1976,C,42.0
1766,1979,C,38.1
1766,1982,C,35.7
1766,1985,C,32.6
1766,1988,C,34.2
1766,1991,C,26.7
1766,1994,C,27.0
1766,1998,C,24.1
1766,2002,C,32.0
1766,2006,C,34.4
1766,2010,C,35.5
1766,2014,C,20.4
1766,2018,C,26.9
1766,2022,C,17.7
1766,1973,L,11.0
1766,1976,L,9.7
1766,1979,L,9.1
1766,1982,L,7.0
1766,1985,L,9.3
1766,1988,L,8.9
1766,1991,L,5.6
1766,1994,L,4.5
1766,1998,L,6.0
1766,2002,L,9.5
1766,2006,L,5.8
1766,2010,L,4.9
1766,2014,L,4.7
1766,2018,L,6.2
1766,2022,L,6.6
1766,1973,KD,0.0
1766,1979,KD,0.8
1766,1982,KD,1.0
1766,1985,KD,1.2
1766,1988,KD,0.4
1766,1991,KD,4.6
1766,1994,KD,3.0
1766,1998,KD,6.8
1766,2002,KD,4.8
1766,2006,KD,2.7
1766,2010,KD,1.7
1766,2014,KD,1.3
1766,2018,KD,2.1
1766,2022,KD,4.4
1766,1982,MP,1.5
1766,1985,MP,1.8
1766,1988,MP,4.2
1766,1991,MP,3.8
1766,1994,MP,6.1
1766,1998,MP,4.8
1766,2002,MP,3.8
1766,2006,MP,3.4
1766,2010,MP,4.3
1766,2014,MP,5.0
1766,2018,MP,2.5
1766,2022,MP,2.5
1766,1973,S,35.7
1766,1976,S,33.8
1766,1979,S,34.9
1766,1982,S,35.6
1766,1985,S,35.1
1766,1988,S,37.1
1766,1991,S,30.6
1766,1994,S,37.4
1766,1998,S,33.4
1766,2002,S,30.6
1766,2006,S,28.6
1766,2010,S,29.6
1766,2014,S,29.1
1766,2018,S,25.1
1766,2022,S,21.4
1766,1973,V,0.0
1766,1982,V,1.7
1766,1985,V,1.7
1766,1988,V,0.6
1766,1991,V,0.7
1766,1994,V,2.5
1766,1998,V,6.5
1766,2002,V,4.7
1766,2006,V,3.1
1766,2010,V,3.8
1766,2014,V,2.6
1766,2018,V,3.5
1766,2022,V,3.6
1766,2002,SD,2.4
1766,2006,SD,4.1
1766,2010,SD,3.7
1766,2014,SD,8.7
1766,2018,SD,12.5
1766,2022,SD,15.0
1766,1973,ÖVRIGA,0.5
1766,1976,ÖVRIGA,0.4
1766,1979,ÖVRIGA,0.6
1766,1982,ÖVRIGA,0.0
1766,1988,ÖVRIGA,0.0
1766,1991,ÖVRIGA,2.5
1766,1994,ÖVRIGA,0.5
1766,1998,ÖVRIGA,1.2
1766,2002,ÖVRIGA,0.1
1766,2006,ÖVRIGA,0.3
1766,2010,ÖVRIGA,0.2
1766,2014,ÖVRIGA,13.2
1766,2018,ÖVRIGA,9.4
1766,2022,ÖVRIGA,7.5
1780,1973,M,15.0
1780,1976,M,18.7
1780,1979,M,23.5
1780,1982,M,26.5
1780,1985,M,24.8
1780,1988,M,21.4
1780,1991,M,25.0
1780,1994,M,24.2
1780,1998,M,25.2
1780,2002,M,19.1
1780,2006,M,24.7
1780,2010,M,27.4
1780,2014,M,22.9
1780,2018,M,19.4
1780,2022,M,19.5
1780,1973,C,23.6
1780,1976,C,21.6
1780,1979,C,15.8
1780,1982,C,12.8
1780,1985,C,8.6
1780,1988,C,10.7
1780,1991,C,7.9
1780,1994,C,6.6
1780,1998,C,5.1
1780,2002,C,6.2
1780,2006,C,7.6
1780,2010,C,5.9
1780,2014,C,5.8
1780,2018,C,7.8
1780,2022,C,5.7
1780,1973,L,10.5
1780,1976,L,12.1
1780,1979,L,9.7
1780,1982,L,5.4
1780,1985,L,12.2
1780,1988,L,11.4
1780,1991,L,9.0
1780,1994,L,6.9
1780,1998,L,5.3
1780,2002,L,11.7
1780,2006,L,8.1
1780,2010,L,7.7
1780,2014,L,5.5
1780,2018,L,5.6
1780,2022,L,5.1
1780,1973,KD,0.8
1780,1976,KD,0.7
1780,1979,KD,0.7
1780,1982,KD,1.0
1780,1985,KD,0.9
1780,1988,KD,1.2
1780,1991,KD,5.3
1780,1994,KD,2.8
1780,1998,KD,9.1
1780,2002,KD,7.5
1780,2006,KD,5.9
1780,2010,KD,4.6
1780,2014,KD,5.2
1780,2018,KD,5.6
1780,2022,KD,5.3
1780,1982,MP,2.6
1780,1985,MP,5.8
1780,1988,MP,6.9
1780,1991,MP,4.3
1780,1994,MP,5.7
1780,1998,MP,6.7
1780,2002,MP,4.2
1780,2006,MP,5.4
1780,2010,MP,8.0
1780,2014,MP,8.9
1780,2018,MP,5.7
1780,2022,MP,4.4
1780,1973,S,45.2
1780,1976,S,42.4
1780,1979,S,43.5
1780,1982,S,46.8
1780,1985,S,43.2
1780,1988,S,43.6
1780,1991,S,35.9
1780,1994,S,43.1
1780,1998,S,36.0
1780,2002,S,39.5
1780,2006,S,38.4
1780,2010,S,37.3
1780,2014,S,36.3
1780,2018,S,29.2
1780,2022,S,36.6
1780,1973,V,4.1
1780,1976,V,4.0
1780,1979,V,4.8
1780,1982,V,4.4
1780,1985,V,4.4
1780,1988,V,4.6
1780,1991,V,4.4
1780,1994,V,5.3
1780,1998,V,11.3
1780,2002,V,7.9
1780,2006,V,6.1
1780,2010,V,5.2
1780,2014,V,5.7
1780,2018,V,8.5
1780,2022,V,6.7
1780,2002,SD,1.3
1780,2006,SD,2.4
1780,2010,SD,3.3
1780,2014,SD,6.7
1780,2018,SD,10.6
1780,2022,SD,12.8
1780,1973,ÖVRIGA,0.8
1780,1976,ÖVRIGA,0.4
1780,1979,ÖVRIGA,1.9
1780,1982,ÖVRIGA,0.4
1780,1985,ÖVRIGA,0.2
1780,1988,ÖVRIGA,0.2
1780,1991,ÖVRIGA,8.1
1780,1994,ÖVRIGA,5.5
1780,1998,ÖVRIGA,1.4
1780,2002,ÖVRIGA,2.7
1780,2006,ÖVRIGA,1.5
1780,2010,ÖVRIGA,0.6
1780,2014,ÖVRIGA,3.0
1780,2018,ÖVRIGA,7.4
1780,2022,ÖVRIGA,3.9
1781,1973,M,11.7
1781,1976,M,12.7
1781,1979,M,15.1
1781,1982,M,19.0
1781,1985,M,17.0
1781,1988,M,13.9
1781,1991,M,16.1
1781,1994,M,15.2
1781,1998,M,16.5
1781,2002,M,15.9
1781,2006,M,29.6
1781,2010,M,27.2
1781,2014,M,17.1
1781,2018,M,17.0
1781,2022,M,16.6
1781,1973,C,21.2
1781,1976,C,21.4
1781,1979,C,16.7
1781,1982,C,13.6
1781,1985,C,10.2
1781,1988,C,10.8
1781,1991,C,9.3
1781,1994,C,8.0
1781,1998,C,7.4
1781,2002,C,15.3
1781,2006,C,10.1
1781,2010,C,11.3
1781,2014,C,11.3
1781,2018,C,15.9
1781,2022,C,8.1
1781,1973,L,11.4
1781,1976,L,12.5
1781,1979,L,13.1
1781,1982,L,7.5
1781,1985,L,15.6
1781,1988,L,17.8
1781,1991,L,14.9
1781,1994,L,9.9
1781,1998,L,7.4
1781,2002,L,12.1
1781,2006,L,5.5
1781,2010,L,5.9
1781,2014,L,9.3
1781,2018,L,11.4
1781,2022,L,11.8
1781,1973,KD,1.5
1781,1976,KD,1.7
1781,1979,KD,1.6
1781,1982,KD,1.6
1781,1985,KD,1.5
1781,1988,KD,2.1
1781,1991,KD,5.5
1781,1994,KD,3.1
1781,1998,KD,8.3
1781,2002,KD,7.7
1781,2006,KD,3.7
1781,2010,KD,3.4
1781,2014,KD,3.4
1781,2018,KD,3.2
1781,2022,KD,3.4
1781,1982,MP,1.1
1781,1985,MP,0.9
1781,1988,MP,3.7
1781,1991,MP,2.2
1781,1994,MP,4.0
1781,1998,MP,3.8
1781,2002,MP,4.3
1781,2006,MP,2.4
1781,2010,MP,3.9
1781,2014,MP,4.9
1781,2018,MP,3.1
1781,2022,MP,2.4
1781,1973,S,48.2
1781,1976,S,46.7
1781,1979,S,48.2
1781,1982,S,52.1
1781,1985,S,49.2
1781,1988,S,45.3
1781,1991,S,39.6
1781,1994,S,51.4
1781,1998,S,40.3
1781,2002,S,32.9
1781,2006,S,33.7
1781,2010,S,38.2
1781,2014,S,37.8
1781,2018,S,27.4
1781,2022,S,33.5
1781,1973,V,5.9
1781,1976,V,4.9
1781,1979,V,5.3
1781,1982,V,5.0
1781,1985,V,5.5
1781,1988,V,6.3
1781,1991,V,5.9
1781,1994,V,7.8
1781,1998,V,15.7
1781,2002,V,9.7
1781,2006,V,6.6
1781,2010,V,6.8
1781,2014,V,7.4
1781,2018,V,8.0
1781,2022,V,7.4
1781,2002,SD,1.5
1781,2006,SD,2.1
1781,2010,SD,3.2
1781,2014,SD,8.5
1781,2018,SD,13.7
1781,2022,SD,16.6
1781,1973,ÖVRIGA,0.1
1781,1976,ÖVRIGA,0.0
1781,1979,ÖVRIGA,0.0
1781,1982,ÖVRIGA,0.0
1781,1985,ÖVRIGA,0.1
1781,1988,ÖVRIGA,0.0
1781,1991,ÖVRIGA,6.4
1781,1994,ÖVRIGA,0.7
1781,1998,ÖVRIGA,0.6
1781,2002,ÖVRIGA,0.5
1781,2006,ÖVRIGA,6.4
1781,2010,ÖVRIGA,0.1
1781,2014,ÖVRIGA,0.3
1781,2018,ÖVRIGA,0.3
1781,2022,ÖVRIGA,0.2
1782,1973,M,10.0
1782,1976,M,12.7
1782,1979,M,16.5
1782,1982,M,18.3
1782,1985,M,19.8
1782,1988,M,14.8
1782,1991,M,19.1
1782,1994,M,13.5
1782,1998,M,16.5
1782,2002,M,13.8
1782,2006,M,13.0
1782,2010,M,15.5
1782,2014,M,19.4
1782,2018,M,22.7
1782,2022,M,24.2
1782,1973,C,15.6
1782,1976,C,16.5
1782,1979,C,11.6
1782,1982,C,8.6
1782,1985,C,9.9
1782,1988,C,9.2
1782,1991,C,9.5
1782,1994,C,6.8
1782,1998,C,6.2
1782,2002,C,8.6
1782,2006,C,8.9
1782,2010,C,7.1
1782,2014,C,4.6
1782,2018,C,5.7
1782,2022,C,3.4
1782,1973,L,6.7
1782,1976,L,7.7
1782,1979,L,7.5
1782,1982,L,5.0
1782,1985,L,10.3
1782,1988,L,8.1
1782,1991,L,6.8
1782,1994,L,5.6
1782,1998,L,6.5
1782,2002,L,6.8
1782,2006,L,5.8
1782,2010,L,5.1
1782,2014,L,3.1
1782,2018,L,2.4
1782,2022,L,6.1
1782,1973,KD,0.0
1782,1982,KD,0.2
1782,1985,KD,0.1
1782,1988,KD,0.3
1782,1991,KD,2.1
1782,1994,KD,2.1
1782,1998,KD,2.1
1782,2002,KD,4.9
1782,2006,KD,4.1
1782,2010,KD,3.3
1782,2014,KD,2.1
1782,2018,KD,1.6
1782,2022,KD,0.7
1782,1982,MP,0.1
1782,1985,MP,3.1
1782,1988,MP,6.4
1782,1991,MP,2.5
1782,1994,MP,2.8
1782,1998,MP,3.7
1782,2002,MP,4.4
1782,2006,MP,2.9
1782,2010,MP,2.7
1782,2014,MP,2.4
1782,2018,MP,1.4
1782,2022,MP,1.1
1782,1973,S,59.9
1782,1976,S,57.1
1782,1979,S,57.7
1782,1982,S,62.0
1782,1985,S,51.0
1782,1988,S,54.9
1782,1991,S,52.2
1782,1994,S,60.5
1782,1998,S,47.6
1782,2002,S,44.6
1782,2006,S,51.4
1782,2010,S,48.1
1782,2014,S,40.6
1782,2018,S,43.0
1782,2022,S,40.3
1782,1973,V,7.2
1782,1976,V,5.9
1782,1979,V,6.5
1782,1982,V,5.7
1782,1985,V,5.9
1782,1988,V,6.3
1782,1991,V,5.7
1782,1994,V,7.8
1782,1998,V,17.0
1782,2002,V,15.3
1782,2006,V,11.0
1782,2010,V,8.7
1782,2014,V,7.0
1782,2018,V,7.1
1782,2022,V,5.6
1782,2002,SD,0.0
1782,2006,SD,2.6
1782,2010,SD,3.7
1782,2014,SD,17.6
1782,2018,SD,16.0
1782,2022,SD,18.5
1782,1973,ÖVRIGA,0.5
1782,1976,ÖVRIGA,0.1
1782,1979,ÖVRIGA,0.2
1782,1982,ÖVRIGA,0.1
1782,1985,ÖVRIGA,0.0
1782,1988,ÖVRIGA,0.1
1782,1991,ÖVRIGA,2.2
1782,1994,ÖVRIGA,0.9
1782,1998,ÖVRIGA,0.4
1782,2002,ÖVRIGA,1.6
1782,2006,ÖVRIGA,0.3
1782,2010,ÖVRIGA,5.8
1782,2014,ÖVRIGA,3.0
1782,2018,ÖVRIGA,0.1
1782,2022,ÖVRIGA,0.1
1783,1973,M,5.4
1783,1976,M,6.1
1783,1979,M,7.2
1783,1982,M,8.4
1783,1985,M,9.4
1783,1988,M,7.0
1783,1991,M,8.8
1783,1994,M,8.5
1783,1998,M,9.4
1783,2002,M,7.1
1783,2006,M,9.7
1783,2010,M,9.9
1783,2014,M,6.5
1783,2018,M,3.2
1783,2022,M,2.5
1783,1973,C,20.0
1783,1976,C,21.1
1783,1979,C,18.4
1783,1982,C,14.9
1783,1985,C,12.0
1783,1988,C,13.6
1783,1991,C,12.9
1783,1994,C,10.5
1783,1998,C,11.4
1783,2002,C,12.7
1783,2006,C,12.5
1783,2010,C,12.4
1783,2014,C,11.3
1783,2018,C,8.4
1783,2022,C,3.8
1783,1973,L,3.7
1783,1976,L,4.3
1783,1979,L,3.4
1783,1982,L,2.2
1783,1985,L,4.8
1783,1988,L,4.2
1783,1991,L,3.4
1783,1994,L,2.9
1783,1998,L,2.0
1783,2002,L,4.2
1783,2006,L,7.8
1783,2010,L,8.6
1783,2014,L,6.5
1783,2018,L,2.7
1783,2022,L,1.2
1783,1973,KD,1.1
1783,1976,KD,1.1
1783,1979,KD,0.9
1783,1982,KD,1.1
1783,1985,KD,0.8
1783,1988,KD,0.9
1783,1991,KD,2.5
1783,1994,KD,1.4
1783,1998,KD,4.8
1783,2002,KD,3.7
1783,2006,KD,2.5
1783,2010,KD,0.7
1783,2014,KD,0.6
1783,2018,KD,0.3
1783,2022,KD,0.4
1783,1982,MP,1.9
1783,1985,MP,2.8
1783,1988,MP,4.5
1783,1991,MP,2.4
1783,1994,MP,3.3
1783,1998,MP,2.7
1783,2002,MP,1.5
1783,2006,MP,1.4
1783,2010,MP,2.2
1783,2014,MP,1.9
1783,2018,MP,0.8
1783,2022,MP,0.6
1783,1973,S,60.8
1783,1976,S,59.7
1783,1979,S,60.9
1783,1982,S,63.8
1783,1985,S,62.4
1783,1988,S,62.2
1783,1991,S,57.5
1783,1994,S,63.3
1783,1998,S,50.9
1783,2002,S,54.5
1783,2006,S,49.9
1783,2010,S,50.1
1783,2014,S,50.6
1783,2018,S,35.7
1783,2022,S,38.9
1783,1973,V,8.9
1783,1976,V,7.7
1783,1979,V,8.4
1783,1982,V,7.7
1783,1985,V,7.8
1783,1988,V,7.5
1783,1991,V,7.9
1783,1994,V,9.6
1783,1998,V,18.7
1783,2002,V,15.5
1783,2006,V,13.4
1783,2010,V,11.3
1783,2014,V,8.7
1783,2018,V,5.1
1783,2022,V,3.3
1783,2002,SD,0.0
1783,2006,SD,2.5
1783,2010,SD,4.6
1783,2014,SD,13.6
1783,2018,SD,7.3
1783,2022,SD,7.4
1783,1973,ÖVRIGA,0.1
1783,1976,ÖVRIGA,0.1
1783,1979,ÖVRIGA,0.7
1783,1985,ÖVRIGA,0.0
1783,1988,ÖVRIGA,0.1
1783,1991,ÖVRIGA,4.5
1783,1994,ÖVRIGA,0.5
1783,1998,ÖVRIGA,0.2
1783,2002,ÖVRIGA,0.8
1783,2006,ÖVRIGA,0.3
1783,2010,ÖVRIGA,0.2
1783,2014,ÖVRIGA,0.4
1783,2018,ÖVRIGA,36.5
1783,2022,ÖVRIGA,41.9
1784,1973,M,8.6
1784,1976,M,11.3
1784,1979,M,13.6
1784,1982,M,17.5
1784,1985,M,16.5
1784,1988,M,11.9
1784,1991,M,17.5
1784,1994,M,15.8
1784,1998,M,17.1
1784,2002,M,10.9
1784,2006,M,15.4
1784,2010,M,19.5
1784,2014,M,15.0
1784,2018,M,18.4
1784,2022,M,20.1
1784,1973,C,26.1
1784,1976,C,27.8
1784,1979,C,24.0
1784,1982,C,19.5
1784,1985,C,15.4
1784,1988,C,16.7
1784,1991,C,14.6
1784,1994,C,10.9
1784,1998,C,8.7
1784,2002,C,10.6
1784,2006,C,11.3
1784,2010,C,10.5
1784,2014,C,10.4
1784,2018,C,12.5
1784,2022,C,6.7
1784,1973,L,14.1
1784,1976,L,12.8
1784,1979,L,10.8
1784,1982,L,7.3
1784,1985,L,14.0
1784,1988,L,12.5
1784,1991,L,10.6
1784,1994,L,7.6
1784,1998,L,7.8
1784,2002,L,10.8
1784,2006,L,6.9
1784,2010,L,6.3
1784,2014,L,4.4
1784,2018,L,3.4
1784,2022,L,2.4
1784,1973,KD,0.5
1784,1976,KD,0.4
1784,1979,KD,0.5
1784,1982,KD,0.9
1784,1985,KD,0.2
1784,1988,KD,0.6
1784,1991,KD,2.5
1784,1994,KD,1.2
1784,1998,KD,2.0
1784,2002,KD,4.8
1784,2006,KD,3.7
1784,2010,KD,1.7
1784,2014,KD,1.9
1784,2018,KD,2.8
1784,2022,KD,4.5
1784,1982,MP,2.1
1784,1985,MP,3.0
1784,1988,MP,6.1
1784,1991,MP,3.3
1784,1994,MP,6.4
1784,1998,MP,6.2
1784,2002,MP,5.5
1784,2006,MP,4.2
1784,2010,MP,4.9
1784,2014,MP,5.4
1784,2018,MP,3.0
1784,2022,MP,3.1
1784,1973,S,44.5
1784,1976,S,42.5
1784,1979,S,44.9
1784,1982,S,46.3
1784,1985,S,45.1
1784,1988,S,45.8
1784,1991,S,41.0
1784,1994,S,49.2
1784,1998,S,45.4
1784,2002,S,46.3
1784,2006,S,47.2
1784,2010,S,47.2
1784,2014,S,46.7
1784,2018,S,39.2
1784,2022,S,36.6
1784,1973,V,5.7
1784,1976,V,4.6
1784,1979,V,5.6
1784,1982,V,5.9
1784,1985,V,5.9
1784,1988,V,6.5
1784,1991,V,6.0
1784,1994,V,7.8
1784,1998,V,12.1
1784,2002,V,8.9
1784,2006,V,6.7
1784,2010,V,6.0
1784,2014,V,7.1
1784,2018,V,6.8
1784,2022,V,5.9
1784,2002,SD,1.7
1784,2006,SD,4.3
1784,2010,SD,3.8
1784,2014,SD,8.6
1784,2018,SD,12.0
1784,2022,SD,13.4
1784,1973,ÖVRIGA,0.4
1784,1976,ÖVRIGA,0.6
1784,1979,ÖVRIGA,0.7
1784,1982,ÖVRIGA,0.3
1784,1985,ÖVRIGA,0.0
1784,1988,ÖVRIGA,0.1
1784,1991,ÖVRIGA,4.4
1784,1994,ÖVRIGA,1.2
1784,1998,ÖVRIGA,0.6
1784,2002,ÖVRIGA,0.5
1784,2006,ÖVRIGA,0.4
1784,2010,ÖVRIGA,0.2
1784,2014,ÖVRIGA,0.4
1784,2018,ÖVRIGA,2.0
1784,2022,ÖVRIGA,7.3
1785,1973,M,10.2
1785,1976,M,11.8
1785,1979,M,15.1
1785,1982,M,18.5
1785,1985,M,17.4
1785,1988,M,12.9
1785,1991,M,18.1
1785,1994,M,14.1
1785,1998,M,13.4
1785,2002,M,9.0
1785,2006,M,10.1
1785,2010,M,15.4
1785,2014,M,11.9
1785,2018,M,11.0
1785,2022,M,14.3
1785,1973,C,37.9
1785,1976,C,36.6
1785,1979,C,31.1
1785,1982,C,27.5
1785,1985,C,26.1
1785,1988,C,26.7
1785,1991,C,23.3
1785,1994,C,26.1
1785,1998,C,27.5
1785,2002,C,51.9
1785,2006,C,36.6
1785,2010,C,27.5
1785,2014,C,24.7
1785,2018,C,30.4
1785,2022,C,25.0
1785,1973,L,7.7
1785,1976,L,9.2
1785,1979,L,7.9
1785,1982,L,4.9
1785,1985,L,8.9
1785,1988,L,9.0
1785,1991,L,6.7
1785,1994,L,5.8
1785,1998,L,3.9
1785,2002,L,5.1
1785,2006,L,3.0
1785,2010,L,2.7
1785,2014,L,2.0
1785,2018,L,2.1
1785,2022,L,2.2
1785,1973,KD,2.2
1785,1976,KD,1.7
1785,1979,KD,1.9
1785,1982,KD,2.0
1785,1985,KD,1.6
1785,1988,KD,2.0
1785,1991,KD,5.2
1785,1994,KD,2.9
1785,1998,KD,6.2
1785,2002,KD,4.9
1785,2006,KD,3.7
1785,2010,KD,2.5
1785,2014,KD,2.1
1785,2018,KD,2.5
1785,2022,KD,5.8
1785,1982,MP,0.3
1785,1985,MP,0.4
1785,1988,MP,3.3
1785,1991,MP,1.6
1785,1994,MP,3.8
1785,1998,MP,3.9
1785,2002,MP,4.2
1785,2006,MP,1.9
1785,2010,MP,3.0
1785,2014,MP,3.3
1785,2018,MP,1.8
1785,2022,MP,2.0
1785,1973,S,38.4
1785,1976,S,38.3
1785,1979,S,40.4
1785,1982,S,44.0
1785,1985,S,42.8
1785,1988,S,42.5
1785,1991,S,36.0
1785,1994,S,41.7
1785,1998,S,37.5
1785,2002,S,20.6
1785,2006,S,27.1
1785,2010,S,27.8
1785,2014,S,25.4
1785,2018,S,22.4
1785,2022,S,21.5
1785,1973,V,3.6
1785,1976,V,2.5
1785,1979,V,3.5
1785,1982,V,2.8
1785,1985,V,2.9
1785,1988,V,3.6
1785,1991,V,3.3
1785,1994,V,4.3
1785,1998,V,7.2
1785,2002,V,3.2
1785,2006,V,2.2
1785,2010,V,1.2
1785,2014,V,2.3
1785,2018,V,2.5
1785,2022,V,3.2
1785,2002,SD,0.0
1785,2006,SD,3.5
1785,2010,SD,4.9
1785,2014,SD,13.8
1785,2018,SD,18.2
1785,2022,SD,19.3
1785,1973,ÖVRIGA,0.0
1785,1976,ÖVRIGA,0.0
1785,1979,ÖVRIGA,0.0
1785,1982,ÖVRIGA,0.0
1785,1985,ÖVRIGA,0.0
1785,1988,ÖVRIGA,0.1
1785,1991,ÖVRIGA,5.7
1785,1994,ÖVRIGA,1.3
1785,1998,ÖVRIGA,0.4
1785,2002,ÖVRIGA,1.1
1785,2006,ÖVRIGA,12.0
1785,2010,ÖVRIGA,15.2
1785,2014,ÖVRIGA,14.4
1785,2018,ÖVRIGA,9.1
1785,2022,ÖVRIGA,6.8
1814,1994,M,13.5
1814,1998,M,13.2
1814,2002,M,10.9
1814,2006,M,13.6
1814,2010,M,17.4
1814,2014,M,14.1
1814,2018,M,13.1
1814,2022,M,28.3
1814,1994,C,27.6
1814,1998,C,28.3
1814,2002,C,29.5
1814,2006,C,28.2
1814,2010,C,18.7
1814,2014,C,24.7
1814,2018,C,30.8
1814,2022,C,15.5
1814,1994,L,4.7
1814,1998,L,3.3
1814,2002,L,5.1
1814,2006,L,4.3
1814,2010,L,3.6
1814,2014,L,2.9
1814,2018,L,2.9
1814,2022,L,4.5
1814,1994,KD,7.4
1814,1998,KD,12.6
1814,2002,KD,9.6
1814,2006,KD,9.9
1814,2010,KD,7.4
1814,2014,KD,5.4
1814,2018,KD,4.8
1814,2022,KD,6.6
1814,1994,MP,3.9
1814,1998,MP,3.3
1814,2002,MP,3.1
1814,2006,MP,3.0
1814,2010,MP,6.2
1814,2014,MP,4.0
1814,2018,MP,2.5
1814,2022,MP,2.3
1814,1994,S,38.5
1814,1998,S,31.1
1814,2002,S,35.2
1814,2006,S,34.3
1814,2010,S,29.9
1814,2014,S,27.7
1814,2018,S,20.0
1814,2022,S,19.6
1814,1994,V,3.8
1814,1998,V,4.9
1814,2002,V,4.2
1814,2006,V,2.8
1814,2010,V,3.2
1814,2014,V,4.1
1814,2018,V,3.6
1814,2022,V,3.4
1814,2002,SD,0.0
1814,2006,SD,2.8
1814,2010,SD,5.8
1814,2014,SD,10.5
1814,2018,SD,16.7
1814,2022,SD,14.3
1814,1994,ÖVRIGA,0.6
1814,1998,ÖVRIGA,3.2
1814,2002,ÖVRIGA,2.5
1814,2006,ÖVRIGA,1.3
1814,2010,ÖVRIGA,7.7
1814,2014,ÖVRIGA,6.5
1814,2018,ÖVRIGA,5.6
1814,2022,ÖVRIGA,5.6
1860,1973,M,3.5
1860,1976,M,3.9
1860,1979,M,5.4
1860,1982,M,7.1
1860,1985,M,8.7
1860,1988,M,6.2
1860,1991,M,8.2
1860,1994,M,6.7
1860,1998,M,8.0
1860,2002,M,6.2
1860,2006,M,10.8
1860,2010,M,11.8
1860,2014,M,13.7
1860,2018,M,10.1
1860,2022,M,12.1
1860,1973,C,16.1
1860,1976,C,17.2
1860,1979,C,16.3
1860,1982,C,16.1
1860,1985,C,14.7
1860,1988,C,13.1
1860,1991,C,13.8
1860,1994,C,12.9
1860,1998,C,10.3
1860,2002,C,9.3
1860,2006,C,11.5
1860,2010,C,9.4
1860,2014,C,10.9
1860,2018,C,8.2
1860,2022,C,25.9
1860,1973,L,4.8
1860,1976,L,6.5
1860,1979,L,6.5
1860,1982,L,3.5
1860,1985,L,8.1
1860,1988,L,9.1
1860,1991,L,12.1
1860,1994,L,9.0
1860,1998,L,6.4
1860,2002,L,9.0
1860,2006,L,5.0
1860,2010,L,6.8
1860,2014,L,3.7
1860,2018,L,0.4
1860,2022,L,0.6
1860,1973,KD,5.7
1860,1976,KD,6.4
1860,1979,KD,6.9
1860,1982,KD,8.1
1860,1985,KD,7.8
1860,1988,KD,8.3
1860,1991,KD,10.5
1860,1994,KD,6.1
1860,1998,KD,11.3
1860,2002,KD,9.8
1860,2006,KD,10.6
1860,2010,KD,11.6
1860,2014,KD,18.4
1860,2018,KD,38.9
1860,2022,KD,16.0
1860,1985,MP,0.5
1860,1988,MP,1.7
1860,1991,MP,0.5
1860,1994,MP,0.8
1860,1998,MP,0.7
1860,2002,MP,0.3
1860,2006,MP,2.2
1860,2010,MP,3.1
1860,2014,MP,4.8
1860,2018,MP,3.1
1860,2022,MP,2.2
1860,1973,S,49.6
1860,1976,S,48.3
1860,1979,S,51.5
1860,1982,S,54.6
1860,1985,S,48.8
1860,1988,S,48.0
1860,1991,S,36.9
1860,1994,S,48.4
1860,1998,S,39.1
1860,2002,S,43.7
1860,2006,S,46.1
1860,2010,S,45.0
1860,2014,S,32.1
1860,2018,S,22.7
1860,2022,S,21.7
1860,1973,V,4.7
1860,1976,V,4.3
1860,1979,V,4.4
1860,1982,V,4.1
1860,1985,V,5.1
1860,1988,V,1.1
1860,1994,V,1.6
1860,1998,V,1.5
1860,2002,V,20.4
1860,2006,V,12.3
1860,2010,V,8.5
1860,2014,V,10.9
1860,2018,V,8.9
1860,2022,V,10.3
1860,2002,SD,0.0
1860,2006,SD,1.3
1860,2010,SD,2.0
1860,2014,SD,5.2
1860,2018,SD,7.4
1860,2022,SD,10.8
1860,1973,ÖVRIGA,15.5
1860,1976,ÖVRIGA,13.3
1860,1979,ÖVRIGA,9.0
1860,1982,ÖVRIGA,6.5
1860,1985,ÖVRIGA,6.4
1860,1988,ÖVRIGA,12.6
1860,1991,ÖVRIGA,17.9
1860,1994,ÖVRIGA,14.6
1860,1998,ÖVRIGA,22.8
1860,2002,ÖVRIGA,1.3
1860,2006,ÖVRIGA,0.2
1860,2010,ÖVRIGA,1.9
1860,2014,ÖVRIGA,0.3
1860,2018,ÖVRIGA,0.4
1860,2022,ÖVRIGA,0.4
1861,1973,M,7.1
1861,1976,M,7.6
1861,1979,M,9.4
1861,1982,M,12.1
1861,1985,M,12.4
1861,1988,M,9.4
1861,1991,M,12.7
1861,1994,M,11.4
1861,1998,M,12.3
1861,2002,M,8.6
1861,2006,M,12.7
1861,2010,M,16.5
1861,2014,M,12.7
1861,2018,M,15.1
1861,2022,M,18.0
1861,1973,C,26.3
1861,1976,C,27.7
1861,1979,C,20.4
1861,1982,C,17.6
1861,1985,C,14.6
1861,1988,C,16.2
1861,1991,C,15.2
1861,1994,C,11.6
1861,1998,C,12.4
1861,2002,C,11.6
1861,2006,C,12.3
1861,2010,C,7.5
1861,2014,C,7.9
1861,2018,C,10.6
1861,2022,C,8.2
1861,1973,L,9.1
1861,1976,L,9.4
1861,1979,L,7.0
1861,1982,L,5.2
1861,1985,L,9.6
1861,1988,L,9.0
1861,1991,L,8.7
1861,1994,L,6.6
1861,1998,L,4.3
1861,2002,L,8.2
1861,2006,L,4.9
1861,2010,L,5.0
1861,2014,L,3.7
1861,2018,L,2.8
1861,2022,L,2.8
1861,1973,KD,2.9
1861,1976,KD,2.8
1861,1979,KD,5.1
1861,1982,KD,4.6
1861,1985,KD,3.4
1861,1988,KD,3.8
1861,1991,KD,7.9
1861,1994,KD,5.1
1861,1998,KD,9.0
1861,2002,KD,8.4
1861,2006,KD,6.0
1861,2010,KD,4.7
1861,2014,KD,4.7
1861,2018,KD,4.9
1861,2022,KD,3.9
1861,1982,MP,1.4
1861,1985,MP,1.9
1861,1988,MP,3.7
1861,1991,MP,1.2
1861,1994,MP,1.3
1861,1998,MP,1.4
1861,2002,MP,2.1
1861,2006,MP,3.8
1861,2010,MP,4.3
1861,2014,MP,4.2
1861,2018,MP,2.8
1861,2022,MP,2.2
1861,1973,S,51.2
1861,1976,S,48.7
1861,1979,S,53.2
1861,1982,S,54.5
1861,1985,S,52.9
1861,1988,S,50.4
1861,1991,S,46.4
1861,1994,S,54.7
1861,1998,S,46.9
1861,2002,S,51.1
1861,2006,S,49.4
1861,2010,S,49.8
1861,2014,S,45.6
1861,2018,S,40.1
1861,2022,S,37.3
1861,1973,V,3.3
1861,1976,V,3.7
1861,1979,V,4.8
1861,1982,V,4.6
1861,1985,V,5.1
1861,1988,V,7.4
1861,1991,V,7.2
1861,1994,V,8.7
1861,1998,V,13.3
1861,2002,V,9.0
1861,2006,V,6.6
1861,2010,V,5.9
1861,2014,V,6.7
1861,2018,V,6.7
1861,2022,V,5.6
1861,2002,SD,0.0
1861,2006,SD,4.2
1861,2010,SD,6.2
1861,2014,SD,13.8
1861,2018,SD,16.7
1861,2022,SD,21.7
1861,1973,ÖVRIGA,0.0
1861,1976,ÖVRIGA,0.0
1861,1979,ÖVRIGA,0.0
1861,1982,ÖVRIGA,0.0
1861,1985,ÖVRIGA,0.0
1861,1988,ÖVRIGA,0.0
1861,1991,ÖVRIGA,0.7
1861,1994,ÖVRIGA,0.6
1861,1998,ÖVRIGA,0.5
1861,2002,ÖVRIGA,1.1
1861,2006,ÖVRIGA,0.2
1861,2010,ÖVRIGA,0.1
1861,2014,ÖVRIGA,0.6
1861,2018,ÖVRIGA,0.3
1861,2022,ÖVRIGA,0.3
1862,1973,M,5.2
1862,1976,M,5.2
1862,1979,M,6.4
1862,1982,M,8.3
1862,1985,M,7.8
1862,1988,M,5.4
1862,1991,M,7.1
1862,1994,M,6.1
1862,1998,M,7.1
1862,2002,M,4.1
1862,2006,M,6.5
1862,2010,M,6.9
1862,2014,M,6.8
1862,2018,M,10.1
1862,2022,M,13.9
1862,1973,C,18.7
1862,1976,C,19.1
1862,1979,C,14.9
1862,1982,C,12.1
1862,1985,C,8.8
1862,1988,C,8.3
1862,1991,C,7.8
1862,1994,C,6.5
1862,1998,C,7.7
1862,2002,C,7.2
1862,2006,C,6.9
1862,2010,C,6.0
1862,2014,C,4.9
1862,2018,C,5.2
1862,2022,C,6.2
1862,1973,L,5.4
1862,1976,L,5.5
1862,1979,L,6.4
1862,1982,L,3.8
1862,1985,L,8.8
1862,1988,L,8.3
1862,1991,L,9.2
1862,1994,L,5.3
1862,1998,L,4.1
1862,2002,L,7.5
1862,2006,L,4.6
1862,2010,L,2.2
1862,2014,L,2.0
1862,2018,L,2.5
1862,2022,L,1.0
1862,1973,KD,3.2
1862,1976,KD,3.0
1862,1979,KD,3.0
1862,1982,KD,2.8
1862,1985,KD,2.2
1862,1988,KD,2.5
1862,1991,KD,4.0
1862,1994,KD,2.2
1862,1998,KD,5.3
1862,2002,KD,3.6
1862,2006,KD,4.0
1862,2010,KD,3.1
1862,2014,KD,2.9
1862,2018,KD,2.2
1862,2022,KD,4.8
1862,1985,MP,0.6
1862,1988,MP,4.4
1862,1991,MP,3.1
1862,1994,MP,2.5
1862,1998,MP,2.9
1862,2002,MP,2.0
1862,2006,MP,2.3
1862,2010,MP,3.4
1862,2014,MP,3.5
1862,2018,MP,1.5
1862,2022,MP,2.0
1862,1973,S,61.9
1862,1976,S,61.3
1862,1979,S,60.8
1862,1982,S,63.6
1862,1985,S,57.9
1862,1988,S,54.8
1862,1991,S,49.0
1862,1994,S,45.3
1862,1998,S,48.5
1862,2002,S,50.2
1862,2006,S,44.9
1862,2010,S,27.8
1862,2014,S,31.2
1862,2018,S,30.3
1862,2022,S,22.6
1862,1973,V,5.5
1862,1976,V,5.8
1862,1979,V,8.3
1862,1982,V,9.1
1862,1985,V,13.9
1862,1988,V,16.3
1862,1991,V,17.6
1862,1994,V,31.1
1862,1998,V,24.2
1862,2002,V,24.6
1862,2006,V,28.7
1862,2010,V,48.6
1862,2014,V,41.9
1862,2018,V,35.7
1862,2022,V,30.3
1862,2002,SD,0.0
1862,2006,SD,1.7
1862,2010,SD,1.8
1862,2014,SD,6.6
1862,2018,SD,12.2
1862,2022,SD,19.0
1862,1973,ÖVRIGA,0.1
1862,1976,ÖVRIGA,0.1
1862,1979,ÖVRIGA,0.1
1862,1982,ÖVRIGA,0.3
1862,1985,ÖVRIGA,0.0
1862,1988,ÖVRIGA,0.0
1862,1991,ÖVRIGA,2.3
1862,1994,ÖVRIGA,1.0
1862,1998,ÖVRIGA,0.2
1862,2002,ÖVRIGA,0.8
1862,2006,ÖVRIGA,0.4
1862,2010,ÖVRIGA,0.1
1862,2014,ÖVRIGA,0.3
1862,2018,ÖVRIGA,0.2
1862,2022,ÖVRIGA,0.2
1863,1973,M,4.7
1863,1976,M,4.7
1863,1979,M,6.4
1863,1982,M,8.8
1863,1985,M,9.8
1863,1988,M,9.3
1863,1991,M,13.3
1863,1994,M,7.9
1863,1998,M,9.5
1863,2002,M,7.6
1863,2006,M,12.3
1863,2010,M,12.6
1863,2014,M,16.2
1863,2018,M,18.5
1863,2022,M,25.5
1863,1973,C,14.7
1863,1976,C,14.4
1863,1979,C,11.0
1863,1982,C,10.5
1863,1985,C,6.2
1863,1988,C,9.3
1863,1991,C,15.9
1863,1994,C,8.1
1863,1998,C,5.6
1863,2002,C,8.5
1863,2006,C,14.0
1863,2010,C,11.1
1863,2014,C,9.9
1863,2018,C,10.8
1863,2022,C,10.1
1863,1973,L,6.1
1863,1976,L,6.0
1863,1979,L,6.8
1863,1982,L,3.6
1863,1985,L,6.5
1863,1988,L,7.3
1863,1991,L,5.8
1863,1994,L,3.3
1863,1998,L,3.7
1863,2002,L,2.0
1863,2006,L,0.4
1863,2010,L,0.4
1863,2014,L,2.0
1863,2018,L,0.4
1863,2022,L,0.6
1863,1973,KD,1.2
1863,1976,KD,1.4
1863,1979,KD,2.0
1863,1982,KD,2.7
1863,1985,KD,2.0
1863,1988,KD,0.4
1863,1991,KD,2.3
1863,1994,KD,0.3
1863,1998,KD,0.4
1863,2002,KD,0.2
1863,2006,KD,0.6
1863,2010,KD,2.2
1863,2014,KD,0.8
1863,2018,KD,1.5
1863,2022,KD,0.8
1863,1985,MP,2.3
1863,1988,MP,4.1
1863,1991,MP,2.9
1863,1994,MP,18.2
1863,1998,MP,8.6
1863,2002,MP,2.2
1863,2006,MP,0.9
1863,2010,MP,1.8
1863,2014,MP,1.3
1863,2018,MP,0.4
1863,2022,MP,0.6
1863,1973,S,62.4
1863,1976,S,60.5
1863,1979,S,61.0
1863,1982,S,56.7
1863,1985,S,54.9
1863,1988,S,47.1
1863,1991,S,45.1
1863,1994,S,47.0
1863,1998,S,40.9
1863,2002,S,53.2
1863,2006,S,45.5
1863,2010,S,33.7
1863,2014,S,26.6
1863,2018,S,28.2
1863,2022,S,28.0
1863,1973,V,10.8
1863,1976,V,12.7
1863,1979,V,12.7
1863,1982,V,17.6
1863,1985,V,18.2
1863,1988,V,22.5
1863,1991,V,14.0
1863,1994,V,11.0
1863,1998,V,12.9
1863,2002,V,8.6
1863,2006,V,12.3
1863,2010,V,11.3
1863,2014,V,22.0
1863,2018,V,21.0
1863,2022,V,11.4
1863,2002,SD,0.0
1863,2006,SD,1.8
1863,2010,SD,2.8
1863,2014,SD,9.1
1863,2018,SD,13.7
1863,2022,SD,16.8
1863,1973,ÖVRIGA,0.0
1863,1976,ÖVRIGA,0.2
1863,1979,ÖVRIGA,0.2
1863,1982,ÖVRIGA,0.1
1863,1985,ÖVRIGA,0.0
1863,1988,ÖVRIGA,0.0
1863,1991,ÖVRIGA,0.7
1863,1994,ÖVRIGA,4.0
1863,1998,ÖVRIGA,18.5
1863,2002,ÖVRIGA,17.7
1863,2006,ÖVRIGA,12.4
1863,2010,ÖVRIGA,24.2
1863,2014,ÖVRIGA,12.2
1863,2018,ÖVRIGA,5.5
1863,2022,ÖVRIGA,6.3
1864,1973,M,4.5
1864,1976,M,6.3
1864,1979,M,7.3
1864,1982,M,4.1
1864,1985,M,6.3
1864,1988,M,4.6
1864,1991,M,5.0
1864,1994,M,3.2
1864,1998,M,5.3
1864,2002,M,6.0
1864,2006,M,10.6
1864,2010,M,17.4
1864,2014,M,11.9
1864,2018,M,11.7
1864,2022,M,18.9
1864,1973,C,20.7
1864,1976,C,22.2
1864,1979,C,20.5
1864,1982,C,6.1
1864,1985,C,5.6
1864,1988,C,6.7
1864,1991,C,7.9
1864,1994,C,8.1
1864,1998,C,9.6
1864,2002,C,18.8
1864,2006,C,15.5
1864,2010,C,13.8
1864,2014,C,8.2
1864,2018,C,7.0
1864,2022,C,0.9
1864,1973,L,6.5
1864,1976,L,4.3
1864,1979,L,4.2
1864,1982,L,2.6
1864,1985,L,4.3
1864,1988,L,4.6
1864,1991,L,4.3
1864,1994,L,3.5
1864,1998,L,3.7
1864,2002,L,1.6
1864,2006,L,0.7
1864,2010,L,0.8
1864,2014,L,3.3
1864,2018,L,4.1
1864,2022,L,0.6
1864,1973,KD,2.2
1864,1976,KD,1.8
1864,1979,KD,1.8
1864,1982,KD,2.3
1864,1985,KD,2.0
1864,1988,KD,0.2
1864,1991,KD,2.9
1864,1994,KD,0.3
1864,1998,KD,0.9
1864,2002,KD,0.8
1864,2006,KD,0.5
1864,2010,KD,0.4
1864,2014,KD,0.6
1864,2018,KD,1.2
1864,2022,KD,1.0
1864,1985,MP,1.3
1864,1988,MP,2.1
1864,1991,MP,0.7
1864,1994,MP,0.6
1864,1998,MP,2.4
1864,2002,MP,2.6
1864,2006,MP,2.2
1864,2010,MP,5.5
1864,2014,MP,7.6
1864,2018,MP,3.8
1864,2022,MP,1.0
1864,1973,S,57.5
1864,1976,S,57.5
1864,1979,S,56.2
1864,1982,S,52.0
1864,1985,S,46.7
1864,1988,S,49.7
1864,1991,S,38.0
1864,1994,S,50.9
1864,1998,S,47.1
1864,2002,S,49.6
1864,2006,S,43.6
1864,2010,S,41.2
1864,2014,S,37.5
1864,2018,S,39.3
1864,2022,S,41.3
1864,1973,V,8.5
1864,1976,V,7.7
1864,1979,V,9.9
1864,1982,V,7.9
1864,1985,V,9.5
1864,1988,V,9.7
1864,1991,V,9.8
1864,1994,V,15.4
1864,1998,V,14.8
1864,2002,V,9.3
1864,2006,V,8.6
1864,2010,V,8.2
1864,2014,V,6.8
1864,2018,V,6.2
1864,2022,V,6.7
1864,2002,SD,0.0
1864,2006,SD,3.3
1864,2010,SD,5.9
1864,2014,SD,23.8
1864,2018,SD,26.3
1864,2022,SD,28.2
1864,1973,ÖVRIGA,0.0
1864,1976,ÖVRIGA,0.1
1864,1979,ÖVRIGA,0.0
1864,1982,ÖVRIGA,25.1
1864,1985,ÖVRIGA,24.3
1864,1988,ÖVRIGA,22.3
1864,1991,ÖVRIGA,31.4
1864,1994,ÖVRIGA,18.0
1864,1998,ÖVRIGA,16.2
1864,2002,ÖVRIGA,11.3
1864,2006,ÖVRIGA,15.1
1864,2010,ÖVRIGA,6.9
1864,2014,ÖVRIGA,0.3
1864,2018,ÖVRIGA,0.3
1864,2022,ÖVRIGA,1.4
1880,1973,M,11.3
1880,1976,M,12.8
1880,1979,M,17.7
1880,1982,M,20.1
1880,1985,M,18.9
1880,1988,M,16.1
1880,1991,M,20.7
1880,1994,M,18.4
1880,1998,M,19.4
1880,2002,M,12.8
1880,2006,M,18.9
1880,2010,M,21.4
1880,2014,M,18.5
1880,2018,M,17.6
1880,2022,M,17.0
1880,1973,C,23.7
1880,1976,C,23.4
1880,1979,C,18.0
1880,1982,C,14.1
1880,1985,C,9.6
1880,1988,C,10.6
1880,1991,C,7.9
1880,1994,C,5.6
1880,1998,C,4.4
1880,2002,C,5.3
1880,2006,C,6.4
1880,2010,C,4.6
1880,2014,C,5.8
1880,2018,C,8.4
1880,2022,C,7.5
1880,1973,L,12.8
1880,1976,L,11.6
1880,1979,L,11.1
1880,1982,L,6.2
1880,1985,L,15.2
1880,1988,L,15.3
1880,1991,L,14.6
1880,1994,L,10.7
1880,1998,L,8.5
1880,2002,L,15.0
1880,2006,L,11.1
1880,2010,L,8.5
1880,2014,L,6.5
1880,2018,L,7.2
1880,2022,L,6.8
1880,1973,KD,2.5
1880,1976,KD,2.1
1880,1979,KD,2.7
1880,1982,KD,4.1
1880,1985,KD,3.9
1880,1988,KD,4.4
1880,1991,KD,9.1
1880,1994,KD,5.1
1880,1998,KD,11.4
1880,2002,KD,10.0
1880,2006,KD,8.9
1880,2010,KD,6.8
1880,2014,KD,6.6
1880,2018,KD,7.7
1880,2022,KD,5.9
1880,1982,MP,2.3
1880,1985,MP,2.6
1880,1988,MP,5.2
1880,1991,MP,3.6
1880,1994,MP,4.6
1880,1998,MP,5.2
1880,2002,MP,5.0
1880,2006,MP,5.8
1880,2010,MP,6.0
1880,2014,MP,8.0
1880,2018,MP,5.1
1880,2022,MP,3.7
1880,1973,S,45.5
1880,1976,S,46.1
1880,1979,S,45.0
1880,1982,S,48.2
1880,1985,S,43.5
1880,1988,S,41.9
1880,1991,S,37.3
1880,1994,S,47.6
1880,1998,S,37.8
1880,2002,S,40.1
1880,2006,S,37.9
1880,2010,S,41.1
1880,2014,S,36.0
1880,2018,S,32.0
1880,2022,S,30.6
1880,1973,V,3.4
1880,1976,V,3.3
1880,1979,V,4.4
1880,1982,V,4.7
1880,1985,V,4.9
1880,1988,V,5.2
1880,1991,V,5.1
1880,1994,V,6.0
1880,1998,V,11.5
1880,2002,V,9.0
1880,2006,V,6.5
1880,2010,V,6.1
1880,2014,V,6.0
1880,2018,V,8.1
1880,2022,V,8.4
1880,2002,SD,1.9
1880,2006,SD,4.1
1880,2010,SD,5.2
1880,2014,SD,8.6
1880,2018,SD,9.9
1880,2022,SD,10.7
1880,1973,ÖVRIGA,0.8
1880,1976,ÖVRIGA,0.8
1880,1979,ÖVRIGA,1.0
1880,1982,ÖVRIGA,0.3
1880,1985,ÖVRIGA,1.4
1880,1988,ÖVRIGA,1.2
1880,1991,ÖVRIGA,1.7
1880,1994,ÖVRIGA,2.0
1880,1998,ÖVRIGA,1.9
1880,2002,ÖVRIGA,1.1
1880,2006,ÖVRIGA,0.4
1880,2010,ÖVRIGA,0.3
1880,2014,ÖVRIGA,3.9
1880,2018,ÖVRIGA,3.9
1880,2022,ÖVRIGA,9.5
1881,1973,M,7.8
1881,1976,M,8.0
1881,1979,M,10.4
1881,1982,M,12.4
1881,1985,M,11.4
1881,1988,M,9.7
1881,1991,M,18.0
1881,1994,M,14.1
1881,1998,M,14.6
1881,2002,M,11.0
1881,2006,M,13.7
1881,2010,M,18.2
1881,2014,M,17.0
1881,2018,M,16.4
1881,2022,M,18.1
1881,1973,C,24.8
1881,1976,C,25.0
1881,1979,C,21.0
1881,1982,C,16.2
1881,1985,C,13.8
1881,1988,C,13.5
1881,1991,C,11.8
1881,1994,C,10.5
1881,1998,C,11.7
1881,2002,C,10.0
1881,2006,C,8.5
1881,2010,C,6.4
1881,2014,C,6.4
1881,2018,C,9.2
1881,2022,C,8.7
1881,1973,L,9.6
1881,1976,L,10.3
1881,1979,L,9.3
1881,1982,L,5.3
1881,1985,L,10.7
1881,1988,L,11.3
1881,1991,L,8.9
1881,1994,L,7.1
1881,1998,L,4.8
1881,2002,L,8.3
1881,2006,L,6.7
1881,2010,L,6.8
1881,2014,L,10.1
1881,2018,L,10.8
1881,2022,L,9.5
1881,1973,KD,4.6
1881,1976,KD,4.1
1881,1979,KD,4.7
1881,1982,KD,6.5
1881,1985,KD,5.0
1881,1988,KD,6.1
1881,1991,KD,8.8
1881,1994,KD,5.9
1881,1998,KD,10.2
1881,2002,KD,9.4
1881,2006,KD,8.8
1881,2010,KD,6.7
1881,2014,KD,5.4
1881,2018,KD,7.7
1881,2022,KD,5.0
1881,1982,MP,2.2
1881,1985,MP,2.3
1881,1988,MP,3.6
1881,1991,MP,2.4
1881,1994,MP,1.6
1881,1998,MP,1.3
1881,2002,MP,2.2
1881,2006,MP,2.6
1881,2010,MP,3.8
1881,2014,MP,5.2
1881,2018,MP,2.7
1881,2022,MP,1.8
1881,1973,S,47.1
1881,1976,S,47.5
1881,1979,S,49.9
1881,1982,S,52.7
1881,1985,S,51.9
1881,1988,S,50.6
1881,1991,S,43.7
1881,1994,S,51.5
1881,1998,S,44.6
1881,2002,S,49.7
1881,2006,S,51.5
1881,2010,S,48.7
1881,2014,S,39.9
1881,2018,S,33.4
1881,2022,S,33.0
1881,1973,V,6.0
1881,1976,V,5.0
1881,1979,V,4.8
1881,1982,V,4.7
1881,1985,V,4.7
1881,1988,V,5.1
1881,1991,V,5.6
1881,1994,V,7.8
1881,1998,V,12.4
1881,2002,V,7.6
1881,2006,V,4.4
1881,2010,V,4.0
1881,2014,V,5.2
1881,2018,V,5.2
1881,2022,V,5.3
1881,2002,SD,0.0
1881,2006,SD,3.7
1881,2010,SD,5.3
1881,2014,SD,10.5
1881,2018,SD,14.5
1881,2022,SD,18.3
1881,1973,ÖVRIGA,0.1
1881,1976,ÖVRIGA,0.0
1881,1979,ÖVRIGA,0.0
1881,1982,ÖVRIGA,0.0
1881,1985,ÖVRIGA,0.2
1881,1988,ÖVRIGA,0.1
1881,1991,ÖVRIGA,0.8
1881,1994,ÖVRIGA,1.4
1881,1998,ÖVRIGA,0.5
1881,2002,ÖVRIGA,1.8
1881,2006,ÖVRIGA,0.3
1881,2010,ÖVRIGA,0.0
1881,2014,ÖVRIGA,0.5
1881,2018,ÖVRIGA,0.2
1881,2022,ÖVRIGA,0.2
1882,1973,M,6.5
1882,1976,M,7.8
1882,1979,M,11.2
1882,1982,M,14.8
1882,1985,M,16.3
1882,1988,M,12.8
1882,1991,M,16.3
1882,1994,M,13.4
1882,1998,M,16.2
1882,2002,M,13.5
1882,2006,M,20.4
1882,2010,M,20.9
1882,2014,M,18.1
1882,2018,M,23.9
1882,2022,M,23.8
1882,1973,C,23.7
1882,1976,C,26.1
1882,1979,C,21.5
1882,1982,C,18.9
1882,1985,C,16.1
1882,1988,C,16.2
1882,1991,C,17.0
1882,1994,C,14.7
1882,1998,C,12.5
1882,2002,C,12.0
1882,2006,C,12.0
1882,2010,C,8.7
1882,2014,C,9.4
1882,2018,C,9.2
1882,2022,C,7.4
1882,1973,L,6.5
1882,1976,L,6.4
1882,1979,L,6.9
1882,1982,L,5.2
1882,1985,L,8.9
1882,1988,L,9.9
1882,1991,L,7.4
1882,1994,L,5.4
1882,1998,L,5.3
1882,2002,L,9.2
1882,2006,L,5.5
1882,2010,L,6.2
1882,2014,L,3.2
1882,2018,L,2.5
1882,2022,L,2.1
1882,1973,KD,4.7
1882,1976,KD,4.5
1882,1979,KD,5.3
1882,1982,KD,4.6
1882,1985,KD,4.3
1882,1988,KD,5.3
1882,1991,KD,8.4
1882,1994,KD,4.9
1882,1998,KD,9.8
1882,2002,KD,8.6
1882,2006,KD,8.0
1882,2010,KD,7.5
1882,2014,KD,5.7
1882,2018,KD,6.0
1882,2022,KD,5.1
1882,1985,MP,0.5
1882,1988,MP,4.7
1882,1991,MP,2.4
1882,1994,MP,1.2
1882,1998,MP,0.9
1882,2002,MP,1.6
1882,2006,MP,3.2
1882,2010,MP,4.2
1882,2014,MP,4.8
1882,2018,MP,2.3
1882,2022,MP,2.1
1882,1973,S,43.4
1882,1976,S,45.9
1882,1979,S,45.1
1882,1982,S,50.3
1882,1985,S,50.6
1882,1988,S,48.1
1882,1991,S,46.6
1882,1994,S,54.8
1882,1998,S,43.2
1882,2002,S,43.0
1882,2006,S,39.8
1882,2010,S,43.3
1882,2014,S,38.0
1882,2018,S,32.8
1882,2022,S,32.5
1882,1973,V,1.9
1882,1976,V,1.7
1882,1979,V,3.7
1882,1982,V,3.6
1882,1985,V,3.2
1882,1988,V,2.9
1882,1991,V,0.9
1882,1994,V,5.1
1882,1998,V,11.6
1882,2002,V,9.5
1882,2006,V,8.0
1882,2010,V,5.2
1882,2014,V,6.4
1882,2018,V,6.6
1882,2022,V,4.0
1882,2002,SD,2.1
1882,2006,SD,3.0
1882,2010,SD,3.8
1882,2014,SD,12.3
1882,2018,SD,14.2
1882,2022,SD,20.7
1882,1973,ÖVRIGA,13.3
1882,1976,ÖVRIGA,7.6
1882,1979,ÖVRIGA,6.3
1882,1982,ÖVRIGA,2.5
1882,1988,ÖVRIGA,0.0
1882,1991,ÖVRIGA,1.0
1882,1994,ÖVRIGA,0.5
1882,1998,ÖVRIGA,0.4
1882,2002,ÖVRIGA,0.6
1882,2006,ÖVRIGA,0.2
1882,2010,ÖVRIGA,0.1
1882,2014,ÖVRIGA,2.0
1882,2018,ÖVRIGA,2.5
1882,2022,ÖVRIGA,2.3
1883,1973,M,9.4
1883,1976,M,10.5
1883,1979,M,14.5
1883,1982,M,18.2
1883,1985,M,17.3
1883,1988,M,15.2
1883,1991,M,19.5
1883,1994,M,19.0
1883,1998,M,20.7
1883,2002,M,13.0
1883,2006,M,22.3
1883,2010,M,26.4
1883,2014,M,23.6
1883,2018,M,32.1
1883,2022,M,37.1
1883,1973,C,19.1
1883,1976,C,18.2
1883,1979,C,14.5
1883,1982,C,10.3
1883,1985,C,6.5
1883,1988,C,7.3
1883,1991,C,5.6
1883,1994,C,5.3
1883,1998,C,2.9
1883,2002,C,2.8
1883,2006,C,3.6
1883,2010,C,3.0
1883,2014,C,3.5
1883,2018,C,5.5
1883,2022,C,3.1
1883,1973,L,7.6
1883,1976,L,10.2
1883,1979,L,9.7
1883,1982,L,5.1
1883,1985,L,12.0
1883,1988,L,12.5
1883,1991,L,10.5
1883,1994,L,6.8
1883,1998,L,4.2
1883,2002,L,8.0
1883,2006,L,4.9
1883,2010,L,5.3
1883,2014,L,4.6
1883,2018,L,4.4
1883,2022,L,2.5
1883,1973,KD,1.6
1883,1976,KD,1.6
1883,1979,KD,1.6
1883,1982,KD,1.9
1883,1985,KD,1.7
1883,1988,KD,1.8
1883,1991,KD,4.7
1883,1994,KD,2.6
1883,1998,KD,7.7
1883,2002,KD,5.5
1883,2006,KD,4.7
1883,2010,KD,3.9
1883,2014,KD,3.1
1883,2018,KD,3.6
1883,2022,KD,3.3
1883,1982,MP,1.6
1883,1985,MP,1.7
1883,1988,MP,3.0
1883,1991,MP,1.7
1883,1994,MP,3.2
1883,1998,MP,3.1
1883,2002,MP,2.4
1883,2006,MP,2.4
1883,2010,MP,4.3
1883,2014,MP,6.0
1883,2018,MP,3.4
1883,2022,MP,2.9
1883,1973,S,54.3
1883,1976,S,52.2
1883,1979,S,51.2
1883,1982,S,54.2
1883,1985,S,51.9
1883,1988,S,50.5
1883,1991,S,44.8
1883,1994,S,50.7
1883,1998,S,46.5
1883,2002,S,55.8
1883,2006,S,49.1
1883,2010,S,44.4
1883,2014,S,41.7
1883,2018,S,31.8
1883,2022,S,32.4
1883,1973,V,7.2
1883,1976,V,6.1
1883,1979,V,6.9
1883,1982,V,7.5
1883,1985,V,8.9
1883,1988,V,9.5
1883,1991,V,7.3
1883,1994,V,10.0
1883,1998,V,14.4
1883,2002,V,9.1
1883,2006,V,7.0
1883,2010,V,6.2
1883,2014,V,6.5
1883,2018,V,7.8
1883,2022,V,5.7
1883,2002,SD,0.0
1883,2006,SD,2.1
1883,2010,SD,2.8
1883,2014,SD,8.2
1883,2018,SD,10.0
1883,2022,SD,12.4
1883,1973,ÖVRIGA,0.8
1883,1976,ÖVRIGA,1.1
1883,1979,ÖVRIGA,1.6
1883,1982,ÖVRIGA,1.1
1883,1985,ÖVRIGA,0.1
1883,1988,ÖVRIGA,0.2
1883,1991,ÖVRIGA,5.8
1883,1994,ÖVRIGA,2.5
1883,1998,ÖVRIGA,0.5
1883,2002,ÖVRIGA,3.4
1883,2006,ÖVRIGA,3.9
1883,2010,ÖVRIGA,3.8
1883,2014,ÖVRIGA,2.8
1883,2018,ÖVRIGA,1.2
1883,2022,ÖVRIGA,0.6
1884,1973,M,7.8
1884,1976,M,8.8
1884,1979,M,10.6
1884,1982,M,12.6
1884,1985,M,16.0
1884,1988,M,14.8
1884,1991,M,19.6
1884,1994,M,20.5
1884,1998,M,18.4
1884,2002,M,15.4
1884,2006,M,16.2
1884,2010,M,14.9
1884,2014,M,12.8
1884,2018,M,13.9
1884,2022,M,15.3
1884,1973,C,22.9
1884,1976,C,24.2
1884,1979,C,20.4
1884,1982,C,16.5
1884,1985,C,10.3
1884,1988,C,11.1
1884,1991,C,15.1
1884,1994,C,9.6
1884,1998,C,9.0
1884,2002,C,10.7
1884,2006,C,11.8
1884,2010,C,6.9
1884,2014,C,9.0
1884,2018,C,9.4
1884,2022,C,5.8
1884,1973,L,10.5
1884,1976,L,10.5
1884,1979,L,11.3
1884,1982,L,6.8
1884,1985,L,11.4
1884,1988,L,11.4
1884,1991,L,8.1
1884,1994,L,6.5
1884,1998,L,6.1
1884,2002,L,12.3
1884,2006,L,9.4
1884,2010,L,6.9
1884,2014,L,2.8
1884,2018,L,2.7
1884,2022,L,1.6
1884,1973,KD,3.2
1884,1976,KD,2.6
1884,1979,KD,2.4
1884,1982,KD,2.3
1884,1985,KD,2.1
1884,1988,KD,3.0
1884,1991,KD,7.0
1884,1994,KD,3.7
1884,1998,KD,8.1
1884,2002,KD,7.7
1884,2006,KD,6.2
1884,2010,KD,4.8
1884,2014,KD,2.9
1884,2018,KD,3.5
1884,2022,KD,3.1
1884,1982,MP,2.4
1884,1985,MP,3.6
1884,1988,MP,6.4
1884,1991,MP,3.7
1884,1994,MP,4.4
1884,1998,MP,3.7
1884,2002,MP,3.4
1884,2006,MP,3.4
1884,2010,MP,4.1
1884,2014,MP,4.4
1884,2018,MP,2.4
1884,2022,MP,3.4
1884,1973,S,46.5
1884,1976,S,47.8
1884,1979,S,50.1
1884,1982,S,55.8
1884,1985,S,52.8
1884,1988,S,48.2
1884,1991,S,39.4
1884,1994,S,49.8
1884,1998,S,44.1
1884,2002,S,42.5
1884,2006,S,45.2
1884,2010,S,42.9
1884,2014,S,39.4
1884,2018,S,34.1
1884,2022,S,29.4
1884,1973,V,4.6
1884,1976,V,4.4
1884,1979,V,5.1
1884,1982,V,3.6
1884,1985,V,3.8
1884,1988,V,5.1
1884,1991,V,6.4
1884,1994,V,5.2
1884,1998,V,9.8
1884,2002,V,7.0
1884,2006,V,5.0
1884,2010,V,3.7
1884,2014,V,10.2
1884,2018,V,6.5
1884,2022,V,6.0
1884,2002,SD,0.0
1884,2006,SD,2.1
1884,2010,SD,2.3
1884,2014,SD,8.0
1884,2018,SD,9.6
1884,2022,SD,11.9
1884,1973,ÖVRIGA,4.5
1884,1976,ÖVRIGA,1.9
1884,1979,ÖVRIGA,0.0
1884,1982,ÖVRIGA,0.0
1884,1988,ÖVRIGA,0.0
1884,1991,ÖVRIGA,0.6
1884,1994,ÖVRIGA,0.3
1884,1998,ÖVRIGA,0.8
1884,2002,ÖVRIGA,1.0
1884,2006,ÖVRIGA,0.7
1884,2010,ÖVRIGA,13.6
1884,2014,ÖVRIGA,10.5
1884,2018,ÖVRIGA,18.0
1884,2022,ÖVRIGA,23.5
1885,1973,M,8.6
1885,1976,M,9.4
1885,1979,M,12.0
1885,1982,M,13.6
1885,1985,M,14.9
1885,1988,M,11.7
1885,1991,M,12.4
1885,1994,M,12.5
1885,1998,M,13.6
1885,2002,M,11.3
1885,2006,M,15.9
1885,2010,M,18.6
1885,2014,M,15.5
1885,2018,M,17.2
1885,2022,M,19.1
1885,1973,C,30.7
1885,1976,C,31.0
1885,1979,C,25.9
1885,1982,C,21.8
1885,1985,C,17.0
1885,1988,C,18.3
1885,1991,C,15.2
1885,1994,C,12.8
1885,1998,C,14.1
1885,2002,C,16.4
1885,2006,C,23.0
1885,2010,C,13.8
1885,2014,C,12.1
1885,2018,C,12.1
1885,2022,C,8.3
1885,1973,L,8.7
1885,1976,L,8.2
1885,1979,L,7.4
1885,1982,L,4.4
1885,1985,L,8.5
1885,1988,L,8.8
1885,1991,L,7.7
1885,1994,L,4.8
1885,1998,L,3.2
1885,2002,L,5.5
1885,2006,L,3.6
1885,2010,L,4.1
1885,2014,L,2.7
1885,2018,L,3.0
1885,2022,L,3.1
1885,1973,KD,2.5
1885,1976,KD,2.1
1885,1979,KD,2.5
1885,1982,KD,3.0
1885,1985,KD,2.9
1885,1988,KD,3.7
1885,1991,KD,5.9
1885,1994,KD,3.3
1885,1998,KD,7.9
1885,2002,KD,6.4
1885,2006,KD,5.1
1885,2010,KD,3.8
1885,2014,KD,3.2
1885,2018,KD,4.6
1885,2022,KD,4.3
1885,1982,MP,2.8
1885,1985,MP,4.6
1885,1988,MP,6.1
1885,1991,MP,2.9
1885,1994,MP,4.8
1885,1998,MP,4.5
1885,2002,MP,4.1
1885,2006,MP,3.6
1885,2010,MP,4.7
1885,2014,MP,4.9
1885,2018,MP,2.9
1885,2022,MP,2.4
1885,1973,S,44.5
1885,1976,S,45.6
1885,1979,S,47.0
1885,1982,S,50.2
1885,1985,S,47.5
1885,1988,S,46.4
1885,1991,S,40.4
1885,1994,S,45.4
1885,1998,S,38.0
1885,2002,S,42.8
1885,2006,S,39.4
1885,2010,S,42.5
1885,2014,S,38.5
1885,2018,S,31.4
1885,2022,S,29.1
1885,1973,V,4.9
1885,1976,V,3.3
1885,1979,V,4.1
1885,1982,V,4.1
1885,1985,V,4.5
1885,1988,V,4.9
1885,1991,V,4.6
1885,1994,V,9.6
1885,1998,V,11.6
1885,2002,V,7.4
1885,2006,V,6.3
1885,2010,V,4.3
1885,2014,V,4.5
1885,2018,V,5.9
1885,2022,V,6.7
1885,2002,SD,0.0
1885,2006,SD,3.0
1885,2010,SD,8.1
1885,2014,SD,17.2
1885,2018,SD,20.0
1885,2022,SD,22.8
1885,1973,ÖVRIGA,0.1
1885,1976,ÖVRIGA,0.4
1885,1979,ÖVRIGA,1.1
1885,1982,ÖVRIGA,0.0
1885,1985,ÖVRIGA,0.1
1885,1988,ÖVRIGA,0.1
1885,1991,ÖVRIGA,10.9
1885,1994,ÖVRIGA,6.8
1885,1998,ÖVRIGA,7.1
1885,2002,ÖVRIGA,6.1
1885,2006,ÖVRIGA,0.2
1885,2010,ÖVRIGA,0.1
1885,2014,ÖVRIGA,1.4
1885,2018,ÖVRIGA,3.0
1885,2022,ÖVRIGA,4.1
1904,1973,M,6.9
1904,1976,M,6.8
1904,1979,M,7.6
1904,1982,M,9.2
1904,1985,M,12.0
1904,1988,M,10.0
1904,1991,M,13.3
1904,1994,M,10.1
1904,1998,M,11.0
1904,2002,M,9.6
1904,2006,M,10.2
1904,2010,M,6.7
1904,2014,M,5.3
1904,2018,M,5.6
1904,2022,M,7.2
1904,1973,C,18.0
1904,1976,C,18.1
1904,1979,C,17.6
1904,1982,C,14.5
1904,1985,C,13.0
1904,1988,C,12.9
1904,1991,C,12.7
1904,1994,C,9.9
1904,1998,C,10.8
1904,2002,C,11.3
1904,2006,C,11.3
1904,2010,C,6.7
1904,2014,C,6.1
1904,2018,C,5.0
1904,2022,C,3.8
1904,1973,L,4.5
1904,1976,L,3.3
1904,1979,L,3.4
1904,1982,L,1.7
1904,1985,L,5.7
1904,1988,L,5.6
1904,1991,L,5.7
1904,1994,L,3.7
1904,1998,L,4.0
1904,2002,L,6.0
1904,2006,L,11.1
1904,2010,L,30.7
1904,2014,L,29.9
1904,2018,L,21.5
1904,2022,L,19.1
1904,1973,KD,1.8
1904,1976,KD,1.7
1904,1979,KD,0.1
1904,1982,KD,0.4
1904,1985,KD,0.1
1904,1988,KD,0.2
1904,1991,KD,5.5
1904,1994,KD,4.3
1904,1998,KD,7.5
1904,2002,KD,5.1
1904,2006,KD,2.2
1904,2010,KD,1.2
1904,2014,KD,1.0
1904,2018,KD,1.4
1904,2022,KD,1.7
1904,1982,MP,0.2
1904,1985,MP,0.8
1904,1988,MP,3.1
1904,1991,MP,3.1
1904,1994,MP,4.8
1904,1998,MP,4.8
1904,2002,MP,2.9
1904,2006,MP,1.2
1904,2010,MP,4.5
1904,2014,MP,3.2
1904,2018,MP,0.8
1904,2022,MP,0.3
1904,1973,S,64.2
1904,1976,S,54.8
1904,1979,S,56.6
1904,1982,S,61.0
1904,1985,S,62.5
1904,1988,S,62.6
1904,1991,S,52.9
1904,1994,S,58.9
1904,1998,S,47.6
1904,2002,S,51.7
1904,2006,S,38.8
1904,2010,S,37.7
1904,2014,S,38.6
1904,2018,S,41.1
1904,2022,S,35.5
1904,1973,V,4.7
1904,1976,V,4.6
1904,1979,V,5.4
1904,1982,V,5.0
1904,1985,V,5.6
1904,1988,V,5.4
1904,1991,V,5.9
1904,1994,V,7.6
1904,1998,V,13.9
1904,2002,V,12.9
1904,2006,V,9.8
1904,2010,V,7.5
1904,2014,V,7.7
1904,2018,V,5.0
1904,2022,V,8.6
1904,2002,SD,0.0
1904,2006,SD,1.3
1904,2010,SD,3.3
1904,2014,SD,7.7
1904,2018,SD,19.2
1904,2022,SD,23.8
1904,1973,ÖVRIGA,0.0
1904,1976,ÖVRIGA,10.7
1904,1979,ÖVRIGA,9.3
1904,1982,ÖVRIGA,8.1
1904,1985,ÖVRIGA,0.2
1904,1988,ÖVRIGA,0.1
1904,1991,ÖVRIGA,0.9
1904,1994,ÖVRIGA,0.7
1904,1998,ÖVRIGA,0.4
1904,2002,ÖVRIGA,0.5
1904,2006,ÖVRIGA,14.0
1904,2010,ÖVRIGA,1.6
1904,2014,ÖVRIGA,0.5
1904,2018,ÖVRIGA,0.4
1904,2022,ÖVRIGA,0.1
1907,1973,M,5.3
1907,1976,M,6.3
1907,1979,M,8.3
1907,1982,M,9.7
1907,1985,M,9.6
1907,1988,M,7.5
1907,1991,M,11.4
1907,1994,M,9.6
1907,1998,M,10.5
1907,2002,M,6.6
1907,2006,M,12.6
1907,2010,M,14.2
1907,2014,M,14.0
1907,2018,M,19.3
1907,2022,M,22.0
1907,1973,C,15.0
1907,1976,C,12.9
1907,1979,C,10.6
1907,1982,C,9.1
1907,1985,C,5.8
1907,1988,C,5.2
1907,1991,C,5.2
1907,1994,C,4.5
1907,1998,C,9.4
1907,2002,C,11.2
1907,2006,C,8.6
1907,2010,C,7.5
1907,2014,C,13.1
1907,2018,C,7.7
1907,2022,C,5.7
1907,1973,L,5.3
1907,1976,L,6.5
1907,1979,L,6.8
1907,1982,L,3.4
1907,1985,L,7.0
1907,1988,L,8.0
1907,1991,L,7.6
1907,1994,L,6.9
1907,1998,L,5.4
1907,2002,L,7.0
1907,2006,L,5.8
1907,2010,L,7.3
1907,2014,L,4.1
1907,2018,L,3.5
1907,2022,L,1.6
1907,1973,KD,1.3
1907,1976,KD,1.0
1907,1979,KD,1.2
1907,1982,KD,0.6
1907,1985,KD,1.2
1907,1988,KD,1.5
1907,1991,KD,4.3
1907,1994,KD,2.0
1907,1998,KD,5.8
1907,2002,KD,5.0
1907,2006,KD,4.0
1907,2010,KD,3.2
1907,2014,KD,2.9
1907,2018,KD,2.7
1907,2022,KD,2.7
1907,1982,MP,0.4
1907,1985,MP,2.8
1907,1988,MP,6.6
1907,1991,MP,5.1
1907,1994,MP,6.8
1907,1998,MP,3.3
1907,2002,MP,1.1
1907,2006,MP,1.9
1907,2010,MP,2.2
1907,2014,MP,4.2
1907,2018,MP,1.7
1907,2022,MP,1.4
1907,1973,S,65.1
1907,1976,S,66.0
1907,1979,S,65.1
1907,1982,S,70.5
1907,1985,S,67.0
1907,1988,S,63.8
1907,1991,S,58.5
1907,1994,S,56.6
1907,1998,S,44.7
1907,2002,S,50.7
1907,2006,S,53.0
1907,2010,S,48.6
1907,2014,S,37.9
1907,2018,S,34.1
1907,2022,S,35.4
1907,1973,V,8.0
1907,1976,V,7.1
1907,1979,V,6.4
1907,1982,V,6.2
1907,1985,V,6.6
1907,1988,V,7.1
1907,1991,V,6.6
1907,1994,V,11.5
1907,1998,V,20.4
1907,2002,V,16.2
1907,2006,V,11.6
1907,2010,V,10.7
1907,2014,V,11.5
1907,2018,V,8.9
1907,2022,V,5.0
1907,2002,SD,0.0
1907,2006,SD,2.0
1907,2010,SD,4.9
1907,2014,SD,11.8
1907,2018,SD,21.8
1907,2022,SD,26.0
1907,1973,ÖVRIGA,0.1
1907,1976,ÖVRIGA,0.3
1907,1979,ÖVRIGA,1.7
1907,1982,ÖVRIGA,0.1
1907,1985,ÖVRIGA,0.1
1907,1988,ÖVRIGA,0.3
1907,1991,ÖVRIGA,1.4
1907,1994,ÖVRIGA,2.1
1907,1998,ÖVRIGA,0.4
1907,2002,ÖVRIGA,2.3
1907,2006,ÖVRIGA,0.5
1907,2010,ÖVRIGA,1.4
1907,2014,ÖVRIGA,0.4
1907,2018,ÖVRIGA,0.4
1907,2022,ÖVRIGA,0.1
1960,1973,M,7.7
1960,1976,M,9.0
1960,1979,M,12.7
1960,1982,M,15.6
1960,1985,M,16.7
1960,1988,M,12.9
1960,1991,M,16.8
1960,1994,M,18.3
1960,1998,M,16.3
1960,2002,M,13.0
1960,2006,M,20.2
1960,2010,M,21.7
1960,2014,M,18.2
1960,2018,M,17.1
1960,2022,M,16.4
1960,1973,C,24.3
1960,1976,C,26.1
1960,1979,C,21.5
1960,1982,C,19.3
1960,1985,C,17.5
1960,1988,C,16.0
1960,1991,C,13.2
1960,1994,C,11.0
1960,1998,C,12.0
1960,2002,C,17.9
1960,2006,C,21.1
1960,2010,C,11.2
1960,2014,C,12.9
1960,2018,C,13.7
1960,2022,C,11.4
1960,1973,L,12.5
1960,1976,L,13.6
1960,1979,L,11.5
1960,1982,L,8.2
1960,1985,L,10.5
1960,1988,L,11.7
1960,1991,L,9.6
1960,1994,L,5.0
1960,1998,L,4.4
1960,2002,L,10.0
1960,2006,L,8.2
1960,2010,L,17.6
1960,2014,L,8.7
1960,2018,L,4.7
1960,2022,L,3.8
1960,1973,KD,1.1
1960,1976,KD,0.1
1960,1979,KD,1.8
1960,1982,KD,1.2
1960,1985,KD,1.1
1960,1988,KD,0.6
1960,1991,KD,3.9
1960,1994,KD,2.0
1960,1998,KD,7.2
1960,2002,KD,6.7
1960,2006,KD,5.4
1960,2010,KD,3.7
1960,2014,KD,3.4
1960,2018,KD,3.6
1960,2022,KD,6.0
1960,1982,MP,2.4
1960,1985,MP,3.2
1960,1988,MP,6.3
1960,1991,MP,4.0
1960,1994,MP,4.7
1960,1998,MP,4.0
1960,2002,MP,0.9
1960,2006,MP,1.2
1960,2010,MP,3.6
1960,2014,MP,3.9
1960,2018,MP,1.6
1960,2022,MP,1.3
1960,1973,S,48.8
1960,1976,S,45.9
1960,1979,S,47.3
1960,1982,S,48.5
1960,1985,S,45.7
1960,1988,S,47.4
1960,1991,S,38.7
1960,1994,S,45.6
1960,1998,S,38.9
1960,2002,S,43.6
1960,2006,S,36.5
1960,2010,S,32.5
1960,2014,S,35.5
1960,2018,S,35.8
1960,2022,S,34.3
1960,1973,V,5.5
1960,1976,V,5.1
1960,1979,V,5.1
1960,1982,V,4.9
1960,1985,V,5.1
1960,1988,V,4.9
1960,1991,V,3.6
1960,1994,V,4.9
1960,1998,V,9.7
1960,2002,V,7.4
1960,2006,V,5.3
1960,2010,V,5.5
1960,2014,V,5.5
1960,2018,V,4.9
1960,2022,V,5.0
1960,2002,SD,0.0
1960,2006,SD,1.8
1960,2010,SD,4.0
1960,2014,SD,11.6
1960,2018,SD,17.8
1960,2022,SD,21.5
1960,1973,ÖVRIGA,0.1
1960,1976,ÖVRIGA,0.2
1960,1985,ÖVRIGA,0.2
1960,1988,ÖVRIGA,0.2
1960,1991,ÖVRIGA,10.1
1960,1994,ÖVRIGA,8.6
1960,1998,ÖVRIGA,7.5
1960,2002,ÖVRIGA,0.5
1960,2006,ÖVRIGA,0.3
1960,2010,ÖVRIGA,0.1
1960,2014,ÖVRIGA,0.4
1960,2018,ÖVRIGA,0.9
1960,2022,ÖVRIGA,0.2
1961,1973,M,7.6
1961,1976,M,9.0
1961,1979,M,11.0
1961,1982,M,14.0
1961,1985,M,14.0
1961,1988,M,11.1
1961,1991,M,14.3
1961,1994,M,11.1
1961,1998,M,13.7
1961,2002,M,9.9
1961,2006,M,12.9
1961,2010,M,14.9
1961,2014,M,12.3
1961,2018,M,17.2
1961,2022,M,16.4
1961,1973,C,17.3
1961,1976,C,15.0
1961,1979,C,10.9
1961,1982,C,8.8
1961,1985,C,6.7
1961,1988,C,7.6
1961,1991,C,6.4
1961,1994,C,5.4
1961,1998,C,5.5
1961,2002,C,7.6
1961,2006,C,6.3
1961,2010,C,4.1
1961,2014,C,4.7
1961,2018,C,5.7
1961,2022,C,5.8
1961,1973,L,7.4
1961,1976,L,8.5
1961,1979,L,9.2
1961,1982,L,4.9
1961,1985,L,9.5
1961,1988,L,9.8
1961,1991,L,8.2
1961,1994,L,5.0
1961,1998,L,4.4
1961,2002,L,9.6
1961,2006,L,8.5
1961,2010,L,9.4
1961,2014,L,7.2
1961,2018,L,7.0
1961,2022,L,4.1
1961,1973,KD,1.5
1961,1976,KD,1.7
1961,1979,KD,1.5
1961,1982,KD,1.9
1961,1985,KD,1.4
1961,1988,KD,0.7
1961,1991,KD,4.7
1961,1994,KD,3.0
1961,1998,KD,8.5
1961,2002,KD,12.4
1961,2006,KD,11.6
1961,2010,KD,5.8
1961,2014,KD,3.5
1961,2018,KD,4.2
1961,2022,KD,4.4
1961,1982,MP,0.4
1961,1985,MP,0.6
1961,1988,MP,2.2
1961,1991,MP,2.6
1961,1994,MP,4.3
1961,1998,MP,3.8
1961,2002,MP,2.7
1961,2006,MP,3.5
1961,2010,MP,3.1
1961,2014,MP,4.0
1961,2018,MP,2.6
1961,2022,MP,2.1
1961,1973,S,58.4
1961,1976,S,58.3
1961,1979,S,58.9
1961,1982,S,60.8
1961,1985,S,57.9
1961,1988,S,58.1
1961,1991,S,55.0
1961,1994,S,58.6
1961,1998,S,47.7
1961,2002,S,41.1
1961,2006,S,43.9
1961,2010,S,50.3
1961,2014,S,47.3
1961,2018,S,39.1
1961,2022,S,37.7
1961,1973,V,7.8
1961,1976,V,6.9
1961,1979,V,7.7
1961,1982,V,8.7
1961,1985,V,9.3
1961,1988,V,8.9
1961,1991,V,6.6
1961,1994,V,9.3
1961,1998,V,16.0
1961,2002,V,13.7
1961,2006,V,9.1
1961,2010,V,8.3
1961,2014,V,9.0
1961,2018,V,8.7
1961,2022,V,8.1
1961,2002,SD,2.2
1961,2006,SD,3.5
1961,2010,SD,4.0
1961,2014,SD,11.7
1961,2018,SD,14.8
1961,2022,SD,21.0
1961,1973,ÖVRIGA,0.1
1961,1976,ÖVRIGA,0.6
1961,1979,ÖVRIGA,0.8
1961,1982,ÖVRIGA,0.4
1961,1985,ÖVRIGA,0.6
1961,1988,ÖVRIGA,1.5
1961,1991,ÖVRIGA,2.0
1961,1994,ÖVRIGA,3.3
1961,1998,ÖVRIGA,0.4
1961,2002,ÖVRIGA,0.7
1961,2006,ÖVRIGA,0.8
1961,2010,ÖVRIGA,0.2
1961,2014,ÖVRIGA,0.4
1961,2018,ÖVRIGA,0.6
1961,2022,ÖVRIGA,0.4
1962,1973,M,7.0
1962,1976,M,9.3
1962,1979,M,11.4
1962,1982,M,11.7
1962,1985,M,12.4
1962,1988,M,11.0
1962,1991,M,14.2
1962,1994,M,13.4
1962,1998,M,14.0
1962,2002,M,11.2
1962,2006,M,13.4
1962,2010,M,9.4
1962,2014,M,7.4
1962,2018,M,7.9
1962,2022,M,11.5
1962,1973,C,17.4
1962,1976,C,17.7
1962,1979,C,12.6
1962,1982,C,11.0
1962,1985,C,9.7
1962,1988,C,9.1
1962,1991,C,8.6
1962,1994,C,11.5
1962,1998,C,6.3
1962,2002,C,6.5
1962,2006,C,10.4
1962,2010,C,8.5
1962,2014,C,5.3
1962,2018,C,4.7
1962,2022,C,0.9
1962,1973,L,4.9
1962,1976,L,5.5
1962,1979,L,5.5
1962,1982,L,3.8
1962,1985,L,7.3
1962,1988,L,7.8
1962,1991,L,5.7
1962,1994,L,4.1
1962,1998,L,2.9
1962,2002,L,6.9
1962,2006,L,5.7
1962,2010,L,12.4
1962,2014,L,3.1
1962,2018,L,4.9
1962,2022,L,5.5
1962,1973,KD,2.0
1962,1976,KD,1.3
1962,1979,KD,1.6
1962,1982,KD,1.4
1962,1985,KD,1.0
1962,1988,KD,0.6
1962,1991,KD,3.0
1962,1994,KD,1.4
1962,1998,KD,0.5
1962,2002,KD,0.5
1962,2006,KD,1.4
1962,2010,KD,1.3
1962,2014,KD,1.0
1962,2018,KD,1.7
1962,2022,KD,1.3
1962,1982,MP,1.1
1962,1985,MP,1.4
1962,1988,MP,2.0
1962,1991,MP,4.2
1962,1994,MP,4.8
1962,1998,MP,2.8
1962,2002,MP,2.2
1962,2006,MP,2.2
1962,2010,MP,3.4
1962,2014,MP,2.3
1962,2018,MP,1.4
1962,2022,MP,0.3
1962,1973,S,60.8
1962,1976,S,56.6
1962,1979,S,57.6
1962,1982,S,59.6
1962,1985,S,54.2
1962,1988,S,54.2
1962,1991,S,50.2
1962,1994,S,45.5
1962,1998,S,25.4
1962,2002,S,33.8
1962,2006,S,45.6
1962,2010,S,47.4
1962,2014,S,39.1
1962,2018,S,40.6
1962,2022,S,40.7
1962,1973,V,7.8
1962,1976,V,9.6
1962,1979,V,10.0
1962,1982,V,11.4
1962,1985,V,14.0
1962,1988,V,14.5
1962,1991,V,12.9
1962,1994,V,18.6
1962,1998,V,47.9
1962,2002,V,38.2
1962,2006,V,19.6
1962,2010,V,14.9
1962,2014,V,21.0
1962,2018,V,10.5
1962,2022,V,9.4
1962,2002,SD,0.0
1962,2006,SD,1.3
1962,2010,SD,2.5
1962,2014,SD,12.3
1962,2018,SD,9.8
1962,2022,SD,0.0
1962,1973,ÖVRIGA,0.1
1962,1976,ÖVRIGA,0.0
1962,1979,ÖVRIGA,1.3
1962,1985,ÖVRIGA,0.0
1962,1988,ÖVRIGA,0.7
1962,1991,ÖVRIGA,1.3
1962,1994,ÖVRIGA,0.7
1962,1998,ÖVRIGA,0.2
1962,2002,ÖVRIGA,0.7
1962,2006,ÖVRIGA,0.4
1962,2010,ÖVRIGA,0.2
1962,2014,ÖVRIGA,8.6
1962,2018,ÖVRIGA,18.5
1962,2022,ÖVRIGA,30.4
1980,1973,M,12.1
1980,1976,M,14.6
1980,1979,M,19.7
1980,1982,M,22.8
1980,1985,M,20.4
1980,1988,M,16.7
1980,1991,M,21.6
1980,1994,M,20.7
1980,1998,M,22.0
1980,2002,M,14.7
1980,2006,M,23.8
1980,2010,M,28.3
1980,2014,M,24.5
1980,2018,M,23.4
1980,2022,M,24.7
1980,1973,C,21.3
1980,1976,C,16.4
1980,1979,C,11.9
1980,1982,C,9.9
1980,1985,C,6.2
1980,1988,C,6.9
1980,1991,C,5.1
1980,1994,C,3.6
1980,1998,C,3.1
1980,2002,C,4.2
1980,2006,C,5.9
1980,2010,C,4.0
1980,2014,C,5.6
1980,2018,C,6.2
1980,2022,C,6.3
1980,1973,L,11.4
1980,1976,L,14.4
1980,1979,L,13.7
1980,1982,L,6.9
1980,1985,L,15.9
1980,1988,L,16.6
1980,1991,L,14.5
1980,1994,L,9.9
1980,1998,L,8.3
1980,2002,L,15.8
1980,2006,L,12.1
1980,2010,L,11.0
1980,2014,L,8.6
1980,2018,L,11.1
1980,2022,L,6.5
1980,1973,KD,1.9
1980,1976,KD,1.8
1980,1979,KD,1.4
1980,1982,KD,1.8
1980,1985,KD,1.3
1980,1988,KD,2.1
1980,1991,KD,5.2
1980,1994,KD,2.9
1980,1998,KD,9.7
1980,2002,KD,7.0
1980,2006,KD,5.8
1980,2010,KD,4.0
1980,2014,KD,3.8
1980,2018,KD,5.1
1980,2022,KD,4.9
1980,1982,MP,1.8
1980,1985,MP,1.7
1980,1988,MP,4.3
1980,1991,MP,2.9
1980,1994,MP,4.7
1980,1998,MP,5.0
1980,2002,MP,5.4
1980,2006,MP,5.4
1980,2010,MP,6.1
1980,2014,MP,6.6
1980,2018,MP,3.5
1980,2022,MP,2.9
1980,1973,S,47.2
1980,1976,S,47.5
1980,1979,S,46.7
1980,1982,S,51.0
1980,1985,S,49.4
1980,1988,S,48.1
1980,1991,S,40.1
1980,1994,S,51.1
1980,1998,S,39.3
1980,2002,S,43.2
1980,2006,S,36.7
1980,2010,S,35.1
1980,2014,S,34.4
1980,2018,S,28.7
1980,2022,S,30.1
1980,1973,V,5.4
1980,1976,V,4.8
1980,1979,V,5.7
1980,1982,V,5.5
1980,1985,V,4.6
1980,1988,V,4.5
1980,1991,V,3.8
1980,1994,V,4.7
1980,1998,V,10.4
1980,2002,V,7.1
1980,2006,V,5.7
1980,2010,V,5.0
1980,2014,V,6.2
1980,2018,V,7.9
1980,2022,V,8.4
1980,2002,SD,0.9
1980,2006,SD,2.0
1980,2010,SD,4.7
1980,2014,SD,9.0
1980,2018,SD,13.4
1980,2022,SD,14.9
1980,1973,ÖVRIGA,0.7
1980,1976,ÖVRIGA,0.7
1980,1979,ÖVRIGA,1.0
1980,1982,ÖVRIGA,0.5
1980,1985,ÖVRIGA,0.5
1980,1988,ÖVRIGA,0.7
1980,1991,ÖVRIGA,6.8
1980,1994,ÖVRIGA,2.4
1980,1998,ÖVRIGA,2.2
1980,2002,ÖVRIGA,1.8
1980,2006,ÖVRIGA,2.6
1980,2010,ÖVRIGA,1.9
1980,2014,ÖVRIGA,1.3
1980,2018,ÖVRIGA,0.9
1980,2022,ÖVRIGA,1.3
1981,1973,M,8.8
1981,1976,M,10.2
1981,1979,M,13.1
1981,1982,M,17.3
1981,1985,M,15.7
1981,1988,M,12.1
1981,1991,M,14.3
1981,1994,M,11.2
1981,1998,M,15.2
1981,2002,M,11.0
1981,2006,M,18.0
1981,2010,M,15.4
1981,2014,M,11.9
1981,2018,M,10.9
1981,2022,M,13.6
1981,1973,C,37.4
1981,1976,C,34.4
1981,1979,C,30.5
1981,1982,C,26.1
1981,1985,C,23.2
1981,1988,C,21.3
1981,1991,C,19.2
1981,1994,C,18.3
1981,1998,C,15.9
1981,2002,C,17.2
1981,2006,C,22.0
1981,2010,C,17.3
1981,2014,C,20.2
1981,2018,C,20.2
1981,2022,C,12.2
1981,1973,L,9.2
1981,1976,L,10.2
1981,1979,L,8.9
1981,1982,L,5.7
1981,1985,L,11.9
1981,1988,L,11.9
1981,1991,L,9.5
1981,1994,L,4.8
1981,1998,L,4.3
1981,2002,L,8.3
1981,2006,L,5.0
1981,2010,L,4.6
1981,2014,L,3.0
1981,2018,L,3.4
1981,2022,L,2.1
1981,1973,KD,1.3
1981,1976,KD,1.6
1981,1979,KD,2.5
1981,1982,KD,2.4
1981,1985,KD,1.7
1981,1988,KD,3.4
1981,1991,KD,7.8
1981,1994,KD,3.1
1981,1998,KD,9.5
1981,2002,KD,9.7
1981,2006,KD,6.7
1981,2010,KD,3.8
1981,2014,KD,2.7
1981,2018,KD,3.3
1981,2022,KD,4.1
1981,1982,MP,2.0
1981,1985,MP,2.5
1981,1988,MP,4.2
1981,1991,MP,2.6
1981,1994,MP,5.3
1981,1998,MP,5.2
1981,2002,MP,0.8
1981,2006,MP,0.9
1981,2010,MP,4.6
1981,2014,MP,3.8
1981,2018,MP,2.1
1981,2022,MP,2.0
1981,1973,S,40.1
1981,1976,S,41.0
1981,1979,S,41.0
1981,1982,S,42.6
1981,1985,S,40.6
1981,1988,S,42.7
1981,1991,S,34.4
1981,1994,S,38.2
1981,1998,S,34.3
1981,2002,S,42.1
1981,2006,S,38.0
1981,2010,S,34.5
1981,2014,S,30.8
1981,2018,S,28.4
1981,2022,S,30.1
1981,1973,V,2.7
1981,1976,V,2.6
1981,1979,V,4.1
1981,1982,V,3.8
1981,1985,V,4.3
1981,1988,V,4.3
1981,1991,V,3.9
1981,1994,V,3.8
1981,1998,V,9.4
1981,2002,V,7.0
1981,2006,V,6.7
1981,2010,V,4.2
1981,2014,V,4.1
1981,2018,V,4.4
1981,2022,V,5.7
1981,2002,SD,0.0
1981,2006,SD,1.7
1981,2010,SD,4.7
1981,2014,SD,10.2
1981,2018,SD,16.0
1981,2022,SD,20.1
1981,1973,ÖVRIGA,0.4
1981,1976,ÖVRIGA,0.0
1981,1979,ÖVRIGA,0.0
1981,1982,ÖVRIGA,0.0
1981,1985,ÖVRIGA,0.1
1981,1988,ÖVRIGA,0.1
1981,1991,ÖVRIGA,8.3
1981,1994,ÖVRIGA,15.3
1981,1998,ÖVRIGA,6.3
1981,2002,ÖVRIGA,3.9
1981,2006,ÖVRIGA,0.9
1981,2010,ÖVRIGA,10.8
1981,2014,ÖVRIGA,13.4
1981,2018,ÖVRIGA,11.2
1981,2022,ÖVRIGA,10.0
1982,1973,M,8.0
1982,1976,M,7.8
1982,1979,M,10.4
1982,1982,M,14.4
1982,1985,M,14.2
1982,1988,M,11.5
1982,1991,M,14.8
1982,1994,M,12.6
1982,1998,M,12.4
1982,2002,M,8.3
1982,2006,M,7.8
1982,2010,M,8.2
1982,2014,M,12.4
1982,2018,M,12.3
1982,2022,M,15.8
1982,1973,C,15.5
1982,1976,C,15.2
1982,1979,C,12.9
1982,1982,C,10.4
1982,1985,C,6.7
1982,1988,C,8.1
1982,1991,C,6.5
1982,1994,C,5.0
1982,1998,C,2.8
1982,2002,C,2.3
1982,2006,C,2.1
1982,2010,C,1.9
1982,2014,C,2.4
1982,2018,C,1.5
1982,2022,C,2.3
1982,1973,L,9.7
1982,1976,L,9.6
1982,1979,L,9.0
1982,1982,L,5.0
1982,1985,L,9.1
1982,1988,L,9.1
1982,1991,L,8.0
1982,1994,L,4.8
1982,1998,L,2.9
1982,2002,L,3.5
1982,2006,L,2.3
1982,2010,L,2.3
1982,2014,L,2.4
1982,2018,L,2.9
1982,2022,L,2.8
1982,1973,KD,0.9
1982,1976,KD,0.8
1982,1979,KD,0.9
1982,1982,KD,0.6
1982,1985,KD,0.3
1982,1988,KD,0.4
1982,1991,KD,4.7
1982,1994,KD,2.0
1982,1998,KD,3.7
1982,2002,KD,3.5
1982,2006,KD,2.7
1982,2010,KD,2.3
1982,2014,KD,0.8
1982,2018,KD,0.8
1982,2022,KD,1.4
1982,1982,MP,0.2
1982,1985,MP,0.5
1982,1988,MP,1.6
1982,1991,MP,1.4
1982,1994,MP,2.1
1982,1998,MP,1.9
1982,2002,MP,1.0
1982,2006,MP,0.3
1982,2010,MP,1.1
1982,2014,MP,1.3
1982,2018,MP,0.9
1982,2022,MP,0.4
1982,1973,S,57.1
1982,1976,S,57.4
1982,1979,S,58.1
1982,1982,S,58.4
1982,1985,S,52.4
1982,1988,S,51.4
1982,1991,S,46.7
1982,1994,S,49.3
1982,1998,S,31.5
1982,2002,S,26.5
1982,2006,S,24.0
1982,2010,S,23.9
1982,2014,S,38.4
1982,2018,S,42.3
1982,2022,S,27.9
1982,1973,V,8.0
1982,1976,V,8.9
1982,1979,V,4.6
1982,1982,V,7.3
1982,1985,V,9.5
1982,1988,V,10.8
1982,1991,V,13.0
1982,1994,V,21.8
1982,1998,V,44.5
1982,2002,V,53.9
1982,2006,V,58.3
1982,2010,V,55.6
1982,2014,V,29.5
1982,2018,V,19.2
1982,2022,V,26.5
1982,2002,SD,0.0
1982,2006,SD,0.7
1982,2010,SD,4.6
1982,2014,SD,12.7
1982,2018,SD,15.8
1982,2022,SD,22.6
1982,1973,ÖVRIGA,0.8
1982,1976,ÖVRIGA,0.4
1982,1979,ÖVRIGA,4.1
1982,1982,ÖVRIGA,3.7
1982,1985,ÖVRIGA,7.4
1982,1988,ÖVRIGA,7.2
1982,1991,ÖVRIGA,4.8
1982,1994,ÖVRIGA,2.2
1982,1998,ÖVRIGA,0.4
1982,2002,ÖVRIGA,1.0
1982,2006,ÖVRIGA,1.8
1982,2010,ÖVRIGA,0.1
1982,2014,ÖVRIGA,0.1
1982,2018,ÖVRIGA,4.3
1982,2022,ÖVRIGA,0.2
1983,1973,M,7.6
1983,1976,M,8.2
1983,1979,M,10.0
1983,1982,M,12.9
1983,1985,M,12.5
1983,1988,M,11.6
1983,1991,M,16.5
1983,1994,M,15.2
1983,1998,M,16.2
1983,2002,M,14.1
1983,2006,M,18.2
1983,2010,M,19.2
1983,2014,M,14.6
1983,2018,M,15.5
1983,2022,M,12.5
1983,1973,C,23.0
1983,1976,C,22.0
1983,1979,C,18.5
1983,1982,C,15.1
1983,1985,C,12.0
1983,1988,C,11.4
1983,1991,C,9.8
1983,1994,C,8.4
1983,1998,C,7.7
1983,2002,C,8.1
1983,2006,C,11.0
1983,2010,C,8.3
1983,2014,C,8.8
1983,2018,C,8.8
1983,2022,C,6.7
1983,1973,L,6.7
1983,1976,L,7.7
1983,1979,L,7.4
1983,1982,L,4.2
1983,1985,L,8.6
1983,1988,L,8.5
1983,1991,L,7.1
1983,1994,L,4.6
1983,1998,L,3.3
1983,2002,L,8.4
1983,2006,L,5.2
1983,2010,L,5.3
1983,2014,L,4.9
1983,2018,L,4.2
1983,2022,L,2.4
1983,1973,KD,3.5
1983,1976,KD,3.7
1983,1979,KD,3.8
1983,1982,KD,3.1
1983,1985,KD,2.5
1983,1988,KD,3.2
1983,1991,KD,6.7
1983,1994,KD,3.6
1983,1998,KD,8.0
1983,2002,KD,6.7
1983,2006,KD,5.1
1983,2010,KD,3.1
1983,2014,KD,2.5
1983,2018,KD,4.9
1983,2022,KD,8.4
1983,1982,MP,1.5
1983,1985,MP,2.6
1983,1988,MP,5.9
1983,1991,MP,3.1
1983,1994,MP,4.2
1983,1998,MP,3.8
1983,2002,MP,2.9
1983,2006,MP,2.1
1983,2010,MP,4.0
1983,2014,MP,3.9
1983,2018,MP,2.0
1983,2022,MP,1.5
1983,1973,S,53.1
1983,1976,S,53.4
1983,1979,S,53.2
1983,1982,S,57.3
1983,1985,S,53.7
1983,1988,S,51.5
1983,1991,S,46.3
1983,1994,S,52.8
1983,1998,S,43.3
1983,2002,S,44.3
1983,2006,S,45.3
1983,2010,S,45.2
1983,2014,S,43.7
1983,2018,S,35.8
1983,2022,S,31.0
1983,1973,V,5.0
1983,1976,V,4.9
1983,1979,V,6.9
1983,1982,V,5.4
1983,1985,V,5.4
1983,1988,V,5.3
1983,1991,V,5.4
1983,1994,V,8.3
1983,1998,V,15.1
1983,2002,V,12.2
1983,2006,V,8.9
1983,2010,V,8.3
1983,2014,V,7.8
1983,2018,V,7.6
1983,2022,V,8.2
1983,2002,SD,0.0
1983,2006,SD,2.3
1983,2010,SD,5.2
1983,2014,SD,13.5
1983,2018,SD,21.0
1983,2022,SD,25.9
1983,1973,ÖVRIGA,1.0
1983,1976,ÖVRIGA,0.2
1983,1979,ÖVRIGA,0.2
1983,1982,ÖVRIGA,0.6
1983,1985,ÖVRIGA,2.7
1983,1988,ÖVRIGA,2.7
1983,1991,ÖVRIGA,5.2
1983,1994,ÖVRIGA,3.0
1983,1998,ÖVRIGA,2.6
1983,2002,ÖVRIGA,3.4
1983,2006,ÖVRIGA,1.9
1983,2010,ÖVRIGA,1.4
1983,2014,ÖVRIGA,0.3
1983,2018,ÖVRIGA,0.3
1983,2022,ÖVRIGA,3.4
1984,1973,M,10.1
1984,1976,M,12.8
1984,1979,M,15.2
1984,1982,M,16.1
1984,1985,M,16.5
1984,1988,M,15.4
1984,1991,M,18.9
1984,1994,M,15.3
1984,1998,M,15.9
1984,2002,M,12.2
1984,2006,M,17.3
1984,2010,M,21.1
1984,2014,M,20.5
1984,2018,M,25.5
1984,2022,M,19.7
1984,1973,C,24.3
1984,1976,C,22.1
1984,1979,C,17.4
1984,1982,C,14.9
1984,1985,C,11.9
1984,1988,C,13.9
1984,1991,C,11.4
1984,1994,C,8.6
1984,1998,C,6.8
1984,2002,C,6.8
1984,2006,C,8.3
1984,2010,C,5.9
1984,2014,C,5.5
1984,2018,C,5.5
1984,2022,C,4.8
1984,1973,L,10.1
1984,1976,L,10.8
1984,1979,L,10.1
1984,1982,L,5.7
1984,1985,L,9.8
1984,1988,L,8.9
1984,1991,L,8.2
1984,1994,L,6.0
1984,1998,L,5.0
1984,2002,L,11.8
1984,2006,L,8.9
1984,2010,L,10.4
1984,2014,L,7.6
1984,2018,L,6.7
1984,2022,L,4.5
1984,1973,KD,1.2
1984,1976,KD,1.6
1984,1979,KD,2.3
1984,1982,KD,2.7
1984,1985,KD,2.4
1984,1988,KD,2.7
1984,1991,KD,5.6
1984,1994,KD,2.8
1984,1998,KD,7.8
1984,2002,KD,5.1
1984,2006,KD,5.2
1984,2010,KD,4.5
1984,2014,KD,4.1
1984,2018,KD,3.7
1984,2022,KD,3.8
1984,1982,MP,3.0
1984,1985,MP,4.1
1984,1988,MP,6.7
1984,1991,MP,4.8
1984,1994,MP,8.5
1984,1998,MP,9.2
1984,2002,MP,6.6
1984,2006,MP,2.8
1984,2010,MP,4.7
1984,2014,MP,5.6
1984,2018,MP,2.8
1984,2022,MP,2.5
1984,1973,S,49.0
1984,1976,S,48.1
1984,1979,S,49.3
1984,1982,S,52.7
1984,1985,S,50.2
1984,1988,S,45.2
1984,1991,S,44.4
1984,1994,S,50.7
1984,1998,S,43.8
1984,2002,S,38.5
1984,2006,S,42.7
1984,2010,S,40.3
1984,2014,S,39.0
1984,2018,S,33.8
1984,2022,S,38.4
1984,1973,V,5.3
1984,1976,V,4.6
1984,1979,V,5.1
1984,1982,V,4.6
1984,1985,V,4.9
1984,1988,V,6.5
1984,1991,V,4.7
1984,1994,V,6.0
1984,1998,V,11.3
1984,2002,V,7.7
1984,2006,V,6.6
1984,2010,V,6.3
1984,2014,V,5.8
1984,2018,V,5.3
1984,2022,V,5.1
1984,2002,SD,0.0
1984,2006,SD,1.5
1984,2010,SD,4.1
1984,2014,SD,9.7
1984,2018,SD,14.1
1984,2022,SD,19.7
1984,1973,ÖVRIGA,0.0
1984,1976,ÖVRIGA,0.1
1984,1979,ÖVRIGA,0.6
1984,1982,ÖVRIGA,0.2
1984,1985,ÖVRIGA,0.2
1984,1988,ÖVRIGA,0.8
1984,1991,ÖVRIGA,1.9
1984,1994,ÖVRIGA,2.1
1984,1998,ÖVRIGA,0.2
1984,2002,ÖVRIGA,11.4
1984,2006,ÖVRIGA,6.9
1984,2010,ÖVRIGA,2.8
1984,2014,ÖVRIGA,2.1
1984,2018,ÖVRIGA,2.6
1984,2022,ÖVRIGA,1.5
2021,1973,M,5.2
2021,1976,M,6.3
2021,1979,M,8.4
2021,1982,M,12.5
2021,1985,M,11.9
2021,1988,M,8.7
2021,1991,M,11.4
2021,1994,M,9.6
2021,1998,M,11.0
2021,2002,M,6.1
2021,2006,M,8.0
2021,2010,M,6.7
2021,2014,M,3.6
2021,2018,M,9.8
2021,2022,M,18.3
2021,1973,C,34.8
2021,1976,C,32.5
2021,1979,C,29.3
2021,1982,C,26.5
2021,1985,C,25.4
2021,1988,C,25.1
2021,1991,C,26.8
2021,1994,C,20.0
2021,1998,C,18.8
2021,2002,C,23.9
2021,2006,C,21.7
2021,2010,C,27.4
2021,2014,C,33.8
2021,2018,C,26.4
2021,2022,C,20.1
2021,1973,L,6.0
2021,1976,L,6.4
2021,1979,L,5.7
2021,1982,L,3.7
2021,1985,L,7.7
2021,1988,L,10.2
2021,1991,L,6.6
2021,1994,L,4.5
2021,1998,L,3.7
2021,2002,L,6.1
2021,2006,L,3.1
2021,2010,L,2.2
2021,2014,L,2.2
2021,2018,L,1.9
2021,2022,L,1.5
2021,1973,KD,4.7
2021,1976,KD,6.2
2021,1979,KD,7.4
2021,1982,KD,5.1
2021,1985,KD,4.3
2021,1988,KD,4.2
2021,1991,KD,6.7
2021,1994,KD,6.9
2021,1998,KD,13.0
2021,2002,KD,11.6
2021,2006,KD,19.7
2021,2010,KD,10.4
2021,2014,KD,8.4
2021,2018,KD,13.9
2021,2022,KD,18.0
2021,1985,MP,0.6
2021,1988,MP,4.4
2021,1991,MP,0.9
2021,1994,MP,2.8
2021,1998,MP,2.6
2021,2002,MP,2.0
2021,2006,MP,0.7
2021,2010,MP,1.5
2021,2014,MP,1.4
2021,2018,MP,0.4
2021,2022,MP,0.2
2021,1973,S,41.6
2021,1976,S,41.8
2021,1979,S,44.2
2021,1982,S,48.0
2021,1985,S,44.6
2021,1988,S,42.3
2021,1991,S,41.6
2021,1994,S,48.7
2021,1998,S,33.9
2021,2002,S,36.6
2021,2006,S,28.7
2021,2010,S,30.6
2021,2014,S,31.2
2021,2018,S,23.8
2021,2022,S,24.3
2021,1973,V,6.7
2021,1976,V,6.8
2021,1979,V,5.0
2021,1982,V,4.1
2021,1985,V,5.5
2021,1988,V,5.0
2021,1991,V,5.2
2021,1994,V,7.2
2021,1998,V,16.9
2021,2002,V,13.0
2021,2006,V,10.1
2021,2010,V,9.6
2021,2014,V,7.4
2021,2018,V,7.1
2021,2022,V,6.0
2021,2002,SD,0.0
2021,2006,SD,1.3
2021,2010,SD,1.8
2021,2014,SD,4.4
2021,2018,SD,2.8
2021,2022,SD,10.9
2021,1973,ÖVRIGA,0.9
2021,1979,ÖVRIGA,0.0
2021,1982,ÖVRIGA,0.2
2021,1988,ÖVRIGA,0.0
2021,1991,ÖVRIGA,0.7
2021,1994,ÖVRIGA,0.4
2021,1998,ÖVRIGA,0.2
2021,2002,ÖVRIGA,0.7
2021,2006,ÖVRIGA,6.7
2021,2010,ÖVRIGA,9.7
2021,2014,ÖVRIGA,7.5
2021,2018,ÖVRIGA,13.8
2021,2022,ÖVRIGA,0.7
2023,1973,M,7.7
2023,1976,M,8.4
2023,1979,M,10.5
2023,1982,M,12.3
2023,1985,M,13.7
2023,1988,M,12.2
2023,1991,M,15.1
2023,1994,M,14.5
2023,1998,M,17.3
2023,2002,M,15.4
2023,2006,M,21.9
2023,2010,M,23.6
2023,2014,M,24.4
2023,2018,M,18.8
2023,2022,M,24.0
2023,1973,C,31.0
2023,1976,C,31.0
2023,1979,C,27.2
2023,1982,C,24.7
2023,1985,C,21.9
2023,1988,C,21.5
2023,1991,C,19.1
2023,1994,C,14.6
2023,1998,C,10.8
2023,2002,C,13.6
2023,2006,C,11.8
2023,2010,C,8.6
2023,2014,C,9.7
2023,2018,C,7.7
2023,2022,C,4.9
2023,1973,L,10.8
2023,1976,L,10.1
2023,1979,L,8.3
2023,1982,L,5.8
2023,1985,L,10.8
2023,1988,L,10.2
2023,1991,L,10.3
2023,1994,L,6.0
2023,1998,L,5.7
2023,2002,L,9.9
2023,2006,L,6.3
2023,2010,L,7.0
2023,2014,L,6.8
2023,2018,L,5.5
2023,2022,L,2.8
2023,1973,KD,1.7
2023,1976,KD,1.3
2023,1979,KD,1.5
2023,1982,KD,1.2
2023,1985,KD,0.1
2023,1988,KD,1.8
2023,1991,KD,3.6
2023,1994,KD,1.9
2023,1998,KD,4.4
2023,2002,KD,4.1
2023,2006,KD,3.1
2023,2010,KD,1.2
2023,2014,KD,1.0
2023,2018,KD,0.8
2023,2022,KD,0.8
2023,1982,MP,1.3
2023,1985,MP,0.5
2023,1988,MP,2.0
2023,1991,MP,1.2
2023,1994,MP,1.5
2023,1998,MP,1.6
2023,2002,MP,0.6
2023,2006,MP,1.0
2023,2010,MP,1.7
2023,2014,MP,1.0
2023,2018,MP,0.4
2023,2022,MP,0.4
2023,1973,S,48.5
2023,1976,S,46.0
2023,1979,S,46.4
2023,1982,S,47.6
2023,1985,S,46.8
2023,1988,S,45.3
2023,1991,S,37.3
2023,1994,S,40.7
2023,1998,S,32.7
2023,2002,S,35.9
2023,2006,S,32.5
2023,2010,S,36.1
2023,2014,S,37.3
2023,2018,S,41.1
2023,2022,S,36.0
2023,1973,V,0.2
2023,1976,V,3.1
2023,1979,V,6.1
2023,1982,V,7.0
2023,1985,V,6.3
2023,1988,V,7.0
2023,1991,V,10.5
2023,1994,V,20.0
2023,1998,V,27.3
2023,2002,V,20.0
2023,2006,V,14.7
2023,2010,V,11.4
2023,2014,V,9.7
2023,2018,V,5.7
2023,2022,V,5.4
2023,2002,SD,0.0
2023,2006,SD,0.8
2023,2010,SD,2.0
2023,2014,SD,6.0
2023,2018,SD,16.3
2023,2022,SD,14.3
2023,1973,ÖVRIGA,0.2
2023,1976,ÖVRIGA,0.0
2023,1979,ÖVRIGA,0.0
2023,1982,ÖVRIGA,0.1
2023,1985,ÖVRIGA,0.0
2023,1988,ÖVRIGA,0.0
2023,1991,ÖVRIGA,2.8
2023,1994,ÖVRIGA,0.7
2023,1998,ÖVRIGA,0.2
2023,2002,ÖVRIGA,0.5
2023,2006,ÖVRIGA,7.9
2023,2010,ÖVRIGA,8.4
2023,2014,ÖVRIGA,4.1
2023,2018,ÖVRIGA,3.6
2023,2022,ÖVRIGA,11.4
2026,1973,M,0.3
2026,1976,M,5.4
2026,1979,M,8.5
2026,1982,M,13.1
2026,1985,M,11.5
2026,1988,M,8.5
2026,1991,M,11.2
2026,1994,M,10.3
2026,1998,M,10.4
2026,2002,M,8.2
2026,2006,M,10.0
2026,2010,M,13.8
2026,2014,M,10.8
2026,2018,M,12.3
2026,2022,M,10.6
2026,1973,C,40.6
2026,1976,C,37.5
2026,1979,C,33.5
2026,1982,C,29.7
2026,1985,C,28.6
2026,1988,C,32.4
2026,1991,C,33.8
2026,1994,C,27.1
2026,1998,C,30.1
2026,2002,C,34.4
2026,2006,C,42.2
2026,2010,C,32.7
2026,2014,C,21.7
2026,2018,C,25.5
2026,2022,C,21.1
2026,1973,L,4.7
2026,1976,L,9.5
2026,1979,L,7.8
2026,1982,L,4.4
2026,1985,L,8.9
2026,1988,L,7.6
2026,1991,L,5.0
2026,1994,L,4.4
2026,1998,L,4.1
2026,2002,L,6.2
2026,2006,L,3.1
2026,2010,L,2.9
2026,2014,L,2.2
2026,2018,L,3.4
2026,2022,L,3.0
2026,1973,KD,3.4
2026,1976,KD,2.9
2026,1979,KD,3.4
2026,1982,KD,3.5
2026,1985,KD,3.6
2026,1988,KD,3.9
2026,1991,KD,6.2
2026,1994,KD,3.9
2026,1998,KD,6.8
2026,2002,KD,6.1
2026,2006,KD,5.7
2026,2010,KD,5.1
2026,2014,KD,4.1
2026,2018,KD,11.7
2026,2022,KD,17.0
2026,1985,MP,0.8
2026,1988,MP,4.1
2026,1991,MP,4.5
2026,1994,MP,7.9
2026,1998,MP,8.1
2026,2002,MP,0.9
2026,2006,MP,2.1
2026,2010,MP,5.3
2026,2014,MP,5.1
2026,2018,MP,2.9
2026,2022,MP,2.8
2026,1973,S,41.6
2026,1976,S,42.4
2026,1979,S,43.6
2026,1982,S,46.3
2026,1985,S,44.2
2026,1988,S,36.8
2026,1991,S,35.0
2026,1994,S,42.0
2026,1998,S,33.2
2026,2002,S,37.3
2026,2006,S,33.8
2026,2010,S,34.8
2026,2014,S,26.0
2026,2018,S,22.1
2026,2022,S,19.8
2026,1973,V,2.5
2026,1976,V,2.3
2026,1979,V,3.1
2026,1982,V,2.5
2026,1985,V,2.3
2026,1988,V,2.1
2026,1991,V,2.5
2026,1994,V,3.9
2026,1998,V,6.4
2026,2002,V,4.9
2026,2006,V,1.4
2026,2010,V,1.2
2026,2014,V,3.1
2026,2018,V,3.8
2026,2022,V,4.3
2026,2002,SD,0.0
2026,2006,SD,1.2
2026,2010,SD,4.0
2026,2014,SD,7.5
2026,2018,SD,5.3
2026,2022,SD,12.3
2026,1973,ÖVRIGA,6.9
2026,1979,ÖVRIGA,0.0
2026,1982,ÖVRIGA,0.5
2026,1985,ÖVRIGA,0.0
2026,1988,ÖVRIGA,4.5
2026,1991,ÖVRIGA,1.9
2026,1994,ÖVRIGA,0.5
2026,1998,ÖVRIGA,0.9
2026,2002,ÖVRIGA,2.0
2026,2006,ÖVRIGA,0.5
2026,2010,ÖVRIGA,0.1
2026,2014,ÖVRIGA,19.4
2026,2018,ÖVRIGA,12.9
2026,2022,ÖVRIGA,9.1
2029,1973,M,9.5
2029,1976,M,10.3
2029,1979,M,14.9
2029,1982,M,15.4
2029,1985,M,12.5
2029,1988,M,8.8
2029,1991,M,12.6
2029,1994,M,10.6
2029,1998,M,10.2
2029,2002,M,7.3
2029,2006,M,14.1
2029,2010,M,17.4
2029,2014,M,13.0
2029,2018,M,15.4
2029,2022,M,15.8
2029,1973,C,38.9
2029,1976,C,37.2
2029,1979,C,34.0
2029,1982,C,35.0
2029,1985,C,37.9
2029,1988,C,38.8
2029,1991,C,30.7
2029,1994,C,34.9
2029,1998,C,37.9
2029,2002,C,38.5
2029,2006,C,30.8
2029,2010,C,22.4
2029,2014,C,22.7
2029,2018,C,29.1
2029,2022,C,13.3
2029,1973,L,10.0
2029,1976,L,10.5
2029,1979,L,8.7
2029,1982,L,4.7
2029,1985,L,7.6
2029,1988,L,6.6
2029,1991,L,7.9
2029,1994,L,4.1
2029,1998,L,2.5
2029,2002,L,5.4
2029,2006,L,5.8
2029,2010,L,4.8
2029,2014,L,2.8
2029,2018,L,2.3
2029,2022,L,2.1
2029,1973,KD,4.1
2029,1976,KD,4.8
2029,1979,KD,4.8
2029,1982,KD,5.4
2029,1985,KD,5.5
2029,1988,KD,7.9
2029,1991,KD,11.0
2029,1994,KD,6.5
2029,1998,KD,10.9
2029,2002,KD,10.2
2029,2006,KD,13.2
2029,2010,KD,16.1
2029,2014,KD,12.5
2029,2018,KD,8.8
2029,2022,KD,7.1
2029,1982,MP,1.9
2029,1985,MP,2.2
2029,1988,MP,5.1
2029,1991,MP,3.2
2029,1994,MP,5.5
2029,1998,MP,4.2
2029,2002,MP,1.3
2029,2006,MP,3.2
2029,2010,MP,5.7
2029,2014,MP,6.4
2029,2018,MP,1.1
2029,2022,MP,3.0
2029,1973,S,37.1
2029,1976,S,36.9
2029,1979,S,37.0
2029,1982,S,37.0
2029,1985,S,31.5
2029,1988,S,30.0
2029,1991,S,27.7
2029,1994,S,29.9
2029,1998,S,21.1
2029,2002,S,21.5
2029,2006,S,25.4
2029,2010,S,23.2
2029,2014,S,23.8
2029,2018,S,20.8
2029,2022,S,18.7
2029,1973,V,0.2
2029,1976,V,0.3
2029,1985,V,2.9
2029,1988,V,2.8
2029,1991,V,3.1
2029,1994,V,5.6
2029,1998,V,9.7
2029,2002,V,10.2
2029,2006,V,6.2
2029,2010,V,3.4
2029,2014,V,5.2
2029,2018,V,7.9
2029,2022,V,11.1
2029,2002,SD,0.0
2029,2006,SD,0.9
2029,2010,SD,2.2
2029,2014,SD,5.8
2029,2018,SD,7.7
2029,2022,SD,9.9
2029,1973,ÖVRIGA,0.3
2029,1976,ÖVRIGA,0.0
2029,1979,ÖVRIGA,0.6
2029,1982,ÖVRIGA,0.5
2029,1985,ÖVRIGA,0.0
2029,1988,ÖVRIGA,0.1
2029,1991,ÖVRIGA,4.0
2029,1994,ÖVRIGA,2.9
2029,1998,ÖVRIGA,3.7
2029,2002,ÖVRIGA,5.6
2029,2006,ÖVRIGA,0.4
2029,2010,ÖVRIGA,4.7
2029,2014,ÖVRIGA,7.8
2029,2018,ÖVRIGA,6.8
2029,2022,ÖVRIGA,19.0
2031,1973,M,8.3
2031,1976,M,13.3
2031,1979,M,17.0
2031,1982,M,17.5
2031,1985,M,14.5
2031,1988,M,13.1
2031,1991,M,16.6
2031,1994,M,15.7
2031,1998,M,16.7
2031,2002,M,8.5
2031,2006,M,12.1
2031,2010,M,14.5
2031,2014,M,12.1
2031,2018,M,15.2
2031,2022,M,16.9
2031,1973,C,37.9
2031,1976,C,34.1
2031,1979,C,29.9
2031,1982,C,30.3
2031,1985,C,26.0
2031,1988,C,23.3
2031,1991,C,23.6
2031,1994,C,15.0
2031,1998,C,19.2
2031,2002,C,28.0
2031,2006,C,33.3
2031,2010,C,26.2
2031,2014,C,33.2
2031,2018,C,33.0
2031,2022,C,23.5
2031,1973,L,8.4
2031,1976,L,9.6
2031,1979,L,8.2
2031,1982,L,6.1
2031,1985,L,16.1
2031,1988,L,13.3
2031,1991,L,10.7
2031,1994,L,8.5
2031,1998,L,11.4
2031,2002,L,12.1
2031,2006,L,8.8
2031,2010,L,4.9
2031,2014,L,2.3
2031,2018,L,1.7
2031,2022,L,1.2
2031,1973,KD,3.6
2031,1976,KD,2.6
2031,1979,KD,2.9
2031,1982,KD,2.4
2031,1985,KD,2.7
2031,1988,KD,4.8
2031,1991,KD,5.1
2031,1994,KD,2.3
2031,1998,KD,3.9
2031,2002,KD,4.6
2031,2006,KD,3.3
2031,2010,KD,3.1
2031,2014,KD,1.9
2031,2018,KD,4.3
2031,2022,KD,6.9
2031,1982,MP,3.1
2031,1985,MP,2.5
2031,1988,MP,4.6
2031,1991,MP,2.9
2031,1994,MP,4.3
2031,1998,MP,3.8
2031,2002,MP,3.1
2031,2006,MP,2.8
2031,2010,MP,4.2
2031,2014,MP,5.5
2031,2018,MP,0.8
2031,2022,MP,0.8
2031,1973,S,37.2
2031,1976,S,36.1
2031,1979,S,35.8
2031,1982,S,37.1
2031,1985,S,34.6
2031,1988,S,37.7
2031,1991,S,36.6
2031,1994,S,48.7
2031,1998,S,35.6
2031,2002,S,36.1
2031,2006,S,33.4
2031,2010,S,37.6
2031,2014,S,30.8
2031,2018,S,25.5
2031,2022,S,28.3
2031,1973,V,4.5
2031,1976,V,4.3
2031,1979,V,4.1
2031,1982,V,3.5
2031,1985,V,3.5
2031,1988,V,3.2
2031,1991,V,2.0
2031,1994,V,2.9
2031,1998,V,6.0
2031,2002,V,4.9
2031,2006,V,2.8
2031,2010,V,4.0
2031,2014,V,4.4
2031,2018,V,3.9
2031,2022,V,3.7
2031,2002,SD,0.0
2031,2006,SD,1.4
2031,2010,SD,3.3
2031,2014,SD,7.6
2031,2018,SD,15.1
2031,2022,SD,18.3
2031,1973,ÖVRIGA,0.0
2031,1976,ÖVRIGA,0.0
2031,1979,ÖVRIGA,2.0
2031,1982,ÖVRIGA,0.0
2031,1985,ÖVRIGA,0.0
2031,1988,ÖVRIGA,0.1
2031,1991,ÖVRIGA,2.5
2031,1994,ÖVRIGA,2.7
2031,1998,ÖVRIGA,3.5
2031,2002,ÖVRIGA,2.6
2031,2006,ÖVRIGA,2.2
2031,2010,ÖVRIGA,2.2
2031,2014,ÖVRIGA,2.1
2031,2018,ÖVRIGA,0.5
2031,2022,ÖVRIGA,0.5
2034,1973,M,9.1
2034,1976,M,11.2
2034,1979,M,14.3
2034,1982,M,22.6
2034,1985,M,13.4
2034,1988,M,12.5
2034,1991,M,10.5
2034,1994,M,9.2
2034,1998,M,11.2
2034,2002,M,6.5
2034,2006,M,11.4
2034,2010,M,7.6
2034,2014,M,4.2
2034,2018,M,4.8
2034,2022,M,9.6
2034,1973,C,38.6
2034,1976,C,33.3
2034,1979,C,27.6
2034,1982,C,16.2
2034,1985,C,17.0
2034,1988,C,18.2
2034,1991,C,17.9
2034,1994,C,18.5
2034,1998,C,18.8
2034,2002,C,24.0
2034,2006,C,24.8
2034,2010,C,29.8
2034,2014,C,37.1
2034,2018,C,41.8
2034,2022,C,36.1
2034,1973,L,7.6
2034,1976,L,9.7
2034,1979,L,8.0
2034,1982,L,4.8
2034,1985,L,13.9
2034,1988,L,13.4
2034,1991,L,9.6
2034,1994,L,5.2
2034,1998,L,4.4
2034,2002,L,4.0
2034,2006,L,3.3
2034,2010,L,3.3
2034,2014,L,2.5
2034,2018,L,1.9
2034,2022,L,1.4
2034,1973,KD,2.0
2034,1976,KD,3.3
2034,1979,KD,3.6
2034,1982,KD,4.1
2034,1985,KD,3.4
2034,1988,KD,4.6
2034,1991,KD,6.4
2034,1994,KD,4.5
2034,1998,KD,10.7
2034,2002,KD,6.7
2034,2006,KD,5.6
2034,2010,KD,5.3
2034,2014,KD,2.9
2034,2018,KD,4.8
2034,2022,KD,5.6
2034,1982,MP,2.4
2034,1985,MP,4.6
2034,1988,MP,7.9
2034,1991,MP,4.0
2034,1994,MP,6.9
2034,1998,MP,5.3
2034,2002,MP,4.6
2034,2006,MP,4.0
2034,2010,MP,5.1
2034,2014,MP,4.3
2034,2018,MP,3.3
2034,2022,MP,3.6
2034,1973,S,37.4
2034,1976,S,38.7
2034,1979,S,41.9
2034,1982,S,46.5
2034,1985,S,43.8
2034,1988,S,42.2
2034,1991,S,34.4
2034,1994,S,44.4
2034,1998,S,39.9
2034,2002,S,37.6
2034,2006,S,41.6
2034,2010,S,36.5
2034,2014,S,27.0
2034,2018,S,25.6
2034,2022,S,21.2
2034,1973,V,0.8
2034,1976,V,3.8
2034,1979,V,4.6
2034,1982,V,3.4
2034,1985,V,3.8
2034,1988,V,1.0
2034,1991,V,3.2
2034,1994,V,5.2
2034,1998,V,9.4
2034,2002,V,6.0
2034,2006,V,5.1
2034,2010,V,5.0
2034,2014,V,6.4
2034,2018,V,6.0
2034,2022,V,5.7
2034,2002,SD,3.1
2034,2006,SD,3.8
2034,2010,SD,7.4
2034,2014,SD,14.9
2034,2018,SD,10.9
2034,2022,SD,16.6
2034,1973,ÖVRIGA,4.5
2034,1976,ÖVRIGA,0.0
2034,1985,ÖVRIGA,0.0
2034,1988,ÖVRIGA,0.2
2034,1991,ÖVRIGA,14.1
2034,1994,ÖVRIGA,6.2
2034,1998,ÖVRIGA,0.3
2034,2002,ÖVRIGA,7.4
2034,2006,ÖVRIGA,0.4
2034,2010,ÖVRIGA,0.1
2034,2014,ÖVRIGA,0.7
2034,2018,ÖVRIGA,0.9
2034,2022,ÖVRIGA,0.3
2039,1973,M,4.5
2039,1976,M,6.0
2039,1979,M,6.7
2039,1982,M,10.8
2039,1985,M,11.7
2039,1988,M,7.9
2039,1991,M,18.5
2039,1994,M,12.9
2039,1998,M,10.9
2039,2002,M,5.2
2039,2006,M,10.0
2039,2010,M,15.5
2039,2014,M,10.5
2039,2018,M,9.5
2039,2022,M,11.5
2039,1973,C,31.7
2039,1976,C,32.7
2039,1979,C,30.7
2039,1982,C,29.0
2039,1985,C,23.8
2039,1988,C,22.6
2039,1991,C,19.4
2039,1994,C,26.1
2039,1998,C,19.1
2039,2002,C,13.2
2039,2006,C,17.9
2039,2010,C,20.4
2039,2014,C,23.1
2039,2018,C,29.9
2039,2022,C,25.9
2039,1973,L,8.3
2039,1976,L,8.6
2039,1979,L,7.7
2039,1982,L,4.8
2039,1985,L,8.1
2039,1988,L,7.9
2039,1991,L,5.7
2039,1994,L,2.7
2039,1998,L,2.7
2039,2002,L,7.1
2039,2006,L,7.2
2039,2010,L,4.2
2039,2014,L,1.8
2039,2018,L,2.4
2039,2022,L,0.3
2039,1973,KD,2.1
2039,1976,KD,2.1
2039,1979,KD,2.9
2039,1982,KD,2.3
2039,1985,KD,2.1
2039,1988,KD,2.5
2039,1991,KD,3.0
2039,1994,KD,1.5
2039,1998,KD,3.1
2039,2002,KD,4.0
2039,2006,KD,2.8
2039,2010,KD,3.5
2039,2014,KD,1.4
2039,2018,KD,0.7
2039,2022,KD,1.6
2039,1985,MP,1.3
2039,1988,MP,5.8
2039,1991,MP,3.3
2039,1994,MP,5.1
2039,1998,MP,4.9
2039,2002,MP,4.7
2039,2006,MP,2.6
2039,2010,MP,3.6
2039,2014,MP,2.4
2039,2018,MP,1.7
2039,2022,MP,0.5
2039,1973,S,34.7
2039,1976,S,37.0
2039,1979,S,42.1
2039,1982,S,45.3
2039,1985,S,45.4
2039,1988,S,45.7
2039,1991,S,42.7
2039,1994,S,43.5
2039,1998,S,34.4
2039,2002,S,36.8
2039,2006,S,41.3
2039,2010,S,38.4
2039,2014,S,45.5
2039,2018,S,28.8
2039,2022,S,27.0
2039,1973,V,0.1
2039,1976,V,0.3
2039,1985,V,0.7
2039,1988,V,4.2
2039,1991,V,3.3
2039,1994,V,4.1
2039,1998,V,9.1
2039,2002,V,3.6
2039,2006,V,1.7
2039,2010,V,0.8
2039,2014,V,1.3
2039,2018,V,3.1
2039,2022,V,4.0
2039,2002,SD,0.0
2039,2006,SD,1.3
2039,2010,SD,2.7
2039,2014,SD,7.6
2039,2018,SD,14.2
2039,2022,SD,20.4
2039,1973,ÖVRIGA,18.6
2039,1976,ÖVRIGA,13.2
2039,1979,ÖVRIGA,9.8
2039,1982,ÖVRIGA,7.8
2039,1985,ÖVRIGA,6.8
2039,1988,ÖVRIGA,3.4
2039,1991,ÖVRIGA,4.1
2039,1994,ÖVRIGA,4.0
2039,1998,ÖVRIGA,15.9
2039,2002,ÖVRIGA,25.5
2039,2006,ÖVRIGA,15.3
2039,2010,ÖVRIGA,10.9
2039,2014,ÖVRIGA,6.5
2039,2018,ÖVRIGA,9.7
2039,2022,ÖVRIGA,8.8
2061,1973,M,5.3
2061,1976,M,5.9
2061,1979,M,8.4
2061,1982,M,10.2
2061,1985,M,11.1
2061,1988,M,8.5
2061,1991,M,15.8
2061,1994,M,10.8
2061,1998,M,17.8
2061,2002,M,13.4
2061,2006,M,13.5
2061,2010,M,14.7
2061,2014,M,16.8
2061,2018,M,14.6
2061,2022,M,13.7
2061,1973,C,21.1
2061,1976,C,20.9
2061,1979,C,17.2
2061,1982,C,15.8
2061,1985,C,14.8
2061,1988,C,14.9
2061,1991,C,15.3
2061,1994,C,11.5
2061,1998,C,11.1
2061,2002,C,12.9
2061,2006,C,12.3
2061,2010,C,9.3
2061,2014,C,14.4
2061,2018,C,10.0
2061,2022,C,5.2
2061,1973,L,5.8
2061,1976,L,6.7
2061,1979,L,6.6
2061,1982,L,3.8
2061,1985,L,7.5
2061,1988,L,6.7
2061,1991,L,6.2
2061,1994,L,3.7
2061,1998,L,3.2
2061,2002,L,5.4
2061,2006,L,3.1
2061,2010,L,3.4
2061,2014,L,2.0
2061,2018,L,2.1
2061,2022,L,1.4
2061,1973,KD,1.2
2061,1976,KD,1.2
2061,1979,KD,1.2
2061,1985,KD,0.2
2061,1988,KD,0.4
2061,1991,KD,1.9
2061,1994,KD,1.4
2061,1998,KD,1.8
2061,2002,KD,3.9
2061,2006,KD,2.3
2061,2010,KD,1.1
2061,2014,KD,0.5
2061,2018,KD,1.4
2061,2022,KD,1.7
2061,1985,MP,1.4
2061,1988,MP,5.9
2061,1991,MP,6.7
2061,1994,MP,10.1
2061,1998,MP,9.9
2061,2002,MP,7.7
2061,2006,MP,3.7
2061,2010,MP,4.4
2061,2014,MP,8.0
2061,2018,MP,3.4
2061,2022,MP,2.2
2061,1973,S,60.3
2061,1976,S,58.8
2061,1979,S,60.0
2061,1982,S,64.9
2061,1985,S,59.0
2061,1988,S,57.9
2061,1991,S,48.1
2061,1994,S,56.0
2061,1998,S,42.6
2061,2002,S,47.8
2061,2006,S,58.4
2061,2010,S,59.4
2061,2014,S,42.8
2061,2018,S,48.8
2061,2022,S,55.7
2061,1973,V,6.2
2061,1976,V,6.3
2061,1979,V,5.6
2061,1982,V,4.5
2061,1985,V,5.9
2061,1988,V,5.6
2061,1991,V,3.9
2061,1994,V,5.8
2061,1998,V,13.3
2061,2002,V,8.5
2061,2006,V,5.0
2061,2010,V,3.9
2061,2014,V,6.0
2061,2018,V,5.1
2061,2022,V,4.0
2061,2002,SD,0.0
2061,2006,SD,1.3
2061,2010,SD,3.8
2061,2014,SD,9.1
2061,2018,SD,14.4
2061,2022,SD,15.9
2061,1973,ÖVRIGA,0.1
2061,1976,ÖVRIGA,0.0
2061,1979,ÖVRIGA,0.9
2061,1982,ÖVRIGA,0.9
2061,1985,ÖVRIGA,0.0
2061,1988,ÖVRIGA,0.1
2061,1991,ÖVRIGA,2.1
2061,1994,ÖVRIGA,0.7
2061,1998,ÖVRIGA,0.4
2061,2002,ÖVRIGA,0.5
2061,2006,ÖVRIGA,0.6
2061,2010,ÖVRIGA,0.1
2061,2014,ÖVRIGA,0.3
2061,2018,ÖVRIGA,0.3
2061,2022,ÖVRIGA,0.2
2062,1973,M,8.8
2062,1976,M,8.0
2062,1979,M,9.2
2062,1982,M,8.0
2062,1985,M,9.6
2062,1988,M,9.5
2062,1991,M,15.9
2062,1994,M,9.0
2062,1998,M,12.0
2062,2002,M,7.1
2062,2006,M,12.6
2062,2010,M,14.2
2062,2014,M,11.2
2062,2018,M,9.4
2062,2022,M,12.2
2062,1973,C,30.0
2062,1976,C,34.3
2062,1979,C,37.2
2062,1982,C,40.5
2062,1985,C,34.2
2062,1988,C,32.5
2062,1991,C,33.0
2062,1994,C,12.8
2062,1998,C,12.4
2062,2002,C,36.3
2062,2006,C,32.0
2062,2010,C,26.9
2062,2014,C,26.1
2062,2018,C,29.2
2062,2022,C,19.8
2062,1973,L,7.6
2062,1976,L,7.3
2062,1979,L,5.0
2062,1982,L,2.7
2062,1985,L,6.1
2062,1988,L,6.5
2062,1991,L,7.9
2062,1994,L,11.5
2062,1998,L,10.7
2062,2002,L,5.9
2062,2006,L,4.1
2062,2010,L,3.4
2062,2014,L,2.1
2062,2018,L,1.8
2062,2022,L,1.5
2062,1973,KD,1.4
2062,1976,KD,1.2
2062,1979,KD,1.5
2062,1982,KD,1.7
2062,1985,KD,2.0
2062,1988,KD,3.2
2062,1991,KD,5.7
2062,1994,KD,9.9
2062,1998,KD,13.6
2062,2002,KD,6.0
2062,2006,KD,4.6
2062,2010,KD,4.1
2062,2014,KD,2.8
2062,2018,KD,4.6
2062,2022,KD,4.9
2062,1985,MP,0.8
2062,1988,MP,3.8
2062,1991,MP,2.7
2062,1994,MP,1.3
2062,1998,MP,3.4
2062,2002,MP,2.5
2062,2006,MP,3.4
2062,2010,MP,3.8
2062,2014,MP,4.4
2062,2018,MP,2.3
2062,2022,MP,0.8
2062,1973,S,37.2
2062,1976,S,36.3
2062,1979,S,38.4
2062,1982,S,37.9
2062,1985,S,38.0
2062,1988,S,35.5
2062,1991,S,30.6
2062,1994,S,38.1
2062,1998,S,28.8
2062,2002,S,28.1
2062,2006,S,28.3
2062,2010,S,30.8
2062,2014,S,30.0
2062,2018,S,23.2
2062,2022,S,24.4
2062,1973,V,3.2
2062,1976,V,2.4
2062,1979,V,3.0
2062,1982,V,2.9
2062,1985,V,3.4
2062,1988,V,5.7
2062,1991,V,3.2
2062,1994,V,1.1
2062,1998,V,9.7
2062,2002,V,7.2
2062,2006,V,5.1
2062,2010,V,3.8
2062,2014,V,4.8
2062,2018,V,4.8
2062,2022,V,5.6
2062,2002,SD,0.0
2062,2006,SD,1.3
2062,2010,SD,3.2
2062,2014,SD,7.6
2062,2018,SD,8.8
2062,2022,SD,12.5
2062,1973,ÖVRIGA,11.7
2062,1976,ÖVRIGA,10.6
2062,1979,ÖVRIGA,5.8
2062,1982,ÖVRIGA,6.3
2062,1985,ÖVRIGA,6.0
2062,1988,ÖVRIGA,3.4
2062,1991,ÖVRIGA,1.0
2062,1994,ÖVRIGA,16.5
2062,1998,ÖVRIGA,9.4
2062,2002,ÖVRIGA,6.9
2062,2006,ÖVRIGA,8.6
2062,2010,ÖVRIGA,9.8
2062,2014,ÖVRIGA,10.9
2062,2018,ÖVRIGA,15.9
2062,2022,ÖVRIGA,18.3
2080,1973,M,12.3
2080,1976,M,14.0
2080,1979,M,18.2
2080,1982,M,22.4
2080,1985,M,22.6
2080,1988,M,19.2
2080,1991,M,24.1
2080,1994,M,15.8
2080,1998,M,18.1
2080,2002,M,14.4
2080,2006,M,19.7
2080,2010,M,24.1
2080,2014,M,21.5
2080,2018,M,20.0
2080,2022,M,19.8
2080,1973,C,31.3
2080,1976,C,28.7
2080,1979,C,24.7
2080,1982,C,19.8
2080,1985,C,16.3
2080,1988,C,14.5
2080,1991,C,13.0
2080,1994,C,10.7
2080,1998,C,7.1
2080,2002,C,9.8
2080,2006,C,11.2
2080,2010,C,8.4
2080,2014,C,11.4
2080,2018,C,17.0
2080,2022,C,11.6
2080,1973,L,9.7
2080,1976,L,11.9
2080,1979,L,10.1
2080,1982,L,5.8
2080,1985,L,13.0
2080,1988,L,12.9
2080,1991,L,9.8
2080,1994,L,5.8
2080,1998,L,4.7
2080,2002,L,8.8
2080,2006,L,5.3
2080,2010,L,4.3
2080,2014,L,5.2
2080,2018,L,3.5
2080,2022,L,4.1
2080,1973,KD,2.0
2080,1976,KD,1.8
2080,1979,KD,1.9
2080,1982,KD,2.0
2080,1985,KD,0.1
2080,1988,KD,3.0
2080,1991,KD,6.0
2080,1994,KD,2.7
2080,1998,KD,7.6
2080,2002,KD,5.7
2080,2006,KD,5.3
2080,2010,KD,3.6
2080,2014,KD,2.6
2080,2018,KD,5.5
2080,2022,KD,6.2
2080,1982,MP,3.1
2080,1985,MP,4.1
2080,1988,MP,7.2
2080,1991,MP,4.4
2080,1994,MP,7.5
2080,1998,MP,6.2
2080,2002,MP,4.6
2080,2006,MP,5.1
2080,2010,MP,6.8
2080,2014,MP,7.4
2080,2018,MP,4.3
2080,2022,MP,4.1
2080,1973,S,40.5
2080,1976,S,39.2
2080,1979,S,39.5
2080,1982,S,42.4
2080,1985,S,39.8
2080,1988,S,38.8
2080,1991,S,33.8
2080,1994,S,38.4
2080,1998,S,32.6
2080,2002,S,37.7
2080,2006,S,35.6
2080,2010,S,37.2
2080,2014,S,31.2
2080,2018,S,27.2
2080,2022,S,32.4
2080,1973,V,3.8
2080,1976,V,3.9
2080,1979,V,5.1
2080,1982,V,4.1
2080,1985,V,4.0
2080,1988,V,4.3
2080,1991,V,3.8
2080,1994,V,4.3
2080,1998,V,9.2
2080,2002,V,7.2
2080,2006,V,5.1
2080,2010,V,5.0
2080,2014,V,8.1
2080,2018,V,10.9
2080,2022,V,8.1
2080,2002,SD,0.0
2080,2006,SD,1.6
2080,2010,SD,3.9
2080,2014,SD,8.3
2080,2018,SD,9.2
2080,2022,SD,12.1
2080,1973,ÖVRIGA,0.3
2080,1976,ÖVRIGA,0.6
2080,1979,ÖVRIGA,0.5
2080,1982,ÖVRIGA,0.3
2080,1985,ÖVRIGA,0.1
2080,1988,ÖVRIGA,0.1
2080,1991,ÖVRIGA,5.0
2080,1994,ÖVRIGA,14.8
2080,1998,ÖVRIGA,14.4
2080,2002,ÖVRIGA,11.8
2080,2006,ÖVRIGA,11.0
2080,2010,ÖVRIGA,6.8
2080,2014,ÖVRIGA,4.3
2080,2018,ÖVRIGA,2.3
2080,2022,ÖVRIGA,1.5
2081,1973,M,6.0
2081,1976,M,6.9
2081,1979,M,10.1
2081,1982,M,14.2
2081,1985,M,14.5
2081,1988,M,11.3
2081,1991,M,15.3
2081,1994,M,13.2
2081,1998,M,13.7
2081,2002,M,10.6
2081,2006,M,16.2
2081,2010,M,18.1
2081,2014,M,14.8
2081,2018,M,19.3
2081,2022,M,17.9
2081,1973,C,26.3
2081,1976,C,22.7
2081,1979,C,18.1
2081,1982,C,13.9
2081,1985,C,11.3
2081,1988,C,10.6
2081,1991,C,9.4
2081,1994,C,6.8
2081,1998,C,5.2
2081,2002,C,7.5
2081,2006,C,8.4
2081,2010,C,6.8
2081,2014,C,6.6
2081,2018,C,8.1
2081,2022,C,7.5
2081,1973,L,5.0
2081,1976,L,7.1
2081,1979,L,7.0
2081,1982,L,3.7
2081,1985,L,9.3
2081,1988,L,9.4
2081,1991,L,7.6
2081,1994,L,4.6
2081,1998,L,3.7
2081,2002,L,8.2
2081,2006,L,5.6
2081,2010,L,4.4
2081,2014,L,3.9
2081,2018,L,5.5
2081,2022,L,4.8
2081,1973,KD,1.8
2081,1976,KD,1.6
2081,1979,KD,1.5
2081,1982,KD,1.5
2081,1985,KD,0.1
2081,1988,KD,2.0
2081,1991,KD,4.9
2081,1994,KD,2.4
2081,1998,KD,6.1
2081,2002,KD,5.0
2081,2006,KD,4.0
2081,2010,KD,2.9
2081,2014,KD,2.9
2081,2018,KD,4.4
2081,2022,KD,6.0
2081,1985,MP,6.2
2081,1988,MP,9.7
2081,1991,MP,4.9
2081,1994,MP,6.9
2081,1998,MP,6.1
2081,2002,MP,4.7
2081,2006,MP,3.8
2081,2010,MP,4.4
2081,2014,MP,5.7
2081,2018,MP,3.5
2081,2022,MP,2.6
2081,1973,S,52.5
2081,1976,S,54.0
2081,1979,S,53.0
2081,1982,S,57.5
2081,1985,S,51.7
2081,1988,S,50.2
2081,1991,S,48.4
2081,1994,S,57.6
2081,1998,S,48.3
2081,2002,S,50.7
2081,2006,S,45.3
2081,2010,S,38.6
2081,2014,S,34.2
2081,2018,S,32.2
2081,2022,S,33.4
2081,1973,V,4.3
2081,1976,V,4.0
2081,1979,V,5.4
2081,1982,V,4.9
2081,1985,V,5.8
2081,1988,V,6.0
2081,1991,V,5.2
2081,1994,V,6.8
2081,1998,V,12.2
2081,2002,V,9.1
2081,2006,V,7.2
2081,2010,V,7.6
2081,2014,V,7.4
2081,2018,V,7.1
2081,2022,V,6.6
2081,2002,SD,1.8
2081,2006,SD,4.0
2081,2010,SD,10.9
2081,2014,SD,18.8
2081,2018,SD,16.1
2081,2022,SD,18.7
2081,1973,ÖVRIGA,4.1
2081,1976,ÖVRIGA,3.8
2081,1979,ÖVRIGA,4.9
2081,1982,ÖVRIGA,4.3
2081,1985,ÖVRIGA,1.2
2081,1988,ÖVRIGA,0.7
2081,1991,ÖVRIGA,4.5
2081,1994,ÖVRIGA,1.6
2081,1998,ÖVRIGA,4.7
2081,2002,ÖVRIGA,2.4
2081,2006,ÖVRIGA,5.4
2081,2010,ÖVRIGA,6.3
2081,2014,ÖVRIGA,5.7
2081,2018,ÖVRIGA,3.7
2081,2022,ÖVRIGA,2.5
2082,1973,M,7.3
2082,1976,M,8.9
2082,1979,M,11.3
2082,1982,M,17.7
2082,1985,M,16.3
2082,1988,M,12.1
2082,1991,M,16.1
2082,1994,M,14.3
2082,1998,M,15.4
2082,2002,M,11.1
2082,2006,M,14.9
2082,2010,M,15.7
2082,2014,M,14.3
2082,2018,M,18.3
2082,2022,M,21.0
2082,1973,C,38.4
2082,1976,C,37.6
2082,1979,C,33.1
2082,1982,C,28.2
2082,1985,C,24.5
2082,1988,C,27.6
2082,1991,C,25.4
2082,1994,C,24.5
2082,1998,C,28.9
2082,2002,C,26.1
2082,2006,C,23.4
2082,2010,C,20.0
2082,2014,C,17.8
2082,2018,C,21.8
2082,2022,C,15.4
2082,1973,L,8.0
2082,1976,L,7.6
2082,1979,L,6.8
2082,1982,L,4.3
2082,1985,L,9.9
2082,1988,L,9.3
2082,1991,L,5.6
2082,1994,L,5.2
2082,1998,L,3.5
2082,2002,L,7.3
2082,2006,L,7.0
2082,2010,L,6.6
2082,2014,L,5.6
2082,2018,L,3.6
2082,2022,L,3.1
2082,1973,KD,3.6
2082,1976,KD,3.2
2082,1979,KD,3.1
2082,1982,KD,2.6
2082,1985,KD,2.4
2082,1988,KD,2.4
2082,1991,KD,4.7
2082,1994,KD,2.7
2082,1998,KD,5.5
2082,2002,KD,5.2
2082,2006,KD,4.5
2082,2010,KD,3.2
2082,2014,KD,2.3
2082,2018,KD,3.9
2082,2022,KD,5.0
2082,1985,MP,1.1
2082,1988,MP,5.0
2082,1991,MP,2.4
2082,1994,MP,2.4
2082,1998,MP,3.4
2082,2002,MP,3.2
2082,2006,MP,3.7
2082,2010,MP,3.7
2082,2014,MP,3.5
2082,2018,MP,2.2
2082,2022,MP,2.1
2082,1973,S,41.8
2082,1976,S,42.2
2082,1979,S,41.5
2082,1982,S,43.7
2082,1985,S,42.2
2082,1988,S,42.6
2082,1991,S,35.0
2082,1994,S,41.1
2082,1998,S,32.1
2082,2002,S,38.9
2082,2006,S,39.8
2082,2010,S,42.8
2082,2014,S,41.1
2082,2018,S,32.4
2082,2022,S,34.1
2082,1973,V,0.6
2082,1979,V,4.2
2082,1982,V,3.0
2082,1985,V,3.6
2082,1988,V,0.9
2082,1991,V,4.1
2082,1994,V,7.1
2082,1998,V,10.4
2082,2002,V,7.1
2082,2006,V,4.5
2082,2010,V,3.8
2082,2014,V,4.4
2082,2018,V,5.1
2082,2022,V,4.5
2082,2002,SD,0.0
2082,2006,SD,1.7
2082,2010,SD,4.0
2082,2014,SD,10.5
2082,2018,SD,12.4
2082,2022,SD,14.7
2082,1973,ÖVRIGA,0.4
2082,1976,ÖVRIGA,0.5
2082,1979,ÖVRIGA,0.1
2082,1982,ÖVRIGA,0.5
2082,1985,ÖVRIGA,0.1
2082,1988,ÖVRIGA,0.0
2082,1991,ÖVRIGA,6.6
2082,1994,ÖVRIGA,2.7
2082,1998,ÖVRIGA,0.8
2082,2002,ÖVRIGA,1.2
2082,2006,ÖVRIGA,0.6
2082,2010,ÖVRIGA,0.1
2082,2014,ÖVRIGA,0.4
2082,2018,ÖVRIGA,0.3
2082,2022,ÖVRIGA,0.2
2083,1973,M,7.8
2083,1976,M,8.6
2083,1979,M,11.3
2083,1982,M,14.6
2083,1985,M,14.3
2083,1988,M,12.6
2083,1991,M,15.9
2083,1994,M,14.1
2083,1998,M,13.8
2083,2002,M,12.0
2083,2006,M,15.3
2083,2010,M,17.2
2083,2014,M,17.1
2083,2018,M,16.9
2083,2022,M,22.0
2083,1973,C,29.1
2083,1976,C,28.5
2083,1979,C,23.8
2083,1982,C,19.9
2083,1985,C,17.7
2083,1988,C,17.8
2083,1991,C,17.5
2083,1994,C,16.2
2083,1998,C,16.7
2083,2002,C,17.8
2083,2006,C,18.9
2083,2010,C,18.9
2083,2014,C,15.4
2083,2018,C,15.5
2083,2022,C,11.2
2083,1973,L,7.1
2083,1976,L,7.4
2083,1979,L,7.5
2083,1982,L,3.9
2083,1985,L,9.0
2083,1988,L,9.6
2083,1991,L,6.6
2083,1994,L,3.9
2083,1998,L,2.5
2083,2002,L,4.4
2083,2006,L,3.1
2083,2010,L,2.3
2083,2014,L,2.6
2083,2018,L,2.4
2083,2022,L,1.3
2083,1973,KD,2.5
2083,1976,KD,2.3
2083,1979,KD,2.2
2083,1982,KD,2.5
2083,1985,KD,0.1
2083,1988,KD,2.8
2083,1991,KD,5.9
2083,1994,KD,2.9
2083,1998,KD,6.7
2083,2002,KD,6.1
2083,2006,KD,5.0
2083,2010,KD,2.6
2083,2014,KD,1.6
2083,2018,KD,3.0
2083,2022,KD,4.1
2083,1982,MP,3.9
2083,1985,MP,5.0
2083,1988,MP,6.2
2083,1991,MP,4.3
2083,1994,MP,5.9
2083,1998,MP,5.9
2083,2002,MP,4.7
2083,2006,MP,5.3
2083,2010,MP,6.0
2083,2014,MP,5.3
2083,2018,MP,2.4
2083,2022,MP,2.3
2083,1973,S,49.1
2083,1976,S,48.6
2083,1979,S,49.6
2083,1982,S,50.6
2083,1985,S,47.7
2083,1988,S,42.5
2083,1991,S,41.0
2083,1994,S,46.5
2083,1998,S,38.4
2083,2002,S,36.8
2083,2006,S,41.4
2083,2010,S,33.5
2083,2014,S,30.8
2083,2018,S,28.7
2083,2022,S,25.9
2083,1973,V,4.4
2083,1976,V,3.6
2083,1979,V,4.0
2083,1982,V,4.4
2083,1985,V,6.1
2083,1988,V,8.3
2083,1991,V,7.0
2083,1994,V,9.0
2083,1998,V,15.2
2083,2002,V,10.1
2083,2006,V,6.6
2083,2010,V,4.9
2083,2014,V,5.8
2083,2018,V,5.6
2083,2022,V,5.6
2083,2002,SD,0.0
2083,2006,SD,1.9
2083,2010,SD,6.4
2083,2014,SD,10.1
2083,2018,SD,13.3
2083,2022,SD,16.7
2083,1973,ÖVRIGA,0.1
2083,1976,ÖVRIGA,1.1
2083,1979,ÖVRIGA,1.6
2083,1982,ÖVRIGA,0.1
2083,1985,ÖVRIGA,0.1
2083,1988,ÖVRIGA,0.1
2083,1991,ÖVRIGA,1.9
2083,1994,ÖVRIGA,1.4
2083,1998,ÖVRIGA,0.6
2083,2002,ÖVRIGA,8.2
2083,2006,ÖVRIGA,2.5
2083,2010,ÖVRIGA,8.2
2083,2014,ÖVRIGA,11.3
2083,2018,ÖVRIGA,12.3
2083,2022,ÖVRIGA,10.8
2084,1973,M,4.8
2084,1976,M,5.9
2084,1979,M,8.2
2084,1982,M,10.9
2084,1985,M,10.2
2084,1988,M,7.8
2084,1991,M,12.2
2084,1994,M,8.3
2084,1998,M,10.9
2084,2002,M,11.8
2084,2006,M,22.2
2084,2010,M,22.6
2084,2014,M,12.9
2084,2018,M,21.3
2084,2022,M,21.9
2084,1973,C,27.0
2084,1976,C,24.4
2084,1979,C,20.0
2084,1982,C,17.3
2084,1985,C,14.6
2084,1988,C,15.7
2084,1991,C,19.4
2084,1994,C,13.6
2084,1998,C,9.6
2084,2002,C,11.2
2084,2006,C,9.9
2084,2010,C,8.5
2084,2014,C,8.2
2084,2018,C,6.7
2084,2022,C,5.9
2084,1973,L,5.8
2084,1976,L,6.7
2084,1979,L,6.7
2084,1982,L,3.8
2084,1985,L,7.4
2084,1988,L,7.3
2084,1991,L,6.0
2084,1994,L,3.6
2084,1998,L,3.2
2084,2002,L,7.1
2084,2006,L,5.2
2084,2010,L,4.5
2084,2014,L,2.7
2084,2018,L,2.3
2084,2022,L,1.8
2084,1973,KD,2.1
2084,1976,KD,2.4
2084,1979,KD,2.6
2084,1982,KD,2.5
2084,1985,KD,2.3
2084,1988,KD,3.1
2084,1991,KD,4.4
2084,1994,KD,2.2
2084,1998,KD,4.7
2084,2002,KD,4.8
2084,2006,KD,3.4
2084,2010,KD,2.7
2084,2014,KD,2.1
2084,2018,KD,2.6
2084,2022,KD,3.8
2084,1982,MP,2.1
2084,1985,MP,3.1
2084,1988,MP,5.3
2084,1991,MP,3.1
2084,1994,MP,5.3
2084,1998,MP,4.5
2084,2002,MP,4.9
2084,2006,MP,4.2
2084,2010,MP,3.9
2084,2014,MP,2.7
2084,2018,MP,1.7
2084,2022,MP,1.5
2084,1973,S,52.8
2084,1976,S,54.5
2084,1979,S,55.7
2084,1982,S,56.1
2084,1985,S,53.9
2084,1988,S,46.9
2084,1991,S,41.4
2084,1994,S,45.5
2084,1998,S,41.3
2084,2002,S,39.9
2084,2006,S,41.6
2084,2010,S,44.4
2084,2014,S,49.0
2084,2018,S,46.5
2084,2022,S,41.7
2084,1973,V,6.8
2084,1976,V,5.6
2084,1979,V,6.6
2084,1982,V,7.4
2084,1985,V,8.4
2084,1988,V,13.8
2084,1991,V,11.8
2084,1994,V,13.0
2084,1998,V,12.4
2084,2002,V,9.5
2084,2006,V,6.7
2084,2010,V,4.8
2084,2014,V,4.8
2084,2018,V,4.4
2084,2022,V,4.3
2084,2002,SD,0.0
2084,2006,SD,1.9
2084,2010,SD,4.3
2084,2014,SD,10.0
2084,2018,SD,14.2
2084,2022,SD,17.7
2084,1973,ÖVRIGA,0.6
2084,1976,ÖVRIGA,0.5
2084,1979,ÖVRIGA,0.2
2084,1982,ÖVRIGA,0.0
2084,1985,ÖVRIGA,0.1
2084,1988,ÖVRIGA,0.0
2084,1991,ÖVRIGA,1.7
2084,1994,ÖVRIGA,8.6
2084,1998,ÖVRIGA,13.4
2084,2002,ÖVRIGA,10.7
2084,2006,ÖVRIGA,4.9
2084,2010,ÖVRIGA,4.2
2084,2014,ÖVRIGA,7.5
2084,2018,ÖVRIGA,0.3
2084,2022,ÖVRIGA,1.3
2085,1973,M,7.0
2085,1976,M,7.9
2085,1979,M,11.0
2085,1982,M,13.2
2085,1985,M,11.3
2085,1988,M,8.5
2085,1991,M,11.8
2085,1994,M,9.5
2085,1998,M,11.5
2085,2002,M,9.2
2085,2006,M,14.7
2085,2010,M,18.7
2085,2014,M,20.7
2085,2018,M,21.2
2085,2022,M,21.2
2085,1973,C,21.5
2085,1976,C,20.4
2085,1979,C,15.2
2085,1982,C,11.5
2085,1985,C,9.7
2085,1988,C,10.8
2085,1991,C,8.9
2085,1994,C,5.1
2085,1998,C,4.8
2085,2002,C,5.1
2085,2006,C,5.8
2085,2010,C,5.2
2085,2014,C,6.2
2085,2018,C,8.8
2085,2022,C,8.6
2085,1973,L,5.7
2085,1976,L,6.1
2085,1979,L,5.5
2085,1982,L,3.2
2085,1985,L,6.2
2085,1988,L,5.1
2085,1991,L,5.7
2085,1994,L,4.1
2085,1998,L,0.4
2085,2002,L,5.3
2085,2006,L,3.9
2085,2010,L,4.2
2085,2014,L,2.9
2085,2018,L,2.6
2085,2022,L,2.9
2085,1973,KD,1.3
2085,1976,KD,1.0
2085,1979,KD,1.1
2085,1982,KD,1.0
2085,1985,KD,0.5
2085,1988,KD,1.1
2085,1991,KD,0.8
2085,1994,KD,1.9
2085,1998,KD,0.7
2085,2002,KD,4.3
2085,2006,KD,3.1
2085,2010,KD,2.0
2085,2014,KD,1.3
2085,2018,KD,2.3
2085,2022,KD,3.5
2085,1982,MP,2.0
2085,1985,MP,2.4
2085,1988,MP,1.3
2085,1991,MP,3.0
2085,1994,MP,4.4
2085,1998,MP,4.7
2085,2002,MP,5.0
2085,2006,MP,2.6
2085,2010,MP,4.7
2085,2014,MP,7.3
2085,2018,MP,4.9
2085,2022,MP,3.9
2085,1973,S,53.9
2085,1976,S,55.5
2085,1979,S,56.6
2085,1982,S,58.7
2085,1985,S,47.4
2085,1988,S,48.9
2085,1991,S,49.8
2085,1994,S,55.6
2085,1998,S,46.1
2085,2002,S,50.7
2085,2006,S,50.0
2085,2010,S,47.1
2085,2014,S,35.0
2085,2018,S,32.3
2085,2022,S,29.7
2085,1973,V,10.3
2085,1976,V,8.4
2085,1979,V,10.2
2085,1982,V,10.3
2085,1985,V,14.3
2085,1988,V,11.3
2085,1991,V,6.4
2085,1994,V,9.3
2085,1998,V,16.5
2085,2002,V,12.5
2085,2006,V,8.5
2085,2010,V,7.4
2085,2014,V,7.9
2085,2018,V,8.2
2085,2022,V,9.0
2085,2002,SD,0.0
2085,2006,SD,2.2
2085,2010,SD,4.8
2085,2014,SD,13.8
2085,2018,SD,15.7
2085,2022,SD,15.2
2085,1973,ÖVRIGA,0.3
2085,1976,ÖVRIGA,0.6
2085,1979,ÖVRIGA,0.4
2085,1982,ÖVRIGA,0.1
2085,1985,ÖVRIGA,8.3
2085,1988,ÖVRIGA,12.8
2085,1991,ÖVRIGA,13.6
2085,1994,ÖVRIGA,10.2
2085,1998,ÖVRIGA,15.3
2085,2002,ÖVRIGA,7.9
2085,2006,ÖVRIGA,9.1
2085,2010,ÖVRIGA,5.9
2085,2014,ÖVRIGA,4.9
2085,2018,ÖVRIGA,4.0
2085,2022,ÖVRIGA,6.0
2101,1973,M,6.1
2101,1976,M,5.9
2101,1979,M,6.3
2101,1982,M,7.9
2101,1985,M,8.6
2101,1988,M,6.3
2101,1991,M,9.9
2101,1994,M,7.5
2101,1998,M,8.8
2101,2002,M,6.9
2101,2006,M,10.8
2101,2010,M,11.7
2101,2014,M,7.0
2101,2018,M,6.7
2101,2022,M,8.0
2101,1973,C,32.2
2101,1976,C,34.2
2101,1979,C,33.5
2101,1982,C,28.9
2101,1985,C,26.5
2101,1988,C,27.0
2101,1991,C,24.6
2101,1994,C,20.3
2101,1998,C,18.9
2101,2002,C,24.9
2101,2006,C,22.4
2101,2010,C,17.7
2101,2014,C,15.0
2101,2018,C,15.9
2101,2022,C,11.4
2101,1973,L,5.1
2101,1976,L,5.1
2101,1979,L,4.5
2101,1982,L,2.8
2101,1985,L,5.6
2101,1988,L,5.4
2101,1991,L,4.4
2101,1994,L,2.6
2101,1998,L,0.9
2101,2002,L,1.7
2101,2006,L,1.2
2101,2010,L,3.0
2101,2014,L,5.0
2101,2018,L,0.9
2101,2022,L,0.6
2101,1973,KD,1.4
2101,1979,KD,0.0
2101,1982,KD,1.6
2101,1985,KD,0.5
2101,1988,KD,0.6
2101,1991,KD,3.2
2101,1994,KD,1.9
2101,1998,KD,3.3
2101,2002,KD,1.7
2101,2006,KD,3.8
2101,2010,KD,2.6
2101,2014,KD,2.0
2101,2018,KD,2.6
2101,2022,KD,2.6
2101,1982,MP,0.9
2101,1985,MP,0.7
2101,1988,MP,2.6
2101,1991,MP,2.0
2101,1994,MP,3.9
2101,1998,MP,3.1
2101,2002,MP,2.4
2101,2006,MP,2.3
2101,2010,MP,4.4
2101,2014,MP,4.0
2101,2018,MP,2.7
2101,2022,MP,3.0
2101,1973,S,54.3
2101,1976,S,54.2
2101,1979,S,52.1
2101,1982,S,53.1
2101,1985,S,53.2
2101,1988,S,52.9
2101,1991,S,47.1
2101,1994,S,54.0
2101,1998,S,36.4
2101,2002,S,41.7
2101,2006,S,46.1
2101,2010,S,49.6
2101,2014,S,46.5
2101,2018,S,40.6
2101,2022,S,40.4
2101,1973,V,0.1
2101,1979,V,3.3
2101,1982,V,4.8
2101,1985,V,4.8
2101,1988,V,5.1
2101,1991,V,6.3
2101,1994,V,9.2
2101,1998,V,28.3
2101,2002,V,19.8
2101,2006,V,11.8
2101,2010,V,5.3
2101,2014,V,4.5
2101,2018,V,4.9
2101,2022,V,4.1
2101,2002,SD,0.0
2101,2006,SD,1.3
2101,2010,SD,5.7
2101,2014,SD,15.8
2101,2018,SD,25.3
2101,2022,SD,29.7
2101,1973,ÖVRIGA,0.7
2101,1976,ÖVRIGA,0.7
2101,1979,ÖVRIGA,0.2
2101,1982,ÖVRIGA,0.0
2101,1985,ÖVRIGA,0.0
2101,1988,ÖVRIGA,0.1
2101,1991,ÖVRIGA,2.4
2101,1994,ÖVRIGA,0.6
2101,1998,ÖVRIGA,0.3
2101,2002,ÖVRIGA,0.9
2101,2006,ÖVRIGA,0.2
2101,2010,ÖVRIGA,0.0
2101,2014,ÖVRIGA,0.3
2101,2018,ÖVRIGA,0.3
2101,2022,ÖVRIGA,0.1
2104,1973,M,5.3
2104,1976,M,5.5
2104,1979,M,6.8
2104,1982,M,9.3
2104,1985,M,8.3
2104,1988,M,6.2
2104,1991,M,9.3
2104,1994,M,8.5
2104,1998,M,9.1
2104,2002,M,6.8
2104,2006,M,11.4
2104,2010,M,13.0
2104,2014,M,8.9
2104,2018,M,9.1
2104,2022,M,14.4
2104,1973,C,17.2
2104,1976,C,15.2
2104,1979,C,12.5
2104,1982,C,11.0
2104,1985,C,11.6
2104,1988,C,11.6
2104,1991,C,10.7
2104,1994,C,8.8
2104,1998,C,6.4
2104,2002,C,6.6
2104,2006,C,7.3
2104,2010,C,4.9
2104,2014,C,5.3
2104,2018,C,6.8
2104,2022,C,5.1
2104,1973,L,4.9
2104,1976,L,6.0
2104,1979,L,5.6
2104,1982,L,3.4
2104,1985,L,6.6
2104,1988,L,5.5
2104,1991,L,5.4
2104,1994,L,3.4
2104,1998,L,3.0
2104,2002,L,7.5
2104,2006,L,7.0
2104,2010,L,6.1
2104,2014,L,6.1
2104,2018,L,8.2
2104,2022,L,5.0
2104,1973,KD,0.0
2104,1979,KD,0.1
2104,1982,KD,0.1
2104,1985,KD,0.0
2104,1988,KD,0.3
2104,1991,KD,2.6
2104,1994,KD,1.7
2104,1998,KD,5.6
2104,2002,KD,3.8
2104,2006,KD,2.5
2104,2010,KD,1.8
2104,2014,KD,1.8
2104,2018,KD,2.3
2104,2022,KD,4.2
2104,1982,MP,1.0
2104,1985,MP,1.4
2104,1988,MP,7.0
2104,1991,MP,5.2
2104,1994,MP,8.5
2104,1998,MP,7.9
2104,2002,MP,3.7
2104,2006,MP,2.3
2104,2010,MP,3.7
2104,2014,MP,2.0
2104,2018,MP,0.9
2104,2022,MP,0.5
2104,1973,S,57.0
2104,1976,S,59.8
2104,1979,S,62.1
2104,1982,S,64.6
2104,1985,S,61.2
2104,1988,S,58.5
2104,1991,S,56.3
2104,1994,S,57.9
2104,1998,S,49.7
2104,2002,S,51.2
2104,2006,S,45.6
2104,2010,S,43.4
2104,2014,S,36.3
2104,2018,S,32.4
2104,2022,S,31.4
2104,1973,V,15.1
2104,1976,V,13.5
2104,1979,V,10.8
2104,1982,V,10.4
2104,1985,V,10.8
2104,1988,V,10.8
2104,1991,V,9.2
2104,1994,V,10.8
2104,1998,V,18.0
2104,2002,V,13.4
2104,2006,V,9.5
2104,2010,V,10.9
2104,2014,V,12.4
2104,2018,V,10.2
2104,2022,V,10.1
2104,2002,SD,0.0
2104,2006,SD,2.2
2104,2010,SD,6.0
2104,2014,SD,9.1
2104,2018,SD,12.2
2104,2022,SD,17.2
2104,1973,ÖVRIGA,0.6
2104,1976,ÖVRIGA,0.2
2104,1979,ÖVRIGA,2.1
2104,1982,ÖVRIGA,0.2
2104,1985,ÖVRIGA,0.1
2104,1988,ÖVRIGA,0.2
2104,1991,ÖVRIGA,1.3
2104,1994,ÖVRIGA,0.4
2104,1998,ÖVRIGA,0.4
2104,2002,ÖVRIGA,7.0
2104,2006,ÖVRIGA,12.2
2104,2010,ÖVRIGA,10.3
2104,2014,ÖVRIGA,18.1
2104,2018,ÖVRIGA,17.8
2104,2022,ÖVRIGA,12.2
2121,1973,M,4.2
2121,1976,M,5.1
2121,1979,M,7.2
2121,1982,M,8.0
2121,1985,M,8.5
2121,1988,M,5.5
2121,1991,M,7.9
2121,1994,M,8.3
2121,1998,M,8.3
2121,2002,M,6.3
2121,2006,M,7.4
2121,2010,M,10.2
2121,2014,M,7.4
2121,2018,M,9.2
2121,2022,M,10.3
2121,1973,C,31.5
2121,1976,C,39.0
2121,1979,C,34.3
2121,1982,C,28.8
2121,1985,C,27.3
2121,1988,C,30.7
2121,1991,C,28.2
2121,1994,C,23.7
2121,1998,C,25.2
2121,2002,C,35.0
2121,2006,C,36.1
2121,2010,C,27.3
2121,2014,C,27.8
2121,2018,C,29.0
2121,2022,C,20.2
2121,1973,L,12.1
2121,1976,L,9.8
2121,1979,L,9.1
2121,1982,L,7.2
2121,1985,L,9.7
2121,1988,L,7.8
2121,1991,L,6.7
2121,1994,L,5.6
2121,1998,L,4.0
2121,2002,L,6.6
2121,2006,L,4.0
2121,2010,L,3.3
2121,2014,L,2.2
2121,2018,L,2.4
2121,2022,L,2.3
2121,1973,KD,3.5
2121,1976,KD,3.3
2121,1979,KD,4.2
2121,1982,KD,4.8
2121,1985,KD,5.0
2121,1988,KD,6.5
2121,1991,KD,11.0
2121,1994,KD,9.3
2121,1998,KD,12.9
2121,2002,KD,13.3
2121,2006,KD,10.8
2121,2010,KD,9.6
2121,2014,KD,10.3
2121,2018,KD,10.2
2121,2022,KD,15.4
2121,1982,MP,6.3
2121,1985,MP,5.3
2121,1988,MP,5.9
2121,1991,MP,3.6
2121,1994,MP,5.1
2121,1998,MP,5.6
2121,2002,MP,4.2
2121,2006,MP,0.8
2121,2010,MP,3.6
2121,2014,MP,3.3
2121,2018,MP,1.8
2121,2022,MP,1.7
2121,1973,S,46.4
2121,1976,S,40.5
2121,1979,S,42.5
2121,1982,S,42.6
2121,1985,S,43.8
2121,1988,S,42.9
2121,1991,S,38.0
2121,1994,S,43.5
2121,1998,S,36.2
2121,2002,S,28.6
2121,2006,S,35.3
2121,2010,S,40.1
2121,2014,S,34.8
2121,2018,S,33.0
2121,2022,S,28.7
2121,1973,V,2.3
2121,1976,V,2.3
2121,1979,V,2.6
2121,1982,V,2.3
2121,1985,V,0.5
2121,1988,V,0.6
2121,1991,V,2.9
2121,1994,V,4.0
2121,1998,V,7.6
2121,2002,V,5.7
2121,2006,V,4.2
2121,2010,V,3.0
2121,2014,V,3.4
2121,2018,V,3.2
2121,2022,V,4.1
2121,2002,SD,0.0
2121,2006,SD,1.1
2121,2010,SD,2.9
2121,2014,SD,10.6
2121,2018,SD,10.9
2121,2022,SD,17.2
2121,1973,ÖVRIGA,0.0
2121,1979,ÖVRIGA,0.0
2121,1985,ÖVRIGA,0.0
2121,1988,ÖVRIGA,0.1
2121,1991,ÖVRIGA,1.7
2121,1994,ÖVRIGA,0.4
2121,1998,ÖVRIGA,0.2
2121,2002,ÖVRIGA,0.2
2121,2006,ÖVRIGA,0.2
2121,2010,ÖVRIGA,0.0
2121,2014,ÖVRIGA,0.3
2121,2018,ÖVRIGA,0.2
2121,2022,ÖVRIGA,0.1
2132,1973,M,3.1
2132,1976,M,3.5
2132,1979,M,4.6
2132,1982,M,6.7
2132,1985,M,8.0
2132,1988,M,5.4
2132,1991,M,7.4
2132,1994,M,6.5
2132,1998,M,8.1
2132,2002,M,11.5
2132,2006,M,11.6
2132,2010,M,10.6
2132,2014,M,12.3
2132,2018,M,13.9
2132,2022,M,18.6
2132,1973,C,40.3
2132,1976,C,39.1
2132,1979,C,34.5
2132,1982,C,30.3
2132,1985,C,26.7
2132,1988,C,25.7
2132,1991,C,24.9
2132,1994,C,21.3
2132,1998,C,21.0
2132,2002,C,26.9
2132,2006,C,33.2
2132,2010,C,21.1
2132,2014,C,15.4
2132,2018,C,14.5
2132,2022,C,10.6
2132,1973,L,7.7
2132,1976,L,7.4
2132,1979,L,7.5
2132,1982,L,4.4
2132,1985,L,6.9
2132,1988,L,6.9
2132,1991,L,6.5
2132,1994,L,5.1
2132,1998,L,4.6
2132,2002,L,8.9
2132,2006,L,5.6
2132,2010,L,13.1
2132,2014,L,7.0
2132,2018,L,4.5
2132,2022,L,2.2
2132,1973,KD,2.7
2132,1976,KD,2.8
2132,1979,KD,4.4
2132,1982,KD,4.8
2132,1985,KD,4.2
2132,1988,KD,5.7
2132,1991,KD,8.2
2132,1994,KD,4.0
2132,1998,KD,7.4
2132,2002,KD,6.0
2132,2006,KD,4.4
2132,2010,KD,4.4
2132,2014,KD,3.6
2132,2018,KD,5.1
2132,2022,KD,4.0
2132,1982,MP,2.8
2132,1985,MP,5.0
2132,1988,MP,8.7
2132,1991,MP,5.9
2132,1994,MP,8.4
2132,1998,MP,7.6
2132,2002,MP,4.3
2132,2006,MP,3.2
2132,2010,MP,3.3
2132,2014,MP,4.7
2132,2018,MP,1.5
2132,2022,MP,1.8
2132,1973,S,39.0
2132,1976,S,40.5
2132,1979,S,42.3
2132,1982,S,44.7
2132,1985,S,43.4
2132,1988,S,42.0
2132,1991,S,38.7
2132,1994,S,41.5
2132,1998,S,32.7
2132,2002,S,35.6
2132,2006,S,33.9
2132,2010,S,34.5
2132,2014,S,36.1
2132,2018,S,30.0
2132,2022,S,27.9
2132,1973,V,7.1
2132,1976,V,6.6
2132,1979,V,6.7
2132,1982,V,6.2
2132,1985,V,5.8
2132,1988,V,5.6
2132,1991,V,6.1
2132,1994,V,12.5
2132,1998,V,18.1
2132,2002,V,4.9
2132,2006,V,4.4
2132,2010,V,5.5
2132,2014,V,5.0
2132,2018,V,9.1
2132,2022,V,8.2
2132,2002,SD,0.0
2132,2006,SD,3.5
2132,2010,SD,7.2
2132,2014,SD,15.6
2132,2018,SD,16.9
2132,2022,SD,17.8
2132,1973,ÖVRIGA,0.0
2132,1976,ÖVRIGA,0.1
2132,1979,ÖVRIGA,0.0
2132,1982,ÖVRIGA,0.0
2132,1985,ÖVRIGA,0.0
2132,1988,ÖVRIGA,0.0
2132,1991,ÖVRIGA,2.3
2132,1994,ÖVRIGA,0.7
2132,1998,ÖVRIGA,0.6
2132,2002,ÖVRIGA,1.9
2132,2006,ÖVRIGA,0.3
2132,2010,ÖVRIGA,0.2
2132,2014,ÖVRIGA,0.3
2132,2018,ÖVRIGA,4.4
2132,2022,ÖVRIGA,9.0
2161,1973,M,5.3
2161,1976,M,6.0
2161,1979,M,7.7
2161,1982,M,10.2
2161,1985,M,9.0
2161,1988,M,7.1
2161,1991,M,9.5
2161,1994,M,8.9
2161,1998,M,9.2
2161,2002,M,7.9
2161,2006,M,14.7
2161,2010,M,16.6
2161,2014,M,16.8
2161,2018,M,13.0
2161,2022,M,16.4
2161,1973,C,30.4
2161,1976,C,27.0
2161,1979,C,25.7
2161,1982,C,23.0
2161,1985,C,21.1
2161,1988,C,20.5
2161,1991,C,19.3
2161,1994,C,13.9
2161,1998,C,14.2
2161,2002,C,17.2
2161,2006,C,18.3
2161,2010,C,12.7
2161,2014,C,11.5
2161,2018,C,14.7
2161,2022,C,9.3
2161,1973,L,8.0
2161,1976,L,6.5
2161,1979,L,6.5
2161,1982,L,4.8
2161,1985,L,9.9
2161,1988,L,9.8
2161,1991,L,9.6
2161,1994,L,5.8
2161,1998,L,6.7
2161,2002,L,10.0
2161,2006,L,5.5
2161,2010,L,8.2
2161,2014,L,6.6
2161,2018,L,3.8
2161,2022,L,7.5
2161,1973,KD,1.9
2161,1976,KD,2.1
2161,1979,KD,1.8
2161,1982,KD,1.8
2161,1985,KD,1.6
2161,1988,KD,2.2
2161,1991,KD,4.4
2161,1994,KD,2.0
2161,1998,KD,5.5
2161,2002,KD,5.5
2161,2006,KD,4.4
2161,2010,KD,3.3
2161,2014,KD,2.2
2161,2018,KD,2.9
2161,2022,KD,3.3
2161,1982,MP,0.3
2161,1985,MP,3.0
2161,1988,MP,2.8
2161,1991,MP,2.2
2161,1994,MP,3.8
2161,1998,MP,4.5
2161,2002,MP,4.3
2161,2006,MP,4.0
2161,2010,MP,5.8
2161,2014,MP,7.1
2161,2018,MP,3.6
2161,2022,MP,3.8
2161,1973,S,41.2
2161,1976,S,38.5
2161,1979,S,42.7
2161,1982,S,44.8
2161,1985,S,38.5
2161,1988,S,45.3
2161,1991,S,40.1
2161,1994,S,53.0
2161,1998,S,41.1
2161,2002,S,38.5
2161,2006,S,31.8
2161,2010,S,32.4
2161,2014,S,29.5
2161,2018,S,33.5
2161,2022,S,29.2
2161,1973,V,13.1
2161,1976,V,7.9
2161,1979,V,9.0
2161,1982,V,8.0
2161,1985,V,7.2
2161,1988,V,6.9
2161,1991,V,5.8
2161,1994,V,6.1
2161,1998,V,14.3
2161,2002,V,11.0
2161,2006,V,7.9
2161,2010,V,7.7
2161,2014,V,9.5
2161,2018,V,6.9
2161,2022,V,4.8
2161,2002,SD,0.0
2161,2006,SD,1.3
2161,2010,SD,4.2
2161,2014,SD,12.1
2161,2018,SD,12.1
2161,2022,SD,16.0
2161,1973,ÖVRIGA,0.1
2161,1976,ÖVRIGA,12.0
2161,1979,ÖVRIGA,6.6
2161,1982,ÖVRIGA,7.2
2161,1985,ÖVRIGA,9.7
2161,1988,ÖVRIGA,5.5
2161,1991,ÖVRIGA,9.2
2161,1994,ÖVRIGA,6.5
2161,1998,ÖVRIGA,4.5
2161,2002,ÖVRIGA,5.6
2161,2006,ÖVRIGA,12.2
2161,2010,ÖVRIGA,9.1
2161,2014,ÖVRIGA,4.6
2161,2018,ÖVRIGA,9.4
2161,2022,ÖVRIGA,9.5
2180,1973,M,9.4
2180,1976,M,10.2
2180,1979,M,14.2
2180,1982,M,17.4
2180,1985,M,15.9
2180,1988,M,12.8
2180,1991,M,17.2
2180,1994,M,16.4
2180,1998,M,20.7
2180,2002,M,14.6
2180,2006,M,22.0
2180,2010,M,27.2
2180,2014,M,25.2
2180,2018,M,19.0
2180,2022,M,21.3
2180,1973,C,20.5
2180,1976,C,18.8
2180,1979,C,13.2
2180,1982,C,10.3
2180,1985,C,7.0
2180,1988,C,8.1
2180,1991,C,6.5
2180,1994,C,5.5
2180,1998,C,5.0
2180,2002,C,5.8
2180,2006,C,6.7
2180,2010,C,4.2
2180,2014,C,4.5
2180,2018,C,5.7
2180,2022,C,4.8
2180,1973,L,9.3
2180,1976,L,11.0
2180,1979,L,10.8
2180,1982,L,5.9
2180,1985,L,13.6
2180,1988,L,14.1
2180,1991,L,12.6
2180,1994,L,8.9
2180,1998,L,6.1
2180,2002,L,13.3
2180,2006,L,8.5
2180,2010,L,7.9
2180,2014,L,7.5
2180,2018,L,7.0
2180,2022,L,4.0
2180,1973,KD,1.7
2180,1976,KD,1.6
2180,1979,KD,1.6
2180,1982,KD,1.7
2180,1985,KD,1.4
2180,1988,KD,2.0
2180,1991,KD,4.8
2180,1994,KD,2.5
2180,1998,KD,7.9
2180,2002,KD,6.7
2180,2006,KD,5.1
2180,2010,KD,3.2
2180,2014,KD,3.0
2180,2018,KD,4.5
2180,2022,KD,4.6
2180,1982,MP,2.3
2180,1985,MP,3.1
2180,1988,MP,7.0
2180,1991,MP,3.8
2180,1994,MP,6.3
2180,1998,MP,5.9
2180,2002,MP,5.2
2180,2006,MP,5.7
2180,2010,MP,7.7
2180,2014,MP,7.6
2180,2018,MP,4.6
2180,2022,MP,3.9
2180,1973,S,51.8
2180,1976,S,52.7
2180,1979,S,53.3
2180,1982,S,56.3
2180,1985,S,51.9
2180,1988,S,49.0
2180,1991,S,44.7
2180,1994,S,50.6
2180,1998,S,37.4
2180,2002,S,41.4
2180,2006,S,37.8
2180,2010,S,34.0
2180,2014,S,30.0
2180,2018,S,32.0
2180,2022,S,32.1
2180,1973,V,6.7
2180,1976,V,5.2
2180,1979,V,6.4
2180,1982,V,5.9
2180,1985,V,6.2
2180,1988,V,6.3
2180,1991,V,5.3
2180,1994,V,8.0
2180,1998,V,16.1
2180,2002,V,11.6
2180,2006,V,8.5
2180,2010,V,7.0
2180,2014,V,8.8
2180,2018,V,9.0
2180,2022,V,8.1
2180,2002,SD,0.0
2180,2006,SD,4.1
2180,2010,SD,7.7
2180,2014,SD,12.9
2180,2018,SD,17.2
2180,2022,SD,19.5
2180,1973,ÖVRIGA,0.6
2180,1976,ÖVRIGA,0.5
2180,1979,ÖVRIGA,0.6
2180,1982,ÖVRIGA,0.2
2180,1985,ÖVRIGA,0.8
2180,1988,ÖVRIGA,0.8
2180,1991,ÖVRIGA,5.2
2180,1994,ÖVRIGA,1.9
2180,1998,ÖVRIGA,0.8
2180,2002,ÖVRIGA,1.4
2180,2006,ÖVRIGA,1.6
2180,2010,ÖVRIGA,1.0
2180,2014,ÖVRIGA,0.4
2180,2018,ÖVRIGA,1.0
2180,2022,ÖVRIGA,1.8
2181,1973,M,7.5
2181,1976,M,8.0
2181,1979,M,10.5
2181,1982,M,14.0
2181,1985,M,13.7
2181,1988,M,10.3
2181,1991,M,14.1
2181,1994,M,12.7
2181,1998,M,14.5
2181,2002,M,10.4
2181,2006,M,16.5
2181,2010,M,18.6
2181,2014,M,15.2
2181,2018,M,15.1
2181,2022,M,19.1
2181,1973,C,21.1
2181,1976,C,20.0
2181,1979,C,15.2
2181,1982,C,12.5
2181,1985,C,9.4
2181,1988,C,10.0
2181,1991,C,8.6
2181,1994,C,7.4
2181,1998,C,6.2
2181,2002,C,8.4
2181,2006,C,9.1
2181,2010,C,6.4
2181,2014,C,5.9
2181,2018,C,8.7
2181,2022,C,6.7
2181,1973,L,5.8
2181,1976,L,6.6
2181,1979,L,6.9
2181,1982,L,3.4
2181,1985,L,8.5
2181,1988,L,8.4
2181,1991,L,7.4
2181,1994,L,5.1
2181,1998,L,4.1
2181,2002,L,8.6
2181,2006,L,5.9
2181,2010,L,5.3
2181,2014,L,5.0
2181,2018,L,7.1
2181,2022,L,4.1
2181,1973,KD,1.3
2181,1976,KD,1.4
2181,1979,KD,1.5
2181,1982,KD,1.4
2181,1985,KD,1.4
2181,1988,KD,1.8
2181,1991,KD,4.1
2181,1994,KD,2.1
2181,1998,KD,6.3
2181,2002,KD,6.6
2181,2006,KD,5.2
2181,2010,KD,3.3
2181,2014,KD,2.2
2181,2018,KD,3.3
2181,2022,KD,3.5
2181,1982,MP,1.4
2181,1985,MP,1.6
2181,1988,MP,4.3
2181,1991,MP,3.1
2181,1994,MP,5.1
2181,1998,MP,3.4
2181,2002,MP,3.5
2181,2006,MP,3.0
2181,2010,MP,4.4
2181,2014,MP,4.2
2181,2018,MP,2.2
2181,2022,MP,2.2
2181,1973,S,55.9
2181,1976,S,57.5
2181,1979,S,58.5
2181,1982,S,60.6
2181,1985,S,57.7
2181,1988,S,57.2
2181,1991,S,53.0
2181,1994,S,59.0
2181,1998,S,47.3
2181,2002,S,48.0
2181,2006,S,41.9
2181,2010,S,42.4
2181,2014,S,41.4
2181,2018,S,35.5
2181,2022,S,34.1
2181,1973,V,8.0
2181,1976,V,6.5
2181,1979,V,6.8
2181,1982,V,6.1
2181,1985,V,6.6
2181,1988,V,7.2
2181,1991,V,6.5
2181,1994,V,7.6
2181,1998,V,17.8
2181,2002,V,13.5
2181,2006,V,10.9
2181,2010,V,9.5
2181,2014,V,8.8
2181,2018,V,8.2
2181,2022,V,7.1
2181,2002,SD,0.0
2181,2006,SD,1.7
2181,2010,SD,5.7
2181,2014,SD,12.4
2181,2018,SD,18.6
2181,2022,SD,22.5
2181,1973,ÖVRIGA,0.3
2181,1976,ÖVRIGA,0.1
2181,1979,ÖVRIGA,0.6
2181,1982,ÖVRIGA,0.5
2181,1985,ÖVRIGA,1.2
2181,1988,ÖVRIGA,0.8
2181,1991,ÖVRIGA,3.3
2181,1994,ÖVRIGA,1.0
2181,1998,ÖVRIGA,0.4
2181,2002,ÖVRIGA,1.0
2181,2006,ÖVRIGA,5.8
2181,2010,ÖVRIGA,4.4
2181,2014,ÖVRIGA,4.9
2181,2018,ÖVRIGA,1.3
2181,2022,ÖVRIGA,0.6
2182,1973,M,6.5
2182,1976,M,7.0
2182,1979,M,8.0
2182,1982,M,10.4
2182,1985,M,10.6
2182,1988,M,7.7
2182,1991,M,11.4
2182,1994,M,11.0
2182,1998,M,10.9
2182,2002,M,7.6
2182,2006,M,10.6
2182,2010,M,13.9
2182,2014,M,10.4
2182,2018,M,12.8
2182,2022,M,16.0
2182,1973,C,22.0
2182,1976,C,21.7
2182,1979,C,18.2
2182,1982,C,14.9
2182,1985,C,12.8
2182,1988,C,13.8
2182,1991,C,14.1
2182,1994,C,10.6
2182,1998,C,11.9
2182,2002,C,22.0
2182,2006,C,20.3
2182,2010,C,13.9
2182,2014,C,15.1
2182,2018,C,22.6
2182,2022,C,15.8
2182,1973,L,5.3
2182,1976,L,5.7
2182,1979,L,5.8
2182,1982,L,3.2
2182,1985,L,7.9
2182,1988,L,7.2
2182,1991,L,7.4
2182,1994,L,5.1
2182,1998,L,3.4
2182,2002,L,7.6
2182,2006,L,4.3
2182,2010,L,3.9
2182,2014,L,3.2
2182,2018,L,3.0
2182,2022,L,2.5
2182,1973,KD,1.0
2182,1976,KD,0.9
2182,1979,KD,1.3
2182,1982,KD,1.3
2182,1985,KD,0.1
2182,1988,KD,1.5
2182,1991,KD,3.6
2182,1994,KD,1.7
2182,1998,KD,5.9
2182,2002,KD,6.4
2182,2006,KD,4.9
2182,2010,KD,3.0
2182,2014,KD,2.9
2182,2018,KD,4.8
2182,2022,KD,6.0
2182,1982,MP,1.4
2182,1985,MP,1.3
2182,1988,MP,3.9
2182,1991,MP,2.7
2182,1994,MP,4.9
2182,1998,MP,4.2
2182,2002,MP,4.1
2182,2006,MP,2.7
2182,2010,MP,4.8
2182,2014,MP,4.3
2182,2018,MP,2.1
2182,2022,MP,1.7
2182,1973,S,53.3
2182,1976,S,54.8
2182,1979,S,56.9
2182,1982,S,59.3
2182,1985,S,57.9
2182,1988,S,54.9
2182,1991,S,47.6
2182,1994,S,52.0
2182,1998,S,41.5
2182,2002,S,32.4
2182,2006,S,39.0
2182,2010,S,39.6
2182,2014,S,36.6
2182,2018,S,27.5
2182,2022,S,29.5
2182,1973,V,11.5
2182,1976,V,9.4
2182,1979,V,9.1
2182,1982,V,8.7
2182,1985,V,8.5
2182,1988,V,10.2
2182,1991,V,9.4
2182,1994,V,13.2
2182,1998,V,20.0
2182,2002,V,19.3
2182,2006,V,9.3
2182,2010,V,6.6
2182,2014,V,8.5
2182,2018,V,8.7
2182,2022,V,7.1
2182,2002,SD,0.0
2182,2006,SD,4.2
2182,2010,SD,11.7
2182,2014,SD,15.4
2182,2018,SD,15.1
2182,2022,SD,19.5
2182,1973,ÖVRIGA,0.4
2182,1976,ÖVRIGA,0.6
2182,1979,ÖVRIGA,0.7
2182,1982,ÖVRIGA,0.9
2182,1985,ÖVRIGA,0.9
2182,1988,ÖVRIGA,0.8
2182,1991,ÖVRIGA,3.7
2182,1994,ÖVRIGA,1.4
2182,1998,ÖVRIGA,2.3
2182,2002,ÖVRIGA,0.6
2182,2006,ÖVRIGA,4.6
2182,2010,ÖVRIGA,2.7
2182,2014,ÖVRIGA,3.6
2182,2018,ÖVRIGA,3.4
2182,2022,ÖVRIGA,2.0
2183,1973,M,5.0
2183,1976,M,6.0
2183,1979,M,8.7
2183,1982,M,12.5
2183,1985,M,13.2
2183,1988,M,9.8
2183,1991,M,13.6
2183,1994,M,10.6
2183,1998,M,13.0
2183,2002,M,9.9
2183,2006,M,12.3
2183,2010,M,12.1
2183,2014,M,9.4
2183,2018,M,8.7
2183,2022,M,11.2
2183,1973,C,32.8
2183,1976,C,29.8
2183,1979,C,25.7
2183,1982,C,21.1
2183,1985,C,16.6
2183,1988,C,17.1
2183,1991,C,16.4
2183,1994,C,15.6
2183,1998,C,13.9
2183,2002,C,25.9
2183,2006,C,26.4
2183,2010,C,10.4
2183,2014,C,11.9
2183,2018,C,11.2
2183,2022,C,10.7
2183,1973,L,9.5
2183,1976,L,9.5
2183,1979,L,8.6
2183,1982,L,5.3
2183,1985,L,10.0
2183,1988,L,10.0
2183,1991,L,8.1
2183,1994,L,5.4
2183,1998,L,5.1
2183,2002,L,14.3
2183,2006,L,5.8
2183,2010,L,10.3
2183,2014,L,3.8
2183,2018,L,9.8
2183,2022,L,3.6
2183,1973,KD,2.4
2183,1976,KD,2.2
2183,1979,KD,2.7
2183,1982,KD,2.3
2183,1985,KD,1.9
2183,1988,KD,2.9
2183,1991,KD,5.7
2183,1994,KD,2.6
2183,1998,KD,8.0
2183,2002,KD,5.7
2183,2006,KD,4.6
2183,2010,KD,3.5
2183,2014,KD,3.1
2183,2018,KD,3.0
2183,2022,KD,6.1
2183,1982,MP,1.9
2183,1985,MP,3.2
2183,1988,MP,6.5
2183,1991,MP,4.9
2183,1994,MP,6.9
2183,1998,MP,6.3
2183,2002,MP,4.5
2183,2006,MP,2.3
2183,2010,MP,3.2
2183,2014,MP,3.8
2183,2018,MP,2.2
2183,2022,MP,1.9
2183,1973,S,42.5
2183,1976,S,44.6
2183,1979,S,46.1
2183,1982,S,49.8
2183,1985,S,48.4
2183,1988,S,47.4
2183,1991,S,41.0
2183,1994,S,50.7
2183,1998,S,39.4
2183,2002,S,32.0
2183,2006,S,35.4
2183,2010,S,30.7
2183,2014,S,31.6
2183,2018,S,29.8
2183,2022,S,31.3
2183,1973,V,7.9
2183,1976,V,7.9
2183,1979,V,8.2
2183,1982,V,7.0
2183,1985,V,6.4
2183,1988,V,6.2
2183,1991,V,6.0
2183,1994,V,6.7
2183,1998,V,13.9
2183,2002,V,7.2
2183,2006,V,5.4
2183,2010,V,5.4
2183,2014,V,5.6
2183,2018,V,5.6
2183,2022,V,5.5
2183,2002,SD,0.0
2183,2006,SD,2.3
2183,2010,SD,6.5
2183,2014,SD,12.3
2183,2018,SD,11.8
2183,2022,SD,17.0
2183,1973,ÖVRIGA,0.0
2183,1976,ÖVRIGA,0.0
2183,1979,ÖVRIGA,0.1
2183,1982,ÖVRIGA,0.0
2183,1985,ÖVRIGA,0.3
2183,1988,ÖVRIGA,0.2
2183,1991,ÖVRIGA,4.4
2183,1994,ÖVRIGA,1.5
2183,1998,ÖVRIGA,0.4
2183,2002,ÖVRIGA,0.4
2183,2006,ÖVRIGA,5.5
2183,2010,ÖVRIGA,17.9
2183,2014,ÖVRIGA,18.7
2183,2018,ÖVRIGA,17.9
2183,2022,ÖVRIGA,12.7
2184,1973,M,6.1
2184,1976,M,5.9
2184,1979,M,7.7
2184,1982,M,10.2
2184,1985,M,9.8
2184,1988,M,7.3
2184,1991,M,10.7
2184,1994,M,9.4
2184,1998,M,10.7
2184,2002,M,8.9
2184,2006,M,16.8
2184,2010,M,18.7
2184,2014,M,14.8
2184,2018,M,15.6
2184,2022,M,16.9
2184,1973,C,34.9
2184,1976,C,34.5
2184,1979,C,31.1
2184,1982,C,26.0
2184,1985,C,21.5
2184,1988,C,24.0
2184,1991,C,20.9
2184,1994,C,17.5
2184,1998,C,15.8
2184,2002,C,18.9
2184,2006,C,19.0
2184,2010,C,16.7
2184,2014,C,15.3
2184,2018,C,20.3
2184,2022,C,19.0
2184,1973,L,5.1
2184,1976,L,6.3
2184,1979,L,5.5
2184,1982,L,3.3
2184,1985,L,8.9
2184,1988,L,7.1
2184,1991,L,6.1
2184,1994,L,3.7
2184,1998,L,3.3
2184,2002,L,6.7
2184,2006,L,3.6
2184,2010,L,3.9
2184,2014,L,2.4
2184,2018,L,2.1
2184,2022,L,1.0
2184,1973,KD,1.7
2184,1976,KD,1.5
2184,1979,KD,2.3
2184,1982,KD,2.9
2184,1985,KD,2.4
2184,1988,KD,4.1
2184,1991,KD,7.1
2184,1994,KD,3.3
2184,1998,KD,8.6
2184,2002,KD,6.6
2184,2006,KD,5.0
2184,2010,KD,4.2
2184,2014,KD,3.0
2184,2018,KD,3.7
2184,2022,KD,5.4
2184,1982,MP,3.0
2184,1985,MP,3.9
2184,1988,MP,6.6
2184,1991,MP,4.9
2184,1994,MP,8.5
2184,1998,MP,8.2
2184,2002,MP,6.1
2184,2006,MP,5.5
2184,2010,MP,6.2
2184,2014,MP,6.5
2184,2018,MP,4.3
2184,2022,MP,3.3
2184,1973,S,40.6
2184,1976,S,42.2
2184,1979,S,44.4
2184,1982,S,46.3
2184,1985,S,45.5
2184,1988,S,43.4
2184,1991,S,39.4
2184,1994,S,46.6
2184,1998,S,38.5
2184,2002,S,41.2
2184,2006,S,38.0
2184,2010,S,34.6
2184,2014,S,37.1
2184,2018,S,31.4
2184,2022,S,29.7
2184,1973,V,9.2
2184,1976,V,7.2
2184,1979,V,7.2
2184,1982,V,6.6
2184,1985,V,6.5
2184,1988,V,7.5
2184,1991,V,6.1
2184,1994,V,8.2
2184,1998,V,14.4
2184,2002,V,11.2
2184,2006,V,10.0
2184,2010,V,10.0
2184,2014,V,10.6
2184,2018,V,10.4
2184,2022,V,9.6
2184,2002,SD,0.0
2184,2006,SD,1.8
2184,2010,SD,4.1
2184,2014,SD,9.5
2184,2018,SD,11.7
2184,2022,SD,14.8
2184,1973,ÖVRIGA,2.5
2184,1976,ÖVRIGA,2.5
2184,1979,ÖVRIGA,1.8
2184,1982,ÖVRIGA,1.7
2184,1985,ÖVRIGA,1.5
2184,1988,ÖVRIGA,0.1
2184,1991,ÖVRIGA,4.8
2184,1994,ÖVRIGA,2.8
2184,1998,ÖVRIGA,0.4
2184,2002,ÖVRIGA,0.4
2184,2006,ÖVRIGA,0.2
2184,2010,ÖVRIGA,1.6
2184,2014,ÖVRIGA,0.8
2184,2018,ÖVRIGA,0.5
2184,2022,ÖVRIGA,0.3
2260,1973,M,3.4
2260,1976,M,4.4
2260,1979,M,6.3
2260,1982,M,7.8
2260,1985,M,8.3
2260,1988,M,5.5
2260,1991,M,9.7
2260,1994,M,8.8
2260,1998,M,10.0
2260,2002,M,8.5
2260,2006,M,12.1
2260,2010,M,14.4
2260,2014,M,8.6
2260,2018,M,12.5
2260,2022,M,10.7
2260,1973,C,29.6
2260,1976,C,30.8
2260,1979,C,27.7
2260,1982,C,23.9
2260,1985,C,21.6
2260,1988,C,23.6
2260,1991,C,21.0
2260,1994,C,14.9
2260,1998,C,12.3
2260,2002,C,13.5
2260,2006,C,13.4
2260,2010,C,12.4
2260,2014,C,7.0
2260,2018,C,6.4
2260,2022,C,5.1
2260,1973,L,5.5
2260,1976,L,5.0
2260,1979,L,4.0
2260,1982,L,2.4
2260,1985,L,5.0
2260,1988,L,4.7
2260,1991,L,3.5
2260,1994,L,2.3
2260,1998,L,1.7
2260,2002,L,4.1
2260,2006,L,2.8
2260,2010,L,1.9
2260,2014,L,0.9
2260,2018,L,0.6
2260,2022,L,0.3
2260,1973,KD,2.0
2260,1976,KD,2.3
2260,1979,KD,2.1
2260,1982,KD,2.4
2260,1985,KD,2.0
2260,1988,KD,2.3
2260,1991,KD,4.5
2260,1994,KD,2.8
2260,1998,KD,7.5
2260,2002,KD,6.6
2260,2006,KD,5.3
2260,2010,KD,2.8
2260,2014,KD,4.6
2260,2018,KD,2.9
2260,2022,KD,4.4
2260,1982,MP,0.7
2260,1985,MP,2.7
2260,1988,MP,7.7
2260,1991,MP,5.6
2260,1994,MP,7.9
2260,1998,MP,5.7
2260,2002,MP,3.6
2260,2006,MP,2.5
2260,2010,MP,2.8
2260,2014,MP,1.1
2260,2018,MP,0.2
2260,2022,MP,0.3
2260,1973,S,50.9
2260,1976,S,50.8
2260,1979,S,52.7
2260,1982,S,56.3
2260,1985,S,53.3
2260,1988,S,48.9
2260,1991,S,46.7
2260,1994,S,54.2
2260,1998,S,47.1
2260,2002,S,52.6
2260,2006,S,53.7
2260,2010,S,55.9
2260,2014,S,50.8
2260,2018,S,45.8
2260,2022,S,40.4
2260,1973,V,8.5
2260,1976,V,6.7
2260,1979,V,7.2
2260,1982,V,6.4
2260,1985,V,7.0
2260,1988,V,7.1
2260,1991,V,6.7
2260,1994,V,8.3
2260,1998,V,15.2
2260,2002,V,10.3
2260,2006,V,7.6
2260,2010,V,5.6
2260,2014,V,4.7
2260,2018,V,4.3
2260,2022,V,4.6
2260,2002,SD,0.0
2260,2006,SD,2.3
2260,2010,SD,4.0
2260,2014,SD,8.1
2260,2018,SD,12.9
2260,2022,SD,17.4
2260,1973,ÖVRIGA,0.1
2260,1979,ÖVRIGA,0.1
2260,1982,ÖVRIGA,0.0
2260,1985,ÖVRIGA,0.1
2260,1988,ÖVRIGA,0.1
2260,1991,ÖVRIGA,2.2
2260,1994,ÖVRIGA,0.8
2260,1998,ÖVRIGA,0.4
2260,2002,ÖVRIGA,0.7
2260,2006,ÖVRIGA,0.2
2260,2010,ÖVRIGA,0.2
2260,2014,ÖVRIGA,14.1
2260,2018,ÖVRIGA,14.5
2260,2022,ÖVRIGA,16.8
2262,1973,M,3.2
2262,1976,M,3.4
2262,1979,M,6.1
2262,1982,M,5.9
2262,1985,M,6.3
2262,1988,M,4.4
2262,1991,M,6.8
2262,1994,M,4.9
2262,1998,M,5.9
2262,2002,M,4.6
2262,2006,M,9.5
2262,2010,M,17.3
2262,2014,M,10.1
2262,2018,M,9.7
2262,2022,M,11.8
2262,1973,C,24.2
2262,1976,C,27.3
2262,1979,C,21.9
2262,1982,C,17.0
2262,1985,C,13.7
2262,1988,C,15.6
2262,1991,C,13.1
2262,1994,C,10.4
2262,1998,C,14.1
2262,2002,C,13.9
2262,2006,C,13.2
2262,2010,C,8.3
2262,2014,C,5.9
2262,2018,C,7.0
2262,2022,C,4.9
2262,1973,L,4.9
2262,1976,L,5.0
2262,1979,L,4.8
2262,1982,L,2.6
2262,1985,L,7.2
2262,1988,L,7.2
2262,1991,L,6.4
2262,1994,L,4.7
2262,1998,L,3.6
2262,2002,L,6.6
2262,2006,L,4.8
2262,2010,L,7.1
2262,2014,L,6.1
2262,2018,L,3.7
2262,2022,L,1.9
2262,1973,KD,2.4
2262,1976,KD,2.6
2262,1979,KD,4.0
2262,1982,KD,7.5
2262,1985,KD,6.3
2262,1988,KD,5.1
2262,1991,KD,6.7
2262,1994,KD,3.5
2262,1998,KD,7.6
2262,2002,KD,5.3
2262,2006,KD,4.3
2262,2010,KD,2.2
2262,2014,KD,2.2
2262,2018,KD,3.4
2262,2022,KD,3.8
2262,1982,MP,0.8
2262,1985,MP,0.9
2262,1988,MP,4.7
2262,1991,MP,2.0
2262,1994,MP,4.1
2262,1998,MP,3.2
2262,2002,MP,1.9
2262,2006,MP,2.2
2262,2010,MP,3.7
2262,2014,MP,3.2
2262,2018,MP,1.6
2262,2022,MP,1.2
2262,1973,S,57.0
2262,1976,S,54.2
2262,1979,S,54.7
2262,1982,S,59.1
2262,1985,S,58.1
2262,1988,S,53.8
2262,1991,S,53.5
2262,1994,S,61.6
2262,1998,S,43.0
2262,2002,S,50.9
2262,2006,S,52.7
2262,2010,S,49.7
2262,2014,S,49.2
2262,2018,S,44.9
2262,2022,S,42.4
2262,1973,V,8.2
2262,1976,V,7.5
2262,1979,V,8.0
2262,1982,V,7.1
2262,1985,V,7.5
2262,1988,V,8.9
2262,1991,V,7.3
2262,1994,V,9.0
2262,1998,V,21.5
2262,2002,V,15.0
2262,2006,V,8.6
2262,2010,V,7.1
2262,2014,V,6.6
2262,2018,V,7.1
2262,2022,V,5.8
2262,2002,SD,1.4
2262,2006,SD,4.6
2262,2010,SD,4.3
2262,2014,SD,9.2
2262,2018,SD,13.4
2262,2022,SD,16.5
2262,1973,ÖVRIGA,0.2
2262,1976,ÖVRIGA,0.0
2262,1979,ÖVRIGA,0.5
2262,1982,ÖVRIGA,0.0
2262,1985,ÖVRIGA,0.1
2262,1988,ÖVRIGA,0.1
2262,1991,ÖVRIGA,4.3
2262,1994,ÖVRIGA,1.7
2262,1998,ÖVRIGA,1.1
2262,2002,ÖVRIGA,0.4
2262,2006,ÖVRIGA,0.2
2262,2010,ÖVRIGA,0.2
2262,2014,ÖVRIGA,7.5
2262,2018,ÖVRIGA,9.1
2262,2022,ÖVRIGA,11.6
2280,1973,M,9.9
2280,1976,M,11.0
2280,1979,M,13.6
2280,1982,M,15.3
2280,1985,M,17.7
2280,1988,M,13.7
2280,1991,M,20.7
2280,1994,M,15.4
2280,1998,M,13.7
2280,2002,M,10.5
2280,2006,M,15.8
2280,2010,M,19.1
2280,2014,M,16.6
2280,2018,M,18.3
2280,2022,M,16.0
2280,1973,C,32.4
2280,1976,C,33.3
2280,1979,C,30.5
2280,1982,C,26.8
2280,1985,C,21.3
2280,1988,C,20.3
2280,1991,C,16.7
2280,1994,C,14.3
2280,1998,C,9.9
2280,2002,C,13.4
2280,2006,C,13.6
2280,2010,C,8.7
2280,2014,C,7.0
2280,2018,C,12.1
2280,2022,C,10.2
2280,1973,L,6.3
2280,1976,L,5.9
2280,1979,L,5.0
2280,1982,L,2.9
2280,1985,L,8.7
2280,1988,L,8.7
2280,1991,L,8.6
2280,1994,L,6.2
2280,1998,L,4.9
2280,2002,L,8.3
2280,2006,L,5.2
2280,2010,L,4.9
2280,2014,L,3.5
2280,2018,L,4.1
2280,2022,L,3.1
2280,1973,KD,2.2
2280,1976,KD,2.3
2280,1979,KD,2.3
2280,1982,KD,2.1
2280,1985,KD,2.1
2280,1988,KD,2.8
2280,1991,KD,5.3
2280,1994,KD,2.6
2280,1998,KD,4.1
2280,2002,KD,4.2
2280,2006,KD,3.3
2280,2010,KD,2.9
2280,2014,KD,2.6
2280,2018,KD,3.6
2280,2022,KD,4.0
2280,1982,MP,3.1
2280,1985,MP,4.3
2280,1988,MP,7.1
2280,1991,MP,4.0
2280,1994,MP,6.0
2280,1998,MP,5.4
2280,2002,MP,5.7
2280,2006,MP,6.2
2280,2010,MP,7.4
2280,2014,MP,10.7
2280,2018,MP,6.3
2280,2022,MP,6.9
2280,1973,S,44.2
2280,1976,S,42.5
2280,1979,S,42.8
2280,1982,S,45.4
2280,1985,S,41.4
2280,1988,S,42.1
2280,1991,S,36.8
2280,1994,S,36.5
2280,1998,S,37.6
2280,2002,S,40.7
2280,2006,S,34.3
2280,2010,S,40.8
2280,2014,S,43.8
2280,2018,S,32.3
2280,2022,S,38.5
2280,1973,V,4.9
2280,1976,V,4.8
2280,1979,V,5.7
2280,1982,V,4.5
2280,1985,V,4.4
2280,1988,V,5.1
2280,1991,V,4.3
2280,1994,V,6.1
2280,1998,V,9.7
2280,2002,V,9.5
2280,2006,V,6.8
2280,2010,V,7.8
2280,2014,V,7.3
2280,2018,V,9.5
2280,2022,V,7.8
2280,2002,SD,0.0
2280,2006,SD,1.3
2280,2010,SD,2.4
2280,2014,SD,6.8
2280,2018,SD,11.7
2280,2022,SD,13.1
2280,1973,ÖVRIGA,0.1
2280,1976,ÖVRIGA,0.1
2280,1979,ÖVRIGA,0.1
2280,1982,ÖVRIGA,0.0
2280,1985,ÖVRIGA,0.0
2280,1988,ÖVRIGA,0.1
2280,1991,ÖVRIGA,3.7
2280,1994,ÖVRIGA,12.9
2280,1998,ÖVRIGA,14.7
2280,2002,ÖVRIGA,7.7
2280,2006,ÖVRIGA,13.4
2280,2010,ÖVRIGA,6.0
2280,2014,ÖVRIGA,1.7
2280,2018,ÖVRIGA,1.9
2280,2022,ÖVRIGA,0.3
2281,1973,M,8.4
2281,1976,M,9.0
2281,1979,M,12.6
2281,1982,M,14.7
2281,1985,M,14.3
2281,1988,M,11.0
2281,1991,M,15.3
2281,1994,M,13.4
2281,1998,M,16.3
2281,2002,M,12.0
2281,2006,M,20.1
2281,2010,M,28.4
2281,2014,M,17.9
2281,2018,M,18.2
2281,2022,M,19.1
2281,1973,C,25.4
2281,1976,C,25.1
2281,1979,C,20.3
2281,1982,C,17.5
2281,1985,C,12.5
2281,1988,C,12.9
2281,1991,C,10.2
2281,1994,C,7.4
2281,1998,C,6.4
2281,2002,C,8.1
2281,2006,C,8.7
2281,2010,C,5.2
2281,2014,C,5.3
2281,2018,C,7.6
2281,2022,C,6.1
2281,1973,L,7.3
2281,1976,L,9.1
2281,1979,L,8.6
2281,1982,L,4.7
2281,1985,L,11.6
2281,1988,L,10.8
2281,1991,L,9.7
2281,1994,L,7.3
2281,1998,L,5.8
2281,2002,L,11.5
2281,2006,L,9.3
2281,2010,L,9.0
2281,2014,L,7.0
2281,2018,L,6.1
2281,2022,L,4.4
2281,1973,KD,2.1
2281,1976,KD,1.9
2281,1979,KD,1.8
2281,1982,KD,2.4
2281,1985,KD,2.1
2281,1988,KD,3.0
2281,1991,KD,5.8
2281,1994,KD,2.6
2281,1998,KD,7.7
2281,2002,KD,6.1
2281,2006,KD,4.7
2281,2010,KD,2.9
2281,2014,KD,3.1
2281,2018,KD,4.7
2281,2022,KD,6.2
2281,1982,MP,2.0
2281,1985,MP,2.7
2281,1988,MP,7.7
2281,1991,MP,5.0
2281,1994,MP,8.1
2281,1998,MP,6.7
2281,2002,MP,5.0
2281,2006,MP,4.7
2281,2010,MP,6.3
2281,2014,MP,4.8
2281,2018,MP,3.0
2281,2022,MP,2.6
2281,1973,S,49.2
2281,1976,S,48.8
2281,1979,S,49.6
2281,1982,S,52.9
2281,1985,S,50.6
2281,1988,S,48.1
2281,1991,S,44.8
2281,1994,S,53.4
2281,1998,S,43.7
2281,2002,S,45.2
2281,2006,S,42.6
2281,2010,S,36.8
2281,2014,S,45.0
2281,2018,S,38.8
2281,2022,S,39.3
2281,1973,V,6.9
2281,1976,V,5.5
2281,1979,V,6.3
2281,1982,V,5.5
2281,1985,V,5.1
2281,1988,V,5.2
2281,1991,V,4.7
2281,1994,V,6.1
2281,1998,V,12.7
2281,2002,V,9.3
2281,2006,V,6.3
2281,2010,V,5.6
2281,2014,V,5.7
2281,2018,V,6.9
2281,2022,V,7.0
2281,2002,SD,1.4
2281,2006,SD,3.2
2281,2010,SD,4.4
2281,2014,SD,9.3
2281,2018,SD,11.9
2281,2022,SD,14.6
2281,1973,ÖVRIGA,0.7
2281,1976,ÖVRIGA,0.6
2281,1979,ÖVRIGA,0.9
2281,1982,ÖVRIGA,0.3
2281,1985,ÖVRIGA,0.8
2281,1988,ÖVRIGA,1.4
2281,1991,ÖVRIGA,4.3
2281,1994,ÖVRIGA,1.6
2281,1998,ÖVRIGA,0.6
2281,2002,ÖVRIGA,1.4
2281,2006,ÖVRIGA,0.4
2281,2010,ÖVRIGA,1.5
2281,2014,ÖVRIGA,2.0
2281,2018,ÖVRIGA,2.6
2281,2022,ÖVRIGA,0.6
2282,1973,M,4.5
2282,1976,M,5.4
2282,1979,M,7.4
2282,1982,M,8.4
2282,1985,M,9.7
2282,1988,M,7.6
2282,1991,M,10.1
2282,1994,M,9.2
2282,1998,M,9.4
2282,2002,M,6.9
2282,2006,M,11.0
2282,2010,M,12.4
2282,2014,M,9.3
2282,2018,M,7.6
2282,2022,M,8.6
2282,1973,C,26.4
2282,1976,C,27.5
2282,1979,C,25.2
2282,1982,C,22.6
2282,1985,C,20.1
2282,1988,C,20.4
2282,1991,C,19.7
2282,1994,C,19.5
2282,1998,C,17.1
2282,2002,C,19.7
2282,2006,C,20.0
2282,2010,C,16.3
2282,2014,C,17.2
2282,2018,C,19.6
2282,2022,C,15.3
2282,1973,L,2.9
2282,1976,L,3.0
2282,1979,L,2.9
2282,1982,L,2.1
2282,1985,L,4.7
2282,1988,L,3.9
2282,1991,L,3.2
2282,1994,L,2.1
2282,1998,L,3.1
2282,2002,L,4.4
2282,2006,L,3.7
2282,2010,L,3.5
2282,2014,L,2.4
2282,2018,L,2.2
2282,2022,L,1.6
2282,1973,KD,2.2
2282,1976,KD,2.0
2282,1979,KD,2.3
2282,1982,KD,2.6
2282,1985,KD,2.5
2282,1988,KD,2.9
2282,1991,KD,5.0
2282,1994,KD,2.4
2282,1998,KD,5.0
2282,2002,KD,4.6
2282,2006,KD,4.1
2282,2010,KD,2.8
2282,2014,KD,2.1
2282,2018,KD,3.0
2282,2022,KD,3.9
2282,1982,MP,1.1
2282,1985,MP,2.2
2282,1988,MP,4.8
2282,1991,MP,2.3
2282,1994,MP,4.6
2282,1998,MP,3.0
2282,2002,MP,3.1
2282,2006,MP,3.1
2282,2010,MP,3.8
2282,2014,MP,3.5
2282,2018,MP,1.7
2282,2022,MP,1.7
2282,1973,S,53.3
2282,1976,S,52.6
2282,1979,S,53.6
2282,1982,S,54.6
2282,1985,S,52.5
2282,1988,S,51.8
2282,1991,S,50.7
2282,1994,S,54.3
2282,1998,S,48.0
2282,2002,S,47.6
2282,2006,S,47.2
2282,2010,S,49.5
2282,2014,S,48.8
2282,2018,S,38.0
2282,2022,S,41.7
2282,1973,V,8.8
2282,1976,V,4.5
2282,1979,V,7.0
2282,1982,V,6.9
2282,1985,V,7.9
2282,1988,V,7.8
2282,1991,V,6.8
2282,1994,V,7.4
2282,1998,V,14.1
2282,2002,V,13.4
2282,2006,V,9.8
2282,2010,V,9.8
2282,2014,V,10.1
2282,2018,V,14.2
2282,2022,V,10.2
2282,2002,SD,0.0
2282,2006,SD,0.9
2282,2010,SD,1.7
2282,2014,SD,6.3
2282,2018,SD,12.5
2282,2022,SD,16.5
2282,1973,ÖVRIGA,1.9
2282,1976,ÖVRIGA,5.0
2282,1979,ÖVRIGA,1.6
2282,1982,ÖVRIGA,1.6
2282,1985,ÖVRIGA,0.6
2282,1988,ÖVRIGA,0.8
2282,1991,ÖVRIGA,2.2
2282,1994,ÖVRIGA,0.5
2282,1998,ÖVRIGA,0.2
2282,2002,ÖVRIGA,0.4
2282,2006,ÖVRIGA,0.2
2282,2010,ÖVRIGA,0.2
2282,2014,ÖVRIGA,0.3
2282,2018,ÖVRIGA,1.3
2282,2022,ÖVRIGA,0.3
2283,1973,M,7.7
2283,1976,M,8.2
2283,1979,M,9.3
2283,1982,M,10.7
2283,1985,M,10.6
2283,1988,M,8.0
2283,1991,M,11.7
2283,1994,M,9.9
2283,1998,M,11.9
2283,2002,M,9.5
2283,2006,M,14.9
2283,2010,M,14.6
2283,2014,M,10.0
2283,2018,M,5.4
2283,2022,M,2.7
2283,1973,C,27.4
2283,1976,C,26.4
2283,1979,C,22.4
2283,1982,C,18.5
2283,1985,C,15.2
2283,1988,C,13.9
2283,1991,C,13.0
2283,1994,C,10.8
2283,1998,C,9.5
2283,2002,C,11.8
2283,2006,C,13.4
2283,2010,C,9.0
2283,2014,C,9.1
2283,2018,C,19.6
2283,2022,C,39.3
2283,1973,L,2.5
2283,1976,L,2.7
2283,1979,L,2.8
2283,1982,L,1.6
2283,1985,L,4.6
2283,1988,L,5.0
2283,1991,L,4.2
2283,1994,L,2.9
2283,1998,L,2.5
2283,2002,L,5.8
2283,2006,L,5.1
2283,2010,L,4.2
2283,2014,L,2.4
2283,2018,L,0.8
2283,2022,L,0.6
2283,1973,KD,2.0
2283,1976,KD,1.9
2283,1979,KD,2.1
2283,1982,KD,2.4
2283,1985,KD,2.6
2283,1988,KD,3.2
2283,1991,KD,5.0
2283,1994,KD,2.5
2283,1998,KD,8.0
2283,2002,KD,9.9
2283,2006,KD,4.8
2283,2010,KD,2.3
2283,2014,KD,1.3
2283,2018,KD,1.3
2283,2022,KD,2.0
2283,1982,MP,1.8
2283,1985,MP,2.8
2283,1988,MP,7.0
2283,1991,MP,3.9
2283,1994,MP,5.4
2283,1998,MP,4.4
2283,2002,MP,3.9
2283,2006,MP,3.2
2283,2010,MP,3.6
2283,2014,MP,3.1
2283,2018,MP,1.0
2283,2022,MP,1.1
2283,1973,S,53.9
2283,1976,S,55.1
2283,1979,S,57.1
2283,1982,S,59.2
2283,1985,S,58.2
2283,1988,S,57.2
2283,1991,S,52.9
2283,1994,S,59.8
2283,1998,S,47.1
2283,2002,S,46.4
2283,2006,S,47.4
2283,2010,S,48.0
2283,2014,S,45.2
2283,2018,S,34.0
2283,2022,S,25.8
2283,1973,V,6.4
2283,1976,V,5.7
2283,1979,V,5.7
2283,1982,V,5.7
2283,1985,V,5.9
2283,1988,V,5.8
2283,1991,V,6.2
2283,1994,V,7.2
2283,1998,V,16.4
2283,2002,V,11.9
2283,2006,V,9.4
2283,2010,V,6.9
2283,2014,V,6.3
2283,2018,V,11.9
2283,2022,V,7.3
2283,2002,SD,0.6
2283,2006,SD,1.5
2283,2010,SD,2.8
2283,2014,SD,5.1
2283,2018,SD,7.2
2283,2022,SD,7.8
2283,1973,ÖVRIGA,0.1
2283,1976,ÖVRIGA,0.1
2283,1979,ÖVRIGA,0.6
2283,1982,ÖVRIGA,0.1
2283,1985,ÖVRIGA,0.0
2283,1988,ÖVRIGA,0.0
2283,1991,ÖVRIGA,3.0
2283,1994,ÖVRIGA,1.4
2283,1998,ÖVRIGA,0.3
2283,2002,ÖVRIGA,0.2
2283,2006,ÖVRIGA,0.3
2283,2010,ÖVRIGA,8.5
2283,2014,ÖVRIGA,17.5
2283,2018,ÖVRIGA,18.9
2283,2022,ÖVRIGA,13.4
2284,1973,M,5.8
2284,1976,M,6.2
2284,1979,M,7.5
2284,1982,M,9.4
2284,1985,M,9.9
2284,1988,M,7.1
2284,1991,M,10.4
2284,1994,M,9.1
2284,1998,M,9.2
2284,2002,M,5.9
2284,2006,M,10.1
2284,2010,M,12.4
2284,2014,M,12.6
2284,2018,M,11.4
2284,2022,M,15.2
2284,1973,C,28.0
2284,1976,C,28.5
2284,1979,C,28.9
2284,1982,C,24.1
2284,1985,C,19.8
2284,1988,C,18.9
2284,1991,C,15.8
2284,1994,C,14.8
2284,1998,C,12.4
2284,2002,C,14.1
2284,2006,C,15.3
2284,2010,C,14.1
2284,2014,C,16.6
2284,2018,C,19.3
2284,2022,C,19.0
2284,1973,L,7.7
2284,1976,L,8.3
2284,1979,L,7.4
2284,1982,L,4.3
2284,1985,L,8.7
2284,1988,L,8.5
2284,1991,L,7.7
2284,1994,L,5.2
2284,1998,L,3.8
2284,2002,L,5.9
2284,2006,L,3.6
2284,2010,L,3.2
2284,2014,L,3.2
2284,2018,L,2.6
2284,2022,L,1.5
2284,1973,KD,5.6
2284,1976,KD,5.1
2284,1979,KD,4.6
2284,1982,KD,5.3
2284,1985,KD,5.7
2284,1988,KD,6.7
2284,1991,KD,9.8
2284,1994,KD,6.4
2284,1998,KD,11.5
2284,2002,KD,11.0
2284,2006,KD,8.9
2284,2010,KD,7.0
2284,2014,KD,6.8
2284,2018,KD,7.4
2284,2022,KD,8.9
2284,1982,MP,1.3
2284,1985,MP,1.7
2284,1988,MP,5.2
2284,1991,MP,2.3
2284,1994,MP,3.3
2284,1998,MP,2.7
2284,2002,MP,2.0
2284,2006,MP,1.8
2284,2010,MP,3.2
2284,2014,MP,3.7
2284,2018,MP,1.9
2284,2022,MP,1.5
2284,1973,S,48.0
2284,1976,S,47.9
2284,1979,S,47.1
2284,1982,S,51.9
2284,1985,S,51.3
2284,1988,S,50.7
2284,1991,S,50.0
2284,1994,S,57.3
2284,1998,S,50.2
2284,2002,S,52.1
2284,2006,S,54.1
2284,2010,S,52.2
2284,2014,S,45.1
2284,2018,S,40.5
2284,2022,S,37.3
2284,1973,V,4.2
2284,1976,V,3.5
2284,1979,V,3.6
2284,1982,V,2.5
2284,1985,V,2.6
2284,1988,V,2.4
2284,1991,V,2.5
2284,1994,V,3.5
2284,1998,V,8.2
2284,2002,V,5.5
2284,2006,V,3.2
2284,2010,V,3.3
2284,2014,V,5.7
2284,2018,V,7.1
2284,2022,V,6.6
2284,2002,SD,0.0
2284,2006,SD,0.5
2284,2010,SD,2.0
2284,2014,SD,4.3
2284,2018,SD,7.1
2284,2022,SD,8.8
2284,1973,ÖVRIGA,0.6
2284,1976,ÖVRIGA,0.5
2284,1979,ÖVRIGA,1.0
2284,1982,ÖVRIGA,1.2
2284,1985,ÖVRIGA,0.3
2284,1988,ÖVRIGA,0.4
2284,1991,ÖVRIGA,1.5
2284,1994,ÖVRIGA,0.3
2284,1998,ÖVRIGA,2.0
2284,2002,ÖVRIGA,3.4
2284,2006,ÖVRIGA,2.5
2284,2010,ÖVRIGA,2.7
2284,2014,ÖVRIGA,2.0
2284,2018,ÖVRIGA,2.7
2284,2022,ÖVRIGA,1.2
2303,1973,M,4.7
2303,1976,M,5.8
2303,1979,M,6.3
2303,1982,M,7.5
2303,1985,M,7.1
2303,1988,M,6.7
2303,1991,M,9.0
2303,1994,M,7.0
2303,1998,M,12.7
2303,2002,M,10.7
2303,2006,M,0.9
2303,2010,M,2.0
2303,2014,M,1.8
2303,2018,M,1.6
2303,2022,M,6.0
2303,1973,C,27.0
2303,1976,C,26.6
2303,1979,C,26.2
2303,1982,C,21.7
2303,1985,C,21.7
2303,1988,C,23.5
2303,1991,C,26.2
2303,1994,C,24.2
2303,1998,C,20.8
2303,2002,C,22.9
2303,2006,C,21.1
2303,2010,C,21.2
2303,2014,C,17.5
2303,2018,C,30.0
2303,2022,C,24.3
2303,1973,L,5.3
2303,1976,L,5.0
2303,1979,L,4.3
2303,1982,L,3.4
2303,1985,L,5.0
2303,1988,L,3.8
2303,1991,L,2.9
2303,1994,L,1.4
2303,1998,L,1.7
2303,2002,L,2.4
2303,2006,L,0.2
2303,2010,L,0.4
2303,2014,L,0.8
2303,2018,L,0.4
2303,2022,L,0.1
2303,1973,KD,1.4
2303,1976,KD,1.7
2303,1979,KD,1.8
2303,1982,KD,1.4
2303,1985,KD,1.4
2303,1988,KD,1.6
2303,1991,KD,2.8
2303,1994,KD,1.2
2303,1998,KD,0.7
2303,2002,KD,0.4
2303,2006,KD,0.2
2303,2010,KD,0.3
2303,2014,KD,1.9
2303,2018,KD,3.9
2303,2022,KD,3.5
2303,1982,MP,3.7
2303,1985,MP,3.3
2303,1988,MP,6.1
2303,1991,MP,4.7
2303,1994,MP,5.0
2303,1998,MP,4.9
2303,2002,MP,0.6
2303,2006,MP,0.7
2303,2010,MP,0.8
2303,2014,MP,1.1
2303,2018,MP,0.3
2303,2022,MP,0.4
2303,1973,S,52.6
2303,1976,S,53.1
2303,1979,S,57.4
2303,1982,S,59.0
2303,1985,S,57.1
2303,1988,S,53.8
2303,1991,S,48.1
2303,1994,S,54.1
2303,1998,S,44.0
2303,2002,S,49.8
2303,2006,S,40.1
2303,2010,S,54.9
2303,2014,S,51.1
2303,2018,S,35.6
2303,2022,S,37.9
2303,1973,V,5.7
2303,1976,V,4.2
2303,1979,V,4.0
2303,1982,V,3.3
2303,1985,V,4.3
2303,1988,V,4.5
2303,1991,V,4.1
2303,1994,V,6.0
2303,1998,V,14.8
2303,2002,V,12.5
2303,2006,V,15.6
2303,2010,V,6.9
2303,2014,V,7.1
2303,2018,V,3.4
2303,2022,V,4.4
2303,2002,SD,0.0
2303,2006,SD,1.0
2303,2010,SD,1.9
2303,2014,SD,4.2
2303,2018,SD,11.1
2303,2022,SD,13.4
2303,1973,ÖVRIGA,3.3
2303,1976,ÖVRIGA,3.7
2303,1979,ÖVRIGA,0.1
2303,1985,ÖVRIGA,0.1
2303,1988,ÖVRIGA,0.0
2303,1991,ÖVRIGA,2.2
2303,1994,ÖVRIGA,1.2
2303,1998,ÖVRIGA,0.3
2303,2002,ÖVRIGA,0.7
2303,2006,ÖVRIGA,20.2
2303,2010,ÖVRIGA,11.7
2303,2014,ÖVRIGA,14.6
2303,2018,ÖVRIGA,13.6
2303,2022,ÖVRIGA,9.9
2305,1973,M,6.0
2305,1976,M,7.5
2305,1979,M,8.3
2305,1982,M,10.7
2305,1985,M,11.3
2305,1988,M,10.6
2305,1991,M,13.8
2305,1994,M,10.2
2305,1998,M,11.6
2305,2002,M,10.6
2305,2006,M,15.3
2305,2010,M,15.6
2305,2014,M,10.4
2305,2018,M,10.7
2305,2022,M,14.0
2305,1973,C,26.4
2305,1976,C,26.5
2305,1979,C,23.2
2305,1982,C,20.2
2305,1985,C,19.4
2305,1988,C,19.0
2305,1991,C,20.2
2305,1994,C,16.5
2305,1998,C,15.0
2305,2002,C,18.1
2305,2006,C,18.6
2305,2010,C,15.3
2305,2014,C,26.8
2305,2018,C,35.9
2305,2022,C,22.7
2305,1973,L,5.6
2305,1976,L,5.0
2305,1979,L,4.3
2305,1982,L,3.0
2305,1985,L,5.2
2305,1988,L,4.7
2305,1991,L,4.1
2305,1994,L,3.1
2305,1998,L,2.5
2305,2002,L,4.3
2305,2006,L,4.2
2305,2010,L,3.7
2305,2014,L,2.1
2305,2018,L,0.5
2305,2022,L,0.2
2305,1973,KD,0.9
2305,1976,KD,0.6
2305,1979,KD,0.6
2305,1982,KD,1.0
2305,1985,KD,0.9
2305,1988,KD,0.3
2305,1991,KD,1.8
2305,1994,KD,0.8
2305,1998,KD,1.0
2305,2002,KD,0.5
2305,2006,KD,0.6
2305,2010,KD,0.7
2305,2014,KD,0.5
2305,2018,KD,1.0
2305,2022,KD,2.2
2305,1985,MP,0.6
2305,1988,MP,4.0
2305,1991,MP,2.6
2305,1994,MP,5.2
2305,1998,MP,5.4
2305,2002,MP,2.9
2305,2006,MP,2.7
2305,2010,MP,2.9
2305,2014,MP,2.2
2305,2018,MP,1.9
2305,2022,MP,0.5
2305,1973,S,55.5
2305,1976,S,54.9
2305,1979,S,58.8
2305,1982,S,59.6
2305,1985,S,56.3
2305,1988,S,55.7
2305,1991,S,51.6
2305,1994,S,58.4
2305,1998,S,48.9
2305,2002,S,50.6
2305,2006,S,48.4
2305,2010,S,53.1
2305,2014,S,36.8
2305,2018,S,35.1
2305,2022,S,35.8
2305,1973,V,5.5
2305,1976,V,5.4
2305,1979,V,4.7
2305,1982,V,5.0
2305,1985,V,6.2
2305,1988,V,5.6
2305,1991,V,5.5
2305,1994,V,5.6
2305,1998,V,15.4
2305,2002,V,11.2
2305,2006,V,9.1
2305,2010,V,6.7
2305,2014,V,5.6
2305,2018,V,4.5
2305,2022,V,4.6
2305,2002,SD,0.0
2305,2006,SD,0.9
2305,2010,SD,2.1
2305,2014,SD,7.3
2305,2018,SD,8.1
2305,2022,SD,14.2
2305,1973,ÖVRIGA,0.0
2305,1976,ÖVRIGA,0.0
2305,1979,ÖVRIGA,0.1
2305,1982,ÖVRIGA,0.5
2305,1985,ÖVRIGA,0.0
2305,1988,ÖVRIGA,0.1
2305,1991,ÖVRIGA,0.5
2305,1994,ÖVRIGA,0.3
2305,1998,ÖVRIGA,0.3
2305,2002,ÖVRIGA,1.7
2305,2006,ÖVRIGA,0.2
2305,2010,ÖVRIGA,0.0
2305,2014,ÖVRIGA,8.3
2305,2018,ÖVRIGA,2.4
2305,2022,ÖVRIGA,5.9
2309,1973,M,7.0
2309,1976,M,7.1
2309,1979,M,8.1
2309,1982,M,10.3
2309,1985,M,11.2
2309,1988,M,9.0
2309,1991,M,11.8
2309,1994,M,8.5
2309,1998,M,10.9
2309,2002,M,8.0
2309,2006,M,14.2
2309,2010,M,16.6
2309,2014,M,12.5
2309,2018,M,12.8
2309,2022,M,15.7
2309,1973,C,33.3
2309,1976,C,32.0
2309,1979,C,29.0
2309,1982,C,31.7
2309,1985,C,28.0
2309,1988,C,26.5
2309,1991,C,24.3
2309,1994,C,21.7
2309,1998,C,24.0
2309,2002,C,26.8
2309,2006,C,25.9
2309,2010,C,24.7
2309,2014,C,28.3
2309,2018,C,28.6
2309,2022,C,23.2
2309,1973,L,6.9
2309,1976,L,7.9
2309,1979,L,5.7
2309,1982,L,4.0
2309,1985,L,6.9
2309,1988,L,5.5
2309,1991,L,4.2
2309,1994,L,2.4
2309,1998,L,1.7
2309,2002,L,3.7
2309,2006,L,3.2
2309,2010,L,2.7
2309,2014,L,1.4
2309,2018,L,1.2
2309,2022,L,1.1
2309,1973,KD,3.1
2309,1976,KD,3.0
2309,1979,KD,3.8
2309,1982,KD,2.9
2309,1985,KD,2.2
2309,1988,KD,2.5
2309,1991,KD,4.4
2309,1994,KD,2.7
2309,1998,KD,5.0
2309,2002,KD,5.2
2309,2006,KD,4.8
2309,2010,KD,2.5
2309,2014,KD,2.0
2309,2018,KD,3.2
2309,2022,KD,4.8
2309,1985,MP,3.2
2309,1988,MP,4.1
2309,1991,MP,3.1
2309,1994,MP,5.1
2309,1998,MP,7.9
2309,2002,MP,7.0
2309,2006,MP,5.7
2309,2010,MP,5.9
2309,2014,MP,5.3
2309,2018,MP,2.6
2309,2022,MP,3.4
2309,1973,S,43.7
2309,1976,S,44.0
2309,1979,S,46.1
2309,1982,S,46.7
2309,1985,S,44.7
2309,1988,S,48.6
2309,1991,S,48.5
2309,1994,S,55.1
2309,1998,S,40.0
2309,2002,S,39.2
2309,2006,S,37.3
2309,2010,S,37.7
2309,2014,S,34.4
2309,2018,S,31.0
2309,2022,S,28.9
2309,1973,V,2.6
2309,1976,V,2.4
2309,1979,V,3.1
2309,1982,V,3.3
2309,1985,V,3.8
2309,1988,V,3.6
2309,1991,V,3.4
2309,1994,V,4.2
2309,1998,V,10.5
2309,2002,V,9.7
2309,2006,V,7.7
2309,2010,V,7.2
2309,2014,V,9.3
2309,2018,V,8.1
2309,2022,V,6.9
2309,2002,SD,0.0
2309,2006,SD,1.1
2309,2010,SD,2.6
2309,2014,SD,6.6
2309,2018,SD,9.2
2309,2022,SD,12.5
2309,1973,ÖVRIGA,3.4
2309,1976,ÖVRIGA,3.7
2309,1979,ÖVRIGA,4.2
2309,1982,ÖVRIGA,1.1
2309,1985,ÖVRIGA,0.0
2309,1988,ÖVRIGA,0.1
2309,1991,ÖVRIGA,0.4
2309,1994,ÖVRIGA,0.4
2309,1998,ÖVRIGA,0.1
2309,2002,ÖVRIGA,0.4
2309,2006,ÖVRIGA,0.2
2309,2010,ÖVRIGA,0.1
2309,2014,ÖVRIGA,0.2
2309,2018,ÖVRIGA,3.3
2309,2022,ÖVRIGA,3.5
2313,1973,M,5.8
2313,1976,M,5.6
2313,1979,M,7.1
2313,1982,M,8.2
2313,1985,M,9.0
2313,1988,M,6.0
2313,1991,M,7.6
2313,1994,M,6.2
2313,1998,M,8.0
2313,2002,M,7.7
2313,2006,M,11.8
2313,2010,M,14.6
2313,2014,M,12.3
2313,2018,M,10.7
2313,2022,M,21.6
2313,1973,C,27.3
2313,1976,C,28.2
2313,1979,C,24.5
2313,1982,C,21.3
2313,1985,C,19.8
2313,1988,C,21.3
2313,1991,C,22.6
2313,1994,C,19.9
2313,1998,C,17.9
2313,2002,C,19.9
2313,2006,C,13.8
2313,2010,C,13.1
2313,2014,C,12.6
2313,2018,C,19.0
2313,2022,C,12.6
2313,1973,L,4.6
2313,1976,L,4.2
2313,1979,L,4.1
2313,1982,L,3.0
2313,1985,L,5.5
2313,1988,L,6.3
2313,1991,L,6.8
2313,1994,L,6.1
2313,1998,L,3.1
2313,2002,L,4.8
2313,2006,L,2.0
2313,2010,L,1.7
2313,2014,L,0.5
2313,2018,L,0.5
2313,2022,L,0.3
2313,1973,KD,1.4
2313,1976,KD,1.7
2313,1979,KD,1.8
2313,1982,KD,1.8
2313,1985,KD,1.6
2313,1988,KD,2.0
2313,1991,KD,2.9
2313,1994,KD,1.6
2313,1998,KD,3.5
2313,2002,KD,3.2
2313,2006,KD,0.4
2313,2010,KD,1.2
2313,2014,KD,0.5
2313,2018,KD,1.0
2313,2022,KD,2.0
2313,1982,MP,1.4
2313,1985,MP,1.4
2313,1988,MP,3.6
2313,1991,MP,2.3
2313,1994,MP,3.2
2313,1998,MP,3.3
2313,2002,MP,2.5
2313,2006,MP,1.4
2313,2010,MP,1.7
2313,2014,MP,2.3
2313,2018,MP,1.3
2313,2022,MP,0.6
2313,1973,S,53.3
2313,1976,S,52.6
2313,1979,S,55.1
2313,1982,S,58.1
2313,1985,S,57.0
2313,1988,S,55.1
2313,1991,S,50.3
2313,1994,S,53.1
2313,1998,S,45.1
2313,2002,S,45.6
2313,2006,S,35.7
2313,2010,S,45.6
2313,2014,S,47.3
2313,2018,S,45.2
2313,2022,S,36.8
2313,1973,V,6.8
2313,1976,V,7.2
2313,1979,V,6.8
2313,1982,V,6.1
2313,1985,V,5.6
2313,1988,V,5.7
2313,1991,V,6.2
2313,1994,V,9.5
2313,1998,V,17.7
2313,2002,V,15.5
2313,2006,V,8.3
2313,2010,V,8.3
2313,2014,V,8.9
2313,2018,V,6.7
2313,2022,V,6.0
2313,2002,SD,0.0
2313,2006,SD,0.7
2313,2010,SD,4.8
2313,2014,SD,8.9
2313,2018,SD,10.4
2313,2022,SD,15.8
2313,1973,ÖVRIGA,0.8
2313,1976,ÖVRIGA,0.6
2313,1979,ÖVRIGA,0.6
2313,1982,ÖVRIGA,0.0
2313,1985,ÖVRIGA,0.0
2313,1988,ÖVRIGA,0.0
2313,1991,ÖVRIGA,1.3
2313,1994,ÖVRIGA,0.5
2313,1998,ÖVRIGA,1.4
2313,2002,ÖVRIGA,0.8
2313,2006,ÖVRIGA,25.9
2313,2010,ÖVRIGA,9.1
2313,2014,ÖVRIGA,6.5
2313,2018,ÖVRIGA,5.3
2313,2022,ÖVRIGA,4.4
2321,1973,M,7.5
2321,1976,M,9.2
2321,1979,M,10.7
2321,1982,M,14.0
2321,1985,M,8.0
2321,1988,M,8.3
2321,1991,M,11.9
2321,1994,M,12.6
2321,1998,M,16.5
2321,2002,M,10.7
2321,2006,M,19.9
2321,2010,M,16.9
2321,2014,M,16.4
2321,2018,M,11.5
2321,2022,M,11.2
2321,1973,C,33.8
2321,1976,C,31.9
2321,1979,C,31.4
2321,1982,C,27.9
2321,1985,C,31.2
2321,1988,C,29.2
2321,1991,C,35.5
2321,1994,C,28.1
2321,1998,C,27.7
2321,2002,C,24.0
2321,2006,C,25.2
2321,2010,C,17.6
2321,2014,C,19.0
2321,2018,C,27.5
2321,2022,C,16.3
2321,1973,L,12.4
2321,1976,L,10.2
2321,1979,L,8.6
2321,1982,L,5.8
2321,1985,L,9.7
2321,1988,L,9.8
2321,1991,L,6.8
2321,1994,L,5.8
2321,1998,L,5.8
2321,2002,L,6.5
2321,2006,L,4.9
2321,2010,L,6.5
2321,2014,L,3.1
2321,2018,L,1.0
2321,2022,L,0.8
2321,1973,KD,2.4
2321,1976,KD,4.0
2321,1979,KD,3.3
2321,1982,KD,2.6
2321,1985,KD,1.7
2321,1988,KD,2.1
2321,1991,KD,3.7
2321,1994,KD,1.3
2321,1998,KD,1.5
2321,2002,KD,4.5
2321,2006,KD,4.5
2321,2010,KD,2.4
2321,2014,KD,2.2
2321,2018,KD,2.4
2321,2022,KD,2.7
2321,1985,MP,4.2
2321,1988,MP,5.2
2321,1991,MP,2.7
2321,1994,MP,5.1
2321,1998,MP,5.2
2321,2002,MP,4.4
2321,2006,MP,3.6
2321,2010,MP,5.9
2321,2014,MP,8.8
2321,2018,MP,8.7
2321,2022,MP,10.6
2321,1973,S,41.6
2321,1976,S,42.7
2321,1979,S,43.8
2321,1982,S,45.7
2321,1985,S,41.4
2321,1988,S,42.0
2321,1991,S,36.0
2321,1994,S,42.6
2321,1998,S,34.0
2321,2002,S,41.3
2321,2006,S,34.1
2321,2010,S,32.6
2321,2014,S,29.8
2321,2018,S,21.5
2321,2022,S,25.9
2321,1973,V,2.3
2321,1976,V,2.0
2321,1979,V,2.2
2321,1982,V,2.9
2321,1985,V,3.7
2321,1988,V,3.4
2321,1991,V,0.7
2321,1994,V,2.7
2321,1998,V,6.2
2321,2002,V,5.7
2321,2006,V,3.9
2321,2010,V,1.9
2321,2014,V,2.6
2321,2018,V,3.0
2321,2022,V,4.3
2321,2002,SD,0.0
2321,2006,SD,0.5
2321,2010,SD,0.9
2321,2014,SD,3.2
2321,2018,SD,5.6
2321,2022,SD,7.4
2321,1973,ÖVRIGA,0.0
2321,1976,ÖVRIGA,0.0
2321,1979,ÖVRIGA,0.1
2321,1982,ÖVRIGA,1.2
2321,1985,ÖVRIGA,0.0
2321,1988,ÖVRIGA,0.1
2321,1991,ÖVRIGA,2.8
2321,1994,ÖVRIGA,1.9
2321,1998,ÖVRIGA,3.2
2321,2002,ÖVRIGA,2.9
2321,2006,ÖVRIGA,3.4
2321,2010,ÖVRIGA,15.4
2321,2014,ÖVRIGA,15.0
2321,2018,ÖVRIGA,18.7
2321,2022,ÖVRIGA,20.8
2326,1973,M,0.0
2326,1976,M,8.6
2326,1979,M,10.2
2326,1982,M,14.3
2326,1985,M,12.7
2326,1988,M,9.7
2326,1991,M,9.6
2326,1994,M,6.0
2326,1998,M,8.9
2326,2002,M,4.4
2326,2006,M,8.5
2326,2010,M,15.6
2326,2014,M,21.7
2326,2018,M,22.2
2326,2022,M,26.4
2326,1973,C,38.7
2326,1976,C,39.1
2326,1979,C,35.2
2326,1982,C,31.1
2326,1985,C,33.6
2326,1988,C,34.7
2326,1991,C,42.0
2326,1994,C,42.2
2326,1998,C,40.3
2326,2002,C,17.5
2326,2006,C,22.1
2326,2010,C,20.4
2326,2014,C,21.5
2326,2018,C,17.3
2326,2022,C,11.0
2326,1973,L,7.2
2326,1976,L,6.0
2326,1979,L,4.8
2326,1982,L,3.0
2326,1985,L,5.6
2326,1988,L,5.1
2326,1991,L,3.1
2326,1994,L,2.1
2326,1998,L,2.7
2326,2002,L,2.0
2326,2006,L,1.4
2326,2010,L,3.7
2326,2014,L,1.4
2326,2018,L,0.9
2326,2022,L,0.6
2326,1973,KD,2.3
2326,1976,KD,2.5
2326,1979,KD,2.5
2326,1982,KD,2.4
2326,1985,KD,1.5
2326,1988,KD,2.0
2326,1991,KD,2.6
2326,1994,KD,1.2
2326,1998,KD,2.7
2326,2002,KD,4.6
2326,2006,KD,3.9
2326,2010,KD,1.5
2326,2014,KD,1.3
2326,2018,KD,1.9
2326,2022,KD,1.4
2326,1982,MP,1.2
2326,1985,MP,1.2
2326,1988,MP,2.2
2326,1991,MP,1.9
2326,1994,MP,1.1
2326,1998,MP,4.3
2326,2002,MP,3.0
2326,2006,MP,2.5
2326,2010,MP,6.8
2326,2014,MP,5.5
2326,2018,MP,0.6
2326,2022,MP,0.7
2326,1973,S,39.4
2326,1976,S,40.3
2326,1979,S,41.7
2326,1982,S,45.3
2326,1985,S,42.7
2326,1988,S,43.6
2326,1991,S,37.9
2326,1994,S,39.5
2326,1998,S,28.7
2326,2002,S,20.4
2326,2006,S,24.0
2326,2010,S,35.3
2326,2014,S,38.7
2326,2018,S,40.6
2326,2022,S,39.7
2326,1973,V,3.4
2326,1976,V,3.5
2326,1979,V,4.0
2326,1982,V,2.7
2326,1985,V,2.8
2326,1988,V,2.7
2326,1991,V,2.2
2326,1994,V,2.9
2326,1998,V,12.4
2326,2002,V,6.5
2326,2006,V,8.6
2326,2010,V,3.4
2326,2014,V,1.8
2326,2018,V,5.3
2326,2022,V,3.7
2326,2002,SD,0.0
2326,2006,SD,0.6
2326,2010,SD,2.4
2326,2014,SD,7.5
2326,2018,SD,11.1
2326,2022,SD,12.9
2326,1973,ÖVRIGA,9.0
2326,1976,ÖVRIGA,0.0
2326,1979,ÖVRIGA,1.6
2326,1982,ÖVRIGA,0.0
2326,1985,ÖVRIGA,0.0
2326,1988,ÖVRIGA,0.0
2326,1991,ÖVRIGA,0.6
2326,1994,ÖVRIGA,5.0
2326,1998,ÖVRIGA,0.1
2326,2002,ÖVRIGA,41.6
2326,2006,ÖVRIGA,28.4
2326,2010,ÖVRIGA,11.0
2326,2014,ÖVRIGA,0.4
2326,2018,ÖVRIGA,0.2
2326,2022,ÖVRIGA,3.6
2361,1973,M,6.4
2361,1976,M,5.5
2361,1979,M,7.9
2361,1982,M,11.0
2361,1985,M,12.0
2361,1988,M,9.5
2361,1991,M,13.8
2361,1994,M,10.8
2361,1998,M,10.3
2361,2002,M,9.3
2361,2006,M,13.4
2361,2010,M,15.2
2361,2014,M,16.2
2361,2018,M,12.9
2361,2022,M,15.0
2361,1973,C,21.5
2361,1976,C,23.9
2361,1979,C,20.5
2361,1982,C,17.3
2361,1985,C,15.8
2361,1988,C,15.2
2361,1991,C,14.8
2361,1994,C,12.1
2361,1998,C,10.4
2361,2002,C,12.1
2361,2006,C,11.6
2361,2010,C,13.1
2361,2014,C,17.7
2361,2018,C,20.7
2361,2022,C,12.3
2361,1973,L,6.9
2361,1976,L,6.0
2361,1979,L,5.2
2361,1982,L,3.6
2361,1985,L,6.1
2361,1988,L,6.3
2361,1991,L,5.5
2361,1994,L,4.3
2361,1998,L,4.3
2361,2002,L,5.8
2361,2006,L,4.5
2361,2010,L,4.1
2361,2014,L,2.1
2361,2018,L,4.0
2361,2022,L,7.8
2361,1973,KD,1.3
2361,1976,KD,1.5
2361,1979,KD,1.6
2361,1982,KD,1.5
2361,1985,KD,1.0
2361,1988,KD,1.4
2361,1991,KD,2.1
2361,1994,KD,1.2
2361,1998,KD,3.1
2361,2002,KD,3.5
2361,2006,KD,3.0
2361,2010,KD,1.9
2361,2014,KD,1.4
2361,2018,KD,2.0
2361,2022,KD,3.1
2361,1985,MP,1.4
2361,1988,MP,5.1
2361,1991,MP,4.0
2361,1994,MP,6.7
2361,1998,MP,4.4
2361,2002,MP,0.7
2361,2006,MP,1.0
2361,2010,MP,1.3
2361,2014,MP,1.2
2361,2018,MP,0.7
2361,2022,MP,0.9
2361,1973,S,50.4
2361,1976,S,52.4
2361,1979,S,54.8
2361,1982,S,56.6
2361,1985,S,56.6
2361,1988,S,54.9
2361,1991,S,49.3
2361,1994,S,56.3
2361,1998,S,46.6
2361,2002,S,46.4
2361,2006,S,42.8
2361,2010,S,41.8
2361,2014,S,36.9
2361,2018,S,33.3
2361,2022,S,27.6
2361,1973,V,4.2
2361,1976,V,3.6
2361,1979,V,4.6
2361,1982,V,4.3
2361,1985,V,3.6
2361,1988,V,4.4
2361,1991,V,3.2
2361,1994,V,5.1
2361,1998,V,10.8
2361,2002,V,10.9
2361,2006,V,6.4
2361,2010,V,5.4
2361,2014,V,5.5
2361,2018,V,6.4
2361,2022,V,5.9
2361,2002,SD,0.0
2361,2006,SD,3.5
2361,2010,SD,7.7
2361,2014,SD,7.2
2361,2018,SD,5.2
2361,2022,SD,12.1
2361,1973,ÖVRIGA,9.3
2361,1976,ÖVRIGA,7.0
2361,1979,ÖVRIGA,5.5
2361,1982,ÖVRIGA,5.7
2361,1985,ÖVRIGA,3.6
2361,1988,ÖVRIGA,3.4
2361,1991,ÖVRIGA,7.2
2361,1994,ÖVRIGA,3.6
2361,1998,ÖVRIGA,10.2
2361,2002,ÖVRIGA,11.1
2361,2006,ÖVRIGA,13.7
2361,2010,ÖVRIGA,9.5
2361,2014,ÖVRIGA,11.9
2361,2018,ÖVRIGA,14.9
2361,2022,ÖVRIGA,15.3
2380,1973,M,10.0
2380,1976,M,10.3
2380,1979,M,13.2
2380,1982,M,16.2
2380,1985,M,15.9
2380,1988,M,12.6
2380,1991,M,16.6
2380,1994,M,12.1
2380,1998,M,13.7
2380,2002,M,9.8
2380,2006,M,16.1
2380,2010,M,19.9
2380,2014,M,19.5
2380,2018,M,15.5
2380,2022,M,15.2
2380,1973,C,30.0
2380,1976,C,28.8
2380,1979,C,22.7
2380,1982,C,20.0
2380,1985,C,15.5
2380,1988,C,15.9
2380,1991,C,18.3
2380,1994,C,21.3
2380,1998,C,22.5
2380,2002,C,24.0
2380,2006,C,21.5
2380,2010,C,17.0
2380,2014,C,13.6
2380,2018,C,22.3
2380,2022,C,14.3
2380,1973,L,9.1
2380,1976,L,9.6
2380,1979,L,8.3
2380,1982,L,5.2
2380,1985,L,11.4
2380,1988,L,11.6
2380,1991,L,9.8
2380,1994,L,5.4
2380,1998,L,3.3
2380,2002,L,6.8
2380,2006,L,5.5
2380,2010,L,5.0
2380,2014,L,6.8
2380,2018,L,5.4
2380,2022,L,3.2
2380,1973,KD,1.6
2380,1976,KD,2.0
2380,1979,KD,2.2
2380,1982,KD,2.0
2380,1985,KD,1.6
2380,1988,KD,1.9
2380,1991,KD,3.9
2380,1994,KD,1.7
2380,1998,KD,4.5
2380,2002,KD,3.6
2380,2006,KD,3.2
2380,2010,KD,2.1
2380,2014,KD,2.0
2380,2018,KD,5.7
2380,2022,KD,7.5
2380,1982,MP,2.3
2380,1985,MP,3.0
2380,1988,MP,5.2
2380,1991,MP,3.9
2380,1994,MP,6.3
2380,1998,MP,6.2
2380,2002,MP,4.7
2380,2006,MP,5.3
2380,2010,MP,7.8
2380,2014,MP,8.5
2380,2018,MP,4.6
2380,2022,MP,4.1
2380,1973,S,45.2
2380,1976,S,44.8
2380,1979,S,48.0
2380,1982,S,49.4
2380,1985,S,47.8
2380,1988,S,47.0
2380,1991,S,41.8
2380,1994,S,46.6
2380,1998,S,37.8
2380,2002,S,38.4
2380,2006,S,39.2
2380,2010,S,39.5
2380,2014,S,35.5
2380,2018,S,29.6
2380,2022,S,37.8
2380,1973,V,3.5
2380,1976,V,3.8
2380,1979,V,5.2
2380,1982,V,4.8
2380,1985,V,4.7
2380,1988,V,5.6
2380,1991,V,4.7
2380,1994,V,5.5
2380,1998,V,11.7
2380,2002,V,10.5
2380,2006,V,7.4
2380,2010,V,6.3
2380,2014,V,7.8
2380,2018,V,8.2
2380,2022,V,7.1
2380,2002,SD,0.0
2380,2006,SD,0.8
2380,2010,SD,2.3
2380,2014,SD,5.9
2380,2018,SD,7.9
2380,2022,SD,10.1
2380,1973,ÖVRIGA,0.6
2380,1976,ÖVRIGA,0.5
2380,1979,ÖVRIGA,0.4
2380,1982,ÖVRIGA,0.3
2380,1985,ÖVRIGA,0.1
2380,1988,ÖVRIGA,0.2
2380,1991,ÖVRIGA,1.0
2380,1994,ÖVRIGA,1.1
2380,1998,ÖVRIGA,0.3
2380,2002,ÖVRIGA,2.2
2380,2006,ÖVRIGA,1.1
2380,2010,ÖVRIGA,0.1
2380,2014,ÖVRIGA,0.4
2380,2018,ÖVRIGA,1.0
2380,2022,ÖVRIGA,0.6
2401,1973,M,9.0
2401,1976,M,8.7
2401,1979,M,11.4
2401,1982,M,11.3
2401,1985,M,13.2
2401,1988,M,9.9
2401,1991,M,13.8
2401,1994,M,15.3
2401,1998,M,11.0
2401,2002,M,6.9
2401,2006,M,9.1
2401,2010,M,11.2
2401,2014,M,8.9
2401,2018,M,5.9
2401,2022,M,11.5
2401,1973,C,28.0
2401,1976,C,29.1
2401,1979,C,24.8
2401,1982,C,25.2
2401,1985,C,22.1
2401,1988,C,22.5
2401,1991,C,19.4
2401,1994,C,15.0
2401,1998,C,16.9
2401,2002,C,16.2
2401,2006,C,20.3
2401,2010,C,19.4
2401,2014,C,36.1
2401,2018,C,42.5
2401,2022,C,31.5
2401,1973,L,12.7
2401,1976,L,11.2
2401,1979,L,10.8
2401,1982,L,7.8
2401,1985,L,10.2
2401,1988,L,9.9
2401,1991,L,9.2
2401,1994,L,7.2
2401,1998,L,12.6
2401,2002,L,17.6
2401,2006,L,16.6
2401,2010,L,8.9
2401,2014,L,9.7
2401,2018,L,3.6
2401,2022,L,5.3
2401,1973,KD,5.1
2401,1976,KD,5.0
2401,1979,KD,5.1
2401,1982,KD,5.5
2401,1985,KD,5.4
2401,1988,KD,6.5
2401,1991,KD,9.3
2401,1994,KD,5.8
2401,1998,KD,7.8
2401,2002,KD,7.6
2401,2006,KD,5.9
2401,2010,KD,4.9
2401,2014,KD,4.4
2401,2018,KD,4.3
2401,2022,KD,6.9
2401,1982,MP,0.8
2401,1985,MP,1.1
2401,1988,MP,1.6
2401,1991,MP,0.6
2401,1994,MP,1.2
2401,1998,MP,1.9
2401,2002,MP,1.4
2401,2006,MP,1.1
2401,2010,MP,2.0
2401,2014,MP,1.5
2401,2018,MP,0.3
2401,2022,MP,1.4
2401,1973,S,44.8
2401,1976,S,42.4
2401,1979,S,42.2
2401,1982,S,44.1
2401,1985,S,43.8
2401,1988,S,41.5
2401,1991,S,40.8
2401,1994,S,46.6
2401,1998,S,35.3
2401,2002,S,43.2
2401,2006,S,39.6
2401,2010,S,46.0
2401,2014,S,28.2
2401,2018,S,20.9
2401,2022,S,26.1
2401,1973,V,0.3
2401,1976,V,3.6
2401,1979,V,5.7
2401,1982,V,5.3
2401,1985,V,4.3
2401,1988,V,2.4
2401,1991,V,2.9
2401,1994,V,4.5
2401,1998,V,10.7
2401,2002,V,7.1
2401,2006,V,6.5
2401,2010,V,6.0
2401,2014,V,8.1
2401,2018,V,6.8
2401,2022,V,8.3
2401,2002,SD,0.0
2401,2006,SD,0.7
2401,2010,SD,1.3
2401,2014,SD,2.7
2401,2018,SD,8.2
2401,2022,SD,8.7
2401,1973,ÖVRIGA,0.1
2401,1985,ÖVRIGA,0.1
2401,1988,ÖVRIGA,5.8
2401,1991,ÖVRIGA,4.1
2401,1994,ÖVRIGA,4.4
2401,1998,ÖVRIGA,3.9
2401,2002,ÖVRIGA,0.2
2401,2006,ÖVRIGA,0.2
2401,2010,ÖVRIGA,0.2
2401,2014,ÖVRIGA,0.3
2401,2018,ÖVRIGA,7.5
2401,2022,ÖVRIGA,0.2
2403,1982,M,15.2
2403,1985,M,14.6
2403,1988,M,15.3
2403,1991,M,15.6
2403,1994,M,21.0
2403,1998,M,36.0
2403,2002,M,35.0
2403,2006,M,29.9
2403,2010,M,33.2
2403,2014,M,32.3
2403,2018,M,24.2
2403,2022,M,27.2
2403,1982,C,24.4
2403,1985,C,21.4
2403,1988,C,21.9
2403,1991,C,21.2
2403,1994,C,18.4
2403,1998,C,10.7
2403,2002,C,11.9
2403,2006,C,16.8
2403,2010,C,15.2
2403,2014,C,14.4
2403,2018,C,18.5
2403,2022,C,12.1
2403,1982,L,18.2
2403,1985,L,22.5
2403,1988,L,20.0
2403,1991,L,20.6
2403,1994,L,15.7
2403,1998,L,12.6
2403,2002,L,11.1
2403,2006,L,11.1
2403,2010,L,8.4
2403,2014,L,6.5
2403,2018,L,7.6
2403,2022,L,0.9
2403,1982,KD,4.8
2403,1985,KD,4.6
2403,1988,KD,5.3
2403,1991,KD,7.7
2403,1994,KD,5.9
2403,1998,KD,7.1
2403,2002,KD,7.1
2403,2006,KD,6.1
2403,2010,KD,5.3
2403,2014,KD,4.1
2403,2018,KD,5.2
2403,2022,KD,13.8
2403,1982,MP,0.1
2403,1985,MP,0.5
2403,1988,MP,2.2
2403,1991,MP,0.5
2403,1994,MP,0.8
2403,1998,MP,0.3
2403,2002,MP,0.2
2403,2006,MP,0.6
2403,2010,MP,0.4
2403,2014,MP,0.4
2403,2018,MP,0.4
2403,2022,MP,0.3
2403,1982,S,36.6
2403,1985,S,36.1
2403,1988,S,35.1
2403,1991,S,33.9
2403,1994,S,37.7
2403,1998,S,32.1
2403,2002,S,31.3
2403,2006,S,32.1
2403,2010,S,34.1
2403,2014,S,36.0
2403,2018,S,31.5
2403,2022,S,30.4
2403,1982,V,0.6
2403,1985,V,0.2
2403,1988,V,0.1
2403,1991,V,0.2
2403,1994,V,0.2
2403,1998,V,1.1
2403,2002,V,3.4
2403,2006,V,3.1
2403,2010,V,2.5
2403,2014,V,3.3
2403,2018,V,2.8
2403,2022,V,2.3
2403,2002,SD,0.0
2403,2006,SD,0.1
2403,2010,SD,0.8
2403,2014,SD,2.9
2403,2018,SD,9.7
2403,2022,SD,12.8
2403,1988,ÖVRIGA,0.2
2403,1991,ÖVRIGA,0.3
2403,1994,ÖVRIGA,0.3
2403,1998,ÖVRIGA,0.1
2403,2002,ÖVRIGA,0.1
2403,2006,ÖVRIGA,0.1
2403,2010,ÖVRIGA,0.0
2403,2014,ÖVRIGA,0.1
2403,2018,ÖVRIGA,0.2
2403,2022,ÖVRIGA,0.0
2404,1973,M,10.2
2404,1976,M,10.5
2404,1979,M,10.2
2404,1982,M,12.9
2404,1985,M,13.0
2404,1988,M,11.3
2404,1991,M,12.7
2404,1994,M,11.1
2404,1998,M,10.8
2404,2002,M,13.4
2404,2006,M,17.4
2404,2010,M,17.9
2404,2014,M,14.4
2404,2018,M,17.6
2404,2022,M,23.1
2404,1973,C,30.1
2404,1976,C,29.9
2404,1979,C,25.2
2404,1982,C,25.2
2404,1985,C,23.1
2404,1988,C,22.1
2404,1991,C,24.3
2404,1994,C,21.9
2404,1998,C,16.5
2404,2002,C,20.5
2404,2006,C,26.2
2404,2010,C,22.0
2404,2014,C,19.0
2404,2018,C,20.9
2404,2022,C,15.1
2404,1973,L,18.5
2404,1976,L,16.9
2404,1979,L,18.3
2404,1982,L,14.1
2404,1985,L,17.1
2404,1988,L,14.6
2404,1991,L,11.6
2404,1994,L,8.8
2404,1998,L,7.5
2404,2002,L,7.8
2404,2006,L,5.1
2404,2010,L,4.8
2404,2014,L,3.8
2404,2018,L,0.6
2404,2022,L,0.4
2404,1973,KD,4.6
2404,1976,KD,5.2
2404,1979,KD,5.4
2404,1982,KD,5.7
2404,1985,KD,6.7
2404,1988,KD,7.7
2404,1991,KD,11.6
2404,1994,KD,7.3
2404,1998,KD,10.7
2404,2002,KD,9.3
2404,2006,KD,9.0
2404,2010,KD,6.4
2404,2014,KD,7.1
2404,2018,KD,7.2
2404,2022,KD,8.0
2404,1982,MP,0.3
2404,1985,MP,1.5
2404,1988,MP,3.6
2404,1991,MP,0.8
2404,1994,MP,2.0
2404,1998,MP,1.3
2404,2002,MP,0.4
2404,2006,MP,0.9
2404,2010,MP,2.1
2404,2014,MP,2.1
2404,2018,MP,0.8
2404,2022,MP,1.6
2404,1973,S,36.2
2404,1976,S,37.1
2404,1979,S,38.3
2404,1982,S,40.1
2404,1985,S,36.7
2404,1988,S,38.4
2404,1991,S,36.9
2404,1994,S,43.1
2404,1998,S,37.7
2404,2002,S,36.9
2404,2006,S,36.4
2404,2010,S,41.7
2404,2014,S,42.2
2404,2018,S,38.7
2404,2022,S,38.9
2404,1973,V,0.2
2404,1976,V,0.3
2404,1979,V,2.6
2404,1982,V,1.7
2404,1985,V,2.0
2404,1988,V,1.9
2404,1991,V,1.9
2404,1994,V,1.5
2404,1998,V,2.0
2404,2002,V,7.5
2404,2006,V,4.3
2404,2010,V,4.0
2404,2014,V,6.8
2404,2018,V,5.6
2404,2022,V,4.9
2404,2002,SD,0.0
2404,2006,SD,0.5
2404,2010,SD,1.0
2404,2014,SD,4.1
2404,2018,SD,8.4
2404,2022,SD,7.5
2404,1973,ÖVRIGA,0.3
2404,1976,ÖVRIGA,0.1
2404,1982,ÖVRIGA,0.1
2404,1985,ÖVRIGA,0.0
2404,1988,ÖVRIGA,0.3
2404,1991,ÖVRIGA,0.2
2404,1994,ÖVRIGA,4.3
2404,1998,ÖVRIGA,13.6
2404,2002,ÖVRIGA,4.2
2404,2006,ÖVRIGA,0.2
2404,2010,ÖVRIGA,0.1
2404,2014,ÖVRIGA,0.5
2404,2018,ÖVRIGA,0.3
2404,2022,ÖVRIGA,0.3
2409,1973,M,6.8
2409,1976,M,6.9
2409,1979,M,8.3
2409,1982,M,8.5
2409,1985,M,7.3
2409,1988,M,6.1
2409,1991,M,7.1
2409,1994,M,6.9
2409,1998,M,7.2
2409,2002,M,4.6
2409,2006,M,6.3
2409,2010,M,6.5
2409,2014,M,4.8
2409,2018,M,4.9
2409,2022,M,9.9
2409,1973,C,36.5
2409,1976,C,39.5
2409,1979,C,37.5
2409,1982,C,39.2
2409,1985,C,37.8
2409,1988,C,37.3
2409,1991,C,33.4
2409,1994,C,29.6
2409,1998,C,29.6
2409,2002,C,37.6
2409,2006,C,38.0
2409,2010,C,30.5
2409,2014,C,26.1
2409,2018,C,30.5
2409,2022,C,27.0
2409,1973,L,13.6
2409,1976,L,12.6
2409,1979,L,13.1
2409,1982,L,9.0
2409,1985,L,11.2
2409,1988,L,9.6
2409,1991,L,9.7
2409,1994,L,8.9
2409,1998,L,6.1
2409,2002,L,6.0
2409,2006,L,6.2
2409,2010,L,5.0
2409,2014,L,2.6
2409,2018,L,1.5
2409,2022,L,0.7
2409,1973,KD,4.0
2409,1976,KD,3.7
2409,1979,KD,3.9
2409,1982,KD,4.8
2409,1985,KD,4.7
2409,1988,KD,5.8
2409,1991,KD,8.9
2409,1994,KD,6.9
2409,1998,KD,9.5
2409,2002,KD,8.0
2409,2006,KD,6.1
2409,2010,KD,4.8
2409,2014,KD,4.2
2409,2018,KD,3.5
2409,2022,KD,3.8
2409,1982,MP,0.2
2409,1985,MP,0.4
2409,1988,MP,0.8
2409,1991,MP,0.5
2409,1994,MP,1.3
2409,1998,MP,3.1
2409,2002,MP,2.7
2409,2006,MP,2.8
2409,2010,MP,2.6
2409,2014,MP,2.0
2409,2018,MP,0.9
2409,2022,MP,1.7
2409,1973,S,32.0
2409,1976,S,33.2
2409,1979,S,32.9
2409,1982,S,36.0
2409,1985,S,35.7
2409,1988,S,36.5
2409,1991,S,34.9
2409,1994,S,41.0
2409,1998,S,33.9
2409,2002,S,38.7
2409,2006,S,35.4
2409,2010,S,44.8
2409,2014,S,52.3
2409,2018,S,47.6
2409,2022,S,42.7
2409,1973,V,0.4
2409,1976,V,0.2
2409,1979,V,1.9
2409,1982,V,0.5
2409,1985,V,0.5
2409,1988,V,0.7
2409,1991,V,0.6
2409,1994,V,1.3
2409,1998,V,7.9
2409,2002,V,2.1
2409,2006,V,4.8
2409,2010,V,5.1
2409,2014,V,4.9
2409,2018,V,4.7
2409,2022,V,4.8
2409,2002,SD,0.0
2409,2006,SD,0.2
2409,2010,SD,0.7
2409,2014,SD,1.6
2409,2018,SD,4.8
2409,2022,SD,7.9
2409,1973,ÖVRIGA,6.6
2409,1976,ÖVRIGA,3.8
2409,1979,ÖVRIGA,2.4
2409,1982,ÖVRIGA,1.9
2409,1985,ÖVRIGA,2.5
2409,1988,ÖVRIGA,3.1
2409,1991,ÖVRIGA,4.9
2409,1994,ÖVRIGA,4.2
2409,1998,ÖVRIGA,2.7
2409,2002,ÖVRIGA,0.3
2409,2006,ÖVRIGA,0.2
2409,2010,ÖVRIGA,0.1
2409,2014,ÖVRIGA,1.5
2409,2018,ÖVRIGA,1.6
2409,2022,ÖVRIGA,1.5
2417,1973,M,5.7
2417,1976,M,6.1
2417,1979,M,7.3
2417,1982,M,8.9
2417,1985,M,8.3
2417,1988,M,6.6
2417,1991,M,6.5
2417,1994,M,4.2
2417,1998,M,4.9
2417,2002,M,2.8
2417,2006,M,0.7
2417,2010,M,1.2
2417,2014,M,2.1
2417,2018,M,1.2
2417,2022,M,17.5
2417,1973,C,22.0
2417,1976,C,20.2
2417,1979,C,19.4
2417,1982,C,19.6
2417,1985,C,17.4
2417,1988,C,20.3
2417,1991,C,20.4
2417,1994,C,22.3
2417,1998,C,36.1
2417,2002,C,31.5
2417,2006,C,20.3
2417,2010,C,13.2
2417,2014,C,13.7
2417,2018,C,9.2
2417,2022,C,1.1
2417,1973,L,17.9
2417,1976,L,18.6
2417,1979,L,17.0
2417,1982,L,16.4
2417,1985,L,15.7
2417,1988,L,14.1
2417,1991,L,12.1
2417,1994,L,7.8
2417,1998,L,3.9
2417,2002,L,4.2
2417,2006,L,5.5
2417,2010,L,13.0
2417,2014,L,7.4
2417,2018,L,8.1
2417,2022,L,6.0
2417,1973,KD,4.3
2417,1976,KD,4.1
2417,1979,KD,4.1
2417,1982,KD,3.9
2417,1985,KD,4.4
2417,1988,KD,5.1
2417,1991,KD,9.5
2417,1994,KD,8.3
2417,1998,KD,13.1
2417,2002,KD,12.2
2417,2006,KD,17.1
2417,2010,KD,8.5
2417,2014,KD,11.6
2417,2018,KD,25.8
2417,2022,KD,17.3
2417,1982,MP,0.1
2417,1985,MP,0.1
2417,1988,MP,0.5
2417,1991,MP,0.6
2417,1994,MP,1.0
2417,1998,MP,0.5
2417,2002,MP,0.2
2417,2006,MP,0.3
2417,2010,MP,0.7
2417,2014,MP,0.4
2417,2018,MP,0.2
2417,2022,MP,0.2
2417,1973,S,43.7
2417,1976,S,44.9
2417,1979,S,45.0
2417,1982,S,45.8
2417,1985,S,48.8
2417,1988,S,47.8
2417,1991,S,46.1
2417,1994,S,49.9
2417,1998,S,28.9
2417,2002,S,39.1
2417,2006,S,47.9
2417,2010,S,53.2
2417,2014,S,51.5
2417,2018,S,45.1
2417,2022,S,45.0
2417,1973,V,6.3
2417,1976,V,6.1
2417,1979,V,5.8
2417,1982,V,4.1
2417,1985,V,4.6
2417,1988,V,4.4
2417,1991,V,4.2
2417,1994,V,6.4
2417,1998,V,12.7
2417,2002,V,9.8
2417,2006,V,7.7
2417,2010,V,9.5
2417,2014,V,10.6
2417,2018,V,7.9
2417,2022,V,7.0
2417,2002,SD,0.0
2417,2006,SD,0.2
2417,2010,SD,0.8
2417,2014,SD,2.6
2417,2018,SD,2.3
2417,2022,SD,5.7
2417,1973,ÖVRIGA,0.1
2417,1976,ÖVRIGA,0.0
2417,1979,ÖVRIGA,1.3
2417,1982,ÖVRIGA,1.2
2417,1985,ÖVRIGA,0.7
2417,1988,ÖVRIGA,1.1
2417,1991,ÖVRIGA,0.6
2417,1994,ÖVRIGA,0.3
2417,1998,ÖVRIGA,0.1
2417,2002,ÖVRIGA,0.1
2417,2006,ÖVRIGA,0.1
2417,2010,ÖVRIGA,0.0
2417,2014,ÖVRIGA,0.2
2417,2018,ÖVRIGA,0.1
2417,2022,ÖVRIGA,0.0
2418,1982,M,7.2
2418,1985,M,6.4
2418,1988,M,4.8
2418,1991,M,8.6
2418,1994,M,8.8
2418,1998,M,11.9
2418,2002,M,22.0
2418,2006,M,1.7
2418,2010,M,0.5
2418,2014,M,0.9
2418,2018,M,1.3
2418,2022,M,3.2
2418,1982,C,12.9
2418,1985,C,10.7
2418,1988,C,9.2
2418,1991,C,9.1
2418,1994,C,6.5
2418,1998,C,5.1
2418,2002,C,5.5
2418,2006,C,3.9
2418,2010,C,2.0
2418,2014,C,4.4
2418,2018,C,3.7
2418,2022,C,0.9
2418,1982,L,12.3
2418,1985,L,14.3
2418,1988,L,15.1
2418,1991,L,11.8
2418,1994,L,7.8
2418,1998,L,8.3
2418,2002,L,7.2
2418,2006,L,6.3
2418,2010,L,9.4
2418,2014,L,14.0
2418,2018,L,11.2
2418,2022,L,14.4
2418,1982,KD,5.7
2418,1985,KD,6.5
2418,1988,KD,7.7
2418,1991,KD,8.3
2418,1994,KD,4.7
2418,1998,KD,6.6
2418,2002,KD,5.2
2418,2006,KD,3.0
2418,2010,KD,2.5
2418,2014,KD,1.2
2418,2018,KD,0.9
2418,2022,KD,1.1
2418,1982,MP,0.1
2418,1985,MP,0.2
2418,1988,MP,0.9
2418,1991,MP,0.4
2418,1994,MP,0.6
2418,1998,MP,1.3
2418,2002,MP,0.2
2418,2006,MP,0.1
2418,2010,MP,0.3
2418,2014,MP,0.3
2418,2018,MP,0.0
2418,2022,MP,0.1
2418,1982,S,60.9
2418,1985,S,60.9
2418,1988,S,51.9
2418,1991,S,46.9
2418,1994,S,43.9
2418,1998,S,40.4
2418,2002,S,39.3
2418,2006,S,36.7
2418,2010,S,41.1
2418,2014,S,36.3
2418,2018,S,30.9
2418,2022,S,28.7
2418,1982,V,0.8
2418,1985,V,0.8
2418,1988,V,10.0
2418,1991,V,15.0
2418,1994,V,25.4
2418,1998,V,22.4
2418,2002,V,17.9
2418,2006,V,9.0
2418,2010,V,14.4
2418,2014,V,13.3
2418,2018,V,32.4
2418,2022,V,29.9
2418,2002,SD,0.0
2418,2006,SD,0.0
2418,2010,SD,0.4
2418,2014,SD,1.4
2418,2018,SD,3.4
2418,2022,SD,5.5
2418,1988,ÖVRIGA,0.4
2418,1991,ÖVRIGA,0.1
2418,1994,ÖVRIGA,2.3
2418,1998,ÖVRIGA,4.0
2418,2002,ÖVRIGA,2.7
2418,2006,ÖVRIGA,39.3
2418,2010,ÖVRIGA,29.4
2418,2014,ÖVRIGA,28.2
2418,2018,ÖVRIGA,16.0
2418,2022,ÖVRIGA,16.1
2421,1973,M,11.4
2421,1976,M,11.1
2421,1979,M,12.5
2421,1982,M,14.0
2421,1985,M,13.9
2421,1988,M,12.3
2421,1991,M,14.4
2421,1994,M,11.8
2421,1998,M,13.3
2421,2002,M,11.4
2421,2006,M,13.2
2421,2010,M,11.9
2421,2014,M,7.2
2421,2018,M,6.1
2421,2022,M,9.5
2421,1973,C,18.4
2421,1976,C,21.5
2421,1979,C,16.9
2421,1982,C,14.5
2421,1985,C,10.3
2421,1988,C,10.1
2421,1991,C,12.2
2421,1994,C,15.6
2421,1998,C,14.7
2421,2002,C,17.5
2421,2006,C,13.0
2421,2010,C,19.4
2421,2014,C,30.9
2421,2018,C,31.3
2421,2022,C,12.6
2421,1973,L,18.0
2421,1976,L,16.8
2421,1979,L,17.0
2421,1982,L,11.1
2421,1985,L,14.7
2421,1988,L,13.8
2421,1991,L,11.4
2421,1994,L,7.3
2421,1998,L,7.4
2421,2002,L,10.2
2421,2006,L,8.9
2421,2010,L,8.1
2421,2014,L,5.7
2421,2018,L,6.0
2421,2022,L,8.6
2421,1973,KD,7.9
2421,1976,KD,7.7
2421,1979,KD,7.6
2421,1982,KD,8.1
2421,1985,KD,7.6
2421,1988,KD,9.3
2421,1991,KD,13.7
2421,1994,KD,6.9
2421,1998,KD,10.6
2421,2002,KD,9.2
2421,2006,KD,11.6
2421,2010,KD,7.9
2421,2014,KD,5.7
2421,2018,KD,5.9
2421,2022,KD,7.4
2421,1982,MP,2.9
2421,1985,MP,4.0
2421,1988,MP,5.5
2421,1991,MP,5.0
2421,1994,MP,10.7
2421,1998,MP,4.0
2421,2002,MP,0.9
2421,2006,MP,1.2
2421,2010,MP,0.8
2421,2014,MP,1.1
2421,2018,MP,0.7
2421,2022,MP,1.1
2421,1973,S,40.1
2421,1976,S,41.4
2421,1979,S,45.2
2421,1982,S,48.6
2421,1985,S,49.0
2421,1988,S,48.3
2421,1991,S,40.5
2421,1994,S,45.1
2421,1998,S,39.1
2421,2002,S,39.6
2421,2006,S,37.2
2421,2010,S,37.6
2421,2014,S,30.0
2421,2018,S,24.5
2421,2022,S,28.6
2421,1973,V,0.7
2421,1976,V,0.0
2421,1979,V,0.7
2421,1982,V,0.7
2421,1985,V,0.4
2421,1988,V,0.4
2421,1991,V,0.5
2421,1994,V,0.6
2421,1998,V,10.7
2421,2002,V,10.4
2421,2006,V,14.1
2421,2010,V,7.5
2421,2014,V,12.7
2421,2018,V,12.3
2421,2022,V,16.8
2421,2002,SD,0.6
2421,2006,SD,0.2
2421,2010,SD,0.9
2421,2014,SD,3.4
2421,2018,SD,9.2
2421,2022,SD,11.3
2421,1973,ÖVRIGA,3.3
2421,1976,ÖVRIGA,1.5
2421,1979,ÖVRIGA,0.1
2421,1985,ÖVRIGA,0.1
2421,1988,ÖVRIGA,0.3
2421,1991,ÖVRIGA,2.3
2421,1994,ÖVRIGA,2.0
2421,1998,ÖVRIGA,0.2
2421,2002,ÖVRIGA,0.1
2421,2006,ÖVRIGA,0.6
2421,2010,ÖVRIGA,5.9
2421,2014,ÖVRIGA,3.3
2421,2018,ÖVRIGA,4.0
2421,2022,ÖVRIGA,4.1
2422,1973,M,3.4
2422,1976,M,6.0
2422,1979,M,5.9
2422,1982,M,6.9
2422,1985,M,6.9
2422,1988,M,16.0
2422,1991,M,21.8
2422,1994,M,6.5
2422,1998,M,14.1
2422,2002,M,12.5
2422,2006,M,10.4
2422,2010,M,7.7
2422,2014,M,6.9
2422,2018,M,6.8
2422,2022,M,14.4
2422,1973,C,18.3
2422,1976,C,17.3
2422,1979,C,21.0
2422,1982,C,19.8
2422,1985,C,17.1
2422,1988,C,13.3
2422,1991,C,15.4
2422,1994,C,28.3
2422,1998,C,13.5
2422,2002,C,13.4
2422,2006,C,27.1
2422,2010,C,21.3
2422,2014,C,17.4
2422,2018,C,14.0
2422,2022,C,11.7
2422,1973,L,16.8
2422,1976,L,13.8
2422,1979,L,13.6
2422,1982,L,10.1
2422,1985,L,10.8
2422,1988,L,8.1
2422,1991,L,5.1
2422,1994,L,4.4
2422,1998,L,3.3
2422,2002,L,6.1
2422,2006,L,5.6
2422,2010,L,0.3
2422,2014,L,0.3
2422,2018,L,0.3
2422,2022,L,0.6
2422,1973,KD,9.8
2422,1976,KD,9.8
2422,1979,KD,10.0
2422,1982,KD,9.7
2422,1985,KD,10.2
2422,1988,KD,9.2
2422,1991,KD,9.6
2422,1994,KD,6.3
2422,1998,KD,7.9
2422,2002,KD,9.0
2422,2006,KD,8.4
2422,2010,KD,6.5
2422,2014,KD,6.2
2422,2018,KD,0.4
2422,2022,KD,1.4
2422,1982,MP,0.1
2422,1985,MP,0.3
2422,1988,MP,3.7
2422,1991,MP,3.5
2422,1994,MP,6.4
2422,1998,MP,10.7
2422,2002,MP,5.2
2422,2006,MP,2.0
2422,2010,MP,3.7
2422,2014,MP,1.0
2422,2018,MP,0.3
2422,2022,MP,0.3
2422,1973,S,37.8
2422,1976,S,36.9
2422,1979,S,40.4
2422,1982,S,43.9
2422,1985,S,42.1
2422,1988,S,43.9
2422,1991,S,42.3
2422,1994,S,46.8
2422,1998,S,48.6
2422,2002,S,43.8
2422,2006,S,31.7
2422,2010,S,37.9
2422,2014,S,35.7
2422,2018,S,38.2
2422,2022,S,35.5
2422,1973,V,3.5
2422,1976,V,3.3
2422,1979,V,0.4
2422,1982,V,0.4
2422,1985,V,3.4
2422,1988,V,2.2
2422,1991,V,1.9
2422,1994,V,0.6
2422,1998,V,1.8
2422,2002,V,9.7
2422,2006,V,14.3
2422,2010,V,21.4
2422,2014,V,26.2
2422,2018,V,36.5
2422,2022,V,35.9
2422,2002,SD,0.0
2422,2006,SD,0.4
2422,2010,SD,1.1
2422,2014,SD,6.4
2422,2018,SD,3.3
2422,2022,SD,0.0
2422,1973,ÖVRIGA,10.4
2422,1976,ÖVRIGA,12.9
2422,1979,ÖVRIGA,8.7
2422,1982,ÖVRIGA,9.1
2422,1985,ÖVRIGA,9.3
2422,1988,ÖVRIGA,3.6
2422,1991,ÖVRIGA,0.4
2422,1994,ÖVRIGA,0.8
2422,1998,ÖVRIGA,0.2
2422,2002,ÖVRIGA,0.4
2422,2006,ÖVRIGA,0.1
2422,2010,ÖVRIGA,0.1
2422,2014,ÖVRIGA,0.1
2422,2018,ÖVRIGA,0.3
2422,2022,ÖVRIGA,0.2
2425,1979,M,4.3
2425,1982,M,5.1
2425,1985,M,5.6
2425,1988,M,5.2
2425,1991,M,6.7
2425,1994,M,3.4
2425,1998,M,2.2
2425,2002,M,0.2
2425,2006,M,0.6
2425,2010,M,0.9
2425,2014,M,0.9
2425,2018,M,0.7
2425,2022,M,0.7
2425,1979,C,19.5
2425,1982,C,16.0
2425,1985,C,19.0
2425,1988,C,19.9
2425,1991,C,19.2
2425,1994,C,8.6
2425,1998,C,4.7
2425,2002,C,6.4
2425,2006,C,5.3
2425,2010,C,5.6
2425,2014,C,10.6
2425,2018,C,18.2
2425,2022,C,14.5
2425,1979,L,16.4
2425,1982,L,11.2
2425,1985,L,11.1
2425,1988,L,8.9
2425,1991,L,8.2
2425,1994,L,3.4
2425,1998,L,6.5
2425,2002,L,10.7
2425,2006,L,17.1
2425,2010,L,11.9
2425,2014,L,16.4
2425,2018,L,16.3
2425,2022,L,17.4
2425,1979,KD,0.1
2425,1982,KD,0.9
2425,1985,KD,0.3
2425,1988,KD,0.1
2425,1991,KD,1.8
2425,1994,KD,0.3
2425,1998,KD,0.3
2425,2002,KD,0.2
2425,2006,KD,0.3
2425,2010,KD,4.2
2425,2014,KD,3.2
2425,2018,KD,2.8
2425,2022,KD,3.1
2425,1982,MP,0.2
2425,1985,MP,0.5
2425,1988,MP,1.3
2425,1991,MP,0.5
2425,1994,MP,0.4
2425,1998,MP,0.3
2425,2002,MP,0.4
2425,2006,MP,0.1
2425,2010,MP,0.3
2425,2014,MP,1.8
2425,2018,MP,0.4
2425,2022,MP,0.7
2425,1979,S,55.0
2425,1982,S,62.2
2425,1985,S,56.2
2425,1988,S,52.6
2425,1991,S,49.2
2425,1994,S,50.2
2425,1998,S,37.0
2425,2002,S,40.7
2425,2006,S,40.4
2425,2010,S,48.2
2425,2014,S,22.4
2425,2018,S,32.3
2425,2022,S,36.0
2425,1979,V,4.8
2425,1982,V,4.4
2425,1985,V,7.2
2425,1988,V,11.8
2425,1991,V,13.8
2425,1994,V,4.2
2425,1998,V,5.5
2425,2002,V,5.2
2425,2006,V,4.5
2425,2010,V,5.6
2425,2014,V,4.7
2425,2018,V,4.9
2425,2022,V,5.5
2425,2002,SD,0.0
2425,2006,SD,0.3
2425,2010,SD,0.5
2425,2014,SD,0.7
2425,2018,SD,5.6
2425,2022,SD,22.0
2425,1991,ÖVRIGA,0.6
2425,1994,ÖVRIGA,29.5
2425,1998,ÖVRIGA,43.4
2425,2002,ÖVRIGA,36.2
2425,2006,ÖVRIGA,31.3
2425,2010,ÖVRIGA,22.8
2425,2014,ÖVRIGA,39.2
2425,2018,ÖVRIGA,18.9
2425,2022,ÖVRIGA,0.1
2460,1973,M,9.9
2460,1976,M,9.8
2460,1979,M,10.9
2460,1982,M,10.7
2460,1985,M,10.0
2460,1988,M,7.9
2460,1991,M,10.3
2460,1994,M,8.9
2460,1998,M,8.7
2460,2002,M,5.9
2460,2006,M,8.7
2460,2010,M,13.0
2460,2014,M,8.5
2460,2018,M,9.4
2460,2022,M,14.7
2460,1973,C,29.7
2460,1976,C,29.7
2460,1979,C,27.2
2460,1982,C,26.9
2460,1985,C,23.6
2460,1988,C,23.1
2460,1991,C,21.2
2460,1994,C,20.6
2460,1998,C,18.0
2460,2002,C,22.7
2460,2006,C,22.2
2460,2010,C,17.5
2460,2014,C,22.7
2460,2018,C,26.6
2460,2022,C,17.2
2460,1973,L,14.1
2460,1976,L,13.0
2460,1979,L,13.0
2460,1982,L,5.2
2460,1985,L,10.0
2460,1988,L,10.0
2460,1991,L,9.0
2460,1994,L,6.4
2460,1998,L,5.8
2460,2002,L,7.8
2460,2006,L,6.2
2460,2010,L,5.9
2460,2014,L,3.6
2460,2018,L,3.0
2460,2022,L,1.7
2460,1973,KD,5.1
2460,1976,KD,4.5
2460,1979,KD,4.3
2460,1982,KD,4.2
2460,1985,KD,4.4
2460,1988,KD,5.7
2460,1991,KD,8.1
2460,1994,KD,4.9
2460,1998,KD,7.3
2460,2002,KD,6.7
2460,2006,KD,7.2
2460,2010,KD,5.4
2460,2014,KD,5.1
2460,2018,KD,5.8
2460,2022,KD,7.2
2460,1982,MP,0.2
2460,1985,MP,0.4
2460,1988,MP,1.6
2460,1991,MP,0.8
2460,1994,MP,2.8
2460,1998,MP,2.6
2460,2002,MP,0.9
2460,2006,MP,2.8
2460,2010,MP,4.6
2460,2014,MP,6.3
2460,2018,MP,4.1
2460,2022,MP,4.3
2460,1973,S,40.1
2460,1976,S,40.3
2460,1979,S,39.0
2460,1982,S,47.9
2460,1985,S,46.1
2460,1988,S,45.3
2460,1991,S,43.1
2460,1994,S,47.4
2460,1998,S,42.5
2460,2002,S,41.5
2460,2006,S,41.6
2460,2010,S,42.0
2460,2014,S,36.8
2460,2018,S,30.6
2460,2022,S,35.3
2460,1973,V,0.7
2460,1976,V,2.8
2460,1979,V,5.3
2460,1982,V,4.6
2460,1985,V,4.9
2460,1988,V,6.2
2460,1991,V,6.8
2460,1994,V,8.1
2460,1998,V,14.8
2460,2002,V,14.2
2460,2006,V,10.8
2460,2010,V,10.3
2460,2014,V,13.3
2460,2018,V,12.8
2460,2022,V,9.8
2460,2002,SD,0.0
2460,2006,SD,0.4
2460,2010,SD,1.2
2460,2014,SD,3.3
2460,2018,SD,7.2
2460,2022,SD,9.7
2460,1973,ÖVRIGA,0.4
2460,1976,ÖVRIGA,0.0
2460,1979,ÖVRIGA,0.3
2460,1982,ÖVRIGA,0.2
2460,1985,ÖVRIGA,0.5
2460,1988,ÖVRIGA,0.2
2460,1991,ÖVRIGA,0.6
2460,1994,ÖVRIGA,0.8
2460,1998,ÖVRIGA,0.3
2460,2002,ÖVRIGA,0.2
2460,2006,ÖVRIGA,0.1
2460,2010,ÖVRIGA,0.2
2460,2014,ÖVRIGA,0.4
2460,2018,ÖVRIGA,0.5
2460,2022,ÖVRIGA,0.2
2462,1973,M,5.1
2462,1976,M,4.1
2462,1979,M,4.3
2462,1982,M,5.8
2462,1985,M,5.9
2462,1988,M,5.0
2462,1991,M,5.3
2462,1994,M,4.5
2462,1998,M,6.0
2462,2002,M,2.1
2462,2006,M,5.0
2462,2010,M,4.7
2462,2014,M,5.3
2462,2018,M,3.1
2462,2022,M,9.2
2462,1973,C,20.6
2462,1976,C,20.2
2462,1979,C,17.7
2462,1982,C,16.4
2462,1985,C,15.4
2462,1988,C,14.6
2462,1991,C,16.8
2462,1994,C,12.7
2462,1998,C,11.0
2462,2002,C,17.9
2462,2006,C,18.7
2462,2010,C,12.3
2462,2014,C,19.7
2462,2018,C,29.2
2462,2022,C,11.0
2462,1973,L,13.8
2462,1976,L,13.4
2462,1979,L,13.6
2462,1982,L,9.7
2462,1985,L,11.6
2462,1988,L,12.1
2462,1991,L,14.7
2462,1994,L,12.2
2462,1998,L,11.8
2462,2002,L,14.7
2462,2006,L,10.8
2462,2010,L,5.0
2462,2014,L,2.0
2462,2018,L,0.3
2462,2022,L,0.4
2462,1973,KD,6.0
2462,1976,KD,5.7
2462,1979,KD,5.8
2462,1982,KD,6.4
2462,1985,KD,5.9
2462,1988,KD,6.6
2462,1991,KD,8.7
2462,1994,KD,6.2
2462,1998,KD,8.9
2462,2002,KD,12.9
2462,2006,KD,14.7
2462,2010,KD,7.9
2462,2014,KD,10.2
2462,2018,KD,11.0
2462,2022,KD,22.4
2462,1982,MP,0.2
2462,1985,MP,2.0
2462,1988,MP,4.5
2462,1991,MP,3.6
2462,1994,MP,4.3
2462,1998,MP,0.8
2462,2002,MP,0.4
2462,2006,MP,0.7
2462,2010,MP,0.6
2462,2014,MP,0.9
2462,2018,MP,0.3
2462,2022,MP,0.3
2462,1973,S,50.3
2462,1976,S,51.9
2462,1979,S,53.0
2462,1982,S,56.5
2462,1985,S,54.2
2462,1988,S,52.5
2462,1991,S,44.9
2462,1994,S,52.5
2462,1998,S,48.8
2462,2002,S,42.3
2462,2006,S,41.3
2462,2010,S,54.7
2462,2014,S,37.8
2462,2018,S,36.2
2462,2022,S,27.9
2462,1973,V,4.2
2462,1976,V,4.8
2462,1979,V,5.5
2462,1982,V,4.9
2462,1985,V,4.9
2462,1988,V,4.6
2462,1991,V,5.5
2462,1994,V,5.5
2462,1998,V,12.4
2462,2002,V,9.4
2462,2006,V,8.4
2462,2010,V,6.5
2462,2014,V,8.4
2462,2018,V,6.0
2462,2022,V,10.9
2462,2002,SD,0.0
2462,2006,SD,0.2
2462,2010,SD,1.1
2462,2014,SD,3.5
2462,2018,SD,5.1
2462,2022,SD,10.9
2462,1973,ÖVRIGA,0.1
2462,1979,ÖVRIGA,0.1
2462,1982,ÖVRIGA,0.0
2462,1985,ÖVRIGA,0.0
2462,1988,ÖVRIGA,0.2
2462,1991,ÖVRIGA,0.5
2462,1994,ÖVRIGA,2.0
2462,1998,ÖVRIGA,0.3
2462,2002,ÖVRIGA,0.3
2462,2006,ÖVRIGA,0.2
2462,2010,ÖVRIGA,7.1
2462,2014,ÖVRIGA,12.2
2462,2018,ÖVRIGA,8.9
2462,2022,ÖVRIGA,7.1
2463,1973,M,4.5
2463,1976,M,4.3
2463,1979,M,6.8
2463,1982,M,7.5
2463,1985,M,5.4
2463,1988,M,4.6
2463,1991,M,7.4
2463,1994,M,5.2
2463,1998,M,5.1
2463,2002,M,2.8
2463,2006,M,2.4
2463,2010,M,0.9
2463,2014,M,0.5
2463,2018,M,1.4
2463,2022,M,2.3
2463,1973,C,23.4
2463,1976,C,22.0
2463,1979,C,20.6
2463,1982,C,20.1
2463,1985,C,18.8
2463,1988,C,19.1
2463,1991,C,23.2
2463,1994,C,16.5
2463,1998,C,19.8
2463,2002,C,22.1
2463,2006,C,14.4
2463,2010,C,0.7
2463,2014,C,7.8
2463,2018,C,28.5
2463,2022,C,20.0
2463,1973,L,15.0
2463,1976,L,15.7
2463,1979,L,9.8
2463,1982,L,7.1
2463,1985,L,6.7
2463,1988,L,6.1
2463,1991,L,5.5
2463,1994,L,3.2
2463,1998,L,2.9
2463,2002,L,3.5
2463,2006,L,4.9
2463,2010,L,7.6
2463,2014,L,4.3
2463,2018,L,3.3
2463,2022,L,8.9
2463,1973,KD,2.8
2463,1976,KD,2.5
2463,1979,KD,3.8
2463,1982,KD,4.0
2463,1985,KD,8.1
2463,1988,KD,6.5
2463,1991,KD,8.5
2463,1994,KD,4.9
2463,1998,KD,6.4
2463,2002,KD,4.7
2463,2006,KD,7.6
2463,2010,KD,0.3
2463,2014,KD,0.8
2463,2018,KD,1.9
2463,2022,KD,0.9
2463,1982,MP,0.3
2463,1985,MP,0.2
2463,1988,MP,1.2
2463,1991,MP,0.6
2463,1994,MP,1.7
2463,1998,MP,0.6
2463,2002,MP,0.4
2463,2006,MP,0.3
2463,2010,MP,0.3
2463,2014,MP,0.4
2463,2018,MP,0.3
2463,2022,MP,0.2
2463,1973,S,50.9
2463,1976,S,52.5
2463,1979,S,56.1
2463,1982,S,57.3
2463,1985,S,57.9
2463,1988,S,61.8
2463,1991,S,53.6
2463,1994,S,52.7
2463,1998,S,41.7
2463,2002,S,42.2
2463,2006,S,47.0
2463,2010,S,49.9
2463,2014,S,26.2
2463,2018,S,37.6
2463,2022,S,41.3
2463,1973,V,3.2
2463,1976,V,3.0
2463,1979,V,2.9
2463,1982,V,3.7
2463,1985,V,3.0
2463,1988,V,0.6
2463,1991,V,0.7
2463,1994,V,0.5
2463,1998,V,1.1
2463,2002,V,8.1
2463,2006,V,4.9
2463,2010,V,4.6
2463,2014,V,6.0
2463,2018,V,6.8
2463,2022,V,6.8
2463,2002,SD,0.0
2463,2006,SD,0.7
2463,2010,SD,1.2
2463,2014,SD,2.2
2463,2018,SD,2.4
2463,2022,SD,0.0
2463,1973,ÖVRIGA,0.2
2463,1976,ÖVRIGA,0.0
2463,1979,ÖVRIGA,0.0
2463,1985,ÖVRIGA,0.0
2463,1988,ÖVRIGA,0.1
2463,1991,ÖVRIGA,0.5
2463,1994,ÖVRIGA,15.3
2463,1998,ÖVRIGA,22.5
2463,2002,ÖVRIGA,16.3
2463,2006,ÖVRIGA,17.9
2463,2010,ÖVRIGA,34.5
2463,2014,ÖVRIGA,51.9
2463,2018,ÖVRIGA,17.7
2463,2022,ÖVRIGA,19.6
2480,1973,M,9.3
2480,1976,M,9.2
2480,1979,M,11.9
2480,1982,M,14.6
2480,1985,M,13.5
2480,1988,M,10.9
2480,1991,M,13.0
2480,1994,M,11.7
2480,1998,M,15.2
2480,2002,M,8.6
2480,2006,M,13.3
2480,2010,M,18.3
2480,2014,M,16.3
2480,2018,M,17.3
2480,2022,M,17.6
2480,1973,C,26.5
2480,1976,C,25.9
2480,1979,C,18.9
2480,1982,C,17.8
2480,1985,C,13.0
2480,1988,C,12.7
2480,1991,C,16.3
2480,1994,C,12.5
2480,1998,C,7.8
2480,2002,C,11.0
2480,2006,C,10.0
2480,2010,C,6.3
2480,2014,C,5.9
2480,2018,C,10.0
2480,2022,C,7.9
2480,1973,L,12.0
2480,1976,L,12.1
2480,1979,L,12.9
2480,1982,L,7.5
2480,1985,L,15.0
2480,1988,L,12.9
2480,1991,L,10.9
2480,1994,L,7.8
2480,1998,L,6.2
2480,2002,L,11.5
2480,2006,L,9.0
2480,2010,L,8.3
2480,2014,L,6.1
2480,2018,L,5.8
2480,2022,L,3.8
2480,1973,KD,3.4
2480,1976,KD,3.1
2480,1979,KD,3.5
2480,1982,KD,3.7
2480,1985,KD,3.5
2480,1988,KD,4.3
2480,1991,KD,6.7
2480,1994,KD,3.7
2480,1998,KD,8.0
2480,2002,KD,7.0
2480,2006,KD,6.5
2480,2010,KD,4.7
2480,2014,KD,3.9
2480,2018,KD,3.8
2480,2022,KD,3.5
2480,1982,MP,2.3
2480,1985,MP,3.7
2480,1988,MP,7.0
2480,1991,MP,6.1
2480,1994,MP,9.1
2480,1998,MP,7.5
2480,2002,MP,5.6
2480,2006,MP,7.9
2480,2010,MP,8.1
2480,2014,MP,7.4
2480,2018,MP,5.4
2480,2022,MP,6.4
2480,1973,S,43.5
2480,1976,S,42.8
2480,1979,S,42.9
2480,1982,S,45.3
2480,1985,S,42.1
2480,1988,S,44.1
2480,1991,S,39.8
2480,1994,S,46.3
2480,1998,S,36.5
2480,2002,S,39.4
2480,2006,S,40.5
2480,2010,S,38.2
2480,2014,S,36.8
2480,2018,S,30.4
2480,2022,S,36.5
2480,1973,V,4.0
2480,1976,V,5.5
2480,1979,V,8.9
2480,1982,V,7.9
2480,1985,V,7.3
2480,1988,V,6.2
2480,1991,V,6.3
2480,1994,V,6.8
2480,1998,V,14.6
2480,2002,V,11.7
2480,2006,V,8.0
2480,2010,V,11.1
2480,2014,V,13.1
2480,2018,V,16.2
2480,2022,V,13.3
2480,2002,SD,0.2
2480,2006,SD,0.5
2480,2010,SD,1.5
2480,2014,SD,3.2
2480,2018,SD,5.3
2480,2022,SD,6.5
2480,1973,ÖVRIGA,1.3
2480,1976,ÖVRIGA,1.3
2480,1979,ÖVRIGA,1.1
2480,1982,ÖVRIGA,0.9
2480,1985,ÖVRIGA,1.8
2480,1988,ÖVRIGA,1.9
2480,1991,ÖVRIGA,0.8
2480,1994,ÖVRIGA,2.2
2480,1998,ÖVRIGA,4.2
2480,2002,ÖVRIGA,5.0
2480,2006,ÖVRIGA,4.3
2480,2010,ÖVRIGA,3.5
2480,2014,ÖVRIGA,7.4
2480,2018,ÖVRIGA,5.9
2480,2022,ÖVRIGA,4.6
2481,1973,M,7.3
2481,1976,M,7.1
2481,1979,M,7.2
2481,1982,M,9.3
2481,1985,M,8.5
2481,1988,M,9.6
2481,1991,M,10.3
2481,1994,M,8.8
2481,1998,M,9.7
2481,2002,M,8.0
2481,2006,M,13.3
2481,2010,M,17.5
2481,2014,M,18.7
2481,2018,M,18.7
2481,2022,M,13.7
2481,1973,C,16.2
2481,1976,C,16.6
2481,1979,C,13.9
2481,1982,C,12.2
2481,1985,C,9.6
2481,1988,C,8.7
2481,1991,C,8.4
2481,1994,C,6.3
2481,1998,C,4.4
2481,2002,C,7.5
2481,2006,C,8.2
2481,2010,C,4.3
2481,2014,C,4.8
2481,2018,C,6.0
2481,2022,C,4.2
2481,1973,L,17.2
2481,1976,L,15.1
2481,1979,L,15.4
2481,1982,L,11.4
2481,1985,L,15.7
2481,1988,L,13.1
2481,1991,L,12.8
2481,1994,L,11.1
2481,1998,L,12.9
2481,2002,L,13.7
2481,2006,L,9.3
2481,2010,L,8.7
2481,2014,L,8.7
2481,2018,L,7.7
2481,2022,L,4.2
2481,1973,KD,9.4
2481,1976,KD,9.1
2481,1979,KD,9.5
2481,1982,KD,9.9
2481,1985,KD,8.8
2481,1988,KD,9.9
2481,1991,KD,13.3
2481,1994,KD,9.0
2481,1998,KD,11.9
2481,2002,KD,11.9
2481,2006,KD,10.1
2481,2010,KD,8.8
2481,2014,KD,10.3
2481,2018,KD,17.6
2481,2022,KD,30.1
2481,1982,MP,0.2
2481,1985,MP,0.4
2481,1988,MP,0.9
2481,1991,MP,0.4
2481,1994,MP,1.2
2481,1998,MP,3.4
2481,2002,MP,2.0
2481,2006,MP,1.7
2481,2010,MP,2.6
2481,2014,MP,1.8
2481,2018,MP,1.1
2481,2022,MP,1.3
2481,1973,S,49.0
2481,1976,S,47.9
2481,1979,S,48.2
2481,1982,S,52.4
2481,1985,S,50.7
2481,1988,S,49.5
2481,1991,S,46.1
2481,1994,S,52.8
2481,1998,S,44.5
2481,2002,S,48.1
2481,2006,S,49.5
2481,2010,S,49.6
2481,2014,S,41.3
2481,2018,S,35.2
2481,2022,S,35.3
2481,1973,V,0.7
2481,1976,V,4.1
2481,1979,V,5.7
2481,1982,V,4.6
2481,1985,V,6.2
2481,1988,V,8.1
2481,1991,V,8.5
2481,1994,V,10.1
2481,1998,V,13.0
2481,2002,V,8.8
2481,2006,V,6.9
2481,2010,V,7.2
2481,2014,V,9.7
2481,2018,V,7.2
2481,2022,V,5.2
2481,2002,SD,0.0
2481,2006,SD,0.9
2481,2010,SD,1.3
2481,2014,SD,4.5
2481,2018,SD,6.0
2481,2022,SD,5.9
2481,1973,ÖVRIGA,0.2
2481,1976,ÖVRIGA,0.1
2481,1979,ÖVRIGA,0.1
2481,1982,ÖVRIGA,0.0
2481,1985,ÖVRIGA,0.1
2481,1988,ÖVRIGA,0.2
2481,1991,ÖVRIGA,0.3
2481,1994,ÖVRIGA,0.8
2481,1998,ÖVRIGA,0.2
2481,2002,ÖVRIGA,0.2
2481,2006,ÖVRIGA,0.1
2481,2010,ÖVRIGA,0.0
2481,2014,ÖVRIGA,0.2
2481,2018,ÖVRIGA,0.4
2481,2022,ÖVRIGA,0.1
2482,1973,M,7.7
2482,1976,M,8.9
2482,1979,M,9.7
2482,1982,M,10.6
2482,1985,M,9.2
2482,1988,M,6.8
2482,1991,M,8.5
2482,1994,M,7.9
2482,1998,M,7.5
2482,2002,M,5.5
2482,2006,M,7.1
2482,2010,M,9.0
2482,2014,M,9.9
2482,2018,M,14.2
2482,2022,M,17.1
2482,1973,C,24.2
2482,1976,C,23.5
2482,1979,C,20.7
2482,1982,C,18.9
2482,1985,C,15.7
2482,1988,C,15.7
2482,1991,C,16.3
2482,1994,C,11.4
2482,1998,C,7.8
2482,2002,C,9.8
2482,2006,C,9.4
2482,2010,C,7.8
2482,2014,C,8.0
2482,2018,C,10.3
2482,2022,C,8.9
2482,1973,L,11.2
2482,1976,L,10.2
2482,1979,L,10.3
2482,1982,L,7.0
2482,1985,L,12.7
2482,1988,L,11.0
2482,1991,L,9.7
2482,1994,L,8.1
2482,1998,L,11.5
2482,2002,L,15.2
2482,2006,L,12.0
2482,2010,L,11.9
2482,2014,L,7.7
2482,2018,L,6.6
2482,2022,L,3.0
2482,1973,KD,4.5
2482,1976,KD,4.3
2482,1979,KD,4.7
2482,1982,KD,4.7
2482,1985,KD,4.5
2482,1988,KD,5.9
2482,1991,KD,8.1
2482,1994,KD,4.9
2482,1998,KD,7.1
2482,2002,KD,7.5
2482,2006,KD,6.9
2482,2010,KD,5.2
2482,2014,KD,3.9
2482,2018,KD,3.7
2482,2022,KD,5.5
2482,1982,MP,0.6
2482,1985,MP,1.0
2482,1988,MP,2.9
2482,1991,MP,2.3
2482,1994,MP,4.7
2482,1998,MP,3.8
2482,2002,MP,2.6
2482,2006,MP,3.2
2482,2010,MP,4.7
2482,2014,MP,5.5
2482,2018,MP,3.5
2482,2022,MP,3.7
2482,1973,S,48.4
2482,1976,S,49.6
2482,1979,S,50.2
2482,1982,S,53.7
2482,1985,S,52.2
2482,1988,S,52.7
2482,1991,S,50.7
2482,1994,S,56.9
2482,1998,S,51.3
2482,2002,S,49.5
2482,2006,S,51.7
2482,2010,S,51.1
2482,2014,S,51.3
2482,2018,S,44.3
2482,2022,S,42.8
2482,1973,V,3.5
2482,1976,V,3.0
2482,1979,V,3.8
2482,1982,V,3.9
2482,1985,V,4.0
2482,1988,V,4.2
2482,1991,V,3.9
2482,1994,V,5.6
2482,1998,V,10.5
2482,2002,V,9.7
2482,2006,V,8.4
2482,2010,V,8.4
2482,2014,V,9.2
2482,2018,V,8.6
2482,2022,V,8.3
2482,2002,SD,0.0
2482,2006,SD,1.2
2482,2010,SD,1.8
2482,2014,SD,4.2
2482,2018,SD,8.0
2482,2022,SD,10.1
2482,1973,ÖVRIGA,0.5
2482,1976,ÖVRIGA,0.4
2482,1979,ÖVRIGA,0.6
2482,1982,ÖVRIGA,0.5
2482,1985,ÖVRIGA,0.8
2482,1988,ÖVRIGA,0.8
2482,1991,ÖVRIGA,0.6
2482,1994,ÖVRIGA,0.5
2482,1998,ÖVRIGA,0.6
2482,2002,ÖVRIGA,0.3
2482,2006,ÖVRIGA,0.1
2482,2010,ÖVRIGA,0.1
2482,2014,ÖVRIGA,0.3
2482,2018,ÖVRIGA,1.0
2482,2022,ÖVRIGA,0.5
2505,1973,M,4.6
2505,1976,M,3.4
2505,1979,M,3.4
2505,1982,M,6.4
2505,1985,M,7.3
2505,1988,M,6.1
2505,1991,M,11.2
2505,1994,M,8.2
2505,1998,M,10.0
2505,2002,M,8.3
2505,2006,M,10.5
2505,2010,M,7.4
2505,2014,M,3.7
2505,2018,M,4.1
2505,2022,M,5.4
2505,1973,C,18.5
2505,1976,C,20.4
2505,1979,C,16.7
2505,1982,C,14.2
2505,1985,C,11.5
2505,1988,C,10.6
2505,1991,C,12.0
2505,1994,C,8.9
2505,1998,C,9.8
2505,2002,C,11.8
2505,2006,C,10.8
2505,2010,C,24.6
2505,2014,C,30.0
2505,2018,C,34.3
2505,2022,C,19.7
2505,1973,L,6.5
2505,1976,L,8.0
2505,1979,L,7.1
2505,1982,L,4.4
2505,1985,L,8.2
2505,1988,L,8.1
2505,1991,L,7.2
2505,1994,L,3.9
2505,1998,L,4.5
2505,2002,L,5.8
2505,2006,L,3.6
2505,2010,L,3.3
2505,2014,L,4.8
2505,2018,L,8.7
2505,2022,L,4.5
2505,1973,KD,2.4
2505,1976,KD,2.9
2505,1979,KD,3.3
2505,1982,KD,3.4
2505,1985,KD,3.1
2505,1988,KD,3.4
2505,1991,KD,5.4
2505,1994,KD,4.6
2505,1998,KD,0.9
2505,2002,KD,0.5
2505,2006,KD,0.3
2505,2010,KD,0.2
2505,2014,KD,0.3
2505,2018,KD,0.3
2505,2022,KD,1.3
2505,1982,MP,0.2
2505,1985,MP,0.3
2505,1988,MP,1.5
2505,1991,MP,0.6
2505,1994,MP,2.3
2505,1998,MP,2.3
2505,2002,MP,2.4
2505,2006,MP,1.8
2505,2010,MP,1.7
2505,2014,MP,0.4
2505,2018,MP,0.2
2505,2022,MP,0.2
2505,1973,S,51.6
2505,1976,S,50.9
2505,1979,S,55.3
2505,1982,S,60.0
2505,1985,S,57.7
2505,1988,S,57.6
2505,1991,S,51.4
2505,1994,S,59.0
2505,1998,S,52.1
2505,2002,S,56.3
2505,2006,S,60.7
2505,2010,S,46.9
2505,2014,S,40.7
2505,2018,S,36.7
2505,2022,S,41.1
2505,1973,V,16.2
2505,1976,V,14.4
2505,1979,V,12.1
2505,1982,V,10.3
2505,1985,V,10.8
2505,1988,V,12.8
2505,1991,V,12.0
2505,1994,V,12.4
2505,1998,V,20.3
2505,2002,V,14.5
2505,2006,V,11.6
2505,2010,V,13.3
2505,2014,V,14.5
2505,2018,V,13.2
2505,2022,V,14.3
2505,2002,SD,0.0
2505,2006,SD,0.4
2505,2010,SD,2.4
2505,2014,SD,5.4
2505,2018,SD,2.4
2505,2022,SD,13.4
2505,1973,ÖVRIGA,0.1
2505,1976,ÖVRIGA,0.1
2505,1979,ÖVRIGA,2.0
2505,1982,ÖVRIGA,1.1
2505,1985,ÖVRIGA,1.0
2505,1988,ÖVRIGA,0.0
2505,1991,ÖVRIGA,0.2
2505,1994,ÖVRIGA,0.7
2505,1998,ÖVRIGA,0.2
2505,2002,ÖVRIGA,0.4
2505,2006,ÖVRIGA,0.3
2505,2010,ÖVRIGA,0.0
2505,2014,ÖVRIGA,0.2
2505,2018,ÖVRIGA,0.2
2505,2022,ÖVRIGA,0.1
2506,1973,M,2.7
2506,1976,M,2.5
2506,1979,M,2.5
2506,1982,M,3.2
2506,1985,M,3.2
2506,1988,M,2.5
2506,1991,M,3.7
2506,1994,M,1.7
2506,1998,M,0.9
2506,2002,M,0.5
2506,2006,M,0.5
2506,2010,M,0.9
2506,2014,M,0.7
2506,2018,M,0.6
2506,2022,M,1.0
2506,1973,C,19.8
2506,1976,C,14.9
2506,1979,C,13.3
2506,1982,C,15.3
2506,1985,C,18.7
2506,1988,C,17.5
2506,1991,C,28.4
2506,1994,C,33.9
2506,1998,C,12.4
2506,2002,C,26.1
2506,2006,C,11.8
2506,2010,C,16.8
2506,2014,C,21.8
2506,2018,C,18.8
2506,2022,C,8.0
2506,1973,L,7.8
2506,1976,L,5.7
2506,1979,L,5.5
2506,1982,L,2.9
2506,1985,L,4.3
2506,1988,L,5.3
2506,1991,L,4.4
2506,1994,L,1.9
2506,1998,L,5.4
2506,2002,L,8.0
2506,2006,L,11.4
2506,2010,L,10.7
2506,2014,L,9.3
2506,2018,L,9.9
2506,2022,L,11.4
2506,1973,KD,2.8
2506,1976,KD,2.1
2506,1979,KD,3.4
2506,1982,KD,3.7
2506,1985,KD,2.6
2506,1988,KD,2.5
2506,1991,KD,3.8
2506,1994,KD,2.3
2506,1998,KD,4.2
2506,2002,KD,0.2
2506,2006,KD,0.4
2506,2010,KD,0.7
2506,2014,KD,0.6
2506,2018,KD,0.8
2506,2022,KD,1.0
2506,1982,MP,0.2
2506,1985,MP,0.3
2506,1988,MP,0.9
2506,1991,MP,0.4
2506,1994,MP,0.5
2506,1998,MP,0.5
2506,2002,MP,0.2
2506,2006,MP,4.3
2506,2010,MP,4.5
2506,2014,MP,3.1
2506,2018,MP,0.5
2506,2022,MP,0.4
2506,1973,S,43.1
2506,1976,S,36.1
2506,1979,S,42.2
2506,1982,S,46.6
2506,1985,S,43.9
2506,1988,S,40.2
2506,1991,S,34.8
2506,1994,S,37.3
2506,1998,S,32.6
2506,2002,S,26.3
2506,2006,S,41.0
2506,2010,S,53.1
2506,2014,S,36.9
2506,2018,S,39.6
2506,2022,S,40.1
2506,1973,V,23.8
2506,1976,V,21.0
2506,1979,V,17.0
2506,1982,V,13.8
2506,1985,V,16.1
2506,1988,V,15.7
2506,1991,V,10.3
2506,1994,V,11.5
2506,1998,V,32.9
2506,2002,V,30.6
2506,2006,V,30.5
2506,2010,V,12.7
2506,2014,V,24.2
2506,2018,V,27.1
2506,2022,V,8.5
2506,2002,SD,0.0
2506,2006,SD,0.1
2506,2010,SD,0.6
2506,2014,SD,3.2
2506,2018,SD,2.6
2506,2022,SD,0.0
2506,1973,ÖVRIGA,0.0
2506,1976,ÖVRIGA,17.7
2506,1979,ÖVRIGA,16.1
2506,1982,ÖVRIGA,14.2
2506,1985,ÖVRIGA,10.8
2506,1988,ÖVRIGA,15.2
2506,1991,ÖVRIGA,14.2
2506,1994,ÖVRIGA,10.9
2506,1998,ÖVRIGA,11.1
2506,2002,ÖVRIGA,8.3
2506,2006,ÖVRIGA,0.1
2506,2010,ÖVRIGA,0.0
2506,2014,ÖVRIGA,0.2
2506,2018,ÖVRIGA,0.1
2506,2022,ÖVRIGA,29.7
2510,1973,M,4.7
2510,1976,M,5.9
2510,1979,M,6.7
2510,1982,M,10.3
2510,1985,M,10.6
2510,1988,M,8.0
2510,1991,M,12.6
2510,1994,M,4.1
2510,1998,M,3.8
2510,2002,M,2.4
2510,2006,M,3.6
2510,2010,M,4.1
2510,2014,M,3.2
2510,2018,M,5.0
2510,2022,M,11.6
2510,1973,C,8.3
2510,1976,C,8.8
2510,1979,C,7.8
2510,1982,C,6.6
2510,1985,C,4.5
2510,1988,C,4.5
2510,1991,C,4.9
2510,1994,C,2.4
2510,1998,C,1.0
2510,2002,C,3.4
2510,2006,C,3.6
2510,2010,C,3.4
2510,2014,C,1.0
2510,2018,C,0.5
2510,2022,C,0.4
2510,1973,L,4.6
2510,1976,L,5.3
2510,1979,L,5.1
2510,1982,L,3.3
2510,1985,L,7.9
2510,1988,L,9.5
2510,1991,L,11.4
2510,1994,L,4.0
2510,1998,L,2.9
2510,2002,L,4.3
2510,2006,L,9.3
2510,2010,L,7.4
2510,2014,L,7.2
2510,2018,L,1.8
2510,2022,L,1.2
2510,1973,KD,1.2
2510,1976,KD,1.0
2510,1979,KD,0.7
2510,1982,KD,1.2
2510,1985,KD,2.0
2510,1988,KD,1.1
2510,1991,KD,2.8
2510,1994,KD,1.1
2510,1998,KD,2.3
2510,2002,KD,3.6
2510,2006,KD,1.1
2510,2010,KD,0.3
2510,2014,KD,0.3
2510,2018,KD,0.2
2510,2022,KD,0.5
2510,1982,MP,4.2
2510,1985,MP,4.4
2510,1988,MP,6.3
2510,1991,MP,2.9
2510,1994,MP,4.2
2510,1998,MP,0.7
2510,2002,MP,7.6
2510,2006,MP,6.8
2510,2010,MP,8.3
2510,2014,MP,13.8
2510,2018,MP,13.6
2510,2022,MP,15.3
2510,1973,S,37.8
2510,1976,S,47.4
2510,1979,S,51.0
2510,1982,S,59.7
2510,1985,S,56.7
2510,1988,S,54.9
2510,1991,S,48.1
2510,1994,S,56.4
2510,1998,S,42.5
2510,2002,S,45.2
2510,2006,S,41.4
2510,2010,S,47.0
2510,2014,S,43.3
2510,2018,S,39.8
2510,2022,S,28.5
2510,1973,V,17.3
2510,1976,V,16.3
2510,1979,V,12.0
2510,1982,V,8.8
2510,1985,V,8.3
2510,1988,V,10.2
2510,1991,V,9.8
2510,1994,V,8.6
2510,1998,V,14.2
2510,2002,V,13.3
2510,2006,V,22.1
2510,2010,V,11.5
2510,2014,V,6.5
2510,2018,V,6.8
2510,2022,V,7.8
2510,2002,SD,0.0
2510,2006,SD,0.2
2510,2010,SD,0.9
2510,2014,SD,3.5
2510,2018,SD,6.8
2510,2022,SD,8.0
2510,1973,ÖVRIGA,26.2
2510,1976,ÖVRIGA,15.3
2510,1979,ÖVRIGA,16.6
2510,1982,ÖVRIGA,5.9
2510,1985,ÖVRIGA,5.5
2510,1988,ÖVRIGA,5.4
2510,1991,ÖVRIGA,7.4
2510,1994,ÖVRIGA,19.2
2510,1998,ÖVRIGA,32.6
2510,2002,ÖVRIGA,20.2
2510,2006,ÖVRIGA,11.9
2510,2010,ÖVRIGA,17.1
2510,2014,ÖVRIGA,21.2
2510,2018,ÖVRIGA,25.5
2510,2022,ÖVRIGA,26.7
2513,1973,M,4.2
2513,1976,M,4.0
2513,1979,M,4.6
2513,1982,M,4.2
2513,1985,M,7.0
2513,1988,M,6.6
2513,1991,M,6.8
2513,1994,M,3.1
2513,1998,M,4.3
2513,2002,M,3.3
2513,2006,M,4.1
2513,2010,M,4.5
2513,2014,M,4.9
2513,2018,M,9.0
2513,2022,M,7.0
2513,1973,C,20.1
2513,1976,C,20.8
2513,1979,C,20.2
2513,1982,C,20.1
2513,1985,C,15.3
2513,1988,C,17.2
2513,1991,C,17.7
2513,1994,C,20.1
2513,1998,C,17.1
2513,2002,C,18.7
2513,2006,C,17.5
2513,2010,C,16.6
2513,2014,C,22.7
2513,2018,C,16.5
2513,2022,C,19.4
2513,1973,L,3.6
2513,1976,L,2.9
2513,1979,L,3.5
2513,1982,L,2.8
2513,1985,L,4.2
2513,1988,L,2.9
2513,1991,L,3.6
2513,1994,L,2.0
2513,1998,L,3.6
2513,2002,L,3.2
2513,2006,L,3.6
2513,2010,L,2.6
2513,2014,L,2.2
2513,2018,L,1.3
2513,2022,L,0.7
2513,1973,KD,1.0
2513,1976,KD,0.6
2513,1979,KD,0.1
2513,1982,KD,0.1
2513,1985,KD,0.1
2513,1988,KD,0.1
2513,1991,KD,0.4
2513,1994,KD,0.0
2513,1998,KD,1.4
2513,2002,KD,2.2
2513,2006,KD,0.2
2513,2010,KD,0.0
2513,2014,KD,0.2
2513,2018,KD,0.2
2513,2022,KD,0.8
2513,1982,MP,0.1
2513,1985,MP,0.6
2513,1988,MP,1.6
2513,1991,MP,0.7
2513,1994,MP,0.5
2513,1998,MP,0.4
2513,2002,MP,0.5
2513,2006,MP,2.3
2513,2010,MP,2.9
2513,2014,MP,2.2
2513,2018,MP,1.0
2513,2022,MP,0.2
2513,1973,S,55.1
2513,1976,S,56.7
2513,1979,S,57.4
2513,1982,S,61.7
2513,1985,S,61.8
2513,1988,S,60.8
2513,1991,S,59.6
2513,1994,S,58.5
2513,1998,S,53.7
2513,2002,S,56.4
2513,2006,S,57.3
2513,2010,S,56.1
2513,2014,S,42.3
2513,2018,S,53.2
2513,2022,S,51.3
2513,1973,V,16.0
2513,1976,V,14.9
2513,1979,V,10.5
2513,1982,V,8.9
2513,1985,V,9.0
2513,1988,V,9.2
2513,1991,V,10.9
2513,1994,V,15.6
2513,1998,V,19.1
2513,2002,V,15.4
2513,2006,V,14.5
2513,2010,V,16.1
2513,2014,V,23.4
2513,2018,V,12.2
2513,2022,V,9.4
2513,2002,SD,0.0
2513,2006,SD,0.3
2513,2010,SD,0.9
2513,2014,SD,2.2
2513,2018,SD,6.5
2513,2022,SD,10.9
2513,1973,ÖVRIGA,0.0
2513,1979,ÖVRIGA,3.8
2513,1982,ÖVRIGA,2.0
2513,1985,ÖVRIGA,2.0
2513,1988,ÖVRIGA,1.6
2513,1991,ÖVRIGA,0.3
2513,1994,ÖVRIGA,0.2
2513,1998,ÖVRIGA,0.3
2513,2002,ÖVRIGA,0.2
2513,2006,ÖVRIGA,0.2
2513,2010,ÖVRIGA,0.1
2513,2014,ÖVRIGA,0.0
2513,2018,ÖVRIGA,0.1
2513,2022,ÖVRIGA,0.3
2514,1973,M,7.4
2514,1976,M,7.1
2514,1979,M,7.8
2514,1982,M,8.9
2514,1985,M,8.6
2514,1988,M,6.4
2514,1991,M,8.7
2514,1994,M,7.8
2514,1998,M,8.2
2514,2002,M,4.1
2514,2006,M,6.9
2514,2010,M,14.2
2514,2014,M,16.2
2514,2018,M,20.7
2514,2022,M,22.0
2514,1973,C,18.1
2514,1976,C,17.3
2514,1979,C,15.2
2514,1982,C,12.8
2514,1985,C,10.6
2514,1988,C,10.3
2514,1991,C,10.9
2514,1994,C,9.0
2514,1998,C,8.4
2514,2002,C,6.3
2514,2006,C,10.0
2514,2010,C,7.1
2514,2014,C,7.6
2514,2018,C,7.4
2514,2022,C,5.1
2514,1973,L,3.8
2514,1976,L,4.6
2514,1979,L,4.8
2514,1982,L,2.9
2514,1985,L,7.0
2514,1988,L,7.0
2514,1991,L,7.1
2514,1994,L,5.6
2514,1998,L,4.2
2514,2002,L,2.2
2514,2006,L,3.9
2514,2010,L,3.3
2514,2014,L,4.6
2514,2018,L,5.2
2514,2022,L,4.7
2514,1973,KD,1.0
2514,1976,KD,1.4
2514,1979,KD,1.7
2514,1982,KD,1.7
2514,1985,KD,1.5
2514,1988,KD,1.5
2514,1991,KD,3.0
2514,1994,KD,1.5
2514,1998,KD,3.5
2514,2002,KD,1.8
2514,2006,KD,2.9
2514,2010,KD,1.1
2514,2014,KD,1.1
2514,2018,KD,0.6
2514,2022,KD,0.9
2514,1982,MP,1.4
2514,1985,MP,2.8
2514,1988,MP,5.8
2514,1991,MP,2.9
2514,1994,MP,5.5
2514,1998,MP,12.0
2514,2002,MP,43.7
2514,2006,MP,10.6
2514,2010,MP,16.6
2514,2014,MP,10.1
2514,2018,MP,4.2
2514,2022,MP,3.6
2514,1973,S,60.0
2514,1976,S,61.3
2514,1979,S,61.8
2514,1982,S,65.1
2514,1985,S,62.6
2514,1988,S,61.8
2514,1991,S,60.3
2514,1994,S,62.0
2514,1998,S,43.7
2514,2002,S,34.7
2514,2006,S,57.9
2514,2010,S,46.0
2514,2014,S,45.7
2514,2018,S,40.8
2514,2022,S,42.6
2514,1973,V,8.8
2514,1976,V,7.5
2514,1979,V,5.4
2514,1982,V,5.0
2514,1985,V,5.1
2514,1988,V,5.5
2514,1991,V,6.1
2514,1994,V,8.4
2514,1998,V,13.3
2514,2002,V,5.1
2514,2006,V,4.4
2514,2010,V,5.5
2514,2014,V,5.7
2514,2018,V,6.9
2514,2022,V,4.6
2514,2002,SD,0.0
2514,2006,SD,1.0
2514,2010,SD,1.5
2514,2014,SD,4.4
2514,2018,SD,8.2
2514,2022,SD,10.7
2514,1973,ÖVRIGA,0.9
2514,1976,ÖVRIGA,0.9
2514,1979,ÖVRIGA,3.2
2514,1982,ÖVRIGA,2.3
2514,1985,ÖVRIGA,1.8
2514,1988,ÖVRIGA,1.6
2514,1991,ÖVRIGA,1.0
2514,1994,ÖVRIGA,0.2
2514,1998,ÖVRIGA,6.6
2514,2002,ÖVRIGA,2.2
2514,2006,ÖVRIGA,2.5
2514,2010,ÖVRIGA,4.7
2514,2014,ÖVRIGA,4.7
2514,2018,ÖVRIGA,6.0
2514,2022,ÖVRIGA,5.8
2518,1973,M,9.1
2518,1976,M,7.1
2518,1979,M,7.7
2518,1982,M,7.8
2518,1985,M,8.8
2518,1988,M,7.7
2518,1991,M,10.9
2518,1994,M,5.6
2518,1998,M,6.1
2518,2002,M,6.7
2518,2006,M,6.4
2518,2010,M,4.5
2518,2014,M,2.3
2518,2018,M,0.6
2518,2022,M,1.3
2518,1973,C,31.4
2518,1976,C,31.5
2518,1979,C,28.1
2518,1982,C,26.4
2518,1985,C,27.5
2518,1988,C,27.3
2518,1991,C,21.0
2518,1994,C,24.6
2518,1998,C,14.6
2518,2002,C,16.4
2518,2006,C,20.6
2518,2010,C,19.0
2518,2014,C,21.9
2518,2018,C,24.0
2518,2022,C,27.7
2518,1973,L,2.4
2518,1976,L,2.5
2518,1979,L,2.8
2518,1982,L,2.1
2518,1985,L,2.8
2518,1988,L,3.1
2518,1991,L,2.3
2518,1994,L,0.9
2518,1998,L,1.0
2518,2002,L,0.9
2518,2006,L,1.5
2518,2010,L,1.3
2518,2014,L,0.2
2518,2018,L,0.1
2518,2022,L,0.2
2518,1973,KD,0.0
2518,1976,KD,1.5
2518,1979,KD,2.7
2518,1982,KD,2.4
2518,1985,KD,2.4
2518,1988,KD,2.5
2518,1991,KD,3.1
2518,1994,KD,1.7
2518,1998,KD,5.2
2518,2002,KD,5.0
2518,2006,KD,3.4
2518,2010,KD,2.7
2518,2014,KD,3.7
2518,2018,KD,7.9
2518,2022,KD,10.4
2518,1982,MP,0.2
2518,1985,MP,0.1
2518,1988,MP,1.1
2518,1991,MP,0.2
2518,1994,MP,0.2
2518,1998,MP,0.3
2518,2002,MP,0.4
2518,2006,MP,1.2
2518,2010,MP,0.4
2518,2014,MP,0.4
2518,2018,MP,0.1
2518,2022,MP,0.1
2518,1973,S,41.6
2518,1976,S,42.6
2518,1979,S,43.5
2518,1982,S,47.5
2518,1985,S,44.4
2518,1988,S,46.6
2518,1991,S,38.9
2518,1994,S,48.9
2518,1998,S,35.0
2518,2002,S,36.0
2518,2006,S,36.3
2518,2010,S,47.8
2518,2014,S,32.7
2518,2018,S,36.8
2518,2022,S,20.0
2518,1973,V,15.3
2518,1976,V,14.8
2518,1979,V,11.9
2518,1982,V,11.6
2518,1985,V,12.0
2518,1988,V,10.1
2518,1991,V,8.3
2518,1994,V,8.5
2518,1998,V,11.7
2518,2002,V,11.2
2518,2006,V,8.8
2518,2010,V,12.9
2518,2014,V,7.7
2518,2018,V,5.8
2518,2022,V,5.6
2518,2002,SD,0.0
2518,2006,SD,0.0
2518,2010,SD,0.6
2518,2014,SD,3.3
2518,2018,SD,7.1
2518,2022,SD,0.0
2518,1973,ÖVRIGA,0.1
2518,1976,ÖVRIGA,0.0
2518,1979,ÖVRIGA,3.3
2518,1982,ÖVRIGA,2.1
2518,1985,ÖVRIGA,1.9
2518,1988,ÖVRIGA,1.7
2518,1991,ÖVRIGA,15.2
2518,1994,ÖVRIGA,9.5
2518,1998,ÖVRIGA,26.1
2518,2002,ÖVRIGA,23.3
2518,2006,ÖVRIGA,21.7
2518,2010,ÖVRIGA,10.8
2518,2014,ÖVRIGA,27.8
2518,2018,ÖVRIGA,17.5
2518,2022,ÖVRIGA,34.7
2521,1973,M,7.0
2521,1976,M,7.9
2521,1979,M,9.3
2521,1982,M,10.2
2521,1985,M,9.7
2521,1988,M,7.3
2521,1991,M,7.3
2521,1994,M,6.3
2521,1998,M,6.6
2521,2002,M,5.9
2521,2006,M,6.4
2521,2010,M,6.8
2521,2014,M,8.9
2521,2018,M,7.3
2521,2022,M,6.8
2521,1973,C,17.5
2521,1976,C,15.5
2521,1979,C,12.9
2521,1982,C,11.1
2521,1985,C,10.0
2521,1988,C,11.9
2521,1991,C,11.0
2521,1994,C,8.2
2521,1998,C,6.0
2521,2002,C,7.1
2521,2006,C,4.1
2521,2010,C,3.7
2521,2014,C,3.0
2521,2018,C,2.3
2521,2022,C,5.0
2521,1973,L,4.7
2521,1976,L,4.2
2521,1979,L,3.7
2521,1982,L,4.0
2521,1985,L,7.2
2521,1988,L,7.4
2521,1991,L,6.8
2521,1994,L,3.2
2521,1998,L,2.1
2521,2002,L,1.7
2521,2006,L,3.0
2521,2010,L,1.8
2521,2014,L,2.9
2521,2018,L,1.4
2521,2022,L,0.3
2521,1973,KD,2.1
2521,1976,KD,2.4
2521,1979,KD,3.0
2521,1982,KD,3.0
2521,1985,KD,3.9
2521,1988,KD,4.8
2521,1991,KD,6.5
2521,1994,KD,6.4
2521,1998,KD,8.9
2521,2002,KD,12.1
2521,2006,KD,7.3
2521,2010,KD,7.6
2521,2014,KD,10.0
2521,2018,KD,14.2
2521,2022,KD,13.8
2521,1985,MP,0.2
2521,1988,MP,1.1
2521,1991,MP,0.5
2521,1994,MP,0.6
2521,1998,MP,0.2
2521,2002,MP,2.7
2521,2006,MP,1.4
2521,2010,MP,1.0
2521,2014,MP,0.5
2521,2018,MP,0.3
2521,2022,MP,0.4
2521,1973,S,43.3
2521,1976,S,42.1
2521,1979,S,42.9
2521,1982,S,47.2
2521,1985,S,45.5
2521,1988,S,45.0
2521,1991,S,42.9
2521,1994,S,52.1
2521,1998,S,39.7
2521,2002,S,35.7
2521,2006,S,40.1
2521,2010,S,50.8
2521,2014,S,46.0
2521,2018,S,29.2
2521,2022,S,28.0
2521,1973,V,22.5
2521,1976,V,23.4
2521,1979,V,19.1
2521,1982,V,19.6
2521,1985,V,19.9
2521,1988,V,19.3
2521,1991,V,22.8
2521,1994,V,20.6
2521,1998,V,22.6
2521,2002,V,25.8
2521,2006,V,24.6
2521,2010,V,19.6
2521,2014,V,19.4
2521,2018,V,18.1
2521,2022,V,17.0
2521,2002,SD,0.0
2521,2006,SD,0.2
2521,2010,SD,0.8
2521,2014,SD,2.7
2521,2018,SD,2.0
2521,2022,SD,6.6
2521,1973,ÖVRIGA,2.9
2521,1976,ÖVRIGA,4.5
2521,1979,ÖVRIGA,9.1
2521,1982,ÖVRIGA,4.9
2521,1985,ÖVRIGA,3.6
2521,1988,ÖVRIGA,3.0
2521,1991,ÖVRIGA,2.2
2521,1994,ÖVRIGA,2.7
2521,1998,ÖVRIGA,14.0
2521,2002,ÖVRIGA,9.1
2521,2006,ÖVRIGA,13.0
2521,2010,ÖVRIGA,7.8
2521,2014,ÖVRIGA,6.4
2521,2018,ÖVRIGA,25.1
2521,2022,ÖVRIGA,22.0
2523,1973,M,10.8
2523,1976,M,8.3
2523,1979,M,9.9
2523,1982,M,12.0
2523,1985,M,11.9
2523,1988,M,9.1
2523,1991,M,12.5
2523,1994,M,10.4
2523,1998,M,8.9
2523,2002,M,15.6
2523,2006,M,15.2
2523,2010,M,17.1
2523,2014,M,16.8
2523,2018,M,17.5
2523,2022,M,30.2
2523,1973,C,12.9
2523,1976,C,12.5
2523,1979,C,8.7
2523,1982,C,7.9
2523,1985,C,5.1
2523,1988,C,5.5
2523,1991,C,5.2
2523,1994,C,3.1
2523,1998,C,1.8
2523,2002,C,2.2
2523,2006,C,1.5
2523,2010,C,1.1
2523,2014,C,0.5
2523,2018,C,0.8
2523,2022,C,0.5
2523,1973,L,3.7
2523,1976,L,4.4
2523,1979,L,3.7
2523,1982,L,2.1
2523,1985,L,4.2
2523,1988,L,4.6
2523,1991,L,5.1
2523,1994,L,3.1
2523,1998,L,2.3
2523,2002,L,4.7
2523,2006,L,2.3
2523,2010,L,1.3
2523,2014,L,1.1
2523,2018,L,0.6
2523,2022,L,0.7
2523,1973,KD,0.7
2523,1976,KD,0.9
2523,1979,KD,1.2
2523,1982,KD,1.9
2523,1985,KD,1.6
2523,1988,KD,1.3
2523,1991,KD,2.9
2523,1994,KD,1.4
2523,1998,KD,2.5
2523,2002,KD,2.2
2523,2006,KD,1.5
2523,2010,KD,0.9
2523,2014,KD,0.4
2523,2018,KD,0.4
2523,2022,KD,0.4
2523,1982,MP,0.9
2523,1985,MP,0.8
2523,1988,MP,3.5
2523,1991,MP,2.3
2523,1994,MP,4.1
2523,1998,MP,3.5
2523,2002,MP,3.8
2523,2006,MP,1.5
2523,2010,MP,1.7
2523,2014,MP,9.5
2523,2018,MP,11.9
2523,2022,MP,13.3
2523,1973,S,47.8
2523,1976,S,48.5
2523,1979,S,50.6
2523,1982,S,48.0
2523,1985,S,40.8
2523,1988,S,45.8
2523,1991,S,46.8
2523,1994,S,51.2
2523,1998,S,32.2
2523,2002,S,31.3
2523,2006,S,44.8
2523,2010,S,50.3
2523,2014,S,41.0
2523,2018,S,34.3
2523,2022,S,26.9
2523,1973,V,21.4
2523,1976,V,18.3
2523,1979,V,14.9
2523,1982,V,17.2
2523,1985,V,16.7
2523,1988,V,17.3
2523,1991,V,19.3
2523,1994,V,20.0
2523,1998,V,32.0
2523,2002,V,21.5
2523,2006,V,20.2
2523,2010,V,16.9
2523,2014,V,17.0
2523,2018,V,12.8
2523,2022,V,10.3
2523,2002,SD,1.0
2523,2006,SD,2.4
2523,2010,SD,1.9
2523,2014,SD,4.9
2523,2018,SD,12.3
2523,2022,SD,15.4
2523,1973,ÖVRIGA,2.7
2523,1976,ÖVRIGA,7.3
2523,1979,ÖVRIGA,11.1
2523,1982,ÖVRIGA,9.8
2523,1985,ÖVRIGA,18.9
2523,1988,ÖVRIGA,12.9
2523,1991,ÖVRIGA,6.0
2523,1994,ÖVRIGA,6.7
2523,1998,ÖVRIGA,16.7
2523,2002,ÖVRIGA,17.8
2523,2006,ÖVRIGA,10.5
2523,2010,ÖVRIGA,8.8
2523,2014,ÖVRIGA,8.7
2523,2018,ÖVRIGA,9.4
2523,2022,ÖVRIGA,2.3
2560,1973,M,3.0
2560,1976,M,3.3
2560,1979,M,4.6
2560,1982,M,5.9
2560,1985,M,5.2
2560,1988,M,3.9
2560,1991,M,5.6
2560,1994,M,4.5
2560,1998,M,4.6
2560,2002,M,3.7
2560,2006,M,1.8
2560,2010,M,1.7
2560,2014,M,1.1
2560,2018,M,1.5
2560,2022,M,19.6
2560,1973,C,19.0
2560,1976,C,18.8
2560,1979,C,16.2
2560,1982,C,13.3
2560,1985,C,11.4
2560,1988,C,13.7
2560,1991,C,13.5
2560,1994,C,10.0
2560,1998,C,9.4
2560,2002,C,11.5
2560,2006,C,15.4
2560,2010,C,19.4
2560,2014,C,14.6
2560,2018,C,18.7
2560,2022,C,14.3
2560,1973,L,5.6
2560,1976,L,5.8
2560,1979,L,5.2
2560,1982,L,4.2
2560,1985,L,7.2
2560,1988,L,5.5
2560,1991,L,6.6
2560,1994,L,5.6
2560,1998,L,5.0
2560,2002,L,4.1
2560,2006,L,4.5
2560,2010,L,9.7
2560,2014,L,6.9
2560,2018,L,10.3
2560,2022,L,4.7
2560,1973,KD,5.4
2560,1976,KD,6.3
2560,1979,KD,6.7
2560,1982,KD,5.5
2560,1985,KD,5.0
2560,1988,KD,5.2
2560,1991,KD,6.5
2560,1994,KD,3.9
2560,1998,KD,6.6
2560,2002,KD,6.3
2560,2006,KD,4.8
2560,2010,KD,3.5
2560,2014,KD,2.4
2560,2018,KD,5.3
2560,2022,KD,5.0
2560,1982,MP,0.7
2560,1985,MP,0.9
2560,1988,MP,2.0
2560,1991,MP,1.7
2560,1994,MP,1.3
2560,1998,MP,0.5
2560,2002,MP,0.4
2560,2006,MP,0.9
2560,2010,MP,1.7
2560,2014,MP,0.3
2560,2018,MP,0.3
2560,2022,MP,0.3
2560,1973,S,49.7
2560,1976,S,51.9
2560,1979,S,53.1
2560,1982,S,59.1
2560,1985,S,58.7
2560,1988,S,58.3
2560,1991,S,52.7
2560,1994,S,56.1
2560,1998,S,43.6
2560,2002,S,48.3
2560,2006,S,53.5
2560,2010,S,39.5
2560,2014,S,47.6
2560,2018,S,39.6
2560,2022,S,38.3
2560,1973,V,17.4
2560,1976,V,13.9
2560,1979,V,12.2
2560,1982,V,9.8
2560,1985,V,11.3
2560,1988,V,11.5
2560,1991,V,13.0
2560,1994,V,18.0
2560,1998,V,27.0
2560,2002,V,19.6
2560,2006,V,13.3
2560,2010,V,17.5
2560,2014,V,11.3
2560,2018,V,10.0
2560,2022,V,6.9
2560,2002,SD,0.0
2560,2006,SD,0.6
2560,2010,SD,1.9
2560,2014,SD,11.6
2560,2018,SD,9.6
2560,2022,SD,10.5
2560,1973,ÖVRIGA,0.0
2560,1979,ÖVRIGA,1.9
2560,1982,ÖVRIGA,1.5
2560,1985,ÖVRIGA,0.4
2560,1991,ÖVRIGA,0.3
2560,1994,ÖVRIGA,0.4
2560,1998,ÖVRIGA,3.2
2560,2002,ÖVRIGA,6.0
2560,2006,ÖVRIGA,5.3
2560,2010,ÖVRIGA,5.0
2560,2014,ÖVRIGA,4.1
2560,2018,ÖVRIGA,4.7
2560,2022,ÖVRIGA,0.5
2580,1973,M,9.6
2580,1976,M,10.2
2580,1979,M,12.9
2580,1982,M,13.7
2580,1985,M,12.8
2580,1988,M,9.8
2580,1991,M,14.0
2580,1994,M,12.1
2580,1998,M,17.3
2580,2002,M,15.3
2580,2006,M,14.5
2580,2010,M,15.1
2580,2014,M,13.4
2580,2018,M,14.8
2580,2022,M,15.6
2580,1973,C,19.1
2580,1976,C,17.7
2580,1979,C,12.7
2580,1982,C,10.8
2580,1985,C,7.3
2580,1988,C,7.9
2580,1991,C,7.5
2580,1994,C,5.9
2580,1998,C,6.3
2580,2002,C,6.7
2580,2006,C,5.8
2580,2010,C,4.8
2580,2014,C,4.4
2580,2018,C,7.5
2580,2022,C,6.8
2580,1973,L,8.5
2580,1976,L,10.4
2580,1979,L,9.0
2580,1982,L,4.4
2580,1985,L,10.9
2580,1988,L,11.6
2580,1991,L,12.2
2580,1994,L,7.5
2580,1998,L,6.0
2580,2002,L,9.7
2580,2006,L,5.8
2580,2010,L,5.2
2580,2014,L,4.4
2580,2018,L,5.2
2580,2022,L,5.3
2580,1973,KD,2.5
2580,1976,KD,2.5
2580,1979,KD,2.6
2580,1982,KD,2.8
2580,1985,KD,2.3
2580,1988,KD,2.6
2580,1991,KD,4.6
2580,1994,KD,2.5
2580,1998,KD,5.1
2580,2002,KD,4.3
2580,2006,KD,4.1
2580,2010,KD,2.6
2580,2014,KD,2.7
2580,2018,KD,3.8
2580,2022,KD,6.3
2580,1982,MP,1.7
2580,1985,MP,4.2
2580,1988,MP,8.0
2580,1991,MP,5.0
2580,1994,MP,6.6
2580,1998,MP,5.2
2580,2002,MP,6.0
2580,2006,MP,4.0
2580,2010,MP,5.2
2580,2014,MP,6.4
2580,2018,MP,3.7
2580,2022,MP,3.2
2580,1973,S,48.5
2580,1976,S,48.3
2580,1979,S,49.7
2580,1982,S,54.5
2580,1985,S,52.3
2580,1988,S,50.9
2580,1991,S,48.4
2580,1994,S,55.4
2580,1998,S,41.2
2580,2002,S,40.0
2580,2006,S,50.7
2580,2010,S,50.5
2580,2014,S,48.7
2580,2018,S,37.5
2580,2022,S,37.4
2580,1973,V,10.8
2580,1976,V,10.2
2580,1979,V,10.7
2580,1982,V,9.3
2580,1985,V,8.6
2580,1988,V,8.1
2580,1991,V,7.8
2580,1994,V,9.3
2580,1998,V,17.2
2580,2002,V,11.6
2580,2006,V,6.3
2580,2010,V,6.4
2580,2014,V,5.9
2580,2018,V,10.3
2580,2022,V,8.5
2580,2002,SD,0.0
2580,2006,SD,1.2
2580,2010,SD,2.0
2580,2014,SD,4.9
2580,2018,SD,7.0
2580,2022,SD,10.0
2580,1973,ÖVRIGA,1.1
2580,1976,ÖVRIGA,0.8
2580,1979,ÖVRIGA,2.4
2580,1982,ÖVRIGA,2.6
2580,1985,ÖVRIGA,1.6
2580,1988,ÖVRIGA,1.2
2580,1991,ÖVRIGA,0.6
2580,1994,ÖVRIGA,0.7
2580,1998,ÖVRIGA,1.5
2580,2002,ÖVRIGA,6.4
2580,2006,ÖVRIGA,7.5
2580,2010,ÖVRIGA,8.2
2580,2014,ÖVRIGA,9.3
2580,2018,ÖVRIGA,10.2
2580,2022,ÖVRIGA,6.9
2581,1973,M,5.5
2581,1976,M,5.5
2581,1979,M,7.4
2581,1982,M,8.5
2581,1985,M,7.8
2581,1988,M,5.4
2581,1991,M,7.0
2581,1994,M,6.4
2581,1998,M,6.5
2581,2002,M,4.6
2581,2006,M,8.0
2581,2010,M,11.2
2581,2014,M,10.6
2581,2018,M,11.9
2581,2022,M,15.9
2581,1973,C,21.0
2581,1976,C,19.5
2581,1979,C,15.7
2581,1982,C,13.5
2581,1985,C,11.1
2581,1988,C,11.3
2581,1991,C,10.0
2581,1994,C,7.3
2581,1998,C,7.0
2581,2002,C,7.4
2581,2006,C,8.6
2581,2010,C,6.0
2581,2014,C,9.1
2581,2018,C,11.0
2581,2022,C,9.0
2581,1973,L,4.4
2581,1976,L,5.2
2581,1979,L,4.6
2581,1982,L,3.1
2581,1985,L,6.9
2581,1988,L,7.6
2581,1991,L,8.0
2581,1994,L,5.5
2581,1998,L,5.6
2581,2002,L,7.3
2581,2006,L,4.8
2581,2010,L,4.8
2581,2014,L,3.9
2581,2018,L,2.5
2581,2022,L,1.9
2581,1973,KD,6.8
2581,1976,KD,6.0
2581,1979,KD,6.2
2581,1982,KD,6.2
2581,1985,KD,5.4
2581,1988,KD,5.4
2581,1991,KD,6.6
2581,1994,KD,3.8
2581,1998,KD,6.8
2581,2002,KD,5.7
2581,2006,KD,5.1
2581,2010,KD,4.0
2581,2014,KD,3.5
2581,2018,KD,3.5
2581,2022,KD,3.8
2581,1982,MP,0.9
2581,1985,MP,1.6
2581,1988,MP,3.3
2581,1991,MP,2.2
2581,1994,MP,1.8
2581,1998,MP,1.7
2581,2002,MP,3.0
2581,2006,MP,3.1
2581,2010,MP,4.5
2581,2014,MP,5.0
2581,2018,MP,2.7
2581,2022,MP,2.2
2581,1973,S,52.9
2581,1976,S,56.4
2581,1979,S,58.8
2581,1982,S,61.4
2581,1985,S,59.7
2581,1988,S,60.5
2581,1991,S,58.8
2581,1994,S,66.7
2581,1998,S,52.8
2581,2002,S,51.3
2581,2006,S,54.5
2581,2010,S,56.2
2581,2014,S,44.5
2581,2018,S,37.6
2581,2022,S,42.3
2581,1973,V,9.4
2581,1976,V,7.2
2581,1979,V,6.1
2581,1982,V,5.8
2581,1985,V,6.2
2581,1988,V,6.0
2581,1991,V,5.5
2581,1994,V,7.9
2581,1998,V,16.9
2581,2002,V,11.5
2581,2006,V,8.4
2581,2010,V,9.1
2581,2014,V,10.3
2581,2018,V,11.4
2581,2022,V,9.0
2581,2002,SD,0.1
2581,2006,SD,0.5
2581,2010,SD,0.9
2581,2014,SD,4.3
2581,2018,SD,6.5
2581,2022,SD,9.6
2581,1973,ÖVRIGA,0.1
2581,1976,ÖVRIGA,0.0
2581,1979,ÖVRIGA,1.3
2581,1982,ÖVRIGA,0.7
2581,1985,ÖVRIGA,1.3
2581,1988,ÖVRIGA,0.6
2581,1991,ÖVRIGA,2.0
2581,1994,ÖVRIGA,0.6
2581,1998,ÖVRIGA,2.7
2581,2002,ÖVRIGA,9.1
2581,2006,ÖVRIGA,6.9
2581,2010,ÖVRIGA,3.2
2581,2014,ÖVRIGA,8.8
2581,2018,ÖVRIGA,13.0
2581,2022,ÖVRIGA,6.3
2582,1973,M,10.4
2582,1976,M,10.5
2582,1979,M,12.6
2582,1982,M,14.7
2582,1985,M,16.8
2582,1988,M,13.1
2582,1991,M,17.1
2582,1994,M,13.4
2582,1998,M,11.6
2582,2002,M,12.6
2582,2006,M,32.3
2582,2010,M,31.5
2582,2014,M,26.8
2582,2018,M,16.0
2582,2022,M,13.9
2582,1973,C,18.1
2582,1976,C,18.2
2582,1979,C,14.0
2582,1982,C,11.9
2582,1985,C,9.3
2582,1988,C,8.2
2582,1991,C,9.5
2582,1994,C,7.0
2582,1998,C,4.0
2582,2002,C,3.5
2582,2006,C,3.6
2582,2010,C,2.4
2582,2014,C,2.8
2582,2018,C,5.4
2582,2022,C,5.4
2582,1973,L,7.0
2582,1976,L,7.8
2582,1979,L,7.5
2582,1982,L,4.1
2582,1985,L,10.2
2582,1988,L,9.0
2582,1991,L,7.4
2582,1994,L,4.0
2582,1998,L,2.5
2582,2002,L,5.0
2582,2006,L,2.4
2582,2010,L,2.4
2582,2014,L,2.6
2582,2018,L,3.0
2582,2022,L,1.7
2582,1973,KD,3.2
2582,1976,KD,2.9
2582,1979,KD,2.9
2582,1982,KD,3.1
2582,1985,KD,2.7
2582,1988,KD,3.2
2582,1991,KD,4.7
2582,1994,KD,2.7
2582,1998,KD,5.1
2582,2002,KD,4.3
2582,2006,KD,3.4
2582,2010,KD,2.5
2582,2014,KD,2.6
2582,2018,KD,1.7
2582,2022,KD,2.4
2582,1982,MP,0.9
2582,1985,MP,1.1
2582,1988,MP,3.6
2582,1991,MP,2.3
2582,1994,MP,3.4
2582,1998,MP,2.4
2582,2002,MP,4.1
2582,2006,MP,2.6
2582,2010,MP,3.0
2582,2014,MP,4.4
2582,2018,MP,2.1
2582,2022,MP,1.9
2582,1973,S,51.2
2582,1976,S,52.1
2582,1979,S,53.1
2582,1982,S,56.4
2582,1985,S,49.8
2582,1988,S,53.5
2582,1991,S,50.7
2582,1994,S,61.5
2582,1998,S,44.6
2582,2002,S,39.6
2582,2006,S,32.1
2582,2010,S,41.6
2582,2014,S,36.8
2582,2018,S,34.2
2582,2022,S,48.2
2582,1973,V,9.9
2582,1976,V,7.9
2582,1979,V,8.4
2582,1982,V,8.3
2582,1985,V,9.6
2582,1988,V,8.9
2582,1991,V,7.2
2582,1994,V,7.6
2582,1998,V,12.8
2582,2002,V,12.6
2582,2006,V,14.1
2582,2010,V,10.7
2582,2014,V,7.5
2582,2018,V,6.4
2582,2022,V,5.2
2582,2002,SD,0.0
2582,2006,SD,0.5
2582,2010,SD,2.1
2582,2014,SD,11.4
2582,2018,SD,9.4
2582,2022,SD,13.1
2582,1973,ÖVRIGA,0.2
2582,1976,ÖVRIGA,0.6
2582,1979,ÖVRIGA,1.5
2582,1982,ÖVRIGA,0.5
2582,1985,ÖVRIGA,0.6
2582,1988,ÖVRIGA,0.6
2582,1991,ÖVRIGA,1.2
2582,1994,ÖVRIGA,0.4
2582,1998,ÖVRIGA,17.0
2582,2002,ÖVRIGA,18.3
2582,2006,ÖVRIGA,9.0
2582,2010,ÖVRIGA,3.9
2582,2014,ÖVRIGA,5.0
2582,2018,ÖVRIGA,21.9
2582,2022,ÖVRIGA,8.2
2583,1973,M,11.9
2583,1976,M,10.5
2583,1979,M,10.7
2583,1982,M,11.3
2583,1985,M,13.7
2583,1988,M,10.4
2583,1991,M,12.4
2583,1994,M,9.8
2583,1998,M,13.8
2583,2002,M,15.8
2583,2006,M,12.5
2583,2010,M,15.9
2583,2014,M,15.2
2583,2018,M,11.2
2583,2022,M,11.6
2583,1973,C,25.4
2583,1976,C,23.2
2583,1979,C,19.6
2583,1982,C,16.9
2583,1985,C,17.1
2583,1988,C,16.0
2583,1991,C,16.6
2583,1994,C,13.4
2583,1998,C,10.4
2583,2002,C,15.8
2583,2006,C,14.1
2583,2010,C,12.2
2583,2014,C,23.8
2583,2018,C,21.5
2583,2022,C,18.0
2583,1973,L,4.3
2583,1976,L,3.8
2583,1979,L,3.7
2583,1982,L,1.5
2583,1985,L,2.2
2583,1988,L,2.0
2583,1991,L,2.0
2583,1994,L,1.8
2583,1998,L,1.6
2583,2002,L,3.8
2583,2006,L,0.9
2583,2010,L,0.2
2583,2014,L,0.5
2583,2018,L,0.2
2583,2022,L,0.8
2583,1973,KD,0.0
2583,1976,KD,1.4
2583,1979,KD,2.0
2583,1982,KD,2.2
2583,1985,KD,1.6
2583,1988,KD,2.0
2583,1991,KD,2.6
2583,1994,KD,2.3
2583,1998,KD,3.9
2583,2002,KD,3.8
2583,2006,KD,2.8
2583,2010,KD,2.4
2583,2014,KD,2.5
2583,2018,KD,5.7
2583,2022,KD,5.2
2583,1982,MP,2.3
2583,1985,MP,2.8
2583,1988,MP,5.5
2583,1991,MP,2.7
2583,1994,MP,1.0
2583,1998,MP,0.6
2583,2002,MP,0.5
2583,2006,MP,0.3
2583,2010,MP,0.8
2583,2014,MP,1.3
2583,2018,MP,0.7
2583,2022,MP,0.3
2583,1973,S,43.0
2583,1976,S,41.7
2583,1979,S,42.9
2583,1982,S,46.7
2583,1985,S,46.2
2583,1988,S,50.6
2583,1991,S,53.2
2583,1994,S,59.7
2583,1998,S,47.1
2583,2002,S,45.2
2583,2006,S,60.9
2583,2010,S,57.4
2583,2014,S,46.6
2583,2018,S,33.7
2583,2022,S,38.3
2583,1973,V,10.4
2583,1976,V,8.4
2583,1979,V,4.8
2583,1982,V,6.5
2583,1985,V,6.2
2583,1988,V,5.7
2583,1991,V,4.7
2583,1994,V,4.2
2583,1998,V,9.9
2583,2002,V,9.1
2583,2006,V,5.6
2583,2010,V,8.2
2583,2014,V,6.0
2583,2018,V,3.6
2583,2022,V,3.7
2583,2002,SD,0.0
2583,2006,SD,0.5
2583,2010,SD,1.2
2583,2014,SD,3.7
2583,2018,SD,3.5
2583,2022,SD,14.3
2583,1973,ÖVRIGA,5.0
2583,1976,ÖVRIGA,10.9
2583,1979,ÖVRIGA,16.3
2583,1982,ÖVRIGA,12.5
2583,1985,ÖVRIGA,10.2
2583,1988,ÖVRIGA,7.7
2583,1991,ÖVRIGA,5.7
2583,1994,ÖVRIGA,7.9
2583,1998,ÖVRIGA,12.9
2583,2002,ÖVRIGA,6.1
2583,2006,ÖVRIGA,2.6
2583,2010,ÖVRIGA,1.6
2583,2014,ÖVRIGA,0.4
2583,2018,ÖVRIGA,19.7
2583,2022,ÖVRIGA,7.7
2584,1973,M,5.9
2584,1976,M,6.2
2584,1979,M,7.9
2584,1982,M,9.8
2584,1985,M,9.4
2584,1988,M,8.4
2584,1991,M,14.0
2584,1994,M,8.6
2584,1998,M,10.0
2584,2002,M,7.4
2584,2006,M,7.1
2584,2010,M,8.0
2584,2014,M,4.1
2584,2018,M,6.6
2584,2022,M,10.8
2584,1973,C,12.7
2584,1976,C,11.7
2584,1979,C,7.1
2584,1982,C,5.2
2584,1985,C,3.8
2584,1988,C,3.7
2584,1991,C,3.5
2584,1994,C,1.4
2584,1998,C,0.7
2584,2002,C,3.6
2584,2006,C,4.8
2584,2010,C,18.6
2584,2014,C,28.5
2584,2018,C,32.9
2584,2022,C,9.7
2584,1973,L,8.4
2584,1976,L,7.8
2584,1979,L,6.8
2584,1982,L,3.0
2584,1985,L,7.1
2584,1988,L,6.8
2584,1991,L,6.3
2584,1994,L,2.4
2584,1998,L,1.7
2584,2002,L,2.2
2584,2006,L,1.1
2584,2010,L,1.7
2584,2014,L,1.2
2584,2018,L,1.2
2584,2022,L,0.3
2584,1973,KD,1.7
2584,1976,KD,1.8
2584,1979,KD,2.1
2584,1982,KD,2.2
2584,1985,KD,2.1
2584,1988,KD,2.2
2584,1991,KD,3.3
2584,1994,KD,1.6
2584,1998,KD,2.0
2584,2002,KD,2.6
2584,2006,KD,2.1
2584,2010,KD,2.2
2584,2014,KD,1.8
2584,2018,KD,2.8
2584,2022,KD,11.5
2584,1982,MP,0.9
2584,1985,MP,0.9
2584,1988,MP,2.3
2584,1991,MP,1.6
2584,1994,MP,3.4
2584,1998,MP,2.3
2584,2002,MP,3.8
2584,2006,MP,1.9
2584,2010,MP,2.5
2584,2014,MP,2.0
2584,2018,MP,1.3
2584,2022,MP,0.4
2584,1973,S,50.2
2584,1976,S,54.0
2584,1979,S,56.6
2584,1982,S,59.9
2584,1985,S,56.0
2584,1988,S,56.8
2584,1991,S,51.8
2584,1994,S,30.3
2584,1998,S,35.3
2584,2002,S,34.1
2584,2006,S,34.4
2584,2010,S,35.1
2584,2014,S,32.5
2584,2018,S,25.2
2584,2022,S,40.7
2584,1973,V,21.0
2584,1976,V,18.3
2584,1979,V,15.9
2584,1982,V,16.8
2584,1985,V,17.5
2584,1988,V,17.3
2584,1991,V,17.8
2584,1994,V,16.8
2584,1998,V,10.2
2584,2002,V,13.3
2584,2006,V,10.2
2584,2010,V,12.9
2584,2014,V,9.5
2584,2018,V,7.0
2584,2022,V,7.9
2584,2002,SD,0.0
2584,2006,SD,0.2
2584,2010,SD,1.5
2584,2014,SD,2.1
2584,2018,SD,3.2
2584,2022,SD,5.4
2584,1973,ÖVRIGA,0.1
2584,1976,ÖVRIGA,0.2
2584,1979,ÖVRIGA,3.6
2584,1982,ÖVRIGA,2.2
2584,1985,ÖVRIGA,3.3
2584,1988,ÖVRIGA,2.4
2584,1991,ÖVRIGA,1.7
2584,1994,ÖVRIGA,35.4
2584,1998,ÖVRIGA,37.7
2584,2002,ÖVRIGA,33.1
2584,2006,ÖVRIGA,38.2
2584,2010,ÖVRIGA,17.5
2584,2014,ÖVRIGA,18.3
2584,2018,ÖVRIGA,19.9
2584,2022,ÖVRIGA,13.3
