valtyp,kod,parti_abbr,parti,mandat2022,mandat2026,kalla
RD,00,S,Arbetarepartiet-Socialdemokraterna,107,99,"Valmyndigheten: Mandatfördelning riksdag, region- och kommunfullmäktige 2026 (xlsx)"
RD,00,C,Centerpartiet,24,25,"Valmyndigheten: Mandatfördelning riksdag, region- och kommunfullmäktige 2026 (xlsx)"
RD,00,KD,Kristdemokraterna,19,22,"Valmyndigheten: Mandatfördelning riksdag, region- och kommunfullmäktige 2026 (xlsx)"
RD,00,L,Liberalerna (tidigare Folkpartiet),16,19,"Valmyndigheten: Mandatfördelning riksdag, region- och kommunfullmäktige 2026 (xlsx)"
RD,00,MP,Miljöpartiet de gröna,18,22,"Valmyndigheten: Mandatfördelning riksdag, region- och kommunfullmäktige 2026 (xlsx)"
RD,00,M,Moderaterna,68,70,"Valmyndigheten: Mandatfördelning riksdag, region- och kommunfullmäktige 2026 (xlsx)"
RD,00,SD,Sverigedemokraterna,73,62,"Valmyndigheten: Mandatfördelning riksdag, region- och kommunfullmäktige 2026 (xlsx)"
RD,00,V,Vänsterpartiet,24,30,"Valmyndigheten: Mandatfördelning riksdag, region- och kommunfullmäktige 2026 (xlsx)"
RF,01,S,Arbetarepartiet-Socialdemokraterna,50,42,"Valmyndigheten: Mandatfördelning riksdag, region- och kommunfullmäktige 2026 (xlsx)"
RF,01,C,Centerpartiet,9,10,"Valmyndigheten: Mandatfördelning riksdag, region- och kommunfullmäktige 2026 (xlsx)"
RF,01,KD,Kristdemokraterna,10,11,"Valmyndigheten: Mandatfördelning riksdag, region- och kommunfullmäktige 2026 (xlsx)"
RF,01,L,Liberalerna (tidigare Folkpartiet),9,6,"Valmyndigheten: Mandatfördelning riksdag, region- och kommunfullmäktige 2026 (xlsx)"
RF,01,MP,Miljöpartiet de gröna,6,11,"Valmyndigheten: Mandatfördelning riksdag, region- och kommunfullmäktige 2026 (xlsx)"
RF,01,M,Moderaterna,31,36,"Valmyndigheten: Mandatfördelning riksdag, region- och kommunfullmäktige 2026 (xlsx)"
RF,01,SD,Sverigedemokraterna,16,15,"Valmyndigheten: Mandatfördelning riksdag, region- och kommunfullmäktige 2026 (xlsx)"
RF,01,V,Vänsterpartiet,18,18,"Valmyndigheten: Mandatfördelning riksdag, region- och kommunfullmäktige 2026 (xlsx)"
RF,03,S,Arbetarepartiet-Socialdemokraterna,31,30,"Valmyndigheten: Mandatfördelning riksdag, region- och kommunfullmäktige 2026 (xlsx)"
RF,03,C,Centerpartiet,7,7,"Valmyndigheten: Mandatfördelning riksdag, region- och kommunfullmäktige 2026 (xlsx)"
RF,03,KD,Kristdemokraterna,9,10,"Valmyndigheten: Mandatfördelning riksdag, region- och kommunfullmäktige 2026 (xlsx)"
RF,03,L,Liberalerna (tidigare Folkpartiet),5,0,"Valmyndigheten: Mandatfördelning riksdag, region- och kommunfullmäktige 2026 (xlsx)"
RF,03,MP,Miljöpartiet de gröna,5,7,"Valmyndigheten: Mandatfördelning riksdag, region- och kommunfullmäktige 2026 (xlsx)"
RF,03,M,Moderaterna,18,21,"Valmyndigheten: Mandatfördelning riksdag, region- och kommunfullmäktige 2026 (xlsx)"
RF,03,SD,Sverigedemokraterna,14,14,"Valmyndigheten: Mandatfördelning riksdag, region- och kommunfullmäktige 2026 (xlsx)"
RF,03,V,Vänsterpartiet,12,12,"Valmyndigheten: Mandatfördelning riksdag, region- och kommunfullmäktige 2026 (xlsx)"
RF,04,S,Arbetarepartiet-Socialdemokraterna,26,25,"Valmyndigheten: Mandatfördelning riksdag, region- och kommunfullmäktige 2026 (xlsx)"
RF,04,C,Centerpartiet,4,4,"Valmyndigheten: Mandatfördelning riksdag, region- och kommunfullmäktige 2026 (xlsx)"
RF,04,KD,Kristdemokraterna,5,5,"Valmyndigheten: Mandatfördelning riksdag, region- och kommunfullmäktige 2026 (xlsx)"
RF,04,MP,Miljöpartiet de gröna,0,3,"Valmyndigheten: Mandatfördelning riksdag, region- och kommunfullmäktige 2026 (xlsx)"
RF,04,M,Moderaterna,15,17,"Valmyndigheten: Mandatfördelning riksdag, region- och kommunfullmäktige 2026 (xlsx)"
RF,04,SD,Sverigedemokraterna,14,13,"Valmyndigheten: Mandatfördelning riksdag, region- och kommunfullmäktige 2026 (xlsx)"
RF,04,Vård för Pengarna,Vård för Pengarna,10,5,"Valmyndigheten: Mandatfördelning riksdag, region- och kommunfullmäktige 2026 (xlsx)"
RF,04,V,Vänsterpartiet,5,7,"Valmyndigheten: Mandatfördelning riksdag, region- och kommunfullmäktige 2026 (xlsx)"
RF,05,S,Arbetarepartiet-Socialdemokraterna,32,30,"Valmyndigheten: Mandatfördelning riksdag, region- och kommunfullmäktige 2026 (xlsx)"
RF,05,C,Centerpartiet,6,7,"Valmyndigheten: Mandatfördelning riksdag, region- och kommunfullmäktige 2026 (xlsx)"
RF,05,KD,Kristdemokraterna,8,8,"Valmyndigheten: Mandatfördelning riksdag, region- och kommunfullmäktige 2026 (xlsx)"
RF,05,L,Liberalerna (tidigare Folkpartiet),5,3,"Valmyndigheten: Mandatfördelning riksdag, region- och kommunfullmäktige 2026 (xlsx)"
RF,05,MP,Miljöpartiet de gröna,3,5,"Valmyndigheten: Mandatfördelning riksdag, region- och kommunfullmäktige 2026 (xlsx)"
RF,05,M,Moderaterna,22,23,"Valmyndigheten: Mandatfördelning riksdag, region- och kommunfullmäktige 2026 (xlsx)"
RF,05,SD,Sverigedemokraterna,16,16,"Valmyndigheten: Mandatfördelning riksdag, region- och kommunfullmäktige 2026 (xlsx)"
RF,05,V,Vänsterpartiet,9,9,"Valmyndigheten: Mandatfördelning riksdag, region- och kommunfullmäktige 2026 (xlsx)"
RF,06,S,Arbetarepartiet-Socialdemokraterna,22,22,"Valmyndigheten: Mandatfördelning riksdag, region- och kommunfullmäktige 2026 (xlsx)"
RF,06,Vårddemokraterna,Vårddemokraterna,8,8,"Valmyndigheten: Mandatfördelning riksdag, region- och kommunfullmäktige 2026 (xlsx)"
RF,06,C,Centerpartiet,6,5,"Valmyndigheten: Mandatfördelning riksdag, region- och kommunfullmäktige 2026 (xlsx)"
RF,06,KD,Kristdemokraterna,10,10,"Valmyndigheten: Mandatfördelning riksdag, region- och kommunfullmäktige 2026 (xlsx)"
RF,06,L,Liberalerna (tidigare Folkpartiet),3,0,"Valmyndigheten: Mandatfördelning riksdag, region- och kommunfullmäktige 2026 (xlsx)"
RF,06,M,Moderaterna,14,16,"Valmyndigheten: Mandatfördelning riksdag, region- och kommunfullmäktige 2026 (xlsx)"
RF,06,SD,Sverigedemokraterna,14,14,"Valmyndigheten: Mandatfördelning riksdag, region- och kommunfullmäktige 2026 (xlsx)"
RF,06,V,Vänsterpartiet,4,6,"Valmyndigheten: Mandatfördelning riksdag, region- och kommunfullmäktige 2026 (xlsx)"
RF,07,S,Arbetarepartiet-Socialdemokraterna,21,17,"Valmyndigheten: Mandatfördelning riksdag, region- och kommunfullmäktige 2026 (xlsx)"
RF,07,C,Centerpartiet,4,4,"Valmyndigheten: Mandatfördelning riksdag, region- och kommunfullmäktige 2026 (xlsx)"
RF,07,KD,Kristdemokraterna,5,6,"Valmyndigheten: Mandatfördelning riksdag, region- och kommunfullmäktige 2026 (xlsx)"
RF,07,L,Liberalerna (tidigare Folkpartiet),3,0,"Valmyndigheten: Mandatfördelning riksdag, region- och kommunfullmäktige 2026 (xlsx)"
RF,07,MP,Miljöpartiet de gröna,0,2,"Valmyndigheten: Mandatfördelning riksdag, region- och kommunfullmäktige 2026 (xlsx)"
RF,07,M,Moderaterna,13,12,"Valmyndigheten: Mandatfördelning riksdag, region- och kommunfullmäktige 2026 (xlsx)"
RF,07,SD,Sverigedemokraterna,10,9,"Valmyndigheten: Mandatfördelning riksdag, region- och kommunfullmäktige 2026 (xlsx)"
RF,07,Vård i Kronoberg,Vård i Kronoberg,0,6,"Valmyndigheten: Mandatfördelning riksdag, region- och kommunfullmäktige 2026 (xlsx)"
RF,07,V,Vänsterpartiet,5,5,"Valmyndigheten: Mandatfördelning riksdag, region- och kommunfullmäktige 2026 (xlsx)"
RF,08,S,Arbetarepartiet-Socialdemokraterna,24,22,"Valmyndigheten: Mandatfördelning riksdag, region- och kommunfullmäktige 2026 (xlsx)"
RF,08,C,Centerpartiet,6,5,"Valmyndigheten: Mandatfördelning riksdag, region- och kommunfullmäktige 2026 (xlsx)"
RF,08,KD,Kristdemokraterna,8,8,"Valmyndigheten: Mandatfördelning riksdag, region- och kommunfullmäktige 2026 (xlsx)"
RF,08,MP,Miljöpartiet de gröna,0,2,"Valmyndigheten: Mandatfördelning riksdag, region- och kommunfullmäktige 2026 (xlsx)"
RF,08,M,Moderaterna,12,13,"Valmyndigheten: Mandatfördelning riksdag, region- och kommunfullmäktige 2026 (xlsx)"
RF,08,SD,Sverigedemokraterna,12,12,"Valmyndigheten: Mandatfördelning riksdag, region- och kommunfullmäktige 2026 (xlsx)"
RF,08,V,Vänsterpartiet,5,5,"Valmyndigheten: Mandatfördelning riksdag, region- och kommunfullmäktige 2026 (xlsx)"
RF,10,S,Arbetarepartiet-Socialdemokraterna,21,21,"Valmyndigheten: Mandatfördelning riksdag, region- och kommunfullmäktige 2026 (xlsx)"
RF,10,C,Centerpartiet,3,4,"Valmyndigheten: Mandatfördelning riksdag, region- och kommunfullmäktige 2026 (xlsx)"
RF,10,KD,Kristdemokraterna,4,5,"Valmyndigheten: Mandatfördelning riksdag, region- och kommunfullmäktige 2026 (xlsx)"
RF,10,M,Moderaterna,11,10,"Valmyndigheten: Mandatfördelning riksdag, region- och kommunfullmäktige 2026 (xlsx)"
RF,10,SD,Sverigedemokraterna,15,13,"Valmyndigheten: Mandatfördelning riksdag, region- och kommunfullmäktige 2026 (xlsx)"
RF,10,V,Vänsterpartiet,3,4,"Valmyndigheten: Mandatfördelning riksdag, region- och kommunfullmäktige 2026 (xlsx)"
RF,12,S,Arbetarepartiet-Socialdemokraterna,44,43,"Valmyndigheten: Mandatfördelning riksdag, region- och kommunfullmäktige 2026 (xlsx)"
RF,12,C,Centerpartiet,7,7,"Valmyndigheten: Mandatfördelning riksdag, region- och kommunfullmäktige 2026 (xlsx)"
RF,12,KD,Kristdemokraterna,9,8,"Valmyndigheten: Mandatfördelning riksdag, region- och kommunfullmäktige 2026 (xlsx)"
RF,12,L,Liberalerna (tidigare Folkpartiet),8,6,"Valmyndigheten: Mandatfördelning riksdag, region- och kommunfullmäktige 2026 (xlsx)"
RF,12,MP,Miljöpartiet de gröna,6,8,"Valmyndigheten: Mandatfördelning riksdag, region- och kommunfullmäktige 2026 (xlsx)"
RF,12,M,Moderaterna,33,36,"Valmyndigheten: Mandatfördelning riksdag, region- och kommunfullmäktige 2026 (xlsx)"
RF,12,SD,Sverigedemokraterna,30,26,"Valmyndigheten: Mandatfördelning riksdag, region- och kommunfullmäktige 2026 (xlsx)"
RF,12,V,Vänsterpartiet,12,15,"Valmyndigheten: Mandatfördelning riksdag, region- och kommunfullmäktige 2026 (xlsx)"
RF,13,S,Arbetarepartiet-Socialdemokraterna,21,19,"Valmyndigheten: Mandatfördelning riksdag, region- och kommunfullmäktige 2026 (xlsx)"
RF,13,C,Centerpartiet,7,5,"Valmyndigheten: Mandatfördelning riksdag, region- och kommunfullmäktige 2026 (xlsx)"
RF,13,KD,Kristdemokraterna,6,7,"Valmyndigheten: Mandatfördelning riksdag, region- och kommunfullmäktige 2026 (xlsx)"
RF,13,L,Liberalerna (tidigare Folkpartiet),4,3,"Valmyndigheten: Mandatfördelning riksdag, region- och kommunfullmäktige 2026 (xlsx)"
RF,13,MP,Miljöpartiet de gröna,0,3,"Valmyndigheten: Mandatfördelning riksdag, region- och kommunfullmäktige 2026 (xlsx)"
RF,13,M,Moderaterna,17,18,"Valmyndigheten: Mandatfördelning riksdag, region- och kommunfullmäktige 2026 (xlsx)"
RF,13,SD,Sverigedemokraterna,12,12,"Valmyndigheten: Mandatfördelning riksdag, region- och kommunfullmäktige 2026 (xlsx)"
RF,13,V,Vänsterpartiet,4,4,"Valmyndigheten: Mandatfördelning riksdag, region- och kommunfullmäktige 2026 (xlsx)"
RF,14,S,Arbetarepartiet-Socialdemokraterna,46,42,"Valmyndigheten: Mandatfördelning riksdag, region- och kommunfullmäktige 2026 (xlsx)"
RF,14,C,Centerpartiet,9,11,"Valmyndigheten: Mandatfördelning riksdag, region- och kommunfullmäktige 2026 (xlsx)"
RF,14,KD,Kristdemokraterna,12,12,"Valmyndigheten: Mandatfördelning riksdag, region- och kommunfullmäktige 2026 (xlsx)"
RF,14,L,Liberalerna (tidigare Folkpartiet),7,5,"Valmyndigheten: Mandatfördelning riksdag, region- och kommunfullmäktige 2026 (xlsx)"
RF,14,MP,Miljöpartiet de gröna,6,9,"Valmyndigheten: Mandatfördelning riksdag, region- och kommunfullmäktige 2026 (xlsx)"
RF,14,M,Moderaterna,29,32,"Valmyndigheten: Mandatfördelning riksdag, region- och kommunfullmäktige 2026 (xlsx)"
RF,14,SD,Sverigedemokraterna,24,22,"Valmyndigheten: Mandatfördelning riksdag, region- och kommunfullmäktige 2026 (xlsx)"
RF,14,V,Vänsterpartiet,16,16,"Valmyndigheten: Mandatfördelning riksdag, region- och kommunfullmäktige 2026 (xlsx)"
RF,17,S,Arbetarepartiet-Socialdemokraterna,31,29,"Valmyndigheten: Mandatfördelning riksdag, region- och kommunfullmäktige 2026 (xlsx)"
RF,17,C,Centerpartiet,6,5,"Valmyndigheten: Mandatfördelning riksdag, region- och kommunfullmäktige 2026 (xlsx)"
RF,17,KD,Kristdemokraterna,7,6,"Valmyndigheten: Mandatfördelning riksdag, region- och kommunfullmäktige 2026 (xlsx)"
RF,17,L,Liberalerna (tidigare Folkpartiet),3,0,"Valmyndigheten: Mandatfördelning riksdag, region- och kommunfullmäktige 2026 (xlsx)"
RF,17,MP,Miljöpartiet de gröna,0,3,"Valmyndigheten: Mandatfördelning riksdag, region- och kommunfullmäktige 2026 (xlsx)"
RF,17,M,Moderaterna,13,17,"Valmyndigheten: Mandatfördelning riksdag, region- och kommunfullmäktige 2026 (xlsx)"
RF,17,Sjukvårdspartiet i Värmland,Sjukvårdspartiet i Värmland,3,4,"Valmyndigheten: Mandatfördelning riksdag, region- och kommunfullmäktige 2026 (xlsx)"
RF,17,SD,Sverigedemokraterna,13,12,"Valmyndigheten: Mandatfördelning riksdag, region- och kommunfullmäktige 2026 (xlsx)"
RF,17,V,Vänsterpartiet,5,5,"Valmyndigheten: Mandatfördelning riksdag, region- och kommunfullmäktige 2026 (xlsx)"
RF,18,S,Arbetarepartiet-Socialdemokraterna,24,22,"Valmyndigheten: Mandatfördelning riksdag, region- och kommunfullmäktige 2026 (xlsx)"
RF,18,C,Centerpartiet,5,4,"Valmyndigheten: Mandatfördelning riksdag, region- och kommunfullmäktige 2026 (xlsx)"
RF,18,KD,Kristdemokraterna,5,4,"Valmyndigheten: Mandatfördelning riksdag, region- och kommunfullmäktige 2026 (xlsx)"
RF,18,L,Liberalerna (tidigare Folkpartiet),3,3,"Valmyndigheten: Mandatfördelning riksdag, region- och kommunfullmäktige 2026 (xlsx)"
RF,18,MP,Miljöpartiet de gröna,0,3,"Valmyndigheten: Mandatfördelning riksdag, region- och kommunfullmäktige 2026 (xlsx)"
RF,18,M,Moderaterna,14,12,"Valmyndigheten: Mandatfördelning riksdag, region- och kommunfullmäktige 2026 (xlsx)"
RF,18,SD,Sverigedemokraterna,11,6,"Valmyndigheten: Mandatfördelning riksdag, region- och kommunfullmäktige 2026 (xlsx)"
RF,18,V,Vänsterpartiet,6,6,"Valmyndigheten: Mandatfördelning riksdag, region- och kommunfullmäktige 2026 (xlsx)"
RF,18,Örebropartiet,Örebropartiet,3,11,"Valmyndigheten: Mandatfördelning riksdag, region- och kommunfullmäktige 2026 (xlsx)"
RF,19,S,Arbetarepartiet-Socialdemokraterna,26,26,"Valmyndigheten: Mandatfördelning riksdag, region- och kommunfullmäktige 2026 (xlsx)"
RF,19,C,Centerpartiet,5,5,"Valmyndigheten: Mandatfördelning riksdag, region- och kommunfullmäktige 2026 (xlsx)"
RF,19,KD,Kristdemokraterna,6,5,"Valmyndigheten: Mandatfördelning riksdag, region- och kommunfullmäktige 2026 (xlsx)"
RF,19,L,Liberalerna (tidigare Folkpartiet),4,4,"Valmyndigheten: Mandatfördelning riksdag, region- och kommunfullmäktige 2026 (xlsx)"
RF,19,M,Moderaterna,16,17,"Valmyndigheten: Mandatfördelning riksdag, region- och kommunfullmäktige 2026 (xlsx)"
RF,19,SD,Sverigedemokraterna,14,13,"Valmyndigheten: Mandatfördelning riksdag, region- och kommunfullmäktige 2026 (xlsx)"
RF,19,V,Vänsterpartiet,6,7,"Valmyndigheten: Mandatfördelning riksdag, region- och kommunfullmäktige 2026 (xlsx)"
RF,20,S,Arbetarepartiet-Socialdemokraterna,29,27,"Valmyndigheten: Mandatfördelning riksdag, region- och kommunfullmäktige 2026 (xlsx)"
RF,20,C,Centerpartiet,7,6,"Valmyndigheten: Mandatfördelning riksdag, region- och kommunfullmäktige 2026 (xlsx)"
RF,20,Dalarnas Sjukvårdsparti,Dalarnas Sjukvårdsparti,5,4,"Valmyndigheten: Mandatfördelning riksdag, region- och kommunfullmäktige 2026 (xlsx)"
RF,20,KD,Kristdemokraterna,6,7,"Valmyndigheten: Mandatfördelning riksdag, region- och kommunfullmäktige 2026 (xlsx)"
RF,20,MP,Miljöpartiet de gröna,0,3,"Valmyndigheten: Mandatfördelning riksdag, region- och kommunfullmäktige 2026 (xlsx)"
RF,20,M,Moderaterna,16,17,"Valmyndigheten: Mandatfördelning riksdag, region- och kommunfullmäktige 2026 (xlsx)"
RF,20,SD,Sverigedemokraterna,14,13,"Valmyndigheten: Mandatfördelning riksdag, region- och kommunfullmäktige 2026 (xlsx)"
RF,20,V,Vänsterpartiet,6,6,"Valmyndigheten: Mandatfördelning riksdag, region- och kommunfullmäktige 2026 (xlsx)"
RF,21,S,Arbetarepartiet-Socialdemokraterna,25,24,"Valmyndigheten: Mandatfördelning riksdag, region- och kommunfullmäktige 2026 (xlsx)"
RF,21,C,Centerpartiet,6,6,"Valmyndigheten: Mandatfördelning riksdag, region- och kommunfullmäktige 2026 (xlsx)"
RF,21,KD,Kristdemokraterna,5,5,"Valmyndigheten: Mandatfördelning riksdag, region- och kommunfullmäktige 2026 (xlsx)"
RF,21,MP,Miljöpartiet de gröna,0,3,"Valmyndigheten: Mandatfördelning riksdag, region- och kommunfullmäktige 2026 (xlsx)"
RF,21,M,Moderaterna,14,14,"Valmyndigheten: Mandatfördelning riksdag, region- och kommunfullmäktige 2026 (xlsx)"
RF,21,Sjukvårdspartiet Gävleborg,Sjukvårdspartiet Gävleborg,4,2,"Valmyndigheten: Mandatfördelning riksdag, region- och kommunfullmäktige 2026 (xlsx)"
RF,21,SD,Sverigedemokraterna,15,14,"Valmyndigheten: Mandatfördelning riksdag, region- och kommunfullmäktige 2026 (xlsx)"
RF,21,V,Vänsterpartiet,6,7,"Valmyndigheten: Mandatfördelning riksdag, region- och kommunfullmäktige 2026 (xlsx)"
RF,22,S,Arbetarepartiet-Socialdemokraterna,24,21,"Valmyndigheten: Mandatfördelning riksdag, region- och kommunfullmäktige 2026 (xlsx)"
RF,22,C,Centerpartiet,6,5,"Valmyndigheten: Mandatfördelning riksdag, region- och kommunfullmäktige 2026 (xlsx)"
RF,22,KD,Kristdemokraterna,4,6,"Valmyndigheten: Mandatfördelning riksdag, region- och kommunfullmäktige 2026 (xlsx)"
RF,22,M,Moderaterna,9,11,"Valmyndigheten: Mandatfördelning riksdag, region- och kommunfullmäktige 2026 (xlsx)"
RF,22,Norrlandspartiet,Norrlandspartiet,0,6,"Valmyndigheten: Mandatfördelning riksdag, region- och kommunfullmäktige 2026 (xlsx)"
RF,22,Sjukvårdspartiet - Västernorrland,Sjukvårdspartiet - Västernorrland,14,9,"Valmyndigheten: Mandatfördelning riksdag, region- och kommunfullmäktige 2026 (xlsx)"
RF,22,SD,Sverigedemokraterna,9,8,"Valmyndigheten: Mandatfördelning riksdag, region- och kommunfullmäktige 2026 (xlsx)"
RF,22,V,Vänsterpartiet,5,5,"Valmyndigheten: Mandatfördelning riksdag, region- och kommunfullmäktige 2026 (xlsx)"
RF,23,S,Arbetarepartiet-Socialdemokraterna,21,18,"Valmyndigheten: Mandatfördelning riksdag, region- och kommunfullmäktige 2026 (xlsx)"
RF,23,C,Centerpartiet,7,8,"Valmyndigheten: Mandatfördelning riksdag, region- och kommunfullmäktige 2026 (xlsx)"
RF,23,KD,Kristdemokraterna,5,4,"Valmyndigheten: Mandatfördelning riksdag, region- och kommunfullmäktige 2026 (xlsx)"
RF,23,MP,Miljöpartiet de gröna,2,3,"Valmyndigheten: Mandatfördelning riksdag, region- och kommunfullmäktige 2026 (xlsx)"
RF,23,M,Moderaterna,9,11,"Valmyndigheten: Mandatfördelning riksdag, region- och kommunfullmäktige 2026 (xlsx)"
RF,23,SD,Sverigedemokraterna,7,7,"Valmyndigheten: Mandatfördelning riksdag, region- och kommunfullmäktige 2026 (xlsx)"
RF,23,V,Vänsterpartiet,4,4,"Valmyndigheten: Mandatfördelning riksdag, region- och kommunfullmäktige 2026 (xlsx)"
RF,24,S,Arbetarepartiet-Socialdemokraterna,27,24,"Valmyndigheten: Mandatfördelning riksdag, region- och kommunfullmäktige 2026 (xlsx)"
RF,24,C,Centerpartiet,6,6,"Valmyndigheten: Mandatfördelning riksdag, region- och kommunfullmäktige 2026 (xlsx)"
RF,24,KD,Kristdemokraterna,5,6,"Valmyndigheten: Mandatfördelning riksdag, region- och kommunfullmäktige 2026 (xlsx)"
RF,24,L,Liberalerna (tidigare Folkpartiet),3,2,"Valmyndigheten: Mandatfördelning riksdag, region- och kommunfullmäktige 2026 (xlsx)"
RF,24,MP,Miljöpartiet de gröna,3,5,"Valmyndigheten: Mandatfördelning riksdag, region- och kommunfullmäktige 2026 (xlsx)"
RF,24,M,Moderaterna,12,14,"Valmyndigheten: Mandatfördelning riksdag, region- och kommunfullmäktige 2026 (xlsx)"
RF,24,SD,Sverigedemokraterna,6,6,"Valmyndigheten: Mandatfördelning riksdag, region- och kommunfullmäktige 2026 (xlsx)"
RF,24,V,Vänsterpartiet,9,8,"Valmyndigheten: Mandatfördelning riksdag, region- och kommunfullmäktige 2026 (xlsx)"
RF,25,S,Arbetarepartiet-Socialdemokraterna,31,27,"Valmyndigheten: Mandatfördelning riksdag, region- och kommunfullmäktige 2026 (xlsx)"
RF,25,C,Centerpartiet,4,4,"Valmyndigheten: Mandatfördelning riksdag, region- och kommunfullmäktige 2026 (xlsx)"
RF,25,KD,Kristdemokraterna,4,5,"Valmyndigheten: Mandatfördelning riksdag, region- och kommunfullmäktige 2026 (xlsx)"
RF,25,MP,Miljöpartiet de gröna,0,2,"Valmyndigheten: Mandatfördelning riksdag, region- och kommunfullmäktige 2026 (xlsx)"
RF,25,M,Moderaterna,10,12,"Valmyndigheten: Mandatfördelning riksdag, region- och kommunfullmäktige 2026 (xlsx)"
RF,25,Sjukvårdspartiet,Sjukvårdspartiet,6,7,"Valmyndigheten: Mandatfördelning riksdag, region- och kommunfullmäktige 2026 (xlsx)"
RF,25,SD,Sverigedemokraterna,9,8,"Valmyndigheten: Mandatfördelning riksdag, region- och kommunfullmäktige 2026 (xlsx)"
RF,25,V,Vänsterpartiet,7,6,"Valmyndigheten: Mandatfördelning riksdag, region- och kommunfullmäktige 2026 (xlsx)"
KF,1440,S,Arbetarepartiet-Socialdemokraterna,14,15,"Valmyndigheten: Mandatfördelning riksdag, region- och kommunfullmäktige 2026 (xlsx)"
KF,1440,C,Centerpartiet,3,3,"Valmyndigheten: Mandatfördelning riksdag, region- och kommunfullmäktige 2026 (xlsx)"
KF,1440,FRAMTID I ALE,FRAMTID I ALE,2,2,"Valmyndigheten: Mandatfördelning riksdag, region- och kommunfullmäktige 2026 (xlsx)"
KF,1440,KD,Kristdemokraterna,3,3,"Valmyndigheten: Mandatfördelning riksdag, region- och kommunfullmäktige 2026 (xlsx)"
KF,1440,L,Liberalerna (tidigare Folkpartiet),2,1,"Valmyndigheten: Mandatfördelning riksdag, region- och kommunfullmäktige 2026 (xlsx)"
KF,1440,MP,Miljöpartiet de gröna,1,2,"Valmyndigheten: Mandatfördelning riksdag, region- och kommunfullmäktige 2026 (xlsx)"
KF,1440,M,Moderaterna,10,11,"Valmyndigheten: Mandatfördelning riksdag, region- och kommunfullmäktige 2026 (xlsx)"
KF,1440,SD,Sverigedemokraterna,10,9,"Valmyndigheten: Mandatfördelning riksdag, region- och kommunfullmäktige 2026 (xlsx)"
KF,1440,V,Vänsterpartiet,4,5,"Valmyndigheten: Mandatfördelning riksdag, region- och kommunfullmäktige 2026 (xlsx)"
KF,1489,S,Arbetarepartiet-Socialdemokraterna,14,14,"Valmyndigheten: Mandatfördelning riksdag, region- och kommunfullmäktige 2026 (xlsx)"
KF,1489,C,Centerpartiet,5,4,"Valmyndigheten: Mandatfördelning riksdag, region- och kommunfullmäktige 2026 (xlsx)"
KF,1489,KD,Kristdemokraterna,4,5,"Valmyndigheten: Mandatfördelning riksdag, region- och kommunfullmäktige 2026 (xlsx)"
KF,1489,L,Liberalerna (tidigare Folkpartiet),4,2,"Valmyndigheten: Mandatfördelning riksdag, region- och kommunfullmäktige 2026 (xlsx)"
KF,1489,MP,Miljöpartiet de gröna,2,3,"Valmyndigheten: Mandatfördelning riksdag, region- och kommunfullmäktige 2026 (xlsx)"
KF,1489,M,Moderaterna,10,11,"Valmyndigheten: Mandatfördelning riksdag, region- och kommunfullmäktige 2026 (xlsx)"
KF,1489,SD,Sverigedemokraterna,7,7,"Valmyndigheten: Mandatfördelning riksdag, region- och kommunfullmäktige 2026 (xlsx)"
KF,1489,V,Vänsterpartiet,5,5,"Valmyndigheten: Mandatfördelning riksdag, region- och kommunfullmäktige 2026 (xlsx)"
KF,0764,Alvesta Alternativet,Alvesta Alternativet,6,4,"Valmyndigheten: Mandatfördelning riksdag, region- och kommunfullmäktige 2026 (xlsx)"
KF,0764,S,Arbetarepartiet-Socialdemokraterna,14,14,"Valmyndigheten: Mandatfördelning riksdag, region- och kommunfullmäktige 2026 (xlsx)"
KF,0764,C,Centerpartiet,6,5,"Valmyndigheten: Mandatfördelning riksdag, region- och kommunfullmäktige 2026 (xlsx)"
KF,0764,KD,Kristdemokraterna,3,3,"Valmyndigheten: Mandatfördelning riksdag, region- och kommunfullmäktige 2026 (xlsx)"
KF,0764,MP,Miljöpartiet de gröna,0,1,"Valmyndigheten: Mandatfördelning riksdag, region- och kommunfullmäktige 2026 (xlsx)"
KF,0764,M,Moderaterna,10,11,"Valmyndigheten: Mandatfördelning riksdag, region- och kommunfullmäktige 2026 (xlsx)"
KF,0764,SD,Sverigedemokraterna,8,8,"Valmyndigheten: Mandatfördelning riksdag, region- och kommunfullmäktige 2026 (xlsx)"
KF,0764,V,Vänsterpartiet,2,3,"Valmyndigheten: Mandatfördelning riksdag, region- och kommunfullmäktige 2026 (xlsx)"
KF,0604,S,Arbetarepartiet-Socialdemokraterna,8,8,"Valmyndigheten: Mandatfördelning riksdag, region- och kommunfullmäktige 2026 (xlsx)"
KF,0604,C,Centerpartiet,7,6,"Valmyndigheten: Mandatfördelning riksdag, region- och kommunfullmäktige 2026 (xlsx)"
KF,0604,KD,Kristdemokraterna,4,5,"Valmyndigheten: Mandatfördelning riksdag, region- och kommunfullmäktige 2026 (xlsx)"
KF,0604,L,Liberalerna (tidigare Folkpartiet),2,1,"Valmyndigheten: Mandatfördelning riksdag, region- och kommunfullmäktige 2026 (xlsx)"
KF,0604,M,Moderaterna,7,7,"Valmyndigheten: Mandatfördelning riksdag, region- och kommunfullmäktige 2026 (xlsx)"
KF,0604,SD,Sverigedemokraterna,6,6,"Valmyndigheten: Mandatfördelning riksdag, region- och kommunfullmäktige 2026 (xlsx)"
KF,0604,V,Vänsterpartiet,1,2,"Valmyndigheten: Mandatfördelning riksdag, region- och kommunfullmäktige 2026 (xlsx)"
KF,1984,S,Arbetarepartiet-Socialdemokraterna,12,12,"Valmyndigheten: Mandatfördelning riksdag, region- och kommunfullmäktige 2026 (xlsx)"
KF,1984,C,Centerpartiet,2,2,"Valmyndigheten: Mandatfördelning riksdag, region- och kommunfullmäktige 2026 (xlsx)"
KF,1984,KD,Kristdemokraterna,1,1,"Valmyndigheten: Mandatfördelning riksdag, region- och kommunfullmäktige 2026 (xlsx)"
KF,1984,L,Liberalerna (tidigare Folkpartiet),1,1,"Valmyndigheten: Mandatfördelning riksdag, region- och kommunfullmäktige 2026 (xlsx)"
KF,1984,MP,Miljöpartiet de gröna,1,1,"Valmyndigheten: Mandatfördelning riksdag, region- och kommunfullmäktige 2026 (xlsx)"
KF,1984,M,Moderaterna,6,6,"Valmyndigheten: Mandatfördelning riksdag, region- och kommunfullmäktige 2026 (xlsx)"
KF,1984,SD,Sverigedemokraterna,6,6,"Valmyndigheten: Mandatfördelning riksdag, region- och kommunfullmäktige 2026 (xlsx)"
KF,1984,V,Vänsterpartiet,2,2,"Valmyndigheten: Mandatfördelning riksdag, region- och kommunfullmäktige 2026 (xlsx)"
KF,2506,S,Arbetarepartiet-Socialdemokraterna,9,8,"Valmyndigheten: Mandatfördelning riksdag, region- och kommunfullmäktige 2026 (xlsx)"
KF,2506,C,Centerpartiet,2,1,"Valmyndigheten: Mandatfördelning riksdag, region- och kommunfullmäktige 2026 (xlsx)"
KF,2506,Folkinitiativet Arjeplog,Folkinitiativet Arjeplog,6,7,"Valmyndigheten: Mandatfördelning riksdag, region- och kommunfullmäktige 2026 (xlsx)"
KF,2506,L,Liberalerna (tidigare Folkpartiet),2,2,"Valmyndigheten: Mandatfördelning riksdag, region- och kommunfullmäktige 2026 (xlsx)"
KF,2506,SD,Sverigedemokraterna,0,1,"Valmyndigheten: Mandatfördelning riksdag, region- och kommunfullmäktige 2026 (xlsx)"
KF,2506,V,Vänsterpartiet,2,2,"Valmyndigheten: Mandatfördelning riksdag, region- och kommunfullmäktige 2026 (xlsx)"
KF,2505,S,Arbetarepartiet-Socialdemokraterna,10,9,"Valmyndigheten: Mandatfördelning riksdag, region- och kommunfullmäktige 2026 (xlsx)"
KF,2505,C,Centerpartiet,5,5,"Valmyndigheten: Mandatfördelning riksdag, region- och kommunfullmäktige 2026 (xlsx)"
KF,2505,L,Liberalerna (tidigare Folkpartiet),1,0,"Valmyndigheten: Mandatfördelning riksdag, region- och kommunfullmäktige 2026 (xlsx)"
KF,2505,M,Moderaterna,1,3,"Valmyndigheten: Mandatfördelning riksdag, region- och kommunfullmäktige 2026 (xlsx)"
KF,2505,SD,Sverigedemokraterna,3,3,"Valmyndigheten: Mandatfördelning riksdag, region- och kommunfullmäktige 2026 (xlsx)"
KF,2505,V,Vänsterpartiet,3,3,"Valmyndigheten: Mandatfördelning riksdag, region- och kommunfullmäktige 2026 (xlsx)"
KF,1784,S,Arbetarepartiet-Socialdemokraterna,18,17,"Valmyndigheten: Mandatfördelning riksdag, region- och kommunfullmäktige 2026 (xlsx)"
KF,1784,Arvikapartiet,Arvikapartiet,3,5,"Valmyndigheten: Mandatfördelning riksdag, region- och kommunfullmäktige 2026 (xlsx)"
KF,1784,C,Centerpartiet,3,2,"Valmyndigheten: Mandatfördelning riksdag, region- och kommunfullmäktige 2026 (xlsx)"
KF,1784,KD,Kristdemokraterna,2,3,"Valmyndigheten: Mandatfördelning riksdag, region- och kommunfullmäktige 2026 (xlsx)"
KF,1784,L,Liberalerna (tidigare Folkpartiet),1,0,"Valmyndigheten: Mandatfördelning riksdag, region- och kommunfullmäktige 2026 (xlsx)"
KF,1784,MP,Miljöpartiet de gröna,2,3,"Valmyndigheten: Mandatfördelning riksdag, region- och kommunfullmäktige 2026 (xlsx)"
KF,1784,M,Moderaterna,10,11,"Valmyndigheten: Mandatfördelning riksdag, region- och kommunfullmäktige 2026 (xlsx)"
KF,1784,SD,Sverigedemokraterna,7,6,"Valmyndigheten: Mandatfördelning riksdag, region- och kommunfullmäktige 2026 (xlsx)"
KF,1784,V,Vänsterpartiet,3,2,"Valmyndigheten: Mandatfördelning riksdag, region- och kommunfullmäktige 2026 (xlsx)"
KF,1882,S,Arbetarepartiet-Socialdemokraterna,10,10,"Valmyndigheten: Mandatfördelning riksdag, region- och kommunfullmäktige 2026 (xlsx)"
KF,1882,C,Centerpartiet,2,3,"Valmyndigheten: Mandatfördelning riksdag, region- och kommunfullmäktige 2026 (xlsx)"
KF,1882,KD,Kristdemokraterna,2,2,"Valmyndigheten: Mandatfördelning riksdag, region- och kommunfullmäktige 2026 (xlsx)"
KF,1882,Landsbygdspartiet Oberoende,Landsbygdspartiet Oberoende,1,1,"Valmyndigheten: Mandatfördelning riksdag, region- och kommunfullmäktige 2026 (xlsx)"
KF,1882,L,Liberalerna (tidigare Folkpartiet),1,1,"Valmyndigheten: Mandatfördelning riksdag, region- och kommunfullmäktige 2026 (xlsx)"
KF,1882,MP,Miljöpartiet de gröna,1,1,"Valmyndigheten: Mandatfördelning riksdag, region- och kommunfullmäktige 2026 (xlsx)"
KF,1882,M,Moderaterna,8,8,"Valmyndigheten: Mandatfördelning riksdag, region- och kommunfullmäktige 2026 (xlsx)"
KF,1882,SD,Sverigedemokraterna,7,6,"Valmyndigheten: Mandatfördelning riksdag, region- och kommunfullmäktige 2026 (xlsx)"
KF,1882,V,Vänsterpartiet,1,1,"Valmyndigheten: Mandatfördelning riksdag, region- och kommunfullmäktige 2026 (xlsx)"
KF,2084,S,Arbetarepartiet-Socialdemokraterna,18,16,"Valmyndigheten: Mandatfördelning riksdag, region- och kommunfullmäktige 2026 (xlsx)"
KF,2084,C,Centerpartiet,3,2,"Valmyndigheten: Mandatfördelning riksdag, region- och kommunfullmäktige 2026 (xlsx)"
KF,2084,KD,Kristdemokraterna,2,2,"Valmyndigheten: Mandatfördelning riksdag, region- och kommunfullmäktige 2026 (xlsx)"
KF,2084,MP,Miljöpartiet de gröna,0,1,"Valmyndigheten: Mandatfördelning riksdag, region- och kommunfullmäktige 2026 (xlsx)"
KF,2084,M,Moderaterna,9,12,"Valmyndigheten: Mandatfördelning riksdag, region- och kommunfullmäktige 2026 (xlsx)"
KF,2084,SD,Sverigedemokraterna,7,6,"Valmyndigheten: Mandatfördelning riksdag, region- och kommunfullmäktige 2026 (xlsx)"
KF,2084,V,Vänsterpartiet,2,2,"Valmyndigheten: Mandatfördelning riksdag, region- och kommunfullmäktige 2026 (xlsx)"
KF,1460,S,Arbetarepartiet-Socialdemokraterna,10,11,"Valmyndigheten: Mandatfördelning riksdag, region- och kommunfullmäktige 2026 (xlsx)"
KF,1460,C,Centerpartiet,3,4,"Valmyndigheten: Mandatfördelning riksdag, region- och kommunfullmäktige 2026 (xlsx)"
KF,1460,KD,Kristdemokraterna,1,1,"Valmyndigheten: Mandatfördelning riksdag, region- och kommunfullmäktige 2026 (xlsx)"
KF,1460,L,Liberalerna (tidigare Folkpartiet),1,0,"Valmyndigheten: Mandatfördelning riksdag, region- och kommunfullmäktige 2026 (xlsx)"
KF,1460,M,Moderaterna,10,8,"Valmyndigheten: Mandatfördelning riksdag, region- och kommunfullmäktige 2026 (xlsx)"
KF,1460,Sunt Förnuft Bengtsfors,Sunt Förnuft Bengtsfors,0,2,"Valmyndigheten: Mandatfördelning riksdag, region- och kommunfullmäktige 2026 (xlsx)"
KF,1460,SD,Sverigedemokraterna,5,3,"Valmyndigheten: Mandatfördelning riksdag, region- och kommunfullmäktige 2026 (xlsx)"
KF,1460,V,Vänsterpartiet,1,2,"Valmyndigheten: Mandatfördelning riksdag, region- och kommunfullmäktige 2026 (xlsx)"
KF,2326,S,Arbetarepartiet-Socialdemokraterna,13,12,"Valmyndigheten: Mandatfördelning riksdag, region- och kommunfullmäktige 2026 (xlsx)"
KF,2326,Bergspartiet,Bergspartiet,1,0,"Valmyndigheten: Mandatfördelning riksdag, region- och kommunfullmäktige 2026 (xlsx)"
KF,2326,C,Centerpartiet,4,5,"Valmyndigheten: Mandatfördelning riksdag, region- och kommunfullmäktige 2026 (xlsx)"
KF,2326,M,Moderaterna,8,9,"Valmyndigheten: Mandatfördelning riksdag, region- och kommunfullmäktige 2026 (xlsx)"
KF,2326,SD,Sverigedemokraterna,4,4,"Valmyndigheten: Mandatfördelning riksdag, region- och kommunfullmäktige 2026 (xlsx)"
KF,2326,V,Vänsterpartiet,1,1,"Valmyndigheten: Mandatfördelning riksdag, region- och kommunfullmäktige 2026 (xlsx)"
KF,2403,S,Arbetarepartiet-Socialdemokraterna,6,7,"Valmyndigheten: Mandatfördelning riksdag, region- och kommunfullmäktige 2026 (xlsx)"
KF,2403,C,Centerpartiet,3,3,"Valmyndigheten: Mandatfördelning riksdag, region- och kommunfullmäktige 2026 (xlsx)"
KF,2403,KD,Kristdemokraterna,3,1,"Valmyndigheten: Mandatfördelning riksdag, region- och kommunfullmäktige 2026 (xlsx)"
KF,2403,MP,Miljöpartiet de gröna,0,1,"Valmyndigheten: Mandatfördelning riksdag, region- och kommunfullmäktige 2026 (xlsx)"
KF,2403,M,Moderaterna,6,6,"Valmyndigheten: Mandatfördelning riksdag, region- och kommunfullmäktige 2026 (xlsx)"
KF,2403,SD,Sverigedemokraterna,3,3,"Valmyndigheten: Mandatfördelning riksdag, region- och kommunfullmäktige 2026 (xlsx)"
KF,1260,S,Arbetarepartiet-Socialdemokraterna,10,12,"Valmyndigheten: Mandatfördelning riksdag, region- och kommunfullmäktige 2026 (xlsx)"
KF,1260,C,Centerpartiet,1,1,"Valmyndigheten: Mandatfördelning riksdag, region- och kommunfullmäktige 2026 (xlsx)"
KF,1260,KD,Kristdemokraterna,1,1,"Valmyndigheten: Mandatfördelning riksdag, region- och kommunfullmäktige 2026 (xlsx)"
KF,1260,M,Moderaterna,5,6,"Valmyndigheten: Mandatfördelning riksdag, region- och kommunfullmäktige 2026 (xlsx)"
KF,1260,SD,Sverigedemokraterna,13,9,"Valmyndigheten: Mandatfördelning riksdag, region- och kommunfullmäktige 2026 (xlsx)"
KF,1260,V,Vänsterpartiet,1,2,"Valmyndigheten: Mandatfördelning riksdag, region- och kommunfullmäktige 2026 (xlsx)"
KF,2582,Aktiv samling - Bodenalternativet,Aktiv samling - Bodenalternativet,3,4,"Valmyndigheten: Mandatfördelning riksdag, region- och kommunfullmäktige 2026 (xlsx)"
KF,2582,S,Arbetarepartiet-Socialdemokraterna,24,17,"Valmyndigheten: Mandatfördelning riksdag, region- och kommunfullmäktige 2026 (xlsx)"
KF,2582,C,Centerpartiet,3,4,"Valmyndigheten: Mandatfördelning riksdag, region- och kommunfullmäktige 2026 (xlsx)"
KF,2582,KD,Kristdemokraterna,1,2,"Valmyndigheten: Mandatfördelning riksdag, region- och kommunfullmäktige 2026 (xlsx)"
KF,2582,MP,Miljöpartiet de gröna,0,1,"Valmyndigheten: Mandatfördelning riksdag, region- och kommunfullmäktige 2026 (xlsx)"
KF,2582,M,Moderaterna,7,10,"Valmyndigheten: Mandatfördelning riksdag, region- och kommunfullmäktige 2026 (xlsx)"
KF,2582,Sjukvårdspartiet,Sjukvårdspartiet,1,2,"Valmyndigheten: Mandatfördelning riksdag, region- och kommunfullmäktige 2026 (xlsx)"
KF,2582,SD,Sverigedemokraterna,7,6,"Valmyndigheten: Mandatfördelning riksdag, region- och kommunfullmäktige 2026 (xlsx)"
KF,2582,V,Vänsterpartiet,3,3,"Valmyndigheten: Mandatfördelning riksdag, region- och kommunfullmäktige 2026 (xlsx)"
KF,1443,S,Arbetarepartiet-Socialdemokraterna,8,7,"Valmyndigheten: Mandatfördelning riksdag, region- och kommunfullmäktige 2026 (xlsx)"
KF,1443,C,Centerpartiet,2,2,"Valmyndigheten: Mandatfördelning riksdag, region- och kommunfullmäktige 2026 (xlsx)"
KF,1443,Folkets Röst,Folkets Röst,4,2,"Valmyndigheten: Mandatfördelning riksdag, region- och kommunfullmäktige 2026 (xlsx)"
KF,1443,KD,Kristdemokraterna,2,2,"Valmyndigheten: Mandatfördelning riksdag, region- och kommunfullmäktige 2026 (xlsx)"
KF,1443,L,Liberalerna (tidigare Folkpartiet),1,1,"Valmyndigheten: Mandatfördelning riksdag, region- och kommunfullmäktige 2026 (xlsx)"
KF,1443,MP,Miljöpartiet de gröna,1,2,"Valmyndigheten: Mandatfördelning riksdag, region- och kommunfullmäktige 2026 (xlsx)"
KF,1443,M,Moderaterna,6,7,"Valmyndigheten: Mandatfördelning riksdag, region- och kommunfullmäktige 2026 (xlsx)"
KF,1443,SD,Sverigedemokraterna,6,7,"Valmyndigheten: Mandatfördelning riksdag, region- och kommunfullmäktige 2026 (xlsx)"
KF,1443,V,Vänsterpartiet,1,1,"Valmyndigheten: Mandatfördelning riksdag, region- och kommunfullmäktige 2026 (xlsx)"
KF,2183,S,Arbetarepartiet-Socialdemokraterna,14,12,"Valmyndigheten: Mandatfördelning riksdag, region- och kommunfullmäktige 2026 (xlsx)"
KF,2183,Bollnäspartiet,Bollnäspartiet,5,7,"Valmyndigheten: Mandatfördelning riksdag, region- och kommunfullmäktige 2026 (xlsx)"
KF,2183,C,Centerpartiet,5,5,"Valmyndigheten: Mandatfördelning riksdag, region- och kommunfullmäktige 2026 (xlsx)"
KF,2183,KD,Kristdemokraterna,3,3,"Valmyndigheten: Mandatfördelning riksdag, region- och kommunfullmäktige 2026 (xlsx)"
KF,2183,L,Liberalerna (tidigare Folkpartiet),2,1,"Valmyndigheten: Mandatfördelning riksdag, region- och kommunfullmäktige 2026 (xlsx)"
KF,2183,MP,Miljöpartiet de gröna,0,1,"Valmyndigheten: Mandatfördelning riksdag, region- och kommunfullmäktige 2026 (xlsx)"
KF,2183,M,Moderaterna,5,4,"Valmyndigheten: Mandatfördelning riksdag, region- och kommunfullmäktige 2026 (xlsx)"
KF,2183,Sjukvårdspartiet Gävleborg,Sjukvårdspartiet Gävleborg,1,0,"Valmyndigheten: Mandatfördelning riksdag, region- och kommunfullmäktige 2026 (xlsx)"
KF,2183,SD,Sverigedemokraterna,8,9,"Valmyndigheten: Mandatfördelning riksdag, region- och kommunfullmäktige 2026 (xlsx)"
KF,2183,V,Vänsterpartiet,2,3,"Valmyndigheten: Mandatfördelning riksdag, region- och kommunfullmäktige 2026 (xlsx)"
KF,0885,S,Arbetarepartiet-Socialdemokraterna,16,15,"Valmyndigheten: Mandatfördelning riksdag, region- och kommunfullmäktige 2026 (xlsx)"
KF,0885,C,Centerpartiet,3,3,"Valmyndigheten: Mandatfördelning riksdag, region- och kommunfullmäktige 2026 (xlsx)"
KF,0885,Framtid Öland,Framtid Öland,3,2,"Valmyndigheten: Mandatfördelning riksdag, region- och kommunfullmäktige 2026 (xlsx)"
KF,0885,KD,Kristdemokraterna,1,2,"Valmyndigheten: Mandatfördelning riksdag, region- och kommunfullmäktige 2026 (xlsx)"
KF,0885,MP,Miljöpartiet de gröna,0,1,"Valmyndigheten: Mandatfördelning riksdag, region- och kommunfullmäktige 2026 (xlsx)"
KF,0885,M,Moderaterna,6,7,"Valmyndigheten: Mandatfördelning riksdag, region- och kommunfullmäktige 2026 (xlsx)"
KF,0885,SD,Sverigedemokraterna,4,4,"Valmyndigheten: Mandatfördelning riksdag, region- och kommunfullmäktige 2026 (xlsx)"
KF,0885,V,Vänsterpartiet,2,1,"Valmyndigheten: Mandatfördelning riksdag, region- och kommunfullmäktige 2026 (xlsx)"
KF,2081,S,Arbetarepartiet-Socialdemokraterna,21,21,"Valmyndigheten: Mandatfördelning riksdag, region- och kommunfullmäktige 2026 (xlsx)"
KF,2081,C,Centerpartiet,5,4,"Valmyndigheten: Mandatfördelning riksdag, region- och kommunfullmäktige 2026 (xlsx)"
KF,2081,KD,Kristdemokraterna,4,3,"Valmyndigheten: Mandatfördelning riksdag, region- och kommunfullmäktige 2026 (xlsx)"
KF,2081,L,Liberalerna (tidigare Folkpartiet),3,2,"Valmyndigheten: Mandatfördelning riksdag, region- och kommunfullmäktige 2026 (xlsx)"
KF,2081,MP,Miljöpartiet de gröna,2,3,"Valmyndigheten: Mandatfördelning riksdag, region- och kommunfullmäktige 2026 (xlsx)"
KF,2081,M,Moderaterna,11,12,"Valmyndigheten: Mandatfördelning riksdag, region- och kommunfullmäktige 2026 (xlsx)"
KF,2081,SD,Sverigedemokraterna,11,11,"Valmyndigheten: Mandatfördelning riksdag, region- och kommunfullmäktige 2026 (xlsx)"
KF,2081,V,Vänsterpartiet,4,5,"Valmyndigheten: Mandatfördelning riksdag, region- och kommunfullmäktige 2026 (xlsx)"
KF,1490,S,Arbetarepartiet-Socialdemokraterna,22,22,"Valmyndigheten: Mandatfördelning riksdag, region- och kommunfullmäktige 2026 (xlsx)"
KF,1490,C,Centerpartiet,4,4,"Valmyndigheten: Mandatfördelning riksdag, region- och kommunfullmäktige 2026 (xlsx)"
KF,1490,KD,Kristdemokraterna,7,7,"Valmyndigheten: Mandatfördelning riksdag, region- och kommunfullmäktige 2026 (xlsx)"
KF,1490,L,Liberalerna (tidigare Folkpartiet),4,3,"Valmyndigheten: Mandatfördelning riksdag, region- och kommunfullmäktige 2026 (xlsx)"
KF,1490,MP,Miljöpartiet de gröna,2,3,"Valmyndigheten: Mandatfördelning riksdag, region- och kommunfullmäktige 2026 (xlsx)"
KF,1490,M,Moderaterna,14,14,"Valmyndigheten: Mandatfördelning riksdag, region- och kommunfullmäktige 2026 (xlsx)"
KF,1490,SD,Sverigedemokraterna,14,13,"Valmyndigheten: Mandatfördelning riksdag, region- och kommunfullmäktige 2026 (xlsx)"
KF,1490,V,Vänsterpartiet,6,7,"Valmyndigheten: Mandatfördelning riksdag, region- och kommunfullmäktige 2026 (xlsx)"
KF,0127,S,Arbetarepartiet-Socialdemokraterna,24,23,"Valmyndigheten: Mandatfördelning riksdag, region- och kommunfullmäktige 2026 (xlsx)"
KF,0127,C,Centerpartiet,3,2,"Valmyndigheten: Mandatfördelning riksdag, region- och kommunfullmäktige 2026 (xlsx)"
KF,0127,KD,Kristdemokraterna,6,3,"Valmyndigheten: Mandatfördelning riksdag, region- och kommunfullmäktige 2026 (xlsx)"
KF,0127,Kristna Familjepartiet,Kristna Familjepartiet,0,4,"Valmyndigheten: Mandatfördelning riksdag, region- och kommunfullmäktige 2026 (xlsx)"
KF,0127,L,Liberalerna (tidigare Folkpartiet),2,0,"Valmyndigheten: Mandatfördelning riksdag, region- och kommunfullmäktige 2026 (xlsx)"
KF,0127,MP,Miljöpartiet de gröna,2,4,"Valmyndigheten: Mandatfördelning riksdag, region- och kommunfullmäktige 2026 (xlsx)"
KF,0127,M,Moderaterna,10,10,"Valmyndigheten: Mandatfördelning riksdag, region- och kommunfullmäktige 2026 (xlsx)"
KF,0127,Oberoende S,Oberoende S,0,2,"Valmyndigheten: Mandatfördelning riksdag, region- och kommunfullmäktige 2026 (xlsx)"
KF,0127,Partiet Nyans,Partiet Nyans,2,0,"Valmyndigheten: Mandatfördelning riksdag, region- och kommunfullmäktige 2026 (xlsx)"
KF,0127,SD,Sverigedemokraterna,9,9,"Valmyndigheten: Mandatfördelning riksdag, region- och kommunfullmäktige 2026 (xlsx)"
KF,0127,Tullingepartiet,Tullingepartiet,9,7,"Valmyndigheten: Mandatfördelning riksdag, region- och kommunfullmäktige 2026 (xlsx)"
KF,0127,V,Vänsterpartiet,8,11,"Valmyndigheten: Mandatfördelning riksdag, region- och kommunfullmäktige 2026 (xlsx)"
KF,0560,S,Arbetarepartiet-Socialdemokraterna,12,10,"Valmyndigheten: Mandatfördelning riksdag, region- och kommunfullmäktige 2026 (xlsx)"
KF,0560,C,Centerpartiet,3,3,"Valmyndigheten: Mandatfördelning riksdag, region- och kommunfullmäktige 2026 (xlsx)"
KF,0560,KD,Kristdemokraterna,2,1,"Valmyndigheten: Mandatfördelning riksdag, region- och kommunfullmäktige 2026 (xlsx)"
KF,0560,L,Liberalerna (tidigare Folkpartiet),0,1,"Valmyndigheten: Mandatfördelning riksdag, region- och kommunfullmäktige 2026 (xlsx)"
KF,0560,M,Moderaterna,6,6,"Valmyndigheten: Mandatfördelning riksdag, region- och kommunfullmäktige 2026 (xlsx)"
KF,0560,SD,Sverigedemokraterna,5,6,"Valmyndigheten: Mandatfördelning riksdag, region- och kommunfullmäktige 2026 (xlsx)"
KF,0560,V,Vänsterpartiet,1,2,"Valmyndigheten: Mandatfördelning riksdag, region- och kommunfullmäktige 2026 (xlsx)"
KF,1272,Alternativet,Alternativet,3,3,"Valmyndigheten: Mandatfördelning riksdag, region- och kommunfullmäktige 2026 (xlsx)"
KF,1272,S,Arbetarepartiet-Socialdemokraterna,12,8,"Valmyndigheten: Mandatfördelning riksdag, region- och kommunfullmäktige 2026 (xlsx)"
KF,1272,C,Centerpartiet,1,1,"Valmyndigheten: Mandatfördelning riksdag, region- och kommunfullmäktige 2026 (xlsx)"
KF,1272,KD,Kristdemokraterna,1,1,"Valmyndigheten: Mandatfördelning riksdag, region- och kommunfullmäktige 2026 (xlsx)"
KF,1272,L,Liberalerna (tidigare Folkpartiet),2,0,"Valmyndigheten: Mandatfördelning riksdag, region- och kommunfullmäktige 2026 (xlsx)"
KF,1272,M,Moderaterna,9,7,"Valmyndigheten: Mandatfördelning riksdag, region- och kommunfullmäktige 2026 (xlsx)"
KF,1272,SD,Sverigedemokraterna,11,9,"Valmyndigheten: Mandatfördelning riksdag, region- och kommunfullmäktige 2026 (xlsx)"
KF,1272,V,Vänsterpartiet,2,2,"Valmyndigheten: Mandatfördelning riksdag, region- och kommunfullmäktige 2026 (xlsx)"
KF,2305,S,Arbetarepartiet-Socialdemokraterna,10,10,"Valmyndigheten: Mandatfördelning riksdag, region- och kommunfullmäktige 2026 (xlsx)"
KF,2305,C,Centerpartiet,6,3,"Valmyndigheten: Mandatfördelning riksdag, region- och kommunfullmäktige 2026 (xlsx)"
KF,2305,Jämtlands Väl Bräcke,Jämtlands Väl Bräcke,2,4,"Valmyndigheten: Mandatfördelning riksdag, region- och kommunfullmäktige 2026 (xlsx)"
KF,2305,M,Moderaterna,4,6,"Valmyndigheten: Mandatfördelning riksdag, region- och kommunfullmäktige 2026 (xlsx)"
KF,2305,SD,Sverigedemokraterna,4,3,"Valmyndigheten: Mandatfördelning riksdag, region- och kommunfullmäktige 2026 (xlsx)"
KF,2305,V,Vänsterpartiet,1,1,"Valmyndigheten: Mandatfördelning riksdag, region- och kommunfullmäktige 2026 (xlsx)"
KF,1231,S,Arbetarepartiet-Socialdemokraterna,14,14,"Valmyndigheten: Mandatfördelning riksdag, region- och kommunfullmäktige 2026 (xlsx)"
KF,1231,C,Centerpartiet,2,2,"Valmyndigheten: Mandatfördelning riksdag, region- och kommunfullmäktige 2026 (xlsx)"
KF,1231,KD,Kristdemokraterna,0,1,"Valmyndigheten: Mandatfördelning riksdag, region- och kommunfullmäktige 2026 (xlsx)"
KF,1231,L,Liberalerna (tidigare Folkpartiet),2,2,"Valmyndigheten: Mandatfördelning riksdag, region- och kommunfullmäktige 2026 (xlsx)"
KF,1231,MP,Miljöpartiet de gröna,2,2,"Valmyndigheten: Mandatfördelning riksdag, region- och kommunfullmäktige 2026 (xlsx)"
KF,1231,M,Moderaterna,9,8,"Valmyndigheten: Mandatfördelning riksdag, region- och kommunfullmäktige 2026 (xlsx)"
KF,1231,SD,Sverigedemokraterna,9,7,"Valmyndigheten: Mandatfördelning riksdag, region- och kommunfullmäktige 2026 (xlsx)"
KF,1231,V,Vänsterpartiet,3,5,"Valmyndigheten: Mandatfördelning riksdag, region- och kommunfullmäktige 2026 (xlsx)"
KF,1278,S,Arbetarepartiet-Socialdemokraterna,7,7,"Valmyndigheten: Mandatfördelning riksdag, region- och kommunfullmäktige 2026 (xlsx)"
KF,1278,Bjärepartiet,Bjärepartiet,5,4,"Valmyndigheten: Mandatfördelning riksdag, region- och kommunfullmäktige 2026 (xlsx)"
KF,1278,C,Centerpartiet,3,3,"Valmyndigheten: Mandatfördelning riksdag, region- och kommunfullmäktige 2026 (xlsx)"
KF,1278,KD,Kristdemokraterna,1,1,"Valmyndigheten: Mandatfördelning riksdag, region- och kommunfullmäktige 2026 (xlsx)"
KF,1278,L,Liberalerna (tidigare Folkpartiet),3,2,"Valmyndigheten: Mandatfördelning riksdag, region- och kommunfullmäktige 2026 (xlsx)"
KF,1278,MP,Miljöpartiet de gröna,2,2,"Valmyndigheten: Mandatfördelning riksdag, region- och kommunfullmäktige 2026 (xlsx)"
KF,1278,M,Moderaterna,14,12,"Valmyndigheten: Mandatfördelning riksdag, region- och kommunfullmäktige 2026 (xlsx)"
KF,1278,SD,Sverigedemokraterna,6,5,"Valmyndigheten: Mandatfördelning riksdag, region- och kommunfullmäktige 2026 (xlsx)"
KF,1278,V,Vänsterpartiet,0,1,"Valmyndigheten: Mandatfördelning riksdag, region- och kommunfullmäktige 2026 (xlsx)"
KF,1438,S,Arbetarepartiet-Socialdemokraterna,8,6,"Valmyndigheten: Mandatfördelning riksdag, region- och kommunfullmäktige 2026 (xlsx)"
KF,1438,C,Centerpartiet,7,4,"Valmyndigheten: Mandatfördelning riksdag, region- och kommunfullmäktige 2026 (xlsx)"
KF,1438,KD,Kristdemokraterna,3,3,"Valmyndigheten: Mandatfördelning riksdag, region- och kommunfullmäktige 2026 (xlsx)"
KF,1438,L,Liberalerna (tidigare Folkpartiet),1,0,"Valmyndigheten: Mandatfördelning riksdag, region- och kommunfullmäktige 2026 (xlsx)"
KF,1438,MP,Miljöpartiet de gröna,0,1,"Valmyndigheten: Mandatfördelning riksdag, region- och kommunfullmäktige 2026 (xlsx)"
KF,1438,M,Moderaterna,7,14,"Valmyndigheten: Mandatfördelning riksdag, region- och kommunfullmäktige 2026 (xlsx)"
KF,1438,SD,Sverigedemokraterna,4,3,"Valmyndigheten: Mandatfördelning riksdag, region- och kommunfullmäktige 2026 (xlsx)"
KF,1438,V,Vänsterpartiet,1,0,"Valmyndigheten: Mandatfördelning riksdag, region- och kommunfullmäktige 2026 (xlsx)"
KF,0162,S,Arbetarepartiet-Socialdemokraterna,5,6,"Valmyndigheten: Mandatfördelning riksdag, region- och kommunfullmäktige 2026 (xlsx)"
KF,0162,C,Centerpartiet,12,12,"Valmyndigheten: Mandatfördelning riksdag, region- och kommunfullmäktige 2026 (xlsx)"
KF,0162,KD,Kristdemokraterna,4,3,"Valmyndigheten: Mandatfördelning riksdag, region- och kommunfullmäktige 2026 (xlsx)"
KF,0162,L,Liberalerna (tidigare Folkpartiet),6,4,"Valmyndigheten: Mandatfördelning riksdag, region- och kommunfullmäktige 2026 (xlsx)"
KF,0162,MP,Miljöpartiet de gröna,2,2,"Valmyndigheten: Mandatfördelning riksdag, region- och kommunfullmäktige 2026 (xlsx)"
KF,0162,M,Moderaterna,19,21,"Valmyndigheten: Mandatfördelning riksdag, region- och kommunfullmäktige 2026 (xlsx)"
KF,0162,SD,Sverigedemokraterna,3,3,"Valmyndigheten: Mandatfördelning riksdag, region- och kommunfullmäktige 2026 (xlsx)"
KF,1862,S,Arbetarepartiet-Socialdemokraterna,7,8,"Valmyndigheten: Mandatfördelning riksdag, region- och kommunfullmäktige 2026 (xlsx)"
KF,1862,C,Centerpartiet,2,2,"Valmyndigheten: Mandatfördelning riksdag, region- och kommunfullmäktige 2026 (xlsx)"
KF,1862,KD,Kristdemokraterna,1,2,"Valmyndigheten: Mandatfördelning riksdag, region- och kommunfullmäktige 2026 (xlsx)"
KF,1862,MP,Miljöpartiet de gröna,1,1,"Valmyndigheten: Mandatfördelning riksdag, region- och kommunfullmäktige 2026 (xlsx)"
KF,1862,M,Moderaterna,4,6,"Valmyndigheten: Mandatfördelning riksdag, region- och kommunfullmäktige 2026 (xlsx)"
KF,1862,SD,Sverigedemokraterna,6,7,"Valmyndigheten: Mandatfördelning riksdag, region- och kommunfullmäktige 2026 (xlsx)"
KF,1862,V,Vänsterpartiet,10,5,"Valmyndigheten: Mandatfördelning riksdag, region- och kommunfullmäktige 2026 (xlsx)"
KF,2425,S,Arbetarepartiet-Socialdemokraterna,9,6,"Valmyndigheten: Mandatfördelning riksdag, region- och kommunfullmäktige 2026 (xlsx)"
KF,2425,C,Centerpartiet,4,1,"Valmyndigheten: Mandatfördelning riksdag, region- och kommunfullmäktige 2026 (xlsx)"
KF,2425,Dorotea Kommunlista,Dorotea Kommunlista,0,9,"Valmyndigheten: Mandatfördelning riksdag, region- och kommunfullmäktige 2026 (xlsx)"
KF,2425,KD,Kristdemokraterna,1,0,"Valmyndigheten: Mandatfördelning riksdag, region- och kommunfullmäktige 2026 (xlsx)"
KF,2425,L,Liberalerna (tidigare Folkpartiet),4,2,"Valmyndigheten: Mandatfördelning riksdag, region- och kommunfullmäktige 2026 (xlsx)"
KF,2425,SD,Sverigedemokraterna,6,5,"Valmyndigheten: Mandatfördelning riksdag, region- och kommunfullmäktige 2026 (xlsx)"
KF,2425,V,Vänsterpartiet,1,2,"Valmyndigheten: Mandatfördelning riksdag, region- och kommunfullmäktige 2026 (xlsx)"
KF,1730,S,Arbetarepartiet-Socialdemokraterna,9,6,"Valmyndigheten: Mandatfördelning riksdag, region- och kommunfullmäktige 2026 (xlsx)"
KF,1730,C,Centerpartiet,5,2,"Valmyndigheten: Mandatfördelning riksdag, region- och kommunfullmäktige 2026 (xlsx)"
KF,1730,Hela Edas Lista,Hela Edas Lista,3,2,"Valmyndigheten: Mandatfördelning riksdag, region- och kommunfullmäktige 2026 (xlsx)"
KF,1730,KD,Kristdemokraterna,3,2,"Valmyndigheten: Mandatfördelning riksdag, region- och kommunfullmäktige 2026 (xlsx)"
KF,1730,L,Liberalerna (tidigare Folkpartiet),1,0,"Valmyndigheten: Mandatfördelning riksdag, region- och kommunfullmäktige 2026 (xlsx)"
KF,1730,M,Moderaterna,5,6,"Valmyndigheten: Mandatfördelning riksdag, region- och kommunfullmäktige 2026 (xlsx)"
KF,1730,Sjukvårdspartiet i Värmland,Sjukvårdspartiet i Värmland,1,0,"Valmyndigheten: Mandatfördelning riksdag, region- och kommunfullmäktige 2026 (xlsx)"
KF,1730,SD,Sverigedemokraterna,6,5,"Valmyndigheten: Mandatfördelning riksdag, region- och kommunfullmäktige 2026 (xlsx)"
KF,1730,V,Vänsterpartiet,2,2,"Valmyndigheten: Mandatfördelning riksdag, region- och kommunfullmäktige 2026 (xlsx)"
KF,0125,S,Arbetarepartiet-Socialdemokraterna,9,8,"Valmyndigheten: Mandatfördelning riksdag, region- och kommunfullmäktige 2026 (xlsx)"
KF,0125,C,Centerpartiet,3,4,"Valmyndigheten: Mandatfördelning riksdag, region- och kommunfullmäktige 2026 (xlsx)"
KF,0125,KD,Kristdemokraterna,3,3,"Valmyndigheten: Mandatfördelning riksdag, region- och kommunfullmäktige 2026 (xlsx)"
KF,0125,L,Liberalerna (tidigare Folkpartiet),4,2,"Valmyndigheten: Mandatfördelning riksdag, region- och kommunfullmäktige 2026 (xlsx)"
KF,0125,MP,Miljöpartiet de gröna,2,3,"Valmyndigheten: Mandatfördelning riksdag, region- och kommunfullmäktige 2026 (xlsx)"
KF,0125,M,Moderaterna,11,12,"Valmyndigheten: Mandatfördelning riksdag, region- och kommunfullmäktige 2026 (xlsx)"
KF,0125,Mälaröpartiet,Mälaröpartiet,2,3,"Valmyndigheten: Mandatfördelning riksdag, region- och kommunfullmäktige 2026 (xlsx)"
KF,0125,SD,Sverigedemokraterna,6,5,"Valmyndigheten: Mandatfördelning riksdag, region- och kommunfullmäktige 2026 (xlsx)"
KF,0125,V,Vänsterpartiet,1,1,"Valmyndigheten: Mandatfördelning riksdag, region- och kommunfullmäktige 2026 (xlsx)"
KF,0686,S,Arbetarepartiet-Socialdemokraterna,15,14,"Valmyndigheten: Mandatfördelning riksdag, region- och kommunfullmäktige 2026 (xlsx)"
KF,0686,C,Centerpartiet,8,6,"Valmyndigheten: Mandatfördelning riksdag, region- och kommunfullmäktige 2026 (xlsx)"
KF,0686,KD,Kristdemokraterna,3,4,"Valmyndigheten: Mandatfördelning riksdag, region- och kommunfullmäktige 2026 (xlsx)"
KF,0686,L,Liberalerna (tidigare Folkpartiet),2,2,"Valmyndigheten: Mandatfördelning riksdag, region- och kommunfullmäktige 2026 (xlsx)"
KF,0686,MP,Miljöpartiet de gröna,1,2,"Valmyndigheten: Mandatfördelning riksdag, region- och kommunfullmäktige 2026 (xlsx)"
KF,0686,M,Moderaterna,10,12,"Valmyndigheten: Mandatfördelning riksdag, region- och kommunfullmäktige 2026 (xlsx)"
KF,0686,SD,Sverigedemokraterna,8,6,"Valmyndigheten: Mandatfördelning riksdag, region- och kommunfullmäktige 2026 (xlsx)"
KF,0686,V,Vänsterpartiet,2,3,"Valmyndigheten: Mandatfördelning riksdag, region- och kommunfullmäktige 2026 (xlsx)"
KF,0862,S,Arbetarepartiet-Socialdemokraterna,14,12,"Valmyndigheten: Mandatfördelning riksdag, region- och kommunfullmäktige 2026 (xlsx)"
KF,0862,C,Centerpartiet,8,2,"Valmyndigheten: Mandatfördelning riksdag, region- och kommunfullmäktige 2026 (xlsx)"
KF,0862,KD,Kristdemokraterna,2,1,"Valmyndigheten: Mandatfördelning riksdag, region- och kommunfullmäktige 2026 (xlsx)"
KF,0862,MP,Miljöpartiet de gröna,1,1,"Valmyndigheten: Mandatfördelning riksdag, region- och kommunfullmäktige 2026 (xlsx)"
KF,0862,M,Moderaterna,7,8,"Valmyndigheten: Mandatfördelning riksdag, region- och kommunfullmäktige 2026 (xlsx)"
KF,0862,SD,Sverigedemokraterna,7,9,"Valmyndigheten: Mandatfördelning riksdag, region- och kommunfullmäktige 2026 (xlsx)"
KF,0862,V,Vänsterpartiet,2,2,"Valmyndigheten: Mandatfördelning riksdag, region- och kommunfullmäktige 2026 (xlsx)"
KF,0381,S,Arbetarepartiet-Socialdemokraterna,13,16,"Valmyndigheten: Mandatfördelning riksdag, region- och kommunfullmäktige 2026 (xlsx)"
KF,0381,C,Centerpartiet,4,4,"Valmyndigheten: Mandatfördelning riksdag, region- och kommunfullmäktige 2026 (xlsx)"
KF,0381,KD,Kristdemokraterna,3,4,"Valmyndigheten: Mandatfördelning riksdag, region- och kommunfullmäktige 2026 (xlsx)"
KF,0381,L,Liberalerna (tidigare Folkpartiet),1,2,"Valmyndigheten: Mandatfördelning riksdag, region- och kommunfullmäktige 2026 (xlsx)"
KF,0381,MP,Miljöpartiet de gröna,2,2,"Valmyndigheten: Mandatfördelning riksdag, region- och kommunfullmäktige 2026 (xlsx)"
KF,0381,M,Moderaterna,10,13,"Valmyndigheten: Mandatfördelning riksdag, region- och kommunfullmäktige 2026 (xlsx)"
KF,0381,Nystart Enköping (NE),Nystart Enköping (NE),6,5,"Valmyndigheten: Mandatfördelning riksdag, region- och kommunfullmäktige 2026 (xlsx)"
KF,0381,SD,Sverigedemokraterna,9,11,"Valmyndigheten: Mandatfördelning riksdag, region- och kommunfullmäktige 2026 (xlsx)"
KF,0381,V,Vänsterpartiet,3,4,"Valmyndigheten: Mandatfördelning riksdag, region- och kommunfullmäktige 2026 (xlsx)"
KF,0484,S,Arbetarepartiet-Socialdemokraterna,24,21,"Valmyndigheten: Mandatfördelning riksdag, region- och kommunfullmäktige 2026 (xlsx)"
KF,0484,C,Centerpartiet,3,3,"Valmyndigheten: Mandatfördelning riksdag, region- och kommunfullmäktige 2026 (xlsx)"
KF,0484,KD,Kristdemokraterna,3,3,"Valmyndigheten: Mandatfördelning riksdag, region- och kommunfullmäktige 2026 (xlsx)"
KF,0484,L,Liberalerna (tidigare Folkpartiet),2,2,"Valmyndigheten: Mandatfördelning riksdag, region- och kommunfullmäktige 2026 (xlsx)"
KF,0484,MP,Miljöpartiet de gröna,2,3,"Valmyndigheten: Mandatfördelning riksdag, region- och kommunfullmäktige 2026 (xlsx)"
KF,0484,M,Moderaterna,11,12,"Valmyndigheten: Mandatfördelning riksdag, region- och kommunfullmäktige 2026 (xlsx)"
KF,0484,SD,Sverigedemokraterna,15,14,"Valmyndigheten: Mandatfördelning riksdag, region- och kommunfullmäktige 2026 (xlsx)"
KF,0484,V,Vänsterpartiet,5,7,"Valmyndigheten: Mandatfördelning riksdag, region- och kommunfullmäktige 2026 (xlsx)"
KF,1285,S,Arbetarepartiet-Socialdemokraterna,16,16,"Valmyndigheten: Mandatfördelning riksdag, region- och kommunfullmäktige 2026 (xlsx)"
KF,1285,C,Centerpartiet,3,4,"Valmyndigheten: Mandatfördelning riksdag, region- och kommunfullmäktige 2026 (xlsx)"
KF,1285,KD,Kristdemokraterna,2,2,"Valmyndigheten: Mandatfördelning riksdag, region- och kommunfullmäktige 2026 (xlsx)"
KF,1285,L,Liberalerna (tidigare Folkpartiet),2,1,"Valmyndigheten: Mandatfördelning riksdag, region- och kommunfullmäktige 2026 (xlsx)"
KF,1285,MP,Miljöpartiet de gröna,1,2,"Valmyndigheten: Mandatfördelning riksdag, region- och kommunfullmäktige 2026 (xlsx)"
KF,1285,M,Moderaterna,9,9,"Valmyndigheten: Mandatfördelning riksdag, region- och kommunfullmäktige 2026 (xlsx)"
KF,1285,SD,Sverigedemokraterna,15,13,"Valmyndigheten: Mandatfördelning riksdag, region- och kommunfullmäktige 2026 (xlsx)"
KF,1285,V,Vänsterpartiet,3,4,"Valmyndigheten: Mandatfördelning riksdag, region- och kommunfullmäktige 2026 (xlsx)"
KF,1445,S,Arbetarepartiet-Socialdemokraterna,6,6,"Valmyndigheten: Mandatfördelning riksdag, region- och kommunfullmäktige 2026 (xlsx)"
KF,1445,C,Centerpartiet,2,2,"Valmyndigheten: Mandatfördelning riksdag, region- och kommunfullmäktige 2026 (xlsx)"
KF,1445,KD,Kristdemokraterna,1,1,"Valmyndigheten: Mandatfördelning riksdag, region- och kommunfullmäktige 2026 (xlsx)"
KF,1445,MP,Miljöpartiet de gröna,1,1,"Valmyndigheten: Mandatfördelning riksdag, region- och kommunfullmäktige 2026 (xlsx)"
KF,1445,M,Moderaterna,15,15,"Valmyndigheten: Mandatfördelning riksdag, region- och kommunfullmäktige 2026 (xlsx)"
KF,1445,SD,Sverigedemokraterna,5,5,"Valmyndigheten: Mandatfördelning riksdag, region- och kommunfullmäktige 2026 (xlsx)"
KF,1445,V,Vänsterpartiet,1,1,"Valmyndigheten: Mandatfördelning riksdag, region- och kommunfullmäktige 2026 (xlsx)"
KF,1982,S,Arbetarepartiet-Socialdemokraterna,10,13,"Valmyndigheten: Mandatfördelning riksdag, region- och kommunfullmäktige 2026 (xlsx)"
KF,1982,C,Centerpartiet,1,1,"Valmyndigheten: Mandatfördelning riksdag, region- och kommunfullmäktige 2026 (xlsx)"
KF,1982,KD,Kristdemokraterna,0,1,"Valmyndigheten: Mandatfördelning riksdag, region- och kommunfullmäktige 2026 (xlsx)"
KF,1982,L,Liberalerna (tidigare Folkpartiet),1,1,"Valmyndigheten: Mandatfördelning riksdag, region- och kommunfullmäktige 2026 (xlsx)"
KF,1982,M,Moderaterna,6,6,"Valmyndigheten: Mandatfördelning riksdag, region- och kommunfullmäktige 2026 (xlsx)"
KF,1982,SD,Sverigedemokraterna,8,7,"Valmyndigheten: Mandatfördelning riksdag, region- och kommunfullmäktige 2026 (xlsx)"
KF,1982,V,Vänsterpartiet,9,6,"Valmyndigheten: Mandatfördelning riksdag, region- och kommunfullmäktige 2026 (xlsx)"
KF,1382,S,Arbetarepartiet-Socialdemokraterna,20,19,"Valmyndigheten: Mandatfördelning riksdag, region- och kommunfullmäktige 2026 (xlsx)"
KF,1382,C,Centerpartiet,10,9,"Valmyndigheten: Mandatfördelning riksdag, region- och kommunfullmäktige 2026 (xlsx)"
KF,1382,KD,Kristdemokraterna,3,3,"Valmyndigheten: Mandatfördelning riksdag, region- och kommunfullmäktige 2026 (xlsx)"
KF,1382,L,Liberalerna (tidigare Folkpartiet),2,2,"Valmyndigheten: Mandatfördelning riksdag, region- och kommunfullmäktige 2026 (xlsx)"
KF,1382,MP,Miljöpartiet de gröna,2,2,"Valmyndigheten: Mandatfördelning riksdag, region- och kommunfullmäktige 2026 (xlsx)"
KF,1382,M,Moderaterna,11,13,"Valmyndigheten: Mandatfördelning riksdag, region- och kommunfullmäktige 2026 (xlsx)"
KF,1382,SD,Sverigedemokraterna,10,9,"Valmyndigheten: Mandatfördelning riksdag, region- och kommunfullmäktige 2026 (xlsx)"
KF,1382,V,Vänsterpartiet,3,4,"Valmyndigheten: Mandatfördelning riksdag, region- och kommunfullmäktige 2026 (xlsx)"
KF,1499,S,Arbetarepartiet-Socialdemokraterna,16,15,"Valmyndigheten: Mandatfördelning riksdag, region- och kommunfullmäktige 2026 (xlsx)"
KF,1499,C,Centerpartiet,5,5,"Valmyndigheten: Mandatfördelning riksdag, region- och kommunfullmäktige 2026 (xlsx)"
KF,1499,KD,Kristdemokraterna,4,4,"Valmyndigheten: Mandatfördelning riksdag, region- och kommunfullmäktige 2026 (xlsx)"
KF,1499,L,Liberalerna (tidigare Folkpartiet),1,0,"Valmyndigheten: Mandatfördelning riksdag, region- och kommunfullmäktige 2026 (xlsx)"
KF,1499,MP,Miljöpartiet de gröna,1,2,"Valmyndigheten: Mandatfördelning riksdag, region- och kommunfullmäktige 2026 (xlsx)"
KF,1499,M,Moderaterna,11,12,"Valmyndigheten: Mandatfördelning riksdag, region- och kommunfullmäktige 2026 (xlsx)"
KF,1499,SD,Sverigedemokraterna,10,10,"Valmyndigheten: Mandatfördelning riksdag, region- och kommunfullmäktige 2026 (xlsx)"
KF,1499,V,Vänsterpartiet,3,3,"Valmyndigheten: Mandatfördelning riksdag, region- och kommunfullmäktige 2026 (xlsx)"
KF,2080,S,Arbetarepartiet-Socialdemokraterna,20,18,"Valmyndigheten: Mandatfördelning riksdag, region- och kommunfullmäktige 2026 (xlsx)"
KF,2080,C,Centerpartiet,7,7,"Valmyndigheten: Mandatfördelning riksdag, region- och kommunfullmäktige 2026 (xlsx)"
KF,2080,KD,Kristdemokraterna,4,4,"Valmyndigheten: Mandatfördelning riksdag, region- och kommunfullmäktige 2026 (xlsx)"
KF,2080,L,Liberalerna (tidigare Folkpartiet),3,4,"Valmyndigheten: Mandatfördelning riksdag, region- och kommunfullmäktige 2026 (xlsx)"
KF,2080,MP,Miljöpartiet de gröna,3,4,"Valmyndigheten: Mandatfördelning riksdag, region- och kommunfullmäktige 2026 (xlsx)"
KF,2080,M,Moderaterna,12,13,"Valmyndigheten: Mandatfördelning riksdag, region- och kommunfullmäktige 2026 (xlsx)"
KF,2080,SD,Sverigedemokraterna,7,7,"Valmyndigheten: Mandatfördelning riksdag, region- och kommunfullmäktige 2026 (xlsx)"
KF,2080,V,Vänsterpartiet,5,4,"Valmyndigheten: Mandatfördelning riksdag, region- och kommunfullmäktige 2026 (xlsx)"
KF,1782,S,Arbetarepartiet-Socialdemokraterna,16,11,"Valmyndigheten: Mandatfördelning riksdag, region- och kommunfullmäktige 2026 (xlsx)"
KF,1782,C,Centerpartiet,1,1,"Valmyndigheten: Mandatfördelning riksdag, region- och kommunfullmäktige 2026 (xlsx)"
KF,1782,L,Liberalerna (tidigare Folkpartiet),2,1,"Valmyndigheten: Mandatfördelning riksdag, region- och kommunfullmäktige 2026 (xlsx)"
KF,1782,M,Moderaterna,9,6,"Valmyndigheten: Mandatfördelning riksdag, region- och kommunfullmäktige 2026 (xlsx)"
KF,1782,SD,Sverigedemokraterna,7,4,"Valmyndigheten: Mandatfördelning riksdag, region- och kommunfullmäktige 2026 (xlsx)"
KF,1782,V,Vänsterpartiet,2,2,"Valmyndigheten: Mandatfördelning riksdag, region- och kommunfullmäktige 2026 (xlsx)"
KF,0562,S,Arbetarepartiet-Socialdemokraterna,16,14,"Valmyndigheten: Mandatfördelning riksdag, region- och kommunfullmäktige 2026 (xlsx)"
KF,0562,C,Centerpartiet,3,2,"Valmyndigheten: Mandatfördelning riksdag, region- och kommunfullmäktige 2026 (xlsx)"
KF,0562,KD,Kristdemokraterna,2,2,"Valmyndigheten: Mandatfördelning riksdag, region- och kommunfullmäktige 2026 (xlsx)"
KF,0562,L,Liberalerna (tidigare Folkpartiet),3,4,"Valmyndigheten: Mandatfördelning riksdag, region- och kommunfullmäktige 2026 (xlsx)"
KF,0562,MP,Miljöpartiet de gröna,0,2,"Valmyndigheten: Mandatfördelning riksdag, region- och kommunfullmäktige 2026 (xlsx)"
KF,0562,M,Moderaterna,7,7,"Valmyndigheten: Mandatfördelning riksdag, region- och kommunfullmäktige 2026 (xlsx)"
KF,0562,SD,Sverigedemokraterna,10,11,"Valmyndigheten: Mandatfördelning riksdag, region- och kommunfullmäktige 2026 (xlsx)"
KF,0562,V,Vänsterpartiet,4,3,"Valmyndigheten: Mandatfördelning riksdag, region- och kommunfullmäktige 2026 (xlsx)"
KF,0482,S,Arbetarepartiet-Socialdemokraterna,12,8,"Valmyndigheten: Mandatfördelning riksdag, region- och kommunfullmäktige 2026 (xlsx)"
KF,0482,C,Centerpartiet,4,4,"Valmyndigheten: Mandatfördelning riksdag, region- och kommunfullmäktige 2026 (xlsx)"
KF,0482,Fria liberaler i Flens kommun,Fria liberaler i Flens kommun,0,4,"Valmyndigheten: Mandatfördelning riksdag, region- och kommunfullmäktige 2026 (xlsx)"
KF,0482,KD,Kristdemokraterna,2,2,"Valmyndigheten: Mandatfördelning riksdag, region- och kommunfullmäktige 2026 (xlsx)"
KF,0482,L,Liberalerna (tidigare Folkpartiet),1,1,"Valmyndigheten: Mandatfördelning riksdag, region- och kommunfullmäktige 2026 (xlsx)"
KF,0482,MP,Miljöpartiet de gröna,1,2,"Valmyndigheten: Mandatfördelning riksdag, region- och kommunfullmäktige 2026 (xlsx)"
KF,0482,M,Moderaterna,7,7,"Valmyndigheten: Mandatfördelning riksdag, region- och kommunfullmäktige 2026 (xlsx)"
KF,0482,SD,Sverigedemokraterna,8,7,"Valmyndigheten: Mandatfördelning riksdag, region- och kommunfullmäktige 2026 (xlsx)"
KF,0482,V,Vänsterpartiet,4,4,"Valmyndigheten: Mandatfördelning riksdag, region- och kommunfullmäktige 2026 (xlsx)"
KF,1763,S,Arbetarepartiet-Socialdemokraterna,18,15,"Valmyndigheten: Mandatfördelning riksdag, region- och kommunfullmäktige 2026 (xlsx)"
KF,1763,C,Centerpartiet,3,4,"Valmyndigheten: Mandatfördelning riksdag, region- och kommunfullmäktige 2026 (xlsx)"
KF,1763,Kommunens Bästa,Kommunens Bästa,1,0,"Valmyndigheten: Mandatfördelning riksdag, region- och kommunfullmäktige 2026 (xlsx)"
KF,1763,KD,Kristdemokraterna,2,3,"Valmyndigheten: Mandatfördelning riksdag, region- och kommunfullmäktige 2026 (xlsx)"
KF,1763,L,Liberalerna (tidigare Folkpartiet),1,1,"Valmyndigheten: Mandatfördelning riksdag, region- och kommunfullmäktige 2026 (xlsx)"
KF,1763,MP,Miljöpartiet de gröna,0,1,"Valmyndigheten: Mandatfördelning riksdag, region- och kommunfullmäktige 2026 (xlsx)"
KF,1763,M,Moderaterna,6,8,"Valmyndigheten: Mandatfördelning riksdag, region- och kommunfullmäktige 2026 (xlsx)"
KF,1763,SD,Sverigedemokraterna,8,7,"Valmyndigheten: Mandatfördelning riksdag, region- och kommunfullmäktige 2026 (xlsx)"
KF,1763,V,Vänsterpartiet,2,2,"Valmyndigheten: Mandatfördelning riksdag, region- och kommunfullmäktige 2026 (xlsx)"
KF,1439,S,Arbetarepartiet-Socialdemokraterna,8,6,"Valmyndigheten: Mandatfördelning riksdag, region- och kommunfullmäktige 2026 (xlsx)"
KF,1439,C,Centerpartiet,6,6,"Valmyndigheten: Mandatfördelning riksdag, region- och kommunfullmäktige 2026 (xlsx)"
KF,1439,KD,Kristdemokraterna,1,1,"Valmyndigheten: Mandatfördelning riksdag, region- och kommunfullmäktige 2026 (xlsx)"
KF,1439,L,Liberalerna (tidigare Folkpartiet),2,1,"Valmyndigheten: Mandatfördelning riksdag, region- och kommunfullmäktige 2026 (xlsx)"
KF,1439,M,Moderaterna,3,4,"Valmyndigheten: Mandatfördelning riksdag, region- och kommunfullmäktige 2026 (xlsx)"
KF,1439,SD,Sverigedemokraterna,11,11,"Valmyndigheten: Mandatfördelning riksdag, region- och kommunfullmäktige 2026 (xlsx)"
KF,2026,S,Arbetarepartiet-Socialdemokraterna,7,7,"Valmyndigheten: Mandatfördelning riksdag, region- och kommunfullmäktige 2026 (xlsx)"
KF,2026,C,Centerpartiet,7,7,"Valmyndigheten: Mandatfördelning riksdag, region- och kommunfullmäktige 2026 (xlsx)"
KF,2026,Kommunal Samling,Kommunal Samling,3,3,"Valmyndigheten: Mandatfördelning riksdag, region- och kommunfullmäktige 2026 (xlsx)"
KF,2026,KD,Kristdemokraterna,6,5,"Valmyndigheten: Mandatfördelning riksdag, region- och kommunfullmäktige 2026 (xlsx)"
KF,2026,L,Liberalerna (tidigare Folkpartiet),1,1,"Valmyndigheten: Mandatfördelning riksdag, region- och kommunfullmäktige 2026 (xlsx)"
KF,2026,MP,Miljöpartiet de gröna,1,2,"Valmyndigheten: Mandatfördelning riksdag, region- och kommunfullmäktige 2026 (xlsx)"
KF,2026,M,Moderaterna,4,5,"Valmyndigheten: Mandatfördelning riksdag, region- och kommunfullmäktige 2026 (xlsx)"
KF,2026,SD,Sverigedemokraterna,4,4,"Valmyndigheten: Mandatfördelning riksdag, region- och kommunfullmäktige 2026 (xlsx)"
KF,2026,V,Vänsterpartiet,2,1,"Valmyndigheten: Mandatfördelning riksdag, region- och kommunfullmäktige 2026 (xlsx)"
KF,0662,S,Arbetarepartiet-Socialdemokraterna,10,9,"Valmyndigheten: Mandatfördelning riksdag, region- och kommunfullmäktige 2026 (xlsx)"
KF,0662,C,Centerpartiet,4,4,"Valmyndigheten: Mandatfördelning riksdag, region- och kommunfullmäktige 2026 (xlsx)"
KF,0662,KD,Kristdemokraterna,2,2,"Valmyndigheten: Mandatfördelning riksdag, region- och kommunfullmäktige 2026 (xlsx)"
KF,0662,L,Liberalerna (tidigare Folkpartiet),1,1,"Valmyndigheten: Mandatfördelning riksdag, region- och kommunfullmäktige 2026 (xlsx)"
KF,0662,Medborgarpartiet i Gislaved (MiG),Medborgarpartiet i Gislaved (MiG),9,12,"Valmyndigheten: Mandatfördelning riksdag, region- och kommunfullmäktige 2026 (xlsx)"
KF,0662,Medborgerlig Samling,Medborgerlig Samling,0,1,"Valmyndigheten: Mandatfördelning riksdag, region- och kommunfullmäktige 2026 (xlsx)"
KF,0662,M,Moderaterna,9,10,"Valmyndigheten: Mandatfördelning riksdag, region- och kommunfullmäktige 2026 (xlsx)"
KF,0662,SD,Sverigedemokraterna,7,6,"Valmyndigheten: Mandatfördelning riksdag, region- och kommunfullmäktige 2026 (xlsx)"
KF,0662,V,Vänsterpartiet,2,3,"Valmyndigheten: Mandatfördelning riksdag, region- och kommunfullmäktige 2026 (xlsx)"
KF,0662,Westbopartiet,Westbopartiet,5,1,"Valmyndigheten: Mandatfördelning riksdag, region- och kommunfullmäktige 2026 (xlsx)"
KF,0461,S,Arbetarepartiet-Socialdemokraterna,8,6,"Valmyndigheten: Mandatfördelning riksdag, region- och kommunfullmäktige 2026 (xlsx)"
KF,0461,C,Centerpartiet,4,3,"Valmyndigheten: Mandatfördelning riksdag, region- och kommunfullmäktige 2026 (xlsx)"
KF,0461,KD,Kristdemokraterna,1,1,"Valmyndigheten: Mandatfördelning riksdag, region- och kommunfullmäktige 2026 (xlsx)"
KF,0461,L,Liberalerna (tidigare Folkpartiet),1,0,"Valmyndigheten: Mandatfördelning riksdag, region- och kommunfullmäktige 2026 (xlsx)"
KF,0461,MP,Miljöpartiet de gröna,2,7,"Valmyndigheten: Mandatfördelning riksdag, region- och kommunfullmäktige 2026 (xlsx)"
KF,0461,M,Moderaterna,7,7,"Valmyndigheten: Mandatfördelning riksdag, region- och kommunfullmäktige 2026 (xlsx)"
KF,0461,SD,Sverigedemokraterna,5,4,"Valmyndigheten: Mandatfördelning riksdag, region- och kommunfullmäktige 2026 (xlsx)"
KF,0461,V,Vänsterpartiet,3,3,"Valmyndigheten: Mandatfördelning riksdag, region- och kommunfullmäktige 2026 (xlsx)"
KF,0617,S,Arbetarepartiet-Socialdemokraterna,9,9,"Valmyndigheten: Mandatfördelning riksdag, region- och kommunfullmäktige 2026 (xlsx)"
KF,0617,C,Centerpartiet,5,6,"Valmyndigheten: Mandatfördelning riksdag, region- och kommunfullmäktige 2026 (xlsx)"
KF,0617,KD,Kristdemokraterna,6,5,"Valmyndigheten: Mandatfördelning riksdag, region- och kommunfullmäktige 2026 (xlsx)"
KF,0617,M,Moderaterna,8,7,"Valmyndigheten: Mandatfördelning riksdag, region- och kommunfullmäktige 2026 (xlsx)"
KF,0617,SD,Sverigedemokraterna,6,6,"Valmyndigheten: Mandatfördelning riksdag, region- och kommunfullmäktige 2026 (xlsx)"
KF,0617,V,Vänsterpartiet,1,2,"Valmyndigheten: Mandatfördelning riksdag, region- och kommunfullmäktige 2026 (xlsx)"
KF,0980,S,Arbetarepartiet-Socialdemokraterna,23,21,"Valmyndigheten: Mandatfördelning riksdag, region- och kommunfullmäktige 2026 (xlsx)"
KF,0980,C,Centerpartiet,13,13,"Valmyndigheten: Mandatfördelning riksdag, region- och kommunfullmäktige 2026 (xlsx)"
KF,0980,KD,Kristdemokraterna,2,3,"Valmyndigheten: Mandatfördelning riksdag, region- och kommunfullmäktige 2026 (xlsx)"
KF,0980,L,Liberalerna (tidigare Folkpartiet),2,2,"Valmyndigheten: Mandatfördelning riksdag, region- och kommunfullmäktige 2026 (xlsx)"
KF,0980,MP,Miljöpartiet de gröna,4,5,"Valmyndigheten: Mandatfördelning riksdag, region- och kommunfullmäktige 2026 (xlsx)"
KF,0980,M,Moderaterna,13,15,"Valmyndigheten: Mandatfördelning riksdag, region- och kommunfullmäktige 2026 (xlsx)"
KF,0980,SD,Sverigedemokraterna,8,6,"Valmyndigheten: Mandatfördelning riksdag, region- och kommunfullmäktige 2026 (xlsx)"
KF,0980,V,Vänsterpartiet,6,6,"Valmyndigheten: Mandatfördelning riksdag, region- och kommunfullmäktige 2026 (xlsx)"
KF,1764,S,Arbetarepartiet-Socialdemokraterna,15,13,"Valmyndigheten: Mandatfördelning riksdag, region- och kommunfullmäktige 2026 (xlsx)"
KF,1764,C,Centerpartiet,2,2,"Valmyndigheten: Mandatfördelning riksdag, region- och kommunfullmäktige 2026 (xlsx)"
KF,1764,KD,Kristdemokraterna,0,1,"Valmyndigheten: Mandatfördelning riksdag, region- och kommunfullmäktige 2026 (xlsx)"
KF,1764,MP,Miljöpartiet de gröna,1,1,"Valmyndigheten: Mandatfördelning riksdag, region- och kommunfullmäktige 2026 (xlsx)"
KF,1764,M,Moderaterna,6,7,"Valmyndigheten: Mandatfördelning riksdag, region- och kommunfullmäktige 2026 (xlsx)"
KF,1764,SD,Sverigedemokraterna,6,6,"Valmyndigheten: Mandatfördelning riksdag, region- och kommunfullmäktige 2026 (xlsx)"
KF,1764,V,Vänsterpartiet,1,1,"Valmyndigheten: Mandatfördelning riksdag, region- och kommunfullmäktige 2026 (xlsx)"
KF,1444,S,Arbetarepartiet-Socialdemokraterna,6,5,"Valmyndigheten: Mandatfördelning riksdag, region- och kommunfullmäktige 2026 (xlsx)"
KF,1444,C,Centerpartiet,6,4,"Valmyndigheten: Mandatfördelning riksdag, region- och kommunfullmäktige 2026 (xlsx)"
KF,1444,FRAM FÖR KOMMUNEN,FRAM FÖR KOMMUNEN,0,7,"Valmyndigheten: Mandatfördelning riksdag, region- och kommunfullmäktige 2026 (xlsx)"
KF,1444,KD,Kristdemokraterna,1,0,"Valmyndigheten: Mandatfördelning riksdag, region- och kommunfullmäktige 2026 (xlsx)"
KF,1444,L,Liberalerna (tidigare Folkpartiet),1,0,"Valmyndigheten: Mandatfördelning riksdag, region- och kommunfullmäktige 2026 (xlsx)"
KF,1444,MP,Miljöpartiet de gröna,1,2,"Valmyndigheten: Mandatfördelning riksdag, region- och kommunfullmäktige 2026 (xlsx)"
KF,1444,M,Moderaterna,11,6,"Valmyndigheten: Mandatfördelning riksdag, region- och kommunfullmäktige 2026 (xlsx)"
KF,1444,SD,Sverigedemokraterna,5,3,"Valmyndigheten: Mandatfördelning riksdag, region- och kommunfullmäktige 2026 (xlsx)"
KF,1447,S,Arbetarepartiet-Socialdemokraterna,10,11,"Valmyndigheten: Mandatfördelning riksdag, region- och kommunfullmäktige 2026 (xlsx)"
KF,1447,C,Centerpartiet,2,1,"Valmyndigheten: Mandatfördelning riksdag, region- och kommunfullmäktige 2026 (xlsx)"
KF,1447,Feministerna Gullspång,Feministerna Gullspång,0,1,"Valmyndigheten: Mandatfördelning riksdag, region- och kommunfullmäktige 2026 (xlsx)"
KF,1447,Feministiskt initiativ,Feministiskt initiativ,1,0,"Valmyndigheten: Mandatfördelning riksdag, region- och kommunfullmäktige 2026 (xlsx)"
KF,1447,KD,Kristdemokraterna,1,0,"Valmyndigheten: Mandatfördelning riksdag, region- och kommunfullmäktige 2026 (xlsx)"
KF,1447,L,Liberalerna (tidigare Folkpartiet),1,1,"Valmyndigheten: Mandatfördelning riksdag, region- och kommunfullmäktige 2026 (xlsx)"
KF,1447,M,Moderaterna,10,12,"Valmyndigheten: Mandatfördelning riksdag, region- och kommunfullmäktige 2026 (xlsx)"
KF,1447,SD,Sverigedemokraterna,5,4,"Valmyndigheten: Mandatfördelning riksdag, region- och kommunfullmäktige 2026 (xlsx)"
KF,1447,V,Vänsterpartiet,1,1,"Valmyndigheten: Mandatfördelning riksdag, region- och kommunfullmäktige 2026 (xlsx)"
KF,2523,S,Arbetarepartiet-Socialdemokraterna,9,9,"Valmyndigheten: Mandatfördelning riksdag, region- och kommunfullmäktige 2026 (xlsx)"
KF,2523,KD,Kristdemokraterna,0,6,"Valmyndigheten: Mandatfördelning riksdag, region- och kommunfullmäktige 2026 (xlsx)"
KF,2523,MP,Miljöpartiet de gröna,5,4,"Valmyndigheten: Mandatfördelning riksdag, region- och kommunfullmäktige 2026 (xlsx)"
KF,2523,M,Moderaterna,11,8,"Valmyndigheten: Mandatfördelning riksdag, region- och kommunfullmäktige 2026 (xlsx)"
KF,2523,Sjukvårdspartiet,Sjukvårdspartiet,1,1,"Valmyndigheten: Mandatfördelning riksdag, region- och kommunfullmäktige 2026 (xlsx)"
KF,2523,SD,Sverigedemokraterna,5,4,"Valmyndigheten: Mandatfördelning riksdag, region- och kommunfullmäktige 2026 (xlsx)"
KF,2523,V,Vänsterpartiet,4,3,"Valmyndigheten: Mandatfördelning riksdag, region- och kommunfullmäktige 2026 (xlsx)"
KF,2180,S,Arbetarepartiet-Socialdemokraterna,21,21,"Valmyndigheten: Mandatfördelning riksdag, region- och kommunfullmäktige 2026 (xlsx)"
KF,2180,C,Centerpartiet,3,3,"Valmyndigheten: Mandatfördelning riksdag, region- och kommunfullmäktige 2026 (xlsx)"
KF,2180,KD,Kristdemokraterna,3,4,"Valmyndigheten: Mandatfördelning riksdag, region- och kommunfullmäktige 2026 (xlsx)"
KF,2180,L,Liberalerna (tidigare Folkpartiet),3,2,"Valmyndigheten: Mandatfördelning riksdag, region- och kommunfullmäktige 2026 (xlsx)"
KF,2180,MP,Miljöpartiet de gröna,3,3,"Valmyndigheten: Mandatfördelning riksdag, region- och kommunfullmäktige 2026 (xlsx)"
KF,2180,M,Moderaterna,14,14,"Valmyndigheten: Mandatfördelning riksdag, region- och kommunfullmäktige 2026 (xlsx)"
KF,2180,SD,Sverigedemokraterna,13,12,"Valmyndigheten: Mandatfördelning riksdag, region- och kommunfullmäktige 2026 (xlsx)"
KF,2180,V,Vänsterpartiet,5,6,"Valmyndigheten: Mandatfördelning riksdag, region- och kommunfullmäktige 2026 (xlsx)"
KF,1480,S,Arbetarepartiet-Socialdemokraterna,22,23,"Valmyndigheten: Mandatfördelning riksdag, region- och kommunfullmäktige 2026 (xlsx)"
KF,1480,C,Centerpartiet,3,4,"Valmyndigheten: Mandatfördelning riksdag, region- och kommunfullmäktige 2026 (xlsx)"
KF,1480,Demokraterna,Demokraterna,5,6,"Valmyndigheten: Mandatfördelning riksdag, region- och kommunfullmäktige 2026 (xlsx)"
KF,1480,KD,Kristdemokraterna,4,3,"Valmyndigheten: Mandatfördelning riksdag, region- och kommunfullmäktige 2026 (xlsx)"
KF,1480,L,Liberalerna (tidigare Folkpartiet),5,3,"Valmyndigheten: Mandatfördelning riksdag, region- och kommunfullmäktige 2026 (xlsx)"
KF,1480,MP,Miljöpartiet de gröna,5,7,"Valmyndigheten: Mandatfördelning riksdag, region- och kommunfullmäktige 2026 (xlsx)"
KF,1480,M,Moderaterna,15,15,"Valmyndigheten: Mandatfördelning riksdag, region- och kommunfullmäktige 2026 (xlsx)"
KF,1480,SD,Sverigedemokraterna,9,7,"Valmyndigheten: Mandatfördelning riksdag, region- och kommunfullmäktige 2026 (xlsx)"
KF,1480,V,Vänsterpartiet,13,13,"Valmyndigheten: Mandatfördelning riksdag, region- och kommunfullmäktige 2026 (xlsx)"
KF,1471,S,Arbetarepartiet-Socialdemokraterna,12,7,"Valmyndigheten: Mandatfördelning riksdag, region- och kommunfullmäktige 2026 (xlsx)"
KF,1471,C,Centerpartiet,4,3,"Valmyndigheten: Mandatfördelning riksdag, region- och kommunfullmäktige 2026 (xlsx)"
KF,1471,Götenes framtid,Götenes framtid,6,12,"Valmyndigheten: Mandatfördelning riksdag, region- och kommunfullmäktige 2026 (xlsx)"
KF,1471,KD,Kristdemokraterna,2,2,"Valmyndigheten: Mandatfördelning riksdag, region- och kommunfullmäktige 2026 (xlsx)"
KF,1471,L,Liberalerna (tidigare Folkpartiet),1,0,"Valmyndigheten: Mandatfördelning riksdag, region- och kommunfullmäktige 2026 (xlsx)"
KF,1471,MP,Miljöpartiet de gröna,1,1,"Valmyndigheten: Mandatfördelning riksdag, region- och kommunfullmäktige 2026 (xlsx)"
KF,1471,M,Moderaterna,6,3,"Valmyndigheten: Mandatfördelning riksdag, region- och kommunfullmäktige 2026 (xlsx)"
KF,1471,SD,Sverigedemokraterna,6,5,"Valmyndigheten: Mandatfördelning riksdag, region- och kommunfullmäktige 2026 (xlsx)"
KF,1471,V,Vänsterpartiet,3,2,"Valmyndigheten: Mandatfördelning riksdag, region- och kommunfullmäktige 2026 (xlsx)"
KF,0643,S,Arbetarepartiet-Socialdemokraterna,9,9,"Valmyndigheten: Mandatfördelning riksdag, region- och kommunfullmäktige 2026 (xlsx)"
KF,0643,C,Centerpartiet,2,2,"Valmyndigheten: Mandatfördelning riksdag, region- och kommunfullmäktige 2026 (xlsx)"
KF,0643,Habodemokraterna,Habodemokraterna,1,2,"Valmyndigheten: Mandatfördelning riksdag, region- och kommunfullmäktige 2026 (xlsx)"
KF,0643,KD,Kristdemokraterna,5,4,"Valmyndigheten: Mandatfördelning riksdag, region- och kommunfullmäktige 2026 (xlsx)"
KF,0643,L,Liberalerna (tidigare Folkpartiet),2,0,"Valmyndigheten: Mandatfördelning riksdag, region- och kommunfullmäktige 2026 (xlsx)"
KF,0643,Liberalt initiativ Habo kommun,Liberalt initiativ Habo kommun,0,1,"Valmyndigheten: Mandatfördelning riksdag, region- och kommunfullmäktige 2026 (xlsx)"
KF,0643,MP,Miljöpartiet de gröna,1,1,"Valmyndigheten: Mandatfördelning riksdag, region- och kommunfullmäktige 2026 (xlsx)"
KF,0643,M,Moderaterna,9,10,"Valmyndigheten: Mandatfördelning riksdag, region- och kommunfullmäktige 2026 (xlsx)"
KF,0643,SD,Sverigedemokraterna,5,5,"Valmyndigheten: Mandatfördelning riksdag, region- och kommunfullmäktige 2026 (xlsx)"
KF,0643,V,Vänsterpartiet,1,1,"Valmyndigheten: Mandatfördelning riksdag, region- och kommunfullmäktige 2026 (xlsx)"
KF,1783,S,Arbetarepartiet-Socialdemokraterna,14,13,"Valmyndigheten: Mandatfördelning riksdag, region- och kommunfullmäktige 2026 (xlsx)"
KF,1783,C,Centerpartiet,1,1,"Valmyndigheten: Mandatfördelning riksdag, region- och kommunfullmäktige 2026 (xlsx)"
KF,1783,M,Moderaterna,1,1,"Valmyndigheten: Mandatfördelning riksdag, region- och kommunfullmäktige 2026 (xlsx)"
KF,1783,OBEROENDE REALISTER,OBEROENDE REALISTER,15,15,"Valmyndigheten: Mandatfördelning riksdag, region- och kommunfullmäktige 2026 (xlsx)"
KF,1783,SD,Sverigedemokraterna,3,4,"Valmyndigheten: Mandatfördelning riksdag, region- och kommunfullmäktige 2026 (xlsx)"
KF,1783,V,Vänsterpartiet,1,1,"Valmyndigheten: Mandatfördelning riksdag, region- och kommunfullmäktige 2026 (xlsx)"
KF,1861,S,Arbetarepartiet-Socialdemokraterna,17,17,"Valmyndigheten: Mandatfördelning riksdag, region- och kommunfullmäktige 2026 (xlsx)"
KF,1861,C,Centerpartiet,4,3,"Valmyndigheten: Mandatfördelning riksdag, region- och kommunfullmäktige 2026 (xlsx)"
KF,1861,KD,Kristdemokraterna,2,2,"Valmyndigheten: Mandatfördelning riksdag, region- och kommunfullmäktige 2026 (xlsx)"
KF,1861,L,Liberalerna (tidigare Folkpartiet),1,2,"Valmyndigheten: Mandatfördelning riksdag, region- och kommunfullmäktige 2026 (xlsx)"
KF,1861,MP,Miljöpartiet de gröna,1,1,"Valmyndigheten: Mandatfördelning riksdag, region- och kommunfullmäktige 2026 (xlsx)"
KF,1861,M,Moderaterna,8,8,"Valmyndigheten: Mandatfördelning riksdag, region- och kommunfullmäktige 2026 (xlsx)"
KF,1861,SD,Sverigedemokraterna,10,9,"Valmyndigheten: Mandatfördelning riksdag, region- och kommunfullmäktige 2026 (xlsx)"
KF,1861,V,Vänsterpartiet,2,3,"Valmyndigheten: Mandatfördelning riksdag, region- och kommunfullmäktige 2026 (xlsx)"
KF,1961,S,Arbetarepartiet-Socialdemokraterna,14,13,"Valmyndigheten: Mandatfördelning riksdag, region- och kommunfullmäktige 2026 (xlsx)"
KF,1961,C,Centerpartiet,2,2,"Valmyndigheten: Mandatfördelning riksdag, region- och kommunfullmäktige 2026 (xlsx)"
KF,1961,KD,Kristdemokraterna,2,1,"Valmyndigheten: Mandatfördelning riksdag, region- och kommunfullmäktige 2026 (xlsx)"
KF,1961,L,Liberalerna (tidigare Folkpartiet),1,1,"Valmyndigheten: Mandatfördelning riksdag, region- och kommunfullmäktige 2026 (xlsx)"
KF,1961,MP,Miljöpartiet de gröna,1,1,"Valmyndigheten: Mandatfördelning riksdag, region- och kommunfullmäktige 2026 (xlsx)"
KF,1961,M,Moderaterna,6,8,"Valmyndigheten: Mandatfördelning riksdag, region- och kommunfullmäktige 2026 (xlsx)"
KF,1961,SD,Sverigedemokraterna,8,7,"Valmyndigheten: Mandatfördelning riksdag, region- och kommunfullmäktige 2026 (xlsx)"
KF,1961,V,Vänsterpartiet,3,4,"Valmyndigheten: Mandatfördelning riksdag, region- och kommunfullmäktige 2026 (xlsx)"
KF,1380,S,Arbetarepartiet-Socialdemokraterna,22,21,"Valmyndigheten: Mandatfördelning riksdag, region- och kommunfullmäktige 2026 (xlsx)"
KF,1380,C,Centerpartiet,5,4,"Valmyndigheten: Mandatfördelning riksdag, region- och kommunfullmäktige 2026 (xlsx)"
KF,1380,Halmstadpartiet,Halmstadpartiet,2,2,"Valmyndigheten: Mandatfördelning riksdag, region- och kommunfullmäktige 2026 (xlsx)"
KF,1380,Hjärta för Halmstad,Hjärta för Halmstad,4,5,"Valmyndigheten: Mandatfördelning riksdag, region- och kommunfullmäktige 2026 (xlsx)"
KF,1380,KD,Kristdemokraterna,5,5,"Valmyndigheten: Mandatfördelning riksdag, region- och kommunfullmäktige 2026 (xlsx)"
KF,1380,L,Liberalerna (tidigare Folkpartiet),3,2,"Valmyndigheten: Mandatfördelning riksdag, region- och kommunfullmäktige 2026 (xlsx)"
KF,1380,MP,Miljöpartiet de gröna,2,3,"Valmyndigheten: Mandatfördelning riksdag, region- och kommunfullmäktige 2026 (xlsx)"
KF,1380,M,Moderaterna,13,13,"Valmyndigheten: Mandatfördelning riksdag, region- och kommunfullmäktige 2026 (xlsx)"
KF,1380,SD,Sverigedemokraterna,11,11,"Valmyndigheten: Mandatfördelning riksdag, region- och kommunfullmäktige 2026 (xlsx)"
KF,1380,V,Vänsterpartiet,4,5,"Valmyndigheten: Mandatfördelning riksdag, region- och kommunfullmäktige 2026 (xlsx)"
KF,1761,S,Arbetarepartiet-Socialdemokraterna,11,10,"Valmyndigheten: Mandatfördelning riksdag, region- och kommunfullmäktige 2026 (xlsx)"
KF,1761,C,Centerpartiet,2,2,"Valmyndigheten: Mandatfördelning riksdag, region- och kommunfullmäktige 2026 (xlsx)"
KF,1761,KD,Kristdemokraterna,2,2,"Valmyndigheten: Mandatfördelning riksdag, region- och kommunfullmäktige 2026 (xlsx)"
KF,1761,L,Liberalerna (tidigare Folkpartiet),2,1,"Valmyndigheten: Mandatfördelning riksdag, region- och kommunfullmäktige 2026 (xlsx)"
KF,1761,MP,Miljöpartiet de gröna,2,2,"Valmyndigheten: Mandatfördelning riksdag, region- och kommunfullmäktige 2026 (xlsx)"
KF,1761,M,Moderaterna,7,9,"Valmyndigheten: Mandatfördelning riksdag, region- och kommunfullmäktige 2026 (xlsx)"
KF,1761,Sans o Balans,Sans o Balans,1,1,"Valmyndigheten: Mandatfördelning riksdag, region- och kommunfullmäktige 2026 (xlsx)"
KF,1761,SD,Sverigedemokraterna,3,3,"Valmyndigheten: Mandatfördelning riksdag, region- och kommunfullmäktige 2026 (xlsx)"
KF,1761,V,Vänsterpartiet,1,1,"Valmyndigheten: Mandatfördelning riksdag, region- och kommunfullmäktige 2026 (xlsx)"
KF,0136,S,Arbetarepartiet-Socialdemokraterna,19,19,"Valmyndigheten: Mandatfördelning riksdag, region- och kommunfullmäktige 2026 (xlsx)"
KF,0136,C,Centerpartiet,4,4,"Valmyndigheten: Mandatfördelning riksdag, region- och kommunfullmäktige 2026 (xlsx)"
KF,0136,KD,Kristdemokraterna,3,3,"Valmyndigheten: Mandatfördelning riksdag, region- och kommunfullmäktige 2026 (xlsx)"
KF,0136,L,Liberalerna (tidigare Folkpartiet),3,3,"Valmyndigheten: Mandatfördelning riksdag, region- och kommunfullmäktige 2026 (xlsx)"
KF,0136,MP,Miljöpartiet de gröna,0,3,"Valmyndigheten: Mandatfördelning riksdag, region- och kommunfullmäktige 2026 (xlsx)"
KF,0136,M,Moderaterna,15,13,"Valmyndigheten: Mandatfördelning riksdag, region- och kommunfullmäktige 2026 (xlsx)"
KF,0136,SD,Sverigedemokraterna,12,10,"Valmyndigheten: Mandatfördelning riksdag, region- och kommunfullmäktige 2026 (xlsx)"
KF,0136,V,Vänsterpartiet,5,6,"Valmyndigheten: Mandatfördelning riksdag, region- och kommunfullmäktige 2026 (xlsx)"
KF,2583,S,Arbetarepartiet-Socialdemokraterna,12,10,"Valmyndigheten: Mandatfördelning riksdag, region- och kommunfullmäktige 2026 (xlsx)"
KF,2583,C,Centerpartiet,6,7,"Valmyndigheten: Mandatfördelning riksdag, region- och kommunfullmäktige 2026 (xlsx)"
KF,2583,KD,Kristdemokraterna,2,2,"Valmyndigheten: Mandatfördelning riksdag, region- och kommunfullmäktige 2026 (xlsx)"
KF,2583,M,Moderaterna,4,4,"Valmyndigheten: Mandatfördelning riksdag, region- och kommunfullmäktige 2026 (xlsx)"
KF,2583,Sjukvårdspartiet,Sjukvårdspartiet,2,2,"Valmyndigheten: Mandatfördelning riksdag, region- och kommunfullmäktige 2026 (xlsx)"
KF,2583,SD,Sverigedemokraterna,4,5,"Valmyndigheten: Mandatfördelning riksdag, region- och kommunfullmäktige 2026 (xlsx)"
KF,2583,V,Vänsterpartiet,1,1,"Valmyndigheten: Mandatfördelning riksdag, region- och kommunfullmäktige 2026 (xlsx)"
KF,0331,S,Arbetarepartiet-Socialdemokraterna,11,11,"Valmyndigheten: Mandatfördelning riksdag, region- och kommunfullmäktige 2026 (xlsx)"
KF,0331,C,Centerpartiet,7,6,"Valmyndigheten: Mandatfördelning riksdag, region- och kommunfullmäktige 2026 (xlsx)"
KF,0331,KD,Kristdemokraterna,4,3,"Valmyndigheten: Mandatfördelning riksdag, region- och kommunfullmäktige 2026 (xlsx)"
KF,0331,L,Liberalerna (tidigare Folkpartiet),1,0,"Valmyndigheten: Mandatfördelning riksdag, region- och kommunfullmäktige 2026 (xlsx)"
KF,0331,MP,Miljöpartiet de gröna,1,1,"Valmyndigheten: Mandatfördelning riksdag, region- och kommunfullmäktige 2026 (xlsx)"
KF,0331,M,Moderaterna,5,8,"Valmyndigheten: Mandatfördelning riksdag, region- och kommunfullmäktige 2026 (xlsx)"
KF,0331,SD,Sverigedemokraterna,10,10,"Valmyndigheten: Mandatfördelning riksdag, region- och kommunfullmäktige 2026 (xlsx)"
KF,0331,V,Vänsterpartiet,2,2,"Valmyndigheten: Mandatfördelning riksdag, region- och kommunfullmäktige 2026 (xlsx)"
KF,2083,S,Arbetarepartiet-Socialdemokraterna,9,10,"Valmyndigheten: Mandatfördelning riksdag, region- och kommunfullmäktige 2026 (xlsx)"
KF,2083,C,Centerpartiet,4,3,"Valmyndigheten: Mandatfördelning riksdag, region- och kommunfullmäktige 2026 (xlsx)"
KF,2083,Kommunlistan,Kommunlistan,4,3,"Valmyndigheten: Mandatfördelning riksdag, region- och kommunfullmäktige 2026 (xlsx)"
KF,2083,KD,Kristdemokraterna,1,2,"Valmyndigheten: Mandatfördelning riksdag, region- och kommunfullmäktige 2026 (xlsx)"
KF,2083,MP,Miljöpartiet de gröna,1,2,"Valmyndigheten: Mandatfördelning riksdag, region- och kommunfullmäktige 2026 (xlsx)"
KF,2083,M,Moderaterna,8,8,"Valmyndigheten: Mandatfördelning riksdag, region- och kommunfullmäktige 2026 (xlsx)"
KF,2083,SD,Sverigedemokraterna,6,5,"Valmyndigheten: Mandatfördelning riksdag, region- och kommunfullmäktige 2026 (xlsx)"
KF,2083,V,Vänsterpartiet,2,2,"Valmyndigheten: Mandatfördelning riksdag, region- och kommunfullmäktige 2026 (xlsx)"
KF,1283,S,Arbetarepartiet-Socialdemokraterna,20,20,"Valmyndigheten: Mandatfördelning riksdag, region- och kommunfullmäktige 2026 (xlsx)"
KF,1283,C,Centerpartiet,3,3,"Valmyndigheten: Mandatfördelning riksdag, region- och kommunfullmäktige 2026 (xlsx)"
KF,1283,KD,Kristdemokraterna,3,2,"Valmyndigheten: Mandatfördelning riksdag, region- och kommunfullmäktige 2026 (xlsx)"
KF,1283,L,Liberalerna (tidigare Folkpartiet),3,2,"Valmyndigheten: Mandatfördelning riksdag, region- och kommunfullmäktige 2026 (xlsx)"
KF,1283,MP,Miljöpartiet de gröna,2,3,"Valmyndigheten: Mandatfördelning riksdag, region- och kommunfullmäktige 2026 (xlsx)"
KF,1283,M,Moderaterna,16,17,"Valmyndigheten: Mandatfördelning riksdag, region- och kommunfullmäktige 2026 (xlsx)"
KF,1283,SD,Sverigedemokraterna,14,12,"Valmyndigheten: Mandatfördelning riksdag, region- och kommunfullmäktige 2026 (xlsx)"
KF,1283,V,Vänsterpartiet,4,6,"Valmyndigheten: Mandatfördelning riksdag, region- och kommunfullmäktige 2026 (xlsx)"
KF,1466,S,Arbetarepartiet-Socialdemokraterna,7,6,"Valmyndigheten: Mandatfördelning riksdag, region- och kommunfullmäktige 2026 (xlsx)"
KF,1466,C,Centerpartiet,6,5,"Valmyndigheten: Mandatfördelning riksdag, region- och kommunfullmäktige 2026 (xlsx)"
KF,1466,Herrljunga Partiet,Herrljunga Partiet,0,1,"Valmyndigheten: Mandatfördelning riksdag, region- och kommunfullmäktige 2026 (xlsx)"
KF,1466,KD,Kristdemokraterna,3,3,"Valmyndigheten: Mandatfördelning riksdag, region- och kommunfullmäktige 2026 (xlsx)"
KF,1466,L,Liberalerna (tidigare Folkpartiet),1,1,"Valmyndigheten: Mandatfördelning riksdag, region- och kommunfullmäktige 2026 (xlsx)"
KF,1466,M,Moderaterna,6,8,"Valmyndigheten: Mandatfördelning riksdag, region- och kommunfullmäktige 2026 (xlsx)"
KF,1466,SD,Sverigedemokraterna,6,5,"Valmyndigheten: Mandatfördelning riksdag, region- och kommunfullmäktige 2026 (xlsx)"
KF,1466,V,Vänsterpartiet,2,2,"Valmyndigheten: Mandatfördelning riksdag, region- och kommunfullmäktige 2026 (xlsx)"
KF,1497,S,Arbetarepartiet-Socialdemokraterna,8,8,"Valmyndigheten: Mandatfördelning riksdag, region- och kommunfullmäktige 2026 (xlsx)"
KF,1497,C,Centerpartiet,2,2,"Valmyndigheten: Mandatfördelning riksdag, region- och kommunfullmäktige 2026 (xlsx)"
KF,1497,KD,Kristdemokraterna,2,2,"Valmyndigheten: Mandatfördelning riksdag, region- och kommunfullmäktige 2026 (xlsx)"
KF,1497,L,Liberalerna (tidigare Folkpartiet),1,0,"Valmyndigheten: Mandatfördelning riksdag, region- och kommunfullmäktige 2026 (xlsx)"
KF,1497,MP,Miljöpartiet de gröna,0,3,"Valmyndigheten: Mandatfördelning riksdag, region- och kommunfullmäktige 2026 (xlsx)"
KF,1497,M,Moderaterna,13,11,"Valmyndigheten: Mandatfördelning riksdag, region- och kommunfullmäktige 2026 (xlsx)"
KF,1497,SD,Sverigedemokraterna,5,5,"Valmyndigheten: Mandatfördelning riksdag, region- och kommunfullmäktige 2026 (xlsx)"
KF,1497,V,Vänsterpartiet,2,2,"Valmyndigheten: Mandatfördelning riksdag, region- och kommunfullmäktige 2026 (xlsx)"
KF,2104,S,Arbetarepartiet-Socialdemokraterna,10,8,"Valmyndigheten: Mandatfördelning riksdag, region- och kommunfullmäktige 2026 (xlsx)"
KF,2104,C,Centerpartiet,2,3,"Valmyndigheten: Mandatfördelning riksdag, region- och kommunfullmäktige 2026 (xlsx)"
KF,2104,Hoforspartiet,Hoforspartiet,4,0,"Valmyndigheten: Mandatfördelning riksdag, region- och kommunfullmäktige 2026 (xlsx)"
KF,2104,KD,Kristdemokraterna,1,4,"Valmyndigheten: Mandatfördelning riksdag, region- och kommunfullmäktige 2026 (xlsx)"
KF,2104,L,Liberalerna (tidigare Folkpartiet),2,1,"Valmyndigheten: Mandatfördelning riksdag, region- och kommunfullmäktige 2026 (xlsx)"
KF,2104,M,Moderaterna,4,5,"Valmyndigheten: Mandatfördelning riksdag, region- och kommunfullmäktige 2026 (xlsx)"
KF,2104,SD,Sverigedemokraterna,5,6,"Valmyndigheten: Mandatfördelning riksdag, region- och kommunfullmäktige 2026 (xlsx)"
KF,2104,V,Vänsterpartiet,3,4,"Valmyndigheten: Mandatfördelning riksdag, region- och kommunfullmäktige 2026 (xlsx)"
KF,0126,S,Arbetarepartiet-Socialdemokraterna,18,17,"Valmyndigheten: Mandatfördelning riksdag, region- och kommunfullmäktige 2026 (xlsx)"
KF,0126,C,Centerpartiet,4,4,"Valmyndigheten: Mandatfördelning riksdag, region- och kommunfullmäktige 2026 (xlsx)"
KF,0126,Drevvikenpartiet,Drevvikenpartiet,3,3,"Valmyndigheten: Mandatfördelning riksdag, region- och kommunfullmäktige 2026 (xlsx)"
KF,0126,Huddingepartiet,Huddingepartiet,2,1,"Valmyndigheten: Mandatfördelning riksdag, region- och kommunfullmäktige 2026 (xlsx)"
KF,0126,KD,Kristdemokraterna,2,2,"Valmyndigheten: Mandatfördelning riksdag, region- och kommunfullmäktige 2026 (xlsx)"
KF,0126,L,Liberalerna (tidigare Folkpartiet),3,3,"Valmyndigheten: Mandatfördelning riksdag, region- och kommunfullmäktige 2026 (xlsx)"
KF,0126,MP,Miljöpartiet de gröna,2,4,"Valmyndigheten: Mandatfördelning riksdag, region- och kommunfullmäktige 2026 (xlsx)"
KF,0126,M,Moderaterna,13,13,"Valmyndigheten: Mandatfördelning riksdag, region- och kommunfullmäktige 2026 (xlsx)"
KF,0126,SD,Sverigedemokraterna,8,7,"Valmyndigheten: Mandatfördelning riksdag, region- och kommunfullmäktige 2026 (xlsx)"
KF,0126,V,Vänsterpartiet,6,7,"Valmyndigheten: Mandatfördelning riksdag, region- och kommunfullmäktige 2026 (xlsx)"
KF,2184,S,Arbetarepartiet-Socialdemokraterna,15,14,"Valmyndigheten: Mandatfördelning riksdag, region- och kommunfullmäktige 2026 (xlsx)"
KF,2184,C,Centerpartiet,10,10,"Valmyndigheten: Mandatfördelning riksdag, region- och kommunfullmäktige 2026 (xlsx)"
KF,2184,KD,Kristdemokraterna,3,2,"Valmyndigheten: Mandatfördelning riksdag, region- och kommunfullmäktige 2026 (xlsx)"
KF,2184,MP,Miljöpartiet de gröna,2,2,"Valmyndigheten: Mandatfördelning riksdag, region- och kommunfullmäktige 2026 (xlsx)"
KF,2184,M,Moderaterna,9,11,"Valmyndigheten: Mandatfördelning riksdag, region- och kommunfullmäktige 2026 (xlsx)"
KF,2184,SD,Sverigedemokraterna,7,8,"Valmyndigheten: Mandatfördelning riksdag, region- och kommunfullmäktige 2026 (xlsx)"
KF,2184,V,Vänsterpartiet,5,4,"Valmyndigheten: Mandatfördelning riksdag, region- och kommunfullmäktige 2026 (xlsx)"
KF,0860,S,Arbetarepartiet-Socialdemokraterna,11,13,"Valmyndigheten: Mandatfördelning riksdag, region- och kommunfullmäktige 2026 (xlsx)"
KF,0860,C,Centerpartiet,15,7,"Valmyndigheten: Mandatfördelning riksdag, region- och kommunfullmäktige 2026 (xlsx)"
KF,0860,Helmjölksinitiativet,Helmjölksinitiativet,0,1,"Valmyndigheten: Mandatfördelning riksdag, region- och kommunfullmäktige 2026 (xlsx)"
KF,0860,KD,Kristdemokraterna,6,11,"Valmyndigheten: Mandatfördelning riksdag, region- och kommunfullmäktige 2026 (xlsx)"
KF,0860,M,Moderaterna,4,4,"Valmyndigheten: Mandatfördelning riksdag, region- och kommunfullmäktige 2026 (xlsx)"
KF,0860,SD,Sverigedemokraterna,6,6,"Valmyndigheten: Mandatfördelning riksdag, region- och kommunfullmäktige 2026 (xlsx)"
KF,0860,V,Vänsterpartiet,3,3,"Valmyndigheten: Mandatfördelning riksdag, region- och kommunfullmäktige 2026 (xlsx)"
KF,1315,S,Arbetarepartiet-Socialdemokraterna,13,11,"Valmyndigheten: Mandatfördelning riksdag, region- och kommunfullmäktige 2026 (xlsx)"
KF,1315,C,Centerpartiet,6,8,"Valmyndigheten: Mandatfördelning riksdag, region- och kommunfullmäktige 2026 (xlsx)"
KF,1315,Kommunens Väl,Kommunens Väl,2,1,"Valmyndigheten: Mandatfördelning riksdag, region- och kommunfullmäktige 2026 (xlsx)"
KF,1315,KD,Kristdemokraterna,2,2,"Valmyndigheten: Mandatfördelning riksdag, region- och kommunfullmäktige 2026 (xlsx)"
KF,1315,L,Liberalerna (tidigare Folkpartiet),2,0,"Valmyndigheten: Mandatfördelning riksdag, region- och kommunfullmäktige 2026 (xlsx)"
KF,1315,MP,Miljöpartiet de gröna,0,1,"Valmyndigheten: Mandatfördelning riksdag, region- och kommunfullmäktige 2026 (xlsx)"
KF,1315,M,Moderaterna,4,8,"Valmyndigheten: Mandatfördelning riksdag, region- och kommunfullmäktige 2026 (xlsx)"
KF,1315,SD,Sverigedemokraterna,10,7,"Valmyndigheten: Mandatfördelning riksdag, region- och kommunfullmäktige 2026 (xlsx)"
KF,1315,V,Vänsterpartiet,2,3,"Valmyndigheten: Mandatfördelning riksdag, region- och kommunfullmäktige 2026 (xlsx)"
KF,0305,S,Arbetarepartiet-Socialdemokraterna,11,7,"Valmyndigheten: Mandatfördelning riksdag, region- och kommunfullmäktige 2026 (xlsx)"
KF,0305,Bålstapartiet,Bålstapartiet,3,5,"Valmyndigheten: Mandatfördelning riksdag, region- och kommunfullmäktige 2026 (xlsx)"
KF,0305,C,Centerpartiet,2,2,"Valmyndigheten: Mandatfördelning riksdag, region- och kommunfullmäktige 2026 (xlsx)"
KF,0305,HåboDemokraterna,HåboDemokraterna,3,4,"Valmyndigheten: Mandatfördelning riksdag, region- och kommunfullmäktige 2026 (xlsx)"
KF,0305,KD,Kristdemokraterna,2,2,"Valmyndigheten: Mandatfördelning riksdag, region- och kommunfullmäktige 2026 (xlsx)"
KF,0305,L,Liberalerna (tidigare Folkpartiet),1,2,"Valmyndigheten: Mandatfördelning riksdag, region- och kommunfullmäktige 2026 (xlsx)"
KF,0305,MP,Miljöpartiet de gröna,1,1,"Valmyndigheten: Mandatfördelning riksdag, region- och kommunfullmäktige 2026 (xlsx)"
KF,0305,M,Moderaterna,9,9,"Valmyndigheten: Mandatfördelning riksdag, region- och kommunfullmäktige 2026 (xlsx)"
KF,0305,SD,Sverigedemokraterna,8,7,"Valmyndigheten: Mandatfördelning riksdag, region- och kommunfullmäktige 2026 (xlsx)"
KF,0305,V,Vänsterpartiet,1,2,"Valmyndigheten: Mandatfördelning riksdag, region- och kommunfullmäktige 2026 (xlsx)"
KF,1863,S,Arbetarepartiet-Socialdemokraterna,9,7,"Valmyndigheten: Mandatfördelning riksdag, region- och kommunfullmäktige 2026 (xlsx)"
KF,1863,C,Centerpartiet,3,2,"Valmyndigheten: Mandatfördelning riksdag, region- och kommunfullmäktige 2026 (xlsx)"
KF,1863,Grythyttelistan,Grythyttelistan,2,0,"Valmyndigheten: Mandatfördelning riksdag, region- och kommunfullmäktige 2026 (xlsx)"
KF,1863,Hälleforspartiet,Hälleforspartiet,0,7,"Valmyndigheten: Mandatfördelning riksdag, region- och kommunfullmäktige 2026 (xlsx)"
KF,1863,MP,Miljöpartiet de gröna,0,1,"Valmyndigheten: Mandatfördelning riksdag, region- och kommunfullmäktige 2026 (xlsx)"
KF,1863,M,Moderaterna,8,5,"Valmyndigheten: Mandatfördelning riksdag, region- och kommunfullmäktige 2026 (xlsx)"
KF,1863,SD,Sverigedemokraterna,5,2,"Valmyndigheten: Mandatfördelning riksdag, region- och kommunfullmäktige 2026 (xlsx)"
KF,1863,V,Vänsterpartiet,4,3,"Valmyndigheten: Mandatfördelning riksdag, region- och kommunfullmäktige 2026 (xlsx)"
KF,2361,S,Arbetarepartiet-Socialdemokraterna,8,9,"Valmyndigheten: Mandatfördelning riksdag, region- och kommunfullmäktige 2026 (xlsx)"
KF,2361,C,Centerpartiet,4,4,"Valmyndigheten: Mandatfördelning riksdag, region- och kommunfullmäktige 2026 (xlsx)"
KF,2361,Härjedalspartiet,Härjedalspartiet,2,0,"Valmyndigheten: Mandatfördelning riksdag, region- och kommunfullmäktige 2026 (xlsx)"
KF,2361,KD,Kristdemokraterna,1,1,"Valmyndigheten: Mandatfördelning riksdag, region- och kommunfullmäktige 2026 (xlsx)"
KF,2361,L,Liberalerna (tidigare Folkpartiet),2,2,"Valmyndigheten: Mandatfördelning riksdag, region- och kommunfullmäktige 2026 (xlsx)"
KF,2361,M,Moderaterna,5,7,"Valmyndigheten: Mandatfördelning riksdag, region- och kommunfullmäktige 2026 (xlsx)"
KF,2361,SD,Sverigedemokraterna,4,4,"Valmyndigheten: Mandatfördelning riksdag, region- och kommunfullmäktige 2026 (xlsx)"
KF,2361,Vox Humana - Folkets Röst,Vox Humana - Folkets Röst,3,2,"Valmyndigheten: Mandatfördelning riksdag, region- och kommunfullmäktige 2026 (xlsx)"
KF,2361,V,Vänsterpartiet,2,2,"Valmyndigheten: Mandatfördelning riksdag, region- och kommunfullmäktige 2026 (xlsx)"
KF,2280,S,Arbetarepartiet-Socialdemokraterna,17,13,"Valmyndigheten: Mandatfördelning riksdag, region- och kommunfullmäktige 2026 (xlsx)"
KF,2280,C,Centerpartiet,4,4,"Valmyndigheten: Mandatfördelning riksdag, region- och kommunfullmäktige 2026 (xlsx)"
KF,2280,KD,Kristdemokraterna,2,1,"Valmyndigheten: Mandatfördelning riksdag, region- och kommunfullmäktige 2026 (xlsx)"
KF,2280,L,Liberalerna (tidigare Folkpartiet),1,1,"Valmyndigheten: Mandatfördelning riksdag, region- och kommunfullmäktige 2026 (xlsx)"
KF,2280,MP,Miljöpartiet de gröna,3,5,"Valmyndigheten: Mandatfördelning riksdag, region- och kommunfullmäktige 2026 (xlsx)"
KF,2280,M,Moderaterna,7,9,"Valmyndigheten: Mandatfördelning riksdag, region- och kommunfullmäktige 2026 (xlsx)"
KF,2280,Norrlandspartiet,Norrlandspartiet,0,3,"Valmyndigheten: Mandatfördelning riksdag, region- och kommunfullmäktige 2026 (xlsx)"
KF,2280,SD,Sverigedemokraterna,6,4,"Valmyndigheten: Mandatfördelning riksdag, region- och kommunfullmäktige 2026 (xlsx)"
KF,2280,V,Vänsterpartiet,3,3,"Valmyndigheten: Mandatfördelning riksdag, region- och kommunfullmäktige 2026 (xlsx)"
KF,1401,S,Arbetarepartiet-Socialdemokraterna,14,12,"Valmyndigheten: Mandatfördelning riksdag, region- och kommunfullmäktige 2026 (xlsx)"
KF,1401,C,Centerpartiet,3,4,"Valmyndigheten: Mandatfördelning riksdag, region- och kommunfullmäktige 2026 (xlsx)"
KF,1401,Kommunpartiet,Kommunpartiet,1,0,"Valmyndigheten: Mandatfördelning riksdag, region- och kommunfullmäktige 2026 (xlsx)"
KF,1401,KD,Kristdemokraterna,2,2,"Valmyndigheten: Mandatfördelning riksdag, region- och kommunfullmäktige 2026 (xlsx)"
KF,1401,L,Liberalerna (tidigare Folkpartiet),2,2,"Valmyndigheten: Mandatfördelning riksdag, region- och kommunfullmäktige 2026 (xlsx)"
KF,1401,MP,Miljöpartiet de gröna,3,3,"Valmyndigheten: Mandatfördelning riksdag, region- och kommunfullmäktige 2026 (xlsx)"
KF,1401,M,Moderaterna,12,15,"Valmyndigheten: Mandatfördelning riksdag, region- och kommunfullmäktige 2026 (xlsx)"
KF,1401,SPORT- OCH KOMMUNPARTIET,SPORT- OCH KOMMUNPARTIET,0,3,"Valmyndigheten: Mandatfördelning riksdag, region- och kommunfullmäktige 2026 (xlsx)"
KF,1401,Sportpartiet,Sportpartiet,2,0,"Valmyndigheten: Mandatfördelning riksdag, region- och kommunfullmäktige 2026 (xlsx)"
KF,1401,SD,Sverigedemokraterna,9,7,"Valmyndigheten: Mandatfördelning riksdag, region- och kommunfullmäktige 2026 (xlsx)"
KF,1401,V,Vänsterpartiet,3,3,"Valmyndigheten: Mandatfördelning riksdag, region- och kommunfullmäktige 2026 (xlsx)"
KF,1293,S,Arbetarepartiet-Socialdemokraterna,14,12,"Valmyndigheten: Mandatfördelning riksdag, region- och kommunfullmäktige 2026 (xlsx)"
KF,1293,C,Centerpartiet,3,5,"Valmyndigheten: Mandatfördelning riksdag, region- och kommunfullmäktige 2026 (xlsx)"
KF,1293,Folkets Väl,Folkets Väl,3,5,"Valmyndigheten: Mandatfördelning riksdag, region- och kommunfullmäktige 2026 (xlsx)"
KF,1293,KD,Kristdemokraterna,4,5,"Valmyndigheten: Mandatfördelning riksdag, region- och kommunfullmäktige 2026 (xlsx)"
KF,1293,L,Liberalerna (tidigare Folkpartiet),3,3,"Valmyndigheten: Mandatfördelning riksdag, region- och kommunfullmäktige 2026 (xlsx)"
KF,1293,MP,Miljöpartiet de gröna,2,2,"Valmyndigheten: Mandatfördelning riksdag, region- och kommunfullmäktige 2026 (xlsx)"
KF,1293,M,Moderaterna,10,10,"Valmyndigheten: Mandatfördelning riksdag, region- och kommunfullmäktige 2026 (xlsx)"
KF,1293,SD,Sverigedemokraterna,18,15,"Valmyndigheten: Mandatfördelning riksdag, region- och kommunfullmäktige 2026 (xlsx)"
KF,1293,V,Vänsterpartiet,4,4,"Valmyndigheten: Mandatfördelning riksdag, region- och kommunfullmäktige 2026 (xlsx)"
KF,1284,S,Arbetarepartiet-Socialdemokraterna,8,7,"Valmyndigheten: Mandatfördelning riksdag, region- och kommunfullmäktige 2026 (xlsx)"
KF,1284,C,Centerpartiet,2,3,"Valmyndigheten: Mandatfördelning riksdag, region- och kommunfullmäktige 2026 (xlsx)"
KF,1284,KD,Kristdemokraterna,2,2,"Valmyndigheten: Mandatfördelning riksdag, region- och kommunfullmäktige 2026 (xlsx)"
KF,1284,L,Liberalerna (tidigare Folkpartiet),4,2,"Valmyndigheten: Mandatfördelning riksdag, region- och kommunfullmäktige 2026 (xlsx)"
KF,1284,MP,Miljöpartiet de gröna,3,3,"Valmyndigheten: Mandatfördelning riksdag, region- och kommunfullmäktige 2026 (xlsx)"
KF,1284,M,Moderaterna,15,18,"Valmyndigheten: Mandatfördelning riksdag, region- och kommunfullmäktige 2026 (xlsx)"
KF,1284,SD,Sverigedemokraterna,6,5,"Valmyndigheten: Mandatfördelning riksdag, region- och kommunfullmäktige 2026 (xlsx)"
KF,1284,V,Vänsterpartiet,1,1,"Valmyndigheten: Mandatfördelning riksdag, region- och kommunfullmäktige 2026 (xlsx)"
KF,0821,S,Arbetarepartiet-Socialdemokraterna,10,8,"Valmyndigheten: Mandatfördelning riksdag, region- och kommunfullmäktige 2026 (xlsx)"
KF,0821,C,Centerpartiet,5,2,"Valmyndigheten: Mandatfördelning riksdag, region- och kommunfullmäktige 2026 (xlsx)"
KF,0821,KD,Kristdemokraterna,5,11,"Valmyndigheten: Mandatfördelning riksdag, region- och kommunfullmäktige 2026 (xlsx)"
KF,0821,M,Moderaterna,3,3,"Valmyndigheten: Mandatfördelning riksdag, region- och kommunfullmäktige 2026 (xlsx)"
KF,0821,SD,Sverigedemokraterna,7,5,"Valmyndigheten: Mandatfördelning riksdag, region- och kommunfullmäktige 2026 (xlsx)"
KF,0821,V,Vänsterpartiet,1,2,"Valmyndigheten: Mandatfördelning riksdag, region- och kommunfullmäktige 2026 (xlsx)"
KF,1266,S,Arbetarepartiet-Socialdemokraterna,6,6,"Valmyndigheten: Mandatfördelning riksdag, region- och kommunfullmäktige 2026 (xlsx)"
KF,1266,C,Centerpartiet,3,3,"Valmyndigheten: Mandatfördelning riksdag, region- och kommunfullmäktige 2026 (xlsx)"
KF,1266,Hörbys Framtid,Hörbys Framtid,0,1,"Valmyndigheten: Mandatfördelning riksdag, region- och kommunfullmäktige 2026 (xlsx)"
KF,1266,KD,Kristdemokraterna,2,1,"Valmyndigheten: Mandatfördelning riksdag, region- och kommunfullmäktige 2026 (xlsx)"
KF,1266,L,Liberalerna (tidigare Folkpartiet),2,2,"Valmyndigheten: Mandatfördelning riksdag, region- och kommunfullmäktige 2026 (xlsx)"
KF,1266,MP,Miljöpartiet de gröna,0,1,"Valmyndigheten: Mandatfördelning riksdag, region- och kommunfullmäktige 2026 (xlsx)"
KF,1266,M,Moderaterna,4,4,"Valmyndigheten: Mandatfördelning riksdag, region- och kommunfullmäktige 2026 (xlsx)"
KF,1266,SD,Sverigedemokraterna,12,12,"Valmyndigheten: Mandatfördelning riksdag, region- och kommunfullmäktige 2026 (xlsx)"
KF,1266,Sveriges Pensionärers Intresseparti,Sveriges Pensionärers Intresseparti,1,0,"Valmyndigheten: Mandatfördelning riksdag, region- och kommunfullmäktige 2026 (xlsx)"
KF,1266,V,Vänsterpartiet,1,1,"Valmyndigheten: Mandatfördelning riksdag, region- och kommunfullmäktige 2026 (xlsx)"
KF,1267,S,Arbetarepartiet-Socialdemokraterna,8,8,"Valmyndigheten: Mandatfördelning riksdag, region- och kommunfullmäktige 2026 (xlsx)"
KF,1267,C,Centerpartiet,2,3,"Valmyndigheten: Mandatfördelning riksdag, region- och kommunfullmäktige 2026 (xlsx)"
KF,1267,KD,Kristdemokraterna,2,2,"Valmyndigheten: Mandatfördelning riksdag, region- och kommunfullmäktige 2026 (xlsx)"
KF,1267,L,Liberalerna (tidigare Folkpartiet),2,1,"Valmyndigheten: Mandatfördelning riksdag, region- och kommunfullmäktige 2026 (xlsx)"
KF,1267,Medborgerlig Samling,Medborgerlig Samling,2,1,"Valmyndigheten: Mandatfördelning riksdag, region- och kommunfullmäktige 2026 (xlsx)"
KF,1267,MP,Miljöpartiet de gröna,2,3,"Valmyndigheten: Mandatfördelning riksdag, region- och kommunfullmäktige 2026 (xlsx)"
KF,1267,M,Moderaterna,11,12,"Valmyndigheten: Mandatfördelning riksdag, region- och kommunfullmäktige 2026 (xlsx)"
KF,1267,SD,Sverigedemokraterna,9,8,"Valmyndigheten: Mandatfördelning riksdag, region- och kommunfullmäktige 2026 (xlsx)"
KF,1267,V,Vänsterpartiet,3,3,"Valmyndigheten: Mandatfördelning riksdag, region- och kommunfullmäktige 2026 (xlsx)"
KF,2510,S,Arbetarepartiet-Socialdemokraterna,6,7,"Valmyndigheten: Mandatfördelning riksdag, region- och kommunfullmäktige 2026 (xlsx)"
KF,2510,Framtid i Jokkmokks kommun,Framtid i Jokkmokks kommun,4,3,"Valmyndigheten: Mandatfördelning riksdag, region- och kommunfullmäktige 2026 (xlsx)"
KF,2510,MP,Miljöpartiet de gröna,4,5,"Valmyndigheten: Mandatfördelning riksdag, region- och kommunfullmäktige 2026 (xlsx)"
KF,2510,M,Moderaterna,3,4,"Valmyndigheten: Mandatfördelning riksdag, region- och kommunfullmäktige 2026 (xlsx)"
KF,2510,Samernas Väl,Samernas Väl,2,1,"Valmyndigheten: Mandatfördelning riksdag, region- och kommunfullmäktige 2026 (xlsx)"
KF,2510,SD,Sverigedemokraterna,2,1,"Valmyndigheten: Mandatfördelning riksdag, region- och kommunfullmäktige 2026 (xlsx)"
KF,2510,V,Vänsterpartiet,2,2,"Valmyndigheten: Mandatfördelning riksdag, region- och kommunfullmäktige 2026 (xlsx)"
KF,0123,S,Arbetarepartiet-Socialdemokraterna,19,19,"Valmyndigheten: Mandatfördelning riksdag, region- och kommunfullmäktige 2026 (xlsx)"
KF,0123,C,Centerpartiet,4,3,"Valmyndigheten: Mandatfördelning riksdag, region- och kommunfullmäktige 2026 (xlsx)"
KF,0123,KD,Kristdemokraterna,3,2,"Valmyndigheten: Mandatfördelning riksdag, region- och kommunfullmäktige 2026 (xlsx)"
KF,0123,L,Liberalerna (tidigare Folkpartiet),4,4,"Valmyndigheten: Mandatfördelning riksdag, region- och kommunfullmäktige 2026 (xlsx)"
KF,0123,Medborgerlig Samling,Medborgerlig Samling,2,4,"Valmyndigheten: Mandatfördelning riksdag, region- och kommunfullmäktige 2026 (xlsx)"
KF,0123,MP,Miljöpartiet de gröna,2,3,"Valmyndigheten: Mandatfördelning riksdag, region- och kommunfullmäktige 2026 (xlsx)"
KF,0123,M,Moderaterna,13,12,"Valmyndigheten: Mandatfördelning riksdag, region- och kommunfullmäktige 2026 (xlsx)"
KF,0123,SD,Sverigedemokraterna,7,6,"Valmyndigheten: Mandatfördelning riksdag, region- och kommunfullmäktige 2026 (xlsx)"
KF,0123,V,Vänsterpartiet,7,8,"Valmyndigheten: Mandatfördelning riksdag, region- och kommunfullmäktige 2026 (xlsx)"
KF,0680,S,Arbetarepartiet-Socialdemokraterna,24,23,"Valmyndigheten: Mandatfördelning riksdag, region- och kommunfullmäktige 2026 (xlsx)"
KF,0680,C,Centerpartiet,7,5,"Valmyndigheten: Mandatfördelning riksdag, region- och kommunfullmäktige 2026 (xlsx)"
KF,0680,KD,Kristdemokraterna,12,11,"Valmyndigheten: Mandatfördelning riksdag, region- och kommunfullmäktige 2026 (xlsx)"
KF,0680,L,Liberalerna (tidigare Folkpartiet),3,2,"Valmyndigheten: Mandatfördelning riksdag, region- och kommunfullmäktige 2026 (xlsx)"
KF,0680,MP,Miljöpartiet de gröna,3,4,"Valmyndigheten: Mandatfördelning riksdag, region- och kommunfullmäktige 2026 (xlsx)"
KF,0680,M,Moderaterna,15,18,"Valmyndigheten: Mandatfördelning riksdag, region- och kommunfullmäktige 2026 (xlsx)"
KF,0680,SD,Sverigedemokraterna,12,12,"Valmyndigheten: Mandatfördelning riksdag, region- och kommunfullmäktige 2026 (xlsx)"
KF,0680,V,Vänsterpartiet,5,6,"Valmyndigheten: Mandatfördelning riksdag, region- och kommunfullmäktige 2026 (xlsx)"
KF,2514,S,Arbetarepartiet-Socialdemokraterna,17,14,"Valmyndigheten: Mandatfördelning riksdag, region- och kommunfullmäktige 2026 (xlsx)"
KF,2514,C,Centerpartiet,2,2,"Valmyndigheten: Mandatfördelning riksdag, region- och kommunfullmäktige 2026 (xlsx)"
KF,2514,Framtid i Kalix,Framtid i Kalix,1,0,"Valmyndigheten: Mandatfördelning riksdag, region- och kommunfullmäktige 2026 (xlsx)"
KF,2514,KD,Kristdemokraterna,0,1,"Valmyndigheten: Mandatfördelning riksdag, region- och kommunfullmäktige 2026 (xlsx)"
KF,2514,L,Liberalerna (tidigare Folkpartiet),2,1,"Valmyndigheten: Mandatfördelning riksdag, region- och kommunfullmäktige 2026 (xlsx)"
KF,2514,MP,Miljöpartiet de gröna,1,2,"Valmyndigheten: Mandatfördelning riksdag, region- och kommunfullmäktige 2026 (xlsx)"
KF,2514,M,Moderaterna,8,11,"Valmyndigheten: Mandatfördelning riksdag, region- och kommunfullmäktige 2026 (xlsx)"
KF,2514,Sjukvårdspartiet,Sjukvårdspartiet,0,1,"Valmyndigheten: Mandatfördelning riksdag, region- och kommunfullmäktige 2026 (xlsx)"
KF,2514,SD,Sverigedemokraterna,4,3,"Valmyndigheten: Mandatfördelning riksdag, region- och kommunfullmäktige 2026 (xlsx)"
KF,2514,V,Vänsterpartiet,2,2,"Valmyndigheten: Mandatfördelning riksdag, region- och kommunfullmäktige 2026 (xlsx)"
KF,0880,S,Arbetarepartiet-Socialdemokraterna,24,25,"Valmyndigheten: Mandatfördelning riksdag, region- och kommunfullmäktige 2026 (xlsx)"
KF,0880,C,Centerpartiet,4,3,"Valmyndigheten: Mandatfördelning riksdag, region- och kommunfullmäktige 2026 (xlsx)"
KF,0880,KD,Kristdemokraterna,4,4,"Valmyndigheten: Mandatfördelning riksdag, region- och kommunfullmäktige 2026 (xlsx)"
KF,0880,L,Liberalerna (tidigare Folkpartiet),2,0,"Valmyndigheten: Mandatfördelning riksdag, region- och kommunfullmäktige 2026 (xlsx)"
KF,0880,MP,Miljöpartiet de gröna,2,3,"Valmyndigheten: Mandatfördelning riksdag, region- och kommunfullmäktige 2026 (xlsx)"
KF,0880,M,Moderaterna,13,14,"Valmyndigheten: Mandatfördelning riksdag, region- och kommunfullmäktige 2026 (xlsx)"
KF,0880,SD,Sverigedemokraterna,8,8,"Valmyndigheten: Mandatfördelning riksdag, region- och kommunfullmäktige 2026 (xlsx)"
KF,0880,V,Vänsterpartiet,4,4,"Valmyndigheten: Mandatfördelning riksdag, region- och kommunfullmäktige 2026 (xlsx)"
KF,1446,S,Arbetarepartiet-Socialdemokraterna,10,8,"Valmyndigheten: Mandatfördelning riksdag, region- och kommunfullmäktige 2026 (xlsx)"
KF,1446,C,Centerpartiet,5,4,"Valmyndigheten: Mandatfördelning riksdag, region- och kommunfullmäktige 2026 (xlsx)"
KF,1446,KD,Kristdemokraterna,2,2,"Valmyndigheten: Mandatfördelning riksdag, region- och kommunfullmäktige 2026 (xlsx)"
KF,1446,L,Liberalerna (tidigare Folkpartiet),2,2,"Valmyndigheten: Mandatfördelning riksdag, region- och kommunfullmäktige 2026 (xlsx)"
KF,1446,M,Moderaterna,7,10,"Valmyndigheten: Mandatfördelning riksdag, region- och kommunfullmäktige 2026 (xlsx)"
KF,1446,SD,Sverigedemokraterna,4,4,"Valmyndigheten: Mandatfördelning riksdag, region- och kommunfullmäktige 2026 (xlsx)"
KF,1446,V,Vänsterpartiet,1,1,"Valmyndigheten: Mandatfördelning riksdag, region- och kommunfullmäktige 2026 (xlsx)"
KF,1082,S,Arbetarepartiet-Socialdemokraterna,12,16,"Valmyndigheten: Mandatfördelning riksdag, region- och kommunfullmäktige 2026 (xlsx)"
KF,1082,C,Centerpartiet,4,5,"Valmyndigheten: Mandatfördelning riksdag, region- och kommunfullmäktige 2026 (xlsx)"
KF,1082,KD,Kristdemokraterna,2,4,"Valmyndigheten: Mandatfördelning riksdag, region- och kommunfullmäktige 2026 (xlsx)"
KF,1082,L,Liberalerna (tidigare Folkpartiet),2,0,"Valmyndigheten: Mandatfördelning riksdag, region- och kommunfullmäktige 2026 (xlsx)"
KF,1082,Medborgerlig Samling,Medborgerlig Samling,2,2,"Valmyndigheten: Mandatfördelning riksdag, region- och kommunfullmäktige 2026 (xlsx)"
KF,1082,MP,Miljöpartiet de gröna,2,3,"Valmyndigheten: Mandatfördelning riksdag, region- och kommunfullmäktige 2026 (xlsx)"
KF,1082,M,Moderaterna,13,9,"Valmyndigheten: Mandatfördelning riksdag, region- och kommunfullmäktige 2026 (xlsx)"
KF,1082,SD,Sverigedemokraterna,11,9,"Valmyndigheten: Mandatfördelning riksdag, region- och kommunfullmäktige 2026 (xlsx)"
KF,1082,V,Vänsterpartiet,3,3,"Valmyndigheten: Mandatfördelning riksdag, region- och kommunfullmäktige 2026 (xlsx)"
KF,1883,S,Arbetarepartiet-Socialdemokraterna,17,16,"Valmyndigheten: Mandatfördelning riksdag, region- och kommunfullmäktige 2026 (xlsx)"
KF,1883,C,Centerpartiet,2,1,"Valmyndigheten: Mandatfördelning riksdag, region- och kommunfullmäktige 2026 (xlsx)"
KF,1883,KD,Kristdemokraterna,2,2,"Valmyndigheten: Mandatfördelning riksdag, region- och kommunfullmäktige 2026 (xlsx)"
KF,1883,L,Liberalerna (tidigare Folkpartiet),1,0,"Valmyndigheten: Mandatfördelning riksdag, region- och kommunfullmäktige 2026 (xlsx)"
KF,1883,MP,Miljöpartiet de gröna,1,1,"Valmyndigheten: Mandatfördelning riksdag, region- och kommunfullmäktige 2026 (xlsx)"
KF,1883,M,Moderaterna,19,23,"Valmyndigheten: Mandatfördelning riksdag, region- och kommunfullmäktige 2026 (xlsx)"
KF,1883,SD,Sverigedemokraterna,6,5,"Valmyndigheten: Mandatfördelning riksdag, region- och kommunfullmäktige 2026 (xlsx)"
KF,1883,V,Vänsterpartiet,3,3,"Valmyndigheten: Mandatfördelning riksdag, region- och kommunfullmäktige 2026 (xlsx)"
KF,1080,S,Arbetarepartiet-Socialdemokraterna,25,27,"Valmyndigheten: Mandatfördelning riksdag, region- och kommunfullmäktige 2026 (xlsx)"
KF,1080,C,Centerpartiet,5,5,"Valmyndigheten: Mandatfördelning riksdag, region- och kommunfullmäktige 2026 (xlsx)"
KF,1080,KD,Kristdemokraterna,6,5,"Valmyndigheten: Mandatfördelning riksdag, region- och kommunfullmäktige 2026 (xlsx)"
KF,1080,L,Liberalerna (tidigare Folkpartiet),3,3,"Valmyndigheten: Mandatfördelning riksdag, region- och kommunfullmäktige 2026 (xlsx)"
KF,1080,MP,Miljöpartiet de gröna,0,3,"Valmyndigheten: Mandatfördelning riksdag, region- och kommunfullmäktige 2026 (xlsx)"
KF,1080,M,Moderaterna,16,14,"Valmyndigheten: Mandatfördelning riksdag, region- och kommunfullmäktige 2026 (xlsx)"
KF,1080,SD,Sverigedemokraterna,16,14,"Valmyndigheten: Mandatfördelning riksdag, region- och kommunfullmäktige 2026 (xlsx)"
KF,1080,V,Vänsterpartiet,4,4,"Valmyndigheten: Mandatfördelning riksdag, region- och kommunfullmäktige 2026 (xlsx)"
KF,1780,S,Arbetarepartiet-Socialdemokraterna,22,21,"Valmyndigheten: Mandatfördelning riksdag, region- och kommunfullmäktige 2026 (xlsx)"
KF,1780,C,Centerpartiet,4,4,"Valmyndigheten: Mandatfördelning riksdag, region- och kommunfullmäktige 2026 (xlsx)"
KF,1780,Karlstadpartiet Livskvalitet,Karlstadpartiet Livskvalitet,2,0,"Valmyndigheten: Mandatfördelning riksdag, region- och kommunfullmäktige 2026 (xlsx)"
KF,1780,KD,Kristdemokraterna,3,4,"Valmyndigheten: Mandatfördelning riksdag, region- och kommunfullmäktige 2026 (xlsx)"
KF,1780,L,Liberalerna (tidigare Folkpartiet),3,2,"Valmyndigheten: Mandatfördelning riksdag, region- och kommunfullmäktige 2026 (xlsx)"
KF,1780,MP,Miljöpartiet de gröna,3,3,"Valmyndigheten: Mandatfördelning riksdag, region- och kommunfullmäktige 2026 (xlsx)"
KF,1780,M,Moderaterna,12,15,"Valmyndigheten: Mandatfördelning riksdag, region- och kommunfullmäktige 2026 (xlsx)"
KF,1780,SD,Sverigedemokraterna,8,7,"Valmyndigheten: Mandatfördelning riksdag, region- och kommunfullmäktige 2026 (xlsx)"
KF,1780,V,Vänsterpartiet,4,5,"Valmyndigheten: Mandatfördelning riksdag, region- och kommunfullmäktige 2026 (xlsx)"
KF,0483,S,Arbetarepartiet-Socialdemokraterna,20,19,"Valmyndigheten: Mandatfördelning riksdag, region- och kommunfullmäktige 2026 (xlsx)"
KF,0483,C,Centerpartiet,3,3,"Valmyndigheten: Mandatfördelning riksdag, region- och kommunfullmäktige 2026 (xlsx)"
KF,0483,Katrineholm FRAMÅT,Katrineholm FRAMÅT,0,1,"Valmyndigheten: Mandatfördelning riksdag, region- och kommunfullmäktige 2026 (xlsx)"
KF,0483,KD,Kristdemokraterna,4,3,"Valmyndigheten: Mandatfördelning riksdag, region- och kommunfullmäktige 2026 (xlsx)"
KF,0483,L,Liberalerna (tidigare Folkpartiet),2,3,"Valmyndigheten: Mandatfördelning riksdag, region- och kommunfullmäktige 2026 (xlsx)"
KF,0483,MP,Miljöpartiet de gröna,2,2,"Valmyndigheten: Mandatfördelning riksdag, region- och kommunfullmäktige 2026 (xlsx)"
KF,0483,M,Moderaterna,9,9,"Valmyndigheten: Mandatfördelning riksdag, region- och kommunfullmäktige 2026 (xlsx)"
KF,0483,SD,Sverigedemokraterna,8,7,"Valmyndigheten: Mandatfördelning riksdag, region- och kommunfullmäktige 2026 (xlsx)"
KF,0483,V,Vänsterpartiet,3,4,"Valmyndigheten: Mandatfördelning riksdag, region- och kommunfullmäktige 2026 (xlsx)"
KF,1715,S,Arbetarepartiet-Socialdemokraterna,14,13,"Valmyndigheten: Mandatfördelning riksdag, region- och kommunfullmäktige 2026 (xlsx)"
KF,1715,C,Centerpartiet,5,5,"Valmyndigheten: Mandatfördelning riksdag, region- och kommunfullmäktige 2026 (xlsx)"
KF,1715,KD,Kristdemokraterna,1,2,"Valmyndigheten: Mandatfördelning riksdag, region- och kommunfullmäktige 2026 (xlsx)"
KF,1715,L,Liberalerna (tidigare Folkpartiet),1,0,"Valmyndigheten: Mandatfördelning riksdag, region- och kommunfullmäktige 2026 (xlsx)"
KF,1715,MP,Miljöpartiet de gröna,2,2,"Valmyndigheten: Mandatfördelning riksdag, region- och kommunfullmäktige 2026 (xlsx)"
KF,1715,M,Moderaterna,8,9,"Valmyndigheten: Mandatfördelning riksdag, region- och kommunfullmäktige 2026 (xlsx)"
KF,1715,SD,Sverigedemokraterna,8,8,"Valmyndigheten: Mandatfördelning riksdag, region- och kommunfullmäktige 2026 (xlsx)"
KF,1715,V,Vänsterpartiet,2,2,"Valmyndigheten: Mandatfördelning riksdag, region- och kommunfullmäktige 2026 (xlsx)"
KF,0513,S,Arbetarepartiet-Socialdemokraterna,9,8,"Valmyndigheten: Mandatfördelning riksdag, region- och kommunfullmäktige 2026 (xlsx)"
KF,0513,C,Centerpartiet,3,3,"Valmyndigheten: Mandatfördelning riksdag, region- och kommunfullmäktige 2026 (xlsx)"
KF,0513,KD,Kristdemokraterna,2,2,"Valmyndigheten: Mandatfördelning riksdag, region- och kommunfullmäktige 2026 (xlsx)"
KF,0513,Landsbygdspartiet Oberoende,Landsbygdspartiet Oberoende,3,2,"Valmyndigheten: Mandatfördelning riksdag, region- och kommunfullmäktige 2026 (xlsx)"
KF,0513,L,Liberalerna (tidigare Folkpartiet),1,1,"Valmyndigheten: Mandatfördelning riksdag, region- och kommunfullmäktige 2026 (xlsx)"
KF,0513,MP,Miljöpartiet de gröna,1,2,"Valmyndigheten: Mandatfördelning riksdag, region- och kommunfullmäktige 2026 (xlsx)"
KF,0513,M,Moderaterna,7,10,"Valmyndigheten: Mandatfördelning riksdag, region- och kommunfullmäktige 2026 (xlsx)"
KF,0513,SD,Sverigedemokraterna,6,5,"Valmyndigheten: Mandatfördelning riksdag, region- och kommunfullmäktige 2026 (xlsx)"
KF,0513,V,Vänsterpartiet,3,2,"Valmyndigheten: Mandatfördelning riksdag, region- och kommunfullmäktige 2026 (xlsx)"
KF,2584,S,Arbetarepartiet-Socialdemokraterna,19,17,"Valmyndigheten: Mandatfördelning riksdag, region- och kommunfullmäktige 2026 (xlsx)"
KF,2584,C,Centerpartiet,4,1,"Valmyndigheten: Mandatfördelning riksdag, region- och kommunfullmäktige 2026 (xlsx)"
KF,2584,Feministiskt initiativ,Feministiskt initiativ,2,0,"Valmyndigheten: Mandatfördelning riksdag, region- och kommunfullmäktige 2026 (xlsx)"
KF,2584,KD,Kristdemokraterna,5,11,"Valmyndigheten: Mandatfördelning riksdag, region- och kommunfullmäktige 2026 (xlsx)"
KF,2584,M,Moderaterna,5,4,"Valmyndigheten: Mandatfördelning riksdag, region- och kommunfullmäktige 2026 (xlsx)"
KF,2584,Sámelistu/Samelistan Partipolitiskt obunden,Sámelistu/Samelistan Partipolitiskt obunden,2,2,"Valmyndigheten: Mandatfördelning riksdag, region- och kommunfullmäktige 2026 (xlsx)"
KF,2584,Sjukvårdspartiet,Sjukvårdspartiet,2,2,"Valmyndigheten: Mandatfördelning riksdag, region- och kommunfullmäktige 2026 (xlsx)"
KF,2584,SD,Sverigedemokraterna,2,3,"Valmyndigheten: Mandatfördelning riksdag, region- och kommunfullmäktige 2026 (xlsx)"
KF,2584,V,Vänsterpartiet,4,5,"Valmyndigheten: Mandatfördelning riksdag, region- och kommunfullmäktige 2026 (xlsx)"
KF,1276,S,Arbetarepartiet-Socialdemokraterna,9,8,"Valmyndigheten: Mandatfördelning riksdag, region- och kommunfullmäktige 2026 (xlsx)"
KF,1276,C,Centerpartiet,2,2,"Valmyndigheten: Mandatfördelning riksdag, region- och kommunfullmäktige 2026 (xlsx)"
KF,1276,KD,Kristdemokraterna,2,2,"Valmyndigheten: Mandatfördelning riksdag, region- och kommunfullmäktige 2026 (xlsx)"
KF,1276,L,Liberalerna (tidigare Folkpartiet),1,1,"Valmyndigheten: Mandatfördelning riksdag, region- och kommunfullmäktige 2026 (xlsx)"
KF,1276,MP,Miljöpartiet de gröna,0,1,"Valmyndigheten: Mandatfördelning riksdag, region- och kommunfullmäktige 2026 (xlsx)"
KF,1276,M,Moderaterna,6,5,"Valmyndigheten: Mandatfördelning riksdag, region- och kommunfullmäktige 2026 (xlsx)"
KF,1276,SD,Sverigedemokraterna,12,8,"Valmyndigheten: Mandatfördelning riksdag, region- och kommunfullmäktige 2026 (xlsx)"
KF,1276,Vår Framtid,Vår Framtid,2,7,"Valmyndigheten: Mandatfördelning riksdag, region- och kommunfullmäktige 2026 (xlsx)"
KF,1276,V,Vänsterpartiet,1,1,"Valmyndigheten: Mandatfördelning riksdag, region- och kommunfullmäktige 2026 (xlsx)"
KF,0330,S,Arbetarepartiet-Socialdemokraterna,5,5,"Valmyndigheten: Mandatfördelning riksdag, region- och kommunfullmäktige 2026 (xlsx)"
KF,0330,C,Centerpartiet,2,2,"Valmyndigheten: Mandatfördelning riksdag, region- och kommunfullmäktige 2026 (xlsx)"
KF,0330,Knivsta.Nu,Knivsta.Nu,9,9,"Valmyndigheten: Mandatfördelning riksdag, region- och kommunfullmäktige 2026 (xlsx)"
KF,0330,KD,Kristdemokraterna,3,2,"Valmyndigheten: Mandatfördelning riksdag, region- och kommunfullmäktige 2026 (xlsx)"
KF,0330,L,Liberalerna (tidigare Folkpartiet),1,1,"Valmyndigheten: Mandatfördelning riksdag, region- och kommunfullmäktige 2026 (xlsx)"
KF,0330,MP,Miljöpartiet de gröna,1,2,"Valmyndigheten: Mandatfördelning riksdag, region- och kommunfullmäktige 2026 (xlsx)"
KF,0330,M,Moderaterna,4,4,"Valmyndigheten: Mandatfördelning riksdag, region- och kommunfullmäktige 2026 (xlsx)"
KF,0330,SD,Sverigedemokraterna,4,4,"Valmyndigheten: Mandatfördelning riksdag, region- och kommunfullmäktige 2026 (xlsx)"
KF,0330,V,Vänsterpartiet,2,2,"Valmyndigheten: Mandatfördelning riksdag, region- och kommunfullmäktige 2026 (xlsx)"
KF,2282,S,Arbetarepartiet-Socialdemokraterna,18,7,"Valmyndigheten: Mandatfördelning riksdag, region- och kommunfullmäktige 2026 (xlsx)"
KF,2282,C,Centerpartiet,6,7,"Valmyndigheten: Mandatfördelning riksdag, region- och kommunfullmäktige 2026 (xlsx)"
KF,2282,KD,Kristdemokraterna,2,1,"Valmyndigheten: Mandatfördelning riksdag, region- och kommunfullmäktige 2026 (xlsx)"
KF,2282,MP,Miljöpartiet de gröna,0,1,"Valmyndigheten: Mandatfördelning riksdag, region- och kommunfullmäktige 2026 (xlsx)"
KF,2282,M,Moderaterna,4,3,"Valmyndigheten: Mandatfördelning riksdag, region- och kommunfullmäktige 2026 (xlsx)"
KF,2282,Norrlandspartiet,Norrlandspartiet,0,9,"Valmyndigheten: Mandatfördelning riksdag, region- och kommunfullmäktige 2026 (xlsx)"
KF,2282,SD,Sverigedemokraterna,7,4,"Valmyndigheten: Mandatfördelning riksdag, region- och kommunfullmäktige 2026 (xlsx)"
KF,2282,V,Vänsterpartiet,4,3,"Valmyndigheten: Mandatfördelning riksdag, region- och kommunfullmäktige 2026 (xlsx)"
KF,1290,S,Arbetarepartiet-Socialdemokraterna,17,18,"Valmyndigheten: Mandatfördelning riksdag, region- och kommunfullmäktige 2026 (xlsx)"
KF,1290,C,Centerpartiet,3,3,"Valmyndigheten: Mandatfördelning riksdag, region- och kommunfullmäktige 2026 (xlsx)"
KF,1290,KD,Kristdemokraterna,3,3,"Valmyndigheten: Mandatfördelning riksdag, region- och kommunfullmäktige 2026 (xlsx)"
KF,1290,L,Liberalerna (tidigare Folkpartiet),8,7,"Valmyndigheten: Mandatfördelning riksdag, region- och kommunfullmäktige 2026 (xlsx)"
KF,1290,M,Moderaterna,14,14,"Valmyndigheten: Mandatfördelning riksdag, region- och kommunfullmäktige 2026 (xlsx)"
KF,1290,SD,Sverigedemokraterna,16,14,"Valmyndigheten: Mandatfördelning riksdag, region- och kommunfullmäktige 2026 (xlsx)"
KF,1290,V,Vänsterpartiet,4,6,"Valmyndigheten: Mandatfördelning riksdag, region- och kommunfullmäktige 2026 (xlsx)"
KF,1781,S,Arbetarepartiet-Socialdemokraterna,14,12,"Valmyndigheten: Mandatfördelning riksdag, region- och kommunfullmäktige 2026 (xlsx)"
KF,1781,C,Centerpartiet,3,2,"Valmyndigheten: Mandatfördelning riksdag, region- och kommunfullmäktige 2026 (xlsx)"
KF,1781,KD,Kristdemokraterna,1,2,"Valmyndigheten: Mandatfördelning riksdag, region- och kommunfullmäktige 2026 (xlsx)"
KF,1781,L,Liberalerna (tidigare Folkpartiet),5,4,"Valmyndigheten: Mandatfördelning riksdag, region- och kommunfullmäktige 2026 (xlsx)"
KF,1781,MP,Miljöpartiet de gröna,1,1,"Valmyndigheten: Mandatfördelning riksdag, region- och kommunfullmäktige 2026 (xlsx)"
KF,1781,M,Moderaterna,7,10,"Valmyndigheten: Mandatfördelning riksdag, region- och kommunfullmäktige 2026 (xlsx)"
KF,1781,SD,Sverigedemokraterna,7,7,"Valmyndigheten: Mandatfördelning riksdag, region- och kommunfullmäktige 2026 (xlsx)"
KF,1781,V,Vänsterpartiet,3,3,"Valmyndigheten: Mandatfördelning riksdag, region- och kommunfullmäktige 2026 (xlsx)"
KF,2309,S,Arbetarepartiet-Socialdemokraterna,12,9,"Valmyndigheten: Mandatfördelning riksdag, region- och kommunfullmäktige 2026 (xlsx)"
KF,2309,C,Centerpartiet,10,11,"Valmyndigheten: Mandatfördelning riksdag, region- och kommunfullmäktige 2026 (xlsx)"
KF,2309,Jämtlands Väl Krokom,Jämtlands Väl Krokom,1,4,"Valmyndigheten: Mandatfördelning riksdag, region- och kommunfullmäktige 2026 (xlsx)"
KF,2309,KD,Kristdemokraterna,2,1,"Valmyndigheten: Mandatfördelning riksdag, region- och kommunfullmäktige 2026 (xlsx)"
KF,2309,MP,Miljöpartiet de gröna,1,2,"Valmyndigheten: Mandatfördelning riksdag, region- och kommunfullmäktige 2026 (xlsx)"
KF,2309,M,Moderaterna,7,7,"Valmyndigheten: Mandatfördelning riksdag, region- och kommunfullmäktige 2026 (xlsx)"
KF,2309,SD,Sverigedemokraterna,5,5,"Valmyndigheten: Mandatfördelning riksdag, region- och kommunfullmäktige 2026 (xlsx)"
KF,2309,V,Vänsterpartiet,3,2,"Valmyndigheten: Mandatfördelning riksdag, region- och kommunfullmäktige 2026 (xlsx)"
KF,1881,S,Arbetarepartiet-Socialdemokraterna,15,14,"Valmyndigheten: Mandatfördelning riksdag, region- och kommunfullmäktige 2026 (xlsx)"
KF,1881,C,Centerpartiet,4,4,"Valmyndigheten: Mandatfördelning riksdag, region- och kommunfullmäktige 2026 (xlsx)"
KF,1881,KD,Kristdemokraterna,2,2,"Valmyndigheten: Mandatfördelning riksdag, region- och kommunfullmäktige 2026 (xlsx)"
KF,1881,L,Liberalerna (tidigare Folkpartiet),4,7,"Valmyndigheten: Mandatfördelning riksdag, region- och kommunfullmäktige 2026 (xlsx)"
KF,1881,M,Moderaterna,9,8,"Valmyndigheten: Mandatfördelning riksdag, region- och kommunfullmäktige 2026 (xlsx)"
KF,1881,SD,Sverigedemokraterna,9,7,"Valmyndigheten: Mandatfördelning riksdag, region- och kommunfullmäktige 2026 (xlsx)"
KF,1881,V,Vänsterpartiet,2,3,"Valmyndigheten: Mandatfördelning riksdag, region- och kommunfullmäktige 2026 (xlsx)"
KF,1384,S,Arbetarepartiet-Socialdemokraterna,12,11,"Valmyndigheten: Mandatfördelning riksdag, region- och kommunfullmäktige 2026 (xlsx)"
KF,1384,C,Centerpartiet,6,5,"Valmyndigheten: Mandatfördelning riksdag, region- och kommunfullmäktige 2026 (xlsx)"
KF,1384,KD,Kristdemokraterna,4,4,"Valmyndigheten: Mandatfördelning riksdag, region- och kommunfullmäktige 2026 (xlsx)"
KF,1384,Kungsbackaborna,Kungsbackaborna,2,2,"Valmyndigheten: Mandatfördelning riksdag, region- och kommunfullmäktige 2026 (xlsx)"
KF,1384,L,Liberalerna (tidigare Folkpartiet),4,4,"Valmyndigheten: Mandatfördelning riksdag, region- och kommunfullmäktige 2026 (xlsx)"
KF,1384,MP,Miljöpartiet de gröna,2,3,"Valmyndigheten: Mandatfördelning riksdag, region- och kommunfullmäktige 2026 (xlsx)"
KF,1384,M,Moderaterna,19,20,"Valmyndigheten: Mandatfördelning riksdag, region- och kommunfullmäktige 2026 (xlsx)"
KF,1384,SD,Sverigedemokraterna,10,10,"Valmyndigheten: Mandatfördelning riksdag, region- och kommunfullmäktige 2026 (xlsx)"
KF,1384,V,Vänsterpartiet,2,2,"Valmyndigheten: Mandatfördelning riksdag, region- och kommunfullmäktige 2026 (xlsx)"
KF,1960,S,Arbetarepartiet-Socialdemokraterna,11,9,"Valmyndigheten: Mandatfördelning riksdag, region- och kommunfullmäktige 2026 (xlsx)"
KF,1960,C,Centerpartiet,3,4,"Valmyndigheten: Mandatfördelning riksdag, region- och kommunfullmäktige 2026 (xlsx)"
KF,1960,KD,Kristdemokraterna,2,1,"Valmyndigheten: Mandatfördelning riksdag, region- och kommunfullmäktige 2026 (xlsx)"
KF,1960,L,Liberalerna (tidigare Folkpartiet),1,1,"Valmyndigheten: Mandatfördelning riksdag, region- och kommunfullmäktige 2026 (xlsx)"
KF,1960,M,Moderaterna,5,6,"Valmyndigheten: Mandatfördelning riksdag, region- och kommunfullmäktige 2026 (xlsx)"
KF,1960,SD,Sverigedemokraterna,7,7,"Valmyndigheten: Mandatfördelning riksdag, region- och kommunfullmäktige 2026 (xlsx)"
KF,1960,V,Vänsterpartiet,2,3,"Valmyndigheten: Mandatfördelning riksdag, region- och kommunfullmäktige 2026 (xlsx)"
KF,1482,S,Arbetarepartiet-Socialdemokraterna,17,15,"Valmyndigheten: Mandatfördelning riksdag, region- och kommunfullmäktige 2026 (xlsx)"
KF,1482,C,Centerpartiet,3,4,"Valmyndigheten: Mandatfördelning riksdag, region- och kommunfullmäktige 2026 (xlsx)"
KF,1482,KD,Kristdemokraterna,4,3,"Valmyndigheten: Mandatfördelning riksdag, region- och kommunfullmäktige 2026 (xlsx)"
KF,1482,L,Liberalerna (tidigare Folkpartiet),4,3,"Valmyndigheten: Mandatfördelning riksdag, region- och kommunfullmäktige 2026 (xlsx)"
KF,1482,MP,Miljöpartiet de gröna,2,3,"Valmyndigheten: Mandatfördelning riksdag, region- och kommunfullmäktige 2026 (xlsx)"
KF,1482,M,Moderaterna,12,12,"Valmyndigheten: Mandatfördelning riksdag, region- och kommunfullmäktige 2026 (xlsx)"
KF,1482,Skolföräldrar,Skolföräldrar,0,4,"Valmyndigheten: Mandatfördelning riksdag, region- och kommunfullmäktige 2026 (xlsx)"
KF,1482,SD,Sverigedemokraterna,11,11,"Valmyndigheten: Mandatfördelning riksdag, region- och kommunfullmäktige 2026 (xlsx)"
KF,1482,Utvecklingspartiet,Utvecklingspartiet,4,3,"Valmyndigheten: Mandatfördelning riksdag, region- och kommunfullmäktige 2026 (xlsx)"
KF,1482,V,Vänsterpartiet,4,3,"Valmyndigheten: Mandatfördelning riksdag, region- och kommunfullmäktige 2026 (xlsx)"
KF,1261,S,Arbetarepartiet-Socialdemokraterna,11,10,"Valmyndigheten: Mandatfördelning riksdag, region- och kommunfullmäktige 2026 (xlsx)"
KF,1261,C,Centerpartiet,3,2,"Valmyndigheten: Mandatfördelning riksdag, region- och kommunfullmäktige 2026 (xlsx)"
KF,1261,KD,Kristdemokraterna,1,1,"Valmyndigheten: Mandatfördelning riksdag, region- och kommunfullmäktige 2026 (xlsx)"
KF,1261,L,Liberalerna (tidigare Folkpartiet),3,1,"Valmyndigheten: Mandatfördelning riksdag, region- och kommunfullmäktige 2026 (xlsx)"
KF,1261,Löddebygden,Löddebygden,3,7,"Valmyndigheten: Mandatfördelning riksdag, region- och kommunfullmäktige 2026 (xlsx)"
KF,1261,MP,Miljöpartiet de gröna,2,3,"Valmyndigheten: Mandatfördelning riksdag, region- och kommunfullmäktige 2026 (xlsx)"
KF,1261,M,Moderaterna,16,17,"Valmyndigheten: Mandatfördelning riksdag, region- och kommunfullmäktige 2026 (xlsx)"
KF,1261,SD,Sverigedemokraterna,9,8,"Valmyndigheten: Mandatfördelning riksdag, region- och kommunfullmäktige 2026 (xlsx)"
KF,1261,V,Vänsterpartiet,1,2,"Valmyndigheten: Mandatfördelning riksdag, region- och kommunfullmäktige 2026 (xlsx)"
KF,1983,S,Arbetarepartiet-Socialdemokraterna,16,17,"Valmyndigheten: Mandatfördelning riksdag, region- och kommunfullmäktige 2026 (xlsx)"
KF,1983,C,Centerpartiet,3,2,"Valmyndigheten: Mandatfördelning riksdag, region- och kommunfullmäktige 2026 (xlsx)"
KF,1983,KD,Kristdemokraterna,4,2,"Valmyndigheten: Mandatfördelning riksdag, region- och kommunfullmäktige 2026 (xlsx)"
KF,1983,L,Liberalerna (tidigare Folkpartiet),1,1,"Valmyndigheten: Mandatfördelning riksdag, region- och kommunfullmäktige 2026 (xlsx)"
KF,1983,M,Moderaterna,6,7,"Valmyndigheten: Mandatfördelning riksdag, region- och kommunfullmäktige 2026 (xlsx)"
KF,1983,SD,Sverigedemokraterna,13,11,"Valmyndigheten: Mandatfördelning riksdag, region- och kommunfullmäktige 2026 (xlsx)"
KF,1983,Vanligt Folk i Köpings kommun,Vanligt Folk i Köpings kommun,2,5,"Valmyndigheten: Mandatfördelning riksdag, region- och kommunfullmäktige 2026 (xlsx)"
KF,1983,V,Vänsterpartiet,4,4,"Valmyndigheten: Mandatfördelning riksdag, region- och kommunfullmäktige 2026 (xlsx)"
KF,1381,S,Arbetarepartiet-Socialdemokraterna,8,9,"Valmyndigheten: Mandatfördelning riksdag, region- och kommunfullmäktige 2026 (xlsx)"
KF,1381,C,Centerpartiet,6,5,"Valmyndigheten: Mandatfördelning riksdag, region- och kommunfullmäktige 2026 (xlsx)"
KF,1381,KD,Kristdemokraterna,3,3,"Valmyndigheten: Mandatfördelning riksdag, region- och kommunfullmäktige 2026 (xlsx)"
KF,1381,Laholmspartiet,Laholmspartiet,1,1,"Valmyndigheten: Mandatfördelning riksdag, region- och kommunfullmäktige 2026 (xlsx)"
KF,1381,L,Liberalerna (tidigare Folkpartiet),2,0,"Valmyndigheten: Mandatfördelning riksdag, region- och kommunfullmäktige 2026 (xlsx)"
KF,1381,Medborgerlig Samling,Medborgerlig Samling,4,5,"Valmyndigheten: Mandatfördelning riksdag, region- och kommunfullmäktige 2026 (xlsx)"
KF,1381,MP,Miljöpartiet de gröna,1,1,"Valmyndigheten: Mandatfördelning riksdag, region- och kommunfullmäktige 2026 (xlsx)"
KF,1381,M,Moderaterna,7,7,"Valmyndigheten: Mandatfördelning riksdag, region- och kommunfullmäktige 2026 (xlsx)"
KF,1381,SD,Sverigedemokraterna,8,8,"Valmyndigheten: Mandatfördelning riksdag, region- och kommunfullmäktige 2026 (xlsx)"
KF,1381,V,Vänsterpartiet,1,2,"Valmyndigheten: Mandatfördelning riksdag, region- och kommunfullmäktige 2026 (xlsx)"
KF,1282,S,Arbetarepartiet-Socialdemokraterna,12,16,"Valmyndigheten: Mandatfördelning riksdag, region- och kommunfullmäktige 2026 (xlsx)"
KF,1282,L,Liberalerna (tidigare Folkpartiet),20,26,"Valmyndigheten: Mandatfördelning riksdag, region- och kommunfullmäktige 2026 (xlsx)"
KF,1282,MP,Miljöpartiet de gröna,2,2,"Valmyndigheten: Mandatfördelning riksdag, region- och kommunfullmäktige 2026 (xlsx)"
KF,1282,M,Moderaterna,4,4,"Valmyndigheten: Mandatfördelning riksdag, region- och kommunfullmäktige 2026 (xlsx)"
KF,1282,Partiet Nyans,Partiet Nyans,1,0,"Valmyndigheten: Mandatfördelning riksdag, region- och kommunfullmäktige 2026 (xlsx)"
KF,1282,SD,Sverigedemokraterna,10,9,"Valmyndigheten: Mandatfördelning riksdag, region- och kommunfullmäktige 2026 (xlsx)"
KF,1282,V,Vänsterpartiet,2,4,"Valmyndigheten: Mandatfördelning riksdag, region- och kommunfullmäktige 2026 (xlsx)"
KF,1860,S,Arbetarepartiet-Socialdemokraterna,7,7,"Valmyndigheten: Mandatfördelning riksdag, region- och kommunfullmäktige 2026 (xlsx)"
KF,1860,C,Centerpartiet,8,7,"Valmyndigheten: Mandatfördelning riksdag, region- och kommunfullmäktige 2026 (xlsx)"
KF,1860,KD,Kristdemokraterna,5,3,"Valmyndigheten: Mandatfördelning riksdag, region- och kommunfullmäktige 2026 (xlsx)"
KF,1860,MP,Miljöpartiet de gröna,1,0,"Valmyndigheten: Mandatfördelning riksdag, region- och kommunfullmäktige 2026 (xlsx)"
KF,1860,M,Moderaterna,4,8,"Valmyndigheten: Mandatfördelning riksdag, region- och kommunfullmäktige 2026 (xlsx)"
KF,1860,SD,Sverigedemokraterna,3,3,"Valmyndigheten: Mandatfördelning riksdag, region- och kommunfullmäktige 2026 (xlsx)"
KF,1860,V,Vänsterpartiet,3,3,"Valmyndigheten: Mandatfördelning riksdag, region- och kommunfullmäktige 2026 (xlsx)"
KF,1814,S,Arbetarepartiet-Socialdemokraterna,7,8,"Valmyndigheten: Mandatfördelning riksdag, region- och kommunfullmäktige 2026 (xlsx)"
KF,1814,C,Centerpartiet,5,5,"Valmyndigheten: Mandatfördelning riksdag, region- och kommunfullmäktige 2026 (xlsx)"
KF,1814,Framtidspartiet i Lekeberg,Framtidspartiet i Lekeberg,2,1,"Valmyndigheten: Mandatfördelning riksdag, region- och kommunfullmäktige 2026 (xlsx)"
KF,1814,KD,Kristdemokraterna,2,2,"Valmyndigheten: Mandatfördelning riksdag, region- och kommunfullmäktige 2026 (xlsx)"
KF,1814,L,Liberalerna (tidigare Folkpartiet),2,1,"Valmyndigheten: Mandatfördelning riksdag, region- och kommunfullmäktige 2026 (xlsx)"
KF,1814,MP,Miljöpartiet de gröna,1,1,"Valmyndigheten: Mandatfördelning riksdag, region- och kommunfullmäktige 2026 (xlsx)"
KF,1814,M,Moderaterna,10,12,"Valmyndigheten: Mandatfördelning riksdag, region- och kommunfullmäktige 2026 (xlsx)"
KF,1814,SD,Sverigedemokraterna,5,4,"Valmyndigheten: Mandatfördelning riksdag, region- och kommunfullmäktige 2026 (xlsx)"
KF,1814,V,Vänsterpartiet,1,1,"Valmyndigheten: Mandatfördelning riksdag, region- och kommunfullmäktige 2026 (xlsx)"
KF,2029,S,Arbetarepartiet-Socialdemokraterna,8,7,"Valmyndigheten: Mandatfördelning riksdag, region- och kommunfullmäktige 2026 (xlsx)"
KF,2029,Bygdepartiet,Bygdepartiet,8,8,"Valmyndigheten: Mandatfördelning riksdag, region- och kommunfullmäktige 2026 (xlsx)"
KF,2029,C,Centerpartiet,5,4,"Valmyndigheten: Mandatfördelning riksdag, region- och kommunfullmäktige 2026 (xlsx)"
KF,2029,KD,Kristdemokraterna,3,5,"Valmyndigheten: Mandatfördelning riksdag, region- och kommunfullmäktige 2026 (xlsx)"
KF,2029,L,Liberalerna (tidigare Folkpartiet),1,1,"Valmyndigheten: Mandatfördelning riksdag, region- och kommunfullmäktige 2026 (xlsx)"
KF,2029,MP,Miljöpartiet de gröna,1,2,"Valmyndigheten: Mandatfördelning riksdag, region- och kommunfullmäktige 2026 (xlsx)"
KF,2029,M,Moderaterna,6,8,"Valmyndigheten: Mandatfördelning riksdag, region- och kommunfullmäktige 2026 (xlsx)"
KF,2029,SD,Sverigedemokraterna,4,3,"Valmyndigheten: Mandatfördelning riksdag, region- och kommunfullmäktige 2026 (xlsx)"
KF,2029,V,Vänsterpartiet,5,3,"Valmyndigheten: Mandatfördelning riksdag, region- och kommunfullmäktige 2026 (xlsx)"
KF,1441,S,Arbetarepartiet-Socialdemokraterna,12,10,"Valmyndigheten: Mandatfördelning riksdag, region- och kommunfullmäktige 2026 (xlsx)"
KF,1441,C,Centerpartiet,3,5,"Valmyndigheten: Mandatfördelning riksdag, region- och kommunfullmäktige 2026 (xlsx)"
KF,1441,KD,Kristdemokraterna,4,4,"Valmyndigheten: Mandatfördelning riksdag, region- och kommunfullmäktige 2026 (xlsx)"
KF,1441,L,Liberalerna (tidigare Folkpartiet),4,2,"Valmyndigheten: Mandatfördelning riksdag, region- och kommunfullmäktige 2026 (xlsx)"
KF,1441,MP,Miljöpartiet de gröna,3,4,"Valmyndigheten: Mandatfördelning riksdag, region- och kommunfullmäktige 2026 (xlsx)"
KF,1441,M,Moderaterna,14,15,"Valmyndigheten: Mandatfördelning riksdag, region- och kommunfullmäktige 2026 (xlsx)"
KF,1441,SD,Sverigedemokraterna,7,7,"Valmyndigheten: Mandatfördelning riksdag, region- och kommunfullmäktige 2026 (xlsx)"
KF,1441,V,Vänsterpartiet,4,4,"Valmyndigheten: Mandatfördelning riksdag, region- och kommunfullmäktige 2026 (xlsx)"
KF,0761,S,Arbetarepartiet-Socialdemokraterna,13,12,"Valmyndigheten: Mandatfördelning riksdag, region- och kommunfullmäktige 2026 (xlsx)"
KF,0761,C,Centerpartiet,3,3,"Valmyndigheten: Mandatfördelning riksdag, region- och kommunfullmäktige 2026 (xlsx)"
KF,0761,KD,Kristdemokraterna,3,3,"Valmyndigheten: Mandatfördelning riksdag, region- och kommunfullmäktige 2026 (xlsx)"
KF,0761,M,Moderaterna,8,10,"Valmyndigheten: Mandatfördelning riksdag, region- och kommunfullmäktige 2026 (xlsx)"
KF,0761,SD,Sverigedemokraterna,5,4,"Valmyndigheten: Mandatfördelning riksdag, region- och kommunfullmäktige 2026 (xlsx)"
KF,0761,V,Vänsterpartiet,3,3,"Valmyndigheten: Mandatfördelning riksdag, region- och kommunfullmäktige 2026 (xlsx)"
KF,0186,S,Arbetarepartiet-Socialdemokraterna,8,7,"Valmyndigheten: Mandatfördelning riksdag, region- och kommunfullmäktige 2026 (xlsx)"
KF,0186,C,Centerpartiet,9,8,"Valmyndigheten: Mandatfördelning riksdag, region- och kommunfullmäktige 2026 (xlsx)"
KF,0186,KD,Kristdemokraterna,3,3,"Valmyndigheten: Mandatfördelning riksdag, region- och kommunfullmäktige 2026 (xlsx)"
KF,0186,L,Liberalerna (tidigare Folkpartiet),5,4,"Valmyndigheten: Mandatfördelning riksdag, region- och kommunfullmäktige 2026 (xlsx)"
KF,0186,Lidingöpartiet,Lidingöpartiet,11,9,"Valmyndigheten: Mandatfördelning riksdag, region- och kommunfullmäktige 2026 (xlsx)"
KF,0186,MP,Miljöpartiet de gröna,2,3,"Valmyndigheten: Mandatfördelning riksdag, region- och kommunfullmäktige 2026 (xlsx)"
KF,0186,M,Moderaterna,18,22,"Valmyndigheten: Mandatfördelning riksdag, region- och kommunfullmäktige 2026 (xlsx)"
KF,0186,SD,Sverigedemokraterna,3,3,"Valmyndigheten: Mandatfördelning riksdag, region- och kommunfullmäktige 2026 (xlsx)"
KF,0186,V,Vänsterpartiet,2,2,"Valmyndigheten: Mandatfördelning riksdag, region- och kommunfullmäktige 2026 (xlsx)"
KF,1494,S,Arbetarepartiet-Socialdemokraterna,16,13,"Valmyndigheten: Mandatfördelning riksdag, region- och kommunfullmäktige 2026 (xlsx)"
KF,1494,C,Centerpartiet,4,2,"Valmyndigheten: Mandatfördelning riksdag, region- och kommunfullmäktige 2026 (xlsx)"
KF,1494,KD,Kristdemokraterna,4,4,"Valmyndigheten: Mandatfördelning riksdag, region- och kommunfullmäktige 2026 (xlsx)"
KF,1494,L,Liberalerna (tidigare Folkpartiet),4,2,"Valmyndigheten: Mandatfördelning riksdag, region- och kommunfullmäktige 2026 (xlsx)"
KF,1494,MP,Miljöpartiet de gröna,2,1,"Valmyndigheten: Mandatfördelning riksdag, region- och kommunfullmäktige 2026 (xlsx)"
KF,1494,M,Moderaterna,10,8,"Valmyndigheten: Mandatfördelning riksdag, region- och kommunfullmäktige 2026 (xlsx)"
KF,1494,Sjukvårdspartiet - Västra Götaland,Sjukvårdspartiet - Västra Götaland,0,11,"Valmyndigheten: Mandatfördelning riksdag, region- och kommunfullmäktige 2026 (xlsx)"
KF,1494,SD,Sverigedemokraterna,7,7,"Valmyndigheten: Mandatfördelning riksdag, region- och kommunfullmäktige 2026 (xlsx)"
KF,1494,V,Vänsterpartiet,4,3,"Valmyndigheten: Mandatfördelning riksdag, region- och kommunfullmäktige 2026 (xlsx)"
KF,1462,S,Arbetarepartiet-Socialdemokraterna,7,7,"Valmyndigheten: Mandatfördelning riksdag, region- och kommunfullmäktige 2026 (xlsx)"
KF,1462,C,Centerpartiet,5,6,"Valmyndigheten: Mandatfördelning riksdag, region- och kommunfullmäktige 2026 (xlsx)"
KF,1462,Edetlistan,Edetlistan,1,0,"Valmyndigheten: Mandatfördelning riksdag, region- och kommunfullmäktige 2026 (xlsx)"
KF,1462,KD,Kristdemokraterna,1,2,"Valmyndigheten: Mandatfördelning riksdag, region- och kommunfullmäktige 2026 (xlsx)"
KF,1462,MP,Miljöpartiet de gröna,0,1,"Valmyndigheten: Mandatfördelning riksdag, region- och kommunfullmäktige 2026 (xlsx)"
KF,1462,M,Moderaterna,4,4,"Valmyndigheten: Mandatfördelning riksdag, region- och kommunfullmäktige 2026 (xlsx)"
KF,1462,SD,Sverigedemokraterna,11,9,"Valmyndigheten: Mandatfördelning riksdag, region- och kommunfullmäktige 2026 (xlsx)"
KF,1462,V,Vänsterpartiet,2,2,"Valmyndigheten: Mandatfördelning riksdag, region- och kommunfullmäktige 2026 (xlsx)"
KF,1885,S,Arbetarepartiet-Socialdemokraterna,13,12,"Valmyndigheten: Mandatfördelning riksdag, region- och kommunfullmäktige 2026 (xlsx)"
KF,1885,C,Centerpartiet,4,3,"Valmyndigheten: Mandatfördelning riksdag, region- och kommunfullmäktige 2026 (xlsx)"
KF,1885,KD,Kristdemokraterna,2,2,"Valmyndigheten: Mandatfördelning riksdag, region- och kommunfullmäktige 2026 (xlsx)"
KF,1885,Landsbygdspartiet Oberoende,Landsbygdspartiet Oberoende,2,4,"Valmyndigheten: Mandatfördelning riksdag, region- och kommunfullmäktige 2026 (xlsx)"
KF,1885,L,Liberalerna (tidigare Folkpartiet),1,2,"Valmyndigheten: Mandatfördelning riksdag, region- och kommunfullmäktige 2026 (xlsx)"
KF,1885,MP,Miljöpartiet de gröna,1,2,"Valmyndigheten: Mandatfördelning riksdag, region- och kommunfullmäktige 2026 (xlsx)"
KF,1885,M,Moderaterna,9,8,"Valmyndigheten: Mandatfördelning riksdag, region- och kommunfullmäktige 2026 (xlsx)"
KF,1885,SD,Sverigedemokraterna,10,9,"Valmyndigheten: Mandatfördelning riksdag, region- och kommunfullmäktige 2026 (xlsx)"
KF,1885,V,Vänsterpartiet,3,3,"Valmyndigheten: Mandatfördelning riksdag, region- och kommunfullmäktige 2026 (xlsx)"
KF,0580,S,Arbetarepartiet-Socialdemokraterna,22,20,"Valmyndigheten: Mandatfördelning riksdag, region- och kommunfullmäktige 2026 (xlsx)"
KF,0580,C,Centerpartiet,6,6,"Valmyndigheten: Mandatfördelning riksdag, region- och kommunfullmäktige 2026 (xlsx)"
KF,0580,KD,Kristdemokraterna,4,4,"Valmyndigheten: Mandatfördelning riksdag, region- och kommunfullmäktige 2026 (xlsx)"
KF,0580,L,Liberalerna (tidigare Folkpartiet),4,3,"Valmyndigheten: Mandatfördelning riksdag, region- och kommunfullmäktige 2026 (xlsx)"
KF,0580,Linköpingslistan,Linköpingslistan,7,8,"Valmyndigheten: Mandatfördelning riksdag, region- och kommunfullmäktige 2026 (xlsx)"
KF,0580,MP,Miljöpartiet de gröna,5,6,"Valmyndigheten: Mandatfördelning riksdag, region- och kommunfullmäktige 2026 (xlsx)"
KF,0580,M,Moderaterna,16,16,"Valmyndigheten: Mandatfördelning riksdag, region- och kommunfullmäktige 2026 (xlsx)"
KF,0580,SD,Sverigedemokraterna,10,10,"Valmyndigheten: Mandatfördelning riksdag, region- och kommunfullmäktige 2026 (xlsx)"
KF,0580,V,Vänsterpartiet,5,6,"Valmyndigheten: Mandatfördelning riksdag, region- och kommunfullmäktige 2026 (xlsx)"
KF,0781,Alternativet,Alternativet,1,0,"Valmyndigheten: Mandatfördelning riksdag, region- och kommunfullmäktige 2026 (xlsx)"
KF,0781,S,Arbetarepartiet-Socialdemokraterna,13,10,"Valmyndigheten: Mandatfördelning riksdag, region- och kommunfullmäktige 2026 (xlsx)"
KF,0781,C,Centerpartiet,4,5,"Valmyndigheten: Mandatfördelning riksdag, region- och kommunfullmäktige 2026 (xlsx)"
KF,0781,KD,Kristdemokraterna,3,8,"Valmyndigheten: Mandatfördelning riksdag, region- och kommunfullmäktige 2026 (xlsx)"
KF,0781,MP,Miljöpartiet de gröna,1,2,"Valmyndigheten: Mandatfördelning riksdag, region- och kommunfullmäktige 2026 (xlsx)"
KF,0781,M,Moderaterna,14,10,"Valmyndigheten: Mandatfördelning riksdag, region- och kommunfullmäktige 2026 (xlsx)"
KF,0781,SD,Sverigedemokraterna,10,11,"Valmyndigheten: Mandatfördelning riksdag, region- och kommunfullmäktige 2026 (xlsx)"
KF,0781,V,Vänsterpartiet,3,3,"Valmyndigheten: Mandatfördelning riksdag, region- och kommunfullmäktige 2026 (xlsx)"
KF,2161,S,Arbetarepartiet-Socialdemokraterna,12,7,"Valmyndigheten: Mandatfördelning riksdag, region- och kommunfullmäktige 2026 (xlsx)"
KF,2161,C,Centerpartiet,4,5,"Valmyndigheten: Mandatfördelning riksdag, region- och kommunfullmäktige 2026 (xlsx)"
KF,2161,KD,Kristdemokraterna,1,1,"Valmyndigheten: Mandatfördelning riksdag, region- och kommunfullmäktige 2026 (xlsx)"
KF,2161,L,Liberalerna (tidigare Folkpartiet),3,7,"Valmyndigheten: Mandatfördelning riksdag, region- och kommunfullmäktige 2026 (xlsx)"
KF,2161,Ljusdalsbygdens parti,Ljusdalsbygdens parti,4,5,"Valmyndigheten: Mandatfördelning riksdag, region- och kommunfullmäktige 2026 (xlsx)"
KF,2161,MP,Miljöpartiet de gröna,2,4,"Valmyndigheten: Mandatfördelning riksdag, region- och kommunfullmäktige 2026 (xlsx)"
KF,2161,M,Moderaterna,7,5,"Valmyndigheten: Mandatfördelning riksdag, region- och kommunfullmäktige 2026 (xlsx)"
KF,2161,SD,Sverigedemokraterna,6,5,"Valmyndigheten: Mandatfördelning riksdag, region- och kommunfullmäktige 2026 (xlsx)"
KF,2161,V,Vänsterpartiet,2,2,"Valmyndigheten: Mandatfördelning riksdag, region- och kommunfullmäktige 2026 (xlsx)"
KF,1864,S,Arbetarepartiet-Socialdemokraterna,9,8,"Valmyndigheten: Mandatfördelning riksdag, region- och kommunfullmäktige 2026 (xlsx)"
KF,1864,M,Moderaterna,4,6,"Valmyndigheten: Mandatfördelning riksdag, region- och kommunfullmäktige 2026 (xlsx)"
KF,1864,SD,Sverigedemokraterna,6,5,"Valmyndigheten: Mandatfördelning riksdag, region- och kommunfullmäktige 2026 (xlsx)"
KF,1864,V,Vänsterpartiet,2,2,"Valmyndigheten: Mandatfördelning riksdag, region- och kommunfullmäktige 2026 (xlsx)"
KF,1262,S,Arbetarepartiet-Socialdemokraterna,8,9,"Valmyndigheten: Mandatfördelning riksdag, region- och kommunfullmäktige 2026 (xlsx)"
KF,1262,C,Centerpartiet,2,2,"Valmyndigheten: Mandatfördelning riksdag, region- och kommunfullmäktige 2026 (xlsx)"
KF,1262,Fokus,Fokus,5,6,"Valmyndigheten: Mandatfördelning riksdag, region- och kommunfullmäktige 2026 (xlsx)"
KF,1262,KD,Kristdemokraterna,1,1,"Valmyndigheten: Mandatfördelning riksdag, region- och kommunfullmäktige 2026 (xlsx)"
KF,1262,L,Liberalerna (tidigare Folkpartiet),3,4,"Valmyndigheten: Mandatfördelning riksdag, region- och kommunfullmäktige 2026 (xlsx)"
KF,1262,MP,Miljöpartiet de gröna,2,2,"Valmyndigheten: Mandatfördelning riksdag, region- och kommunfullmäktige 2026 (xlsx)"
KF,1262,M,Moderaterna,19,16,"Valmyndigheten: Mandatfördelning riksdag, region- och kommunfullmäktige 2026 (xlsx)"
KF,1262,SD,Sverigedemokraterna,5,5,"Valmyndigheten: Mandatfördelning riksdag, region- och kommunfullmäktige 2026 (xlsx)"
KF,2085,S,Arbetarepartiet-Socialdemokraterna,14,14,"Valmyndigheten: Mandatfördelning riksdag, region- och kommunfullmäktige 2026 (xlsx)"
KF,2085,C,Centerpartiet,4,4,"Valmyndigheten: Mandatfördelning riksdag, region- och kommunfullmäktige 2026 (xlsx)"
KF,2085,Dalademokraterna,Dalademokraterna,1,3,"Valmyndigheten: Mandatfördelning riksdag, region- och kommunfullmäktige 2026 (xlsx)"
KF,2085,KD,Kristdemokraterna,2,2,"Valmyndigheten: Mandatfördelning riksdag, region- och kommunfullmäktige 2026 (xlsx)"
KF,2085,L,Liberalerna (tidigare Folkpartiet),1,0,"Valmyndigheten: Mandatfördelning riksdag, region- och kommunfullmäktige 2026 (xlsx)"
KF,2085,MP,Miljöpartiet de gröna,2,1,"Valmyndigheten: Mandatfördelning riksdag, region- och kommunfullmäktige 2026 (xlsx)"
KF,2085,M,Moderaterna,10,11,"Valmyndigheten: Mandatfördelning riksdag, region- och kommunfullmäktige 2026 (xlsx)"
KF,2085,SD,Sverigedemokraterna,7,6,"Valmyndigheten: Mandatfördelning riksdag, region- och kommunfullmäktige 2026 (xlsx)"
KF,2085,V,Vänsterpartiet,4,4,"Valmyndigheten: Mandatfördelning riksdag, region- och kommunfullmäktige 2026 (xlsx)"
KF,2580,S,Arbetarepartiet-Socialdemokraterna,24,23,"Valmyndigheten: Mandatfördelning riksdag, region- och kommunfullmäktige 2026 (xlsx)"
KF,2580,C,Centerpartiet,4,4,"Valmyndigheten: Mandatfördelning riksdag, region- och kommunfullmäktige 2026 (xlsx)"
KF,2580,KD,Kristdemokraterna,4,4,"Valmyndigheten: Mandatfördelning riksdag, region- och kommunfullmäktige 2026 (xlsx)"
KF,2580,L,Liberalerna (tidigare Folkpartiet),3,3,"Valmyndigheten: Mandatfördelning riksdag, region- och kommunfullmäktige 2026 (xlsx)"
KF,2580,MP,Miljöpartiet de gröna,2,3,"Valmyndigheten: Mandatfördelning riksdag, region- och kommunfullmäktige 2026 (xlsx)"
KF,2580,M,Moderaterna,10,12,"Valmyndigheten: Mandatfördelning riksdag, region- och kommunfullmäktige 2026 (xlsx)"
KF,2580,Socialistiskt Alternativ tidigare Rättvisepartiet Socialisterna,Socialistiskt Alternativ tidigare Rättvisepartiet Socialisterna,2,2,"Valmyndigheten: Mandatfördelning riksdag, region- och kommunfullmäktige 2026 (xlsx)"
KF,2580,SD,Sverigedemokraterna,6,6,"Valmyndigheten: Mandatfördelning riksdag, region- och kommunfullmäktige 2026 (xlsx)"
KF,2580,V,Vänsterpartiet,6,4,"Valmyndigheten: Mandatfördelning riksdag, region- och kommunfullmäktige 2026 (xlsx)"
KF,1281,S,Arbetarepartiet-Socialdemokraterna,16,16,"Valmyndigheten: Mandatfördelning riksdag, region- och kommunfullmäktige 2026 (xlsx)"
KF,1281,C,Centerpartiet,3,3,"Valmyndigheten: Mandatfördelning riksdag, region- och kommunfullmäktige 2026 (xlsx)"
KF,1281,FörNyaLund,FörNyaLund,4,4,"Valmyndigheten: Mandatfördelning riksdag, region- och kommunfullmäktige 2026 (xlsx)"
KF,1281,KD,Kristdemokraterna,2,2,"Valmyndigheten: Mandatfördelning riksdag, region- och kommunfullmäktige 2026 (xlsx)"
KF,1281,L,Liberalerna (tidigare Folkpartiet),12,6,"Valmyndigheten: Mandatfördelning riksdag, region- och kommunfullmäktige 2026 (xlsx)"
KF,1281,MP,Miljöpartiet de gröna,6,9,"Valmyndigheten: Mandatfördelning riksdag, region- och kommunfullmäktige 2026 (xlsx)"
KF,1281,M,Moderaterna,9,13,"Valmyndigheten: Mandatfördelning riksdag, region- och kommunfullmäktige 2026 (xlsx)"
KF,1281,SD,Sverigedemokraterna,6,5,"Valmyndigheten: Mandatfördelning riksdag, region- och kommunfullmäktige 2026 (xlsx)"
KF,1281,V,Vänsterpartiet,7,7,"Valmyndigheten: Mandatfördelning riksdag, region- och kommunfullmäktige 2026 (xlsx)"
KF,2481,S,Arbetarepartiet-Socialdemokraterna,11,10,"Valmyndigheten: Mandatfördelning riksdag, region- och kommunfullmäktige 2026 (xlsx)"
KF,2481,C,Centerpartiet,1,1,"Valmyndigheten: Mandatfördelning riksdag, region- och kommunfullmäktige 2026 (xlsx)"
KF,2481,KD,Kristdemokraterna,10,12,"Valmyndigheten: Mandatfördelning riksdag, region- och kommunfullmäktige 2026 (xlsx)"
KF,2481,L,Liberalerna (tidigare Folkpartiet),1,1,"Valmyndigheten: Mandatfördelning riksdag, region- och kommunfullmäktige 2026 (xlsx)"
KF,2481,M,Moderaterna,4,3,"Valmyndigheten: Mandatfördelning riksdag, region- och kommunfullmäktige 2026 (xlsx)"
KF,2481,SD,Sverigedemokraterna,2,2,"Valmyndigheten: Mandatfördelning riksdag, region- och kommunfullmäktige 2026 (xlsx)"
KF,2481,V,Vänsterpartiet,2,2,"Valmyndigheten: Mandatfördelning riksdag, region- och kommunfullmäktige 2026 (xlsx)"
KF,1484,S,Arbetarepartiet-Socialdemokraterna,8,7,"Valmyndigheten: Mandatfördelning riksdag, region- och kommunfullmäktige 2026 (xlsx)"
KF,1484,C,Centerpartiet,1,2,"Valmyndigheten: Mandatfördelning riksdag, region- och kommunfullmäktige 2026 (xlsx)"
KF,1484,Kommunistiska Partiet,Kommunistiska Partiet,2,1,"Valmyndigheten: Mandatfördelning riksdag, region- och kommunfullmäktige 2026 (xlsx)"
KF,1484,KD,Kristdemokraterna,0,1,"Valmyndigheten: Mandatfördelning riksdag, region- och kommunfullmäktige 2026 (xlsx)"
KF,1484,L,Liberalerna (tidigare Folkpartiet),2,3,"Valmyndigheten: Mandatfördelning riksdag, region- och kommunfullmäktige 2026 (xlsx)"
KF,1484,Lysekilspartiet,Lysekilspartiet,5,3,"Valmyndigheten: Mandatfördelning riksdag, region- och kommunfullmäktige 2026 (xlsx)"
KF,1484,MP,Miljöpartiet de gröna,1,2,"Valmyndigheten: Mandatfördelning riksdag, region- och kommunfullmäktige 2026 (xlsx)"
KF,1484,M,Moderaterna,5,6,"Valmyndigheten: Mandatfördelning riksdag, region- och kommunfullmäktige 2026 (xlsx)"
KF,1484,SD,Sverigedemokraterna,5,5,"Valmyndigheten: Mandatfördelning riksdag, region- och kommunfullmäktige 2026 (xlsx)"
KF,1484,V,Vänsterpartiet,2,1,"Valmyndigheten: Mandatfördelning riksdag, region- och kommunfullmäktige 2026 (xlsx)"
KF,1280,S,Arbetarepartiet-Socialdemokraterna,20,19,"Valmyndigheten: Mandatfördelning riksdag, region- och kommunfullmäktige 2026 (xlsx)"
KF,1280,C,Centerpartiet,2,3,"Valmyndigheten: Mandatfördelning riksdag, region- och kommunfullmäktige 2026 (xlsx)"
KF,1280,L,Liberalerna (tidigare Folkpartiet),3,2,"Valmyndigheten: Mandatfördelning riksdag, region- och kommunfullmäktige 2026 (xlsx)"
KF,1280,Malmölistan,Malmölistan,0,2,"Valmyndigheten: Mandatfördelning riksdag, region- och kommunfullmäktige 2026 (xlsx)"
KF,1280,MP,Miljöpartiet de gröna,4,5,"Valmyndigheten: Mandatfördelning riksdag, region- och kommunfullmäktige 2026 (xlsx)"
KF,1280,M,Moderaterna,13,12,"Valmyndigheten: Mandatfördelning riksdag, region- och kommunfullmäktige 2026 (xlsx)"
KF,1280,SD,Sverigedemokraterna,10,7,"Valmyndigheten: Mandatfördelning riksdag, region- och kommunfullmäktige 2026 (xlsx)"
KF,1280,V,Vänsterpartiet,9,11,"Valmyndigheten: Mandatfördelning riksdag, region- och kommunfullmäktige 2026 (xlsx)"
KF,2023,S,Arbetarepartiet-Socialdemokraterna,14,14,"Valmyndigheten: Mandatfördelning riksdag, region- och kommunfullmäktige 2026 (xlsx)"
KF,2023,C,Centerpartiet,2,2,"Valmyndigheten: Mandatfördelning riksdag, region- och kommunfullmäktige 2026 (xlsx)"
KF,2023,KD,Kristdemokraterna,0,1,"Valmyndigheten: Mandatfördelning riksdag, region- och kommunfullmäktige 2026 (xlsx)"
KF,2023,Landsbygdspartiet Oberoende,Landsbygdspartiet Oberoende,4,1,"Valmyndigheten: Mandatfördelning riksdag, region- och kommunfullmäktige 2026 (xlsx)"
KF,2023,L,Liberalerna (tidigare Folkpartiet),1,1,"Valmyndigheten: Mandatfördelning riksdag, region- och kommunfullmäktige 2026 (xlsx)"
KF,2023,Lokalpartiet Malung-Sälen,Lokalpartiet Malung-Sälen,0,3,"Valmyndigheten: Mandatfördelning riksdag, region- och kommunfullmäktige 2026 (xlsx)"
KF,2023,M,Moderaterna,10,10,"Valmyndigheten: Mandatfördelning riksdag, region- och kommunfullmäktige 2026 (xlsx)"
KF,2023,SD,Sverigedemokraterna,6,7,"Valmyndigheten: Mandatfördelning riksdag, region- och kommunfullmäktige 2026 (xlsx)"
KF,2023,V,Vänsterpartiet,2,0,"Valmyndigheten: Mandatfördelning riksdag, region- och kommunfullmäktige 2026 (xlsx)"
KF,2418,S,Arbetarepartiet-Socialdemokraterna,7,8,"Valmyndigheten: Mandatfördelning riksdag, region- och kommunfullmäktige 2026 (xlsx)"
KF,2418,L,Liberalerna (tidigare Folkpartiet),4,5,"Valmyndigheten: Mandatfördelning riksdag, region- och kommunfullmäktige 2026 (xlsx)"
KF,2418,Malålistan,Malålistan,4,5,"Valmyndigheten: Mandatfördelning riksdag, region- och kommunfullmäktige 2026 (xlsx)"
KF,2418,MP,Miljöpartiet de gröna,0,1,"Valmyndigheten: Mandatfördelning riksdag, region- och kommunfullmäktige 2026 (xlsx)"
KF,2418,M,Moderaterna,1,2,"Valmyndigheten: Mandatfördelning riksdag, region- och kommunfullmäktige 2026 (xlsx)"
KF,2418,SD,Sverigedemokraterna,1,2,"Valmyndigheten: Mandatfördelning riksdag, region- och kommunfullmäktige 2026 (xlsx)"
KF,2418,V,Vänsterpartiet,8,2,"Valmyndigheten: Mandatfördelning riksdag, region- och kommunfullmäktige 2026 (xlsx)"
KF,1493,S,Arbetarepartiet-Socialdemokraterna,15,14,"Valmyndigheten: Mandatfördelning riksdag, region- och kommunfullmäktige 2026 (xlsx)"
KF,1493,C,Centerpartiet,3,3,"Valmyndigheten: Mandatfördelning riksdag, region- och kommunfullmäktige 2026 (xlsx)"
KF,1493,KD,Kristdemokraterna,1,2,"Valmyndigheten: Mandatfördelning riksdag, region- och kommunfullmäktige 2026 (xlsx)"
KF,1493,MP,Miljöpartiet de gröna,0,2,"Valmyndigheten: Mandatfördelning riksdag, region- och kommunfullmäktige 2026 (xlsx)"
KF,1493,M,Moderaterna,22,21,"Valmyndigheten: Mandatfördelning riksdag, region- och kommunfullmäktige 2026 (xlsx)"
KF,1493,SD,Sverigedemokraterna,5,4,"Valmyndigheten: Mandatfördelning riksdag, region- och kommunfullmäktige 2026 (xlsx)"
KF,1493,V,Vänsterpartiet,3,3,"Valmyndigheten: Mandatfördelning riksdag, region- och kommunfullmäktige 2026 (xlsx)"
KF,1463,S,Arbetarepartiet-Socialdemokraterna,15,13,"Valmyndigheten: Mandatfördelning riksdag, region- och kommunfullmäktige 2026 (xlsx)"
KF,1463,C,Centerpartiet,6,6,"Valmyndigheten: Mandatfördelning riksdag, region- och kommunfullmäktige 2026 (xlsx)"
KF,1463,KD,Kristdemokraterna,4,7,"Valmyndigheten: Mandatfördelning riksdag, region- och kommunfullmäktige 2026 (xlsx)"
KF,1463,L,Liberalerna (tidigare Folkpartiet),1,1,"Valmyndigheten: Mandatfördelning riksdag, region- och kommunfullmäktige 2026 (xlsx)"
KF,1463,MP,Miljöpartiet de gröna,1,2,"Valmyndigheten: Mandatfördelning riksdag, region- och kommunfullmäktige 2026 (xlsx)"
KF,1463,M,Moderaterna,10,10,"Valmyndigheten: Mandatfördelning riksdag, region- och kommunfullmäktige 2026 (xlsx)"
KF,1463,SD,Sverigedemokraterna,10,9,"Valmyndigheten: Mandatfördelning riksdag, region- och kommunfullmäktige 2026 (xlsx)"
KF,1463,V,Vänsterpartiet,4,3,"Valmyndigheten: Mandatfördelning riksdag, region- och kommunfullmäktige 2026 (xlsx)"
KF,0767,S,Arbetarepartiet-Socialdemokraterna,9,8,"Valmyndigheten: Mandatfördelning riksdag, region- och kommunfullmäktige 2026 (xlsx)"
KF,0767,C,Centerpartiet,2,2,"Valmyndigheten: Mandatfördelning riksdag, region- och kommunfullmäktige 2026 (xlsx)"
KF,0767,KD,Kristdemokraterna,13,13,"Valmyndigheten: Mandatfördelning riksdag, region- och kommunfullmäktige 2026 (xlsx)"
KF,0767,M,Moderaterna,3,5,"Valmyndigheten: Mandatfördelning riksdag, region- och kommunfullmäktige 2026 (xlsx)"
KF,0767,SD,Sverigedemokraterna,7,6,"Valmyndigheten: Mandatfördelning riksdag, region- och kommunfullmäktige 2026 (xlsx)"
KF,0767,V,Vänsterpartiet,1,1,"Valmyndigheten: Mandatfördelning riksdag, region- och kommunfullmäktige 2026 (xlsx)"
KF,1461,S,Arbetarepartiet-Socialdemokraterna,8,7,"Valmyndigheten: Mandatfördelning riksdag, region- och kommunfullmäktige 2026 (xlsx)"
KF,1461,C,Centerpartiet,5,3,"Valmyndigheten: Mandatfördelning riksdag, region- och kommunfullmäktige 2026 (xlsx)"
KF,1461,KommunPartiet Mellerud,KommunPartiet Mellerud,2,2,"Valmyndigheten: Mandatfördelning riksdag, region- och kommunfullmäktige 2026 (xlsx)"
KF,1461,KD,Kristdemokraterna,2,1,"Valmyndigheten: Mandatfördelning riksdag, region- och kommunfullmäktige 2026 (xlsx)"
KF,1461,MP,Miljöpartiet de gröna,0,1,"Valmyndigheten: Mandatfördelning riksdag, region- och kommunfullmäktige 2026 (xlsx)"
KF,1461,M,Moderaterna,6,10,"Valmyndigheten: Mandatfördelning riksdag, region- och kommunfullmäktige 2026 (xlsx)"
KF,1461,SD,Sverigedemokraterna,7,6,"Valmyndigheten: Mandatfördelning riksdag, region- och kommunfullmäktige 2026 (xlsx)"
KF,1461,V,Vänsterpartiet,1,1,"Valmyndigheten: Mandatfördelning riksdag, region- och kommunfullmäktige 2026 (xlsx)"
KF,0586,S,Arbetarepartiet-Socialdemokraterna,14,13,"Valmyndigheten: Mandatfördelning riksdag, region- och kommunfullmäktige 2026 (xlsx)"
KF,0586,C,Centerpartiet,3,3,"Valmyndigheten: Mandatfördelning riksdag, region- och kommunfullmäktige 2026 (xlsx)"
KF,0586,KD,Kristdemokraterna,3,3,"Valmyndigheten: Mandatfördelning riksdag, region- och kommunfullmäktige 2026 (xlsx)"
KF,0586,L,Liberalerna (tidigare Folkpartiet),4,3,"Valmyndigheten: Mandatfördelning riksdag, region- och kommunfullmäktige 2026 (xlsx)"
KF,0586,MP,Miljöpartiet de gröna,1,1,"Valmyndigheten: Mandatfördelning riksdag, region- och kommunfullmäktige 2026 (xlsx)"
KF,0586,M,Moderaterna,9,11,"Valmyndigheten: Mandatfördelning riksdag, region- och kommunfullmäktige 2026 (xlsx)"
KF,0586,SD,Sverigedemokraterna,8,9,"Valmyndigheten: Mandatfördelning riksdag, region- och kommunfullmäktige 2026 (xlsx)"
KF,0586,V,Vänsterpartiet,3,2,"Valmyndigheten: Mandatfördelning riksdag, region- och kommunfullmäktige 2026 (xlsx)"
KF,2062,S,Arbetarepartiet-Socialdemokraterna,10,10,"Valmyndigheten: Mandatfördelning riksdag, region- och kommunfullmäktige 2026 (xlsx)"
KF,2062,C,Centerpartiet,9,6,"Valmyndigheten: Mandatfördelning riksdag, region- och kommunfullmäktige 2026 (xlsx)"
KF,2062,KD,Kristdemokraterna,2,3,"Valmyndigheten: Mandatfördelning riksdag, region- och kommunfullmäktige 2026 (xlsx)"
KF,2062,MP,Miljöpartiet de gröna,0,1,"Valmyndigheten: Mandatfördelning riksdag, region- och kommunfullmäktige 2026 (xlsx)"
KF,2062,M,Moderaterna,5,6,"Valmyndigheten: Mandatfördelning riksdag, region- och kommunfullmäktige 2026 (xlsx)"
KF,2062,Morapartiet,Morapartiet,8,8,"Valmyndigheten: Mandatfördelning riksdag, region- och kommunfullmäktige 2026 (xlsx)"
KF,2062,SD,Sverigedemokraterna,5,5,"Valmyndigheten: Mandatfördelning riksdag, region- och kommunfullmäktige 2026 (xlsx)"
KF,2062,V,Vänsterpartiet,2,2,"Valmyndigheten: Mandatfördelning riksdag, region- och kommunfullmäktige 2026 (xlsx)"
KF,0583,S,Arbetarepartiet-Socialdemokraterna,20,21,"Valmyndigheten: Mandatfördelning riksdag, region- och kommunfullmäktige 2026 (xlsx)"
KF,0583,C,Centerpartiet,3,4,"Valmyndigheten: Mandatfördelning riksdag, region- och kommunfullmäktige 2026 (xlsx)"
KF,0583,KD,Kristdemokraterna,3,3,"Valmyndigheten: Mandatfördelning riksdag, region- och kommunfullmäktige 2026 (xlsx)"
KF,0583,L,Liberalerna (tidigare Folkpartiet),2,2,"Valmyndigheten: Mandatfördelning riksdag, region- och kommunfullmäktige 2026 (xlsx)"
KF,0583,MP,Miljöpartiet de gröna,1,2,"Valmyndigheten: Mandatfördelning riksdag, region- och kommunfullmäktige 2026 (xlsx)"
KF,0583,M,Moderaterna,15,13,"Valmyndigheten: Mandatfördelning riksdag, region- och kommunfullmäktige 2026 (xlsx)"
KF,0583,SD,Sverigedemokraterna,10,9,"Valmyndigheten: Mandatfördelning riksdag, region- och kommunfullmäktige 2026 (xlsx)"
KF,0583,V,Vänsterpartiet,3,3,"Valmyndigheten: Mandatfördelning riksdag, region- och kommunfullmäktige 2026 (xlsx)"
KF,0642,S,Arbetarepartiet-Socialdemokraterna,8,7,"Valmyndigheten: Mandatfördelning riksdag, region- och kommunfullmäktige 2026 (xlsx)"
KF,0642,C,Centerpartiet,1,1,"Valmyndigheten: Mandatfördelning riksdag, region- och kommunfullmäktige 2026 (xlsx)"
KF,0642,KD,Kristdemokraterna,6,6,"Valmyndigheten: Mandatfördelning riksdag, region- och kommunfullmäktige 2026 (xlsx)"
KF,0642,L,Liberalerna (tidigare Folkpartiet),1,1,"Valmyndigheten: Mandatfördelning riksdag, region- och kommunfullmäktige 2026 (xlsx)"
KF,0642,Medborgerlig Samling,Medborgerlig Samling,0,1,"Valmyndigheten: Mandatfördelning riksdag, region- och kommunfullmäktige 2026 (xlsx)"
KF,0642,MP,Miljöpartiet de gröna,1,1,"Valmyndigheten: Mandatfördelning riksdag, region- och kommunfullmäktige 2026 (xlsx)"
KF,0642,M,Moderaterna,7,6,"Valmyndigheten: Mandatfördelning riksdag, region- och kommunfullmäktige 2026 (xlsx)"
KF,0642,SD,Sverigedemokraterna,5,6,"Valmyndigheten: Mandatfördelning riksdag, region- och kommunfullmäktige 2026 (xlsx)"
KF,0642,V,Vänsterpartiet,2,2,"Valmyndigheten: Mandatfördelning riksdag, region- och kommunfullmäktige 2026 (xlsx)"
KF,1430,Ansvar i samverkan,Ansvar i samverkan,0,5,"Valmyndigheten: Mandatfördelning riksdag, region- och kommunfullmäktige 2026 (xlsx)"
KF,1430,S,Arbetarepartiet-Socialdemokraterna,9,8,"Valmyndigheten: Mandatfördelning riksdag, region- och kommunfullmäktige 2026 (xlsx)"
KF,1430,C,Centerpartiet,3,3,"Valmyndigheten: Mandatfördelning riksdag, region- och kommunfullmäktige 2026 (xlsx)"
KF,1430,KD,Kristdemokraterna,3,1,"Valmyndigheten: Mandatfördelning riksdag, region- och kommunfullmäktige 2026 (xlsx)"
KF,1430,L,Liberalerna (tidigare Folkpartiet),1,0,"Valmyndigheten: Mandatfördelning riksdag, region- och kommunfullmäktige 2026 (xlsx)"
KF,1430,MP,Miljöpartiet de gröna,0,1,"Valmyndigheten: Mandatfördelning riksdag, region- och kommunfullmäktige 2026 (xlsx)"
KF,1430,M,Moderaterna,5,5,"Valmyndigheten: Mandatfördelning riksdag, region- och kommunfullmäktige 2026 (xlsx)"
KF,1430,SD,Sverigedemokraterna,12,10,"Valmyndigheten: Mandatfördelning riksdag, region- och kommunfullmäktige 2026 (xlsx)"
KF,1430,V,Vänsterpartiet,2,2,"Valmyndigheten: Mandatfördelning riksdag, region- och kommunfullmäktige 2026 (xlsx)"
KF,1762,S,Arbetarepartiet-Socialdemokraterna,13,12,"Valmyndigheten: Mandatfördelning riksdag, region- och kommunfullmäktige 2026 (xlsx)"
KF,1762,C,Centerpartiet,2,2,"Valmyndigheten: Mandatfördelning riksdag, region- och kommunfullmäktige 2026 (xlsx)"
KF,1762,M,Moderaterna,1,3,"Valmyndigheten: Mandatfördelning riksdag, region- och kommunfullmäktige 2026 (xlsx)"
KF,1762,SD,Sverigedemokraterna,3,2,"Valmyndigheten: Mandatfördelning riksdag, region- och kommunfullmäktige 2026 (xlsx)"
KF,1762,V,Vänsterpartiet,2,2,"Valmyndigheten: Mandatfördelning riksdag, region- och kommunfullmäktige 2026 (xlsx)"
KF,1481,S,Arbetarepartiet-Socialdemokraterna,17,17,"Valmyndigheten: Mandatfördelning riksdag, region- och kommunfullmäktige 2026 (xlsx)"
KF,1481,C,Centerpartiet,4,5,"Valmyndigheten: Mandatfördelning riksdag, region- och kommunfullmäktige 2026 (xlsx)"
KF,1481,KD,Kristdemokraterna,3,3,"Valmyndigheten: Mandatfördelning riksdag, region- och kommunfullmäktige 2026 (xlsx)"
KF,1481,L,Liberalerna (tidigare Folkpartiet),5,3,"Valmyndigheten: Mandatfördelning riksdag, region- och kommunfullmäktige 2026 (xlsx)"
KF,1481,MP,Miljöpartiet de gröna,4,5,"Valmyndigheten: Mandatfördelning riksdag, region- och kommunfullmäktige 2026 (xlsx)"
KF,1481,M,Moderaterna,14,14,"Valmyndigheten: Mandatfördelning riksdag, region- och kommunfullmäktige 2026 (xlsx)"
KF,1481,Mölndalslistan,Mölndalslistan,0,1,"Valmyndigheten: Mandatfördelning riksdag, region- och kommunfullmäktige 2026 (xlsx)"
KF,1481,SD,Sverigedemokraterna,9,8,"Valmyndigheten: Mandatfördelning riksdag, region- och kommunfullmäktige 2026 (xlsx)"
KF,1481,V,Vänsterpartiet,5,5,"Valmyndigheten: Mandatfördelning riksdag, region- och kommunfullmäktige 2026 (xlsx)"
KF,0861,S,Arbetarepartiet-Socialdemokraterna,17,22,"Valmyndigheten: Mandatfördelning riksdag, region- och kommunfullmäktige 2026 (xlsx)"
KF,0861,C,Centerpartiet,12,5,"Valmyndigheten: Mandatfördelning riksdag, region- och kommunfullmäktige 2026 (xlsx)"
KF,0861,KD,Kristdemokraterna,4,4,"Valmyndigheten: Mandatfördelning riksdag, region- och kommunfullmäktige 2026 (xlsx)"
KF,0861,L,Liberalerna (tidigare Folkpartiet),1,1,"Valmyndigheten: Mandatfördelning riksdag, region- och kommunfullmäktige 2026 (xlsx)"
KF,0861,M,Moderaterna,4,4,"Valmyndigheten: Mandatfördelning riksdag, region- och kommunfullmäktige 2026 (xlsx)"
KF,0861,SD,Sverigedemokraterna,9,11,"Valmyndigheten: Mandatfördelning riksdag, region- och kommunfullmäktige 2026 (xlsx)"
KF,0861,V,Vänsterpartiet,2,2,"Valmyndigheten: Mandatfördelning riksdag, region- och kommunfullmäktige 2026 (xlsx)"
KF,0840,S,Arbetarepartiet-Socialdemokraterna,14,11,"Valmyndigheten: Mandatfördelning riksdag, region- och kommunfullmäktige 2026 (xlsx)"
KF,0840,C,Centerpartiet,6,6,"Valmyndigheten: Mandatfördelning riksdag, region- och kommunfullmäktige 2026 (xlsx)"
KF,0840,KD,Kristdemokraterna,3,2,"Valmyndigheten: Mandatfördelning riksdag, region- och kommunfullmäktige 2026 (xlsx)"
KF,0840,L,Liberalerna (tidigare Folkpartiet),1,0,"Valmyndigheten: Mandatfördelning riksdag, region- och kommunfullmäktige 2026 (xlsx)"
KF,0840,MP,Miljöpartiet de gröna,0,3,"Valmyndigheten: Mandatfördelning riksdag, region- och kommunfullmäktige 2026 (xlsx)"
KF,0840,M,Moderaterna,11,13,"Valmyndigheten: Mandatfördelning riksdag, region- och kommunfullmäktige 2026 (xlsx)"
KF,0840,SD,Sverigedemokraterna,6,6,"Valmyndigheten: Mandatfördelning riksdag, region- och kommunfullmäktige 2026 (xlsx)"
KF,0840,V,Vänsterpartiet,2,2,"Valmyndigheten: Mandatfördelning riksdag, region- och kommunfullmäktige 2026 (xlsx)"
KF,0182,S,Arbetarepartiet-Socialdemokraterna,13,12,"Valmyndigheten: Mandatfördelning riksdag, region- och kommunfullmäktige 2026 (xlsx)"
KF,0182,C,Centerpartiet,5,5,"Valmyndigheten: Mandatfördelning riksdag, region- och kommunfullmäktige 2026 (xlsx)"
KF,0182,KD,Kristdemokraterna,2,3,"Valmyndigheten: Mandatfördelning riksdag, region- och kommunfullmäktige 2026 (xlsx)"
KF,0182,L,Liberalerna (tidigare Folkpartiet),3,2,"Valmyndigheten: Mandatfördelning riksdag, region- och kommunfullmäktige 2026 (xlsx)"
KF,0182,MP,Miljöpartiet de gröna,3,4,"Valmyndigheten: Mandatfördelning riksdag, region- och kommunfullmäktige 2026 (xlsx)"
KF,0182,M,Moderaterna,20,20,"Valmyndigheten: Mandatfördelning riksdag, region- och kommunfullmäktige 2026 (xlsx)"
KF,0182,Nackalistan,Nackalistan,7,7,"Valmyndigheten: Mandatfördelning riksdag, region- och kommunfullmäktige 2026 (xlsx)"
KF,0182,SD,Sverigedemokraterna,4,4,"Valmyndigheten: Mandatfördelning riksdag, region- och kommunfullmäktige 2026 (xlsx)"
KF,0182,V,Vänsterpartiet,4,4,"Valmyndigheten: Mandatfördelning riksdag, region- och kommunfullmäktige 2026 (xlsx)"
KF,1884,S,Arbetarepartiet-Socialdemokraterna,11,10,"Valmyndigheten: Mandatfördelning riksdag, region- och kommunfullmäktige 2026 (xlsx)"
KF,1884,C,Centerpartiet,2,2,"Valmyndigheten: Mandatfördelning riksdag, region- och kommunfullmäktige 2026 (xlsx)"
KF,1884,KD,Kristdemokraterna,1,1,"Valmyndigheten: Mandatfördelning riksdag, region- och kommunfullmäktige 2026 (xlsx)"
KF,1884,Landsbygdspartiet Oberoende,Landsbygdspartiet Oberoende,5,4,"Valmyndigheten: Mandatfördelning riksdag, region- och kommunfullmäktige 2026 (xlsx)"
KF,1884,MP,Miljöpartiet de gröna,1,2,"Valmyndigheten: Mandatfördelning riksdag, region- och kommunfullmäktige 2026 (xlsx)"
KF,1884,M,Moderaterna,6,7,"Valmyndigheten: Mandatfördelning riksdag, region- och kommunfullmäktige 2026 (xlsx)"
KF,1884,Norapartiet,Norapartiet,3,3,"Valmyndigheten: Mandatfördelning riksdag, region- och kommunfullmäktige 2026 (xlsx)"
KF,1884,SD,Sverigedemokraterna,4,4,"Valmyndigheten: Mandatfördelning riksdag, region- och kommunfullmäktige 2026 (xlsx)"
KF,1884,V,Vänsterpartiet,2,2,"Valmyndigheten: Mandatfördelning riksdag, region- och kommunfullmäktige 2026 (xlsx)"
KF,1962,S,Arbetarepartiet-Socialdemokraterna,13,7,"Valmyndigheten: Mandatfördelning riksdag, region- och kommunfullmäktige 2026 (xlsx)"
KF,1962,Demokraterna i Norberg,Demokraterna i Norberg,7,4,"Valmyndigheten: Mandatfördelning riksdag, region- och kommunfullmäktige 2026 (xlsx)"
KF,1962,L,Liberalerna (tidigare Folkpartiet),2,2,"Valmyndigheten: Mandatfördelning riksdag, region- och kommunfullmäktige 2026 (xlsx)"
KF,1962,MP,Miljöpartiet de gröna,0,1,"Valmyndigheten: Mandatfördelning riksdag, region- och kommunfullmäktige 2026 (xlsx)"
KF,1962,M,Moderaterna,4,3,"Valmyndigheten: Mandatfördelning riksdag, region- och kommunfullmäktige 2026 (xlsx)"
KF,1962,Partiet för Norbergs Framtid,Partiet för Norbergs Framtid,2,0,"Valmyndigheten: Mandatfördelning riksdag, region- och kommunfullmäktige 2026 (xlsx)"
KF,1962,SD,Sverigedemokraterna,0,2,"Valmyndigheten: Mandatfördelning riksdag, region- och kommunfullmäktige 2026 (xlsx)"
KF,1962,V,Vänsterpartiet,3,2,"Valmyndigheten: Mandatfördelning riksdag, region- och kommunfullmäktige 2026 (xlsx)"
KF,2132,S,Arbetarepartiet-Socialdemokraterna,9,9,"Valmyndigheten: Mandatfördelning riksdag, region- och kommunfullmäktige 2026 (xlsx)"
KF,2132,C,Centerpartiet,3,4,"Valmyndigheten: Mandatfördelning riksdag, region- och kommunfullmäktige 2026 (xlsx)"
KF,2132,KD,Kristdemokraterna,1,1,"Valmyndigheten: Mandatfördelning riksdag, region- och kommunfullmäktige 2026 (xlsx)"
KF,2132,L,Liberalerna (tidigare Folkpartiet),1,0,"Valmyndigheten: Mandatfördelning riksdag, region- och kommunfullmäktige 2026 (xlsx)"
KF,2132,M,Moderaterna,6,7,"Valmyndigheten: Mandatfördelning riksdag, region- och kommunfullmäktige 2026 (xlsx)"
KF,2132,nordanstigspartiet.se,nordanstigspartiet.se,3,2,"Valmyndigheten: Mandatfördelning riksdag, region- och kommunfullmäktige 2026 (xlsx)"
KF,2132,SD,Sverigedemokraterna,5,6,"Valmyndigheten: Mandatfördelning riksdag, region- och kommunfullmäktige 2026 (xlsx)"
KF,2132,V,Vänsterpartiet,3,2,"Valmyndigheten: Mandatfördelning riksdag, region- och kommunfullmäktige 2026 (xlsx)"
KF,2401,S,Arbetarepartiet-Socialdemokraterna,8,8,"Valmyndigheten: Mandatfördelning riksdag, region- och kommunfullmäktige 2026 (xlsx)"
KF,2401,C,Centerpartiet,10,8,"Valmyndigheten: Mandatfördelning riksdag, region- och kommunfullmäktige 2026 (xlsx)"
KF,2401,KD,Kristdemokraterna,2,5,"Valmyndigheten: Mandatfördelning riksdag, region- och kommunfullmäktige 2026 (xlsx)"
KF,2401,L,Liberalerna (tidigare Folkpartiet),2,1,"Valmyndigheten: Mandatfördelning riksdag, region- och kommunfullmäktige 2026 (xlsx)"
KF,2401,MP,Miljöpartiet de gröna,0,1,"Valmyndigheten: Mandatfördelning riksdag, region- och kommunfullmäktige 2026 (xlsx)"
KF,2401,M,Moderaterna,3,3,"Valmyndigheten: Mandatfördelning riksdag, region- och kommunfullmäktige 2026 (xlsx)"
KF,2401,SD,Sverigedemokraterna,3,3,"Valmyndigheten: Mandatfördelning riksdag, region- och kommunfullmäktige 2026 (xlsx)"
KF,2401,V,Vänsterpartiet,3,2,"Valmyndigheten: Mandatfördelning riksdag, region- och kommunfullmäktige 2026 (xlsx)"
KF,0581,S,Arbetarepartiet-Socialdemokraterna,25,27,"Valmyndigheten: Mandatfördelning riksdag, region- och kommunfullmäktige 2026 (xlsx)"
KF,0581,C,Centerpartiet,4,4,"Valmyndigheten: Mandatfördelning riksdag, region- och kommunfullmäktige 2026 (xlsx)"
KF,0581,KD,Kristdemokraterna,5,5,"Valmyndigheten: Mandatfördelning riksdag, region- och kommunfullmäktige 2026 (xlsx)"
KF,0581,L,Liberalerna (tidigare Folkpartiet),4,4,"Valmyndigheten: Mandatfördelning riksdag, region- och kommunfullmäktige 2026 (xlsx)"
KF,0581,MP,Miljöpartiet de gröna,3,4,"Valmyndigheten: Mandatfördelning riksdag, region- och kommunfullmäktige 2026 (xlsx)"
KF,0581,M,Moderaterna,21,18,"Valmyndigheten: Mandatfördelning riksdag, region- och kommunfullmäktige 2026 (xlsx)"
KF,0581,SD,Sverigedemokraterna,15,15,"Valmyndigheten: Mandatfördelning riksdag, region- och kommunfullmäktige 2026 (xlsx)"
KF,0581,V,Vänsterpartiet,8,8,"Valmyndigheten: Mandatfördelning riksdag, region- och kommunfullmäktige 2026 (xlsx)"
KF,0188,S,Arbetarepartiet-Socialdemokraterna,18,17,"Valmyndigheten: Mandatfördelning riksdag, region- och kommunfullmäktige 2026 (xlsx)"
KF,0188,C,Centerpartiet,4,5,"Valmyndigheten: Mandatfördelning riksdag, region- och kommunfullmäktige 2026 (xlsx)"
KF,0188,KD,Kristdemokraterna,2,3,"Valmyndigheten: Mandatfördelning riksdag, region- och kommunfullmäktige 2026 (xlsx)"
KF,0188,L,Liberalerna (tidigare Folkpartiet),4,3,"Valmyndigheten: Mandatfördelning riksdag, region- och kommunfullmäktige 2026 (xlsx)"
KF,0188,MP,Miljöpartiet de gröna,2,3,"Valmyndigheten: Mandatfördelning riksdag, region- och kommunfullmäktige 2026 (xlsx)"
KF,0188,M,Moderaterna,16,13,"Valmyndigheten: Mandatfördelning riksdag, region- och kommunfullmäktige 2026 (xlsx)"
KF,0188,SD,Sverigedemokraterna,12,14,"Valmyndigheten: Mandatfördelning riksdag, region- och kommunfullmäktige 2026 (xlsx)"
KF,0188,V,Vänsterpartiet,3,3,"Valmyndigheten: Mandatfördelning riksdag, region- och kommunfullmäktige 2026 (xlsx)"
KF,2417,S,Arbetarepartiet-Socialdemokraterna,12,11,"Valmyndigheten: Mandatfördelning riksdag, region- och kommunfullmäktige 2026 (xlsx)"
KF,2417,C,Centerpartiet,0,1,"Valmyndigheten: Mandatfördelning riksdag, region- och kommunfullmäktige 2026 (xlsx)"
KF,2417,KD,Kristdemokraterna,5,4,"Valmyndigheten: Mandatfördelning riksdag, region- och kommunfullmäktige 2026 (xlsx)"
KF,2417,L,Liberalerna (tidigare Folkpartiet),2,1,"Valmyndigheten: Mandatfördelning riksdag, region- och kommunfullmäktige 2026 (xlsx)"
KF,2417,M,Moderaterna,5,7,"Valmyndigheten: Mandatfördelning riksdag, region- och kommunfullmäktige 2026 (xlsx)"
KF,2417,SD,Sverigedemokraterna,1,1,"Valmyndigheten: Mandatfördelning riksdag, region- och kommunfullmäktige 2026 (xlsx)"
KF,2417,V,Vänsterpartiet,2,2,"Valmyndigheten: Mandatfördelning riksdag, region- och kommunfullmäktige 2026 (xlsx)"
KF,0881,S,Arbetarepartiet-Socialdemokraterna,13,10,"Valmyndigheten: Mandatfördelning riksdag, region- och kommunfullmäktige 2026 (xlsx)"
KF,0881,C,Centerpartiet,7,5,"Valmyndigheten: Mandatfördelning riksdag, region- och kommunfullmäktige 2026 (xlsx)"
KF,0881,KD,Kristdemokraterna,3,3,"Valmyndigheten: Mandatfördelning riksdag, region- och kommunfullmäktige 2026 (xlsx)"
KF,0881,L,Liberalerna (tidigare Folkpartiet),1,1,"Valmyndigheten: Mandatfördelning riksdag, region- och kommunfullmäktige 2026 (xlsx)"
KF,0881,M,Moderaterna,7,8,"Valmyndigheten: Mandatfördelning riksdag, region- och kommunfullmäktige 2026 (xlsx)"
KF,0881,Nybro Landsbygds- & Stadsparti,Nybro Landsbygds- & Stadsparti,0,2,"Valmyndigheten: Mandatfördelning riksdag, region- och kommunfullmäktige 2026 (xlsx)"
KF,0881,SD,Sverigedemokraterna,8,8,"Valmyndigheten: Mandatfördelning riksdag, region- och kommunfullmäktige 2026 (xlsx)"
KF,0881,V,Vänsterpartiet,2,4,"Valmyndigheten: Mandatfördelning riksdag, region- och kommunfullmäktige 2026 (xlsx)"
KF,0140,S,Arbetarepartiet-Socialdemokraterna,8,5,"Valmyndigheten: Mandatfördelning riksdag, region- och kommunfullmäktige 2026 (xlsx)"
KF,0140,C,Centerpartiet,2,1,"Valmyndigheten: Mandatfördelning riksdag, region- och kommunfullmäktige 2026 (xlsx)"
KF,0140,KD,Kristdemokraterna,1,2,"Valmyndigheten: Mandatfördelning riksdag, region- och kommunfullmäktige 2026 (xlsx)"
KF,0140,L,Liberalerna (tidigare Folkpartiet),1,1,"Valmyndigheten: Mandatfördelning riksdag, region- och kommunfullmäktige 2026 (xlsx)"
KF,0140,MP,Miljöpartiet de gröna,1,1,"Valmyndigheten: Mandatfördelning riksdag, region- och kommunfullmäktige 2026 (xlsx)"
KF,0140,M,Moderaterna,7,9,"Valmyndigheten: Mandatfördelning riksdag, region- och kommunfullmäktige 2026 (xlsx)"
KF,0140,Nykvarnspartiet,Nykvarnspartiet,5,4,"Valmyndigheten: Mandatfördelning riksdag, region- och kommunfullmäktige 2026 (xlsx)"
KF,0140,SD,Sverigedemokraterna,6,7,"Valmyndigheten: Mandatfördelning riksdag, region- och kommunfullmäktige 2026 (xlsx)"
KF,0140,V,Vänsterpartiet,0,1,"Valmyndigheten: Mandatfördelning riksdag, region- och kommunfullmäktige 2026 (xlsx)"
KF,0480,S,Arbetarepartiet-Socialdemokraterna,20,20,"Valmyndigheten: Mandatfördelning riksdag, region- och kommunfullmäktige 2026 (xlsx)"
KF,0480,C,Centerpartiet,4,4,"Valmyndigheten: Mandatfördelning riksdag, region- och kommunfullmäktige 2026 (xlsx)"
KF,0480,KD,Kristdemokraterna,3,3,"Valmyndigheten: Mandatfördelning riksdag, region- och kommunfullmäktige 2026 (xlsx)"
KF,0480,L,Liberalerna (tidigare Folkpartiet),2,2,"Valmyndigheten: Mandatfördelning riksdag, region- och kommunfullmäktige 2026 (xlsx)"
KF,0480,MP,Miljöpartiet de gröna,3,4,"Valmyndigheten: Mandatfördelning riksdag, region- och kommunfullmäktige 2026 (xlsx)"
KF,0480,M,Moderaterna,15,15,"Valmyndigheten: Mandatfördelning riksdag, region- och kommunfullmäktige 2026 (xlsx)"
KF,0480,SD,Sverigedemokraterna,10,9,"Valmyndigheten: Mandatfördelning riksdag, region- och kommunfullmäktige 2026 (xlsx)"
KF,0480,V,Vänsterpartiet,4,4,"Valmyndigheten: Mandatfördelning riksdag, region- och kommunfullmäktige 2026 (xlsx)"
KF,0192,S,Arbetarepartiet-Socialdemokraterna,12,12,"Valmyndigheten: Mandatfördelning riksdag, region- och kommunfullmäktige 2026 (xlsx)"
KF,0192,C,Centerpartiet,2,2,"Valmyndigheten: Mandatfördelning riksdag, region- och kommunfullmäktige 2026 (xlsx)"
KF,0192,KD,Kristdemokraterna,2,2,"Valmyndigheten: Mandatfördelning riksdag, region- och kommunfullmäktige 2026 (xlsx)"
KF,0192,L,Liberalerna (tidigare Folkpartiet),2,1,"Valmyndigheten: Mandatfördelning riksdag, region- och kommunfullmäktige 2026 (xlsx)"
KF,0192,MP,Miljöpartiet de gröna,2,2,"Valmyndigheten: Mandatfördelning riksdag, region- och kommunfullmäktige 2026 (xlsx)"
KF,0192,M,Moderaterna,9,9,"Valmyndigheten: Mandatfördelning riksdag, region- och kommunfullmäktige 2026 (xlsx)"
KF,0192,Pensionärspartiet i Nynäshamns kommun,Pensionärspartiet i Nynäshamns kommun,1,1,"Valmyndigheten: Mandatfördelning riksdag, region- och kommunfullmäktige 2026 (xlsx)"
KF,0192,Sorundanet Nynäshamns kommunparti,Sorundanet Nynäshamns kommunparti,2,3,"Valmyndigheten: Mandatfördelning riksdag, region- och kommunfullmäktige 2026 (xlsx)"
KF,0192,SD,Sverigedemokraterna,7,7,"Valmyndigheten: Mandatfördelning riksdag, region- och kommunfullmäktige 2026 (xlsx)"
KF,0192,V,Vänsterpartiet,2,2,"Valmyndigheten: Mandatfördelning riksdag, region- och kommunfullmäktige 2026 (xlsx)"
KF,0682,S,Arbetarepartiet-Socialdemokraterna,15,14,"Valmyndigheten: Mandatfördelning riksdag, region- och kommunfullmäktige 2026 (xlsx)"
KF,0682,C,Centerpartiet,4,3,"Valmyndigheten: Mandatfördelning riksdag, region- och kommunfullmäktige 2026 (xlsx)"
KF,0682,KD,Kristdemokraterna,6,7,"Valmyndigheten: Mandatfördelning riksdag, region- och kommunfullmäktige 2026 (xlsx)"
KF,0682,L,Liberalerna (tidigare Folkpartiet),3,2,"Valmyndigheten: Mandatfördelning riksdag, region- och kommunfullmäktige 2026 (xlsx)"
KF,0682,MP,Miljöpartiet de gröna,1,2,"Valmyndigheten: Mandatfördelning riksdag, region- och kommunfullmäktige 2026 (xlsx)"
KF,0682,M,Moderaterna,7,8,"Valmyndigheten: Mandatfördelning riksdag, region- och kommunfullmäktige 2026 (xlsx)"
KF,0682,SAFE - Solidaritet Arbete Fred Ekologi,SAFE - Solidaritet Arbete Fred Ekologi,3,3,"Valmyndigheten: Mandatfördelning riksdag, region- och kommunfullmäktige 2026 (xlsx)"
KF,0682,SD,Sverigedemokraterna,16,15,"Valmyndigheten: Mandatfördelning riksdag, region- och kommunfullmäktige 2026 (xlsx)"
KF,0682,V,Vänsterpartiet,2,3,"Valmyndigheten: Mandatfördelning riksdag, region- och kommunfullmäktige 2026 (xlsx)"
KF,2101,S,Arbetarepartiet-Socialdemokraterna,13,11,"Valmyndigheten: Mandatfördelning riksdag, region- och kommunfullmäktige 2026 (xlsx)"
KF,2101,C,Centerpartiet,4,5,"Valmyndigheten: Mandatfördelning riksdag, region- och kommunfullmäktige 2026 (xlsx)"
KF,2101,KD,Kristdemokraterna,1,4,"Valmyndigheten: Mandatfördelning riksdag, region- och kommunfullmäktige 2026 (xlsx)"
KF,2101,MP,Miljöpartiet de gröna,1,1,"Valmyndigheten: Mandatfördelning riksdag, region- och kommunfullmäktige 2026 (xlsx)"
KF,2101,M,Moderaterna,2,3,"Valmyndigheten: Mandatfördelning riksdag, region- och kommunfullmäktige 2026 (xlsx)"
KF,2101,SD,Sverigedemokraterna,9,6,"Valmyndigheten: Mandatfördelning riksdag, region- och kommunfullmäktige 2026 (xlsx)"
KF,2101,V,Vänsterpartiet,1,1,"Valmyndigheten: Mandatfördelning riksdag, region- och kommunfullmäktige 2026 (xlsx)"
KF,1060,S,Arbetarepartiet-Socialdemokraterna,19,15,"Valmyndigheten: Mandatfördelning riksdag, region- och kommunfullmäktige 2026 (xlsx)"
KF,1060,C,Centerpartiet,6,6,"Valmyndigheten: Mandatfördelning riksdag, region- och kommunfullmäktige 2026 (xlsx)"
KF,1060,KD,Kristdemokraterna,2,2,"Valmyndigheten: Mandatfördelning riksdag, region- och kommunfullmäktige 2026 (xlsx)"
KF,1060,M,Moderaterna,6,14,"Valmyndigheten: Mandatfördelning riksdag, region- och kommunfullmäktige 2026 (xlsx)"
KF,1060,SD,Sverigedemokraterna,13,9,"Valmyndigheten: Mandatfördelning riksdag, region- och kommunfullmäktige 2026 (xlsx)"
KF,1060,V,Vänsterpartiet,3,3,"Valmyndigheten: Mandatfördelning riksdag, region- och kommunfullmäktige 2026 (xlsx)"
KF,2034,S,Arbetarepartiet-Socialdemokraterna,7,7,"Valmyndigheten: Mandatfördelning riksdag, region- och kommunfullmäktige 2026 (xlsx)"
KF,2034,C,Centerpartiet,11,10,"Valmyndigheten: Mandatfördelning riksdag, region- och kommunfullmäktige 2026 (xlsx)"
KF,2034,KD,Kristdemokraterna,2,1,"Valmyndigheten: Mandatfördelning riksdag, region- och kommunfullmäktige 2026 (xlsx)"
KF,2034,MP,Miljöpartiet de gröna,1,1,"Valmyndigheten: Mandatfördelning riksdag, region- och kommunfullmäktige 2026 (xlsx)"
KF,2034,M,Moderaterna,3,4,"Valmyndigheten: Mandatfördelning riksdag, region- och kommunfullmäktige 2026 (xlsx)"
KF,2034,SD,Sverigedemokraterna,5,6,"Valmyndigheten: Mandatfördelning riksdag, region- och kommunfullmäktige 2026 (xlsx)"
KF,2034,V,Vänsterpartiet,2,2,"Valmyndigheten: Mandatfördelning riksdag, region- och kommunfullmäktige 2026 (xlsx)"
KF,1421,S,Arbetarepartiet-Socialdemokraterna,11,8,"Valmyndigheten: Mandatfördelning riksdag, region- och kommunfullmäktige 2026 (xlsx)"
KF,1421,C,Centerpartiet,5,5,"Valmyndigheten: Mandatfördelning riksdag, region- och kommunfullmäktige 2026 (xlsx)"
KF,1421,Folkviljan Orust,Folkviljan Orust,2,5,"Valmyndigheten: Mandatfördelning riksdag, region- och kommunfullmäktige 2026 (xlsx)"
KF,1421,KD,Kristdemokraterna,2,2,"Valmyndigheten: Mandatfördelning riksdag, region- och kommunfullmäktige 2026 (xlsx)"
KF,1421,L,Liberalerna (tidigare Folkpartiet),2,2,"Valmyndigheten: Mandatfördelning riksdag, region- och kommunfullmäktige 2026 (xlsx)"
KF,1421,MP,Miljöpartiet de gröna,2,3,"Valmyndigheten: Mandatfördelning riksdag, region- och kommunfullmäktige 2026 (xlsx)"
KF,1421,M,Moderaterna,8,8,"Valmyndigheten: Mandatfördelning riksdag, region- och kommunfullmäktige 2026 (xlsx)"
KF,1421,SD,Sverigedemokraterna,6,6,"Valmyndigheten: Mandatfördelning riksdag, region- och kommunfullmäktige 2026 (xlsx)"
KF,1421,V,Vänsterpartiet,3,2,"Valmyndigheten: Mandatfördelning riksdag, region- och kommunfullmäktige 2026 (xlsx)"
KF,1273,S,Arbetarepartiet-Socialdemokraterna,11,9,"Valmyndigheten: Mandatfördelning riksdag, region- och kommunfullmäktige 2026 (xlsx)"
KF,1273,C,Centerpartiet,11,3,"Valmyndigheten: Mandatfördelning riksdag, region- och kommunfullmäktige 2026 (xlsx)"
KF,1273,KD,Kristdemokraterna,2,3,"Valmyndigheten: Mandatfördelning riksdag, region- och kommunfullmäktige 2026 (xlsx)"
KF,1273,MP,Miljöpartiet de gröna,0,1,"Valmyndigheten: Mandatfördelning riksdag, region- och kommunfullmäktige 2026 (xlsx)"
KF,1273,M,Moderaterna,5,8,"Valmyndigheten: Mandatfördelning riksdag, region- och kommunfullmäktige 2026 (xlsx)"
KF,1273,SD,Sverigedemokraterna,11,9,"Valmyndigheten: Mandatfördelning riksdag, region- och kommunfullmäktige 2026 (xlsx)"
KF,1273,V,Vänsterpartiet,1,2,"Valmyndigheten: Mandatfördelning riksdag, region- och kommunfullmäktige 2026 (xlsx)"
KF,0882,S,Arbetarepartiet-Socialdemokraterna,16,14,"Valmyndigheten: Mandatfördelning riksdag, region- och kommunfullmäktige 2026 (xlsx)"
KF,0882,C,Centerpartiet,2,3,"Valmyndigheten: Mandatfördelning riksdag, region- och kommunfullmäktige 2026 (xlsx)"
KF,0882,KD,Kristdemokraterna,3,5,"Valmyndigheten: Mandatfördelning riksdag, region- och kommunfullmäktige 2026 (xlsx)"
KF,0882,KUSTLANDSPARTIET,KUSTLANDSPARTIET,2,2,"Valmyndigheten: Mandatfördelning riksdag, region- och kommunfullmäktige 2026 (xlsx)"
KF,0882,L,Liberalerna (tidigare Folkpartiet),1,1,"Valmyndigheten: Mandatfördelning riksdag, region- och kommunfullmäktige 2026 (xlsx)"
KF,0882,M,Moderaterna,10,7,"Valmyndigheten: Mandatfördelning riksdag, region- och kommunfullmäktige 2026 (xlsx)"
KF,0882,SD,Sverigedemokraterna,11,14,"Valmyndigheten: Mandatfördelning riksdag, region- och kommunfullmäktige 2026 (xlsx)"
KF,0882,V,Vänsterpartiet,4,3,"Valmyndigheten: Mandatfördelning riksdag, region- och kommunfullmäktige 2026 (xlsx)"
KF,2121,S,Arbetarepartiet-Socialdemokraterna,10,8,"Valmyndigheten: Mandatfördelning riksdag, region- och kommunfullmäktige 2026 (xlsx)"
KF,2121,C,Centerpartiet,7,7,"Valmyndigheten: Mandatfördelning riksdag, region- och kommunfullmäktige 2026 (xlsx)"
KF,2121,KD,Kristdemokraterna,6,6,"Valmyndigheten: Mandatfördelning riksdag, region- och kommunfullmäktige 2026 (xlsx)"
KF,2121,L,Liberalerna (tidigare Folkpartiet),1,0,"Valmyndigheten: Mandatfördelning riksdag, region- och kommunfullmäktige 2026 (xlsx)"
KF,2121,M,Moderaterna,4,5,"Valmyndigheten: Mandatfördelning riksdag, region- och kommunfullmäktige 2026 (xlsx)"
KF,2121,SD,Sverigedemokraterna,6,7,"Valmyndigheten: Mandatfördelning riksdag, region- och kommunfullmäktige 2026 (xlsx)"
KF,2121,V,Vänsterpartiet,1,2,"Valmyndigheten: Mandatfördelning riksdag, region- och kommunfullmäktige 2026 (xlsx)"
KF,0481,S,Arbetarepartiet-Socialdemokraterna,10,12,"Valmyndigheten: Mandatfördelning riksdag, region- och kommunfullmäktige 2026 (xlsx)"
KF,0481,C,Centerpartiet,1,1,"Valmyndigheten: Mandatfördelning riksdag, region- och kommunfullmäktige 2026 (xlsx)"
KF,0481,KD,Kristdemokraterna,1,1,"Valmyndigheten: Mandatfördelning riksdag, region- och kommunfullmäktige 2026 (xlsx)"
KF,0481,L,Liberalerna (tidigare Folkpartiet),1,0,"Valmyndigheten: Mandatfördelning riksdag, region- och kommunfullmäktige 2026 (xlsx)"
KF,0481,MP,Miljöpartiet de gröna,0,1,"Valmyndigheten: Mandatfördelning riksdag, region- och kommunfullmäktige 2026 (xlsx)"
KF,0481,M,Moderaterna,10,9,"Valmyndigheten: Mandatfördelning riksdag, region- och kommunfullmäktige 2026 (xlsx)"
KF,0481,SD,Sverigedemokraterna,4,4,"Valmyndigheten: Mandatfördelning riksdag, region- och kommunfullmäktige 2026 (xlsx)"
KF,0481,V,Vänsterpartiet,4,3,"Valmyndigheten: Mandatfördelning riksdag, region- och kommunfullmäktige 2026 (xlsx)"
KF,2521,S,Arbetarepartiet-Socialdemokraterna,6,4,"Valmyndigheten: Mandatfördelning riksdag, region- och kommunfullmäktige 2026 (xlsx)"
KF,2521,C,Centerpartiet,1,3,"Valmyndigheten: Mandatfördelning riksdag, region- och kommunfullmäktige 2026 (xlsx)"
KF,2521,Framtid S,Framtid S,4,0,"Valmyndigheten: Mandatfördelning riksdag, region- och kommunfullmäktige 2026 (xlsx)"
KF,2521,KD,Kristdemokraterna,3,3,"Valmyndigheten: Mandatfördelning riksdag, region- och kommunfullmäktige 2026 (xlsx)"
KF,2521,M,Moderaterna,1,1,"Valmyndigheten: Mandatfördelning riksdag, region- och kommunfullmäktige 2026 (xlsx)"
KF,2521,Sjukvårdspartiet,Sjukvårdspartiet,1,1,"Valmyndigheten: Mandatfördelning riksdag, region- och kommunfullmäktige 2026 (xlsx)"
KF,2521,SD,Sverigedemokraterna,1,2,"Valmyndigheten: Mandatfördelning riksdag, region- och kommunfullmäktige 2026 (xlsx)"
KF,2521,V,Vänsterpartiet,4,7,"Valmyndigheten: Mandatfördelning riksdag, region- och kommunfullmäktige 2026 (xlsx)"
KF,1402,S,Arbetarepartiet-Socialdemokraterna,13,13,"Valmyndigheten: Mandatfördelning riksdag, region- och kommunfullmäktige 2026 (xlsx)"
KF,1402,C,Centerpartiet,4,4,"Valmyndigheten: Mandatfördelning riksdag, region- och kommunfullmäktige 2026 (xlsx)"
KF,1402,KD,Kristdemokraterna,3,3,"Valmyndigheten: Mandatfördelning riksdag, region- och kommunfullmäktige 2026 (xlsx)"
KF,1402,L,Liberalerna (tidigare Folkpartiet),3,2,"Valmyndigheten: Mandatfördelning riksdag, region- och kommunfullmäktige 2026 (xlsx)"
KF,1402,MP,Miljöpartiet de gröna,3,4,"Valmyndigheten: Mandatfördelning riksdag, region- och kommunfullmäktige 2026 (xlsx)"
KF,1402,M,Moderaterna,14,14,"Valmyndigheten: Mandatfördelning riksdag, region- och kommunfullmäktige 2026 (xlsx)"
KF,1402,SD,Sverigedemokraterna,7,6,"Valmyndigheten: Mandatfördelning riksdag, region- och kommunfullmäktige 2026 (xlsx)"
KF,1402,V,Vänsterpartiet,4,5,"Valmyndigheten: Mandatfördelning riksdag, region- och kommunfullmäktige 2026 (xlsx)"
KF,1275,S,Arbetarepartiet-Socialdemokraterna,6,6,"Valmyndigheten: Mandatfördelning riksdag, region- och kommunfullmäktige 2026 (xlsx)"
KF,1275,C,Centerpartiet,2,1,"Valmyndigheten: Mandatfördelning riksdag, region- och kommunfullmäktige 2026 (xlsx)"
KF,1275,KD,Kristdemokraterna,1,1,"Valmyndigheten: Mandatfördelning riksdag, region- och kommunfullmäktige 2026 (xlsx)"
KF,1275,M,Moderaterna,2,2,"Valmyndigheten: Mandatfördelning riksdag, region- och kommunfullmäktige 2026 (xlsx)"
KF,1275,Perstorps Framtid,Perstorps Framtid,4,1,"Valmyndigheten: Mandatfördelning riksdag, region- och kommunfullmäktige 2026 (xlsx)"
KF,1275,SD,Sverigedemokraterna,5,5,"Valmyndigheten: Mandatfördelning riksdag, region- och kommunfullmäktige 2026 (xlsx)"
KF,1275,Vi i Perstorp,Vi i Perstorp,6,9,"Valmyndigheten: Mandatfördelning riksdag, region- och kommunfullmäktige 2026 (xlsx)"
KF,1275,V,Vänsterpartiet,1,2,"Valmyndigheten: Mandatfördelning riksdag, region- och kommunfullmäktige 2026 (xlsx)"
KF,2581,S,Arbetarepartiet-Socialdemokraterna,22,19,"Valmyndigheten: Mandatfördelning riksdag, region- och kommunfullmäktige 2026 (xlsx)"
KF,2581,C,Centerpartiet,5,6,"Valmyndigheten: Mandatfördelning riksdag, region- och kommunfullmäktige 2026 (xlsx)"
KF,2581,KD,Kristdemokraterna,2,3,"Valmyndigheten: Mandatfördelning riksdag, region- och kommunfullmäktige 2026 (xlsx)"
KF,2581,MP,Miljöpartiet de gröna,1,2,"Valmyndigheten: Mandatfördelning riksdag, region- och kommunfullmäktige 2026 (xlsx)"
KF,2581,M,Moderaterna,8,9,"Valmyndigheten: Mandatfördelning riksdag, region- och kommunfullmäktige 2026 (xlsx)"
KF,2581,Sjukvårdspartiet,Sjukvårdspartiet,1,2,"Valmyndigheten: Mandatfördelning riksdag, region- och kommunfullmäktige 2026 (xlsx)"
KF,2581,Skol och Landsbygdspartiet,Skol och Landsbygdspartiet,2,0,"Valmyndigheten: Mandatfördelning riksdag, region- och kommunfullmäktige 2026 (xlsx)"
KF,2581,SD,Sverigedemokraterna,5,6,"Valmyndigheten: Mandatfördelning riksdag, region- och kommunfullmäktige 2026 (xlsx)"
KF,2581,V,Vänsterpartiet,5,4,"Valmyndigheten: Mandatfördelning riksdag, region- och kommunfullmäktige 2026 (xlsx)"
KF,2303,Allt för Ragunda,Allt för Ragunda,2,2,"Valmyndigheten: Mandatfördelning riksdag, region- och kommunfullmäktige 2026 (xlsx)"
KF,2303,S,Arbetarepartiet-Socialdemokraterna,10,9,"Valmyndigheten: Mandatfördelning riksdag, region- och kommunfullmäktige 2026 (xlsx)"
KF,2303,C,Centerpartiet,6,5,"Valmyndigheten: Mandatfördelning riksdag, region- och kommunfullmäktige 2026 (xlsx)"
KF,2303,KD,Kristdemokraterna,1,1,"Valmyndigheten: Mandatfördelning riksdag, region- och kommunfullmäktige 2026 (xlsx)"
KF,2303,M,Moderaterna,2,2,"Valmyndigheten: Mandatfördelning riksdag, region- och kommunfullmäktige 2026 (xlsx)"
KF,2303,SD,Sverigedemokraterna,3,4,"Valmyndigheten: Mandatfördelning riksdag, region- och kommunfullmäktige 2026 (xlsx)"
KF,2303,V,Vänsterpartiet,1,2,"Valmyndigheten: Mandatfördelning riksdag, region- och kommunfullmäktige 2026 (xlsx)"
KF,2409,S,Arbetarepartiet-Socialdemokraterna,13,12,"Valmyndigheten: Mandatfördelning riksdag, region- och kommunfullmäktige 2026 (xlsx)"
KF,2409,C,Centerpartiet,9,7,"Valmyndigheten: Mandatfördelning riksdag, region- och kommunfullmäktige 2026 (xlsx)"
KF,2409,KD,Kristdemokraterna,1,1,"Valmyndigheten: Mandatfördelning riksdag, region- och kommunfullmäktige 2026 (xlsx)"
KF,2409,MP,Miljöpartiet de gröna,0,1,"Valmyndigheten: Mandatfördelning riksdag, region- och kommunfullmäktige 2026 (xlsx)"
KF,2409,M,Moderaterna,3,5,"Valmyndigheten: Mandatfördelning riksdag, region- och kommunfullmäktige 2026 (xlsx)"
KF,2409,SD,Sverigedemokraterna,3,3,"Valmyndigheten: Mandatfördelning riksdag, region- och kommunfullmäktige 2026 (xlsx)"
KF,2409,V,Vänsterpartiet,2,2,"Valmyndigheten: Mandatfördelning riksdag, region- och kommunfullmäktige 2026 (xlsx)"
KF,1081,S,Arbetarepartiet-Socialdemokraterna,15,11,"Valmyndigheten: Mandatfördelning riksdag, region- och kommunfullmäktige 2026 (xlsx)"
KF,1081,C,Centerpartiet,3,6,"Valmyndigheten: Mandatfördelning riksdag, region- och kommunfullmäktige 2026 (xlsx)"
KF,1081,KD,Kristdemokraterna,2,6,"Valmyndigheten: Mandatfördelning riksdag, region- och kommunfullmäktige 2026 (xlsx)"
KF,1081,L,Liberalerna (tidigare Folkpartiet),2,2,"Valmyndigheten: Mandatfördelning riksdag, region- och kommunfullmäktige 2026 (xlsx)"
KF,1081,MP,Miljöpartiet de gröna,1,2,"Valmyndigheten: Mandatfördelning riksdag, region- och kommunfullmäktige 2026 (xlsx)"
KF,1081,M,Moderaterna,9,4,"Valmyndigheten: Mandatfördelning riksdag, region- och kommunfullmäktige 2026 (xlsx)"
KF,1081,Ronnebypartiet,Ronnebypartiet,1,4,"Valmyndigheten: Mandatfördelning riksdag, region- och kommunfullmäktige 2026 (xlsx)"
KF,1081,SD,Sverigedemokraterna,13,10,"Valmyndigheten: Mandatfördelning riksdag, region- och kommunfullmäktige 2026 (xlsx)"
KF,1081,V,Vänsterpartiet,3,4,"Valmyndigheten: Mandatfördelning riksdag, region- och kommunfullmäktige 2026 (xlsx)"
KF,2031,S,Arbetarepartiet-Socialdemokraterna,11,13,"Valmyndigheten: Mandatfördelning riksdag, region- och kommunfullmäktige 2026 (xlsx)"
KF,2031,C,Centerpartiet,10,8,"Valmyndigheten: Mandatfördelning riksdag, region- och kommunfullmäktige 2026 (xlsx)"
KF,2031,KD,Kristdemokraterna,3,2,"Valmyndigheten: Mandatfördelning riksdag, region- och kommunfullmäktige 2026 (xlsx)"
KF,2031,M,Moderaterna,7,8,"Valmyndigheten: Mandatfördelning riksdag, region- och kommunfullmäktige 2026 (xlsx)"
KF,2031,SD,Sverigedemokraterna,7,7,"Valmyndigheten: Mandatfördelning riksdag, region- och kommunfullmäktige 2026 (xlsx)"
KF,2031,V,Vänsterpartiet,1,1,"Valmyndigheten: Mandatfördelning riksdag, region- och kommunfullmäktige 2026 (xlsx)"
KF,1981,S,Arbetarepartiet-Socialdemokraterna,14,13,"Valmyndigheten: Mandatfördelning riksdag, region- och kommunfullmäktige 2026 (xlsx)"
KF,1981,C,Centerpartiet,5,5,"Valmyndigheten: Mandatfördelning riksdag, region- och kommunfullmäktige 2026 (xlsx)"
KF,1981,KD,Kristdemokraterna,2,2,"Valmyndigheten: Mandatfördelning riksdag, region- och kommunfullmäktige 2026 (xlsx)"
KF,1981,L,Liberalerna (tidigare Folkpartiet),1,0,"Valmyndigheten: Mandatfördelning riksdag, region- och kommunfullmäktige 2026 (xlsx)"
KF,1981,MP,Miljöpartiet de gröna,1,1,"Valmyndigheten: Mandatfördelning riksdag, region- och kommunfullmäktige 2026 (xlsx)"
KF,1981,M,Moderaterna,6,8,"Valmyndigheten: Mandatfördelning riksdag, region- och kommunfullmäktige 2026 (xlsx)"
KF,1981,Salas bästa,Salas bästa,4,4,"Valmyndigheten: Mandatfördelning riksdag, region- och kommunfullmäktige 2026 (xlsx)"
KF,1981,SD,Sverigedemokraterna,9,9,"Valmyndigheten: Mandatfördelning riksdag, region- och kommunfullmäktige 2026 (xlsx)"
KF,1981,V,Vänsterpartiet,3,3,"Valmyndigheten: Mandatfördelning riksdag, region- och kommunfullmäktige 2026 (xlsx)"
KF,0128,S,Arbetarepartiet-Socialdemokraterna,7,7,"Valmyndigheten: Mandatfördelning riksdag, region- och kommunfullmäktige 2026 (xlsx)"
KF,0128,C,Centerpartiet,2,3,"Valmyndigheten: Mandatfördelning riksdag, region- och kommunfullmäktige 2026 (xlsx)"
KF,0128,KD,Kristdemokraterna,1,1,"Valmyndigheten: Mandatfördelning riksdag, region- och kommunfullmäktige 2026 (xlsx)"
KF,0128,L,Liberalerna (tidigare Folkpartiet),2,1,"Valmyndigheten: Mandatfördelning riksdag, region- och kommunfullmäktige 2026 (xlsx)"
KF,0128,MP,Miljöpartiet de gröna,0,1,"Valmyndigheten: Mandatfördelning riksdag, region- och kommunfullmäktige 2026 (xlsx)"
KF,0128,M,Moderaterna,11,10,"Valmyndigheten: Mandatfördelning riksdag, region- och kommunfullmäktige 2026 (xlsx)"
KF,0128,Rönningepartiet,Rönningepartiet,3,2,"Valmyndigheten: Mandatfördelning riksdag, region- och kommunfullmäktige 2026 (xlsx)"
KF,0128,SD,Sverigedemokraterna,3,4,"Valmyndigheten: Mandatfördelning riksdag, region- och kommunfullmäktige 2026 (xlsx)"
KF,0128,V,Vänsterpartiet,2,2,"Valmyndigheten: Mandatfördelning riksdag, region- och kommunfullmäktige 2026 (xlsx)"
KF,2181,S,Arbetarepartiet-Socialdemokraterna,17,15,"Valmyndigheten: Mandatfördelning riksdag, region- och kommunfullmäktige 2026 (xlsx)"
KF,2181,C,Centerpartiet,3,3,"Valmyndigheten: Mandatfördelning riksdag, region- och kommunfullmäktige 2026 (xlsx)"
KF,2181,KD,Kristdemokraterna,2,3,"Valmyndigheten: Mandatfördelning riksdag, region- och kommunfullmäktige 2026 (xlsx)"
KF,2181,L,Liberalerna (tidigare Folkpartiet),2,1,"Valmyndigheten: Mandatfördelning riksdag, region- och kommunfullmäktige 2026 (xlsx)"
KF,2181,MP,Miljöpartiet de gröna,1,2,"Valmyndigheten: Mandatfördelning riksdag, region- och kommunfullmäktige 2026 (xlsx)"
KF,2181,M,Moderaterna,10,12,"Valmyndigheten: Mandatfördelning riksdag, region- och kommunfullmäktige 2026 (xlsx)"
KF,2181,SD,Sverigedemokraterna,12,11,"Valmyndigheten: Mandatfördelning riksdag, region- och kommunfullmäktige 2026 (xlsx)"
KF,2181,V,Vänsterpartiet,4,4,"Valmyndigheten: Mandatfördelning riksdag, region- och kommunfullmäktige 2026 (xlsx)"
KF,0191,S,Arbetarepartiet-Socialdemokraterna,18,19,"Valmyndigheten: Mandatfördelning riksdag, region- och kommunfullmäktige 2026 (xlsx)"
KF,0191,C,Centerpartiet,2,2,"Valmyndigheten: Mandatfördelning riksdag, region- och kommunfullmäktige 2026 (xlsx)"
KF,0191,KD,Kristdemokraterna,3,3,"Valmyndigheten: Mandatfördelning riksdag, region- och kommunfullmäktige 2026 (xlsx)"
KF,0191,L,Liberalerna (tidigare Folkpartiet),3,2,"Valmyndigheten: Mandatfördelning riksdag, region- och kommunfullmäktige 2026 (xlsx)"
KF,0191,MP,Miljöpartiet de gröna,2,2,"Valmyndigheten: Mandatfördelning riksdag, region- och kommunfullmäktige 2026 (xlsx)"
KF,0191,M,Moderaterna,19,18,"Valmyndigheten: Mandatfördelning riksdag, region- och kommunfullmäktige 2026 (xlsx)"
KF,0191,Sigtunapartiet Samling för Sigtuna,Sigtunapartiet Samling för Sigtuna,2,0,"Valmyndigheten: Mandatfördelning riksdag, region- och kommunfullmäktige 2026 (xlsx)"
KF,0191,SD,Sverigedemokraterna,8,8,"Valmyndigheten: Mandatfördelning riksdag, region- och kommunfullmäktige 2026 (xlsx)"
KF,0191,V,Vänsterpartiet,4,7,"Valmyndigheten: Mandatfördelning riksdag, region- och kommunfullmäktige 2026 (xlsx)"
KF,1291,S,Arbetarepartiet-Socialdemokraterna,10,9,"Valmyndigheten: Mandatfördelning riksdag, region- och kommunfullmäktige 2026 (xlsx)"
KF,1291,C,Centerpartiet,3,8,"Valmyndigheten: Mandatfördelning riksdag, region- och kommunfullmäktige 2026 (xlsx)"
KF,1291,Klimatinitiativ Simrishamn,Klimatinitiativ Simrishamn,1,1,"Valmyndigheten: Mandatfördelning riksdag, region- och kommunfullmäktige 2026 (xlsx)"
KF,1291,KD,Kristdemokraterna,1,1,"Valmyndigheten: Mandatfördelning riksdag, region- och kommunfullmäktige 2026 (xlsx)"
KF,1291,L,Liberalerna (tidigare Folkpartiet),2,2,"Valmyndigheten: Mandatfördelning riksdag, region- och kommunfullmäktige 2026 (xlsx)"
KF,1291,MP,Miljöpartiet de gröna,2,3,"Valmyndigheten: Mandatfördelning riksdag, region- och kommunfullmäktige 2026 (xlsx)"
KF,1291,M,Moderaterna,11,8,"Valmyndigheten: Mandatfördelning riksdag, region- och kommunfullmäktige 2026 (xlsx)"
KF,1291,SD,Sverigedemokraterna,8,7,"Valmyndigheten: Mandatfördelning riksdag, region- och kommunfullmäktige 2026 (xlsx)"
KF,1291,V,Vänsterpartiet,2,2,"Valmyndigheten: Mandatfördelning riksdag, region- och kommunfullmäktige 2026 (xlsx)"
KF,1291,Österlenpartiet,Österlenpartiet,1,0,"Valmyndigheten: Mandatfördelning riksdag, region- och kommunfullmäktige 2026 (xlsx)"
KF,1265,S,Arbetarepartiet-Socialdemokraterna,7,5,"Valmyndigheten: Mandatfördelning riksdag, region- och kommunfullmäktige 2026 (xlsx)"
KF,1265,C,Centerpartiet,3,3,"Valmyndigheten: Mandatfördelning riksdag, region- och kommunfullmäktige 2026 (xlsx)"
KF,1265,KD,Kristdemokraterna,4,5,"Valmyndigheten: Mandatfördelning riksdag, region- och kommunfullmäktige 2026 (xlsx)"
KF,1265,L,Liberalerna (tidigare Folkpartiet),1,1,"Valmyndigheten: Mandatfördelning riksdag, region- och kommunfullmäktige 2026 (xlsx)"
KF,1265,MP,Miljöpartiet de gröna,1,1,"Valmyndigheten: Mandatfördelning riksdag, region- och kommunfullmäktige 2026 (xlsx)"
KF,1265,M,Moderaterna,9,9,"Valmyndigheten: Mandatfördelning riksdag, region- och kommunfullmäktige 2026 (xlsx)"
KF,1265,SD,Sverigedemokraterna,14,14,"Valmyndigheten: Mandatfördelning riksdag, region- och kommunfullmäktige 2026 (xlsx)"
KF,1265,V,Vänsterpartiet,2,3,"Valmyndigheten: Mandatfördelning riksdag, region- och kommunfullmäktige 2026 (xlsx)"
KF,1495,S,Arbetarepartiet-Socialdemokraterna,13,12,"Valmyndigheten: Mandatfördelning riksdag, region- och kommunfullmäktige 2026 (xlsx)"
KF,1495,C,Centerpartiet,4,4,"Valmyndigheten: Mandatfördelning riksdag, region- och kommunfullmäktige 2026 (xlsx)"
KF,1495,KD,Kristdemokraterna,3,2,"Valmyndigheten: Mandatfördelning riksdag, region- och kommunfullmäktige 2026 (xlsx)"
KF,1495,L,Liberalerna (tidigare Folkpartiet),1,0,"Valmyndigheten: Mandatfördelning riksdag, region- och kommunfullmäktige 2026 (xlsx)"
KF,1495,MP,Miljöpartiet de gröna,1,2,"Valmyndigheten: Mandatfördelning riksdag, region- och kommunfullmäktige 2026 (xlsx)"
KF,1495,M,Moderaterna,11,13,"Valmyndigheten: Mandatfördelning riksdag, region- och kommunfullmäktige 2026 (xlsx)"
KF,1495,SD,Sverigedemokraterna,9,9,"Valmyndigheten: Mandatfördelning riksdag, region- och kommunfullmäktige 2026 (xlsx)"
KF,1495,V,Vänsterpartiet,3,3,"Valmyndigheten: Mandatfördelning riksdag, region- och kommunfullmäktige 2026 (xlsx)"
KF,2482,S,Arbetarepartiet-Socialdemokraterna,28,27,"Valmyndigheten: Mandatfördelning riksdag, region- och kommunfullmäktige 2026 (xlsx)"
KF,2482,C,Centerpartiet,6,5,"Valmyndigheten: Mandatfördelning riksdag, region- och kommunfullmäktige 2026 (xlsx)"
KF,2482,KD,Kristdemokraterna,4,5,"Valmyndigheten: Mandatfördelning riksdag, region- och kommunfullmäktige 2026 (xlsx)"
KF,2482,L,Liberalerna (tidigare Folkpartiet),2,0,"Valmyndigheten: Mandatfördelning riksdag, region- och kommunfullmäktige 2026 (xlsx)"
KF,2482,MP,Miljöpartiet de gröna,2,3,"Valmyndigheten: Mandatfördelning riksdag, region- och kommunfullmäktige 2026 (xlsx)"
KF,2482,M,Moderaterna,11,13,"Valmyndigheten: Mandatfördelning riksdag, region- och kommunfullmäktige 2026 (xlsx)"
KF,2482,SD,Sverigedemokraterna,7,7,"Valmyndigheten: Mandatfördelning riksdag, region- och kommunfullmäktige 2026 (xlsx)"
KF,2482,V,Vänsterpartiet,5,5,"Valmyndigheten: Mandatfördelning riksdag, region- och kommunfullmäktige 2026 (xlsx)"
KF,1904,S,Arbetarepartiet-Socialdemokraterna,9,8,"Valmyndigheten: Mandatfördelning riksdag, region- och kommunfullmäktige 2026 (xlsx)"
KF,1904,C,Centerpartiet,1,0,"Valmyndigheten: Mandatfördelning riksdag, region- och kommunfullmäktige 2026 (xlsx)"
KF,1904,L,Liberalerna (tidigare Folkpartiet),5,3,"Valmyndigheten: Mandatfördelning riksdag, region- och kommunfullmäktige 2026 (xlsx)"
KF,1904,M,Moderaterna,2,2,"Valmyndigheten: Mandatfördelning riksdag, region- och kommunfullmäktige 2026 (xlsx)"
KF,1904,SD,Sverigedemokraterna,6,8,"Valmyndigheten: Mandatfördelning riksdag, region- och kommunfullmäktige 2026 (xlsx)"
KF,1904,V,Vänsterpartiet,2,4,"Valmyndigheten: Mandatfördelning riksdag, region- och kommunfullmäktige 2026 (xlsx)"
KF,1264,S,Arbetarepartiet-Socialdemokraterna,10,8,"Valmyndigheten: Mandatfördelning riksdag, region- och kommunfullmäktige 2026 (xlsx)"
KF,1264,C,Centerpartiet,3,2,"Valmyndigheten: Mandatfördelning riksdag, region- och kommunfullmäktige 2026 (xlsx)"
KF,1264,Kommunens Väl,Kommunens Väl,1,1,"Valmyndigheten: Mandatfördelning riksdag, region- och kommunfullmäktige 2026 (xlsx)"
KF,1264,KD,Kristdemokraterna,1,1,"Valmyndigheten: Mandatfördelning riksdag, region- och kommunfullmäktige 2026 (xlsx)"
KF,1264,L,Liberalerna (tidigare Folkpartiet),1,0,"Valmyndigheten: Mandatfördelning riksdag, region- och kommunfullmäktige 2026 (xlsx)"
KF,1264,MP,Miljöpartiet de gröna,0,1,"Valmyndigheten: Mandatfördelning riksdag, region- och kommunfullmäktige 2026 (xlsx)"
KF,1264,M,Moderaterna,12,15,"Valmyndigheten: Mandatfördelning riksdag, region- och kommunfullmäktige 2026 (xlsx)"
KF,1264,SD,Sverigedemokraterna,10,9,"Valmyndigheten: Mandatfördelning riksdag, region- och kommunfullmäktige 2026 (xlsx)"
KF,1264,V,Vänsterpartiet,3,2,"Valmyndigheten: Mandatfördelning riksdag, region- och kommunfullmäktige 2026 (xlsx)"
KF,1496,S,Arbetarepartiet-Socialdemokraterna,16,16,"Valmyndigheten: Mandatfördelning riksdag, region- och kommunfullmäktige 2026 (xlsx)"
KF,1496,C,Centerpartiet,4,5,"Valmyndigheten: Mandatfördelning riksdag, region- och kommunfullmäktige 2026 (xlsx)"
KF,1496,KD,Kristdemokraterna,3,3,"Valmyndigheten: Mandatfördelning riksdag, region- och kommunfullmäktige 2026 (xlsx)"
KF,1496,L,Liberalerna (tidigare Folkpartiet),2,2,"Valmyndigheten: Mandatfördelning riksdag, region- och kommunfullmäktige 2026 (xlsx)"
KF,1496,MP,Miljöpartiet de gröna,2,2,"Valmyndigheten: Mandatfördelning riksdag, region- och kommunfullmäktige 2026 (xlsx)"
KF,1496,M,Moderaterna,13,13,"Valmyndigheten: Mandatfördelning riksdag, region- och kommunfullmäktige 2026 (xlsx)"
KF,1496,Skövdepartiet,Skövdepartiet,9,7,"Valmyndigheten: Mandatfördelning riksdag, region- och kommunfullmäktige 2026 (xlsx)"
KF,1496,SD,Sverigedemokraterna,9,9,"Valmyndigheten: Mandatfördelning riksdag, region- och kommunfullmäktige 2026 (xlsx)"
KF,1496,V,Vänsterpartiet,3,4,"Valmyndigheten: Mandatfördelning riksdag, region- och kommunfullmäktige 2026 (xlsx)"
KF,2061,S,Arbetarepartiet-Socialdemokraterna,20,20,"Valmyndigheten: Mandatfördelning riksdag, region- och kommunfullmäktige 2026 (xlsx)"
KF,2061,C,Centerpartiet,2,1,"Valmyndigheten: Mandatfördelning riksdag, region- och kommunfullmäktige 2026 (xlsx)"
KF,2061,MP,Miljöpartiet de gröna,1,1,"Valmyndigheten: Mandatfördelning riksdag, region- och kommunfullmäktige 2026 (xlsx)"
KF,2061,M,Moderaterna,5,7,"Valmyndigheten: Mandatfördelning riksdag, region- och kommunfullmäktige 2026 (xlsx)"
KF,2061,SD,Sverigedemokraterna,6,5,"Valmyndigheten: Mandatfördelning riksdag, region- och kommunfullmäktige 2026 (xlsx)"
KF,2061,V,Vänsterpartiet,1,1,"Valmyndigheten: Mandatfördelning riksdag, region- och kommunfullmäktige 2026 (xlsx)"
KF,2283,S,Arbetarepartiet-Socialdemokraterna,12,8,"Valmyndigheten: Mandatfördelning riksdag, region- och kommunfullmäktige 2026 (xlsx)"
KF,2283,C,Centerpartiet,18,13,"Valmyndigheten: Mandatfördelning riksdag, region- och kommunfullmäktige 2026 (xlsx)"
KF,2283,KD,Kristdemokraterna,1,1,"Valmyndigheten: Mandatfördelning riksdag, region- och kommunfullmäktige 2026 (xlsx)"
KF,2283,Landsbygdspartiet Oberoende,Landsbygdspartiet Oberoende,1,1,"Valmyndigheten: Mandatfördelning riksdag, region- och kommunfullmäktige 2026 (xlsx)"
KF,2283,M,Moderaterna,1,2,"Valmyndigheten: Mandatfördelning riksdag, region- och kommunfullmäktige 2026 (xlsx)"
KF,2283,Norrlandspartiet,Norrlandspartiet,0,3,"Valmyndigheten: Mandatfördelning riksdag, region- och kommunfullmäktige 2026 (xlsx)"
KF,2283,SD,Sverigedemokraterna,4,5,"Valmyndigheten: Mandatfördelning riksdag, region- och kommunfullmäktige 2026 (xlsx)"
KF,2283,V,Vänsterpartiet,3,3,"Valmyndigheten: Mandatfördelning riksdag, region- och kommunfullmäktige 2026 (xlsx)"
KF,2283,Västra Initiativet,Västra Initiativet,5,3,"Valmyndigheten: Mandatfördelning riksdag, region- och kommunfullmäktige 2026 (xlsx)"
KF,0163,S,Arbetarepartiet-Socialdemokraterna,17,17,"Valmyndigheten: Mandatfördelning riksdag, region- och kommunfullmäktige 2026 (xlsx)"
KF,0163,C,Centerpartiet,5,5,"Valmyndigheten: Mandatfördelning riksdag, region- och kommunfullmäktige 2026 (xlsx)"
KF,0163,KD,Kristdemokraterna,3,3,"Valmyndigheten: Mandatfördelning riksdag, region- och kommunfullmäktige 2026 (xlsx)"
KF,0163,L,Liberalerna (tidigare Folkpartiet),5,4,"Valmyndigheten: Mandatfördelning riksdag, region- och kommunfullmäktige 2026 (xlsx)"
KF,0163,MP,Miljöpartiet de gröna,3,3,"Valmyndigheten: Mandatfördelning riksdag, region- och kommunfullmäktige 2026 (xlsx)"
KF,0163,M,Moderaterna,19,19,"Valmyndigheten: Mandatfördelning riksdag, region- och kommunfullmäktige 2026 (xlsx)"
KF,0163,SD,Sverigedemokraterna,5,5,"Valmyndigheten: Mandatfördelning riksdag, region- och kommunfullmäktige 2026 (xlsx)"
KF,0163,V,Vänsterpartiet,4,5,"Valmyndigheten: Mandatfördelning riksdag, region- och kommunfullmäktige 2026 (xlsx)"
KF,0184,S,Arbetarepartiet-Socialdemokraterna,20,19,"Valmyndigheten: Mandatfördelning riksdag, region- och kommunfullmäktige 2026 (xlsx)"
KF,0184,C,Centerpartiet,4,5,"Valmyndigheten: Mandatfördelning riksdag, region- och kommunfullmäktige 2026 (xlsx)"
KF,0184,KD,Kristdemokraterna,2,2,"Valmyndigheten: Mandatfördelning riksdag, region- och kommunfullmäktige 2026 (xlsx)"
KF,0184,L,Liberalerna (tidigare Folkpartiet),4,3,"Valmyndigheten: Mandatfördelning riksdag, region- och kommunfullmäktige 2026 (xlsx)"
KF,0184,MP,Miljöpartiet de gröna,3,4,"Valmyndigheten: Mandatfördelning riksdag, region- och kommunfullmäktige 2026 (xlsx)"
KF,0184,M,Moderaterna,17,17,"Valmyndigheten: Mandatfördelning riksdag, region- och kommunfullmäktige 2026 (xlsx)"
KF,0184,SD,Sverigedemokraterna,5,5,"Valmyndigheten: Mandatfördelning riksdag, region- och kommunfullmäktige 2026 (xlsx)"
KF,0184,V,Vänsterpartiet,6,6,"Valmyndigheten: Mandatfördelning riksdag, region- och kommunfullmäktige 2026 (xlsx)"
KF,2422,S,Arbetarepartiet-Socialdemokraterna,8,5,"Valmyndigheten: Mandatfördelning riksdag, region- och kommunfullmäktige 2026 (xlsx)"
KF,2422,C,Centerpartiet,2,6,"Valmyndigheten: Mandatfördelning riksdag, region- och kommunfullmäktige 2026 (xlsx)"
KF,2422,MP,Miljöpartiet de gröna,0,2,"Valmyndigheten: Mandatfördelning riksdag, region- och kommunfullmäktige 2026 (xlsx)"
KF,2422,M,Moderaterna,3,5,"Valmyndigheten: Mandatfördelning riksdag, region- och kommunfullmäktige 2026 (xlsx)"
KF,2422,SD,Sverigedemokraterna,0,1,"Valmyndigheten: Mandatfördelning riksdag, region- och kommunfullmäktige 2026 (xlsx)"
KF,2422,V,Vänsterpartiet,8,2,"Valmyndigheten: Mandatfördelning riksdag, region- och kommunfullmäktige 2026 (xlsx)"
KF,1427,S,Arbetarepartiet-Socialdemokraterna,8,8,"Valmyndigheten: Mandatfördelning riksdag, region- och kommunfullmäktige 2026 (xlsx)"
KF,1427,C,Centerpartiet,2,1,"Valmyndigheten: Mandatfördelning riksdag, region- och kommunfullmäktige 2026 (xlsx)"
KF,1427,Demokratiresan,Demokratiresan,5,4,"Valmyndigheten: Mandatfördelning riksdag, region- och kommunfullmäktige 2026 (xlsx)"
KF,1427,KD,Kristdemokraterna,1,1,"Valmyndigheten: Mandatfördelning riksdag, region- och kommunfullmäktige 2026 (xlsx)"
KF,1427,L,Liberalerna (tidigare Folkpartiet),2,2,"Valmyndigheten: Mandatfördelning riksdag, region- och kommunfullmäktige 2026 (xlsx)"
KF,1427,MP,Miljöpartiet de gröna,1,1,"Valmyndigheten: Mandatfördelning riksdag, region- och kommunfullmäktige 2026 (xlsx)"
KF,1427,M,Moderaterna,8,10,"Valmyndigheten: Mandatfördelning riksdag, region- och kommunfullmäktige 2026 (xlsx)"
KF,1427,SD,Sverigedemokraterna,3,3,"Valmyndigheten: Mandatfördelning riksdag, region- och kommunfullmäktige 2026 (xlsx)"
KF,1427,V,Vänsterpartiet,1,1,"Valmyndigheten: Mandatfördelning riksdag, region- och kommunfullmäktige 2026 (xlsx)"
KF,1230,S,Arbetarepartiet-Socialdemokraterna,11,9,"Valmyndigheten: Mandatfördelning riksdag, region- och kommunfullmäktige 2026 (xlsx)"
KF,1230,C,Centerpartiet,2,2,"Valmyndigheten: Mandatfördelning riksdag, region- och kommunfullmäktige 2026 (xlsx)"
KF,1230,KD,Kristdemokraterna,1,0,"Valmyndigheten: Mandatfördelning riksdag, region- och kommunfullmäktige 2026 (xlsx)"
KF,1230,L,Liberalerna (tidigare Folkpartiet),3,2,"Valmyndigheten: Mandatfördelning riksdag, region- och kommunfullmäktige 2026 (xlsx)"
KF,1230,MP,Miljöpartiet de gröna,1,2,"Valmyndigheten: Mandatfördelning riksdag, region- och kommunfullmäktige 2026 (xlsx)"
KF,1230,M,Moderaterna,18,22,"Valmyndigheten: Mandatfördelning riksdag, region- och kommunfullmäktige 2026 (xlsx)"
KF,1230,SD,Sverigedemokraterna,4,3,"Valmyndigheten: Mandatfördelning riksdag, region- och kommunfullmäktige 2026 (xlsx)"
KF,1230,V,Vänsterpartiet,1,1,"Valmyndigheten: Mandatfördelning riksdag, region- och kommunfullmäktige 2026 (xlsx)"
KF,1415,S,Arbetarepartiet-Socialdemokraterna,14,11,"Valmyndigheten: Mandatfördelning riksdag, region- och kommunfullmäktige 2026 (xlsx)"
KF,1415,C,Centerpartiet,3,3,"Valmyndigheten: Mandatfördelning riksdag, region- och kommunfullmäktige 2026 (xlsx)"
KF,1415,KD,Kristdemokraterna,3,3,"Valmyndigheten: Mandatfördelning riksdag, region- och kommunfullmäktige 2026 (xlsx)"
KF,1415,L,Liberalerna (tidigare Folkpartiet),2,2,"Valmyndigheten: Mandatfördelning riksdag, region- och kommunfullmäktige 2026 (xlsx)"
KF,1415,MP,Miljöpartiet de gröna,2,2,"Valmyndigheten: Mandatfördelning riksdag, region- och kommunfullmäktige 2026 (xlsx)"
KF,1415,M,Moderaterna,12,12,"Valmyndigheten: Mandatfördelning riksdag, region- och kommunfullmäktige 2026 (xlsx)"
KF,1415,Stenungsundspartiet,Stenungsundspartiet,3,6,"Valmyndigheten: Mandatfördelning riksdag, region- och kommunfullmäktige 2026 (xlsx)"
KF,1415,SD,Sverigedemokraterna,9,9,"Valmyndigheten: Mandatfördelning riksdag, region- och kommunfullmäktige 2026 (xlsx)"
KF,1415,V,Vänsterpartiet,3,3,"Valmyndigheten: Mandatfördelning riksdag, region- och kommunfullmäktige 2026 (xlsx)"
KF,0180,S,Arbetarepartiet-Socialdemokraterna,31,27,"Valmyndigheten: Mandatfördelning riksdag, region- och kommunfullmäktige 2026 (xlsx)"
KF,0180,C,Centerpartiet,7,8,"Valmyndigheten: Mandatfördelning riksdag, region- och kommunfullmäktige 2026 (xlsx)"
KF,0180,KD,Kristdemokraterna,4,4,"Valmyndigheten: Mandatfördelning riksdag, region- och kommunfullmäktige 2026 (xlsx)"
KF,0180,L,Liberalerna (tidigare Folkpartiet),8,5,"Valmyndigheten: Mandatfördelning riksdag, region- och kommunfullmäktige 2026 (xlsx)"
KF,0180,MP,Miljöpartiet de gröna,6,11,"Valmyndigheten: Mandatfördelning riksdag, region- och kommunfullmäktige 2026 (xlsx)"
KF,0180,M,Moderaterna,20,23,"Valmyndigheten: Mandatfördelning riksdag, region- och kommunfullmäktige 2026 (xlsx)"
KF,0180,SD,Sverigedemokraterna,9,8,"Valmyndigheten: Mandatfördelning riksdag, region- och kommunfullmäktige 2026 (xlsx)"
KF,0180,V,Vänsterpartiet,16,15,"Valmyndigheten: Mandatfördelning riksdag, region- och kommunfullmäktige 2026 (xlsx)"
KF,1760,S,Arbetarepartiet-Socialdemokraterna,9,8,"Valmyndigheten: Mandatfördelning riksdag, region- och kommunfullmäktige 2026 (xlsx)"
KF,1760,C,Centerpartiet,3,2,"Valmyndigheten: Mandatfördelning riksdag, region- och kommunfullmäktige 2026 (xlsx)"
KF,1760,KD,Kristdemokraterna,1,1,"Valmyndigheten: Mandatfördelning riksdag, region- och kommunfullmäktige 2026 (xlsx)"
KF,1760,M,Moderaterna,7,9,"Valmyndigheten: Mandatfördelning riksdag, region- och kommunfullmäktige 2026 (xlsx)"
KF,1760,SD,Sverigedemokraterna,5,4,"Valmyndigheten: Mandatfördelning riksdag, region- och kommunfullmäktige 2026 (xlsx)"
KF,1760,V,Vänsterpartiet,2,1,"Valmyndigheten: Mandatfördelning riksdag, region- och kommunfullmäktige 2026 (xlsx)"
KF,2421,S,Arbetarepartiet-Socialdemokraterna,9,7,"Valmyndigheten: Mandatfördelning riksdag, region- och kommunfullmäktige 2026 (xlsx)"
KF,2421,C,Centerpartiet,4,5,"Valmyndigheten: Mandatfördelning riksdag, region- och kommunfullmäktige 2026 (xlsx)"
KF,2421,Kommunlistan,Kommunlistan,1,2,"Valmyndigheten: Mandatfördelning riksdag, region- och kommunfullmäktige 2026 (xlsx)"
KF,2421,KD,Kristdemokraterna,2,2,"Valmyndigheten: Mandatfördelning riksdag, region- och kommunfullmäktige 2026 (xlsx)"
KF,2421,L,Liberalerna (tidigare Folkpartiet),3,3,"Valmyndigheten: Mandatfördelning riksdag, region- och kommunfullmäktige 2026 (xlsx)"
KF,2421,MP,Miljöpartiet de gröna,0,1,"Valmyndigheten: Mandatfördelning riksdag, region- och kommunfullmäktige 2026 (xlsx)"
KF,2421,M,Moderaterna,3,3,"Valmyndigheten: Mandatfördelning riksdag, region- och kommunfullmäktige 2026 (xlsx)"
KF,2421,SD,Sverigedemokraterna,4,3,"Valmyndigheten: Mandatfördelning riksdag, region- och kommunfullmäktige 2026 (xlsx)"
KF,2421,V,Vänsterpartiet,5,5,"Valmyndigheten: Mandatfördelning riksdag, region- och kommunfullmäktige 2026 (xlsx)"
KF,0486,S,Arbetarepartiet-Socialdemokraterna,14,13,"Valmyndigheten: Mandatfördelning riksdag, region- och kommunfullmäktige 2026 (xlsx)"
KF,0486,C,Centerpartiet,3,3,"Valmyndigheten: Mandatfördelning riksdag, region- och kommunfullmäktige 2026 (xlsx)"
KF,0486,KD,Kristdemokraterna,3,2,"Valmyndigheten: Mandatfördelning riksdag, region- och kommunfullmäktige 2026 (xlsx)"
KF,0486,L,Liberalerna (tidigare Folkpartiet),2,2,"Valmyndigheten: Mandatfördelning riksdag, region- och kommunfullmäktige 2026 (xlsx)"
KF,0486,Lokalpartiet,Lokalpartiet,3,3,"Valmyndigheten: Mandatfördelning riksdag, region- och kommunfullmäktige 2026 (xlsx)"
KF,0486,MP,Miljöpartiet de gröna,1,3,"Valmyndigheten: Mandatfördelning riksdag, region- och kommunfullmäktige 2026 (xlsx)"
KF,0486,M,Moderaterna,17,17,"Valmyndigheten: Mandatfördelning riksdag, region- och kommunfullmäktige 2026 (xlsx)"
KF,0486,SD,Sverigedemokraterna,9,9,"Valmyndigheten: Mandatfördelning riksdag, region- och kommunfullmäktige 2026 (xlsx)"
KF,0486,V,Vänsterpartiet,3,3,"Valmyndigheten: Mandatfördelning riksdag, region- och kommunfullmäktige 2026 (xlsx)"
KF,1486,S,Arbetarepartiet-Socialdemokraterna,11,12,"Valmyndigheten: Mandatfördelning riksdag, region- och kommunfullmäktige 2026 (xlsx)"
KF,1486,C,Centerpartiet,3,5,"Valmyndigheten: Mandatfördelning riksdag, region- och kommunfullmäktige 2026 (xlsx)"
KF,1486,Feministiskt initiativ,Feministiskt initiativ,2,0,"Valmyndigheten: Mandatfördelning riksdag, region- och kommunfullmäktige 2026 (xlsx)"
KF,1486,KD,Kristdemokraterna,3,2,"Valmyndigheten: Mandatfördelning riksdag, region- och kommunfullmäktige 2026 (xlsx)"
KF,1486,L,Liberalerna (tidigare Folkpartiet),3,2,"Valmyndigheten: Mandatfördelning riksdag, region- och kommunfullmäktige 2026 (xlsx)"
KF,1486,MP,Miljöpartiet de gröna,2,3,"Valmyndigheten: Mandatfördelning riksdag, region- och kommunfullmäktige 2026 (xlsx)"
KF,1486,M,Moderaterna,6,7,"Valmyndigheten: Mandatfördelning riksdag, region- och kommunfullmäktige 2026 (xlsx)"
KF,1486,SD,Sverigedemokraterna,7,6,"Valmyndigheten: Mandatfördelning riksdag, region- och kommunfullmäktige 2026 (xlsx)"
KF,1486,V,Vänsterpartiet,2,2,"Valmyndigheten: Mandatfördelning riksdag, region- och kommunfullmäktige 2026 (xlsx)"
KF,2313,S,Arbetarepartiet-Socialdemokraterna,13,11,"Valmyndigheten: Mandatfördelning riksdag, region- och kommunfullmäktige 2026 (xlsx)"
KF,2313,C,Centerpartiet,5,4,"Valmyndigheten: Mandatfördelning riksdag, region- och kommunfullmäktige 2026 (xlsx)"
KF,2313,M,Moderaterna,8,12,"Valmyndigheten: Mandatfördelning riksdag, region- och kommunfullmäktige 2026 (xlsx)"
KF,2313,Rättvis Demokrati,Rättvis Demokrati,1,0,"Valmyndigheten: Mandatfördelning riksdag, region- och kommunfullmäktige 2026 (xlsx)"
KF,2313,SD,Sverigedemokraterna,6,5,"Valmyndigheten: Mandatfördelning riksdag, region- och kommunfullmäktige 2026 (xlsx)"
KF,2313,V,Vänsterpartiet,2,3,"Valmyndigheten: Mandatfördelning riksdag, region- och kommunfullmäktige 2026 (xlsx)"
KF,0183,S,Arbetarepartiet-Socialdemokraterna,19,19,"Valmyndigheten: Mandatfördelning riksdag, region- och kommunfullmäktige 2026 (xlsx)"
KF,0183,C,Centerpartiet,4,4,"Valmyndigheten: Mandatfördelning riksdag, region- och kommunfullmäktige 2026 (xlsx)"
KF,0183,KD,Kristdemokraterna,3,3,"Valmyndigheten: Mandatfördelning riksdag, region- och kommunfullmäktige 2026 (xlsx)"
KF,0183,L,Liberalerna (tidigare Folkpartiet),4,3,"Valmyndigheten: Mandatfördelning riksdag, region- och kommunfullmäktige 2026 (xlsx)"
KF,0183,MP,Miljöpartiet de gröna,3,4,"Valmyndigheten: Mandatfördelning riksdag, region- och kommunfullmäktige 2026 (xlsx)"
KF,0183,M,Moderaterna,14,14,"Valmyndigheten: Mandatfördelning riksdag, region- och kommunfullmäktige 2026 (xlsx)"
KF,0183,SD,Sverigedemokraterna,6,6,"Valmyndigheten: Mandatfördelning riksdag, region- och kommunfullmäktige 2026 (xlsx)"
KF,0183,V,Vänsterpartiet,8,8,"Valmyndigheten: Mandatfördelning riksdag, region- och kommunfullmäktige 2026 (xlsx)"
KF,2281,S,Arbetarepartiet-Socialdemokraterna,29,25,"Valmyndigheten: Mandatfördelning riksdag, region- och kommunfullmäktige 2026 (xlsx)"
KF,2281,C,Centerpartiet,4,4,"Valmyndigheten: Mandatfördelning riksdag, region- och kommunfullmäktige 2026 (xlsx)"
KF,2281,KD,Kristdemokraterna,5,5,"Valmyndigheten: Mandatfördelning riksdag, region- och kommunfullmäktige 2026 (xlsx)"
KF,2281,L,Liberalerna (tidigare Folkpartiet),3,0,"Valmyndigheten: Mandatfördelning riksdag, region- och kommunfullmäktige 2026 (xlsx)"
KF,2281,MP,Miljöpartiet de gröna,0,3,"Valmyndigheten: Mandatfördelning riksdag, region- och kommunfullmäktige 2026 (xlsx)"
KF,2281,M,Moderaterna,14,16,"Valmyndigheten: Mandatfördelning riksdag, region- och kommunfullmäktige 2026 (xlsx)"
KF,2281,Norrlandspartiet,Norrlandspartiet,0,3,"Valmyndigheten: Mandatfördelning riksdag, region- och kommunfullmäktige 2026 (xlsx)"
KF,2281,SD,Sverigedemokraterna,11,10,"Valmyndigheten: Mandatfördelning riksdag, region- och kommunfullmäktige 2026 (xlsx)"
KF,2281,V,Vänsterpartiet,5,5,"Valmyndigheten: Mandatfördelning riksdag, region- och kommunfullmäktige 2026 (xlsx)"
KF,1766,S,Arbetarepartiet-Socialdemokraterna,9,9,"Valmyndigheten: Mandatfördelning riksdag, region- och kommunfullmäktige 2026 (xlsx)"
KF,1766,C,Centerpartiet,7,7,"Valmyndigheten: Mandatfördelning riksdag, region- och kommunfullmäktige 2026 (xlsx)"
KF,1766,Hela Sunne,Hela Sunne,3,2,"Valmyndigheten: Mandatfördelning riksdag, region- och kommunfullmäktige 2026 (xlsx)"
KF,1766,KD,Kristdemokraterna,2,1,"Valmyndigheten: Mandatfördelning riksdag, region- och kommunfullmäktige 2026 (xlsx)"
KF,1766,L,Liberalerna (tidigare Folkpartiet),3,2,"Valmyndigheten: Mandatfördelning riksdag, region- och kommunfullmäktige 2026 (xlsx)"
KF,1766,MP,Miljöpartiet de gröna,1,1,"Valmyndigheten: Mandatfördelning riksdag, region- och kommunfullmäktige 2026 (xlsx)"
KF,1766,M,Moderaterna,9,11,"Valmyndigheten: Mandatfördelning riksdag, region- och kommunfullmäktige 2026 (xlsx)"
KF,1766,SD,Sverigedemokraterna,6,6,"Valmyndigheten: Mandatfördelning riksdag, region- och kommunfullmäktige 2026 (xlsx)"
KF,1766,V,Vänsterpartiet,1,2,"Valmyndigheten: Mandatfördelning riksdag, region- och kommunfullmäktige 2026 (xlsx)"
KF,1907,S,Arbetarepartiet-Socialdemokraterna,11,8,"Valmyndigheten: Mandatfördelning riksdag, region- och kommunfullmäktige 2026 (xlsx)"
KF,1907,C,Centerpartiet,2,1,"Valmyndigheten: Mandatfördelning riksdag, region- och kommunfullmäktige 2026 (xlsx)"
KF,1907,KD,Kristdemokraterna,1,1,"Valmyndigheten: Mandatfördelning riksdag, region- och kommunfullmäktige 2026 (xlsx)"
KF,1907,M,Moderaterna,7,8,"Valmyndigheten: Mandatfördelning riksdag, region- och kommunfullmäktige 2026 (xlsx)"
KF,1907,Surahammars kommunparti,Surahammars kommunparti,0,5,"Valmyndigheten: Mandatfördelning riksdag, region- och kommunfullmäktige 2026 (xlsx)"
KF,1907,SD,Sverigedemokraterna,8,6,"Valmyndigheten: Mandatfördelning riksdag, region- och kommunfullmäktige 2026 (xlsx)"
KF,1907,V,Vänsterpartiet,2,2,"Valmyndigheten: Mandatfördelning riksdag, region- och kommunfullmäktige 2026 (xlsx)"
KF,1214,S,Arbetarepartiet-Socialdemokraterna,8,8,"Valmyndigheten: Mandatfördelning riksdag, region- och kommunfullmäktige 2026 (xlsx)"
KF,1214,C,Centerpartiet,4,5,"Valmyndigheten: Mandatfördelning riksdag, region- och kommunfullmäktige 2026 (xlsx)"
KF,1214,KD,Kristdemokraterna,2,2,"Valmyndigheten: Mandatfördelning riksdag, region- och kommunfullmäktige 2026 (xlsx)"
KF,1214,L,Liberalerna (tidigare Folkpartiet),2,1,"Valmyndigheten: Mandatfördelning riksdag, region- och kommunfullmäktige 2026 (xlsx)"
KF,1214,MP,Miljöpartiet de gröna,0,1,"Valmyndigheten: Mandatfördelning riksdag, region- och kommunfullmäktige 2026 (xlsx)"
KF,1214,M,Moderaterna,4,4,"Valmyndigheten: Mandatfördelning riksdag, region- och kommunfullmäktige 2026 (xlsx)"
KF,1214,SD,Sverigedemokraterna,13,12,"Valmyndigheten: Mandatfördelning riksdag, region- och kommunfullmäktige 2026 (xlsx)"
KF,1214,V,Vänsterpartiet,2,2,"Valmyndigheten: Mandatfördelning riksdag, region- och kommunfullmäktige 2026 (xlsx)"
KF,1263,S,Arbetarepartiet-Socialdemokraterna,10,9,"Valmyndigheten: Mandatfördelning riksdag, region- och kommunfullmäktige 2026 (xlsx)"
KF,1263,BARAPARTIET,BARAPARTIET,2,2,"Valmyndigheten: Mandatfördelning riksdag, region- och kommunfullmäktige 2026 (xlsx)"
KF,1263,C,Centerpartiet,2,2,"Valmyndigheten: Mandatfördelning riksdag, region- och kommunfullmäktige 2026 (xlsx)"
KF,1263,KD,Kristdemokraterna,2,2,"Valmyndigheten: Mandatfördelning riksdag, region- och kommunfullmäktige 2026 (xlsx)"
KF,1263,L,Liberalerna (tidigare Folkpartiet),1,1,"Valmyndigheten: Mandatfördelning riksdag, region- och kommunfullmäktige 2026 (xlsx)"
KF,1263,MP,Miljöpartiet de gröna,1,2,"Valmyndigheten: Mandatfördelning riksdag, region- och kommunfullmäktige 2026 (xlsx)"
KF,1263,M,Moderaterna,11,12,"Valmyndigheten: Mandatfördelning riksdag, region- och kommunfullmäktige 2026 (xlsx)"
KF,1263,SD,Sverigedemokraterna,12,11,"Valmyndigheten: Mandatfördelning riksdag, region- och kommunfullmäktige 2026 (xlsx)"
KF,1263,V,Vänsterpartiet,1,1,"Valmyndigheten: Mandatfördelning riksdag, region- och kommunfullmäktige 2026 (xlsx)"
KF,1263,Älska Svedala,Älska Svedala,3,3,"Valmyndigheten: Mandatfördelning riksdag, region- och kommunfullmäktige 2026 (xlsx)"
KF,1465,S,Arbetarepartiet-Socialdemokraterna,8,7,"Valmyndigheten: Mandatfördelning riksdag, region- och kommunfullmäktige 2026 (xlsx)"
KF,1465,C,Centerpartiet,3,3,"Valmyndigheten: Mandatfördelning riksdag, region- och kommunfullmäktige 2026 (xlsx)"
KF,1465,KD,Kristdemokraterna,2,2,"Valmyndigheten: Mandatfördelning riksdag, region- och kommunfullmäktige 2026 (xlsx)"
KF,1465,Landsbygdspartiet Oberoende,Landsbygdspartiet Oberoende,4,4,"Valmyndigheten: Mandatfördelning riksdag, region- och kommunfullmäktige 2026 (xlsx)"
KF,1465,L,Liberalerna (tidigare Folkpartiet),1,1,"Valmyndigheten: Mandatfördelning riksdag, region- och kommunfullmäktige 2026 (xlsx)"
KF,1465,MP,Miljöpartiet de gröna,1,1,"Valmyndigheten: Mandatfördelning riksdag, region- och kommunfullmäktige 2026 (xlsx)"
KF,1465,M,Moderaterna,6,7,"Valmyndigheten: Mandatfördelning riksdag, region- och kommunfullmäktige 2026 (xlsx)"
KF,1465,SD,Sverigedemokraterna,7,7,"Valmyndigheten: Mandatfördelning riksdag, region- och kommunfullmäktige 2026 (xlsx)"
KF,1465,V,Vänsterpartiet,1,1,"Valmyndigheten: Mandatfördelning riksdag, region- och kommunfullmäktige 2026 (xlsx)"
KF,1785,S,Arbetarepartiet-Socialdemokraterna,9,9,"Valmyndigheten: Mandatfördelning riksdag, region- och kommunfullmäktige 2026 (xlsx)"
KF,1785,C,Centerpartiet,11,7,"Valmyndigheten: Mandatfördelning riksdag, region- och kommunfullmäktige 2026 (xlsx)"
KF,1785,KD,Kristdemokraterna,2,3,"Valmyndigheten: Mandatfördelning riksdag, region- och kommunfullmäktige 2026 (xlsx)"
KF,1785,L,Liberalerna (tidigare Folkpartiet),1,1,"Valmyndigheten: Mandatfördelning riksdag, region- och kommunfullmäktige 2026 (xlsx)"
KF,1785,MP,Miljöpartiet de gröna,1,1,"Valmyndigheten: Mandatfördelning riksdag, region- och kommunfullmäktige 2026 (xlsx)"
KF,1785,M,Moderaterna,6,8,"Valmyndigheten: Mandatfördelning riksdag, region- och kommunfullmäktige 2026 (xlsx)"
KF,1785,Sjukvårdspartiet i Värmland,Sjukvårdspartiet i Värmland,2,5,"Valmyndigheten: Mandatfördelning riksdag, region- och kommunfullmäktige 2026 (xlsx)"
KF,1785,SD,Sverigedemokraterna,8,6,"Valmyndigheten: Mandatfördelning riksdag, region- och kommunfullmäktige 2026 (xlsx)"
KF,1785,V,Vänsterpartiet,1,1,"Valmyndigheten: Mandatfördelning riksdag, region- och kommunfullmäktige 2026 (xlsx)"
KF,2082,S,Arbetarepartiet-Socialdemokraterna,12,11,"Valmyndigheten: Mandatfördelning riksdag, region- och kommunfullmäktige 2026 (xlsx)"
KF,2082,C,Centerpartiet,5,5,"Valmyndigheten: Mandatfördelning riksdag, region- och kommunfullmäktige 2026 (xlsx)"
KF,2082,KD,Kristdemokraterna,2,2,"Valmyndigheten: Mandatfördelning riksdag, region- och kommunfullmäktige 2026 (xlsx)"
KF,2082,L,Liberalerna (tidigare Folkpartiet),1,0,"Valmyndigheten: Mandatfördelning riksdag, region- och kommunfullmäktige 2026 (xlsx)"
KF,2082,MP,Miljöpartiet de gröna,1,1,"Valmyndigheten: Mandatfördelning riksdag, region- och kommunfullmäktige 2026 (xlsx)"
KF,2082,M,Moderaterna,7,9,"Valmyndigheten: Mandatfördelning riksdag, region- och kommunfullmäktige 2026 (xlsx)"
KF,2082,SD,Sverigedemokraterna,5,5,"Valmyndigheten: Mandatfördelning riksdag, region- och kommunfullmäktige 2026 (xlsx)"
KF,2082,V,Vänsterpartiet,2,2,"Valmyndigheten: Mandatfördelning riksdag, region- och kommunfullmäktige 2026 (xlsx)"
KF,0684,S,Arbetarepartiet-Socialdemokraterna,8,8,"Valmyndigheten: Mandatfördelning riksdag, region- och kommunfullmäktige 2026 (xlsx)"
KF,0684,C,Centerpartiet,3,3,"Valmyndigheten: Mandatfördelning riksdag, region- och kommunfullmäktige 2026 (xlsx)"
KF,0684,KD,Kristdemokraterna,12,9,"Valmyndigheten: Mandatfördelning riksdag, region- och kommunfullmäktige 2026 (xlsx)"
KF,0684,M,Moderaterna,9,11,"Valmyndigheten: Mandatfördelning riksdag, region- och kommunfullmäktige 2026 (xlsx)"
KF,0684,SD,Sverigedemokraterna,6,6,"Valmyndigheten: Mandatfördelning riksdag, region- och kommunfullmäktige 2026 (xlsx)"
KF,0684,V,Vänsterpartiet,1,2,"Valmyndigheten: Mandatfördelning riksdag, region- och kommunfullmäktige 2026 (xlsx)"
KF,2182,S,Arbetarepartiet-Socialdemokraterna,15,16,"Valmyndigheten: Mandatfördelning riksdag, region- och kommunfullmäktige 2026 (xlsx)"
KF,2182,C,Centerpartiet,8,6,"Valmyndigheten: Mandatfördelning riksdag, region- och kommunfullmäktige 2026 (xlsx)"
KF,2182,KD,Kristdemokraterna,3,3,"Valmyndigheten: Mandatfördelning riksdag, region- och kommunfullmäktige 2026 (xlsx)"
KF,2182,L,Liberalerna (tidigare Folkpartiet),1,0,"Valmyndigheten: Mandatfördelning riksdag, region- och kommunfullmäktige 2026 (xlsx)"
KF,2182,MP,Miljöpartiet de gröna,0,1,"Valmyndigheten: Mandatfördelning riksdag, region- och kommunfullmäktige 2026 (xlsx)"
KF,2182,M,Moderaterna,8,8,"Valmyndigheten: Mandatfördelning riksdag, region- och kommunfullmäktige 2026 (xlsx)"
KF,2182,SD,Sverigedemokraterna,10,10,"Valmyndigheten: Mandatfördelning riksdag, region- och kommunfullmäktige 2026 (xlsx)"
KF,2182,V,Vänsterpartiet,4,5,"Valmyndigheten: Mandatfördelning riksdag, region- och kommunfullmäktige 2026 (xlsx)"
KF,0582,S,Arbetarepartiet-Socialdemokraterna,8,7,"Valmyndigheten: Mandatfördelning riksdag, region- och kommunfullmäktige 2026 (xlsx)"
KF,0582,C,Centerpartiet,4,5,"Valmyndigheten: Mandatfördelning riksdag, region- och kommunfullmäktige 2026 (xlsx)"
KF,0582,KD,Kristdemokraterna,3,3,"Valmyndigheten: Mandatfördelning riksdag, region- och kommunfullmäktige 2026 (xlsx)"
KF,0582,L,Liberalerna (tidigare Folkpartiet),2,1,"Valmyndigheten: Mandatfördelning riksdag, region- och kommunfullmäktige 2026 (xlsx)"
KF,0582,MP,Miljöpartiet de gröna,1,2,"Valmyndigheten: Mandatfördelning riksdag, region- och kommunfullmäktige 2026 (xlsx)"
KF,0582,M,Moderaterna,9,8,"Valmyndigheten: Mandatfördelning riksdag, region- och kommunfullmäktige 2026 (xlsx)"
KF,0582,SD,Sverigedemokraterna,8,8,"Valmyndigheten: Mandatfördelning riksdag, region- och kommunfullmäktige 2026 (xlsx)"
KF,0582,Söderköpingsinitiativet,Söderköpingsinitiativet,2,4,"Valmyndigheten: Mandatfördelning riksdag, region- och kommunfullmäktige 2026 (xlsx)"
KF,0582,V,Vänsterpartiet,2,1,"Valmyndigheten: Mandatfördelning riksdag, region- och kommunfullmäktige 2026 (xlsx)"
KF,0181,S,Arbetarepartiet-Socialdemokraterna,20,18,"Valmyndigheten: Mandatfördelning riksdag, region- och kommunfullmäktige 2026 (xlsx)"
KF,0181,C,Centerpartiet,3,3,"Valmyndigheten: Mandatfördelning riksdag, region- och kommunfullmäktige 2026 (xlsx)"
KF,0181,KD,Kristdemokraterna,6,6,"Valmyndigheten: Mandatfördelning riksdag, region- och kommunfullmäktige 2026 (xlsx)"
KF,0181,L,Liberalerna (tidigare Folkpartiet),3,2,"Valmyndigheten: Mandatfördelning riksdag, region- och kommunfullmäktige 2026 (xlsx)"
KF,0181,MP,Miljöpartiet de gröna,3,4,"Valmyndigheten: Mandatfördelning riksdag, region- och kommunfullmäktige 2026 (xlsx)"
KF,0181,M,Moderaterna,12,12,"Valmyndigheten: Mandatfördelning riksdag, region- och kommunfullmäktige 2026 (xlsx)"
KF,0181,Realistpartiet,Realistpartiet,3,3,"Valmyndigheten: Mandatfördelning riksdag, region- och kommunfullmäktige 2026 (xlsx)"
KF,0181,SD,Sverigedemokraterna,10,11,"Valmyndigheten: Mandatfördelning riksdag, region- och kommunfullmäktige 2026 (xlsx)"
KF,0181,V,Vänsterpartiet,5,6,"Valmyndigheten: Mandatfördelning riksdag, region- och kommunfullmäktige 2026 (xlsx)"
KF,1083,S,Arbetarepartiet-Socialdemokraterna,14,14,"Valmyndigheten: Mandatfördelning riksdag, region- och kommunfullmäktige 2026 (xlsx)"
KF,1083,C,Centerpartiet,1,2,"Valmyndigheten: Mandatfördelning riksdag, region- och kommunfullmäktige 2026 (xlsx)"
KF,1083,KD,Kristdemokraterna,2,4,"Valmyndigheten: Mandatfördelning riksdag, region- och kommunfullmäktige 2026 (xlsx)"
KF,1083,M,Moderaterna,8,7,"Valmyndigheten: Mandatfördelning riksdag, region- och kommunfullmäktige 2026 (xlsx)"
KF,1083,SoL-partiet Sölvesborg och Lister,SoL-partiet Sölvesborg och Lister,1,2,"Valmyndigheten: Mandatfördelning riksdag, region- och kommunfullmäktige 2026 (xlsx)"
KF,1083,SD,Sverigedemokraterna,20,18,"Valmyndigheten: Mandatfördelning riksdag, region- och kommunfullmäktige 2026 (xlsx)"
KF,1083,V,Vänsterpartiet,3,2,"Valmyndigheten: Mandatfördelning riksdag, region- och kommunfullmäktige 2026 (xlsx)"
KF,1435,S,Arbetarepartiet-Socialdemokraterna,9,9,"Valmyndigheten: Mandatfördelning riksdag, region- och kommunfullmäktige 2026 (xlsx)"
KF,1435,C,Centerpartiet,6,6,"Valmyndigheten: Mandatfördelning riksdag, region- och kommunfullmäktige 2026 (xlsx)"
KF,1435,KD,Kristdemokraterna,2,2,"Valmyndigheten: Mandatfördelning riksdag, region- och kommunfullmäktige 2026 (xlsx)"
KF,1435,L,Liberalerna (tidigare Folkpartiet),2,2,"Valmyndigheten: Mandatfördelning riksdag, region- och kommunfullmäktige 2026 (xlsx)"
KF,1435,MP,Miljöpartiet de gröna,1,2,"Valmyndigheten: Mandatfördelning riksdag, region- och kommunfullmäktige 2026 (xlsx)"
KF,1435,M,Moderaterna,13,12,"Valmyndigheten: Mandatfördelning riksdag, region- och kommunfullmäktige 2026 (xlsx)"
KF,1435,SD,Sverigedemokraterna,6,5,"Valmyndigheten: Mandatfördelning riksdag, region- och kommunfullmäktige 2026 (xlsx)"
KF,1435,V,Vänsterpartiet,2,1,"Valmyndigheten: Mandatfördelning riksdag, region- och kommunfullmäktige 2026 (xlsx)"
KF,1472,S,Arbetarepartiet-Socialdemokraterna,11,12,"Valmyndigheten: Mandatfördelning riksdag, region- och kommunfullmäktige 2026 (xlsx)"
KF,1472,C,Centerpartiet,3,2,"Valmyndigheten: Mandatfördelning riksdag, region- och kommunfullmäktige 2026 (xlsx)"
KF,1472,KD,Kristdemokraterna,3,3,"Valmyndigheten: Mandatfördelning riksdag, region- och kommunfullmäktige 2026 (xlsx)"
KF,1472,L,Liberalerna (tidigare Folkpartiet),3,2,"Valmyndigheten: Mandatfördelning riksdag, region- och kommunfullmäktige 2026 (xlsx)"
KF,1472,M,Moderaterna,6,6,"Valmyndigheten: Mandatfördelning riksdag, region- och kommunfullmäktige 2026 (xlsx)"
KF,1472,SD,Sverigedemokraterna,8,8,"Valmyndigheten: Mandatfördelning riksdag, region- och kommunfullmäktige 2026 (xlsx)"
KF,1472,V,Vänsterpartiet,1,2,"Valmyndigheten: Mandatfördelning riksdag, region- och kommunfullmäktige 2026 (xlsx)"
KF,1498,S,Arbetarepartiet-Socialdemokraterna,13,15,"Valmyndigheten: Mandatfördelning riksdag, region- och kommunfullmäktige 2026 (xlsx)"
KF,1498,C,Centerpartiet,2,2,"Valmyndigheten: Mandatfördelning riksdag, region- och kommunfullmäktige 2026 (xlsx)"
KF,1498,KD,Kristdemokraterna,2,4,"Valmyndigheten: Mandatfördelning riksdag, region- och kommunfullmäktige 2026 (xlsx)"
KF,1498,L,Liberalerna (tidigare Folkpartiet),4,3,"Valmyndigheten: Mandatfördelning riksdag, region- och kommunfullmäktige 2026 (xlsx)"
KF,1498,MP,Miljöpartiet de gröna,1,1,"Valmyndigheten: Mandatfördelning riksdag, region- och kommunfullmäktige 2026 (xlsx)"
KF,1498,M,Moderaterna,6,5,"Valmyndigheten: Mandatfördelning riksdag, region- och kommunfullmäktige 2026 (xlsx)"
KF,1498,SD,Sverigedemokraterna,5,7,"Valmyndigheten: Mandatfördelning riksdag, region- och kommunfullmäktige 2026 (xlsx)"
KF,1498,Vi Tidaholm,Vi Tidaholm,6,2,"Valmyndigheten: Mandatfördelning riksdag, region- och kommunfullmäktige 2026 (xlsx)"
KF,1498,V,Vänsterpartiet,2,2,"Valmyndigheten: Mandatfördelning riksdag, region- och kommunfullmäktige 2026 (xlsx)"
KF,0360,S,Arbetarepartiet-Socialdemokraterna,16,11,"Valmyndigheten: Mandatfördelning riksdag, region- och kommunfullmäktige 2026 (xlsx)"
KF,0360,C,Centerpartiet,8,5,"Valmyndigheten: Mandatfördelning riksdag, region- och kommunfullmäktige 2026 (xlsx)"
KF,0360,KD,Kristdemokraterna,2,2,"Valmyndigheten: Mandatfördelning riksdag, region- och kommunfullmäktige 2026 (xlsx)"
KF,0360,L,Liberalerna (tidigare Folkpartiet),1,0,"Valmyndigheten: Mandatfördelning riksdag, region- och kommunfullmäktige 2026 (xlsx)"
KF,0360,MP,Miljöpartiet de gröna,1,2,"Valmyndigheten: Mandatfördelning riksdag, region- och kommunfullmäktige 2026 (xlsx)"
KF,0360,M,Moderaterna,7,6,"Valmyndigheten: Mandatfördelning riksdag, region- och kommunfullmäktige 2026 (xlsx)"
KF,0360,SD,Sverigedemokraterna,9,7,"Valmyndigheten: Mandatfördelning riksdag, region- och kommunfullmäktige 2026 (xlsx)"
KF,0360,Tierpslistan,Tierpslistan,2,6,"Valmyndigheten: Mandatfördelning riksdag, region- och kommunfullmäktige 2026 (xlsx)"
KF,0360,V,Vänsterpartiet,3,2,"Valmyndigheten: Mandatfördelning riksdag, region- och kommunfullmäktige 2026 (xlsx)"
KF,2262,S,Arbetarepartiet-Socialdemokraterna,18,14,"Valmyndigheten: Mandatfördelning riksdag, region- och kommunfullmäktige 2026 (xlsx)"
KF,2262,C,Centerpartiet,2,2,"Valmyndigheten: Mandatfördelning riksdag, region- och kommunfullmäktige 2026 (xlsx)"
KF,2262,KD,Kristdemokraterna,2,2,"Valmyndigheten: Mandatfördelning riksdag, region- och kommunfullmäktige 2026 (xlsx)"
KF,2262,MP,Miljöpartiet de gröna,0,1,"Valmyndigheten: Mandatfördelning riksdag, region- och kommunfullmäktige 2026 (xlsx)"
KF,2262,M,Moderaterna,5,6,"Valmyndigheten: Mandatfördelning riksdag, region- och kommunfullmäktige 2026 (xlsx)"
KF,2262,Norrlandspartiet,Norrlandspartiet,0,4,"Valmyndigheten: Mandatfördelning riksdag, region- och kommunfullmäktige 2026 (xlsx)"
KF,2262,SD,Sverigedemokraterna,7,6,"Valmyndigheten: Mandatfördelning riksdag, region- och kommunfullmäktige 2026 (xlsx)"
KF,2262,Timråpartiet,Timråpartiet,5,4,"Valmyndigheten: Mandatfördelning riksdag, region- och kommunfullmäktige 2026 (xlsx)"
KF,2262,V,Vänsterpartiet,2,2,"Valmyndigheten: Mandatfördelning riksdag, region- och kommunfullmäktige 2026 (xlsx)"
KF,0763,S,Arbetarepartiet-Socialdemokraterna,13,12,"Valmyndigheten: Mandatfördelning riksdag, region- och kommunfullmäktige 2026 (xlsx)"
KF,0763,C,Centerpartiet,5,6,"Valmyndigheten: Mandatfördelning riksdag, region- och kommunfullmäktige 2026 (xlsx)"
KF,0763,KD,Kristdemokraterna,3,3,"Valmyndigheten: Mandatfördelning riksdag, region- och kommunfullmäktige 2026 (xlsx)"
KF,0763,MP,Miljöpartiet de gröna,0,1,"Valmyndigheten: Mandatfördelning riksdag, region- och kommunfullmäktige 2026 (xlsx)"
KF,0763,M,Moderaterna,7,9,"Valmyndigheten: Mandatfördelning riksdag, region- och kommunfullmäktige 2026 (xlsx)"
KF,0763,SD,Sverigedemokraterna,11,8,"Valmyndigheten: Mandatfördelning riksdag, region- och kommunfullmäktige 2026 (xlsx)"
KF,0763,V,Vänsterpartiet,2,2,"Valmyndigheten: Mandatfördelning riksdag, region- och kommunfullmäktige 2026 (xlsx)"
KF,1419,S,Arbetarepartiet-Socialdemokraterna,10,9,"Valmyndigheten: Mandatfördelning riksdag, region- och kommunfullmäktige 2026 (xlsx)"
KF,1419,C,Centerpartiet,2,2,"Valmyndigheten: Mandatfördelning riksdag, region- och kommunfullmäktige 2026 (xlsx)"
KF,1419,KD,Kristdemokraterna,5,4,"Valmyndigheten: Mandatfördelning riksdag, region- och kommunfullmäktige 2026 (xlsx)"
KF,1419,L,Liberalerna (tidigare Folkpartiet),5,6,"Valmyndigheten: Mandatfördelning riksdag, region- och kommunfullmäktige 2026 (xlsx)"
KF,1419,MP,Miljöpartiet de gröna,1,2,"Valmyndigheten: Mandatfördelning riksdag, region- och kommunfullmäktige 2026 (xlsx)"
KF,1419,M,Moderaterna,6,8,"Valmyndigheten: Mandatfördelning riksdag, region- och kommunfullmäktige 2026 (xlsx)"
KF,1419,SD,Sverigedemokraterna,5,5,"Valmyndigheten: Mandatfördelning riksdag, region- och kommunfullmäktige 2026 (xlsx)"
KF,1419,TJÖRNPARTIET,TJÖRNPARTIET,5,4,"Valmyndigheten: Mandatfördelning riksdag, region- och kommunfullmäktige 2026 (xlsx)"
KF,1419,V,Vänsterpartiet,2,1,"Valmyndigheten: Mandatfördelning riksdag, region- och kommunfullmäktige 2026 (xlsx)"
KF,1270,S,Arbetarepartiet-Socialdemokraterna,9,8,"Valmyndigheten: Mandatfördelning riksdag, region- och kommunfullmäktige 2026 (xlsx)"
KF,1270,C,Centerpartiet,6,6,"Valmyndigheten: Mandatfördelning riksdag, region- och kommunfullmäktige 2026 (xlsx)"
KF,1270,KD,Kristdemokraterna,1,2,"Valmyndigheten: Mandatfördelning riksdag, region- och kommunfullmäktige 2026 (xlsx)"
KF,1270,L,Liberalerna (tidigare Folkpartiet),1,0,"Valmyndigheten: Mandatfördelning riksdag, region- och kommunfullmäktige 2026 (xlsx)"
KF,1270,MP,Miljöpartiet de gröna,1,2,"Valmyndigheten: Mandatfördelning riksdag, region- och kommunfullmäktige 2026 (xlsx)"
KF,1270,M,Moderaterna,9,10,"Valmyndigheten: Mandatfördelning riksdag, region- och kommunfullmäktige 2026 (xlsx)"
KF,1270,SD,Sverigedemokraterna,12,11,"Valmyndigheten: Mandatfördelning riksdag, region- och kommunfullmäktige 2026 (xlsx)"
KF,1270,V,Vänsterpartiet,2,2,"Valmyndigheten: Mandatfördelning riksdag, region- och kommunfullmäktige 2026 (xlsx)"
KF,1737,S,Arbetarepartiet-Socialdemokraterna,10,11,"Valmyndigheten: Mandatfördelning riksdag, region- och kommunfullmäktige 2026 (xlsx)"
KF,1737,C,Centerpartiet,3,3,"Valmyndigheten: Mandatfördelning riksdag, region- och kommunfullmäktige 2026 (xlsx)"
KF,1737,De Oberoende i Torsby,De Oberoende i Torsby,3,4,"Valmyndigheten: Mandatfördelning riksdag, region- och kommunfullmäktige 2026 (xlsx)"
KF,1737,KD,Kristdemokraterna,2,1,"Valmyndigheten: Mandatfördelning riksdag, region- och kommunfullmäktige 2026 (xlsx)"
KF,1737,M,Moderaterna,5,6,"Valmyndigheten: Mandatfördelning riksdag, region- och kommunfullmäktige 2026 (xlsx)"
KF,1737,Nordvärmlands kommunparti,Nordvärmlands kommunparti,1,1,"Valmyndigheten: Mandatfördelning riksdag, region- och kommunfullmäktige 2026 (xlsx)"
KF,1737,SD,Sverigedemokraterna,5,4,"Valmyndigheten: Mandatfördelning riksdag, region- och kommunfullmäktige 2026 (xlsx)"
KF,1737,V,Vänsterpartiet,2,1,"Valmyndigheten: Mandatfördelning riksdag, region- och kommunfullmäktige 2026 (xlsx)"
KF,0834,S,Arbetarepartiet-Socialdemokraterna,10,8,"Valmyndigheten: Mandatfördelning riksdag, region- och kommunfullmäktige 2026 (xlsx)"
KF,0834,C,Centerpartiet,6,5,"Valmyndigheten: Mandatfördelning riksdag, region- och kommunfullmäktige 2026 (xlsx)"
KF,0834,KD,Kristdemokraterna,2,2,"Valmyndigheten: Mandatfördelning riksdag, region- och kommunfullmäktige 2026 (xlsx)"
KF,0834,L,Liberalerna (tidigare Folkpartiet),1,1,"Valmyndigheten: Mandatfördelning riksdag, region- och kommunfullmäktige 2026 (xlsx)"
KF,0834,MP,Miljöpartiet de gröna,1,1,"Valmyndigheten: Mandatfördelning riksdag, region- och kommunfullmäktige 2026 (xlsx)"
KF,0834,M,Moderaterna,3,4,"Valmyndigheten: Mandatfördelning riksdag, region- och kommunfullmäktige 2026 (xlsx)"
KF,0834,SD,Sverigedemokraterna,10,9,"Valmyndigheten: Mandatfördelning riksdag, region- och kommunfullmäktige 2026 (xlsx)"
KF,0834,V,Vänsterpartiet,2,1,"Valmyndigheten: Mandatfördelning riksdag, region- och kommunfullmäktige 2026 (xlsx)"
KF,1452,S,Arbetarepartiet-Socialdemokraterna,12,11,"Valmyndigheten: Mandatfördelning riksdag, region- och kommunfullmäktige 2026 (xlsx)"
KF,1452,C,Centerpartiet,8,7,"Valmyndigheten: Mandatfördelning riksdag, region- och kommunfullmäktige 2026 (xlsx)"
KF,1452,KD,Kristdemokraterna,2,2,"Valmyndigheten: Mandatfördelning riksdag, region- och kommunfullmäktige 2026 (xlsx)"
KF,1452,L,Liberalerna (tidigare Folkpartiet),1,0,"Valmyndigheten: Mandatfördelning riksdag, region- och kommunfullmäktige 2026 (xlsx)"
KF,1452,MP,Miljöpartiet de gröna,1,1,"Valmyndigheten: Mandatfördelning riksdag, region- och kommunfullmäktige 2026 (xlsx)"
KF,1452,M,Moderaterna,6,8,"Valmyndigheten: Mandatfördelning riksdag, region- och kommunfullmäktige 2026 (xlsx)"
KF,1452,SD,Sverigedemokraterna,6,6,"Valmyndigheten: Mandatfördelning riksdag, region- och kommunfullmäktige 2026 (xlsx)"
KF,1452,V,Vänsterpartiet,1,2,"Valmyndigheten: Mandatfördelning riksdag, region- och kommunfullmäktige 2026 (xlsx)"
KF,0687,S,Arbetarepartiet-Socialdemokraterna,14,12,"Valmyndigheten: Mandatfördelning riksdag, region- och kommunfullmäktige 2026 (xlsx)"
KF,0687,C,Centerpartiet,3,3,"Valmyndigheten: Mandatfördelning riksdag, region- och kommunfullmäktige 2026 (xlsx)"
KF,0687,KD,Kristdemokraterna,3,3,"Valmyndigheten: Mandatfördelning riksdag, region- och kommunfullmäktige 2026 (xlsx)"
KF,0687,L,Liberalerna (tidigare Folkpartiet),1,3,"Valmyndigheten: Mandatfördelning riksdag, region- och kommunfullmäktige 2026 (xlsx)"
KF,0687,MP,Miljöpartiet de gröna,2,2,"Valmyndigheten: Mandatfördelning riksdag, region- och kommunfullmäktige 2026 (xlsx)"
KF,0687,M,Moderaterna,9,8,"Valmyndigheten: Mandatfördelning riksdag, region- och kommunfullmäktige 2026 (xlsx)"
KF,0687,SD,Sverigedemokraterna,8,8,"Valmyndigheten: Mandatfördelning riksdag, region- och kommunfullmäktige 2026 (xlsx)"
KF,0687,V,Vänsterpartiet,1,2,"Valmyndigheten: Mandatfördelning riksdag, region- och kommunfullmäktige 2026 (xlsx)"
KF,1287,S,Arbetarepartiet-Socialdemokraterna,15,16,"Valmyndigheten: Mandatfördelning riksdag, region- och kommunfullmäktige 2026 (xlsx)"
KF,1287,C,Centerpartiet,3,3,"Valmyndigheten: Mandatfördelning riksdag, region- och kommunfullmäktige 2026 (xlsx)"
KF,1287,KD,Kristdemokraterna,4,3,"Valmyndigheten: Mandatfördelning riksdag, region- och kommunfullmäktige 2026 (xlsx)"
KF,1287,L,Liberalerna (tidigare Folkpartiet),2,3,"Valmyndigheten: Mandatfördelning riksdag, region- och kommunfullmäktige 2026 (xlsx)"
KF,1287,M,Moderaterna,12,13,"Valmyndigheten: Mandatfördelning riksdag, region- och kommunfullmäktige 2026 (xlsx)"
KF,1287,SD,Sverigedemokraterna,14,15,"Valmyndigheten: Mandatfördelning riksdag, region- och kommunfullmäktige 2026 (xlsx)"
KF,1287,Vårt Söderslätt,Vårt Söderslätt,9,5,"Valmyndigheten: Mandatfördelning riksdag, region- och kommunfullmäktige 2026 (xlsx)"
KF,1287,V,Vänsterpartiet,2,3,"Valmyndigheten: Mandatfördelning riksdag, region- och kommunfullmäktige 2026 (xlsx)"
KF,1488,S,Arbetarepartiet-Socialdemokraterna,22,22,"Valmyndigheten: Mandatfördelning riksdag, region- och kommunfullmäktige 2026 (xlsx)"
KF,1488,C,Centerpartiet,4,2,"Valmyndigheten: Mandatfördelning riksdag, region- och kommunfullmäktige 2026 (xlsx)"
KF,1488,KD,Kristdemokraterna,2,2,"Valmyndigheten: Mandatfördelning riksdag, region- och kommunfullmäktige 2026 (xlsx)"
KF,1488,MP,Miljöpartiet de gröna,0,2,"Valmyndigheten: Mandatfördelning riksdag, region- och kommunfullmäktige 2026 (xlsx)"
KF,1488,M,Moderaterna,18,19,"Valmyndigheten: Mandatfördelning riksdag, region- och kommunfullmäktige 2026 (xlsx)"
KF,1488,SD,Sverigedemokraterna,10,8,"Valmyndigheten: Mandatfördelning riksdag, region- och kommunfullmäktige 2026 (xlsx)"
KF,1488,V,Vänsterpartiet,5,6,"Valmyndigheten: Mandatfördelning riksdag, region- och kommunfullmäktige 2026 (xlsx)"
KF,0488,S,Arbetarepartiet-Socialdemokraterna,8,9,"Valmyndigheten: Mandatfördelning riksdag, region- och kommunfullmäktige 2026 (xlsx)"
KF,0488,C,Centerpartiet,2,2,"Valmyndigheten: Mandatfördelning riksdag, region- och kommunfullmäktige 2026 (xlsx)"
KF,0488,KD,Kristdemokraterna,1,2,"Valmyndigheten: Mandatfördelning riksdag, region- och kommunfullmäktige 2026 (xlsx)"
KF,0488,L,Liberalerna (tidigare Folkpartiet),1,1,"Valmyndigheten: Mandatfördelning riksdag, region- och kommunfullmäktige 2026 (xlsx)"
KF,0488,MP,Miljöpartiet de gröna,1,2,"Valmyndigheten: Mandatfördelning riksdag, region- och kommunfullmäktige 2026 (xlsx)"
KF,0488,M,Moderaterna,16,14,"Valmyndigheten: Mandatfördelning riksdag, region- och kommunfullmäktige 2026 (xlsx)"
KF,0488,SD,Sverigedemokraterna,4,4,"Valmyndigheten: Mandatfördelning riksdag, region- och kommunfullmäktige 2026 (xlsx)"
KF,0488,V,Vänsterpartiet,2,1,"Valmyndigheten: Mandatfördelning riksdag, region- och kommunfullmäktige 2026 (xlsx)"
KF,0138,S,Arbetarepartiet-Socialdemokraterna,20,18,"Valmyndigheten: Mandatfördelning riksdag, region- och kommunfullmäktige 2026 (xlsx)"
KF,0138,C,Centerpartiet,3,3,"Valmyndigheten: Mandatfördelning riksdag, region- och kommunfullmäktige 2026 (xlsx)"
KF,0138,KD,Kristdemokraterna,2,2,"Valmyndigheten: Mandatfördelning riksdag, region- och kommunfullmäktige 2026 (xlsx)"
KF,0138,L,Liberalerna (tidigare Folkpartiet),4,3,"Valmyndigheten: Mandatfördelning riksdag, region- och kommunfullmäktige 2026 (xlsx)"
KF,0138,MP,Miljöpartiet de gröna,3,4,"Valmyndigheten: Mandatfördelning riksdag, region- och kommunfullmäktige 2026 (xlsx)"
KF,0138,M,Moderaterna,17,19,"Valmyndigheten: Mandatfördelning riksdag, region- och kommunfullmäktige 2026 (xlsx)"
KF,0138,SD,Sverigedemokraterna,9,9,"Valmyndigheten: Mandatfördelning riksdag, region- och kommunfullmäktige 2026 (xlsx)"
KF,0138,V,Vänsterpartiet,3,3,"Valmyndigheten: Mandatfördelning riksdag, region- och kommunfullmäktige 2026 (xlsx)"
KF,0160,S,Arbetarepartiet-Socialdemokraterna,11,10,"Valmyndigheten: Mandatfördelning riksdag, region- och kommunfullmäktige 2026 (xlsx)"
KF,0160,C,Centerpartiet,5,6,"Valmyndigheten: Mandatfördelning riksdag, region- och kommunfullmäktige 2026 (xlsx)"
KF,0160,KD,Kristdemokraterna,4,3,"Valmyndigheten: Mandatfördelning riksdag, region- och kommunfullmäktige 2026 (xlsx)"
KF,0160,L,Liberalerna (tidigare Folkpartiet),9,5,"Valmyndigheten: Mandatfördelning riksdag, region- och kommunfullmäktige 2026 (xlsx)"
KF,0160,MP,Miljöpartiet de gröna,2,3,"Valmyndigheten: Mandatfördelning riksdag, region- och kommunfullmäktige 2026 (xlsx)"
KF,0160,M,Moderaterna,25,29,"Valmyndigheten: Mandatfördelning riksdag, region- och kommunfullmäktige 2026 (xlsx)"
KF,0160,SD,Sverigedemokraterna,5,5,"Valmyndigheten: Mandatfördelning riksdag, region- och kommunfullmäktige 2026 (xlsx)"
KF,1473,S,Arbetarepartiet-Socialdemokraterna,9,8,"Valmyndigheten: Mandatfördelning riksdag, region- och kommunfullmäktige 2026 (xlsx)"
KF,1473,C,Centerpartiet,4,4,"Valmyndigheten: Mandatfördelning riksdag, region- och kommunfullmäktige 2026 (xlsx)"
KF,1473,KD,Kristdemokraterna,0,1,"Valmyndigheten: Mandatfördelning riksdag, region- och kommunfullmäktige 2026 (xlsx)"
KF,1473,L,Liberalerna (tidigare Folkpartiet),1,1,"Valmyndigheten: Mandatfördelning riksdag, region- och kommunfullmäktige 2026 (xlsx)"
KF,1473,M,Moderaterna,9,10,"Valmyndigheten: Mandatfördelning riksdag, region- och kommunfullmäktige 2026 (xlsx)"
KF,1473,SD,Sverigedemokraterna,6,5,"Valmyndigheten: Mandatfördelning riksdag, region- och kommunfullmäktige 2026 (xlsx)"
KF,1473,V,Vänsterpartiet,2,2,"Valmyndigheten: Mandatfördelning riksdag, region- och kommunfullmäktige 2026 (xlsx)"
KF,1485,S,Arbetarepartiet-Socialdemokraterna,17,19,"Valmyndigheten: Mandatfördelning riksdag, region- och kommunfullmäktige 2026 (xlsx)"
KF,1485,C,Centerpartiet,3,3,"Valmyndigheten: Mandatfördelning riksdag, region- och kommunfullmäktige 2026 (xlsx)"
KF,1485,KD,Kristdemokraterna,5,4,"Valmyndigheten: Mandatfördelning riksdag, region- och kommunfullmäktige 2026 (xlsx)"
KF,1485,L,Liberalerna (tidigare Folkpartiet),2,2,"Valmyndigheten: Mandatfördelning riksdag, region- och kommunfullmäktige 2026 (xlsx)"
KF,1485,MP,Miljöpartiet de gröna,2,3,"Valmyndigheten: Mandatfördelning riksdag, region- och kommunfullmäktige 2026 (xlsx)"
KF,1485,M,Moderaterna,10,9,"Valmyndigheten: Mandatfördelning riksdag, region- och kommunfullmäktige 2026 (xlsx)"
KF,1485,SD,Sverigedemokraterna,11,12,"Valmyndigheten: Mandatfördelning riksdag, region- och kommunfullmäktige 2026 (xlsx)"
KF,1485,Uddevallapartiet,Uddevallapartiet,7,4,"Valmyndigheten: Mandatfördelning riksdag, region- och kommunfullmäktige 2026 (xlsx)"
KF,1485,V,Vänsterpartiet,4,5,"Valmyndigheten: Mandatfördelning riksdag, region- och kommunfullmäktige 2026 (xlsx)"
KF,1491,S,Arbetarepartiet-Socialdemokraterna,9,10,"Valmyndigheten: Mandatfördelning riksdag, region- och kommunfullmäktige 2026 (xlsx)"
KF,1491,C,Centerpartiet,7,6,"Valmyndigheten: Mandatfördelning riksdag, region- och kommunfullmäktige 2026 (xlsx)"
KF,1491,KD,Kristdemokraterna,3,2,"Valmyndigheten: Mandatfördelning riksdag, region- och kommunfullmäktige 2026 (xlsx)"
KF,1491,L,Liberalerna (tidigare Folkpartiet),2,1,"Valmyndigheten: Mandatfördelning riksdag, region- och kommunfullmäktige 2026 (xlsx)"
KF,1491,MP,Miljöpartiet de gröna,1,2,"Valmyndigheten: Mandatfördelning riksdag, region- och kommunfullmäktige 2026 (xlsx)"
KF,1491,M,Moderaterna,9,8,"Valmyndigheten: Mandatfördelning riksdag, region- och kommunfullmäktige 2026 (xlsx)"
KF,1491,Nya Ulricehamn,Nya Ulricehamn,8,9,"Valmyndigheten: Mandatfördelning riksdag, region- och kommunfullmäktige 2026 (xlsx)"
KF,1491,SD,Sverigedemokraterna,8,8,"Valmyndigheten: Mandatfördelning riksdag, region- och kommunfullmäktige 2026 (xlsx)"
KF,1491,V,Vänsterpartiet,2,3,"Valmyndigheten: Mandatfördelning riksdag, region- och kommunfullmäktige 2026 (xlsx)"
KF,2480,S,Arbetarepartiet-Socialdemokraterna,24,21,"Valmyndigheten: Mandatfördelning riksdag, region- och kommunfullmäktige 2026 (xlsx)"
KF,2480,C,Centerpartiet,5,5,"Valmyndigheten: Mandatfördelning riksdag, region- och kommunfullmäktige 2026 (xlsx)"
KF,2480,Demokratiska Sekulära Socialister Arbetarpartiet,Demokratiska Sekulära Socialister Arbetarpartiet,2,2,"Valmyndigheten: Mandatfördelning riksdag, region- och kommunfullmäktige 2026 (xlsx)"
KF,2480,KD,Kristdemokraterna,2,3,"Valmyndigheten: Mandatfördelning riksdag, region- och kommunfullmäktige 2026 (xlsx)"
KF,2480,L,Liberalerna (tidigare Folkpartiet),3,3,"Valmyndigheten: Mandatfördelning riksdag, region- och kommunfullmäktige 2026 (xlsx)"
KF,2480,MP,Miljöpartiet de gröna,4,6,"Valmyndigheten: Mandatfördelning riksdag, region- och kommunfullmäktige 2026 (xlsx)"
KF,2480,M,Moderaterna,12,13,"Valmyndigheten: Mandatfördelning riksdag, region- och kommunfullmäktige 2026 (xlsx)"
KF,2480,SD,Sverigedemokraterna,4,4,"Valmyndigheten: Mandatfördelning riksdag, region- och kommunfullmäktige 2026 (xlsx)"
KF,2480,V,Vänsterpartiet,9,8,"Valmyndigheten: Mandatfördelning riksdag, region- och kommunfullmäktige 2026 (xlsx)"
KF,0114,S,Arbetarepartiet-Socialdemokraterna,14,17,"Valmyndigheten: Mandatfördelning riksdag, region- och kommunfullmäktige 2026 (xlsx)"
KF,0114,C,Centerpartiet,2,3,"Valmyndigheten: Mandatfördelning riksdag, region- och kommunfullmäktige 2026 (xlsx)"
KF,0114,KD,Kristdemokraterna,2,2,"Valmyndigheten: Mandatfördelning riksdag, region- och kommunfullmäktige 2026 (xlsx)"
KF,0114,L,Liberalerna (tidigare Folkpartiet),2,2,"Valmyndigheten: Mandatfördelning riksdag, region- och kommunfullmäktige 2026 (xlsx)"
KF,0114,MP,Miljöpartiet de gröna,2,3,"Valmyndigheten: Mandatfördelning riksdag, region- och kommunfullmäktige 2026 (xlsx)"
KF,0114,M,Moderaterna,11,13,"Valmyndigheten: Mandatfördelning riksdag, region- och kommunfullmäktige 2026 (xlsx)"
KF,0114,SD,Sverigedemokraterna,8,8,"Valmyndigheten: Mandatfördelning riksdag, region- och kommunfullmäktige 2026 (xlsx)"
KF,0114,V,Vänsterpartiet,4,6,"Valmyndigheten: Mandatfördelning riksdag, region- och kommunfullmäktige 2026 (xlsx)"
KF,0114,Väsbys Bästa,Väsbys Bästa,6,7,"Valmyndigheten: Mandatfördelning riksdag, region- och kommunfullmäktige 2026 (xlsx)"
KF,0139,S,Arbetarepartiet-Socialdemokraterna,12,17,"Valmyndigheten: Mandatfördelning riksdag, region- och kommunfullmäktige 2026 (xlsx)"
KF,0139,C,Centerpartiet,2,2,"Valmyndigheten: Mandatfördelning riksdag, region- och kommunfullmäktige 2026 (xlsx)"
KF,0139,KD,Kristdemokraterna,2,3,"Valmyndigheten: Mandatfördelning riksdag, region- och kommunfullmäktige 2026 (xlsx)"
KF,0139,L,Liberalerna (tidigare Folkpartiet),2,2,"Valmyndigheten: Mandatfördelning riksdag, region- och kommunfullmäktige 2026 (xlsx)"
KF,0139,MP,Miljöpartiet de gröna,1,2,"Valmyndigheten: Mandatfördelning riksdag, region- och kommunfullmäktige 2026 (xlsx)"
KF,0139,M,Moderaterna,11,11,"Valmyndigheten: Mandatfördelning riksdag, region- och kommunfullmäktige 2026 (xlsx)"
KF,0139,SD,Sverigedemokraterna,7,8,"Valmyndigheten: Mandatfördelning riksdag, region- och kommunfullmäktige 2026 (xlsx)"
KF,0139,V,Vänsterpartiet,4,6,"Valmyndigheten: Mandatfördelning riksdag, region- och kommunfullmäktige 2026 (xlsx)"
KF,0380,S,Arbetarepartiet-Socialdemokraterna,23,21,"Valmyndigheten: Mandatfördelning riksdag, region- och kommunfullmäktige 2026 (xlsx)"
KF,0380,C,Centerpartiet,7,7,"Valmyndigheten: Mandatfördelning riksdag, region- och kommunfullmäktige 2026 (xlsx)"
KF,0380,KD,Kristdemokraterna,6,5,"Valmyndigheten: Mandatfördelning riksdag, region- och kommunfullmäktige 2026 (xlsx)"
KF,0380,L,Liberalerna (tidigare Folkpartiet),5,3,"Valmyndigheten: Mandatfördelning riksdag, region- och kommunfullmäktige 2026 (xlsx)"
KF,0380,MP,Miljöpartiet de gröna,5,8,"Valmyndigheten: Mandatfördelning riksdag, region- och kommunfullmäktige 2026 (xlsx)"
KF,0380,M,Moderaterna,14,16,"Valmyndigheten: Mandatfördelning riksdag, region- och kommunfullmäktige 2026 (xlsx)"
KF,0380,SD,Sverigedemokraterna,8,8,"Valmyndigheten: Mandatfördelning riksdag, region- och kommunfullmäktige 2026 (xlsx)"
KF,0380,Utvecklingspartiet demokraterna,Utvecklingspartiet demokraterna,2,2,"Valmyndigheten: Mandatfördelning riksdag, region- och kommunfullmäktige 2026 (xlsx)"
KF,0380,V,Vänsterpartiet,11,11,"Valmyndigheten: Mandatfördelning riksdag, region- och kommunfullmäktige 2026 (xlsx)"
KF,0760,S,Arbetarepartiet-Socialdemokraterna,9,7,"Valmyndigheten: Mandatfördelning riksdag, region- och kommunfullmäktige 2026 (xlsx)"
KF,0760,C,Centerpartiet,4,5,"Valmyndigheten: Mandatfördelning riksdag, region- och kommunfullmäktige 2026 (xlsx)"
KF,0760,KD,Kristdemokraterna,2,2,"Valmyndigheten: Mandatfördelning riksdag, region- och kommunfullmäktige 2026 (xlsx)"
KF,0760,Landsbygdspartiet Oberoende,Landsbygdspartiet Oberoende,2,0,"Valmyndigheten: Mandatfördelning riksdag, region- och kommunfullmäktige 2026 (xlsx)"
KF,0760,M,Moderaterna,6,4,"Valmyndigheten: Mandatfördelning riksdag, region- och kommunfullmäktige 2026 (xlsx)"
KF,0760,SD,Sverigedemokraterna,9,11,"Valmyndigheten: Mandatfördelning riksdag, region- och kommunfullmäktige 2026 (xlsx)"
KF,0760,V,Vänsterpartiet,3,2,"Valmyndigheten: Mandatfördelning riksdag, region- och kommunfullmäktige 2026 (xlsx)"
KF,0584,S,Arbetarepartiet-Socialdemokraterna,8,6,"Valmyndigheten: Mandatfördelning riksdag, region- och kommunfullmäktige 2026 (xlsx)"
KF,0584,C,Centerpartiet,1,2,"Valmyndigheten: Mandatfördelning riksdag, region- och kommunfullmäktige 2026 (xlsx)"
KF,0584,Konsensus - För Vadstenas Bästa,Konsensus - För Vadstenas Bästa,8,7,"Valmyndigheten: Mandatfördelning riksdag, region- och kommunfullmäktige 2026 (xlsx)"
KF,0584,KD,Kristdemokraterna,1,1,"Valmyndigheten: Mandatfördelning riksdag, region- och kommunfullmäktige 2026 (xlsx)"
KF,0584,MP,Miljöpartiet de gröna,1,2,"Valmyndigheten: Mandatfördelning riksdag, region- och kommunfullmäktige 2026 (xlsx)"
KF,0584,M,Moderaterna,11,12,"Valmyndigheten: Mandatfördelning riksdag, region- och kommunfullmäktige 2026 (xlsx)"
KF,0584,SD,Sverigedemokraterna,3,3,"Valmyndigheten: Mandatfördelning riksdag, region- och kommunfullmäktige 2026 (xlsx)"
KF,0584,V,Vänsterpartiet,2,2,"Valmyndigheten: Mandatfördelning riksdag, region- och kommunfullmäktige 2026 (xlsx)"
KF,0665,S,Arbetarepartiet-Socialdemokraterna,13,11,"Valmyndigheten: Mandatfördelning riksdag, region- och kommunfullmäktige 2026 (xlsx)"
KF,0665,C,Centerpartiet,4,5,"Valmyndigheten: Mandatfördelning riksdag, region- och kommunfullmäktige 2026 (xlsx)"
KF,0665,EMPA(R)TIET,EMPA(R)TIET,2,1,"Valmyndigheten: Mandatfördelning riksdag, region- och kommunfullmäktige 2026 (xlsx)"
KF,0665,KD,Kristdemokraterna,4,4,"Valmyndigheten: Mandatfördelning riksdag, region- och kommunfullmäktige 2026 (xlsx)"
KF,0665,L,Liberalerna (tidigare Folkpartiet),2,1,"Valmyndigheten: Mandatfördelning riksdag, region- och kommunfullmäktige 2026 (xlsx)"
KF,0665,MP,Miljöpartiet de gröna,0,1,"Valmyndigheten: Mandatfördelning riksdag, region- och kommunfullmäktige 2026 (xlsx)"
KF,0665,M,Moderaterna,8,9,"Valmyndigheten: Mandatfördelning riksdag, region- och kommunfullmäktige 2026 (xlsx)"
KF,0665,SD,Sverigedemokraterna,7,7,"Valmyndigheten: Mandatfördelning riksdag, region- och kommunfullmäktige 2026 (xlsx)"
KF,0665,V,Vänsterpartiet,1,2,"Valmyndigheten: Mandatfördelning riksdag, region- och kommunfullmäktige 2026 (xlsx)"
KF,0563,S,Arbetarepartiet-Socialdemokraterna,10,9,"Valmyndigheten: Mandatfördelning riksdag, region- och kommunfullmäktige 2026 (xlsx)"
KF,0563,C,Centerpartiet,4,4,"Valmyndigheten: Mandatfördelning riksdag, region- och kommunfullmäktige 2026 (xlsx)"
KF,0563,KD,Kristdemokraterna,2,2,"Valmyndigheten: Mandatfördelning riksdag, region- och kommunfullmäktige 2026 (xlsx)"
KF,0563,Landsbygdspartiet Oberoende,Landsbygdspartiet Oberoende,5,2,"Valmyndigheten: Mandatfördelning riksdag, region- och kommunfullmäktige 2026 (xlsx)"
KF,0563,M,Moderaterna,7,8,"Valmyndigheten: Mandatfördelning riksdag, region- och kommunfullmäktige 2026 (xlsx)"
KF,0563,SD,Sverigedemokraterna,5,4,"Valmyndigheten: Mandatfördelning riksdag, region- och kommunfullmäktige 2026 (xlsx)"
KF,0563,V,Vänsterpartiet,2,2,"Valmyndigheten: Mandatfördelning riksdag, region- och kommunfullmäktige 2026 (xlsx)"
KF,0115,S,Arbetarepartiet-Socialdemokraterna,11,10,"Valmyndigheten: Mandatfördelning riksdag, region- och kommunfullmäktige 2026 (xlsx)"
KF,0115,C,Centerpartiet,5,5,"Valmyndigheten: Mandatfördelning riksdag, region- och kommunfullmäktige 2026 (xlsx)"
KF,0115,KD,Kristdemokraterna,2,3,"Valmyndigheten: Mandatfördelning riksdag, region- och kommunfullmäktige 2026 (xlsx)"
KF,0115,L,Liberalerna (tidigare Folkpartiet),4,2,"Valmyndigheten: Mandatfördelning riksdag, region- och kommunfullmäktige 2026 (xlsx)"
KF,0115,MP,Miljöpartiet de gröna,2,4,"Valmyndigheten: Mandatfördelning riksdag, region- och kommunfullmäktige 2026 (xlsx)"
KF,0115,M,Moderaterna,17,18,"Valmyndigheten: Mandatfördelning riksdag, region- och kommunfullmäktige 2026 (xlsx)"
KF,0115,SD,Sverigedemokraterna,8,7,"Valmyndigheten: Mandatfördelning riksdag, region- och kommunfullmäktige 2026 (xlsx)"
KF,0115,V,Vänsterpartiet,2,2,"Valmyndigheten: Mandatfördelning riksdag, region- och kommunfullmäktige 2026 (xlsx)"
KF,2021,S,Arbetarepartiet-Socialdemokraterna,8,7,"Valmyndigheten: Mandatfördelning riksdag, region- och kommunfullmäktige 2026 (xlsx)"
KF,2021,C,Centerpartiet,6,8,"Valmyndigheten: Mandatfördelning riksdag, region- och kommunfullmäktige 2026 (xlsx)"
KF,2021,KD,Kristdemokraterna,6,5,"Valmyndigheten: Mandatfördelning riksdag, region- och kommunfullmäktige 2026 (xlsx)"
KF,2021,M,Moderaterna,6,6,"Valmyndigheten: Mandatfördelning riksdag, region- och kommunfullmäktige 2026 (xlsx)"
KF,2021,SD,Sverigedemokraterna,3,3,"Valmyndigheten: Mandatfördelning riksdag, region- och kommunfullmäktige 2026 (xlsx)"
KF,2021,V,Vänsterpartiet,2,2,"Valmyndigheten: Mandatfördelning riksdag, region- och kommunfullmäktige 2026 (xlsx)"
KF,1470,S,Arbetarepartiet-Socialdemokraterna,11,9,"Valmyndigheten: Mandatfördelning riksdag, region- och kommunfullmäktige 2026 (xlsx)"
KF,1470,C,Centerpartiet,4,3,"Valmyndigheten: Mandatfördelning riksdag, region- och kommunfullmäktige 2026 (xlsx)"
KF,1470,Hela Vara kommuns bästa,Hela Vara kommuns bästa,5,4,"Valmyndigheten: Mandatfördelning riksdag, region- och kommunfullmäktige 2026 (xlsx)"
KF,1470,KD,Kristdemokraterna,1,1,"Valmyndigheten: Mandatfördelning riksdag, region- och kommunfullmäktige 2026 (xlsx)"
KF,1470,M,Moderaterna,14,15,"Valmyndigheten: Mandatfördelning riksdag, region- och kommunfullmäktige 2026 (xlsx)"
KF,1470,SD,Sverigedemokraterna,8,7,"Valmyndigheten: Mandatfördelning riksdag, region- och kommunfullmäktige 2026 (xlsx)"
KF,1470,V,Vänsterpartiet,2,2,"Valmyndigheten: Mandatfördelning riksdag, region- och kommunfullmäktige 2026 (xlsx)"
KF,1383,S,Arbetarepartiet-Socialdemokraterna,19,18,"Valmyndigheten: Mandatfördelning riksdag, region- och kommunfullmäktige 2026 (xlsx)"
KF,1383,C,Centerpartiet,6,6,"Valmyndigheten: Mandatfördelning riksdag, region- och kommunfullmäktige 2026 (xlsx)"
KF,1383,KD,Kristdemokraterna,3,3,"Valmyndigheten: Mandatfördelning riksdag, region- och kommunfullmäktige 2026 (xlsx)"
KF,1383,L,Liberalerna (tidigare Folkpartiet),4,3,"Valmyndigheten: Mandatfördelning riksdag, region- och kommunfullmäktige 2026 (xlsx)"
KF,1383,MP,Miljöpartiet de gröna,0,2,"Valmyndigheten: Mandatfördelning riksdag, region- och kommunfullmäktige 2026 (xlsx)"
KF,1383,M,Moderaterna,13,13,"Valmyndigheten: Mandatfördelning riksdag, region- och kommunfullmäktige 2026 (xlsx)"
KF,1383,SD,Sverigedemokraterna,9,9,"Valmyndigheten: Mandatfördelning riksdag, region- och kommunfullmäktige 2026 (xlsx)"
KF,1383,tjugofyrasju,tjugofyrasju,2,2,"Valmyndigheten: Mandatfördelning riksdag, region- och kommunfullmäktige 2026 (xlsx)"
KF,1383,Varbergspartiet,Varbergspartiet,2,2,"Valmyndigheten: Mandatfördelning riksdag, region- och kommunfullmäktige 2026 (xlsx)"
KF,1383,V,Vänsterpartiet,3,3,"Valmyndigheten: Mandatfördelning riksdag, region- och kommunfullmäktige 2026 (xlsx)"
KF,0187,S,Arbetarepartiet-Socialdemokraterna,4,3,"Valmyndigheten: Mandatfördelning riksdag, region- och kommunfullmäktige 2026 (xlsx)"
KF,0187,C,Centerpartiet,4,3,"Valmyndigheten: Mandatfördelning riksdag, region- och kommunfullmäktige 2026 (xlsx)"
KF,0187,KD,Kristdemokraterna,1,1,"Valmyndigheten: Mandatfördelning riksdag, region- och kommunfullmäktige 2026 (xlsx)"
KF,0187,L,Liberalerna (tidigare Folkpartiet),1,2,"Valmyndigheten: Mandatfördelning riksdag, region- och kommunfullmäktige 2026 (xlsx)"
KF,0187,Livbojen Vaxholmsdemokraterna,Livbojen Vaxholmsdemokraterna,2,1,"Valmyndigheten: Mandatfördelning riksdag, region- och kommunfullmäktige 2026 (xlsx)"
KF,0187,MP,Miljöpartiet de gröna,1,2,"Valmyndigheten: Mandatfördelning riksdag, region- och kommunfullmäktige 2026 (xlsx)"
KF,0187,M,Moderaterna,8,9,"Valmyndigheten: Mandatfördelning riksdag, region- och kommunfullmäktige 2026 (xlsx)"
KF,0187,SD,Sverigedemokraterna,2,2,"Valmyndigheten: Mandatfördelning riksdag, region- och kommunfullmäktige 2026 (xlsx)"
KF,0187,V,Vänsterpartiet,2,2,"Valmyndigheten: Mandatfördelning riksdag, region- och kommunfullmäktige 2026 (xlsx)"
KF,0187,Waxholmspartiet - borgerligt alternativ,Waxholmspartiet - borgerligt alternativ,6,6,"Valmyndigheten: Mandatfördelning riksdag, region- och kommunfullmäktige 2026 (xlsx)"
KF,1233,S,Arbetarepartiet-Socialdemokraterna,4,5,"Valmyndigheten: Mandatfördelning riksdag, region- och kommunfullmäktige 2026 (xlsx)"
KF,1233,C,Centerpartiet,3,2,"Valmyndigheten: Mandatfördelning riksdag, region- och kommunfullmäktige 2026 (xlsx)"
KF,1233,KD,Kristdemokraterna,3,3,"Valmyndigheten: Mandatfördelning riksdag, region- och kommunfullmäktige 2026 (xlsx)"
KF,1233,L,Liberalerna (tidigare Folkpartiet),9,6,"Valmyndigheten: Mandatfördelning riksdag, region- och kommunfullmäktige 2026 (xlsx)"
KF,1233,MP,Miljöpartiet de gröna,2,3,"Valmyndigheten: Mandatfördelning riksdag, region- och kommunfullmäktige 2026 (xlsx)"
KF,1233,M,Moderaterna,22,24,"Valmyndigheten: Mandatfördelning riksdag, region- och kommunfullmäktige 2026 (xlsx)"
KF,1233,SD,Sverigedemokraterna,8,8,"Valmyndigheten: Mandatfördelning riksdag, region- och kommunfullmäktige 2026 (xlsx)"
KF,0685,S,Arbetarepartiet-Socialdemokraterna,11,12,"Valmyndigheten: Mandatfördelning riksdag, region- och kommunfullmäktige 2026 (xlsx)"
KF,0685,C,Centerpartiet,4,3,"Valmyndigheten: Mandatfördelning riksdag, region- och kommunfullmäktige 2026 (xlsx)"
KF,0685,KD,Kristdemokraterna,4,5,"Valmyndigheten: Mandatfördelning riksdag, region- och kommunfullmäktige 2026 (xlsx)"
KF,0685,L,Liberalerna (tidigare Folkpartiet),1,0,"Valmyndigheten: Mandatfördelning riksdag, region- och kommunfullmäktige 2026 (xlsx)"
KF,0685,MP,Miljöpartiet de gröna,0,1,"Valmyndigheten: Mandatfördelning riksdag, region- och kommunfullmäktige 2026 (xlsx)"
KF,0685,M,Moderaterna,6,9,"Valmyndigheten: Mandatfördelning riksdag, region- och kommunfullmäktige 2026 (xlsx)"
KF,0685,SD,Sverigedemokraterna,7,7,"Valmyndigheten: Mandatfördelning riksdag, region- och kommunfullmäktige 2026 (xlsx)"
KF,0685,Vetlanda framåtanda,Vetlanda framåtanda,11,6,"Valmyndigheten: Mandatfördelning riksdag, region- och kommunfullmäktige 2026 (xlsx)"
KF,0685,V,Vänsterpartiet,1,2,"Valmyndigheten: Mandatfördelning riksdag, region- och kommunfullmäktige 2026 (xlsx)"
KF,2462,S,Arbetarepartiet-Socialdemokraterna,8,8,"Valmyndigheten: Mandatfördelning riksdag, region- och kommunfullmäktige 2026 (xlsx)"
KF,2462,C,Centerpartiet,3,4,"Valmyndigheten: Mandatfördelning riksdag, region- och kommunfullmäktige 2026 (xlsx)"
KF,2462,KD,Kristdemokraterna,6,5,"Valmyndigheten: Mandatfördelning riksdag, region- och kommunfullmäktige 2026 (xlsx)"
KF,2462,MP,Miljöpartiet de gröna,0,1,"Valmyndigheten: Mandatfördelning riksdag, region- och kommunfullmäktige 2026 (xlsx)"
KF,2462,M,Moderaterna,2,3,"Valmyndigheten: Mandatfördelning riksdag, region- och kommunfullmäktige 2026 (xlsx)"
KF,2462,Politiskt Alternativ,Politiskt Alternativ,2,1,"Valmyndigheten: Mandatfördelning riksdag, region- och kommunfullmäktige 2026 (xlsx)"
KF,2462,SD,Sverigedemokraterna,3,3,"Valmyndigheten: Mandatfördelning riksdag, region- och kommunfullmäktige 2026 (xlsx)"
KF,2462,V,Vänsterpartiet,3,2,"Valmyndigheten: Mandatfördelning riksdag, region- och kommunfullmäktige 2026 (xlsx)"
KF,0884,S,Arbetarepartiet-Socialdemokraterna,13,14,"Valmyndigheten: Mandatfördelning riksdag, region- och kommunfullmäktige 2026 (xlsx)"
KF,0884,C,Centerpartiet,8,7,"Valmyndigheten: Mandatfördelning riksdag, region- och kommunfullmäktige 2026 (xlsx)"
KF,0884,KD,Kristdemokraterna,5,4,"Valmyndigheten: Mandatfördelning riksdag, region- och kommunfullmäktige 2026 (xlsx)"
KF,0884,MP,Miljöpartiet de gröna,0,1,"Valmyndigheten: Mandatfördelning riksdag, region- och kommunfullmäktige 2026 (xlsx)"
KF,0884,M,Moderaterna,10,9,"Valmyndigheten: Mandatfördelning riksdag, region- och kommunfullmäktige 2026 (xlsx)"
KF,0884,SD,Sverigedemokraterna,7,7,"Valmyndigheten: Mandatfördelning riksdag, region- och kommunfullmäktige 2026 (xlsx)"
KF,0884,V,Vänsterpartiet,6,3,"Valmyndigheten: Mandatfördelning riksdag, region- och kommunfullmäktige 2026 (xlsx)"
KF,2404,S,Arbetarepartiet-Socialdemokraterna,12,10,"Valmyndigheten: Mandatfördelning riksdag, region- och kommunfullmäktige 2026 (xlsx)"
KF,2404,C,Centerpartiet,5,4,"Valmyndigheten: Mandatfördelning riksdag, region- och kommunfullmäktige 2026 (xlsx)"
KF,2404,KD,Kristdemokraterna,3,2,"Valmyndigheten: Mandatfördelning riksdag, region- och kommunfullmäktige 2026 (xlsx)"
KF,2404,MP,Miljöpartiet de gröna,0,1,"Valmyndigheten: Mandatfördelning riksdag, region- och kommunfullmäktige 2026 (xlsx)"
KF,2404,M,Moderaterna,7,10,"Valmyndigheten: Mandatfördelning riksdag, region- och kommunfullmäktige 2026 (xlsx)"
KF,2404,SD,Sverigedemokraterna,2,2,"Valmyndigheten: Mandatfördelning riksdag, region- och kommunfullmäktige 2026 (xlsx)"
KF,2404,V,Vänsterpartiet,2,0,"Valmyndigheten: Mandatfördelning riksdag, region- och kommunfullmäktige 2026 (xlsx)"
KF,0428,S,Arbetarepartiet-Socialdemokraterna,11,9,"Valmyndigheten: Mandatfördelning riksdag, region- och kommunfullmäktige 2026 (xlsx)"
KF,0428,C,Centerpartiet,2,2,"Valmyndigheten: Mandatfördelning riksdag, region- och kommunfullmäktige 2026 (xlsx)"
KF,0428,KD,Kristdemokraterna,1,1,"Valmyndigheten: Mandatfördelning riksdag, region- och kommunfullmäktige 2026 (xlsx)"
KF,0428,MP,Miljöpartiet de gröna,1,1,"Valmyndigheten: Mandatfördelning riksdag, region- och kommunfullmäktige 2026 (xlsx)"
KF,0428,M,Moderaterna,6,8,"Valmyndigheten: Mandatfördelning riksdag, region- och kommunfullmäktige 2026 (xlsx)"
KF,0428,SD,Sverigedemokraterna,7,6,"Valmyndigheten: Mandatfördelning riksdag, region- och kommunfullmäktige 2026 (xlsx)"
KF,0428,Vingåkerspartiet - ViP,Vingåkerspartiet - ViP,2,2,"Valmyndigheten: Mandatfördelning riksdag, region- och kommunfullmäktige 2026 (xlsx)"
KF,0428,V,Vänsterpartiet,1,2,"Valmyndigheten: Mandatfördelning riksdag, region- och kommunfullmäktige 2026 (xlsx)"
KF,1442,S,Arbetarepartiet-Socialdemokraterna,10,10,"Valmyndigheten: Mandatfördelning riksdag, region- och kommunfullmäktige 2026 (xlsx)"
KF,1442,C,Centerpartiet,7,6,"Valmyndigheten: Mandatfördelning riksdag, region- och kommunfullmäktige 2026 (xlsx)"
KF,1442,KD,Kristdemokraterna,5,6,"Valmyndigheten: Mandatfördelning riksdag, region- och kommunfullmäktige 2026 (xlsx)"
KF,1442,L,Liberalerna (tidigare Folkpartiet),2,1,"Valmyndigheten: Mandatfördelning riksdag, region- och kommunfullmäktige 2026 (xlsx)"
KF,1442,MP,Miljöpartiet de gröna,2,2,"Valmyndigheten: Mandatfördelning riksdag, region- och kommunfullmäktige 2026 (xlsx)"
KF,1442,M,Moderaterna,7,8,"Valmyndigheten: Mandatfördelning riksdag, region- och kommunfullmäktige 2026 (xlsx)"
KF,1442,SD,Sverigedemokraterna,6,6,"Valmyndigheten: Mandatfördelning riksdag, region- och kommunfullmäktige 2026 (xlsx)"
KF,1442,V,Vänsterpartiet,2,2,"Valmyndigheten: Mandatfördelning riksdag, region- och kommunfullmäktige 2026 (xlsx)"
KF,1487,S,Arbetarepartiet-Socialdemokraterna,15,12,"Valmyndigheten: Mandatfördelning riksdag, region- och kommunfullmäktige 2026 (xlsx)"
KF,1487,C,Centerpartiet,4,3,"Valmyndigheten: Mandatfördelning riksdag, region- och kommunfullmäktige 2026 (xlsx)"
KF,1487,KD,Kristdemokraterna,3,3,"Valmyndigheten: Mandatfördelning riksdag, region- och kommunfullmäktige 2026 (xlsx)"
KF,1487,L,Liberalerna (tidigare Folkpartiet),2,2,"Valmyndigheten: Mandatfördelning riksdag, region- och kommunfullmäktige 2026 (xlsx)"
KF,1487,Medborgarpartiet,Medborgarpartiet,3,4,"Valmyndigheten: Mandatfördelning riksdag, region- och kommunfullmäktige 2026 (xlsx)"
KF,1487,MP,Miljöpartiet de gröna,1,2,"Valmyndigheten: Mandatfördelning riksdag, region- och kommunfullmäktige 2026 (xlsx)"
KF,1487,M,Moderaterna,9,11,"Valmyndigheten: Mandatfördelning riksdag, region- och kommunfullmäktige 2026 (xlsx)"
KF,1487,Partiet Sunt Förnuft,Partiet Sunt Förnuft,0,2,"Valmyndigheten: Mandatfördelning riksdag, region- och kommunfullmäktige 2026 (xlsx)"
KF,1487,SD,Sverigedemokraterna,10,7,"Valmyndigheten: Mandatfördelning riksdag, region- och kommunfullmäktige 2026 (xlsx)"
KF,1487,V,Vänsterpartiet,4,5,"Valmyndigheten: Mandatfördelning riksdag, region- och kommunfullmäktige 2026 (xlsx)"
KF,2460,S,Arbetarepartiet-Socialdemokraterna,11,11,"Valmyndigheten: Mandatfördelning riksdag, region- och kommunfullmäktige 2026 (xlsx)"
KF,2460,C,Centerpartiet,6,4,"Valmyndigheten: Mandatfördelning riksdag, region- och kommunfullmäktige 2026 (xlsx)"
KF,2460,KD,Kristdemokraterna,2,3,"Valmyndigheten: Mandatfördelning riksdag, region- och kommunfullmäktige 2026 (xlsx)"
KF,2460,MP,Miljöpartiet de gröna,1,1,"Valmyndigheten: Mandatfördelning riksdag, region- och kommunfullmäktige 2026 (xlsx)"
KF,2460,M,Moderaterna,5,6,"Valmyndigheten: Mandatfördelning riksdag, region- och kommunfullmäktige 2026 (xlsx)"
KF,2460,SD,Sverigedemokraterna,3,3,"Valmyndigheten: Mandatfördelning riksdag, region- och kommunfullmäktige 2026 (xlsx)"
KF,2460,V,Vänsterpartiet,3,3,"Valmyndigheten: Mandatfördelning riksdag, region- och kommunfullmäktige 2026 (xlsx)"
KF,0120,S,Arbetarepartiet-Socialdemokraterna,17,13,"Valmyndigheten: Mandatfördelning riksdag, region- och kommunfullmäktige 2026 (xlsx)"
KF,0120,C,Centerpartiet,4,3,"Valmyndigheten: Mandatfördelning riksdag, region- och kommunfullmäktige 2026 (xlsx)"
KF,0120,KD,Kristdemokraterna,3,2,"Valmyndigheten: Mandatfördelning riksdag, region- och kommunfullmäktige 2026 (xlsx)"
KF,0120,L,Liberalerna (tidigare Folkpartiet),2,2,"Valmyndigheten: Mandatfördelning riksdag, region- och kommunfullmäktige 2026 (xlsx)"
KF,0120,MP,Miljöpartiet de gröna,2,3,"Valmyndigheten: Mandatfördelning riksdag, region- och kommunfullmäktige 2026 (xlsx)"
KF,0120,M,Moderaterna,12,18,"Valmyndigheten: Mandatfördelning riksdag, region- och kommunfullmäktige 2026 (xlsx)"
KF,0120,Skärgårdspartiet,Skärgårdspartiet,1,2,"Valmyndigheten: Mandatfördelning riksdag, region- och kommunfullmäktige 2026 (xlsx)"
KF,0120,SD,Sverigedemokraterna,7,6,"Valmyndigheten: Mandatfördelning riksdag, region- och kommunfullmäktige 2026 (xlsx)"
KF,0120,V,Vänsterpartiet,3,2,"Valmyndigheten: Mandatfördelning riksdag, region- och kommunfullmäktige 2026 (xlsx)"
KF,0683,S,Arbetarepartiet-Socialdemokraterna,14,14,"Valmyndigheten: Mandatfördelning riksdag, region- och kommunfullmäktige 2026 (xlsx)"
KF,0683,C,Centerpartiet,8,6,"Valmyndigheten: Mandatfördelning riksdag, region- och kommunfullmäktige 2026 (xlsx)"
KF,0683,KD,Kristdemokraterna,5,5,"Valmyndigheten: Mandatfördelning riksdag, region- och kommunfullmäktige 2026 (xlsx)"
KF,0683,L,Liberalerna (tidigare Folkpartiet),2,1,"Valmyndigheten: Mandatfördelning riksdag, region- och kommunfullmäktige 2026 (xlsx)"
KF,0683,MP,Miljöpartiet de gröna,0,1,"Valmyndigheten: Mandatfördelning riksdag, region- och kommunfullmäktige 2026 (xlsx)"
KF,0683,M,Moderaterna,11,14,"Valmyndigheten: Mandatfördelning riksdag, region- och kommunfullmäktige 2026 (xlsx)"
KF,0683,SD,Sverigedemokraterna,9,8,"Valmyndigheten: Mandatfördelning riksdag, region- och kommunfullmäktige 2026 (xlsx)"
KF,0683,V,Vänsterpartiet,2,2,"Valmyndigheten: Mandatfördelning riksdag, region- och kommunfullmäktige 2026 (xlsx)"
KF,0883,S,Arbetarepartiet-Socialdemokraterna,18,19,"Valmyndigheten: Mandatfördelning riksdag, region- och kommunfullmäktige 2026 (xlsx)"
KF,0883,C,Centerpartiet,4,4,"Valmyndigheten: Mandatfördelning riksdag, region- och kommunfullmäktige 2026 (xlsx)"
KF,0883,KD,Kristdemokraterna,3,4,"Valmyndigheten: Mandatfördelning riksdag, region- och kommunfullmäktige 2026 (xlsx)"
KF,0883,L,Liberalerna (tidigare Folkpartiet),2,1,"Valmyndigheten: Mandatfördelning riksdag, region- och kommunfullmäktige 2026 (xlsx)"
KF,0883,MP,Miljöpartiet de gröna,1,2,"Valmyndigheten: Mandatfördelning riksdag, region- och kommunfullmäktige 2026 (xlsx)"
KF,0883,M,Moderaterna,13,14,"Valmyndigheten: Mandatfördelning riksdag, region- och kommunfullmäktige 2026 (xlsx)"
KF,0883,Socialisterna-Välfärdspartiet,Socialisterna-Välfärdspartiet,2,0,"Valmyndigheten: Mandatfördelning riksdag, region- och kommunfullmäktige 2026 (xlsx)"
KF,0883,SD,Sverigedemokraterna,9,9,"Valmyndigheten: Mandatfördelning riksdag, region- och kommunfullmäktige 2026 (xlsx)"
KF,0883,V,Vänsterpartiet,3,4,"Valmyndigheten: Mandatfördelning riksdag, region- och kommunfullmäktige 2026 (xlsx)"
KF,0883,Westerwikspartiet,Westerwikspartiet,2,0,"Valmyndigheten: Mandatfördelning riksdag, region- och kommunfullmäktige 2026 (xlsx)"
KF,1980,S,Arbetarepartiet-Socialdemokraterna,19,19,"Valmyndigheten: Mandatfördelning riksdag, region- och kommunfullmäktige 2026 (xlsx)"
KF,1980,C,Centerpartiet,4,3,"Valmyndigheten: Mandatfördelning riksdag, region- och kommunfullmäktige 2026 (xlsx)"
KF,1980,KD,Kristdemokraterna,3,3,"Valmyndigheten: Mandatfördelning riksdag, region- och kommunfullmäktige 2026 (xlsx)"
KF,1980,L,Liberalerna (tidigare Folkpartiet),4,5,"Valmyndigheten: Mandatfördelning riksdag, region- och kommunfullmäktige 2026 (xlsx)"
KF,1980,MP,Miljöpartiet de gröna,2,2,"Valmyndigheten: Mandatfördelning riksdag, region- och kommunfullmäktige 2026 (xlsx)"
KF,1980,M,Moderaterna,15,15,"Valmyndigheten: Mandatfördelning riksdag, region- och kommunfullmäktige 2026 (xlsx)"
KF,1980,SD,Sverigedemokraterna,9,8,"Valmyndigheten: Mandatfördelning riksdag, region- och kommunfullmäktige 2026 (xlsx)"
KF,1980,V,Vänsterpartiet,5,6,"Valmyndigheten: Mandatfördelning riksdag, region- och kommunfullmäktige 2026 (xlsx)"
KF,0780,S,Arbetarepartiet-Socialdemokraterna,22,20,"Valmyndigheten: Mandatfördelning riksdag, region- och kommunfullmäktige 2026 (xlsx)"
KF,0780,C,Centerpartiet,3,3,"Valmyndigheten: Mandatfördelning riksdag, region- och kommunfullmäktige 2026 (xlsx)"
KF,0780,KD,Kristdemokraterna,3,3,"Valmyndigheten: Mandatfördelning riksdag, region- och kommunfullmäktige 2026 (xlsx)"
KF,0780,L,Liberalerna (tidigare Folkpartiet),2,2,"Valmyndigheten: Mandatfördelning riksdag, region- och kommunfullmäktige 2026 (xlsx)"
KF,0780,MP,Miljöpartiet de gröna,2,3,"Valmyndigheten: Mandatfördelning riksdag, region- och kommunfullmäktige 2026 (xlsx)"
KF,0780,M,Moderaterna,17,17,"Valmyndigheten: Mandatfördelning riksdag, region- och kommunfullmäktige 2026 (xlsx)"
KF,0780,SD,Sverigedemokraterna,7,7,"Valmyndigheten: Mandatfördelning riksdag, region- och kommunfullmäktige 2026 (xlsx)"
KF,0780,V,Vänsterpartiet,5,6,"Valmyndigheten: Mandatfördelning riksdag, region- och kommunfullmäktige 2026 (xlsx)"
KF,0512,S,Arbetarepartiet-Socialdemokraterna,5,5,"Valmyndigheten: Mandatfördelning riksdag, region- och kommunfullmäktige 2026 (xlsx)"
KF,0512,C,Centerpartiet,6,6,"Valmyndigheten: Mandatfördelning riksdag, region- och kommunfullmäktige 2026 (xlsx)"
KF,0512,KD,Kristdemokraterna,1,1,"Valmyndigheten: Mandatfördelning riksdag, region- och kommunfullmäktige 2026 (xlsx)"
KF,0512,M,Moderaterna,6,5,"Valmyndigheten: Mandatfördelning riksdag, region- och kommunfullmäktige 2026 (xlsx)"
KF,0512,SD,Sverigedemokraterna,2,3,"Valmyndigheten: Mandatfördelning riksdag, region- och kommunfullmäktige 2026 (xlsx)"
KF,0512,V,Vänsterpartiet,1,1,"Valmyndigheten: Mandatfördelning riksdag, region- och kommunfullmäktige 2026 (xlsx)"
KF,1286,S,Arbetarepartiet-Socialdemokraterna,16,19,"Valmyndigheten: Mandatfördelning riksdag, region- och kommunfullmäktige 2026 (xlsx)"
KF,1286,C,Centerpartiet,3,4,"Valmyndigheten: Mandatfördelning riksdag, region- och kommunfullmäktige 2026 (xlsx)"
KF,1286,KD,Kristdemokraterna,2,3,"Valmyndigheten: Mandatfördelning riksdag, region- och kommunfullmäktige 2026 (xlsx)"
KF,1286,L,Liberalerna (tidigare Folkpartiet),3,2,"Valmyndigheten: Mandatfördelning riksdag, region- och kommunfullmäktige 2026 (xlsx)"
KF,1286,MP,Miljöpartiet de gröna,2,2,"Valmyndigheten: Mandatfördelning riksdag, region- och kommunfullmäktige 2026 (xlsx)"
KF,1286,M,Moderaterna,13,10,"Valmyndigheten: Mandatfördelning riksdag, region- och kommunfullmäktige 2026 (xlsx)"
KF,1286,SD,Sverigedemokraterna,10,9,"Valmyndigheten: Mandatfördelning riksdag, region- och kommunfullmäktige 2026 (xlsx)"
KF,1286,V,Vänsterpartiet,2,2,"Valmyndigheten: Mandatfördelning riksdag, region- och kommunfullmäktige 2026 (xlsx)"
KF,1492,S,Arbetarepartiet-Socialdemokraterna,9,10,"Valmyndigheten: Mandatfördelning riksdag, region- och kommunfullmäktige 2026 (xlsx)"
KF,1492,C,Centerpartiet,4,2,"Valmyndigheten: Mandatfördelning riksdag, region- och kommunfullmäktige 2026 (xlsx)"
KF,1492,KD,Kristdemokraterna,2,2,"Valmyndigheten: Mandatfördelning riksdag, region- och kommunfullmäktige 2026 (xlsx)"
KF,1492,L,Liberalerna (tidigare Folkpartiet),1,1,"Valmyndigheten: Mandatfördelning riksdag, region- och kommunfullmäktige 2026 (xlsx)"
KF,1492,MP,Miljöpartiet de gröna,2,2,"Valmyndigheten: Mandatfördelning riksdag, region- och kommunfullmäktige 2026 (xlsx)"
KF,1492,M,Moderaterna,8,9,"Valmyndigheten: Mandatfördelning riksdag, region- och kommunfullmäktige 2026 (xlsx)"
KF,1492,SD,Sverigedemokraterna,7,6,"Valmyndigheten: Mandatfördelning riksdag, region- och kommunfullmäktige 2026 (xlsx)"
KF,1492,V,Vänsterpartiet,2,3,"Valmyndigheten: Mandatfördelning riksdag, region- och kommunfullmäktige 2026 (xlsx)"
KF,2260,S,Arbetarepartiet-Socialdemokraterna,14,11,"Valmyndigheten: Mandatfördelning riksdag, region- och kommunfullmäktige 2026 (xlsx)"
KF,2260,C,Centerpartiet,2,1,"Valmyndigheten: Mandatfördelning riksdag, region- och kommunfullmäktige 2026 (xlsx)"
KF,2260,KD,Kristdemokraterna,1,1,"Valmyndigheten: Mandatfördelning riksdag, region- och kommunfullmäktige 2026 (xlsx)"
KF,2260,M,Moderaterna,4,3,"Valmyndigheten: Mandatfördelning riksdag, region- och kommunfullmäktige 2026 (xlsx)"
KF,2260,Norrlandspartiet,Norrlandspartiet,0,2,"Valmyndigheten: Mandatfördelning riksdag, region- och kommunfullmäktige 2026 (xlsx)"
KF,2260,SD,Sverigedemokraterna,6,5,"Valmyndigheten: Mandatfördelning riksdag, region- och kommunfullmäktige 2026 (xlsx)"
KF,2260,Vår Framtids politiska utskott,Vår Framtids politiska utskott,6,10,"Valmyndigheten: Mandatfördelning riksdag, region- och kommunfullmäktige 2026 (xlsx)"
KF,2260,V,Vänsterpartiet,2,2,"Valmyndigheten: Mandatfördelning riksdag, region- och kommunfullmäktige 2026 (xlsx)"
KF,2321,S,Arbetarepartiet-Socialdemokraterna,9,8,"Valmyndigheten: Mandatfördelning riksdag, region- och kommunfullmäktige 2026 (xlsx)"
KF,2321,C,Centerpartiet,6,6,"Valmyndigheten: Mandatfördelning riksdag, region- och kommunfullmäktige 2026 (xlsx)"
KF,2321,KD,Kristdemokraterna,1,1,"Valmyndigheten: Mandatfördelning riksdag, region- och kommunfullmäktige 2026 (xlsx)"
KF,2321,MP,Miljöpartiet de gröna,4,4,"Valmyndigheten: Mandatfördelning riksdag, region- och kommunfullmäktige 2026 (xlsx)"
KF,2321,M,Moderaterna,4,6,"Valmyndigheten: Mandatfördelning riksdag, region- och kommunfullmäktige 2026 (xlsx)"
KF,2321,SD,Sverigedemokraterna,3,2,"Valmyndigheten: Mandatfördelning riksdag, region- och kommunfullmäktige 2026 (xlsx)"
KF,2321,V,Vänsterpartiet,2,2,"Valmyndigheten: Mandatfördelning riksdag, region- och kommunfullmäktige 2026 (xlsx)"
KF,2321,Västjämtlands Väl,Västjämtlands Väl,8,8,"Valmyndigheten: Mandatfördelning riksdag, region- och kommunfullmäktige 2026 (xlsx)"
KF,1765,S,Arbetarepartiet-Socialdemokraterna,10,10,"Valmyndigheten: Mandatfördelning riksdag, region- och kommunfullmäktige 2026 (xlsx)"
KF,1765,C,Centerpartiet,5,3,"Valmyndigheten: Mandatfördelning riksdag, region- och kommunfullmäktige 2026 (xlsx)"
KF,1765,KD,Kristdemokraterna,10,9,"Valmyndigheten: Mandatfördelning riksdag, region- och kommunfullmäktige 2026 (xlsx)"
KF,1765,L,Liberalerna (tidigare Folkpartiet),1,2,"Valmyndigheten: Mandatfördelning riksdag, region- och kommunfullmäktige 2026 (xlsx)"
KF,1765,MP,Miljöpartiet de gröna,1,1,"Valmyndigheten: Mandatfördelning riksdag, region- och kommunfullmäktige 2026 (xlsx)"
KF,1765,M,Moderaterna,4,4,"Valmyndigheten: Mandatfördelning riksdag, region- och kommunfullmäktige 2026 (xlsx)"
KF,1765,SD,Sverigedemokraterna,4,5,"Valmyndigheten: Mandatfördelning riksdag, region- och kommunfullmäktige 2026 (xlsx)"
KF,1765,V,Vänsterpartiet,0,1,"Valmyndigheten: Mandatfördelning riksdag, region- och kommunfullmäktige 2026 (xlsx)"
KF,2463,S,Arbetarepartiet-Socialdemokraterna,11,5,"Valmyndigheten: Mandatfördelning riksdag, region- och kommunfullmäktige 2026 (xlsx)"
KF,2463,C,Centerpartiet,5,6,"Valmyndigheten: Mandatfördelning riksdag, region- och kommunfullmäktige 2026 (xlsx)"
KF,2463,L,Liberalerna (tidigare Folkpartiet),2,6,"Valmyndigheten: Mandatfördelning riksdag, region- och kommunfullmäktige 2026 (xlsx)"
KF,2463,OPiNiON Åsele,OPiNiON Åsele,0,1,"Valmyndigheten: Mandatfördelning riksdag, region- och kommunfullmäktige 2026 (xlsx)"
KF,2463,SD,Sverigedemokraterna,0,3,"Valmyndigheten: Mandatfördelning riksdag, region- och kommunfullmäktige 2026 (xlsx)"
KF,2463,V,Vänsterpartiet,2,1,"Valmyndigheten: Mandatfördelning riksdag, region- och kommunfullmäktige 2026 (xlsx)"
KF,2463,Åselepartiet,Åselepartiet,5,3,"Valmyndigheten: Mandatfördelning riksdag, region- och kommunfullmäktige 2026 (xlsx)"
KF,1277,S,Arbetarepartiet-Socialdemokraterna,10,10,"Valmyndigheten: Mandatfördelning riksdag, region- och kommunfullmäktige 2026 (xlsx)"
KF,1277,C,Centerpartiet,1,1,"Valmyndigheten: Mandatfördelning riksdag, region- och kommunfullmäktige 2026 (xlsx)"
KF,1277,KD,Kristdemokraterna,1,1,"Valmyndigheten: Mandatfördelning riksdag, region- och kommunfullmäktige 2026 (xlsx)"
KF,1277,L,Liberalerna (tidigare Folkpartiet),1,1,"Valmyndigheten: Mandatfördelning riksdag, region- och kommunfullmäktige 2026 (xlsx)"
KF,1277,M,Moderaterna,7,5,"Valmyndigheten: Mandatfördelning riksdag, region- och kommunfullmäktige 2026 (xlsx)"
KF,1277,SD,Sverigedemokraterna,10,9,"Valmyndigheten: Mandatfördelning riksdag, region- och kommunfullmäktige 2026 (xlsx)"
KF,1277,V,Vänsterpartiet,1,2,"Valmyndigheten: Mandatfördelning riksdag, region- och kommunfullmäktige 2026 (xlsx)"
KF,1277,Åstorpspartiet,Åstorpspartiet,0,2,"Valmyndigheten: Mandatfördelning riksdag, region- och kommunfullmäktige 2026 (xlsx)"
KF,0561,S,Arbetarepartiet-Socialdemokraterna,12,11,"Valmyndigheten: Mandatfördelning riksdag, region- och kommunfullmäktige 2026 (xlsx)"
KF,0561,C,Centerpartiet,3,3,"Valmyndigheten: Mandatfördelning riksdag, region- och kommunfullmäktige 2026 (xlsx)"
KF,0561,KD,Kristdemokraterna,2,1,"Valmyndigheten: Mandatfördelning riksdag, region- och kommunfullmäktige 2026 (xlsx)"
KF,0561,L,Liberalerna (tidigare Folkpartiet),1,1,"Valmyndigheten: Mandatfördelning riksdag, region- och kommunfullmäktige 2026 (xlsx)"
KF,0561,MP,Miljöpartiet de gröna,1,1,"Valmyndigheten: Mandatfördelning riksdag, region- och kommunfullmäktige 2026 (xlsx)"
KF,0561,M,Moderaterna,7,8,"Valmyndigheten: Mandatfördelning riksdag, region- och kommunfullmäktige 2026 (xlsx)"
KF,0561,SD,Sverigedemokraterna,8,8,"Valmyndigheten: Mandatfördelning riksdag, region- och kommunfullmäktige 2026 (xlsx)"
KF,0561,V,Vänsterpartiet,1,1,"Valmyndigheten: Mandatfördelning riksdag, region- och kommunfullmäktige 2026 (xlsx)"
KF,0561,Åtvidabergs Framtid,Åtvidabergs Framtid,0,1,"Valmyndigheten: Mandatfördelning riksdag, region- och kommunfullmäktige 2026 (xlsx)"
KF,0765,S,Arbetarepartiet-Socialdemokraterna,15,12,"Valmyndigheten: Mandatfördelning riksdag, region- och kommunfullmäktige 2026 (xlsx)"
KF,0765,C,Centerpartiet,6,8,"Valmyndigheten: Mandatfördelning riksdag, region- och kommunfullmäktige 2026 (xlsx)"
KF,0765,KD,Kristdemokraterna,2,2,"Valmyndigheten: Mandatfördelning riksdag, region- och kommunfullmäktige 2026 (xlsx)"
KF,0765,MP,Miljöpartiet de gröna,1,2,"Valmyndigheten: Mandatfördelning riksdag, region- och kommunfullmäktige 2026 (xlsx)"
KF,0765,M,Moderaterna,9,10,"Valmyndigheten: Mandatfördelning riksdag, region- och kommunfullmäktige 2026 (xlsx)"
KF,0765,SD,Sverigedemokraterna,6,5,"Valmyndigheten: Mandatfördelning riksdag, region- och kommunfullmäktige 2026 (xlsx)"
KF,0765,V,Vänsterpartiet,2,2,"Valmyndigheten: Mandatfördelning riksdag, region- och kommunfullmäktige 2026 (xlsx)"
KF,2039,S,Arbetarepartiet-Socialdemokraterna,10,8,"Valmyndigheten: Mandatfördelning riksdag, region- och kommunfullmäktige 2026 (xlsx)"
KF,2039,C,Centerpartiet,10,10,"Valmyndigheten: Mandatfördelning riksdag, region- och kommunfullmäktige 2026 (xlsx)"
KF,2039,Kommunlistan,Kommunlistan,2,3,"Valmyndigheten: Mandatfördelning riksdag, region- och kommunfullmäktige 2026 (xlsx)"
KF,2039,KD,Kristdemokraterna,0,1,"Valmyndigheten: Mandatfördelning riksdag, region- och kommunfullmäktige 2026 (xlsx)"
KF,2039,M,Moderaterna,4,3,"Valmyndigheten: Mandatfördelning riksdag, region- och kommunfullmäktige 2026 (xlsx)"
KF,2039,SD,Sverigedemokraterna,8,8,"Valmyndigheten: Mandatfördelning riksdag, region- och kommunfullmäktige 2026 (xlsx)"
KF,2039,V,Vänsterpartiet,1,2,"Valmyndigheten: Mandatfördelning riksdag, region- och kommunfullmäktige 2026 (xlsx)"
KF,0319,S,Arbetarepartiet-Socialdemokraterna,10,10,"Valmyndigheten: Mandatfördelning riksdag, region- och kommunfullmäktige 2026 (xlsx)"
KF,0319,C,Centerpartiet,2,1,"Valmyndigheten: Mandatfördelning riksdag, region- och kommunfullmäktige 2026 (xlsx)"
KF,0319,Kommunens Väl,Kommunens Väl,2,1,"Valmyndigheten: Mandatfördelning riksdag, region- och kommunfullmäktige 2026 (xlsx)"
KF,0319,KD,Kristdemokraterna,2,2,"Valmyndigheten: Mandatfördelning riksdag, region- och kommunfullmäktige 2026 (xlsx)"
KF,0319,MP,Miljöpartiet de gröna,1,1,"Valmyndigheten: Mandatfördelning riksdag, region- och kommunfullmäktige 2026 (xlsx)"
KF,0319,M,Moderaterna,6,8,"Valmyndigheten: Mandatfördelning riksdag, region- och kommunfullmäktige 2026 (xlsx)"
KF,0319,SD,Sverigedemokraterna,6,6,"Valmyndigheten: Mandatfördelning riksdag, region- och kommunfullmäktige 2026 (xlsx)"
KF,0319,V,Vänsterpartiet,2,2,"Valmyndigheten: Mandatfördelning riksdag, region- och kommunfullmäktige 2026 (xlsx)"
KF,2560,S,Arbetarepartiet-Socialdemokraterna,12,12,"Valmyndigheten: Mandatfördelning riksdag, region- och kommunfullmäktige 2026 (xlsx)"
KF,2560,C,Centerpartiet,5,3,"Valmyndigheten: Mandatfördelning riksdag, region- och kommunfullmäktige 2026 (xlsx)"
KF,2560,KD,Kristdemokraterna,2,1,"Valmyndigheten: Mandatfördelning riksdag, region- och kommunfullmäktige 2026 (xlsx)"
KF,2560,L,Liberalerna (tidigare Folkpartiet),1,0,"Valmyndigheten: Mandatfördelning riksdag, region- och kommunfullmäktige 2026 (xlsx)"
KF,2560,M,Moderaterna,6,7,"Valmyndigheten: Mandatfördelning riksdag, region- och kommunfullmäktige 2026 (xlsx)"
KF,2560,SD,Sverigedemokraterna,3,2,"Valmyndigheten: Mandatfördelning riksdag, region- och kommunfullmäktige 2026 (xlsx)"
KF,2560,V,Vänsterpartiet,2,2,"Valmyndigheten: Mandatfördelning riksdag, region- och kommunfullmäktige 2026 (xlsx)"
KF,1292,S,Arbetarepartiet-Socialdemokraterna,14,12,"Valmyndigheten: Mandatfördelning riksdag, region- och kommunfullmäktige 2026 (xlsx)"
KF,1292,C,Centerpartiet,3,3,"Valmyndigheten: Mandatfördelning riksdag, region- och kommunfullmäktige 2026 (xlsx)"
KF,1292,EngelholmsPartiet,EngelholmsPartiet,2,4,"Valmyndigheten: Mandatfördelning riksdag, region- och kommunfullmäktige 2026 (xlsx)"
KF,1292,KD,Kristdemokraterna,3,2,"Valmyndigheten: Mandatfördelning riksdag, region- och kommunfullmäktige 2026 (xlsx)"
KF,1292,L,Liberalerna (tidigare Folkpartiet),2,1,"Valmyndigheten: Mandatfördelning riksdag, region- och kommunfullmäktige 2026 (xlsx)"
KF,1292,MP,Miljöpartiet de gröna,1,2,"Valmyndigheten: Mandatfördelning riksdag, region- och kommunfullmäktige 2026 (xlsx)"
KF,1292,M,Moderaterna,15,16,"Valmyndigheten: Mandatfördelning riksdag, region- och kommunfullmäktige 2026 (xlsx)"
KF,1292,SD,Sverigedemokraterna,9,9,"Valmyndigheten: Mandatfördelning riksdag, region- och kommunfullmäktige 2026 (xlsx)"
KF,1292,V,Vänsterpartiet,2,2,"Valmyndigheten: Mandatfördelning riksdag, region- och kommunfullmäktige 2026 (xlsx)"
KF,1407,S,Arbetarepartiet-Socialdemokraterna,9,9,"Valmyndigheten: Mandatfördelning riksdag, region- och kommunfullmäktige 2026 (xlsx)"
KF,1407,Brobyggarpartiet,Brobyggarpartiet,1,0,"Valmyndigheten: Mandatfördelning riksdag, region- och kommunfullmäktige 2026 (xlsx)"
KF,1407,KD,Kristdemokraterna,10,10,"Valmyndigheten: Mandatfördelning riksdag, region- och kommunfullmäktige 2026 (xlsx)"
KF,1407,L,Liberalerna (tidigare Folkpartiet),3,2,"Valmyndigheten: Mandatfördelning riksdag, region- och kommunfullmäktige 2026 (xlsx)"
KF,1407,MP,Miljöpartiet de gröna,2,3,"Valmyndigheten: Mandatfördelning riksdag, region- och kommunfullmäktige 2026 (xlsx)"
KF,1407,M,Moderaterna,9,10,"Valmyndigheten: Mandatfördelning riksdag, region- och kommunfullmäktige 2026 (xlsx)"
KF,1407,SD,Sverigedemokraterna,5,6,"Valmyndigheten: Mandatfördelning riksdag, region- och kommunfullmäktige 2026 (xlsx)"
KF,1407,V,Vänsterpartiet,2,1,"Valmyndigheten: Mandatfördelning riksdag, region- och kommunfullmäktige 2026 (xlsx)"
KF,0509,S,Arbetarepartiet-Socialdemokraterna,7,5,"Valmyndigheten: Mandatfördelning riksdag, region- och kommunfullmäktige 2026 (xlsx)"
KF,0509,C,Centerpartiet,3,2,"Valmyndigheten: Mandatfördelning riksdag, region- och kommunfullmäktige 2026 (xlsx)"
KF,0509,KD,Kristdemokraterna,10,7,"Valmyndigheten: Mandatfördelning riksdag, region- och kommunfullmäktige 2026 (xlsx)"
KF,0509,MP,Miljöpartiet de gröna,1,2,"Valmyndigheten: Mandatfördelning riksdag, region- och kommunfullmäktige 2026 (xlsx)"
KF,0509,M,Moderaterna,8,9,"Valmyndigheten: Mandatfördelning riksdag, region- och kommunfullmäktige 2026 (xlsx)"
KF,0509,SD,Sverigedemokraterna,6,4,"Valmyndigheten: Mandatfördelning riksdag, region- och kommunfullmäktige 2026 (xlsx)"
KF,1880,S,Arbetarepartiet-Socialdemokraterna,20,19,"Valmyndigheten: Mandatfördelning riksdag, region- och kommunfullmäktige 2026 (xlsx)"
KF,1880,C,Centerpartiet,5,4,"Valmyndigheten: Mandatfördelning riksdag, region- och kommunfullmäktige 2026 (xlsx)"
KF,1880,KD,Kristdemokraterna,4,4,"Valmyndigheten: Mandatfördelning riksdag, region- och kommunfullmäktige 2026 (xlsx)"
KF,1880,L,Liberalerna (tidigare Folkpartiet),5,3,"Valmyndigheten: Mandatfördelning riksdag, region- och kommunfullmäktige 2026 (xlsx)"
KF,1880,MP,Miljöpartiet de gröna,2,3,"Valmyndigheten: Mandatfördelning riksdag, region- och kommunfullmäktige 2026 (xlsx)"
KF,1880,M,Moderaterna,11,10,"Valmyndigheten: Mandatfördelning riksdag, region- och kommunfullmäktige 2026 (xlsx)"
KF,1880,SD,Sverigedemokraterna,7,4,"Valmyndigheten: Mandatfördelning riksdag, region- och kommunfullmäktige 2026 (xlsx)"
KF,1880,V,Vänsterpartiet,6,7,"Valmyndigheten: Mandatfördelning riksdag, region- och kommunfullmäktige 2026 (xlsx)"
KF,1880,Örebropartiet,Örebropartiet,5,11,"Valmyndigheten: Mandatfördelning riksdag, region- och kommunfullmäktige 2026 (xlsx)"
KF,1257,S,Arbetarepartiet-Socialdemokraterna,8,8,"Valmyndigheten: Mandatfördelning riksdag, region- och kommunfullmäktige 2026 (xlsx)"
KF,1257,C,Centerpartiet,3,3,"Valmyndigheten: Mandatfördelning riksdag, region- och kommunfullmäktige 2026 (xlsx)"
KF,1257,KD,Kristdemokraterna,5,6,"Valmyndigheten: Mandatfördelning riksdag, region- och kommunfullmäktige 2026 (xlsx)"
KF,1257,M,Moderaterna,7,7,"Valmyndigheten: Mandatfördelning riksdag, region- och kommunfullmäktige 2026 (xlsx)"
KF,1257,SD,Sverigedemokraterna,14,12,"Valmyndigheten: Mandatfördelning riksdag, region- och kommunfullmäktige 2026 (xlsx)"
KF,1257,V,Vänsterpartiet,0,1,"Valmyndigheten: Mandatfördelning riksdag, region- och kommunfullmäktige 2026 (xlsx)"
KF,2284,S,Arbetarepartiet-Socialdemokraterna,23,22,"Valmyndigheten: Mandatfördelning riksdag, region- och kommunfullmäktige 2026 (xlsx)"
KF,2284,C,Centerpartiet,12,8,"Valmyndigheten: Mandatfördelning riksdag, region- och kommunfullmäktige 2026 (xlsx)"
KF,2284,KD,Kristdemokraterna,6,5,"Valmyndigheten: Mandatfördelning riksdag, region- och kommunfullmäktige 2026 (xlsx)"
KF,2284,M,Moderaterna,10,11,"Valmyndigheten: Mandatfördelning riksdag, region- och kommunfullmäktige 2026 (xlsx)"
KF,2284,Norrlandspartiet,Norrlandspartiet,0,5,"Valmyndigheten: Mandatfördelning riksdag, region- och kommunfullmäktige 2026 (xlsx)"
KF,2284,SD,Sverigedemokraterna,6,6,"Valmyndigheten: Mandatfördelning riksdag, region- och kommunfullmäktige 2026 (xlsx)"
KF,2284,V,Vänsterpartiet,4,4,"Valmyndigheten: Mandatfördelning riksdag, region- och kommunfullmäktige 2026 (xlsx)"
KF,2380,S,Arbetarepartiet-Socialdemokraterna,23,21,"Valmyndigheten: Mandatfördelning riksdag, region- och kommunfullmäktige 2026 (xlsx)"
KF,2380,C,Centerpartiet,9,10,"Valmyndigheten: Mandatfördelning riksdag, region- och kommunfullmäktige 2026 (xlsx)"
KF,2380,KD,Kristdemokraterna,5,3,"Valmyndigheten: Mandatfördelning riksdag, region- och kommunfullmäktige 2026 (xlsx)"
KF,2380,L,Liberalerna (tidigare Folkpartiet),2,2,"Valmyndigheten: Mandatfördelning riksdag, region- och kommunfullmäktige 2026 (xlsx)"
KF,2380,MP,Miljöpartiet de gröna,3,4,"Valmyndigheten: Mandatfördelning riksdag, region- och kommunfullmäktige 2026 (xlsx)"
KF,2380,M,Moderaterna,9,11,"Valmyndigheten: Mandatfördelning riksdag, region- och kommunfullmäktige 2026 (xlsx)"
KF,2380,SD,Sverigedemokraterna,6,6,"Valmyndigheten: Mandatfördelning riksdag, region- och kommunfullmäktige 2026 (xlsx)"
KF,2380,V,Vänsterpartiet,4,4,"Valmyndigheten: Mandatfördelning riksdag, region- och kommunfullmäktige 2026 (xlsx)"
KF,0117,S,Arbetarepartiet-Socialdemokraterna,11,12,"Valmyndigheten: Mandatfördelning riksdag, region- och kommunfullmäktige 2026 (xlsx)"
KF,0117,C,Centerpartiet,2,3,"Valmyndigheten: Mandatfördelning riksdag, region- och kommunfullmäktige 2026 (xlsx)"
KF,0117,KD,Kristdemokraterna,2,3,"Valmyndigheten: Mandatfördelning riksdag, region- och kommunfullmäktige 2026 (xlsx)"
KF,0117,L,Liberalerna (tidigare Folkpartiet),3,2,"Valmyndigheten: Mandatfördelning riksdag, region- och kommunfullmäktige 2026 (xlsx)"
KF,0117,Medborgerlig Samling,Medborgerlig Samling,1,0,"Valmyndigheten: Mandatfördelning riksdag, region- och kommunfullmäktige 2026 (xlsx)"
KF,0117,MP,Miljöpartiet de gröna,2,3,"Valmyndigheten: Mandatfördelning riksdag, region- och kommunfullmäktige 2026 (xlsx)"
KF,0117,M,Moderaterna,20,26,"Valmyndigheten: Mandatfördelning riksdag, region- och kommunfullmäktige 2026 (xlsx)"
KF,0117,Roslagspartiet,Roslagspartiet,3,4,"Valmyndigheten: Mandatfördelning riksdag, region- och kommunfullmäktige 2026 (xlsx)"
KF,0117,SD,Sverigedemokraterna,5,5,"Valmyndigheten: Mandatfördelning riksdag, region- och kommunfullmäktige 2026 (xlsx)"
KF,0117,V,Vänsterpartiet,2,3,"Valmyndigheten: Mandatfördelning riksdag, region- och kommunfullmäktige 2026 (xlsx)"
KF,0382,S,Arbetarepartiet-Socialdemokraterna,15,15,"Valmyndigheten: Mandatfördelning riksdag, region- och kommunfullmäktige 2026 (xlsx)"
KF,0382,C,Centerpartiet,4,4,"Valmyndigheten: Mandatfördelning riksdag, region- och kommunfullmäktige 2026 (xlsx)"
KF,0382,KD,Kristdemokraterna,5,4,"Valmyndigheten: Mandatfördelning riksdag, region- och kommunfullmäktige 2026 (xlsx)"
KF,0382,L,Liberalerna (tidigare Folkpartiet),1,1,"Valmyndigheten: Mandatfördelning riksdag, region- och kommunfullmäktige 2026 (xlsx)"
KF,0382,Lokalpartiet BoA,Lokalpartiet BoA,3,2,"Valmyndigheten: Mandatfördelning riksdag, region- och kommunfullmäktige 2026 (xlsx)"
KF,0382,MP,Miljöpartiet de gröna,0,1,"Valmyndigheten: Mandatfördelning riksdag, region- och kommunfullmäktige 2026 (xlsx)"
KF,0382,M,Moderaterna,10,10,"Valmyndigheten: Mandatfördelning riksdag, region- och kommunfullmäktige 2026 (xlsx)"
KF,0382,SD,Sverigedemokraterna,9,10,"Valmyndigheten: Mandatfördelning riksdag, region- och kommunfullmäktige 2026 (xlsx)"
KF,0382,V,Vänsterpartiet,2,2,"Valmyndigheten: Mandatfördelning riksdag, region- och kommunfullmäktige 2026 (xlsx)"
KF,1256,S,Arbetarepartiet-Socialdemokraterna,6,6,"Valmyndigheten: Mandatfördelning riksdag, region- och kommunfullmäktige 2026 (xlsx)"
KF,1256,C,Centerpartiet,1,2,"Valmyndigheten: Mandatfördelning riksdag, region- och kommunfullmäktige 2026 (xlsx)"
KF,1256,KD,Kristdemokraterna,1,1,"Valmyndigheten: Mandatfördelning riksdag, region- och kommunfullmäktige 2026 (xlsx)"
KF,1256,M,Moderaterna,15,14,"Valmyndigheten: Mandatfördelning riksdag, region- och kommunfullmäktige 2026 (xlsx)"
KF,1256,SD,Sverigedemokraterna,7,6,"Valmyndigheten: Mandatfördelning riksdag, region- och kommunfullmäktige 2026 (xlsx)"
KF,1256,V,Vänsterpartiet,1,2,"Valmyndigheten: Mandatfördelning riksdag, region- och kommunfullmäktige 2026 (xlsx)"
KF,2513,S,Arbetarepartiet-Socialdemokraterna,13,7,"Valmyndigheten: Mandatfördelning riksdag, region- och kommunfullmäktige 2026 (xlsx)"
KF,2513,C,Centerpartiet,5,12,"Valmyndigheten: Mandatfördelning riksdag, region- och kommunfullmäktige 2026 (xlsx)"
KF,2513,KD,Kristdemokraterna,0,2,"Valmyndigheten: Mandatfördelning riksdag, region- och kommunfullmäktige 2026 (xlsx)"
KF,2513,M,Moderaterna,2,1,"Valmyndigheten: Mandatfördelning riksdag, region- och kommunfullmäktige 2026 (xlsx)"
KF,2513,SD,Sverigedemokraterna,3,1,"Valmyndigheten: Mandatfördelning riksdag, region- och kommunfullmäktige 2026 (xlsx)"
KF,2513,V,Vänsterpartiet,2,2,"Valmyndigheten: Mandatfördelning riksdag, region- och kommunfullmäktige 2026 (xlsx)"
KF,2518,S,Arbetarepartiet-Socialdemokraterna,5,6,"Valmyndigheten: Mandatfördelning riksdag, region- och kommunfullmäktige 2026 (xlsx)"
KF,2518,C,Centerpartiet,7,5,"Valmyndigheten: Mandatfördelning riksdag, region- och kommunfullmäktige 2026 (xlsx)"
KF,2518,Framtid S Övertorneå,Framtid S Övertorneå,4,3,"Valmyndigheten: Mandatfördelning riksdag, region- och kommunfullmäktige 2026 (xlsx)"
KF,2518,KD,Kristdemokraterna,3,3,"Valmyndigheten: Mandatfördelning riksdag, region- och kommunfullmäktige 2026 (xlsx)"
KF,2518,Sjukvårdspartiet,Sjukvårdspartiet,4,5,"Valmyndigheten: Mandatfördelning riksdag, region- och kommunfullmäktige 2026 (xlsx)"
KF,2518,SD,Sverigedemokraterna,0,2,"Valmyndigheten: Mandatfördelning riksdag, region- och kommunfullmäktige 2026 (xlsx)"
KF,2518,V,Vänsterpartiet,1,1,"Valmyndigheten: Mandatfördelning riksdag, region- och kommunfullmäktige 2026 (xlsx)"
KF,2518,Övertorneås Fria Alternativ,Övertorneås Fria Alternativ,1,0,"Valmyndigheten: Mandatfördelning riksdag, region- och kommunfullmäktige 2026 (xlsx)"
