niva,kod,year,val,parti,andel
kommun,0114,2022,KF,M,20.92
kommun,0114,2022,KF,S,26.64
kommun,0114,2022,KF,L,3.78
kommun,0114,2022,KF,C,4.71
kommun,0114,2022,KF,V,7.78
kommun,0114,2022,KF,MP,3.02
kommun,0114,2022,KF,KD,4.37
kommun,0114,2022,KF,SD,14.71
kommun,0114,2022,KF,Väsbys Bästa,12.5
kommun,0114,2022,KF,Partiet Nyans,1.05
kommun,0114,2022,RD,M,20.52
kommun,0114,2022,RD,S,30.14
kommun,0114,2022,RD,L,4.34
kommun,0114,2022,RD,C,5.89
kommun,0114,2022,RD,V,7.62
kommun,0114,2022,RD,MP,3.62
kommun,0114,2022,RD,KD,4.99
kommun,0114,2022,RD,SD,20.94
kommun,0114,2022,RF,M,19.91
kommun,0114,2022,RF,S,34.48
kommun,0114,2022,RF,L,3.98
kommun,0114,2022,RF,C,4.82
kommun,0114,2022,RF,V,9.29
kommun,0114,2022,RF,MP,2.35
kommun,0114,2022,RF,KD,7.45
kommun,0114,2022,RF,SD,15.92
kommun,0115,2022,KF,M,32.85
kommun,0115,2022,KF,S,21.69
kommun,0115,2022,KF,L,7.05
kommun,0115,2022,KF,C,9.15
kommun,0115,2022,KF,V,4.07
kommun,0115,2022,KF,MP,4.93
kommun,0115,2022,KF,KD,4.54
kommun,0115,2022,KF,SD,14.85
kommun,0115,2022,RD,M,26.02
kommun,0115,2022,RD,S,24.08
kommun,0115,2022,RD,L,6.01
kommun,0115,2022,RD,C,7.94
kommun,0115,2022,RD,V,3.68
kommun,0115,2022,RD,MP,5.23
kommun,0115,2022,RD,KD,5.18
kommun,0115,2022,RD,SD,20.66
kommun,0115,2022,RF,M,25.1
kommun,0115,2022,RF,S,29.6
kommun,0115,2022,RF,L,5.93
kommun,0115,2022,RF,C,6.4
kommun,0115,2022,RF,V,5.1
kommun,0115,2022,RF,MP,3.29
kommun,0115,2022,RF,KD,8.2
kommun,0115,2022,RF,SD,15.1
kommun,0117,2022,KF,M,38.24
kommun,0117,2022,KF,S,22.55
kommun,0117,2022,KF,L,5.39
kommun,0117,2022,KF,C,4.56
kommun,0117,2022,KF,V,4.54
kommun,0117,2022,KF,MP,3.48
kommun,0117,2022,KF,KD,3.34
kommun,0117,2022,KF,SD,8.98
kommun,0117,2022,KF,Roslagspartiet,6.54
kommun,0117,2022,KF,Medborgerlig Samling,2.2
kommun,0117,2022,RD,M,27.46
kommun,0117,2022,RD,S,24.9
kommun,0117,2022,RD,L,6.4
kommun,0117,2022,RD,C,7.52
kommun,0117,2022,RD,V,3.71
kommun,0117,2022,RD,MP,4.69
kommun,0117,2022,RD,KD,4.74
kommun,0117,2022,RD,SD,19.37
kommun,0117,2022,RF,M,28.18
kommun,0117,2022,RF,S,30.33
kommun,0117,2022,RF,L,6.12
kommun,0117,2022,RF,C,5.62
kommun,0117,2022,RF,V,5.25
kommun,0117,2022,RF,MP,2.66
kommun,0117,2022,RF,KD,8.45
kommun,0117,2022,RF,SD,11.93
kommun,0117,2022,RF,Medborgerlig Samling,1.08
kommun,0120,2022,KF,M,23.33
kommun,0120,2022,KF,S,32.97
kommun,0120,2022,KF,L,4.57
kommun,0120,2022,KF,C,6.98
kommun,0120,2022,KF,V,4.91
kommun,0120,2022,KF,MP,4.07
kommun,0120,2022,KF,KD,5.05
kommun,0120,2022,KF,SD,13.89
kommun,0120,2022,KF,Skärgårdspartiet,2.54
kommun,0120,2022,RD,M,23.73
kommun,0120,2022,RD,S,26.5
kommun,0120,2022,RD,L,5.39
kommun,0120,2022,RD,C,8.0
kommun,0120,2022,RD,V,4.67
kommun,0120,2022,RD,MP,6.36
kommun,0120,2022,RD,KD,4.49
kommun,0120,2022,RD,SD,19.78
kommun,0120,2022,RF,M,22.32
kommun,0120,2022,RF,S,33.79
kommun,0120,2022,RF,L,4.68
kommun,0120,2022,RF,C,6.45
kommun,0120,2022,RF,V,6.39
kommun,0120,2022,RF,MP,3.23
kommun,0120,2022,RF,KD,7.13
kommun,0120,2022,RF,SD,14.8
kommun,0123,2022,KF,M,20.77
kommun,0123,2022,KF,S,31.38
kommun,0123,2022,KF,L,7.25
kommun,0123,2022,KF,C,5.69
kommun,0123,2022,KF,V,10.66
kommun,0123,2022,KF,MP,3.57
kommun,0123,2022,KF,KD,4.41
kommun,0123,2022,KF,SD,11.75
kommun,0123,2022,KF,Medborgerlig Samling,3.04
kommun,0123,2022,RD,M,21.04
kommun,0123,2022,RD,S,30.71
kommun,0123,2022,RD,L,5.13
kommun,0123,2022,RD,C,6.09
kommun,0123,2022,RD,V,9.13
kommun,0123,2022,RD,MP,4.81
kommun,0123,2022,RD,KD,4.25
kommun,0123,2022,RD,SD,16.42
kommun,0123,2022,RD,Partiet Nyans,1.1
kommun,0123,2022,RF,M,19.3
kommun,0123,2022,RF,S,35.36
kommun,0123,2022,RF,L,5.49
kommun,0123,2022,RF,C,4.51
kommun,0123,2022,RF,V,10.87
kommun,0123,2022,RF,MP,2.85
kommun,0123,2022,RF,KD,6.34
kommun,0123,2022,RF,SD,12.34
kommun,0123,2022,RF,Partiet Nyans,1.26
kommun,0125,2022,KF,M,26.14
kommun,0125,2022,KF,S,21.67
kommun,0125,2022,KF,L,8.92
kommun,0125,2022,KF,C,6.15
kommun,0125,2022,KF,V,3.2
kommun,0125,2022,KF,MP,5.58
kommun,0125,2022,KF,KD,7.04
kommun,0125,2022,KF,SD,13.15
kommun,0125,2022,KF,Öpartiet,5.44
kommun,0125,2022,KF,Ekeröpartiet,1.87
kommun,0125,2022,RD,M,25.61
kommun,0125,2022,RD,S,23.02
kommun,0125,2022,RD,L,6.32
kommun,0125,2022,RD,C,9.14
kommun,0125,2022,RD,V,3.77
kommun,0125,2022,RD,MP,6.11
kommun,0125,2022,RD,KD,5.66
kommun,0125,2022,RD,SD,19.26
kommun,0125,2022,RF,M,24.08
kommun,0125,2022,RF,S,28.41
kommun,0125,2022,RF,L,6.52
kommun,0125,2022,RF,C,6.77
kommun,0125,2022,RF,V,5.44
kommun,0125,2022,RF,MP,3.92
kommun,0125,2022,RF,KD,9.97
kommun,0125,2022,RF,SD,13.37
kommun,0125,2022,RF,Medborgerlig Samling,1.08
kommun,0126,2022,KF,M,20.76
kommun,0126,2022,KF,S,29.25
kommun,0126,2022,KF,L,4.96
kommun,0126,2022,KF,C,5.81
kommun,0126,2022,KF,V,9.75
kommun,0126,2022,KF,Huddingepartiet,2.59
kommun,0126,2022,KF,MP,3.81
kommun,0126,2022,KF,KD,3.38
kommun,0126,2022,KF,SD,12.61
kommun,0126,2022,KF,Drevvikenpartiet,5.0
kommun,0126,2022,KF,Partiet Nyans,1.14
kommun,0126,2022,RD,M,21.37
kommun,0126,2022,RD,S,30.0
kommun,0126,2022,RD,L,4.73
kommun,0126,2022,RD,C,6.86
kommun,0126,2022,RD,V,8.41
kommun,0126,2022,RD,MP,5.65
kommun,0126,2022,RD,KD,3.79
kommun,0126,2022,RD,SD,17.05
kommun,0126,2022,RF,M,19.73
kommun,0126,2022,RF,S,35.68
kommun,0126,2022,RF,L,4.34
kommun,0126,2022,RF,C,5.23
kommun,0126,2022,RF,V,10.64
kommun,0126,2022,RF,MP,3.28
kommun,0126,2022,RF,KD,5.82
kommun,0126,2022,RF,SD,12.98
kommun,0126,2022,RF,Partiet Nyans,1.09
kommun,0127,2022,KF,M,13.56
kommun,0127,2022,KF,S,31.5
kommun,0127,2022,KF,L,2.75
kommun,0127,2022,KF,C,3.4
kommun,0127,2022,KF,V,10.79
kommun,0127,2022,KF,MP,3.07
kommun,0127,2022,KF,KD,7.47
kommun,0127,2022,KF,SD,12.44
kommun,0127,2022,KF,Tullingepartiet,12.06
kommun,0127,2022,KF,Partiet Nyans,2.03
kommun,0127,2022,RD,M,17.29
kommun,0127,2022,RD,S,32.27
kommun,0127,2022,RD,L,3.14
kommun,0127,2022,RD,C,4.69
kommun,0127,2022,RD,V,10.33
kommun,0127,2022,RD,MP,3.92
kommun,0127,2022,RD,KD,6.56
kommun,0127,2022,RD,SD,18.45
kommun,0127,2022,RD,Partiet Nyans,1.93
kommun,0127,2022,RF,M,15.75
kommun,0127,2022,RF,S,36.73
kommun,0127,2022,RF,L,3.1
kommun,0127,2022,RF,C,3.64
kommun,0127,2022,RF,V,11.93
kommun,0127,2022,RF,MP,2.66
kommun,0127,2022,RF,KD,8.74
kommun,0127,2022,RF,SD,14.1
kommun,0127,2022,RF,Partiet Nyans,2.05
kommun,0128,2022,KF,M,33.12
kommun,0128,2022,KF,S,23.04
kommun,0128,2022,KF,L,4.91
kommun,0128,2022,KF,C,7.22
kommun,0128,2022,KF,V,4.7
kommun,0128,2022,KF,MP,1.61
kommun,0128,2022,KF,KD,4.59
kommun,0128,2022,KF,SD,10.96
kommun,0128,2022,KF,Rönningepartiet,9.06
kommun,0128,2022,RD,M,23.78
kommun,0128,2022,RD,S,27.86
kommun,0128,2022,RD,L,5.09
kommun,0128,2022,RD,C,6.69
kommun,0128,2022,RD,V,4.82
kommun,0128,2022,RD,MP,4.96
kommun,0128,2022,RD,KD,5.73
kommun,0128,2022,RD,SD,19.55
kommun,0128,2022,RF,M,24.24
kommun,0128,2022,RF,S,33.42
kommun,0128,2022,RF,L,4.92
kommun,0128,2022,RF,C,5.53
kommun,0128,2022,RF,V,6.34
kommun,0128,2022,RF,MP,2.4
kommun,0128,2022,RF,KD,8.29
kommun,0128,2022,RF,SD,13.25
kommun,0136,2022,KF,M,23.06
kommun,0136,2022,KF,S,29.41
kommun,0136,2022,KF,L,4.63
kommun,0136,2022,KF,C,5.73
kommun,0136,2022,KF,V,7.74
kommun,0136,2022,KF,MP,2.62
kommun,0136,2022,KF,KD,4.55
kommun,0136,2022,KF,SD,18.88
kommun,0136,2022,KF,Rättvisepartiet Socialisterna,2.28
kommun,0136,2022,RD,M,20.85
kommun,0136,2022,RD,S,29.8
kommun,0136,2022,RD,L,3.87
kommun,0136,2022,RD,C,5.36
kommun,0136,2022,RD,V,7.32
kommun,0136,2022,RD,MP,3.7
kommun,0136,2022,RD,KD,4.19
kommun,0136,2022,RD,SD,22.75
kommun,0136,2022,RD,Partiet Nyans,1.04
kommun,0136,2022,RF,M,19.89
kommun,0136,2022,RF,S,34.32
kommun,0136,2022,RF,L,3.67
kommun,0136,2022,RF,C,4.56
kommun,0136,2022,RF,V,8.9
kommun,0136,2022,RF,MP,2.41
kommun,0136,2022,RF,KD,5.89
kommun,0136,2022,RF,SD,18.35
kommun,0136,2022,RF,Partiet Nyans,1.0
kommun,0138,2022,KF,M,28.33
kommun,0138,2022,KF,S,32.2
kommun,0138,2022,KF,L,6.53
kommun,0138,2022,KF,C,4.48
kommun,0138,2022,KF,V,5.46
kommun,0138,2022,KF,MP,4.74
kommun,0138,2022,KF,KD,3.71
kommun,0138,2022,KF,SD,13.89
kommun,0138,2022,RD,M,23.64
kommun,0138,2022,RD,S,29.81
kommun,0138,2022,RD,L,5.48
kommun,0138,2022,RD,C,6.58
kommun,0138,2022,RD,V,5.13
kommun,0138,2022,RD,MP,5.33
kommun,0138,2022,RD,KD,3.9
kommun,0138,2022,RD,SD,18.92
kommun,0138,2022,RF,M,22.6
kommun,0138,2022,RF,S,36.43
kommun,0138,2022,RF,L,5.21
kommun,0138,2022,RF,C,4.53
kommun,0138,2022,RF,V,6.86
kommun,0138,2022,RF,MP,3.02
kommun,0138,2022,RF,KD,6.11
kommun,0138,2022,RF,SD,14.2
kommun,0139,2022,KF,M,25.81
kommun,0139,2022,KF,S,28.37
kommun,0139,2022,KF,L,5.35
kommun,0139,2022,KF,C,5.09
kommun,0139,2022,KF,V,8.24
kommun,0139,2022,KF,MP,2.57
kommun,0139,2022,KF,KD,5.84
kommun,0139,2022,KF,SD,17.62
kommun,0139,2022,RD,M,21.42
kommun,0139,2022,RD,S,28.24
kommun,0139,2022,RD,L,4.35
kommun,0139,2022,RD,C,5.32
kommun,0139,2022,RD,V,6.99
kommun,0139,2022,RD,MP,3.38
kommun,0139,2022,RD,KD,5.52
kommun,0139,2022,RD,SD,22.82
kommun,0139,2022,RF,M,20.79
kommun,0139,2022,RF,S,32.66
kommun,0139,2022,RF,L,4.34
kommun,0139,2022,RF,C,4.2
kommun,0139,2022,RF,V,8.85
kommun,0139,2022,RF,MP,2.15
kommun,0139,2022,RF,KD,8.2
kommun,0139,2022,RF,SD,17.1
kommun,0140,2022,KF,M,22.36
kommun,0140,2022,KF,S,24.45
kommun,0140,2022,KF,L,4.61
kommun,0140,2022,KF,C,4.91
kommun,0140,2022,KF,V,1.86
kommun,0140,2022,KF,MP,2.2
kommun,0140,2022,KF,KD,2.68
kommun,0140,2022,KF,SD,19.85
kommun,0140,2022,KF,Nykvarnspartiet,16.73
kommun,0140,2022,RD,M,25.6
kommun,0140,2022,RD,S,24.89
kommun,0140,2022,RD,L,4.44
kommun,0140,2022,RD,C,5.32
kommun,0140,2022,RD,V,2.5
kommun,0140,2022,RD,MP,2.56
kommun,0140,2022,RD,KD,5.28
kommun,0140,2022,RD,SD,28.72
kommun,0140,2022,RF,M,25.08
kommun,0140,2022,RF,S,31.11
kommun,0140,2022,RF,L,4.47
kommun,0140,2022,RF,C,4.11
kommun,0140,2022,RF,V,3.28
kommun,0140,2022,RF,MP,1.61
kommun,0140,2022,RF,KD,8.21
kommun,0140,2022,RF,SD,21.37
kommun,0160,2022,KF,M,39.52
kommun,0160,2022,KF,S,17.0
kommun,0160,2022,KF,L,14.3
kommun,0160,2022,KF,C,8.33
kommun,0160,2022,KF,V,2.16
kommun,0160,2022,KF,MP,3.81
kommun,0160,2022,KF,KD,5.56
kommun,0160,2022,KF,SD,8.33
kommun,0160,2022,RD,M,33.92
kommun,0160,2022,RD,S,19.79
kommun,0160,2022,RD,L,9.74
kommun,0160,2022,RD,C,9.95
kommun,0160,2022,RD,V,2.77
kommun,0160,2022,RD,MP,4.59
kommun,0160,2022,RD,KD,5.24
kommun,0160,2022,RD,SD,12.94
kommun,0160,2022,RF,M,31.24
kommun,0160,2022,RF,S,25.32
kommun,0160,2022,RF,L,10.14
kommun,0160,2022,RF,C,7.29
kommun,0160,2022,RF,V,3.63
kommun,0160,2022,RF,MP,2.73
kommun,0160,2022,RF,KD,10.07
kommun,0160,2022,RF,SD,8.19
kommun,0162,2022,KF,M,36.47
kommun,0162,2022,KF,S,9.78
kommun,0162,2022,KF,L,11.12
kommun,0162,2022,KF,C,21.8
kommun,0162,2022,KF,V,1.8
kommun,0162,2022,KF,MP,3.59
kommun,0162,2022,KF,KD,6.62
kommun,0162,2022,KF,SD,5.71
kommun,0162,2022,KF,Medborgerlig Samling,1.67
kommun,0162,2022,KF,Nya Danderydspartiet,1.29
kommun,0162,2022,RD,M,40.98
kommun,0162,2022,RD,S,12.5
kommun,0162,2022,RD,L,12.3
kommun,0162,2022,RD,C,9.99
kommun,0162,2022,RD,V,2.15
kommun,0162,2022,RD,MP,4.15
kommun,0162,2022,RD,KD,5.93
kommun,0162,2022,RD,SD,11.1
kommun,0162,2022,RF,M,34.53
kommun,0162,2022,RF,S,18.48
kommun,0162,2022,RF,L,12.01
kommun,0162,2022,RF,C,7.75
kommun,0162,2022,RF,V,3.12
kommun,0162,2022,RF,MP,2.67
kommun,0162,2022,RF,KD,13.17
kommun,0162,2022,RF,SD,6.48
kommun,0162,2022,RF,Medborgerlig Samling,1.44
kommun,0163,2022,KF,M,29.53
kommun,0163,2022,KF,S,27.68
kommun,0163,2022,KF,L,8.01
kommun,0163,2022,KF,C,7.21
kommun,0163,2022,KF,V,6.13
kommun,0163,2022,KF,Sollentunapartiet,1.96
kommun,0163,2022,KF,MP,4.29
kommun,0163,2022,KF,KD,5.4
kommun,0163,2022,KF,SD,8.62
kommun,0163,2022,RD,M,24.94
kommun,0163,2022,RD,S,26.81
kommun,0163,2022,RD,L,7.69
kommun,0163,2022,RD,C,9.44
kommun,0163,2022,RD,V,6.21
kommun,0163,2022,RD,MP,5.83
kommun,0163,2022,RD,KD,4.51
kommun,0163,2022,RD,SD,12.9
kommun,0163,2022,RF,M,24.16
kommun,0163,2022,RF,S,33.23
kommun,0163,2022,RF,L,7.26
kommun,0163,2022,RF,C,6.65
kommun,0163,2022,RF,V,7.37
kommun,0163,2022,RF,MP,3.38
kommun,0163,2022,RF,KD,7.41
kommun,0163,2022,RF,SD,8.7
kommun,0180,2022,KF,M,18.33
kommun,0180,2022,KF,S,29.43
kommun,0180,2022,KF,L,7.98
kommun,0180,2022,KF,C,6.69
kommun,0180,2022,KF,V,15.37
kommun,0180,2022,KF,MP,6.03
kommun,0180,2022,KF,KD,3.83
kommun,0180,2022,KF,SD,8.03
kommun,0180,2022,KF,Feministiskt initiativ,1.18
kommun,0180,2022,KF,Medborgerlig Samling,1.17
kommun,0180,2022,RD,M,19.07
kommun,0180,2022,RD,S,28.07
kommun,0180,2022,RD,L,6.87
kommun,0180,2022,RD,C,8.48
kommun,0180,2022,RD,V,11.73
kommun,0180,2022,RD,MP,10.02
kommun,0180,2022,RD,KD,3.17
kommun,0180,2022,RD,SD,10.67
kommun,0180,2022,RF,M,16.75
kommun,0180,2022,RF,S,33.71
kommun,0180,2022,RF,L,6.48
kommun,0180,2022,RF,C,6.0
kommun,0180,2022,RF,V,16.41
kommun,0180,2022,RF,MP,4.7
kommun,0180,2022,RF,KD,5.14
kommun,0180,2022,RF,SD,7.92
kommun,0180,2022,RF,Medborgerlig Samling,1.12
kommun,0181,2022,KF,M,18.71
kommun,0181,2022,KF,S,30.44
kommun,0181,2022,KF,L,3.77
kommun,0181,2022,KF,C,4.78
kommun,0181,2022,KF,V,7.47
kommun,0181,2022,KF,MP,4.64
kommun,0181,2022,KF,KD,9.28
kommun,0181,2022,KF,SD,15.7
kommun,0181,2022,KF,Realistpartiet,4.05
kommun,0181,2022,RD,M,20.65
kommun,0181,2022,RD,S,28.54
kommun,0181,2022,RD,L,3.6
kommun,0181,2022,RD,C,4.48
kommun,0181,2022,RD,V,7.05
kommun,0181,2022,RD,MP,4.81
kommun,0181,2022,RD,KD,8.25
kommun,0181,2022,RD,SD,20.87
kommun,0181,2022,RF,M,19.36
kommun,0181,2022,RF,S,31.78
kommun,0181,2022,RF,L,3.29
kommun,0181,2022,RF,C,4.25
kommun,0181,2022,RF,V,8.85
kommun,0181,2022,RF,MP,3.69
kommun,0181,2022,RF,KD,10.64
kommun,0181,2022,RF,SD,16.36
kommun,0182,2022,KF,M,31.5
kommun,0182,2022,KF,S,21.58
kommun,0182,2022,KF,L,5.54
kommun,0182,2022,KF,C,7.6
kommun,0182,2022,KF,V,5.83
kommun,0182,2022,KF,MP,5.18
kommun,0182,2022,KF,KD,3.34
kommun,0182,2022,KF,SD,7.25
kommun,0182,2022,KF,Nackalistan,11.21
kommun,0182,2022,RD,M,26.9
kommun,0182,2022,RD,S,25.27
kommun,0182,2022,RD,L,7.61
kommun,0182,2022,RD,C,10.42
kommun,0182,2022,RD,V,5.3
kommun,0182,2022,RD,MP,7.39
kommun,0182,2022,RD,KD,3.98
kommun,0182,2022,RD,SD,11.84
kommun,0182,2022,RF,M,25.97
kommun,0182,2022,RF,S,31.24
kommun,0182,2022,RF,L,6.73
kommun,0182,2022,RF,C,8.06
kommun,0182,2022,RF,V,7.49
kommun,0182,2022,RF,MP,4.23
kommun,0182,2022,RF,KD,6.71
kommun,0182,2022,RF,SD,8.07
kommun,0183,2022,KF,M,21.6
kommun,0183,2022,KF,S,30.79
kommun,0183,2022,KF,L,7.07
kommun,0183,2022,KF,C,7.05
kommun,0183,2022,KF,V,13.3
kommun,0183,2022,KF,MP,4.83
kommun,0183,2022,KF,KD,4.12
kommun,0183,2022,KF,SD,9.84
kommun,0183,2022,RD,M,20.05
kommun,0183,2022,RD,S,31.32
kommun,0183,2022,RD,L,5.94
kommun,0183,2022,RD,C,7.54
kommun,0183,2022,RD,V,10.92
kommun,0183,2022,RD,MP,6.3
kommun,0183,2022,RD,KD,3.54
kommun,0183,2022,RD,SD,12.72
kommun,0183,2022,RF,M,18.66
kommun,0183,2022,RF,S,36.71
kommun,0183,2022,RF,L,5.3
kommun,0183,2022,RF,C,5.6
kommun,0183,2022,RF,V,13.83
kommun,0183,2022,RF,MP,3.6
kommun,0183,2022,RF,KD,5.08
kommun,0183,2022,RF,SD,9.42
kommun,0184,2022,KF,M,26.8
kommun,0184,2022,KF,S,32.76
kommun,0184,2022,KF,L,6.72
kommun,0184,2022,KF,C,6.44
kommun,0184,2022,KF,V,9.51
kommun,0184,2022,KF,MP,4.49
kommun,0184,2022,KF,KD,3.38
kommun,0184,2022,KF,SD,7.98
kommun,0184,2022,RD,M,21.21
kommun,0184,2022,RD,S,29.53
kommun,0184,2022,RD,L,6.85
kommun,0184,2022,RD,C,8.61
kommun,0184,2022,RD,V,8.87
kommun,0184,2022,RD,MP,6.93
kommun,0184,2022,RD,KD,3.8
kommun,0184,2022,RD,SD,12.52
kommun,0184,2022,RF,M,19.98
kommun,0184,2022,RF,S,37.14
kommun,0184,2022,RF,L,5.88
kommun,0184,2022,RF,C,6.0
kommun,0184,2022,RF,V,11.34
kommun,0184,2022,RF,MP,3.8
kommun,0184,2022,RF,KD,5.91
kommun,0184,2022,RF,SD,8.25
kommun,0186,2022,KF,M,28.03
kommun,0186,2022,KF,S,13.18
kommun,0186,2022,KF,L,8.74
kommun,0186,2022,KF,C,14.49
kommun,0186,2022,KF,V,3.7
kommun,0186,2022,KF,Lidingöpartiet,16.91
kommun,0186,2022,KF,MP,3.83
kommun,0186,2022,KF,KD,5.09
kommun,0186,2022,KF,SD,5.46
kommun,0186,2022,RD,M,34.21
kommun,0186,2022,RD,S,17.78
kommun,0186,2022,RD,L,10.66
kommun,0186,2022,RD,C,10.38
kommun,0186,2022,RD,V,3.12
kommun,0186,2022,RD,MP,5.49
kommun,0186,2022,RD,KD,5.24
kommun,0186,2022,RD,SD,12.08
kommun,0186,2022,RF,M,29.9
kommun,0186,2022,RF,S,23.34
kommun,0186,2022,RF,L,10.55
kommun,0186,2022,RF,C,8.51
kommun,0186,2022,RF,V,4.47
kommun,0186,2022,RF,MP,3.39
kommun,0186,2022,RF,KD,11.17
kommun,0186,2022,RF,SD,7.34
kommun,0187,2022,KF,M,25.02
kommun,0187,2022,KF,S,13.86
kommun,0187,2022,KF,L,4.75
kommun,0187,2022,KF,C,12.72
kommun,0187,2022,KF,V,6.47
kommun,0187,2022,KF,MP,2.84
kommun,0187,2022,KF,KD,2.8
kommun,0187,2022,KF,SD,6.92
kommun,0187,2022,KF,Waxholmspartiet - borgerligt alternativ,19.46
kommun,0187,2022,KF,Vaxholmsdemokraterna,4.8
kommun,0187,2022,RD,M,28.68
kommun,0187,2022,RD,S,22.37
kommun,0187,2022,RD,L,7.9
kommun,0187,2022,RD,C,10.07
kommun,0187,2022,RD,V,2.91
kommun,0187,2022,RD,MP,6.26
kommun,0187,2022,RD,KD,5.23
kommun,0187,2022,RD,SD,15.64
kommun,0187,2022,RF,M,25.85
kommun,0187,2022,RF,S,28.46
kommun,0187,2022,RF,L,6.9
kommun,0187,2022,RF,C,9.35
kommun,0187,2022,RF,V,5.14
kommun,0187,2022,RF,MP,3.18
kommun,0187,2022,RF,KD,10.04
kommun,0187,2022,RF,SD,10.01
kommun,0188,2022,KF,M,25.11
kommun,0188,2022,KF,S,27.76
kommun,0188,2022,KF,L,6.25
kommun,0188,2022,KF,C,6.92
kommun,0188,2022,KF,V,5.15
kommun,0188,2022,KF,MP,3.17
kommun,0188,2022,KF,KD,3.65
kommun,0188,2022,KF,SD,19.19
kommun,0188,2022,KF,Roslagens oberoende parti,1.6
kommun,0188,2022,RD,M,20.65
kommun,0188,2022,RD,S,29.15
kommun,0188,2022,RD,L,4.2
kommun,0188,2022,RD,C,6.26
kommun,0188,2022,RD,V,4.64
kommun,0188,2022,RD,MP,4.04
kommun,0188,2022,RD,KD,4.74
kommun,0188,2022,RD,SD,25.17
kommun,0188,2022,RF,M,20.96
kommun,0188,2022,RF,S,32.35
kommun,0188,2022,RF,L,4.56
kommun,0188,2022,RF,C,5.87
kommun,0188,2022,RF,V,6.26
kommun,0188,2022,RF,MP,2.57
kommun,0188,2022,RF,KD,6.49
kommun,0188,2022,RF,SD,19.96
kommun,0191,2022,KF,M,30.71
kommun,0191,2022,KF,S,28.99
kommun,0191,2022,KF,L,4.33
kommun,0191,2022,KF,C,3.93
kommun,0191,2022,KF,V,6.25
kommun,0191,2022,KF,Sigtunapartiet Samling för Sigtuna,2.51
kommun,0191,2022,KF,MP,3.21
kommun,0191,2022,KF,KD,4.69
kommun,0191,2022,KF,SD,13.76
kommun,0191,2022,RD,M,22.26
kommun,0191,2022,RD,S,27.59
kommun,0191,2022,RD,L,4.07
kommun,0191,2022,RD,C,5.29
kommun,0191,2022,RD,V,6.27
kommun,0191,2022,RD,MP,3.37
kommun,0191,2022,RD,KD,5.95
kommun,0191,2022,RD,SD,22.33
kommun,0191,2022,RD,Partiet Nyans,1.57
kommun,0191,2022,RF,M,23.59
kommun,0191,2022,RF,S,32.01
kommun,0191,2022,RF,L,4.09
kommun,0191,2022,RF,C,4.2
kommun,0191,2022,RF,V,7.2
kommun,0191,2022,RF,MP,2.38
kommun,0191,2022,RF,KD,8.5
kommun,0191,2022,RF,SD,15.06
kommun,0191,2022,RF,Partiet Nyans,1.76
kommun,0192,2022,KF,M,21.99
kommun,0192,2022,KF,S,28.31
kommun,0192,2022,KF,L,4.24
kommun,0192,2022,KF,C,3.6
kommun,0192,2022,KF,V,5.75
kommun,0192,2022,KF,MP,4.03
kommun,0192,2022,KF,KD,4.79
kommun,0192,2022,KF,SD,17.8
kommun,0192,2022,KF,Sorundanet Nynäshamns kommunparti,5.81
kommun,0192,2022,KF,Medborgerlig Samling,1.06
kommun,0192,2022,KF,Pensionärspartiet i Nynäshamns kommun,2.33
kommun,0192,2022,RD,M,17.72
kommun,0192,2022,RD,S,31.44
kommun,0192,2022,RD,L,3.38
kommun,0192,2022,RD,C,4.51
kommun,0192,2022,RD,V,5.21
kommun,0192,2022,RD,MP,4.01
kommun,0192,2022,RD,KD,5.07
kommun,0192,2022,RD,SD,27.26
kommun,0192,2022,RF,M,18.59
kommun,0192,2022,RF,S,35.17
kommun,0192,2022,RF,L,3.74
kommun,0192,2022,RF,C,3.68
kommun,0192,2022,RF,V,7.01
kommun,0192,2022,RF,MP,2.72
kommun,0192,2022,RF,KD,7.34
kommun,0192,2022,RF,SD,20.62
kommun,0305,2022,KF,M,21.09
kommun,0305,2022,KF,S,25.4
kommun,0305,2022,KF,L,3.54
kommun,0305,2022,KF,C,5.44
kommun,0305,2022,KF,V,3.62
kommun,0305,2022,KF,MP,2.23
kommun,0305,2022,KF,KD,4.37
kommun,0305,2022,KF,SD,19.4
kommun,0305,2022,KF,Bålstapartiet,8.16
kommun,0305,2022,KF,HåboDemokraterna,6.27
kommun,0305,2022,RD,M,23.8
kommun,0305,2022,RD,S,24.53
kommun,0305,2022,RD,L,4.35
kommun,0305,2022,RD,C,5.22
kommun,0305,2022,RD,V,3.85
kommun,0305,2022,RD,MP,2.77
kommun,0305,2022,RD,KD,5.98
kommun,0305,2022,RD,SD,28.36
kommun,0305,2022,RF,M,23.25
kommun,0305,2022,RF,S,27.15
kommun,0305,2022,RF,L,4.25
kommun,0305,2022,RF,C,5.23
kommun,0305,2022,RF,V,4.9
kommun,0305,2022,RF,MP,2.23
kommun,0305,2022,RF,KD,9.0
kommun,0305,2022,RF,SD,20.98
kommun,0305,2022,RF,Lokala partier i Uppsala län,2.2
kommun,0319,2022,KF,M,19.86
kommun,0319,2022,KF,S,32.52
kommun,0319,2022,KF,L,1.6
kommun,0319,2022,KF,C,5.33
kommun,0319,2022,KF,V,5.61
kommun,0319,2022,KF,Kommunens Väl,5.56
kommun,0319,2022,KF,MP,2.14
kommun,0319,2022,KF,KD,6.72
kommun,0319,2022,KF,SD,20.38
kommun,0319,2022,RD,M,14.47
kommun,0319,2022,RD,S,35.55
kommun,0319,2022,RD,L,2.43
kommun,0319,2022,RD,C,3.33
kommun,0319,2022,RD,V,4.65
kommun,0319,2022,RD,MP,2.86
kommun,0319,2022,RD,KD,4.34
kommun,0319,2022,RD,SD,31.0
kommun,0319,2022,RF,M,16.89
kommun,0319,2022,RF,S,37.52
kommun,0319,2022,RF,L,2.1
kommun,0319,2022,RF,C,3.72
kommun,0319,2022,RF,V,6.07
kommun,0319,2022,RF,MP,2.32
kommun,0319,2022,RF,KD,6.98
kommun,0319,2022,RF,SD,22.87
kommun,0319,2022,RF,Lokala partier i Uppsala län,1.03
kommun,0330,2022,KF,M,13.99
kommun,0330,2022,KF,S,15.34
kommun,0330,2022,KF,L,3.53
kommun,0330,2022,KF,C,5.72
kommun,0330,2022,KF,V,5.21
kommun,0330,2022,KF,MP,4.51
kommun,0330,2022,KF,KD,11.26
kommun,0330,2022,KF,SD,12.57
kommun,0330,2022,KF,Knivsta.Nu,27.51
kommun,0330,2022,RD,M,21.07
kommun,0330,2022,RD,S,25.03
kommun,0330,2022,RD,L,5.64
kommun,0330,2022,RD,C,7.78
kommun,0330,2022,RD,V,4.66
kommun,0330,2022,RD,MP,6.2
kommun,0330,2022,RD,KD,8.5
kommun,0330,2022,RD,SD,19.54
kommun,0330,2022,RF,M,17.99
kommun,0330,2022,RF,S,25.75
kommun,0330,2022,RF,L,5.35
kommun,0330,2022,RF,C,6.73
kommun,0330,2022,RF,V,7.61
kommun,0330,2022,RF,MP,4.21
kommun,0330,2022,RF,KD,14.58
kommun,0330,2022,RF,SD,13.77
kommun,0330,2022,RF,Lokala partier i Uppsala län,2.52
kommun,0331,2022,KF,M,13.06
kommun,0331,2022,KF,S,26.19
kommun,0331,2022,KF,L,2.51
kommun,0331,2022,KF,C,15.49
kommun,0331,2022,KF,V,5.84
kommun,0331,2022,KF,MP,2.78
kommun,0331,2022,KF,KD,9.08
kommun,0331,2022,KF,SD,23.56
kommun,0331,2022,KF,Tillsammans - partiet för hela Heby kommun,1.16
kommun,0331,2022,RD,M,14.81
kommun,0331,2022,RD,S,27.63
kommun,0331,2022,RD,L,2.4
kommun,0331,2022,RD,C,7.94
kommun,0331,2022,RD,V,4.9
kommun,0331,2022,RD,MP,2.89
kommun,0331,2022,RD,KD,8.21
kommun,0331,2022,RD,SD,29.62
kommun,0331,2022,RF,M,13.48
kommun,0331,2022,RF,S,28.53
kommun,0331,2022,RF,L,2.27
kommun,0331,2022,RF,C,10.72
kommun,0331,2022,RF,V,6.87
kommun,0331,2022,RF,MP,2.38
kommun,0331,2022,RF,KD,10.48
kommun,0331,2022,RF,SD,24.01
kommun,0360,2022,KF,M,13.5
kommun,0360,2022,KF,S,31.77
kommun,0360,2022,KF,L,2.29
kommun,0360,2022,KF,C,15.92
kommun,0360,2022,KF,V,5.13
kommun,0360,2022,KF,MP,2.77
kommun,0360,2022,KF,KD,4.8
kommun,0360,2022,KF,SD,18.63
kommun,0360,2022,KF,Tierpslistan,4.46
kommun,0360,2022,RD,M,14.36
kommun,0360,2022,RD,S,34.12
kommun,0360,2022,RD,L,2.55
kommun,0360,2022,RD,C,7.12
kommun,0360,2022,RD,V,4.72
kommun,0360,2022,RD,MP,3.27
kommun,0360,2022,RD,KD,5.92
kommun,0360,2022,RD,SD,26.65
kommun,0360,2022,RF,M,13.75
kommun,0360,2022,RF,S,34.84
kommun,0360,2022,RF,L,2.33
kommun,0360,2022,RF,C,10.2
kommun,0360,2022,RF,V,6.41
kommun,0360,2022,RF,MP,2.62
kommun,0360,2022,RF,KD,7.61
kommun,0360,2022,RF,SD,20.65
kommun,0380,2022,KF,M,17.08
kommun,0380,2022,KF,S,27.08
kommun,0380,2022,KF,L,5.77
kommun,0380,2022,KF,C,8.26
kommun,0380,2022,KF,V,13.41
kommun,0380,2022,KF,MP,6.43
kommun,0380,2022,KF,KD,6.83
kommun,0380,2022,KF,SD,9.34
kommun,0380,2022,KF,Utvecklingspartiet demokraterna,2.6
kommun,0380,2022,RD,M,17.55
kommun,0380,2022,RD,S,29.38
kommun,0380,2022,RD,L,5.93
kommun,0380,2022,RD,C,7.81
kommun,0380,2022,RD,V,10.19
kommun,0380,2022,RD,MP,8.9
kommun,0380,2022,RD,KD,5.37
kommun,0380,2022,RD,SD,13.0
kommun,0380,2022,RF,M,15.76
kommun,0380,2022,RF,S,29.37
kommun,0380,2022,RF,L,5.37
kommun,0380,2022,RF,C,7.29
kommun,0380,2022,RF,V,15.24
kommun,0380,2022,RF,MP,5.52
kommun,0380,2022,RF,KD,8.53
kommun,0380,2022,RF,SD,9.31
kommun,0380,2022,RF,Utvecklingspartiet demokraterna,1.3
kommun,0381,2022,KF,M,20.22
kommun,0381,2022,KF,S,25.8
kommun,0381,2022,KF,L,2.73
kommun,0381,2022,KF,C,6.93
kommun,0381,2022,KF,V,5.09
kommun,0381,2022,KF,MP,3.16
kommun,0381,2022,KF,KD,6.21
kommun,0381,2022,KF,SD,17.72
kommun,0381,2022,KF,Nystart Enköping (NE),11.22
kommun,0381,2022,RD,M,21.67
kommun,0381,2022,RD,S,27.9
kommun,0381,2022,RD,L,3.65
kommun,0381,2022,RD,C,6.69
kommun,0381,2022,RD,V,4.22
kommun,0381,2022,RD,MP,3.35
kommun,0381,2022,RD,KD,6.36
kommun,0381,2022,RD,SD,24.68
kommun,0381,2022,RF,M,21.26
kommun,0381,2022,RF,S,30.13
kommun,0381,2022,RF,L,3.15
kommun,0381,2022,RF,C,6.87
kommun,0381,2022,RF,V,6.08
kommun,0381,2022,RF,MP,2.63
kommun,0381,2022,RF,KD,9.12
kommun,0381,2022,RF,SD,18.31
kommun,0381,2022,RF,Lokala partier i Uppsala län,1.04
kommun,0382,2022,KF,M,19.67
kommun,0382,2022,KF,S,29.53
kommun,0382,2022,KF,L,2.44
kommun,0382,2022,KF,C,8.85
kommun,0382,2022,KF,V,3.96
kommun,0382,2022,KF,MP,1.88
kommun,0382,2022,KF,KD,8.87
kommun,0382,2022,KF,SD,17.78
kommun,0382,2022,KF,Lokalpartiet BoA,5.85
kommun,0382,2022,RD,M,18.51
kommun,0382,2022,RD,S,30.36
kommun,0382,2022,RD,L,3.35
kommun,0382,2022,RD,C,5.38
kommun,0382,2022,RD,V,3.71
kommun,0382,2022,RD,MP,2.65
kommun,0382,2022,RD,KD,7.95
kommun,0382,2022,RD,SD,27.04
kommun,0382,2022,RF,M,19.08
kommun,0382,2022,RF,S,31.56
kommun,0382,2022,RF,L,2.98
kommun,0382,2022,RF,C,6.59
kommun,0382,2022,RF,V,5.3
kommun,0382,2022,RF,MP,1.81
kommun,0382,2022,RF,KD,11.38
kommun,0382,2022,RF,SD,19.48
kommun,0428,2022,KF,M,18.34
kommun,0428,2022,KF,S,33.28
kommun,0428,2022,KF,L,1.14
kommun,0428,2022,KF,C,6.85
kommun,0428,2022,KF,V,4.48
kommun,0428,2022,KF,MP,2.46
kommun,0428,2022,KF,KD,4.46
kommun,0428,2022,KF,SD,22.85
kommun,0428,2022,KF,Vingåkerspartiet - VTL,5.94
kommun,0428,2022,RD,M,16.79
kommun,0428,2022,RD,S,33.12
kommun,0428,2022,RD,L,2.13
kommun,0428,2022,RD,C,5.05
kommun,0428,2022,RD,V,4.47
kommun,0428,2022,RD,MP,3.3
kommun,0428,2022,RD,KD,5.23
kommun,0428,2022,RD,SD,28.78
kommun,0428,2022,RF,M,16.69
kommun,0428,2022,RF,S,33.78
kommun,0428,2022,RF,L,1.79
kommun,0428,2022,RF,C,5.73
kommun,0428,2022,RF,V,4.91
kommun,0428,2022,RF,MP,1.86
kommun,0428,2022,RF,KD,6.26
kommun,0428,2022,RF,SD,22.02
kommun,0428,2022,RF,Vård för Pengarna,6.49
kommun,0461,2022,KF,M,22.79
kommun,0461,2022,KF,S,24.39
kommun,0461,2022,KF,L,2.53
kommun,0461,2022,KF,C,11.96
kommun,0461,2022,KF,V,9.77
kommun,0461,2022,KF,MP,7.87
kommun,0461,2022,KF,KD,2.98
kommun,0461,2022,KF,SD,15.84
kommun,0461,2022,KF,Feministiskt initiativ,1.54
kommun,0461,2022,RD,M,19.4
kommun,0461,2022,RD,S,29.09
kommun,0461,2022,RD,L,2.95
kommun,0461,2022,RD,C,7.57
kommun,0461,2022,RD,V,6.86
kommun,0461,2022,RD,MP,6.2
kommun,0461,2022,RD,KD,4.33
kommun,0461,2022,RD,SD,22.16
kommun,0461,2022,RF,M,18.42
kommun,0461,2022,RF,S,26.35
kommun,0461,2022,RF,L,2.48
kommun,0461,2022,RF,C,7.38
kommun,0461,2022,RF,V,8.87
kommun,0461,2022,RF,MP,4.97
kommun,0461,2022,RF,KD,4.86
kommun,0461,2022,RF,SD,15.05
kommun,0461,2022,RF,Vård för Pengarna,10.78
kommun,0480,2022,KF,M,24.31
kommun,0480,2022,KF,S,32.35
kommun,0480,2022,KF,L,3.57
kommun,0480,2022,KF,C,7.32
kommun,0480,2022,KF,V,6.19
kommun,0480,2022,KF,MP,5.28
kommun,0480,2022,KF,KD,4.58
kommun,0480,2022,KF,SD,15.5
kommun,0480,2022,RD,M,19.28
kommun,0480,2022,RD,S,34.15
kommun,0480,2022,RD,L,3.85
kommun,0480,2022,RD,C,6.82
kommun,0480,2022,RD,V,4.96
kommun,0480,2022,RD,MP,4.69
kommun,0480,2022,RD,KD,4.8
kommun,0480,2022,RD,SD,20.2
kommun,0480,2022,RF,M,16.47
kommun,0480,2022,RF,S,27.23
kommun,0480,2022,RF,L,2.4
kommun,0480,2022,RF,C,4.8
kommun,0480,2022,RF,V,5.39
kommun,0480,2022,RF,MP,2.85
kommun,0480,2022,RF,KD,4.98
kommun,0480,2022,RF,SD,13.01
kommun,0480,2022,RF,Vård för Pengarna,21.95
kommun,0481,2022,KF,M,32.67
kommun,0481,2022,KF,S,32.08
kommun,0481,2022,KF,L,2.14
kommun,0481,2022,KF,C,3.31
kommun,0481,2022,KF,V,10.94
kommun,0481,2022,KF,MP,1.98
kommun,0481,2022,KF,KD,3.47
kommun,0481,2022,KF,SD,12.2
kommun,0481,2022,RD,M,16.97
kommun,0481,2022,RD,S,39.06
kommun,0481,2022,RD,L,2.55
kommun,0481,2022,RD,C,3.69
kommun,0481,2022,RD,V,6.88
kommun,0481,2022,RD,MP,2.87
kommun,0481,2022,RD,KD,3.35
kommun,0481,2022,RD,SD,22.51
kommun,0481,2022,RF,M,17.07
kommun,0481,2022,RF,S,29.49
kommun,0481,2022,RF,L,1.58
kommun,0481,2022,RF,C,2.84
kommun,0481,2022,RF,V,6.97
kommun,0481,2022,RF,MP,1.38
kommun,0481,2022,RF,KD,3.78
kommun,0481,2022,RF,SD,12.17
kommun,0481,2022,RF,Vård för Pengarna,23.29
kommun,0482,2022,KF,M,17.08
kommun,0482,2022,KF,S,29.51
kommun,0482,2022,KF,L,3.83
kommun,0482,2022,KF,C,10.49
kommun,0482,2022,KF,V,9.08
kommun,0482,2022,KF,MP,3.3
kommun,0482,2022,KF,KD,4.86
kommun,0482,2022,KF,SD,21.52
kommun,0482,2022,RD,M,15.31
kommun,0482,2022,RD,S,34.85
kommun,0482,2022,RD,L,3.07
kommun,0482,2022,RD,C,6.26
kommun,0482,2022,RD,V,5.14
kommun,0482,2022,RD,MP,4.11
kommun,0482,2022,RD,KD,5.07
kommun,0482,2022,RD,SD,24.93
kommun,0482,2022,RF,M,13.47
kommun,0482,2022,RF,S,31.84
kommun,0482,2022,RF,L,2.75
kommun,0482,2022,RF,C,6.52
kommun,0482,2022,RF,V,6.58
kommun,0482,2022,RF,MP,2.39
kommun,0482,2022,RF,KD,5.82
kommun,0482,2022,RF,SD,19.33
kommun,0482,2022,RF,Vård för Pengarna,10.51
kommun,0483,2022,KF,M,16.9
kommun,0483,2022,KF,S,39.89
kommun,0483,2022,KF,L,3.98
kommun,0483,2022,KF,C,6.55
kommun,0483,2022,KF,V,5.65
kommun,0483,2022,KF,MP,3.19
kommun,0483,2022,KF,KD,7.35
kommun,0483,2022,KF,SD,15.87
kommun,0483,2022,RD,M,16.88
kommun,0483,2022,RD,S,37.81
kommun,0483,2022,RD,L,3.03
kommun,0483,2022,RD,C,6.11
kommun,0483,2022,RD,V,4.7
kommun,0483,2022,RD,MP,3.73
kommun,0483,2022,RD,KD,4.68
kommun,0483,2022,RD,SD,21.79
kommun,0483,2022,RF,M,15.33
kommun,0483,2022,RF,S,36.9
kommun,0483,2022,RF,L,2.91
kommun,0483,2022,RF,C,5.55
kommun,0483,2022,RF,V,5.78
kommun,0483,2022,RF,MP,2.46
kommun,0483,2022,RF,KD,6.59
kommun,0483,2022,RF,SD,15.15
kommun,0483,2022,RF,Vård för Pengarna,8.63
kommun,0484,2022,KF,M,17.18
kommun,0484,2022,KF,S,36.36
kommun,0484,2022,KF,L,3.71
kommun,0484,2022,KF,C,5.25
kommun,0484,2022,KF,V,7.38
kommun,0484,2022,KF,MP,2.81
kommun,0484,2022,KF,KD,3.82
kommun,0484,2022,KF,SD,22.0
kommun,0484,2022,RD,M,18.46
kommun,0484,2022,RD,S,33.03
kommun,0484,2022,RD,L,3.6
kommun,0484,2022,RD,C,5.1
kommun,0484,2022,RD,V,5.93
kommun,0484,2022,RD,MP,3.46
kommun,0484,2022,RD,KD,4.73
kommun,0484,2022,RD,SD,24.22
kommun,0484,2022,RF,M,16.52
kommun,0484,2022,RF,S,32.29
kommun,0484,2022,RF,L,3.08
kommun,0484,2022,RF,C,4.28
kommun,0484,2022,RF,V,7.0
kommun,0484,2022,RF,MP,2.14
kommun,0484,2022,RF,KD,5.37
kommun,0484,2022,RF,SD,19.68
kommun,0484,2022,RF,Vård för Pengarna,8.17
kommun,0486,2022,KF,M,31.05
kommun,0486,2022,KF,S,24.76
kommun,0486,2022,KF,L,3.38
kommun,0486,2022,KF,C,5.83
kommun,0486,2022,KF,V,5.89
kommun,0486,2022,KF,MP,2.25
kommun,0486,2022,KF,KD,4.55
kommun,0486,2022,KF,SD,16.62
kommun,0486,2022,KF,Strängnäspartiet,5.01
kommun,0486,2022,RD,M,23.79
kommun,0486,2022,RD,S,27.19
kommun,0486,2022,RD,L,4.56
kommun,0486,2022,RD,C,6.68
kommun,0486,2022,RD,V,4.0
kommun,0486,2022,RD,MP,4.15
kommun,0486,2022,RD,KD,4.94
kommun,0486,2022,RD,SD,23.39
kommun,0486,2022,RF,M,23.87
kommun,0486,2022,RF,S,25.52
kommun,0486,2022,RF,L,3.47
kommun,0486,2022,RF,C,5.42
kommun,0486,2022,RF,V,5.23
kommun,0486,2022,RF,MP,2.12
kommun,0486,2022,RF,KD,7.07
kommun,0486,2022,RF,SD,16.77
kommun,0486,2022,RF,Vård för Pengarna,9.61
kommun,0488,2022,KF,M,43.27
kommun,0488,2022,KF,S,23.36
kommun,0488,2022,KF,L,3.32
kommun,0488,2022,KF,C,5.15
kommun,0488,2022,KF,V,4.29
kommun,0488,2022,KF,MP,3.88
kommun,0488,2022,KF,KD,4.03
kommun,0488,2022,KF,SD,12.51
kommun,0488,2022,RD,M,24.51
kommun,0488,2022,RD,S,27.33
kommun,0488,2022,RD,L,4.11
kommun,0488,2022,RD,C,6.55
kommun,0488,2022,RD,V,3.38
kommun,0488,2022,RD,MP,4.7
kommun,0488,2022,RD,KD,5.02
kommun,0488,2022,RD,SD,23.35
kommun,0488,2022,RF,M,27.59
kommun,0488,2022,RF,S,24.22
kommun,0488,2022,RF,L,3.13
kommun,0488,2022,RF,C,4.6
kommun,0488,2022,RF,V,4.18
kommun,0488,2022,RF,MP,2.73
kommun,0488,2022,RF,KD,6.83
kommun,0488,2022,RF,SD,13.67
kommun,0488,2022,RF,Vård för Pengarna,12.48
kommun,0509,2022,KF,M,21.77
kommun,0509,2022,KF,S,19.36
kommun,0509,2022,KF,C,7.95
kommun,0509,2022,KF,MP,3.78
kommun,0509,2022,KF,KD,27.82
kommun,0509,2022,KF,SD,15.24
kommun,0509,2022,KF,Folk & Natur,1.67
kommun,0509,2022,RD,M,17.51
kommun,0509,2022,RD,S,24.36
kommun,0509,2022,RD,L,2.15
kommun,0509,2022,RD,C,7.84
kommun,0509,2022,RD,V,2.77
kommun,0509,2022,RD,MP,3.88
kommun,0509,2022,RD,KD,12.87
kommun,0509,2022,RD,SD,26.93
kommun,0509,2022,RF,M,19.47
kommun,0509,2022,RF,S,24.32
kommun,0509,2022,RF,L,2.01
kommun,0509,2022,RF,C,7.76
kommun,0509,2022,RF,V,4.57
kommun,0509,2022,RF,MP,3.22
kommun,0509,2022,RF,KD,20.36
kommun,0509,2022,RF,SD,17.45
kommun,0512,2022,KF,M,26.8
kommun,0512,2022,KF,S,22.86
kommun,0512,2022,KF,C,30.47
kommun,0512,2022,KF,V,4.02
kommun,0512,2022,KF,SD,9.56
kommun,0512,2022,KF,KD,4.99
kommun,0512,2022,RD,M,16.16
kommun,0512,2022,RD,S,25.91
kommun,0512,2022,RD,L,3.26
kommun,0512,2022,RD,C,11.23
kommun,0512,2022,RD,V,2.91
kommun,0512,2022,RD,MP,4.0
kommun,0512,2022,RD,KD,10.8
kommun,0512,2022,RD,SD,24.51
kommun,0512,2022,RF,M,18.97
kommun,0512,2022,RF,S,24.72
kommun,0512,2022,RF,L,2.62
kommun,0512,2022,RF,C,16.31
kommun,0512,2022,RF,V,4.76
kommun,0512,2022,RF,MP,2.74
kommun,0512,2022,RF,KD,14.33
kommun,0512,2022,RF,SD,14.92
kommun,0513,2022,KF,M,20.14
kommun,0513,2022,KF,S,25.33
kommun,0513,2022,KF,L,2.76
kommun,0513,2022,KF,C,8.96
kommun,0513,2022,KF,V,7.83
kommun,0513,2022,KF,MP,2.88
kommun,0513,2022,KF,KD,6.86
kommun,0513,2022,KF,SD,16.75
kommun,0513,2022,KF,Landsbygdspartiet Oberoende,8.36
kommun,0513,2022,RD,M,16.47
kommun,0513,2022,RD,S,29.68
kommun,0513,2022,RD,L,2.52
kommun,0513,2022,RD,C,7.98
kommun,0513,2022,RD,V,3.92
kommun,0513,2022,RD,MP,4.49
kommun,0513,2022,RD,KD,8.17
kommun,0513,2022,RD,SD,25.26
kommun,0513,2022,RF,M,18.84
kommun,0513,2022,RF,S,28.85
kommun,0513,2022,RF,L,2.64
kommun,0513,2022,RF,C,8.55
kommun,0513,2022,RF,V,6.88
kommun,0513,2022,RF,MP,3.31
kommun,0513,2022,RF,KD,11.65
kommun,0513,2022,RF,SD,18.62
kommun,0560,2022,KF,M,20.49
kommun,0560,2022,KF,S,39.59
kommun,0560,2022,KF,C,11.23
kommun,0560,2022,KF,V,2.41
kommun,0560,2022,KF,KD,5.58
kommun,0560,2022,KF,SD,18.43
kommun,0560,2022,RD,M,14.88
kommun,0560,2022,RD,S,35.93
kommun,0560,2022,RD,L,2.48
kommun,0560,2022,RD,C,5.92
kommun,0560,2022,RD,V,4.11
kommun,0560,2022,RD,MP,2.61
kommun,0560,2022,RD,KD,6.03
kommun,0560,2022,RD,SD,26.65
kommun,0560,2022,RF,M,16.6
kommun,0560,2022,RF,S,37.47
kommun,0560,2022,RF,L,2.36
kommun,0560,2022,RF,C,7.31
kommun,0560,2022,RF,V,5.54
kommun,0560,2022,RF,MP,1.71
kommun,0560,2022,RF,KD,8.8
kommun,0560,2022,RF,SD,19.48
kommun,0561,2022,KF,M,20.98
kommun,0561,2022,KF,S,33.82
kommun,0561,2022,KF,L,2.68
kommun,0561,2022,KF,C,8.39
kommun,0561,2022,KF,V,4.18
kommun,0561,2022,KF,MP,2.64
kommun,0561,2022,KF,KD,4.34
kommun,0561,2022,KF,SD,22.76
kommun,0561,2022,RD,M,16.24
kommun,0561,2022,RD,S,34.82
kommun,0561,2022,RD,L,3.02
kommun,0561,2022,RD,C,6.16
kommun,0561,2022,RD,V,3.66
kommun,0561,2022,RD,MP,3.07
kommun,0561,2022,RD,KD,6.3
kommun,0561,2022,RD,SD,25.79
kommun,0561,2022,RF,M,17.91
kommun,0561,2022,RF,S,35.48
kommun,0561,2022,RF,L,3.03
kommun,0561,2022,RF,C,6.64
kommun,0561,2022,RF,V,5.32
kommun,0561,2022,RF,MP,2.16
kommun,0561,2022,RF,KD,7.95
kommun,0561,2022,RF,SD,21.06
kommun,0562,2022,KF,M,15.53
kommun,0562,2022,KF,S,34.12
kommun,0562,2022,KF,L,6.1
kommun,0562,2022,KF,C,6.54
kommun,0562,2022,KF,V,8.42
kommun,0562,2022,KF,MP,1.16
kommun,0562,2022,KF,KD,5.42
kommun,0562,2022,KF,SD,22.02
kommun,0562,2022,RD,M,15.21
kommun,0562,2022,RD,S,35.47
kommun,0562,2022,RD,L,3.16
kommun,0562,2022,RD,C,4.81
kommun,0562,2022,RD,V,5.37
kommun,0562,2022,RD,MP,2.86
kommun,0562,2022,RD,KD,5.53
kommun,0562,2022,RD,SD,26.12
kommun,0562,2022,RF,M,15.75
kommun,0562,2022,RF,S,35.26
kommun,0562,2022,RF,L,4.08
kommun,0562,2022,RF,C,5.35
kommun,0562,2022,RF,V,7.96
kommun,0562,2022,RF,MP,1.86
kommun,0562,2022,RF,KD,7.59
kommun,0562,2022,RF,SD,21.28
kommun,0563,2022,KF,M,20.64
kommun,0563,2022,KF,S,27.42
kommun,0563,2022,KF,L,1.08
kommun,0563,2022,KF,C,11.43
kommun,0563,2022,KF,V,4.95
kommun,0563,2022,KF,KD,5.02
kommun,0563,2022,KF,SD,15.41
kommun,0563,2022,KF,Landsbygdspartiet Oberoende,13.07
kommun,0563,2022,RD,M,17.09
kommun,0563,2022,RD,S,29.82
kommun,0563,2022,RD,L,2.67
kommun,0563,2022,RD,C,6.41
kommun,0563,2022,RD,V,4.12
kommun,0563,2022,RD,MP,2.04
kommun,0563,2022,RD,KD,7.34
kommun,0563,2022,RD,SD,29.2
kommun,0563,2022,RF,M,20.36
kommun,0563,2022,RF,S,30.88
kommun,0563,2022,RF,L,2.71
kommun,0563,2022,RF,C,8.36
kommun,0563,2022,RF,V,5.78
kommun,0563,2022,RF,MP,1.14
kommun,0563,2022,RF,KD,10.8
kommun,0563,2022,RF,SD,19.27
kommun,0580,2022,KF,M,20.22
kommun,0580,2022,KF,S,28.26
kommun,0580,2022,KF,L,5.12
kommun,0580,2022,KF,C,6.97
kommun,0580,2022,KF,V,6.73
kommun,0580,2022,KF,MP,5.84
kommun,0580,2022,KF,KD,5.13
kommun,0580,2022,KF,SD,12.03
kommun,0580,2022,KF,Linköpingslistan,9.0
kommun,0580,2022,RD,M,20.91
kommun,0580,2022,RD,S,30.11
kommun,0580,2022,RD,L,5.95
kommun,0580,2022,RD,C,8.07
kommun,0580,2022,RD,V,5.96
kommun,0580,2022,RD,MP,6.33
kommun,0580,2022,RD,KD,5.34
kommun,0580,2022,RD,SD,15.89
kommun,0580,2022,RF,M,21.1
kommun,0580,2022,RF,S,31.72
kommun,0580,2022,RF,L,5.82
kommun,0580,2022,RF,C,6.97
kommun,0580,2022,RF,V,8.91
kommun,0580,2022,RF,MP,4.39
kommun,0580,2022,RF,KD,7.89
kommun,0580,2022,RF,SD,12.07
kommun,0581,2022,KF,M,24.41
kommun,0581,2022,KF,S,29.09
kommun,0581,2022,KF,L,4.06
kommun,0581,2022,KF,C,4.84
kommun,0581,2022,KF,V,8.98
kommun,0581,2022,KF,MP,3.29
kommun,0581,2022,KF,KD,5.86
kommun,0581,2022,KF,SD,16.56
kommun,0581,2022,RD,M,20.45
kommun,0581,2022,RD,S,29.4
kommun,0581,2022,RD,L,3.75
kommun,0581,2022,RD,C,5.09
kommun,0581,2022,RD,V,6.85
kommun,0581,2022,RD,MP,4.37
kommun,0581,2022,RD,KD,6.08
kommun,0581,2022,RD,SD,22.67
kommun,0581,2022,RF,M,23.49
kommun,0581,2022,RF,S,29.42
kommun,0581,2022,RF,L,3.82
kommun,0581,2022,RF,C,4.59
kommun,0581,2022,RF,V,9.79
kommun,0581,2022,RF,MP,2.91
kommun,0581,2022,RF,KD,7.75
kommun,0581,2022,RF,SD,16.87
kommun,0582,2022,KF,M,22.61
kommun,0582,2022,KF,S,19.78
kommun,0582,2022,KF,L,4.65
kommun,0582,2022,KF,C,10.88
kommun,0582,2022,KF,V,6.02
kommun,0582,2022,KF,MP,2.93
kommun,0582,2022,KF,KD,7.06
kommun,0582,2022,KF,SD,19.98
kommun,0582,2022,KF,Landsbygdspartiet Oberoende,1.52
kommun,0582,2022,KF,Söderköpingsinitiativet,4.24
kommun,0582,2022,RD,M,21.43
kommun,0582,2022,RD,S,24.44
kommun,0582,2022,RD,L,4.39
kommun,0582,2022,RD,C,7.13
kommun,0582,2022,RD,V,4.09
kommun,0582,2022,RD,MP,3.68
kommun,0582,2022,RD,KD,7.06
kommun,0582,2022,RD,SD,26.68
kommun,0582,2022,RF,M,22.24
kommun,0582,2022,RF,S,23.38
kommun,0582,2022,RF,L,5.64
kommun,0582,2022,RF,C,8.17
kommun,0582,2022,RF,V,6.44
kommun,0582,2022,RF,MP,2.63
kommun,0582,2022,RF,KD,10.24
kommun,0582,2022,RF,SD,20.59
kommun,0583,2022,KF,M,25.82
kommun,0583,2022,KF,S,34.95
kommun,0583,2022,KF,L,3.68
kommun,0583,2022,KF,C,5.38
kommun,0583,2022,KF,V,5.85
kommun,0583,2022,KF,MP,2.04
kommun,0583,2022,KF,KD,5.25
kommun,0583,2022,KF,SD,16.44
kommun,0583,2022,RD,M,18.71
kommun,0583,2022,RD,S,34.2
kommun,0583,2022,RD,L,3.52
kommun,0583,2022,RD,C,5.1
kommun,0583,2022,RD,V,4.43
kommun,0583,2022,RD,MP,2.71
kommun,0583,2022,RD,KD,5.5
kommun,0583,2022,RD,SD,24.87
kommun,0583,2022,RF,M,21.34
kommun,0583,2022,RF,S,35.98
kommun,0583,2022,RF,L,3.85
kommun,0583,2022,RF,C,4.86
kommun,0583,2022,RF,V,6.63
kommun,0583,2022,RF,MP,1.89
kommun,0583,2022,RF,KD,7.74
kommun,0583,2022,RF,SD,17.21
kommun,0584,2022,KF,M,30.27
kommun,0584,2022,KF,S,22.06
kommun,0584,2022,KF,C,4.11
kommun,0584,2022,KF,V,5.37
kommun,0584,2022,KF,MP,3.76
kommun,0584,2022,KF,KD,2.7
kommun,0584,2022,KF,SD,7.98
kommun,0584,2022,KF,Konsensus - För Vadstenas Bästa,22.85
kommun,0584,2022,RD,M,21.18
kommun,0584,2022,RD,S,31.67
kommun,0584,2022,RD,L,3.88
kommun,0584,2022,RD,C,6.79
kommun,0584,2022,RD,V,4.55
kommun,0584,2022,RD,MP,5.13
kommun,0584,2022,RD,KD,6.29
kommun,0584,2022,RD,SD,19.87
kommun,0584,2022,RF,M,24.98
kommun,0584,2022,RF,S,32.14
kommun,0584,2022,RF,L,3.37
kommun,0584,2022,RF,C,6.06
kommun,0584,2022,RF,V,7.99
kommun,0584,2022,RF,MP,3.56
kommun,0584,2022,RF,KD,9.79
kommun,0584,2022,RF,SD,11.5
kommun,0586,2022,KF,M,20.03
kommun,0586,2022,KF,S,31.7
kommun,0586,2022,KF,L,8.24
kommun,0586,2022,KF,C,6.54
kommun,0586,2022,KF,V,5.86
kommun,0586,2022,KF,MP,2.07
kommun,0586,2022,KF,KD,5.87
kommun,0586,2022,KF,SD,19.39
kommun,0586,2022,RD,M,20.18
kommun,0586,2022,RD,S,31.78
kommun,0586,2022,RD,L,4.02
kommun,0586,2022,RD,C,5.75
kommun,0586,2022,RD,V,3.98
kommun,0586,2022,RD,MP,2.82
kommun,0586,2022,RD,KD,6.06
kommun,0586,2022,RD,SD,24.46
kommun,0586,2022,RF,M,20.15
kommun,0586,2022,RF,S,32.5
kommun,0586,2022,RF,L,5.18
kommun,0586,2022,RF,C,6.05
kommun,0586,2022,RF,V,6.01
kommun,0586,2022,RF,MP,1.94
kommun,0586,2022,RF,KD,8.32
kommun,0586,2022,RF,SD,19.18
kommun,0604,2022,KF,M,18.73
kommun,0604,2022,KF,S,22.01
kommun,0604,2022,KF,L,4.44
kommun,0604,2022,KF,C,19.45
kommun,0604,2022,KF,V,4.24
kommun,0604,2022,KF,KD,11.64
kommun,0604,2022,KF,SD,17.48
kommun,0604,2022,KF,Kristna Värdepartiet,1.77
kommun,0604,2022,RD,M,16.77
kommun,0604,2022,RD,S,24.97
kommun,0604,2022,RD,L,3.45
kommun,0604,2022,RD,C,9.27
kommun,0604,2022,RD,V,2.67
kommun,0604,2022,RD,MP,2.73
kommun,0604,2022,RD,KD,11.44
kommun,0604,2022,RD,SD,26.94
kommun,0604,2022,RF,M,14.21
kommun,0604,2022,RF,S,21.25
kommun,0604,2022,RF,L,5.41
kommun,0604,2022,RF,C,9.91
kommun,0604,2022,RF,V,4.05
kommun,0604,2022,RF,MP,2.13
kommun,0604,2022,RF,KD,11.95
kommun,0604,2022,RF,SD,18.71
kommun,0604,2022,RF,Bevara akutsjukhusen,10.61
kommun,0617,2022,KF,M,22.78
kommun,0617,2022,KF,S,24.5
kommun,0617,2022,KF,C,14.01
kommun,0617,2022,KF,V,3.77
kommun,0617,2022,KF,KD,16.35
kommun,0617,2022,KF,SD,16.98
kommun,0617,2022,RD,M,20.64
kommun,0617,2022,RD,S,24.61
kommun,0617,2022,RD,L,3.01
kommun,0617,2022,RD,C,7.23
kommun,0617,2022,RD,V,2.59
kommun,0617,2022,RD,MP,1.67
kommun,0617,2022,RD,KD,12.98
kommun,0617,2022,RD,SD,26.53
kommun,0617,2022,RF,M,19.09
kommun,0617,2022,RF,S,23.02
kommun,0617,2022,RF,L,2.73
kommun,0617,2022,RF,C,6.5
kommun,0617,2022,RF,V,2.77
kommun,0617,2022,RF,MP,1.53
kommun,0617,2022,RF,KD,14.65
kommun,0617,2022,RF,SD,18.05
kommun,0617,2022,RF,Bevara akutsjukhusen,11.21
kommun,0642,2022,KF,M,23.91
kommun,0642,2022,KF,S,24.2
kommun,0642,2022,KF,L,2.48
kommun,0642,2022,KF,C,3.36
kommun,0642,2022,KF,V,5.76
kommun,0642,2022,KF,MP,3.9
kommun,0642,2022,KF,KD,17.88
kommun,0642,2022,KF,SD,17.72
kommun,0642,2022,RD,M,16.42
kommun,0642,2022,RD,S,25.98
kommun,0642,2022,RD,L,3.18
kommun,0642,2022,RD,C,5.71
kommun,0642,2022,RD,V,3.9
kommun,0642,2022,RD,MP,3.83
kommun,0642,2022,RD,KD,12.48
kommun,0642,2022,RD,SD,27.04
kommun,0642,2022,RF,M,18.51
kommun,0642,2022,RF,S,25.4
kommun,0642,2022,RF,L,2.67
kommun,0642,2022,RF,C,4.07
kommun,0642,2022,RF,V,5.44
kommun,0642,2022,RF,MP,2.98
kommun,0642,2022,RF,KD,16.9
kommun,0642,2022,RF,SD,19.52
kommun,0642,2022,RF,Bevara akutsjukhusen,3.12
kommun,0643,2022,KF,M,25.73
kommun,0643,2022,KF,S,26.07
kommun,0643,2022,KF,L,4.86
kommun,0643,2022,KF,C,6.49
kommun,0643,2022,KF,V,3.17
kommun,0643,2022,KF,MP,2.1
kommun,0643,2022,KF,KD,13.25
kommun,0643,2022,KF,SD,14.06
kommun,0643,2022,KF,Habodemokraterna,4.06
kommun,0643,2022,RD,M,20.47
kommun,0643,2022,RD,S,26.32
kommun,0643,2022,RD,L,3.83
kommun,0643,2022,RD,C,7.03
kommun,0643,2022,RD,V,2.77
kommun,0643,2022,RD,MP,3.26
kommun,0643,2022,RD,KD,11.14
kommun,0643,2022,RD,SD,23.8
kommun,0643,2022,RF,M,21.08
kommun,0643,2022,RF,S,25.51
kommun,0643,2022,RF,L,3.83
kommun,0643,2022,RF,C,5.69
kommun,0643,2022,RF,V,4.74
kommun,0643,2022,RF,MP,2.17
kommun,0643,2022,RF,KD,14.77
kommun,0643,2022,RF,SD,16.33
kommun,0643,2022,RF,Bevara akutsjukhusen,4.48
kommun,0662,2022,KF,M,16.85
kommun,0662,2022,KF,S,19.46
kommun,0662,2022,KF,L,2.93
kommun,0662,2022,KF,C,7.95
kommun,0662,2022,KF,V,3.15
kommun,0662,2022,KF,KD,3.95
kommun,0662,2022,KF,SD,13.97
kommun,0662,2022,KF,Kommunistiska Partiet,1.56
kommun,0662,2022,KF,Westbopartiet,10.65
kommun,0662,2022,KF,Medborgarpartiet i Gislaved,18.51
kommun,0662,2022,RD,M,19.34
kommun,0662,2022,RD,S,29.01
kommun,0662,2022,RD,L,3.0
kommun,0662,2022,RD,C,7.08
kommun,0662,2022,RD,V,3.48
kommun,0662,2022,RD,MP,1.85
kommun,0662,2022,RD,KD,7.77
kommun,0662,2022,RD,SD,27.55
kommun,0662,2022,RF,M,17.98
kommun,0662,2022,RF,S,25.79
kommun,0662,2022,RF,L,3.27
kommun,0662,2022,RF,C,7.54
kommun,0662,2022,RF,V,4.45
kommun,0662,2022,RF,MP,1.37
kommun,0662,2022,RF,KD,8.8
kommun,0662,2022,RF,SD,18.17
kommun,0662,2022,RF,Bevara akutsjukhusen,11.84
kommun,0665,2022,KF,M,17.98
kommun,0665,2022,KF,S,29.92
kommun,0665,2022,KF,L,5.48
kommun,0665,2022,KF,C,9.75
kommun,0665,2022,KF,V,3.09
kommun,0665,2022,KF,MP,1.54
kommun,0665,2022,KF,KD,10.42
kommun,0665,2022,KF,SD,16.18
kommun,0665,2022,KF,EMPA(R)TIET,4.95
kommun,0665,2022,RD,M,16.36
kommun,0665,2022,RD,S,29.81
kommun,0665,2022,RD,L,3.47
kommun,0665,2022,RD,C,7.54
kommun,0665,2022,RD,V,3.32
kommun,0665,2022,RD,MP,2.51
kommun,0665,2022,RD,KD,10.29
kommun,0665,2022,RD,SD,25.1
kommun,0665,2022,RF,M,15.08
kommun,0665,2022,RF,S,29.24
kommun,0665,2022,RF,L,3.6
kommun,0665,2022,RF,C,7.23
kommun,0665,2022,RF,V,4.01
kommun,0665,2022,RF,MP,1.49
kommun,0665,2022,RF,KD,12.05
kommun,0665,2022,RF,SD,17.81
kommun,0665,2022,RF,Bevara akutsjukhusen,8.17
kommun,0680,2022,KF,M,17.78
kommun,0680,2022,KF,S,28.85
kommun,0680,2022,KF,L,4.09
kommun,0680,2022,KF,C,8.41
kommun,0680,2022,KF,V,6.22
kommun,0680,2022,KF,MP,3.57
kommun,0680,2022,KF,KD,14.48
kommun,0680,2022,KF,SD,15.27
kommun,0680,2022,RD,M,19.41
kommun,0680,2022,RD,S,29.87
kommun,0680,2022,RD,L,4.42
kommun,0680,2022,RD,C,7.55
kommun,0680,2022,RD,V,4.8
kommun,0680,2022,RD,MP,4.19
kommun,0680,2022,RD,KD,9.07
kommun,0680,2022,RD,SD,19.41
kommun,0680,2022,RF,M,17.2
kommun,0680,2022,RF,S,28.16
kommun,0680,2022,RF,L,3.92
kommun,0680,2022,RF,C,6.84
kommun,0680,2022,RF,V,7.0
kommun,0680,2022,RF,MP,2.99
kommun,0680,2022,RF,KD,13.62
kommun,0680,2022,RF,SD,15.04
kommun,0680,2022,RF,Bevara akutsjukhusen,4.23
kommun,0682,2022,KF,M,12.91
kommun,0682,2022,KF,S,25.66
kommun,0682,2022,KF,L,5.71
kommun,0682,2022,KF,C,6.04
kommun,0682,2022,KF,V,3.94
kommun,0682,2022,KF,MP,2.34
kommun,0682,2022,KF,KD,10.98
kommun,0682,2022,KF,SD,27.4
kommun,0682,2022,KF,SAFE - Solidaritet Arbete Fred Ekologi,4.66
kommun,0682,2022,RD,M,15.88
kommun,0682,2022,RD,S,29.99
kommun,0682,2022,RD,L,3.21
kommun,0682,2022,RD,C,6.2
kommun,0682,2022,RD,V,4.04
kommun,0682,2022,RD,MP,3.04
kommun,0682,2022,RD,KD,8.4
kommun,0682,2022,RD,SD,27.97
kommun,0682,2022,RF,M,13.25
kommun,0682,2022,RF,S,24.99
kommun,0682,2022,RF,L,3.08
kommun,0682,2022,RF,C,5.67
kommun,0682,2022,RF,V,4.9
kommun,0682,2022,RF,MP,2.65
kommun,0682,2022,RF,KD,10.4
kommun,0682,2022,RF,SD,22.81
kommun,0682,2022,RF,Sjukvårdspartiet i Jönköpings län,1.02
kommun,0682,2022,RF,Bevara akutsjukhusen,10.7
kommun,0683,2022,KF,M,20.61
kommun,0683,2022,KF,S,26.84
kommun,0683,2022,KF,L,2.98
kommun,0683,2022,KF,C,16.39
kommun,0683,2022,KF,V,4.02
kommun,0683,2022,KF,MP,1.89
kommun,0683,2022,KF,KD,10.34
kommun,0683,2022,KF,SD,16.7
kommun,0683,2022,RD,M,20.77
kommun,0683,2022,RD,S,29.24
kommun,0683,2022,RD,L,3.33
kommun,0683,2022,RD,C,8.44
kommun,0683,2022,RD,V,3.5
kommun,0683,2022,RD,MP,2.4
kommun,0683,2022,RD,KD,9.09
kommun,0683,2022,RD,SD,22.18
kommun,0683,2022,RF,M,17.05
kommun,0683,2022,RF,S,23.13
kommun,0683,2022,RF,L,2.24
kommun,0683,2022,RF,C,8.72
kommun,0683,2022,RF,V,3.95
kommun,0683,2022,RF,MP,1.56
kommun,0683,2022,RF,KD,9.23
kommun,0683,2022,RF,SD,14.82
kommun,0683,2022,RF,Bevara akutsjukhusen,17.89
kommun,0684,2022,KF,M,21.78
kommun,0684,2022,KF,S,20.75
kommun,0684,2022,KF,C,7.52
kommun,0684,2022,KF,V,2.76
kommun,0684,2022,KF,KD,31.32
kommun,0684,2022,KF,SD,14.16
kommun,0684,2022,RD,M,17.26
kommun,0684,2022,RD,S,22.52
kommun,0684,2022,RD,L,2.22
kommun,0684,2022,RD,C,6.91
kommun,0684,2022,RD,V,3.02
kommun,0684,2022,RD,MP,1.59
kommun,0684,2022,RD,KD,14.76
kommun,0684,2022,RD,SD,29.67
kommun,0684,2022,RF,M,15.02
kommun,0684,2022,RF,S,20.47
kommun,0684,2022,RF,L,1.34
kommun,0684,2022,RF,C,6.08
kommun,0684,2022,RF,V,3.12
kommun,0684,2022,RF,KD,20.24
kommun,0684,2022,RF,SD,17.83
kommun,0684,2022,RF,Sjukvårdspartiet i Jönköpings län,1.44
kommun,0684,2022,RF,Bevara akutsjukhusen,12.36
kommun,0685,2022,KF,M,13.68
kommun,0685,2022,KF,S,24.42
kommun,0685,2022,KF,L,2.32
kommun,0685,2022,KF,C,8.02
kommun,0685,2022,KF,V,3.02
kommun,0685,2022,KF,KD,9.6
kommun,0685,2022,KF,SD,14.09
kommun,0685,2022,KF,Vetlanda framåtanda,22.76
kommun,0685,2022,RD,M,17.71
kommun,0685,2022,RD,S,27.5
kommun,0685,2022,RD,L,2.9
kommun,0685,2022,RD,C,7.64
kommun,0685,2022,RD,V,2.98
kommun,0685,2022,RD,MP,2.35
kommun,0685,2022,RD,KD,9.64
kommun,0685,2022,RD,SD,27.88
kommun,0685,2022,RF,M,15.42
kommun,0685,2022,RF,S,24.55
kommun,0685,2022,RF,L,2.26
kommun,0685,2022,RF,C,7.01
kommun,0685,2022,RF,V,4.34
kommun,0685,2022,RF,MP,1.38
kommun,0685,2022,RF,KD,11.76
kommun,0685,2022,RF,SD,17.89
kommun,0685,2022,RF,Sjukvårdspartiet i Jönköpings län,1.15
kommun,0685,2022,RF,Bevara akutsjukhusen,13.41
kommun,0686,2022,KF,M,20.3
kommun,0686,2022,KF,S,29.95
kommun,0686,2022,KF,L,3.63
kommun,0686,2022,KF,C,16.32
kommun,0686,2022,KF,V,4.55
kommun,0686,2022,KF,MP,2.32
kommun,0686,2022,KF,KD,6.99
kommun,0686,2022,KF,SD,15.65
kommun,0686,2022,RD,M,17.79
kommun,0686,2022,RD,S,28.49
kommun,0686,2022,RD,L,3.81
kommun,0686,2022,RD,C,9.07
kommun,0686,2022,RD,V,3.61
kommun,0686,2022,RD,MP,3.02
kommun,0686,2022,RD,KD,7.96
kommun,0686,2022,RD,SD,24.36
kommun,0686,2022,RF,M,12.54
kommun,0686,2022,RF,S,21.89
kommun,0686,2022,RF,L,2.42
kommun,0686,2022,RF,C,8.32
kommun,0686,2022,RF,V,3.97
kommun,0686,2022,RF,MP,1.5
kommun,0686,2022,RF,KD,6.85
kommun,0686,2022,RF,SD,13.95
kommun,0686,2022,RF,Sjukvårdspartiet i Jönköpings län,1.69
kommun,0686,2022,RF,Bevara akutsjukhusen,26.1
kommun,0687,2022,KF,M,21.01
kommun,0687,2022,KF,S,33.27
kommun,0687,2022,KF,L,3.27
kommun,0687,2022,KF,C,7.27
kommun,0687,2022,KF,V,3.26
kommun,0687,2022,KF,MP,4.15
kommun,0687,2022,KF,KD,6.44
kommun,0687,2022,KF,SD,20.81
kommun,0687,2022,RD,M,18.23
kommun,0687,2022,RD,S,33.87
kommun,0687,2022,RD,L,3.43
kommun,0687,2022,RD,C,6.34
kommun,0687,2022,RD,V,3.72
kommun,0687,2022,RD,MP,3.19
kommun,0687,2022,RD,KD,6.93
kommun,0687,2022,RD,SD,23.17
kommun,0687,2022,RF,M,16.98
kommun,0687,2022,RF,S,32.17
kommun,0687,2022,RF,L,3.21
kommun,0687,2022,RF,C,5.96
kommun,0687,2022,RF,V,4.23
kommun,0687,2022,RF,MP,2.93
kommun,0687,2022,RF,KD,8.03
kommun,0687,2022,RF,SD,18.55
kommun,0687,2022,RF,Bevara akutsjukhusen,7.01
kommun,0760,2022,KF,M,16.34
kommun,0760,2022,KF,S,24.87
kommun,0760,2022,KF,L,1.06
kommun,0760,2022,KF,C,11.85
kommun,0760,2022,KF,V,7.34
kommun,0760,2022,KF,KD,6.64
kommun,0760,2022,KF,SD,25.41
kommun,0760,2022,KF,Landsbygdspartiet Oberoende,5.75
kommun,0760,2022,RD,M,16.34
kommun,0760,2022,RD,S,27.57
kommun,0760,2022,RD,L,2.27
kommun,0760,2022,RD,C,6.53
kommun,0760,2022,RD,V,4.14
kommun,0760,2022,RD,MP,2.17
kommun,0760,2022,RD,KD,7.77
kommun,0760,2022,RD,SD,31.72
kommun,0760,2022,RF,M,16.23
kommun,0760,2022,RF,S,29.21
kommun,0760,2022,RF,L,3.34
kommun,0760,2022,RF,C,8.78
kommun,0760,2022,RF,V,6.76
kommun,0760,2022,RF,KD,8.64
kommun,0760,2022,RF,SD,25.55
kommun,0760,2022,RF,MP,1.21
kommun,0761,2022,KF,M,23.66
kommun,0761,2022,KF,S,35.21
kommun,0761,2022,KF,C,8.42
kommun,0761,2022,KF,V,7.58
kommun,0761,2022,KF,MP,1.5
kommun,0761,2022,KF,KD,7.8
kommun,0761,2022,KF,SD,15.17
kommun,0761,2022,RD,M,15.46
kommun,0761,2022,RD,S,36.39
kommun,0761,2022,RD,L,1.62
kommun,0761,2022,RD,C,4.65
kommun,0761,2022,RD,V,6.71
kommun,0761,2022,RD,MP,2.48
kommun,0761,2022,RD,KD,5.91
kommun,0761,2022,RD,SD,25.62
kommun,0761,2022,RF,M,19.17
kommun,0761,2022,RF,S,38.58
kommun,0761,2022,RF,L,1.91
kommun,0761,2022,RF,C,5.0
kommun,0761,2022,RF,V,8.65
kommun,0761,2022,RF,MP,1.3
kommun,0761,2022,RF,KD,8.16
kommun,0761,2022,RF,SD,16.7
kommun,0763,2022,KF,M,17.64
kommun,0763,2022,KF,S,30.14
kommun,0763,2022,KF,C,12.73
kommun,0763,2022,KF,V,4.51
kommun,0763,2022,KF,KD,7.87
kommun,0763,2022,KF,SD,25.05
kommun,0763,2022,RD,M,15.44
kommun,0763,2022,RD,S,27.28
kommun,0763,2022,RD,L,2.07
kommun,0763,2022,RD,C,6.39
kommun,0763,2022,RD,V,3.91
kommun,0763,2022,RD,MP,2.41
kommun,0763,2022,RD,KD,8.37
kommun,0763,2022,RD,SD,32.78
kommun,0763,2022,RF,M,16.45
kommun,0763,2022,RF,S,30.52
kommun,0763,2022,RF,L,2.68
kommun,0763,2022,RF,C,8.55
kommun,0763,2022,RF,V,5.55
kommun,0763,2022,RF,MP,1.42
kommun,0763,2022,RF,KD,10.24
kommun,0763,2022,RF,SD,24.04
kommun,0764,2022,KF,M,19.81
kommun,0764,2022,KF,S,27.09
kommun,0764,2022,KF,L,1.98
kommun,0764,2022,KF,C,11.16
kommun,0764,2022,KF,V,4.29
kommun,0764,2022,KF,MP,1.78
kommun,0764,2022,KF,KD,5.26
kommun,0764,2022,KF,SD,16.24
kommun,0764,2022,KF,Alvesta Alternativet,10.71
kommun,0764,2022,RD,M,17.95
kommun,0764,2022,RD,S,28.99
kommun,0764,2022,RD,L,2.39
kommun,0764,2022,RD,C,6.25
kommun,0764,2022,RD,V,4.13
kommun,0764,2022,RD,MP,2.6
kommun,0764,2022,RD,KD,7.29
kommun,0764,2022,RD,SD,28.4
kommun,0764,2022,RF,M,21.01
kommun,0764,2022,RF,S,30.69
kommun,0764,2022,RF,L,3.81
kommun,0764,2022,RF,C,8.51
kommun,0764,2022,RF,V,6.23
kommun,0764,2022,RF,MP,1.9
kommun,0764,2022,RF,KD,8.47
kommun,0764,2022,RF,SD,18.75
kommun,0765,2022,KF,M,21.88
kommun,0765,2022,KF,S,35.09
kommun,0765,2022,KF,L,1.87
kommun,0765,2022,KF,C,15.36
kommun,0765,2022,KF,V,4.82
kommun,0765,2022,KF,MP,2.16
kommun,0765,2022,KF,KD,4.71
kommun,0765,2022,KF,SD,13.48
kommun,0765,2022,RD,M,19.38
kommun,0765,2022,RD,S,31.86
kommun,0765,2022,RD,L,2.65
kommun,0765,2022,RD,C,6.58
kommun,0765,2022,RD,V,3.9
kommun,0765,2022,RD,MP,2.94
kommun,0765,2022,RD,KD,6.94
kommun,0765,2022,RD,SD,24.49
kommun,0765,2022,RF,M,20.98
kommun,0765,2022,RF,S,33.9
kommun,0765,2022,RF,L,3.19
kommun,0765,2022,RF,C,11.08
kommun,0765,2022,RF,V,5.59
kommun,0765,2022,RF,MP,2.2
kommun,0765,2022,RF,KD,7.69
kommun,0765,2022,RF,SD,14.86
kommun,0767,2022,KF,M,8.35
kommun,0767,2022,KF,S,24.69
kommun,0767,2022,KF,C,4.58
kommun,0767,2022,KF,V,2.67
kommun,0767,2022,KF,KD,37.75
kommun,0767,2022,KF,SD,20.24
kommun,0767,2022,RD,M,15.48
kommun,0767,2022,RD,S,27.06
kommun,0767,2022,RD,L,1.81
kommun,0767,2022,RD,C,3.95
kommun,0767,2022,RD,V,3.2
kommun,0767,2022,RD,MP,1.46
kommun,0767,2022,RD,KD,9.62
kommun,0767,2022,RD,SD,35.78
kommun,0767,2022,RF,M,16.77
kommun,0767,2022,RF,S,29.95
kommun,0767,2022,RF,L,1.74
kommun,0767,2022,RF,C,4.7
kommun,0767,2022,RF,V,4.08
kommun,0767,2022,RF,KD,16.66
kommun,0767,2022,RF,SD,24.35
kommun,0780,2022,KF,M,27.3
kommun,0780,2022,KF,S,34.9
kommun,0780,2022,KF,L,3.62
kommun,0780,2022,KF,C,5.63
kommun,0780,2022,KF,V,8.19
kommun,0780,2022,KF,MP,3.14
kommun,0780,2022,KF,KD,5.23
kommun,0780,2022,KF,SD,11.1
kommun,0780,2022,RD,M,21.43
kommun,0780,2022,RD,S,32.53
kommun,0780,2022,RD,L,4.0
kommun,0780,2022,RD,C,6.28
kommun,0780,2022,RD,V,6.03
kommun,0780,2022,RD,MP,4.55
kommun,0780,2022,RD,KD,5.83
kommun,0780,2022,RD,SD,17.86
kommun,0780,2022,RF,M,23.05
kommun,0780,2022,RF,S,35.39
kommun,0780,2022,RF,L,5.47
kommun,0780,2022,RF,C,5.48
kommun,0780,2022,RF,V,9.38
kommun,0780,2022,RF,MP,2.63
kommun,0780,2022,RF,KD,7.11
kommun,0780,2022,RF,SD,11.01
kommun,0781,2022,KF,M,28.35
kommun,0781,2022,KF,S,25.08
kommun,0781,2022,KF,C,8.72
kommun,0781,2022,KF,V,5.46
kommun,0781,2022,KF,MP,2.15
kommun,0781,2022,KF,KD,6.78
kommun,0781,2022,KF,SD,19.38
kommun,0781,2022,KF,Alternativet,2.75
kommun,0781,2022,RD,M,19.4
kommun,0781,2022,RD,S,28.96
kommun,0781,2022,RD,L,2.45
kommun,0781,2022,RD,C,5.6
kommun,0781,2022,RD,V,3.75
kommun,0781,2022,RD,MP,2.53
kommun,0781,2022,RD,KD,7.74
kommun,0781,2022,RD,SD,28.27
kommun,0781,2022,RF,M,23.67
kommun,0781,2022,RF,S,28.05
kommun,0781,2022,RF,L,3.48
kommun,0781,2022,RF,C,7.16
kommun,0781,2022,RF,V,5.58
kommun,0781,2022,RF,MP,1.49
kommun,0781,2022,RF,KD,8.74
kommun,0781,2022,RF,SD,19.33
kommun,0781,2022,RF,Alternativet,2.19
kommun,0821,2022,KF,M,10.97
kommun,0821,2022,KF,S,30.54
kommun,0821,2022,KF,C,16.13
kommun,0821,2022,KF,V,3.7
kommun,0821,2022,KF,KD,15.64
kommun,0821,2022,KF,SD,21.68
kommun,0821,2022,RD,M,11.77
kommun,0821,2022,RD,S,30.78
kommun,0821,2022,RD,L,1.24
kommun,0821,2022,RD,C,7.69
kommun,0821,2022,RD,V,3.93
kommun,0821,2022,RD,MP,1.85
kommun,0821,2022,RD,KD,10.71
kommun,0821,2022,RD,SD,30.66
kommun,0821,2022,RF,M,11.13
kommun,0821,2022,RF,S,32.44
kommun,0821,2022,RF,C,10.68
kommun,0821,2022,RF,V,4.43
kommun,0821,2022,RF,MP,1.51
kommun,0821,2022,RF,KD,14.94
kommun,0821,2022,RF,SD,23.47
kommun,0834,2022,KF,M,10.2
kommun,0834,2022,KF,S,28.82
kommun,0834,2022,KF,L,3.5
kommun,0834,2022,KF,C,17.34
kommun,0834,2022,KF,V,4.4
kommun,0834,2022,KF,MP,2.42
kommun,0834,2022,KF,KD,4.53
kommun,0834,2022,KF,SD,28.53
kommun,0834,2022,RD,M,14.3
kommun,0834,2022,RD,S,26.45
kommun,0834,2022,RD,L,2.76
kommun,0834,2022,RD,C,7.1
kommun,0834,2022,RD,V,3.79
kommun,0834,2022,RD,MP,2.78
kommun,0834,2022,RD,KD,7.46
kommun,0834,2022,RD,SD,34.1
kommun,0834,2022,RF,M,13.25
kommun,0834,2022,RF,S,29.57
kommun,0834,2022,RF,L,2.46
kommun,0834,2022,RF,C,10.15
kommun,0834,2022,RF,V,5.06
kommun,0834,2022,RF,MP,1.85
kommun,0834,2022,RF,KD,7.9
kommun,0834,2022,RF,SD,29.31
kommun,0840,2022,KF,M,25.15
kommun,0840,2022,KF,S,31.94
kommun,0840,2022,KF,L,2.76
kommun,0840,2022,KF,C,13.18
kommun,0840,2022,KF,V,5.64
kommun,0840,2022,KF,MP,1.46
kommun,0840,2022,KF,KD,5.82
kommun,0840,2022,KF,SD,13.3
kommun,0840,2022,RD,M,19.45
kommun,0840,2022,RD,S,29.6
kommun,0840,2022,RD,L,3.49
kommun,0840,2022,RD,C,7.63
kommun,0840,2022,RD,V,4.13
kommun,0840,2022,RD,MP,4.72
kommun,0840,2022,RD,KD,7.48
kommun,0840,2022,RD,SD,22.74
kommun,0840,2022,RF,M,20.71
kommun,0840,2022,RF,S,32.21
kommun,0840,2022,RF,L,3.13
kommun,0840,2022,RF,C,9.91
kommun,0840,2022,RF,V,6.44
kommun,0840,2022,RF,MP,2.8
kommun,0840,2022,RF,KD,9.29
kommun,0840,2022,RF,SD,15.04
kommun,0860,2022,KF,M,8.13
kommun,0860,2022,KF,S,24.65
kommun,0860,2022,KF,C,31.95
kommun,0860,2022,KF,V,6.34
kommun,0860,2022,KF,KD,13.8
kommun,0860,2022,KF,SD,13.58
kommun,0860,2022,RD,M,12.43
kommun,0860,2022,RD,S,33.64
kommun,0860,2022,RD,L,1.94
kommun,0860,2022,RD,C,7.34
kommun,0860,2022,RD,V,4.61
kommun,0860,2022,RD,MP,1.8
kommun,0860,2022,RD,KD,10.23
kommun,0860,2022,RD,SD,26.3
kommun,0860,2022,RF,M,9.17
kommun,0860,2022,RF,S,33.97
kommun,0860,2022,RF,L,1.13
kommun,0860,2022,RF,C,11.05
kommun,0860,2022,RF,V,5.65
kommun,0860,2022,RF,MP,1.13
kommun,0860,2022,RF,KD,21.73
kommun,0860,2022,RF,SD,15.57
kommun,0861,2022,KF,M,7.18
kommun,0861,2022,KF,S,34.29
kommun,0861,2022,KF,L,2.29
kommun,0861,2022,KF,C,24.43
kommun,0861,2022,KF,V,3.39
kommun,0861,2022,KF,KD,8.72
kommun,0861,2022,KF,SD,18.87
kommun,0861,2022,RD,M,13.98
kommun,0861,2022,RD,S,31.57
kommun,0861,2022,RD,L,2.63
kommun,0861,2022,RD,C,6.27
kommun,0861,2022,RD,V,3.58
kommun,0861,2022,RD,MP,2.17
kommun,0861,2022,RD,KD,8.02
kommun,0861,2022,RD,SD,30.6
kommun,0861,2022,RF,M,11.23
kommun,0861,2022,RF,S,34.24
kommun,0861,2022,RF,L,2.3
kommun,0861,2022,RF,C,10.98
kommun,0861,2022,RF,V,4.85
kommun,0861,2022,RF,MP,1.47
kommun,0861,2022,RF,KD,13.98
kommun,0861,2022,RF,SD,20.57
kommun,0862,2022,KF,M,16.26
kommun,0862,2022,KF,S,33.03
kommun,0862,2022,KF,L,1.05
kommun,0862,2022,KF,C,18.93
kommun,0862,2022,KF,V,4.31
kommun,0862,2022,KF,MP,2.03
kommun,0862,2022,KF,KD,4.63
kommun,0862,2022,KF,SD,18.27
kommun,0862,2022,KF,Bästa Alternativet,1.39
kommun,0862,2022,RD,M,14.59
kommun,0862,2022,RD,S,33.35
kommun,0862,2022,RD,L,2.45
kommun,0862,2022,RD,C,6.91
kommun,0862,2022,RD,V,4.36
kommun,0862,2022,RD,MP,2.69
kommun,0862,2022,RD,KD,6.26
kommun,0862,2022,RD,SD,28.04
kommun,0862,2022,RF,M,15.73
kommun,0862,2022,RF,S,35.75
kommun,0862,2022,RF,L,1.67
kommun,0862,2022,RF,C,10.97
kommun,0862,2022,RF,V,5.35
kommun,0862,2022,RF,MP,2.18
kommun,0862,2022,RF,KD,8.73
kommun,0862,2022,RF,SD,19.17
kommun,0880,2022,KF,M,21.06
kommun,0880,2022,KF,S,38.19
kommun,0880,2022,KF,L,3.57
kommun,0880,2022,KF,C,5.91
kommun,0880,2022,KF,V,6.69
kommun,0880,2022,KF,MP,3.83
kommun,0880,2022,KF,KD,6.34
kommun,0880,2022,KF,SD,12.69
kommun,0880,2022,KF,Framtid Kalmar,1.36
kommun,0880,2022,RD,M,20.57
kommun,0880,2022,RD,S,31.79
kommun,0880,2022,RD,L,3.91
kommun,0880,2022,RD,C,6.44
kommun,0880,2022,RD,V,5.46
kommun,0880,2022,RD,MP,4.68
kommun,0880,2022,RD,KD,5.85
kommun,0880,2022,RD,SD,20.13
kommun,0880,2022,RF,M,20.7
kommun,0880,2022,RF,S,35.32
kommun,0880,2022,RF,L,3.65
kommun,0880,2022,RF,C,6.33
kommun,0880,2022,RF,V,7.71
kommun,0880,2022,RF,MP,3.19
kommun,0880,2022,RF,KD,8.66
kommun,0880,2022,RF,SD,13.63
kommun,0881,2022,KF,M,15.28
kommun,0881,2022,KF,S,31.12
kommun,0881,2022,KF,L,2.5
kommun,0881,2022,KF,C,16.8
kommun,0881,2022,KF,V,5.83
kommun,0881,2022,KF,KD,6.17
kommun,0881,2022,KF,SD,19.52
kommun,0881,2022,KF,Kommunistiska Partiet,1.28
kommun,0881,2022,RD,M,15.7
kommun,0881,2022,RD,S,32.72
kommun,0881,2022,RD,L,2.76
kommun,0881,2022,RD,C,6.28
kommun,0881,2022,RD,V,4.7
kommun,0881,2022,RD,MP,2.19
kommun,0881,2022,RD,KD,6.91
kommun,0881,2022,RD,SD,27.21
kommun,0881,2022,RF,M,15.41
kommun,0881,2022,RF,S,33.96
kommun,0881,2022,RF,L,2.48
kommun,0881,2022,RF,C,8.81
kommun,0881,2022,RF,V,6.66
kommun,0881,2022,RF,MP,1.37
kommun,0881,2022,RF,KD,10.74
kommun,0881,2022,RF,SD,19.9
kommun,0882,2022,KF,M,19.52
kommun,0882,2022,KF,S,32.19
kommun,0882,2022,KF,L,2.41
kommun,0882,2022,KF,C,3.79
kommun,0882,2022,KF,V,7.27
kommun,0882,2022,KF,KD,6.72
kommun,0882,2022,KF,SD,22.83
kommun,0882,2022,KF,KUSTLANDSPARTIET,4.45
kommun,0882,2022,RD,M,18.92
kommun,0882,2022,RD,S,31.17
kommun,0882,2022,RD,L,3.26
kommun,0882,2022,RD,C,4.18
kommun,0882,2022,RD,V,4.42
kommun,0882,2022,RD,MP,1.84
kommun,0882,2022,RD,KD,7.36
kommun,0882,2022,RD,SD,27.65
kommun,0882,2022,RF,M,17.14
kommun,0882,2022,RF,S,32.9
kommun,0882,2022,RF,L,2.61
kommun,0882,2022,RF,C,4.67
kommun,0882,2022,RF,V,6.19
kommun,0882,2022,RF,KD,12.52
kommun,0882,2022,RF,SD,21.14
kommun,0882,2022,RF,KUSTLANDSPARTIET,1.54
kommun,0883,2022,KF,M,23.36
kommun,0883,2022,KF,S,32.02
kommun,0883,2022,KF,L,3.08
kommun,0883,2022,KF,C,7.27
kommun,0883,2022,KF,V,4.58
kommun,0883,2022,KF,Westerwikspartiet,3.19
kommun,0883,2022,KF,MP,2.33
kommun,0883,2022,KF,KD,4.89
kommun,0883,2022,KF,SD,15.05
kommun,0883,2022,KF,Socialisterna-Välfärdspartiet,3.58
kommun,0883,2022,RD,M,17.38
kommun,0883,2022,RD,S,34.37
kommun,0883,2022,RD,L,3.53
kommun,0883,2022,RD,C,6.11
kommun,0883,2022,RD,V,4.45
kommun,0883,2022,RD,MP,3.23
kommun,0883,2022,RD,KD,6.16
kommun,0883,2022,RD,SD,23.19
kommun,0883,2022,RF,M,19.81
kommun,0883,2022,RF,S,35.99
kommun,0883,2022,RF,L,3.62
kommun,0883,2022,RF,C,7.57
kommun,0883,2022,RF,V,5.98
kommun,0883,2022,RF,MP,1.99
kommun,0883,2022,RF,KD,8.7
kommun,0883,2022,RF,SD,15.78
kommun,0884,2022,KF,M,19.9
kommun,0884,2022,KF,S,26.51
kommun,0884,2022,KF,C,15.64
kommun,0884,2022,KF,V,10.9
kommun,0884,2022,KF,MP,1.58
kommun,0884,2022,KF,KD,9.64
kommun,0884,2022,KF,SD,13.94
kommun,0884,2022,KF,Landsbygdspartiet Oberoende,1.38
kommun,0884,2022,RD,M,17.77
kommun,0884,2022,RD,S,30.43
kommun,0884,2022,RD,L,1.83
kommun,0884,2022,RD,C,8.13
kommun,0884,2022,RD,V,4.56
kommun,0884,2022,RD,MP,2.99
kommun,0884,2022,RD,KD,7.77
kommun,0884,2022,RD,SD,24.86
kommun,0884,2022,RF,M,15.54
kommun,0884,2022,RF,S,30.16
kommun,0884,2022,RF,L,1.03
kommun,0884,2022,RF,C,10.34
kommun,0884,2022,RF,V,6.89
kommun,0884,2022,RF,MP,1.8
kommun,0884,2022,RF,KD,18.17
kommun,0884,2022,RF,SD,15.23
kommun,0885,2022,KF,M,15.58
kommun,0885,2022,KF,S,43.33
kommun,0885,2022,KF,L,1.14
kommun,0885,2022,KF,C,9.31
kommun,0885,2022,KF,V,4.17
kommun,0885,2022,KF,KD,4.14
kommun,0885,2022,KF,SD,12.01
kommun,0885,2022,KF,Ölandspartiet,1.73
kommun,0885,2022,KF,Framtid Öland,7.49
kommun,0885,2022,RD,M,17.77
kommun,0885,2022,RD,S,28.11
kommun,0885,2022,RD,L,3.1
kommun,0885,2022,RD,C,8.72
kommun,0885,2022,RD,V,3.76
kommun,0885,2022,RD,MP,4.37
kommun,0885,2022,RD,KD,7.4
kommun,0885,2022,RD,SD,25.5
kommun,0885,2022,RF,M,18.63
kommun,0885,2022,RF,S,34.03
kommun,0885,2022,RF,L,2.55
kommun,0885,2022,RF,C,10.75
kommun,0885,2022,RF,V,5.52
kommun,0885,2022,RF,MP,2.17
kommun,0885,2022,RF,KD,10.75
kommun,0885,2022,RF,SD,15.02
kommun,0980,2022,KF,M,18.1
kommun,0980,2022,KF,S,31.25
kommun,0980,2022,KF,L,2.59
kommun,0980,2022,KF,C,18.54
kommun,0980,2022,KF,V,8.75
kommun,0980,2022,KF,MP,5.37
kommun,0980,2022,KF,KD,2.93
kommun,0980,2022,KF,SD,10.52
kommun,0980,2022,KF,Socialisterna-Välfärdspartiet,1.08
kommun,0980,2022,RD,M,16.81
kommun,0980,2022,RD,S,34.64
kommun,0980,2022,RD,L,2.82
kommun,0980,2022,RD,C,11.72
kommun,0980,2022,RD,V,6.37
kommun,0980,2022,RD,MP,6.47
kommun,0980,2022,RD,KD,3.97
kommun,0980,2022,RD,SD,15.69
kommun,1060,2022,KF,M,11.3
kommun,1060,2022,KF,S,38.0
kommun,1060,2022,KF,C,11.56
kommun,1060,2022,KF,V,5.02
kommun,1060,2022,KF,KD,4.61
kommun,1060,2022,KF,SD,26.51
kommun,1060,2022,RD,M,13.34
kommun,1060,2022,RD,S,32.99
kommun,1060,2022,RD,L,2.03
kommun,1060,2022,RD,C,4.5
kommun,1060,2022,RD,V,4.62
kommun,1060,2022,RD,MP,2.0
kommun,1060,2022,RD,KD,4.94
kommun,1060,2022,RD,SD,34.7
kommun,1060,2022,RF,M,12.49
kommun,1060,2022,RF,S,37.12
kommun,1060,2022,RF,L,1.31
kommun,1060,2022,RF,C,6.73
kommun,1060,2022,RF,V,4.83
kommun,1060,2022,RF,MP,1.14
kommun,1060,2022,RF,KD,6.26
kommun,1060,2022,RF,SD,29.19
kommun,1080,2022,KF,M,20.5
kommun,1080,2022,KF,S,32.62
kommun,1080,2022,KF,L,3.68
kommun,1080,2022,KF,C,5.84
kommun,1080,2022,KF,V,5.67
kommun,1080,2022,KF,MP,2.78
kommun,1080,2022,KF,KD,7.34
kommun,1080,2022,KF,SD,21.26
kommun,1080,2022,RD,M,19.02
kommun,1080,2022,RD,S,31.87
kommun,1080,2022,RD,L,4.25
kommun,1080,2022,RD,C,5.39
kommun,1080,2022,RD,V,4.57
kommun,1080,2022,RD,MP,3.39
kommun,1080,2022,RD,KD,5.9
kommun,1080,2022,RD,SD,24.36
kommun,1080,2022,RF,M,18.33
kommun,1080,2022,RF,S,35.6
kommun,1080,2022,RF,L,3.29
kommun,1080,2022,RF,C,5.58
kommun,1080,2022,RF,V,5.71
kommun,1080,2022,RF,MP,2.41
kommun,1080,2022,RF,KD,8.13
kommun,1080,2022,RF,SD,20.29
kommun,1081,2022,KF,M,17.21
kommun,1081,2022,KF,S,30.78
kommun,1081,2022,KF,L,4.81
kommun,1081,2022,KF,C,6.17
kommun,1081,2022,KF,V,5.04
kommun,1081,2022,KF,MP,2.19
kommun,1081,2022,KF,KD,3.65
kommun,1081,2022,KF,SD,26.32
kommun,1081,2022,KF,Ronnebypartiet,2.58
kommun,1081,2022,RD,M,16.31
kommun,1081,2022,RD,S,30.73
kommun,1081,2022,RD,L,3.26
kommun,1081,2022,RD,C,4.56
kommun,1081,2022,RD,V,4.66
kommun,1081,2022,RD,MP,2.46
kommun,1081,2022,RD,KD,5.39
kommun,1081,2022,RD,SD,31.07
kommun,1081,2022,RF,M,16.6
kommun,1081,2022,RF,S,33.8
kommun,1081,2022,RF,L,3.18
kommun,1081,2022,RF,C,5.77
kommun,1081,2022,RF,V,5.8
kommun,1081,2022,RF,MP,2.16
kommun,1081,2022,RF,KD,6.18
kommun,1081,2022,RF,SD,25.58
kommun,1082,2022,KF,M,25.24
kommun,1082,2022,KF,S,25.07
kommun,1082,2022,KF,L,3.09
kommun,1082,2022,KF,C,7.78
kommun,1082,2022,KF,V,5.46
kommun,1082,2022,KF,MP,4.39
kommun,1082,2022,KF,KD,3.9
kommun,1082,2022,KF,SD,21.58
kommun,1082,2022,KF,Medborgerlig Samling,3.27
kommun,1082,2022,RD,M,17.78
kommun,1082,2022,RD,S,31.74
kommun,1082,2022,RD,L,3.05
kommun,1082,2022,RD,C,4.72
kommun,1082,2022,RD,V,4.6
kommun,1082,2022,RD,MP,3.29
kommun,1082,2022,RD,KD,4.91
kommun,1082,2022,RD,SD,28.79
kommun,1082,2022,RF,M,21.41
kommun,1082,2022,RF,S,30.58
kommun,1082,2022,RF,L,2.89
kommun,1082,2022,RF,C,6.63
kommun,1082,2022,RF,V,5.83
kommun,1082,2022,RF,MP,2.99
kommun,1082,2022,RF,KD,5.97
kommun,1082,2022,RF,SD,22.45
kommun,1082,2022,RF,Medborgerlig Samling,1.01
kommun,1083,2022,KF,M,15.07
kommun,1083,2022,KF,S,28.62
kommun,1083,2022,KF,L,1.65
kommun,1083,2022,KF,C,2.95
kommun,1083,2022,KF,V,5.06
kommun,1083,2022,KF,KD,3.31
kommun,1083,2022,KF,SD,38.87
kommun,1083,2022,KF,SoL-partiet Sölvesborg och Lister,2.4
kommun,1083,2022,KF,Medborgerlig Samling,1.21
kommun,1083,2022,RD,M,19.2
kommun,1083,2022,RD,S,26.7
kommun,1083,2022,RD,L,2.99
kommun,1083,2022,RD,C,3.68
kommun,1083,2022,RD,V,3.21
kommun,1083,2022,RD,MP,1.79
kommun,1083,2022,RD,KD,5.92
kommun,1083,2022,RD,SD,35.44
kommun,1083,2022,RF,M,17.81
kommun,1083,2022,RF,S,30.0
kommun,1083,2022,RF,L,2.28
kommun,1083,2022,RF,C,3.46
kommun,1083,2022,RF,V,4.01
kommun,1083,2022,RF,KD,7.05
kommun,1083,2022,RF,SD,33.26
kommun,1214,2022,KF,M,12.12
kommun,1214,2022,KF,S,23.01
kommun,1214,2022,KF,L,4.36
kommun,1214,2022,KF,C,12.15
kommun,1214,2022,KF,V,5.66
kommun,1214,2022,KF,MP,1.35
kommun,1214,2022,KF,KD,4.87
kommun,1214,2022,KF,SD,35.41
kommun,1214,2022,RD,M,14.48
kommun,1214,2022,RD,S,24.75
kommun,1214,2022,RD,L,3.13
kommun,1214,2022,RD,C,5.79
kommun,1214,2022,RD,V,4.47
kommun,1214,2022,RD,MP,3.67
kommun,1214,2022,RD,KD,5.32
kommun,1214,2022,RD,SD,36.69
kommun,1214,2022,RF,M,15.33
kommun,1214,2022,RF,S,25.21
kommun,1214,2022,RF,L,3.51
kommun,1214,2022,RF,C,6.75
kommun,1214,2022,RF,V,5.87
kommun,1214,2022,RF,MP,2.54
kommun,1214,2022,RF,KD,6.61
kommun,1214,2022,RF,SD,32.2
kommun,1230,2022,KF,M,44.38
kommun,1230,2022,KF,S,25.54
kommun,1230,2022,KF,L,6.11
kommun,1230,2022,KF,C,4.35
kommun,1230,2022,KF,V,2.97
kommun,1230,2022,KF,MP,3.41
kommun,1230,2022,KF,KD,2.42
kommun,1230,2022,KF,SD,10.26
kommun,1230,2022,RD,M,26.87
kommun,1230,2022,RD,S,26.25
kommun,1230,2022,RD,L,5.39
kommun,1230,2022,RD,C,6.19
kommun,1230,2022,RD,V,3.17
kommun,1230,2022,RD,MP,3.51
kommun,1230,2022,RD,KD,4.52
kommun,1230,2022,RD,SD,23.22
kommun,1230,2022,RF,M,34.99
kommun,1230,2022,RF,S,29.1
kommun,1230,2022,RF,L,4.85
kommun,1230,2022,RF,C,4.45
kommun,1230,2022,RF,V,3.57
kommun,1230,2022,RF,MP,2.69
kommun,1230,2022,RF,KD,5.44
kommun,1230,2022,RF,SD,14.05
kommun,1231,2022,KF,M,20.41
kommun,1231,2022,KF,S,32.79
kommun,1231,2022,KF,L,4.5
kommun,1231,2022,KF,C,5.23
kommun,1231,2022,KF,V,7.66
kommun,1231,2022,KF,MP,3.68
kommun,1231,2022,KF,KD,1.75
kommun,1231,2022,KF,SD,21.57
kommun,1231,2022,KF,Partiet Nyans,1.02
kommun,1231,2022,RD,M,17.61
kommun,1231,2022,RD,S,32.64
kommun,1231,2022,RD,L,3.64
kommun,1231,2022,RD,C,4.9
kommun,1231,2022,RD,V,7.17
kommun,1231,2022,RD,MP,3.76
kommun,1231,2022,RD,KD,3.34
kommun,1231,2022,RD,SD,24.22
kommun,1231,2022,RD,Partiet Nyans,1.68
kommun,1231,2022,RF,M,19.23
kommun,1231,2022,RF,S,34.16
kommun,1231,2022,RF,L,3.48
kommun,1231,2022,RF,C,4.12
kommun,1231,2022,RF,V,7.94
kommun,1231,2022,RF,MP,3.14
kommun,1231,2022,RF,KD,3.81
kommun,1231,2022,RF,SD,20.62
kommun,1231,2022,RF,Partiet Nyans,1.92
kommun,1233,2022,KF,M,42.18
kommun,1233,2022,KF,S,8.51
kommun,1233,2022,KF,L,16.96
kommun,1233,2022,KF,C,5.83
kommun,1233,2022,KF,MP,3.89
kommun,1233,2022,KF,KD,5.44
kommun,1233,2022,KF,SD,15.63
kommun,1233,2022,RD,M,35.73
kommun,1233,2022,RD,S,14.83
kommun,1233,2022,RD,L,7.59
kommun,1233,2022,RD,C,6.12
kommun,1233,2022,RD,V,1.25
kommun,1233,2022,RD,MP,2.18
kommun,1233,2022,RD,KD,6.34
kommun,1233,2022,RD,SD,25.25
kommun,1233,2022,RF,M,41.66
kommun,1233,2022,RF,S,15.18
kommun,1233,2022,RF,L,8.68
kommun,1233,2022,RF,C,4.73
kommun,1233,2022,RF,V,1.45
kommun,1233,2022,RF,MP,2.08
kommun,1233,2022,RF,KD,8.26
kommun,1233,2022,RF,SD,16.96
kommun,1256,2022,KF,M,46.42
kommun,1256,2022,KF,S,19.32
kommun,1256,2022,KF,C,3.99
kommun,1256,2022,KF,V,2.78
kommun,1256,2022,KF,KD,3.6
kommun,1256,2022,KF,SD,20.2
kommun,1256,2022,KF,Mitt Göinge,2.0
kommun,1256,2022,RD,M,17.33
kommun,1256,2022,RD,S,25.43
kommun,1256,2022,RD,L,2.18
kommun,1256,2022,RD,C,4.36
kommun,1256,2022,RD,V,3.22
kommun,1256,2022,RD,MP,2.0
kommun,1256,2022,RD,KD,6.14
kommun,1256,2022,RD,SD,37.99
kommun,1256,2022,RF,M,27.73
kommun,1256,2022,RF,S,27.73
kommun,1256,2022,RF,L,1.49
kommun,1256,2022,RF,C,4.17
kommun,1256,2022,RF,V,3.55
kommun,1256,2022,RF,MP,1.43
kommun,1256,2022,RF,KD,6.6
kommun,1256,2022,RF,SD,26.32
kommun,1257,2022,KF,M,18.35
kommun,1257,2022,KF,S,20.15
kommun,1257,2022,KF,L,1.36
kommun,1257,2022,KF,C,8.09
kommun,1257,2022,KF,V,1.22
kommun,1257,2022,KF,MP,1.96
kommun,1257,2022,KF,KD,13.06
kommun,1257,2022,KF,SD,34.99
kommun,1257,2022,RD,M,14.21
kommun,1257,2022,RD,S,21.59
kommun,1257,2022,RD,L,2.46
kommun,1257,2022,RD,C,4.37
kommun,1257,2022,RD,V,2.53
kommun,1257,2022,RD,MP,2.23
kommun,1257,2022,RD,KD,11.24
kommun,1257,2022,RD,SD,39.26
kommun,1257,2022,RF,M,16.62
kommun,1257,2022,RF,S,22.72
kommun,1257,2022,RF,L,2.0
kommun,1257,2022,RF,C,4.58
kommun,1257,2022,RF,V,2.51
kommun,1257,2022,RF,MP,1.67
kommun,1257,2022,RF,KD,14.32
kommun,1257,2022,RF,SD,34.19
kommun,1260,2022,KF,M,14.7
kommun,1260,2022,KF,S,31.52
kommun,1260,2022,KF,L,1.61
kommun,1260,2022,KF,C,3.48
kommun,1260,2022,KF,V,3.56
kommun,1260,2022,KF,KD,3.82
kommun,1260,2022,KF,SD,38.92
kommun,1260,2022,RD,M,15.06
kommun,1260,2022,RD,S,27.1
kommun,1260,2022,RD,L,1.79
kommun,1260,2022,RD,C,2.94
kommun,1260,2022,RD,V,3.68
kommun,1260,2022,RD,MP,1.36
kommun,1260,2022,RD,KD,4.11
kommun,1260,2022,RD,SD,42.07
kommun,1260,2022,RF,M,15.11
kommun,1260,2022,RF,S,30.82
kommun,1260,2022,RF,L,1.66
kommun,1260,2022,RF,C,2.94
kommun,1260,2022,RF,V,3.96
kommun,1260,2022,RF,KD,5.14
kommun,1260,2022,RF,SD,37.16
kommun,1260,2022,RF,Partiet Nyans,1.24
kommun,1261,2022,KF,M,32.06
kommun,1261,2022,KF,S,22.85
kommun,1261,2022,KF,L,5.53
kommun,1261,2022,KF,C,6.36
kommun,1261,2022,KF,V,2.29
kommun,1261,2022,KF,MP,3.61
kommun,1261,2022,KF,KD,2.98
kommun,1261,2022,KF,SD,18.88
kommun,1261,2022,KF,Löddebygden,5.26
kommun,1261,2022,RD,M,24.52
kommun,1261,2022,RD,S,25.15
kommun,1261,2022,RD,L,5.22
kommun,1261,2022,RD,C,6.89
kommun,1261,2022,RD,V,2.54
kommun,1261,2022,RD,MP,3.39
kommun,1261,2022,RD,KD,4.64
kommun,1261,2022,RD,SD,26.82
kommun,1261,2022,RF,M,28.22
kommun,1261,2022,RF,S,28.41
kommun,1261,2022,RF,L,5.42
kommun,1261,2022,RF,C,5.56
kommun,1261,2022,RF,V,2.91
kommun,1261,2022,RF,MP,2.79
kommun,1261,2022,RF,KD,5.66
kommun,1261,2022,RF,SD,20.19
kommun,1262,2022,KF,M,41.35
kommun,1262,2022,KF,S,18.6
kommun,1262,2022,KF,L,6.31
kommun,1262,2022,KF,C,3.76
kommun,1262,2022,KF,V,1.79
kommun,1262,2022,KF,MP,3.47
kommun,1262,2022,KF,KD,2.72
kommun,1262,2022,KF,SD,10.08
kommun,1262,2022,KF,Fokus Bjärred,11.59
kommun,1262,2022,RD,M,29.42
kommun,1262,2022,RD,S,23.2
kommun,1262,2022,RD,L,8.91
kommun,1262,2022,RD,C,8.49
kommun,1262,2022,RD,V,2.2
kommun,1262,2022,RD,MP,4.55
kommun,1262,2022,RD,KD,4.84
kommun,1262,2022,RD,SD,17.62
kommun,1262,2022,RF,M,34.38
kommun,1262,2022,RF,S,26.19
kommun,1262,2022,RF,L,8.29
kommun,1262,2022,RF,C,5.27
kommun,1262,2022,RF,V,2.72
kommun,1262,2022,RF,MP,3.34
kommun,1262,2022,RF,KD,7.16
kommun,1262,2022,RF,SD,11.72
kommun,1263,2022,KF,M,24.75
kommun,1263,2022,KF,S,22.99
kommun,1263,2022,KF,L,2.16
kommun,1263,2022,KF,C,4.45
kommun,1263,2022,KF,V,2.34
kommun,1263,2022,KF,MP,2.74
kommun,1263,2022,KF,KD,3.67
kommun,1263,2022,KF,SD,27.17
kommun,1263,2022,KF,BARAPARTIET,3.37
kommun,1263,2022,KF,Älska Svedala,5.85
kommun,1263,2022,RD,M,22.0
kommun,1263,2022,RD,S,24.76
kommun,1263,2022,RD,L,3.46
kommun,1263,2022,RD,C,4.85
kommun,1263,2022,RD,V,3.05
kommun,1263,2022,RD,MP,2.81
kommun,1263,2022,RD,KD,5.41
kommun,1263,2022,RD,SD,32.7
kommun,1263,2022,RF,M,24.67
kommun,1263,2022,RF,S,27.19
kommun,1263,2022,RF,L,3.16
kommun,1263,2022,RF,C,4.23
kommun,1263,2022,RF,V,3.62
kommun,1263,2022,RF,MP,2.2
kommun,1263,2022,RF,KD,6.3
kommun,1263,2022,RF,SD,27.49
kommun,1264,2022,KF,M,28.56
kommun,1264,2022,KF,S,23.65
kommun,1264,2022,KF,L,3.15
kommun,1264,2022,KF,C,5.94
kommun,1264,2022,KF,V,5.79
kommun,1264,2022,KF,KD,3.4
kommun,1264,2022,KF,SD,24.26
kommun,1264,2022,KF,Kommunens Väl,3.31
kommun,1264,2022,RD,M,20.13
kommun,1264,2022,RD,S,24.04
kommun,1264,2022,RD,L,3.27
kommun,1264,2022,RD,C,5.14
kommun,1264,2022,RD,V,3.77
kommun,1264,2022,RD,MP,2.36
kommun,1264,2022,RD,KD,5.03
kommun,1264,2022,RD,SD,34.88
kommun,1264,2022,RF,M,25.4
kommun,1264,2022,RF,S,26.03
kommun,1264,2022,RF,L,3.12
kommun,1264,2022,RF,C,4.82
kommun,1264,2022,RF,V,4.78
kommun,1264,2022,RF,MP,1.64
kommun,1264,2022,RF,KD,5.69
kommun,1264,2022,RF,SD,26.64
kommun,1265,2022,KF,M,23.06
kommun,1265,2022,KF,S,16.62
kommun,1265,2022,KF,L,2.74
kommun,1265,2022,KF,C,6.17
kommun,1265,2022,KF,V,4.12
kommun,1265,2022,KF,MP,2.35
kommun,1265,2022,KF,KD,9.5
kommun,1265,2022,KF,SD,34.57
kommun,1265,2022,RD,M,17.65
kommun,1265,2022,RD,S,19.06
kommun,1265,2022,RD,L,2.92
kommun,1265,2022,RD,C,4.3
kommun,1265,2022,RD,V,2.69
kommun,1265,2022,RD,MP,2.74
kommun,1265,2022,RD,KD,6.9
kommun,1265,2022,RD,SD,42.56
kommun,1265,2022,RF,M,21.48
kommun,1265,2022,RF,S,19.93
kommun,1265,2022,RF,L,2.41
kommun,1265,2022,RF,C,4.78
kommun,1265,2022,RF,V,3.56
kommun,1265,2022,RF,MP,2.32
kommun,1265,2022,RF,KD,9.6
kommun,1265,2022,RF,SD,34.61
kommun,1266,2022,KF,M,12.17
kommun,1266,2022,KF,S,17.73
kommun,1266,2022,KF,L,6.51
kommun,1266,2022,KF,C,9.45
kommun,1266,2022,KF,V,3.75
kommun,1266,2022,KF,MP,1.83
kommun,1266,2022,KF,KD,5.03
kommun,1266,2022,KF,SD,39.32
kommun,1266,2022,KF,Sveriges Pensionärers Intresseparti,3.24
kommun,1266,2022,RD,M,16.27
kommun,1266,2022,RD,S,21.09
kommun,1266,2022,RD,L,3.7
kommun,1266,2022,RD,C,5.6
kommun,1266,2022,RD,V,3.72
kommun,1266,2022,RD,MP,2.8
kommun,1266,2022,RD,KD,6.86
kommun,1266,2022,RD,SD,38.96
kommun,1266,2022,RF,M,17.5
kommun,1266,2022,RF,S,22.35
kommun,1266,2022,RF,L,3.82
kommun,1266,2022,RF,C,6.12
kommun,1266,2022,RF,V,4.29
kommun,1266,2022,RF,MP,1.96
kommun,1266,2022,RF,KD,7.57
kommun,1266,2022,RF,SD,34.99
kommun,1267,2022,KF,M,26.64
kommun,1267,2022,KF,S,18.95
kommun,1267,2022,KF,L,4.14
kommun,1267,2022,KF,C,5.89
kommun,1267,2022,KF,V,6.89
kommun,1267,2022,KF,MP,5.53
kommun,1267,2022,KF,KD,4.52
kommun,1267,2022,KF,SD,21.87
kommun,1267,2022,KF,Medborgerlig Samling,5.06
kommun,1267,2022,RD,M,17.62
kommun,1267,2022,RD,S,23.12
kommun,1267,2022,RD,L,4.32
kommun,1267,2022,RD,C,5.31
kommun,1267,2022,RD,V,5.19
kommun,1267,2022,RD,MP,6.2
kommun,1267,2022,RD,KD,5.95
kommun,1267,2022,RD,SD,30.61
kommun,1267,2022,RF,M,22.23
kommun,1267,2022,RF,S,24.33
kommun,1267,2022,RF,L,3.72
kommun,1267,2022,RF,C,4.84
kommun,1267,2022,RF,V,6.71
kommun,1267,2022,RF,MP,4.78
kommun,1267,2022,RF,KD,6.8
kommun,1267,2022,RF,SD,23.62
kommun,1267,2022,RF,Medborgerlig Samling,1.82
kommun,1270,2022,KF,M,20.89
kommun,1270,2022,KF,S,22.48
kommun,1270,2022,KF,L,2.03
kommun,1270,2022,KF,C,13.44
kommun,1270,2022,KF,V,4.5
kommun,1270,2022,KF,MP,2.94
kommun,1270,2022,KF,KD,3.18
kommun,1270,2022,KF,SD,30.15
kommun,1270,2022,RD,M,16.96
kommun,1270,2022,RD,S,23.27
kommun,1270,2022,RD,L,2.61
kommun,1270,2022,RD,C,5.78
kommun,1270,2022,RD,V,3.95
kommun,1270,2022,RD,MP,3.54
kommun,1270,2022,RD,KD,5.46
kommun,1270,2022,RD,SD,37.2
kommun,1270,2022,RF,M,20.61
kommun,1270,2022,RF,S,24.66
kommun,1270,2022,RF,L,2.12
kommun,1270,2022,RF,C,7.88
kommun,1270,2022,RF,V,4.85
kommun,1270,2022,RF,MP,2.79
kommun,1270,2022,RF,KD,5.51
kommun,1270,2022,RF,SD,30.28
kommun,1272,2022,KF,M,20.71
kommun,1272,2022,KF,S,29.3
kommun,1272,2022,KF,L,3.73
kommun,1272,2022,KF,C,2.15
kommun,1272,2022,KF,V,4.13
kommun,1272,2022,KF,MP,1.44
kommun,1272,2022,KF,KD,3.49
kommun,1272,2022,KF,SD,26.55
kommun,1272,2022,KF,Alternativet,8.14
kommun,1272,2022,RD,M,16.06
kommun,1272,2022,RD,S,28.3
kommun,1272,2022,RD,L,2.68
kommun,1272,2022,RD,C,2.39
kommun,1272,2022,RD,V,3.34
kommun,1272,2022,RD,MP,1.79
kommun,1272,2022,RD,KD,5.18
kommun,1272,2022,RD,SD,39.14
kommun,1272,2022,RF,M,18.53
kommun,1272,2022,RF,S,31.22
kommun,1272,2022,RF,L,3.34
kommun,1272,2022,RF,C,2.3
kommun,1272,2022,RF,V,4.04
kommun,1272,2022,RF,MP,1.41
kommun,1272,2022,RF,KD,6.35
kommun,1272,2022,RF,SD,31.46
kommun,1273,2022,KF,M,12.07
kommun,1273,2022,KF,S,25.77
kommun,1273,2022,KF,L,1.34
kommun,1273,2022,KF,C,25.08
kommun,1273,2022,KF,V,2.98
kommun,1273,2022,KF,KD,5.42
kommun,1273,2022,KF,SD,26.18
kommun,1273,2022,RD,M,15.85
kommun,1273,2022,RD,S,27.18
kommun,1273,2022,RD,L,2.32
kommun,1273,2022,RD,C,4.75
kommun,1273,2022,RD,V,3.47
kommun,1273,2022,RD,MP,2.55
kommun,1273,2022,RD,KD,6.53
kommun,1273,2022,RD,SD,36.42
kommun,1273,2022,RF,M,16.6
kommun,1273,2022,RF,S,29.3
kommun,1273,2022,RF,L,1.86
kommun,1273,2022,RF,C,9.55
kommun,1273,2022,RF,V,3.94
kommun,1273,2022,RF,MP,1.8
kommun,1273,2022,RF,KD,7.4
kommun,1273,2022,RF,SD,28.49
kommun,1275,2022,KF,M,8.77
kommun,1275,2022,KF,S,20.9
kommun,1275,2022,KF,C,6.93
kommun,1275,2022,KF,V,3.92
kommun,1275,2022,KF,MP,1.71
kommun,1275,2022,KF,KD,2.6
kommun,1275,2022,KF,SD,18.91
kommun,1275,2022,KF,Perstorps Framtid,13.69
kommun,1275,2022,KF,Vi i Perstorp,21.71
kommun,1275,2022,RD,M,14.53
kommun,1275,2022,RD,S,26.51
kommun,1275,2022,RD,L,1.98
kommun,1275,2022,RD,C,4.07
kommun,1275,2022,RD,V,3.84
kommun,1275,2022,RD,MP,1.69
kommun,1275,2022,RD,KD,5.53
kommun,1275,2022,RD,SD,40.86
kommun,1275,2022,RF,M,17.01
kommun,1275,2022,RF,S,30.31
kommun,1275,2022,RF,L,1.75
kommun,1275,2022,RF,C,4.96
kommun,1275,2022,RF,V,4.64
kommun,1275,2022,RF,MP,1.5
kommun,1275,2022,RF,KD,7.48
kommun,1275,2022,RF,SD,31.03
kommun,1276,2022,KF,M,16.56
kommun,1276,2022,KF,S,23.98
kommun,1276,2022,KF,L,3.03
kommun,1276,2022,KF,C,5.72
kommun,1276,2022,KF,V,3.14
kommun,1276,2022,KF,MP,1.89
kommun,1276,2022,KF,KD,5.71
kommun,1276,2022,KF,SD,34.32
kommun,1276,2022,KF,VÅR FRAMTID - KLIPPAN,4.76
kommun,1276,2022,RD,M,15.65
kommun,1276,2022,RD,S,23.68
kommun,1276,2022,RD,L,2.17
kommun,1276,2022,RD,C,4.09
kommun,1276,2022,RD,V,3.5
kommun,1276,2022,RD,MP,2.3
kommun,1276,2022,RD,KD,6.61
kommun,1276,2022,RD,SD,40.28
kommun,1276,2022,RF,M,17.49
kommun,1276,2022,RF,S,25.95
kommun,1276,2022,RF,L,2.45
kommun,1276,2022,RF,C,4.47
kommun,1276,2022,RF,V,3.97
kommun,1276,2022,RF,MP,1.9
kommun,1276,2022,RF,KD,7.63
kommun,1276,2022,RF,SD,34.77
kommun,1277,2022,KF,M,20.55
kommun,1277,2022,KF,S,29.52
kommun,1277,2022,KF,L,3.65
kommun,1277,2022,KF,C,4.21
kommun,1277,2022,KF,V,3.55
kommun,1277,2022,KF,KD,3.96
kommun,1277,2022,KF,SD,32.29
kommun,1277,2022,KF,Medborgerlig Samling,1.18
kommun,1277,2022,RD,M,16.72
kommun,1277,2022,RD,S,28.22
kommun,1277,2022,RD,L,2.09
kommun,1277,2022,RD,C,3.26
kommun,1277,2022,RD,V,3.94
kommun,1277,2022,RD,MP,1.41
kommun,1277,2022,RD,KD,4.99
kommun,1277,2022,RD,SD,38.08
kommun,1277,2022,RF,M,18.04
kommun,1277,2022,RF,S,31.05
kommun,1277,2022,RF,L,2.52
kommun,1277,2022,RF,C,3.06
kommun,1277,2022,RF,V,3.96
kommun,1277,2022,RF,MP,1.13
kommun,1277,2022,RF,KD,6.24
kommun,1277,2022,RF,SD,32.26
kommun,1278,2022,KF,M,32.13
kommun,1278,2022,KF,S,17.11
kommun,1278,2022,KF,L,7.83
kommun,1278,2022,KF,C,8.14
kommun,1278,2022,KF,V,1.19
kommun,1278,2022,KF,MP,3.95
kommun,1278,2022,KF,KD,3.3
kommun,1278,2022,KF,SD,14.48
kommun,1278,2022,KF,Bjärepartiet,11.56
kommun,1278,2022,RD,M,25.81
kommun,1278,2022,RD,S,20.74
kommun,1278,2022,RD,L,6.23
kommun,1278,2022,RD,C,7.64
kommun,1278,2022,RD,V,2.63
kommun,1278,2022,RD,MP,4.23
kommun,1278,2022,RD,KD,6.86
kommun,1278,2022,RD,SD,24.71
kommun,1278,2022,RF,M,29.5
kommun,1278,2022,RF,S,22.62
kommun,1278,2022,RF,L,6.17
kommun,1278,2022,RF,C,7.92
kommun,1278,2022,RF,V,3.28
kommun,1278,2022,RF,MP,3.35
kommun,1278,2022,RF,KD,8.78
kommun,1278,2022,RF,SD,17.06
kommun,1280,2022,KF,M,19.41
kommun,1280,2022,KF,S,30.7
kommun,1280,2022,KF,L,4.86
kommun,1280,2022,KF,C,3.78
kommun,1280,2022,KF,V,13.62
kommun,1280,2022,KF,MP,5.48
kommun,1280,2022,KF,KD,2.19
kommun,1280,2022,KF,SD,14.94
kommun,1280,2022,KF,Partiet Nyans,2.88
kommun,1280,2022,RD,M,17.87
kommun,1280,2022,RD,S,29.57
kommun,1280,2022,RD,L,4.53
kommun,1280,2022,RD,C,5.49
kommun,1280,2022,RD,V,12.49
kommun,1280,2022,RD,MP,7.49
kommun,1280,2022,RD,KD,3.0
kommun,1280,2022,RD,SD,16.37
kommun,1280,2022,RD,Partiet Nyans,2.1
kommun,1280,2022,RF,M,19.06
kommun,1280,2022,RF,S,31.64
kommun,1280,2022,RF,L,4.34
kommun,1280,2022,RF,C,3.98
kommun,1280,2022,RF,V,14.57
kommun,1280,2022,RF,MP,5.21
kommun,1280,2022,RF,KD,3.42
kommun,1280,2022,RF,SD,13.89
kommun,1280,2022,RF,Partiet Nyans,2.66
kommun,1281,2022,KF,M,13.64
kommun,1281,2022,KF,S,24.04
kommun,1281,2022,KF,L,17.45
kommun,1281,2022,KF,C,5.21
kommun,1281,2022,KF,V,10.97
kommun,1281,2022,KF,MP,9.15
kommun,1281,2022,KF,KD,2.26
kommun,1281,2022,KF,SD,8.65
kommun,1281,2022,KF,FörNyaLund,6.38
kommun,1281,2022,RD,M,16.81
kommun,1281,2022,RD,S,28.33
kommun,1281,2022,RD,L,8.43
kommun,1281,2022,RD,C,8.7
kommun,1281,2022,RD,V,9.12
kommun,1281,2022,RD,MP,11.01
kommun,1281,2022,RD,KD,3.37
kommun,1281,2022,RD,SD,12.79
kommun,1281,2022,RF,M,16.59
kommun,1281,2022,RF,S,31.7
kommun,1281,2022,RF,L,10.34
kommun,1281,2022,RF,C,5.82
kommun,1281,2022,RF,V,11.89
kommun,1281,2022,RF,MP,8.01
kommun,1281,2022,RF,KD,4.62
kommun,1281,2022,RF,SD,9.27
kommun,1282,2022,KF,M,7.05
kommun,1282,2022,KF,S,23.06
kommun,1282,2022,KF,L,37.78
kommun,1282,2022,KF,C,1.81
kommun,1282,2022,KF,V,4.33
kommun,1282,2022,KF,MP,3.22
kommun,1282,2022,KF,KD,1.21
kommun,1282,2022,KF,SD,18.51
kommun,1282,2022,KF,Partiet Nyans,2.49
kommun,1282,2022,RD,M,17.34
kommun,1282,2022,RD,S,31.08
kommun,1282,2022,RD,L,6.1
kommun,1282,2022,RD,C,3.76
kommun,1282,2022,RD,V,4.78
kommun,1282,2022,RD,MP,3.11
kommun,1282,2022,RD,KD,3.58
kommun,1282,2022,RD,SD,27.41
kommun,1282,2022,RD,Partiet Nyans,2.04
kommun,1282,2022,RF,M,16.84
kommun,1282,2022,RF,S,32.87
kommun,1282,2022,RF,L,10.45
kommun,1282,2022,RF,C,2.81
kommun,1282,2022,RF,V,5.55
kommun,1282,2022,RF,MP,2.42
kommun,1282,2022,RF,KD,4.8
kommun,1282,2022,RF,SD,21.08
kommun,1282,2022,RF,Partiet Nyans,2.39
kommun,1283,2022,KF,M,23.68
kommun,1283,2022,KF,S,31.2
kommun,1283,2022,KF,L,5.06
kommun,1283,2022,KF,C,3.86
kommun,1283,2022,KF,V,5.43
kommun,1283,2022,KF,MP,3.16
kommun,1283,2022,KF,KD,4.15
kommun,1283,2022,KF,SD,21.47
kommun,1283,2022,KF,Partiet Nyans,1.08
kommun,1283,2022,RD,M,21.61
kommun,1283,2022,RD,S,28.14
kommun,1283,2022,RD,L,4.4
kommun,1283,2022,RD,C,4.96
kommun,1283,2022,RD,V,4.98
kommun,1283,2022,RD,MP,3.41
kommun,1283,2022,RD,KD,4.48
kommun,1283,2022,RD,SD,26.3
kommun,1283,2022,RF,M,22.05
kommun,1283,2022,RF,S,31.93
kommun,1283,2022,RF,L,4.34
kommun,1283,2022,RF,C,3.78
kommun,1283,2022,RF,V,5.71
kommun,1283,2022,RF,MP,2.78
kommun,1283,2022,RF,KD,6.11
kommun,1283,2022,RF,SD,21.24
kommun,1283,2022,RF,Partiet Nyans,1.05
kommun,1284,2022,KF,M,36.42
kommun,1284,2022,KF,S,20.19
kommun,1284,2022,KF,L,8.59
kommun,1284,2022,KF,C,6.04
kommun,1284,2022,KF,V,2.69
kommun,1284,2022,KF,MP,6.29
kommun,1284,2022,KF,KD,4.13
kommun,1284,2022,KF,SD,14.04
kommun,1284,2022,KF,Medborgerlig Samling,1.22
kommun,1284,2022,RD,M,25.11
kommun,1284,2022,RD,S,24.29
kommun,1284,2022,RD,L,5.93
kommun,1284,2022,RD,C,6.59
kommun,1284,2022,RD,V,3.12
kommun,1284,2022,RD,MP,4.5
kommun,1284,2022,RD,KD,5.7
kommun,1284,2022,RD,SD,23.59
kommun,1284,2022,RF,M,28.7
kommun,1284,2022,RF,S,26.58
kommun,1284,2022,RF,L,5.83
kommun,1284,2022,RF,C,5.27
kommun,1284,2022,RF,V,3.63
kommun,1284,2022,RF,MP,3.91
kommun,1284,2022,RF,KD,8.37
kommun,1284,2022,RF,SD,16.34
kommun,1285,2022,KF,M,18.13
kommun,1285,2022,KF,S,29.67
kommun,1285,2022,KF,L,3.66
kommun,1285,2022,KF,C,6.3
kommun,1285,2022,KF,V,6.08
kommun,1285,2022,KF,MP,2.23
kommun,1285,2022,KF,KD,4.21
kommun,1285,2022,KF,SD,29.26
kommun,1285,2022,RD,M,17.72
kommun,1285,2022,RD,S,28.3
kommun,1285,2022,RD,L,3.61
kommun,1285,2022,RD,C,5.12
kommun,1285,2022,RD,V,4.71
kommun,1285,2022,RD,MP,3.59
kommun,1285,2022,RD,KD,4.69
kommun,1285,2022,RD,SD,30.65
kommun,1285,2022,RF,M,18.79
kommun,1285,2022,RF,S,30.39
kommun,1285,2022,RF,L,3.37
kommun,1285,2022,RF,C,5.27
kommun,1285,2022,RF,V,5.89
kommun,1285,2022,RF,MP,2.56
kommun,1285,2022,RF,KD,5.59
kommun,1285,2022,RF,SD,26.24
kommun,1286,2022,KF,M,25.08
kommun,1286,2022,KF,S,31.62
kommun,1286,2022,KF,L,4.88
kommun,1286,2022,KF,C,6.09
kommun,1286,2022,KF,V,4.12
kommun,1286,2022,KF,MP,3.04
kommun,1286,2022,KF,KD,4.61
kommun,1286,2022,KF,SD,18.8
kommun,1286,2022,KF,Medborgerlig Samling,1.22
kommun,1286,2022,RD,M,21.97
kommun,1286,2022,RD,S,27.32
kommun,1286,2022,RD,L,4.57
kommun,1286,2022,RD,C,4.93
kommun,1286,2022,RD,V,3.6
kommun,1286,2022,RD,MP,3.59
kommun,1286,2022,RD,KD,5.96
kommun,1286,2022,RD,SD,26.97
kommun,1286,2022,RF,M,24.5
kommun,1286,2022,RF,S,30.49
kommun,1286,2022,RF,L,5.26
kommun,1286,2022,RF,C,4.82
kommun,1286,2022,RF,V,4.43
kommun,1286,2022,RF,MP,2.73
kommun,1286,2022,RF,KD,6.98
kommun,1286,2022,RF,SD,19.59
kommun,1287,2022,KF,M,19.25
kommun,1287,2022,KF,S,23.68
kommun,1287,2022,KF,L,3.67
kommun,1287,2022,KF,C,4.6
kommun,1287,2022,KF,V,3.34
kommun,1287,2022,KF,MP,2.59
kommun,1287,2022,KF,KD,6.72
kommun,1287,2022,KF,SD,22.39
kommun,1287,2022,KF,Vårt Söderslätt,13.49
kommun,1287,2022,RD,M,19.98
kommun,1287,2022,RD,S,26.89
kommun,1287,2022,RD,L,3.8
kommun,1287,2022,RD,C,4.48
kommun,1287,2022,RD,V,3.59
kommun,1287,2022,RD,MP,2.35
kommun,1287,2022,RD,KD,5.65
kommun,1287,2022,RD,SD,31.95
kommun,1287,2022,RF,M,22.6
kommun,1287,2022,RF,S,29.34
kommun,1287,2022,RF,L,3.66
kommun,1287,2022,RF,C,4.58
kommun,1287,2022,RF,V,3.89
kommun,1287,2022,RF,MP,2.05
kommun,1287,2022,RF,KD,7.61
kommun,1287,2022,RF,SD,24.98
kommun,1290,2022,KF,M,20.6
kommun,1290,2022,KF,S,25.37
kommun,1290,2022,KF,L,11.53
kommun,1290,2022,KF,C,4.5
kommun,1290,2022,KF,V,5.37
kommun,1290,2022,KF,MP,1.64
kommun,1290,2022,KF,KD,4.9
kommun,1290,2022,KF,SD,23.98
kommun,1290,2022,RD,M,21.86
kommun,1290,2022,RD,S,25.76
kommun,1290,2022,RD,L,4.83
kommun,1290,2022,RD,C,4.64
kommun,1290,2022,RD,V,4.47
kommun,1290,2022,RD,MP,2.65
kommun,1290,2022,RD,KD,5.49
kommun,1290,2022,RD,SD,28.76
kommun,1290,2022,RF,M,22.2
kommun,1290,2022,RF,S,27.36
kommun,1290,2022,RF,L,7.07
kommun,1290,2022,RF,C,4.5
kommun,1290,2022,RF,V,5.19
kommun,1290,2022,RF,MP,1.84
kommun,1290,2022,RF,KD,6.61
kommun,1290,2022,RF,SD,23.55
kommun,1291,2022,KF,M,26.94
kommun,1291,2022,KF,S,23.41
kommun,1291,2022,KF,L,4.96
kommun,1291,2022,KF,C,6.81
kommun,1291,2022,KF,V,5.06
kommun,1291,2022,KF,MP,4.52
kommun,1291,2022,KF,KD,2.97
kommun,1291,2022,KF,SD,18.87
kommun,1291,2022,KF,Österlenpartiet,3.45
kommun,1291,2022,KF,Klimatinitiativ Simrishamn,2.38
kommun,1291,2022,RD,M,18.42
kommun,1291,2022,RD,S,25.52
kommun,1291,2022,RD,L,4.52
kommun,1291,2022,RD,C,5.83
kommun,1291,2022,RD,V,5.02
kommun,1291,2022,RD,MP,6.15
kommun,1291,2022,RD,KD,5.29
kommun,1291,2022,RD,SD,27.63
kommun,1291,2022,RF,M,22.95
kommun,1291,2022,RF,S,27.04
kommun,1291,2022,RF,L,5.46
kommun,1291,2022,RF,C,5.91
kommun,1291,2022,RF,V,6.16
kommun,1291,2022,RF,MP,5.03
kommun,1291,2022,RF,KD,5.71
kommun,1291,2022,RF,SD,20.3
kommun,1292,2022,KF,M,29.88
kommun,1292,2022,KF,S,27.52
kommun,1292,2022,KF,L,2.97
kommun,1292,2022,KF,C,6.03
kommun,1292,2022,KF,V,2.93
kommun,1292,2022,KF,MP,2.83
kommun,1292,2022,KF,KD,5.51
kommun,1292,2022,KF,SD,18.48
kommun,1292,2022,KF,EngelholmsPartiet,3.39
kommun,1292,2022,RD,M,22.86
kommun,1292,2022,RD,S,25.74
kommun,1292,2022,RD,L,3.87
kommun,1292,2022,RD,C,5.76
kommun,1292,2022,RD,V,3.07
kommun,1292,2022,RD,MP,3.35
kommun,1292,2022,RD,KD,6.25
kommun,1292,2022,RD,SD,28.02
kommun,1292,2022,RF,M,25.65
kommun,1292,2022,RF,S,29.07
kommun,1292,2022,RF,L,3.48
kommun,1292,2022,RF,C,5.35
kommun,1292,2022,RF,V,3.57
kommun,1292,2022,RF,MP,2.49
kommun,1292,2022,RF,KD,8.39
kommun,1292,2022,RF,SD,20.84
kommun,1293,2022,KF,M,16.58
kommun,1293,2022,KF,S,22.67
kommun,1293,2022,KF,L,4.25
kommun,1293,2022,KF,C,5.7
kommun,1293,2022,KF,V,5.92
kommun,1293,2022,KF,MP,2.5
kommun,1293,2022,KF,KD,5.94
kommun,1293,2022,KF,SD,29.89
kommun,1293,2022,KF,Folkets Väl,5.78
kommun,1293,2022,RD,M,17.66
kommun,1293,2022,RD,S,24.6
kommun,1293,2022,RD,L,3.54
kommun,1293,2022,RD,C,5.03
kommun,1293,2022,RD,V,4.68
kommun,1293,2022,RD,MP,2.82
kommun,1293,2022,RD,KD,6.84
kommun,1293,2022,RD,SD,33.61
kommun,1293,2022,RF,M,18.3
kommun,1293,2022,RF,S,26.5
kommun,1293,2022,RF,L,3.43
kommun,1293,2022,RF,C,5.15
kommun,1293,2022,RF,V,5.39
kommun,1293,2022,RF,MP,2.24
kommun,1293,2022,RF,KD,8.33
kommun,1293,2022,RF,SD,29.38
kommun,1315,2022,KF,M,10.9
kommun,1315,2022,KF,S,32.06
kommun,1315,2022,KF,L,3.96
kommun,1315,2022,KF,C,14.66
kommun,1315,2022,KF,V,4.4
kommun,1315,2022,KF,MP,1.38
kommun,1315,2022,KF,KD,4.4
kommun,1315,2022,KF,SD,24.05
kommun,1315,2022,KF,Kommunens Väl,3.88
kommun,1315,2022,RD,M,14.68
kommun,1315,2022,RD,S,30.28
kommun,1315,2022,RD,L,2.67
kommun,1315,2022,RD,C,7.67
kommun,1315,2022,RD,V,3.64
kommun,1315,2022,RD,MP,2.52
kommun,1315,2022,RD,KD,7.16
kommun,1315,2022,RD,SD,30.47
kommun,1315,2022,RF,M,13.51
kommun,1315,2022,RF,S,32.44
kommun,1315,2022,RF,L,2.99
kommun,1315,2022,RF,C,12.2
kommun,1315,2022,RF,V,4.48
kommun,1315,2022,RF,MP,1.76
kommun,1315,2022,RF,KD,8.03
kommun,1315,2022,RF,SD,23.78
kommun,1380,2022,KF,M,18.18
kommun,1380,2022,KF,S,30.64
kommun,1380,2022,KF,L,3.58
kommun,1380,2022,KF,C,7.14
kommun,1380,2022,KF,V,5.92
kommun,1380,2022,KF,MP,3.12
kommun,1380,2022,KF,KD,6.75
kommun,1380,2022,KF,SD,14.92
kommun,1380,2022,KF,Hjärta för Halmstad,5.76
kommun,1380,2022,KF,Halmstads Lokala Parti,3.4
kommun,1380,2022,RD,M,20.76
kommun,1380,2022,RD,S,31.59
kommun,1380,2022,RD,L,4.4
kommun,1380,2022,RD,C,6.1
kommun,1380,2022,RD,V,4.87
kommun,1380,2022,RD,MP,3.61
kommun,1380,2022,RD,KD,5.52
kommun,1380,2022,RD,SD,21.68
kommun,1380,2022,RF,M,21.27
kommun,1380,2022,RF,S,33.02
kommun,1380,2022,RF,L,4.14
kommun,1380,2022,RF,C,6.97
kommun,1380,2022,RF,V,6.31
kommun,1380,2022,RF,MP,2.78
kommun,1380,2022,RF,KD,8.6
kommun,1380,2022,RF,SD,15.77
kommun,1381,2022,KF,M,17.2
kommun,1381,2022,KF,S,19.4
kommun,1381,2022,KF,L,4.84
kommun,1381,2022,KF,C,13.95
kommun,1381,2022,KF,V,3.66
kommun,1381,2022,KF,MP,2.44
kommun,1381,2022,KF,KD,6.32
kommun,1381,2022,KF,SD,19.72
kommun,1381,2022,KF,Laholmspartiet,3.02
kommun,1381,2022,KF,Medborgerlig Samling,9.34
kommun,1381,2022,RD,M,18.5
kommun,1381,2022,RD,S,25.12
kommun,1381,2022,RD,L,3.91
kommun,1381,2022,RD,C,7.37
kommun,1381,2022,RD,V,3.05
kommun,1381,2022,RD,MP,2.77
kommun,1381,2022,RD,KD,7.25
kommun,1381,2022,RD,SD,30.94
kommun,1381,2022,RF,M,19.92
kommun,1381,2022,RF,S,24.43
kommun,1381,2022,RF,L,4.02
kommun,1381,2022,RF,C,10.71
kommun,1381,2022,RF,V,4.06
kommun,1381,2022,RF,MP,2.17
kommun,1381,2022,RF,KD,9.7
kommun,1381,2022,RF,SD,22.85
kommun,1381,2022,RF,Medborgerlig Samling,1.55
kommun,1382,2022,KF,M,18.33
kommun,1382,2022,KF,S,34.39
kommun,1382,2022,KF,L,3.24
kommun,1382,2022,KF,C,15.98
kommun,1382,2022,KF,V,4.31
kommun,1382,2022,KF,MP,2.77
kommun,1382,2022,KF,KD,4.8
kommun,1382,2022,KF,SD,15.96
kommun,1382,2022,RD,M,20.14
kommun,1382,2022,RD,S,31.49
kommun,1382,2022,RD,L,4.01
kommun,1382,2022,RD,C,8.47
kommun,1382,2022,RD,V,4.23
kommun,1382,2022,RD,MP,3.48
kommun,1382,2022,RD,KD,5.49
kommun,1382,2022,RD,SD,21.68
kommun,1382,2022,RF,M,19.84
kommun,1382,2022,RF,S,32.74
kommun,1382,2022,RF,L,3.38
kommun,1382,2022,RF,C,12.23
kommun,1382,2022,RF,V,5.04
kommun,1382,2022,RF,MP,2.79
kommun,1382,2022,RF,KD,6.97
kommun,1382,2022,RF,SD,15.94
kommun,1383,2022,KF,M,21.83
kommun,1383,2022,KF,S,30.51
kommun,1383,2022,KF,L,5.79
kommun,1383,2022,KF,C,9.22
kommun,1383,2022,KF,V,4.58
kommun,1383,2022,KF,MP,1.87
kommun,1383,2022,KF,KD,5.5
kommun,1383,2022,KF,SD,13.85
kommun,1383,2022,KF,tjugofyrasju,3.23
kommun,1383,2022,KF,Varbergspartiet,3.04
kommun,1383,2022,RD,M,20.71
kommun,1383,2022,RD,S,31.25
kommun,1383,2022,RD,L,4.73
kommun,1383,2022,RD,C,7.75
kommun,1383,2022,RD,V,4.42
kommun,1383,2022,RD,MP,3.86
kommun,1383,2022,RD,KD,5.93
kommun,1383,2022,RD,SD,20.31
kommun,1383,2022,RF,M,21.54
kommun,1383,2022,RF,S,32.14
kommun,1383,2022,RF,L,5.27
kommun,1383,2022,RF,C,9.44
kommun,1383,2022,RF,V,5.72
kommun,1383,2022,RF,MP,2.31
kommun,1383,2022,RF,KD,7.74
kommun,1383,2022,RF,SD,14.77
kommun,1384,2022,KF,M,30.78
kommun,1384,2022,KF,S,19.38
kommun,1384,2022,KF,L,6.64
kommun,1384,2022,KF,C,9.0
kommun,1384,2022,KF,V,3.29
kommun,1384,2022,KF,MP,3.25
kommun,1384,2022,KF,KD,5.8
kommun,1384,2022,KF,SD,16.33
kommun,1384,2022,KF,Kungsbackaborna,3.6
kommun,1384,2022,RD,M,29.0
kommun,1384,2022,RD,S,21.16
kommun,1384,2022,RD,L,6.38
kommun,1384,2022,RD,C,6.61
kommun,1384,2022,RD,V,3.04
kommun,1384,2022,RD,MP,3.78
kommun,1384,2022,RD,KD,6.43
kommun,1384,2022,RD,SD,22.56
kommun,1384,2022,RF,M,30.58
kommun,1384,2022,RF,S,19.99
kommun,1384,2022,RF,L,6.87
kommun,1384,2022,RF,C,7.92
kommun,1384,2022,RF,V,3.7
kommun,1384,2022,RF,MP,2.93
kommun,1384,2022,RF,KD,8.75
kommun,1384,2022,RF,SD,16.64
kommun,1384,2022,RF,Kungsbackaborna,1.26
kommun,1401,2022,KF,M,23.17
kommun,1401,2022,KF,S,27.91
kommun,1401,2022,KF,L,4.75
kommun,1401,2022,KF,C,5.9
kommun,1401,2022,KF,V,4.96
kommun,1401,2022,KF,MP,5.48
kommun,1401,2022,KF,KD,3.41
kommun,1401,2022,KF,SD,17.28
kommun,1401,2022,KF,Kommunpartiet,2.65
kommun,1401,2022,KF,Sportpartiet,3.2
kommun,1401,2022,KF,Medborgerlig Samling,1.02
kommun,1401,2022,RD,M,22.5
kommun,1401,2022,RD,S,27.16
kommun,1401,2022,RD,L,6.25
kommun,1401,2022,RD,C,7.05
kommun,1401,2022,RD,V,4.74
kommun,1401,2022,RD,MP,5.62
kommun,1401,2022,RD,KD,4.99
kommun,1401,2022,RD,SD,20.63
kommun,1401,2022,RF,M,22.03
kommun,1401,2022,RF,S,28.82
kommun,1401,2022,RF,L,5.85
kommun,1401,2022,RF,C,5.89
kommun,1401,2022,RF,V,6.29
kommun,1401,2022,RF,MP,3.93
kommun,1401,2022,RF,KD,6.87
kommun,1401,2022,RF,SD,16.67
kommun,1401,2022,RF,Demokraterna,2.05
kommun,1402,2022,KF,M,27.34
kommun,1402,2022,KF,S,25.3
kommun,1402,2022,KF,L,5.24
kommun,1402,2022,KF,C,6.8
kommun,1402,2022,KF,V,8.51
kommun,1402,2022,KF,MP,6.66
kommun,1402,2022,KF,KD,5.55
kommun,1402,2022,KF,SD,14.14
kommun,1402,2022,RD,M,21.72
kommun,1402,2022,RD,S,28.63
kommun,1402,2022,RD,L,5.85
kommun,1402,2022,RD,C,6.75
kommun,1402,2022,RD,V,6.5
kommun,1402,2022,RD,MP,6.22
kommun,1402,2022,RD,KD,5.35
kommun,1402,2022,RD,SD,17.82
kommun,1402,2022,RF,M,22.21
kommun,1402,2022,RF,S,28.36
kommun,1402,2022,RF,L,5.66
kommun,1402,2022,RF,C,5.73
kommun,1402,2022,RF,V,8.89
kommun,1402,2022,RF,MP,4.19
kommun,1402,2022,RF,KD,7.0
kommun,1402,2022,RF,SD,13.55
kommun,1402,2022,RF,Demokraterna,2.93
kommun,1407,2022,KF,M,20.19
kommun,1407,2022,KF,S,21.0
kommun,1407,2022,KF,L,6.18
kommun,1407,2022,KF,C,1.84
kommun,1407,2022,KF,V,4.39
kommun,1407,2022,KF,MP,5.36
kommun,1407,2022,KF,KD,24.73
kommun,1407,2022,KF,SD,12.74
kommun,1407,2022,KF,Brobyggarpartiet,3.24
kommun,1407,2022,RD,M,19.79
kommun,1407,2022,RD,S,24.83
kommun,1407,2022,RD,L,4.52
kommun,1407,2022,RD,C,4.83
kommun,1407,2022,RD,V,4.17
kommun,1407,2022,RD,MP,4.45
kommun,1407,2022,RD,KD,14.15
kommun,1407,2022,RD,SD,22.12
kommun,1407,2022,RF,M,19.94
kommun,1407,2022,RF,S,24.55
kommun,1407,2022,RF,L,5.14
kommun,1407,2022,RF,C,3.29
kommun,1407,2022,RF,V,5.57
kommun,1407,2022,RF,MP,3.56
kommun,1407,2022,RF,KD,19.48
kommun,1407,2022,RF,SD,15.52
kommun,1407,2022,RF,Demokraterna,1.48
kommun,1415,2022,KF,M,24.23
kommun,1415,2022,KF,S,27.17
kommun,1415,2022,KF,L,4.71
kommun,1415,2022,KF,C,5.71
kommun,1415,2022,KF,V,5.27
kommun,1415,2022,KF,MP,3.05
kommun,1415,2022,KF,KD,5.52
kommun,1415,2022,KF,SD,16.67
kommun,1415,2022,KF,Stenungsundspartiet,6.58
kommun,1415,2022,RD,M,22.08
kommun,1415,2022,RD,S,27.77
kommun,1415,2022,RD,L,4.86
kommun,1415,2022,RD,C,5.76
kommun,1415,2022,RD,V,4.23
kommun,1415,2022,RD,MP,4.01
kommun,1415,2022,RD,KD,5.99
kommun,1415,2022,RD,SD,23.84
kommun,1415,2022,RF,M,22.86
kommun,1415,2022,RF,S,29.2
kommun,1415,2022,RF,L,5.17
kommun,1415,2022,RF,C,5.3
kommun,1415,2022,RF,V,5.56
kommun,1415,2022,RF,MP,2.83
kommun,1415,2022,RF,KD,8.43
kommun,1415,2022,RF,SD,17.64
kommun,1419,2022,KF,M,14.81
kommun,1419,2022,KF,S,24.74
kommun,1419,2022,KF,L,11.38
kommun,1419,2022,KF,C,4.84
kommun,1419,2022,KF,V,4.41
kommun,1419,2022,KF,MP,3.52
kommun,1419,2022,KF,KD,12.3
kommun,1419,2022,KF,SD,11.21
kommun,1419,2022,KF,TJÖRNPARTIET,12.14
kommun,1419,2022,RD,M,19.91
kommun,1419,2022,RD,S,25.35
kommun,1419,2022,RD,L,6.36
kommun,1419,2022,RD,C,5.53
kommun,1419,2022,RD,V,3.67
kommun,1419,2022,RD,MP,4.04
kommun,1419,2022,RD,KD,9.93
kommun,1419,2022,RD,SD,24.31
kommun,1419,2022,RF,M,17.78
kommun,1419,2022,RF,S,26.66
kommun,1419,2022,RF,L,8.19
kommun,1419,2022,RF,C,4.71
kommun,1419,2022,RF,V,5.14
kommun,1419,2022,RF,MP,3.04
kommun,1419,2022,RF,KD,14.6
kommun,1419,2022,RF,SD,16.29
kommun,1419,2022,RF,Demokraterna,1.38
kommun,1421,2022,KF,M,18.33
kommun,1421,2022,KF,S,24.98
kommun,1421,2022,KF,L,5.74
kommun,1421,2022,KF,C,11.79
kommun,1421,2022,KF,V,6.03
kommun,1421,2022,KF,MP,5.05
kommun,1421,2022,KF,KD,5.56
kommun,1421,2022,KF,SD,14.73
kommun,1421,2022,KF,Folkviljan Orust,5.92
kommun,1421,2022,KF,ORUST FRAMTID,1.31
kommun,1421,2022,RD,M,17.93
kommun,1421,2022,RD,S,28.27
kommun,1421,2022,RD,L,4.35
kommun,1421,2022,RD,C,6.45
kommun,1421,2022,RD,V,4.65
kommun,1421,2022,RD,MP,4.89
kommun,1421,2022,RD,KD,6.47
kommun,1421,2022,RD,SD,25.74
kommun,1421,2022,RF,M,17.6
kommun,1421,2022,RF,S,26.91
kommun,1421,2022,RF,L,4.9
kommun,1421,2022,RF,C,7.77
kommun,1421,2022,RF,V,6.72
kommun,1421,2022,RF,MP,3.87
kommun,1421,2022,RF,KD,8.85
kommun,1421,2022,RF,SD,17.69
kommun,1421,2022,RF,Sjukvårdspartiet - Västra Götaland,3.24
kommun,1427,2022,KF,M,25.45
kommun,1427,2022,KF,S,27.82
kommun,1427,2022,KF,L,7.17
kommun,1427,2022,KF,C,4.92
kommun,1427,2022,KF,V,2.36
kommun,1427,2022,KF,MP,2.44
kommun,1427,2022,KF,KD,3.8
kommun,1427,2022,KF,SD,8.59
kommun,1427,2022,KF,Demokratiresan,17.31
kommun,1427,2022,RD,M,22.05
kommun,1427,2022,RD,S,27.95
kommun,1427,2022,RD,L,5.49
kommun,1427,2022,RD,C,5.59
kommun,1427,2022,RD,V,2.98
kommun,1427,2022,RD,MP,3.24
kommun,1427,2022,RD,KD,7.59
kommun,1427,2022,RD,SD,24.18
kommun,1427,2022,RF,M,23.61
kommun,1427,2022,RF,S,29.44
kommun,1427,2022,RF,L,6.42
kommun,1427,2022,RF,C,5.08
kommun,1427,2022,RF,V,3.88
kommun,1427,2022,RF,MP,2.59
kommun,1427,2022,RF,KD,11.27
kommun,1427,2022,RF,SD,14.44
kommun,1427,2022,RF,Demokraterna,1.3
kommun,1430,2022,KF,M,15.32
kommun,1430,2022,KF,S,24.21
kommun,1430,2022,KF,L,2.01
kommun,1430,2022,KF,C,9.3
kommun,1430,2022,KF,V,5.38
kommun,1430,2022,KF,MP,1.93
kommun,1430,2022,KF,KD,7.59
kommun,1430,2022,KF,SD,32.56
kommun,1430,2022,KF,Munkedals Framtid,1.44
kommun,1430,2022,RD,M,15.73
kommun,1430,2022,RD,S,27.42
kommun,1430,2022,RD,L,2.46
kommun,1430,2022,RD,C,6.08
kommun,1430,2022,RD,V,4.42
kommun,1430,2022,RD,MP,2.41
kommun,1430,2022,RD,KD,7.98
kommun,1430,2022,RD,SD,31.99
kommun,1430,2022,RF,M,14.87
kommun,1430,2022,RF,S,26.91
kommun,1430,2022,RF,L,2.44
kommun,1430,2022,RF,C,7.64
kommun,1430,2022,RF,V,5.33
kommun,1430,2022,RF,MP,1.8
kommun,1430,2022,RF,KD,10.63
kommun,1430,2022,RF,SD,27.99
kommun,1435,2022,KF,M,31.49
kommun,1435,2022,KF,S,22.91
kommun,1435,2022,KF,L,4.61
kommun,1435,2022,KF,C,14.3
kommun,1435,2022,KF,V,5.14
kommun,1435,2022,KF,MP,3.29
kommun,1435,2022,KF,KD,4.26
kommun,1435,2022,KF,SD,13.73
kommun,1435,2022,RD,M,21.61
kommun,1435,2022,RD,S,24.39
kommun,1435,2022,RD,L,4.41
kommun,1435,2022,RD,C,8.37
kommun,1435,2022,RD,V,4.1
kommun,1435,2022,RD,MP,4.52
kommun,1435,2022,RD,KD,7.44
kommun,1435,2022,RD,SD,24.07
kommun,1435,2022,RF,M,23.19
kommun,1435,2022,RF,S,23.74
kommun,1435,2022,RF,L,5.1
kommun,1435,2022,RF,C,10.97
kommun,1435,2022,RF,V,5.47
kommun,1435,2022,RF,MP,3.25
kommun,1435,2022,RF,KD,9.4
kommun,1435,2022,RF,SD,16.22
kommun,1438,2022,KF,M,23.49
kommun,1438,2022,KF,S,24.29
kommun,1438,2022,KF,L,2.04
kommun,1438,2022,KF,C,22.28
kommun,1438,2022,KF,V,3.36
kommun,1438,2022,KF,KD,9.93
kommun,1438,2022,KF,SD,13.77
kommun,1438,2022,RD,M,16.73
kommun,1438,2022,RD,S,23.2
kommun,1438,2022,RD,L,2.54
kommun,1438,2022,RD,C,8.63
kommun,1438,2022,RD,V,2.99
kommun,1438,2022,RD,MP,1.6
kommun,1438,2022,RD,KD,10.85
kommun,1438,2022,RD,SD,31.65
kommun,1438,2022,RF,M,20.49
kommun,1438,2022,RF,S,23.83
kommun,1438,2022,RF,L,2.5
kommun,1438,2022,RF,C,13.09
kommun,1438,2022,RF,V,3.8
kommun,1438,2022,RF,MP,1.58
kommun,1438,2022,RF,KD,12.64
kommun,1438,2022,RF,SD,19.11
kommun,1439,2022,KF,M,10.9
kommun,1439,2022,KF,S,26.49
kommun,1439,2022,KF,L,5.12
kommun,1439,2022,KF,C,17.78
kommun,1439,2022,KF,V,2.0
kommun,1439,2022,KF,KD,2.24
kommun,1439,2022,KF,SD,34.75
kommun,1439,2022,RD,M,12.97
kommun,1439,2022,RD,S,26.72
kommun,1439,2022,RD,L,2.75
kommun,1439,2022,RD,C,6.77
kommun,1439,2022,RD,V,3.15
kommun,1439,2022,RD,MP,1.69
kommun,1439,2022,RD,KD,6.56
kommun,1439,2022,RD,SD,38.23
kommun,1439,2022,RF,M,11.98
kommun,1439,2022,RF,S,26.29
kommun,1439,2022,RF,L,3.52
kommun,1439,2022,RF,C,10.93
kommun,1439,2022,RF,V,3.86
kommun,1439,2022,RF,MP,1.08
kommun,1439,2022,RF,KD,7.26
kommun,1439,2022,RF,SD,32.5
kommun,1440,2022,KF,M,20.53
kommun,1440,2022,KF,S,29.28
kommun,1440,2022,KF,L,3.16
kommun,1440,2022,KF,C,5.22
kommun,1440,2022,KF,V,7.72
kommun,1440,2022,KF,MP,2.56
kommun,1440,2022,KF,KD,5.22
kommun,1440,2022,KF,SD,20.73
kommun,1440,2022,KF,FRAMTID I ALE,4.5
kommun,1440,2022,RD,M,18.28
kommun,1440,2022,RD,S,29.89
kommun,1440,2022,RD,L,3.32
kommun,1440,2022,RD,C,5.27
kommun,1440,2022,RD,V,6.67
kommun,1440,2022,RD,MP,3.56
kommun,1440,2022,RD,KD,5.64
kommun,1440,2022,RD,SD,25.7
kommun,1440,2022,RF,M,18.51
kommun,1440,2022,RF,S,30.95
kommun,1440,2022,RF,L,3.32
kommun,1440,2022,RF,C,5.22
kommun,1440,2022,RF,V,8.19
kommun,1440,2022,RF,MP,2.42
kommun,1440,2022,RF,KD,7.02
kommun,1440,2022,RF,SD,20.86
kommun,1441,2022,KF,M,26.59
kommun,1441,2022,KF,S,23.9
kommun,1441,2022,KF,L,7.76
kommun,1441,2022,KF,C,6.52
kommun,1441,2022,KF,V,7.28
kommun,1441,2022,KF,MP,5.48
kommun,1441,2022,KF,KD,7.48
kommun,1441,2022,KF,SD,14.65
kommun,1441,2022,RD,M,21.9
kommun,1441,2022,RD,S,26.88
kommun,1441,2022,RD,L,6.28
kommun,1441,2022,RD,C,6.52
kommun,1441,2022,RD,V,5.37
kommun,1441,2022,RD,MP,6.3
kommun,1441,2022,RD,KD,6.04
kommun,1441,2022,RD,SD,19.75
kommun,1441,2022,RF,M,22.49
kommun,1441,2022,RF,S,26.83
kommun,1441,2022,RF,L,6.49
kommun,1441,2022,RF,C,5.64
kommun,1441,2022,RF,V,7.52
kommun,1441,2022,RF,MP,4.33
kommun,1441,2022,RF,KD,8.54
kommun,1441,2022,RF,SD,14.51
kommun,1441,2022,RF,Demokraterna,2.32
kommun,1442,2022,KF,M,16.33
kommun,1442,2022,KF,S,24.79
kommun,1442,2022,KF,L,3.59
kommun,1442,2022,KF,C,17.2
kommun,1442,2022,KF,V,4.36
kommun,1442,2022,KF,MP,3.91
kommun,1442,2022,KF,KD,13.17
kommun,1442,2022,KF,SD,15.29
kommun,1442,2022,RD,M,15.42
kommun,1442,2022,RD,S,26.76
kommun,1442,2022,RD,L,3.45
kommun,1442,2022,RD,C,9.61
kommun,1442,2022,RD,V,4.31
kommun,1442,2022,RD,MP,4.07
kommun,1442,2022,RD,KD,10.42
kommun,1442,2022,RD,SD,24.59
kommun,1442,2022,RF,M,15.23
kommun,1442,2022,RF,S,27.03
kommun,1442,2022,RF,L,4.12
kommun,1442,2022,RF,C,10.26
kommun,1442,2022,RF,V,6.04
kommun,1442,2022,RF,MP,3.08
kommun,1442,2022,RF,KD,14.87
kommun,1442,2022,RF,SD,16.86
kommun,1443,2022,KF,M,18.5
kommun,1443,2022,KF,S,25.49
kommun,1443,2022,KF,L,3.04
kommun,1443,2022,KF,C,5.83
kommun,1443,2022,KF,V,4.47
kommun,1443,2022,KF,MP,3.64
kommun,1443,2022,KF,KD,6.0
kommun,1443,2022,KF,SD,21.23
kommun,1443,2022,KF,Folkets Röst,11.52
kommun,1443,2022,RD,M,20.11
kommun,1443,2022,RD,S,25.6
kommun,1443,2022,RD,L,4.06
kommun,1443,2022,RD,C,6.48
kommun,1443,2022,RD,V,4.28
kommun,1443,2022,RD,MP,3.9
kommun,1443,2022,RD,KD,6.61
kommun,1443,2022,RD,SD,27.74
kommun,1443,2022,RF,M,20.22
kommun,1443,2022,RF,S,27.55
kommun,1443,2022,RF,L,3.4
kommun,1443,2022,RF,C,5.93
kommun,1443,2022,RF,V,5.69
kommun,1443,2022,RF,MP,2.9
kommun,1443,2022,RF,KD,9.06
kommun,1443,2022,RF,SD,22.67
kommun,1443,2022,RF,Demokraterna,1.03
kommun,1444,2022,KF,M,34.83
kommun,1444,2022,KF,S,19.13
kommun,1444,2022,KF,L,3.94
kommun,1444,2022,KF,C,16.85
kommun,1444,2022,KF,V,1.64
kommun,1444,2022,KF,MP,3.86
kommun,1444,2022,KF,KD,2.71
kommun,1444,2022,KF,SD,16.78
kommun,1444,2022,RD,M,20.16
kommun,1444,2022,RD,S,24.85
kommun,1444,2022,RD,L,3.17
kommun,1444,2022,RD,C,9.33
kommun,1444,2022,RD,V,2.64
kommun,1444,2022,RD,MP,2.38
kommun,1444,2022,RD,KD,6.77
kommun,1444,2022,RD,SD,29.44
kommun,1444,2022,RF,M,22.36
kommun,1444,2022,RF,S,24.42
kommun,1444,2022,RF,L,3.35
kommun,1444,2022,RF,C,12.39
kommun,1444,2022,RF,V,3.43
kommun,1444,2022,RF,MP,2.35
kommun,1444,2022,RF,KD,8.89
kommun,1444,2022,RF,SD,20.81
kommun,1445,2022,KF,M,46.8
kommun,1445,2022,KF,S,20.81
kommun,1445,2022,KF,C,6.85
kommun,1445,2022,KF,V,3.97
kommun,1445,2022,KF,MP,2.14
kommun,1445,2022,KF,KD,2.46
kommun,1445,2022,KF,SD,16.34
kommun,1445,2022,RD,M,20.25
kommun,1445,2022,RD,S,26.95
kommun,1445,2022,RD,L,1.87
kommun,1445,2022,RD,C,8.16
kommun,1445,2022,RD,V,3.54
kommun,1445,2022,RD,MP,2.46
kommun,1445,2022,RD,KD,5.94
kommun,1445,2022,RD,SD,29.91
kommun,1445,2022,RF,M,24.57
kommun,1445,2022,RF,S,26.93
kommun,1445,2022,RF,L,1.95
kommun,1445,2022,RF,C,9.07
kommun,1445,2022,RF,V,4.23
kommun,1445,2022,RF,MP,2.14
kommun,1445,2022,RF,KD,8.22
kommun,1445,2022,RF,SD,20.71
kommun,1445,2022,RF,Sjukvårdspartiet - Västra Götaland,1.17
kommun,1446,2022,KF,M,21.85
kommun,1446,2022,KF,S,31.34
kommun,1446,2022,KF,L,7.22
kommun,1446,2022,KF,C,15.21
kommun,1446,2022,KF,V,3.08
kommun,1446,2022,KF,KD,7.64
kommun,1446,2022,KF,SD,12.9
kommun,1446,2022,RD,M,16.65
kommun,1446,2022,RD,S,30.44
kommun,1446,2022,RD,L,4.14
kommun,1446,2022,RD,C,6.88
kommun,1446,2022,RD,V,3.48
kommun,1446,2022,RD,MP,2.48
kommun,1446,2022,RD,KD,8.34
kommun,1446,2022,RD,SD,26.67
kommun,1446,2022,RF,M,17.13
kommun,1446,2022,RF,S,31.08
kommun,1446,2022,RF,L,4.71
kommun,1446,2022,RF,C,8.99
kommun,1446,2022,RF,V,4.07
kommun,1446,2022,RF,MP,1.74
kommun,1446,2022,RF,KD,12.42
kommun,1446,2022,RF,SD,17.26
kommun,1447,2022,KF,M,30.46
kommun,1447,2022,KF,S,31.98
kommun,1447,2022,KF,L,3.49
kommun,1447,2022,KF,C,6.29
kommun,1447,2022,KF,V,4.47
kommun,1447,2022,KF,MP,1.49
kommun,1447,2022,KF,KD,2.09
kommun,1447,2022,KF,SD,14.08
kommun,1447,2022,KF,Feministiskt initiativ,4.27
kommun,1447,2022,KF,Alternativ för Sverige,1.19
kommun,1447,2022,RD,M,14.22
kommun,1447,2022,RD,S,34.53
kommun,1447,2022,RD,L,2.24
kommun,1447,2022,RD,C,5.91
kommun,1447,2022,RD,V,4.64
kommun,1447,2022,RD,MP,2.24
kommun,1447,2022,RD,KD,4.97
kommun,1447,2022,RD,SD,29.43
kommun,1447,2022,RF,M,18.26
kommun,1447,2022,RF,S,35.66
kommun,1447,2022,RF,L,2.61
kommun,1447,2022,RF,C,5.75
kommun,1447,2022,RF,V,5.5
kommun,1447,2022,RF,MP,1.97
kommun,1447,2022,RF,KD,8.12
kommun,1447,2022,RF,SD,18.91
kommun,1447,2022,RF,Alternativ för Sverige,1.05
kommun,1452,2022,KF,M,16.54
kommun,1452,2022,KF,S,30.2
kommun,1452,2022,KF,L,3.07
kommun,1452,2022,KF,C,20.85
kommun,1452,2022,KF,V,3.89
kommun,1452,2022,KF,MP,2.87
kommun,1452,2022,KF,KD,5.87
kommun,1452,2022,KF,SD,16.43
kommun,1452,2022,RD,M,19.13
kommun,1452,2022,RD,S,29.97
kommun,1452,2022,RD,L,2.85
kommun,1452,2022,RD,C,8.72
kommun,1452,2022,RD,V,4.06
kommun,1452,2022,RD,MP,3.04
kommun,1452,2022,RD,KD,6.52
kommun,1452,2022,RD,SD,24.32
kommun,1452,2022,RF,M,17.96
kommun,1452,2022,RF,S,31.08
kommun,1452,2022,RF,L,2.95
kommun,1452,2022,RF,C,12.81
kommun,1452,2022,RF,V,5.06
kommun,1452,2022,RF,MP,2.22
kommun,1452,2022,RF,KD,8.8
kommun,1452,2022,RF,SD,16.99
kommun,1460,2022,KF,M,32.0
kommun,1460,2022,KF,S,31.7
kommun,1460,2022,KF,L,2.74
kommun,1460,2022,KF,C,9.73
kommun,1460,2022,KF,V,4.31
kommun,1460,2022,KF,MP,1.2
kommun,1460,2022,KF,KD,3.55
kommun,1460,2022,KF,SD,14.58
kommun,1460,2022,RD,M,14.26
kommun,1460,2022,RD,S,32.59
kommun,1460,2022,RD,L,2.41
kommun,1460,2022,RD,C,5.94
kommun,1460,2022,RD,V,4.45
kommun,1460,2022,RD,MP,3.29
kommun,1460,2022,RD,KD,6.51
kommun,1460,2022,RD,SD,29.71
kommun,1460,2022,RF,M,17.73
kommun,1460,2022,RF,S,33.59
kommun,1460,2022,RF,L,2.32
kommun,1460,2022,RF,C,9.72
kommun,1460,2022,RF,V,5.75
kommun,1460,2022,RF,MP,2.14
kommun,1460,2022,RF,KD,8.12
kommun,1460,2022,RF,SD,18.84
kommun,1461,2022,KF,M,20.44
kommun,1461,2022,KF,S,24.35
kommun,1461,2022,KF,C,16.13
kommun,1461,2022,KF,V,3.96
kommun,1461,2022,KF,KD,5.73
kommun,1461,2022,KF,SD,21.83
kommun,1461,2022,KF,KommunPartiet Mellerud,5.25
kommun,1461,2022,KF,MP,1.2
kommun,1461,2022,RD,M,17.22
kommun,1461,2022,RD,S,26.03
kommun,1461,2022,RD,L,2.32
kommun,1461,2022,RD,C,7.41
kommun,1461,2022,RD,V,3.38
kommun,1461,2022,RD,MP,2.65
kommun,1461,2022,RD,KD,6.78
kommun,1461,2022,RD,SD,32.36
kommun,1461,2022,RF,M,17.38
kommun,1461,2022,RF,S,27.48
kommun,1461,2022,RF,L,1.72
kommun,1461,2022,RF,C,10.06
kommun,1461,2022,RF,V,4.37
kommun,1461,2022,RF,MP,1.77
kommun,1461,2022,RF,KD,9.73
kommun,1461,2022,RF,SD,24.48
kommun,1462,2022,KF,M,12.53
kommun,1462,2022,KF,S,22.02
kommun,1462,2022,KF,L,1.61
kommun,1462,2022,KF,C,16.32
kommun,1462,2022,KF,V,7.25
kommun,1462,2022,KF,KD,3.65
kommun,1462,2022,KF,SD,31.38
kommun,1462,2022,KF,Edetlistan,4.05
kommun,1462,2022,RD,M,13.25
kommun,1462,2022,RD,S,28.81
kommun,1462,2022,RD,L,2.52
kommun,1462,2022,RD,C,4.87
kommun,1462,2022,RD,V,5.75
kommun,1462,2022,RD,MP,2.26
kommun,1462,2022,RD,KD,5.45
kommun,1462,2022,RD,SD,35.28
kommun,1462,2022,RF,M,13.46
kommun,1462,2022,RF,S,27.57
kommun,1462,2022,RF,L,2.39
kommun,1462,2022,RF,C,6.53
kommun,1462,2022,RF,V,7.6
kommun,1462,2022,RF,MP,1.62
kommun,1462,2022,RF,KD,6.61
kommun,1462,2022,RF,SD,32.07
kommun,1463,2022,KF,M,20.07
kommun,1463,2022,KF,S,29.43
kommun,1463,2022,KF,L,2.79
kommun,1463,2022,KF,C,11.46
kommun,1463,2022,KF,V,6.87
kommun,1463,2022,KF,MP,2.57
kommun,1463,2022,KF,KD,7.88
kommun,1463,2022,KF,SD,18.59
kommun,1463,2022,RD,M,16.49
kommun,1463,2022,RD,S,30.53
kommun,1463,2022,RD,L,3.19
kommun,1463,2022,RD,C,7.57
kommun,1463,2022,RD,V,5.36
kommun,1463,2022,RD,MP,3.42
kommun,1463,2022,RD,KD,6.88
kommun,1463,2022,RD,SD,24.86
kommun,1463,2022,RF,M,16.95
kommun,1463,2022,RF,S,31.33
kommun,1463,2022,RF,L,3.09
kommun,1463,2022,RF,C,8.27
kommun,1463,2022,RF,V,6.8
kommun,1463,2022,RF,MP,2.28
kommun,1463,2022,RF,KD,9.38
kommun,1463,2022,RF,SD,19.08
kommun,1465,2022,KF,M,18.74
kommun,1465,2022,KF,S,24.61
kommun,1465,2022,KF,L,3.2
kommun,1465,2022,KF,C,9.72
kommun,1465,2022,KF,V,3.8
kommun,1465,2022,KF,MP,2.28
kommun,1465,2022,KF,KD,5.86
kommun,1465,2022,KF,SD,20.89
kommun,1465,2022,KF,Landsbygdspartiet Oberoende,10.73
kommun,1465,2022,RD,M,17.64
kommun,1465,2022,RD,S,25.43
kommun,1465,2022,RD,L,3.09
kommun,1465,2022,RD,C,6.72
kommun,1465,2022,RD,V,3.68
kommun,1465,2022,RD,MP,2.73
kommun,1465,2022,RD,KD,7.89
kommun,1465,2022,RD,SD,31.68
kommun,1465,2022,RF,M,17.38
kommun,1465,2022,RF,S,26.28
kommun,1465,2022,RF,L,3.7
kommun,1465,2022,RF,C,8.18
kommun,1465,2022,RF,V,4.87
kommun,1465,2022,RF,MP,2.05
kommun,1465,2022,RF,KD,11.46
kommun,1465,2022,RF,SD,23.65
kommun,1465,2022,RF,Demokraterna,1.16
kommun,1466,2022,KF,M,18.09
kommun,1466,2022,KF,S,22.77
kommun,1466,2022,KF,L,3.87
kommun,1466,2022,KF,C,19.04
kommun,1466,2022,KF,V,7.27
kommun,1466,2022,KF,MP,1.92
kommun,1466,2022,KF,KD,8.0
kommun,1466,2022,KF,SD,18.7
kommun,1466,2022,RD,M,16.33
kommun,1466,2022,RD,S,25.99
kommun,1466,2022,RD,L,3.7
kommun,1466,2022,RD,C,9.11
kommun,1466,2022,RD,V,4.67
kommun,1466,2022,RD,MP,2.73
kommun,1466,2022,RD,KD,9.39
kommun,1466,2022,RD,SD,26.4
kommun,1466,2022,RF,M,16.85
kommun,1466,2022,RF,S,26.03
kommun,1466,2022,RF,L,4.22
kommun,1466,2022,RF,C,11.11
kommun,1466,2022,RF,V,6.6
kommun,1466,2022,RF,MP,1.85
kommun,1466,2022,RF,KD,11.41
kommun,1466,2022,RF,SD,19.3
kommun,1470,2022,KF,M,31.75
kommun,1470,2022,KF,S,23.55
kommun,1470,2022,KF,L,1.29
kommun,1470,2022,KF,C,7.85
kommun,1470,2022,KF,V,4.05
kommun,1470,2022,KF,KD,2.56
kommun,1470,2022,KF,SD,17.82
kommun,1470,2022,KF,Hela Vara kommuns bästa,10.2
kommun,1470,2022,RD,M,22.04
kommun,1470,2022,RD,S,25.02
kommun,1470,2022,RD,L,2.64
kommun,1470,2022,RD,C,7.5
kommun,1470,2022,RD,V,3.8
kommun,1470,2022,RD,MP,1.83
kommun,1470,2022,RD,KD,6.44
kommun,1470,2022,RD,SD,29.9
kommun,1470,2022,RF,M,25.67
kommun,1470,2022,RF,S,25.24
kommun,1470,2022,RF,L,2.62
kommun,1470,2022,RF,C,8.62
kommun,1470,2022,RF,V,4.69
kommun,1470,2022,RF,MP,1.33
kommun,1470,2022,RF,KD,7.52
kommun,1470,2022,RF,SD,21.66
kommun,1470,2022,RF,Sjukvårdspartiet - Västra Götaland,1.18
kommun,1471,2022,KF,M,13.21
kommun,1471,2022,KF,S,29.21
kommun,1471,2022,KF,L,2.78
kommun,1471,2022,KF,C,10.35
kommun,1471,2022,KF,V,6.94
kommun,1471,2022,KF,MP,2.3
kommun,1471,2022,KF,KD,5.82
kommun,1471,2022,KF,Götenes framtid,14.56
kommun,1471,2022,KF,SD,14.74
kommun,1471,2022,RD,M,16.1
kommun,1471,2022,RD,S,32.22
kommun,1471,2022,RD,L,3.18
kommun,1471,2022,RD,C,7.5
kommun,1471,2022,RD,V,4.4
kommun,1471,2022,RD,MP,3.92
kommun,1471,2022,RD,KD,8.07
kommun,1471,2022,RD,SD,23.42
kommun,1471,2022,RF,M,15.47
kommun,1471,2022,RF,S,32.55
kommun,1471,2022,RF,L,4.1
kommun,1471,2022,RF,C,8.24
kommun,1471,2022,RF,V,6.75
kommun,1471,2022,RF,MP,2.33
kommun,1471,2022,RF,KD,10.45
kommun,1471,2022,RF,SD,17.52
kommun,1471,2022,RF,Sjukvårdspartiet - Västra Götaland,1.09
kommun,1472,2022,KF,M,16.65
kommun,1472,2022,KF,S,31.37
kommun,1472,2022,KF,L,7.08
kommun,1472,2022,KF,C,7.57
kommun,1472,2022,KF,V,3.45
kommun,1472,2022,KF,MP,1.73
kommun,1472,2022,KF,KD,8.76
kommun,1472,2022,KF,SD,23.02
kommun,1472,2022,RD,M,16.25
kommun,1472,2022,RD,S,31.68
kommun,1472,2022,RD,L,4.32
kommun,1472,2022,RD,C,6.26
kommun,1472,2022,RD,V,3.68
kommun,1472,2022,RD,MP,2.4
kommun,1472,2022,RD,KD,8.61
kommun,1472,2022,RD,SD,25.56
kommun,1472,2022,RF,M,15.45
kommun,1472,2022,RF,S,32.47
kommun,1472,2022,RF,L,5.01
kommun,1472,2022,RF,C,7.03
kommun,1472,2022,RF,V,4.45
kommun,1472,2022,RF,MP,1.64
kommun,1472,2022,RF,KD,11.18
kommun,1472,2022,RF,SD,21.22
kommun,1473,2022,KF,M,27.82
kommun,1473,2022,KF,S,29.55
kommun,1473,2022,KF,L,2.59
kommun,1473,2022,KF,C,13.21
kommun,1473,2022,KF,V,4.72
kommun,1473,2022,KF,KD,1.78
kommun,1473,2022,KF,SD,19.32
kommun,1473,2022,RD,M,17.34
kommun,1473,2022,RD,S,29.92
kommun,1473,2022,RD,L,2.4
kommun,1473,2022,RD,C,6.54
kommun,1473,2022,RD,V,3.88
kommun,1473,2022,RD,MP,2.25
kommun,1473,2022,RD,KD,5.65
kommun,1473,2022,RD,SD,29.85
kommun,1473,2022,RF,M,21.37
kommun,1473,2022,RF,S,30.97
kommun,1473,2022,RF,L,1.95
kommun,1473,2022,RF,C,8.5
kommun,1473,2022,RF,V,4.63
kommun,1473,2022,RF,MP,1.37
kommun,1473,2022,RF,KD,7.87
kommun,1473,2022,RF,SD,20.52
kommun,1480,2022,KF,M,17.12
kommun,1480,2022,KF,S,26.44
kommun,1480,2022,KF,L,5.54
kommun,1480,2022,KF,C,4.0
kommun,1480,2022,KF,V,15.82
kommun,1480,2022,KF,MP,5.99
kommun,1480,2022,KF,KD,4.15
kommun,1480,2022,KF,SD,10.75
kommun,1480,2022,KF,Demokraterna,6.14
kommun,1480,2022,KF,Partiet Nyans,1.48
kommun,1480,2022,RD,M,18.48
kommun,1480,2022,RD,S,27.65
kommun,1480,2022,RD,L,5.85
kommun,1480,2022,RD,C,5.86
kommun,1480,2022,RD,V,12.85
kommun,1480,2022,RD,MP,7.92
kommun,1480,2022,RD,KD,4.37
kommun,1480,2022,RD,SD,14.66
kommun,1480,2022,RD,Partiet Nyans,1.14
kommun,1480,2022,RF,M,16.99
kommun,1480,2022,RF,S,27.91
kommun,1480,2022,RF,L,5.27
kommun,1480,2022,RF,C,4.47
kommun,1480,2022,RF,V,16.61
kommun,1480,2022,RF,MP,4.99
kommun,1480,2022,RF,KD,5.6
kommun,1480,2022,RF,SD,10.82
kommun,1480,2022,RF,Demokraterna,4.26
kommun,1480,2022,RF,Partiet Nyans,1.45
kommun,1481,2022,KF,M,21.83
kommun,1481,2022,KF,S,27.62
kommun,1481,2022,KF,L,7.83
kommun,1481,2022,KF,C,7.08
kommun,1481,2022,KF,V,8.78
kommun,1481,2022,KF,MP,5.73
kommun,1481,2022,KF,KD,5.64
kommun,1481,2022,KF,SD,14.08
kommun,1481,2022,RD,M,21.22
kommun,1481,2022,RD,S,28.22
kommun,1481,2022,RD,L,6.38
kommun,1481,2022,RD,C,7.15
kommun,1481,2022,RD,V,6.97
kommun,1481,2022,RD,MP,6.16
kommun,1481,2022,RD,KD,4.86
kommun,1481,2022,RD,SD,17.66
kommun,1481,2022,RF,M,20.08
kommun,1481,2022,RF,S,28.74
kommun,1481,2022,RF,L,6.49
kommun,1481,2022,RF,C,6.0
kommun,1481,2022,RF,V,9.37
kommun,1481,2022,RF,MP,4.45
kommun,1481,2022,RF,KD,6.35
kommun,1481,2022,RF,SD,13.57
kommun,1481,2022,RF,Demokraterna,3.04
kommun,1482,2022,KF,M,18.79
kommun,1482,2022,KF,S,28.05
kommun,1482,2022,KF,L,6.26
kommun,1482,2022,KF,C,5.26
kommun,1482,2022,KF,V,6.03
kommun,1482,2022,KF,MP,3.15
kommun,1482,2022,KF,KD,6.47
kommun,1482,2022,KF,SD,18.27
kommun,1482,2022,KF,Utvecklingspartiet,7.13
kommun,1482,2022,RD,M,20.53
kommun,1482,2022,RD,S,28.13
kommun,1482,2022,RD,L,5.07
kommun,1482,2022,RD,C,6.27
kommun,1482,2022,RD,V,4.93
kommun,1482,2022,RD,MP,4.29
kommun,1482,2022,RD,KD,6.53
kommun,1482,2022,RD,SD,22.76
kommun,1482,2022,RF,M,19.11
kommun,1482,2022,RF,S,29.05
kommun,1482,2022,RF,L,5.33
kommun,1482,2022,RF,C,5.58
kommun,1482,2022,RF,V,6.69
kommun,1482,2022,RF,MP,2.96
kommun,1482,2022,RF,KD,8.9
kommun,1482,2022,RF,SD,18.2
kommun,1482,2022,RF,Demokraterna,1.8
kommun,1484,2022,KF,M,16.83
kommun,1484,2022,KF,S,24.94
kommun,1484,2022,KF,L,5.97
kommun,1484,2022,KF,C,4.28
kommun,1484,2022,KF,V,5.09
kommun,1484,2022,KF,MP,4.31
kommun,1484,2022,KF,KD,1.18
kommun,1484,2022,KF,SD,16.54
kommun,1484,2022,KF,Lysekilspartiet,15.02
kommun,1484,2022,KF,Kommunistiska Partiet,5.5
kommun,1484,2022,RD,M,16.26
kommun,1484,2022,RD,S,33.48
kommun,1484,2022,RD,L,4.37
kommun,1484,2022,RD,C,4.56
kommun,1484,2022,RD,V,5.05
kommun,1484,2022,RD,MP,4.36
kommun,1484,2022,RD,KD,5.21
kommun,1484,2022,RD,SD,25.25
kommun,1484,2022,RF,M,16.02
kommun,1484,2022,RF,S,32.16
kommun,1484,2022,RF,L,5.71
kommun,1484,2022,RF,C,4.73
kommun,1484,2022,RF,V,7.57
kommun,1484,2022,RF,MP,3.52
kommun,1484,2022,RF,KD,8.15
kommun,1484,2022,RF,SD,18.77
kommun,1484,2022,RF,Sjukvårdspartiet - Västra Götaland,1.48
kommun,1485,2022,KF,M,16.37
kommun,1485,2022,KF,S,27.54
kommun,1485,2022,KF,L,3.31
kommun,1485,2022,KF,C,5.42
kommun,1485,2022,KF,V,7.05
kommun,1485,2022,KF,MP,3.77
kommun,1485,2022,KF,KD,7.7
kommun,1485,2022,KF,SD,17.85
kommun,1485,2022,KF,Uddevallapartiet,10.3
kommun,1485,2022,RD,M,17.54
kommun,1485,2022,RD,S,30.96
kommun,1485,2022,RD,L,3.65
kommun,1485,2022,RD,C,5.05
kommun,1485,2022,RD,V,5.65
kommun,1485,2022,RD,MP,4.01
kommun,1485,2022,RD,KD,6.54
kommun,1485,2022,RD,SD,24.58
kommun,1485,2022,RF,M,16.84
kommun,1485,2022,RF,S,30.84
kommun,1485,2022,RF,L,3.81
kommun,1485,2022,RF,C,4.92
kommun,1485,2022,RF,V,7.49
kommun,1485,2022,RF,MP,3.06
kommun,1485,2022,RF,KD,9.9
kommun,1485,2022,RF,SD,19.18
kommun,1485,2022,RF,Partiet Nyans,1.07
kommun,1486,2022,KF,M,16.0
kommun,1486,2022,KF,S,27.52
kommun,1486,2022,KF,L,8.26
kommun,1486,2022,KF,C,8.92
kommun,1486,2022,KF,V,5.1
kommun,1486,2022,KF,MP,4.6
kommun,1486,2022,KF,KD,7.2
kommun,1486,2022,KF,SD,17.6
kommun,1486,2022,KF,Feministiskt initiativ,4.5
kommun,1486,2022,RD,M,17.28
kommun,1486,2022,RD,S,29.12
kommun,1486,2022,RD,L,4.81
kommun,1486,2022,RD,C,5.77
kommun,1486,2022,RD,V,4.92
kommun,1486,2022,RD,MP,4.47
kommun,1486,2022,RD,KD,6.48
kommun,1486,2022,RD,SD,25.65
kommun,1486,2022,RF,M,15.6
kommun,1486,2022,RF,S,27.49
kommun,1486,2022,RF,L,7.13
kommun,1486,2022,RF,C,8.18
kommun,1486,2022,RF,V,6.47
kommun,1486,2022,RF,MP,3.21
kommun,1486,2022,RF,KD,8.88
kommun,1486,2022,RF,SD,19.22
kommun,1486,2022,RF,Sjukvårdspartiet - Västra Götaland,1.17
kommun,1486,2022,RF,Feministiskt initiativ,1.36
kommun,1487,2022,KF,M,17.25
kommun,1487,2022,KF,S,29.33
kommun,1487,2022,KF,L,3.74
kommun,1487,2022,KF,C,7.32
kommun,1487,2022,KF,V,8.59
kommun,1487,2022,KF,MP,2.57
kommun,1487,2022,KF,KD,5.72
kommun,1487,2022,KF,SD,20.0
kommun,1487,2022,KF,Medborgarpartiet,5.0
kommun,1487,2022,RD,M,15.94
kommun,1487,2022,RD,S,32.77
kommun,1487,2022,RD,L,3.71
kommun,1487,2022,RD,C,5.63
kommun,1487,2022,RD,V,5.64
kommun,1487,2022,RD,MP,3.4
kommun,1487,2022,RD,KD,5.81
kommun,1487,2022,RD,SD,25.87
kommun,1487,2022,RF,M,15.77
kommun,1487,2022,RF,S,32.93
kommun,1487,2022,RF,L,3.81
kommun,1487,2022,RF,C,5.87
kommun,1487,2022,RF,V,7.52
kommun,1487,2022,RF,MP,2.41
kommun,1487,2022,RF,KD,8.84
kommun,1487,2022,RF,SD,20.31
kommun,1488,2022,KF,M,27.38
kommun,1488,2022,KF,S,34.77
kommun,1488,2022,KF,L,2.51
kommun,1488,2022,KF,C,5.61
kommun,1488,2022,KF,V,7.06
kommun,1488,2022,KF,MP,2.63
kommun,1488,2022,KF,KD,3.87
kommun,1488,2022,KF,SD,15.39
kommun,1488,2022,RD,M,19.01
kommun,1488,2022,RD,S,35.71
kommun,1488,2022,RD,L,3.36
kommun,1488,2022,RD,C,5.36
kommun,1488,2022,RD,V,6.13
kommun,1488,2022,RD,MP,3.5
kommun,1488,2022,RD,KD,4.77
kommun,1488,2022,RD,SD,20.82
kommun,1488,2022,RF,M,20.67
kommun,1488,2022,RF,S,36.78
kommun,1488,2022,RF,L,3.02
kommun,1488,2022,RF,C,5.23
kommun,1488,2022,RF,V,7.5
kommun,1488,2022,RF,MP,2.34
kommun,1488,2022,RF,KD,6.95
kommun,1488,2022,RF,SD,15.36
kommun,1489,2022,KF,M,18.76
kommun,1489,2022,KF,S,27.05
kommun,1489,2022,KF,L,7.42
kommun,1489,2022,KF,C,8.97
kommun,1489,2022,KF,V,9.81
kommun,1489,2022,KF,MP,4.88
kommun,1489,2022,KF,KD,7.74
kommun,1489,2022,KF,SD,14.3
kommun,1489,2022,RD,M,17.95
kommun,1489,2022,RD,S,29.77
kommun,1489,2022,RD,L,5.11
kommun,1489,2022,RD,C,6.96
kommun,1489,2022,RD,V,6.53
kommun,1489,2022,RD,MP,5.79
kommun,1489,2022,RD,KD,7.29
kommun,1489,2022,RD,SD,19.09
kommun,1489,2022,RF,M,16.99
kommun,1489,2022,RF,S,29.45
kommun,1489,2022,RF,L,6.03
kommun,1489,2022,RF,C,6.61
kommun,1489,2022,RF,V,9.35
kommun,1489,2022,RF,MP,4.08
kommun,1489,2022,RF,KD,9.93
kommun,1489,2022,RF,SD,14.35
kommun,1489,2022,RF,Demokraterna,1.52
kommun,1490,2022,KF,M,19.51
kommun,1490,2022,KF,S,29.12
kommun,1490,2022,KF,L,5.29
kommun,1490,2022,KF,C,5.95
kommun,1490,2022,KF,V,8.09
kommun,1490,2022,KF,MP,3.15
kommun,1490,2022,KF,KD,8.96
kommun,1490,2022,KF,SD,18.57
kommun,1490,2022,RD,M,20.14
kommun,1490,2022,RD,S,30.35
kommun,1490,2022,RD,L,4.23
kommun,1490,2022,RD,C,5.92
kommun,1490,2022,RD,V,6.15
kommun,1490,2022,RD,MP,3.75
kommun,1490,2022,RD,KD,6.3
kommun,1490,2022,RD,SD,21.46
kommun,1490,2022,RF,M,19.36
kommun,1490,2022,RF,S,30.82
kommun,1490,2022,RF,L,4.41
kommun,1490,2022,RF,C,5.77
kommun,1490,2022,RF,V,7.76
kommun,1490,2022,RF,MP,2.77
kommun,1490,2022,RF,KD,8.73
kommun,1490,2022,RF,SD,17.62
kommun,1491,2022,KF,M,17.88
kommun,1491,2022,KF,S,18.21
kommun,1491,2022,KF,L,3.91
kommun,1491,2022,KF,C,14.93
kommun,1491,2022,KF,V,5.07
kommun,1491,2022,KF,MP,2.83
kommun,1491,2022,KF,KD,5.64
kommun,1491,2022,KF,SD,15.45
kommun,1491,2022,KF,Nya Ulricehamn,15.88
kommun,1491,2022,RD,M,19.81
kommun,1491,2022,RD,S,27.01
kommun,1491,2022,RD,L,4.01
kommun,1491,2022,RD,C,9.0
kommun,1491,2022,RD,V,4.42
kommun,1491,2022,RD,MP,3.49
kommun,1491,2022,RD,KD,7.15
kommun,1491,2022,RD,SD,23.88
kommun,1491,2022,RF,M,21.36
kommun,1491,2022,RF,S,26.12
kommun,1491,2022,RF,L,4.05
kommun,1491,2022,RF,C,11.59
kommun,1491,2022,RF,V,5.57
kommun,1491,2022,RF,MP,2.43
kommun,1491,2022,RF,KD,9.42
kommun,1491,2022,RF,SD,16.98
kommun,1492,2022,KF,M,23.07
kommun,1492,2022,KF,S,24.24
kommun,1492,2022,KF,L,3.67
kommun,1492,2022,KF,C,10.77
kommun,1492,2022,KF,V,5.21
kommun,1492,2022,KF,MP,4.64
kommun,1492,2022,KF,KD,6.54
kommun,1492,2022,KF,SD,21.16
kommun,1492,2022,RD,M,15.66
kommun,1492,2022,RD,S,33.01
kommun,1492,2022,RD,L,2.91
kommun,1492,2022,RD,C,4.97
kommun,1492,2022,RD,V,5.23
kommun,1492,2022,RD,MP,3.12
kommun,1492,2022,RD,KD,5.73
kommun,1492,2022,RD,SD,28.22
kommun,1492,2022,RF,M,15.29
kommun,1492,2022,RF,S,33.14
kommun,1492,2022,RF,L,2.98
kommun,1492,2022,RF,C,6.86
kommun,1492,2022,RF,V,6.58
kommun,1492,2022,RF,MP,2.54
kommun,1492,2022,RF,KD,8.73
kommun,1492,2022,RF,SD,21.11
kommun,1492,2022,RF,Sjukvårdspartiet - Västra Götaland,1.29
kommun,1493,2022,KF,M,43.43
kommun,1493,2022,KF,S,28.45
kommun,1493,2022,KF,L,1.59
kommun,1493,2022,KF,C,4.9
kommun,1493,2022,KF,V,6.84
kommun,1493,2022,KF,MP,1.66
kommun,1493,2022,KF,KD,2.92
kommun,1493,2022,KF,SD,9.96
kommun,1493,2022,RD,M,20.35
kommun,1493,2022,RD,S,34.17
kommun,1493,2022,RD,L,2.42
kommun,1493,2022,RD,C,5.53
kommun,1493,2022,RD,V,4.56
kommun,1493,2022,RD,MP,3.16
kommun,1493,2022,RD,KD,5.78
kommun,1493,2022,RD,SD,22.91
kommun,1493,2022,RF,M,24.2
kommun,1493,2022,RF,S,34.47
kommun,1493,2022,RF,L,2.49
kommun,1493,2022,RF,C,5.26
kommun,1493,2022,RF,V,6.31
kommun,1493,2022,RF,MP,2.08
kommun,1493,2022,RF,KD,10.15
kommun,1493,2022,RF,SD,13.42
kommun,1494,2022,KF,M,20.13
kommun,1494,2022,KF,S,31.77
kommun,1494,2022,KF,L,6.78
kommun,1494,2022,KF,C,8.21
kommun,1494,2022,KF,V,7.5
kommun,1494,2022,KF,MP,3.15
kommun,1494,2022,KF,KD,7.89
kommun,1494,2022,KF,SD,14.35
kommun,1494,2022,RD,M,17.61
kommun,1494,2022,RD,S,34.08
kommun,1494,2022,RD,L,3.91
kommun,1494,2022,RD,C,6.42
kommun,1494,2022,RD,V,4.96
kommun,1494,2022,RD,MP,3.85
kommun,1494,2022,RD,KD,6.57
kommun,1494,2022,RD,SD,21.44
kommun,1494,2022,RF,M,17.04
kommun,1494,2022,RF,S,33.52
kommun,1494,2022,RF,L,6.85
kommun,1494,2022,RF,C,6.65
kommun,1494,2022,RF,V,7.18
kommun,1494,2022,RF,MP,2.47
kommun,1494,2022,RF,KD,9.19
kommun,1494,2022,RF,SD,15.04
kommun,1495,2022,KF,M,24.5
kommun,1495,2022,KF,S,30.01
kommun,1495,2022,KF,L,2.42
kommun,1495,2022,KF,C,7.94
kommun,1495,2022,KF,V,6.07
kommun,1495,2022,KF,MP,2.54
kommun,1495,2022,KF,KD,6.63
kommun,1495,2022,KF,SD,19.63
kommun,1495,2022,RD,M,18.78
kommun,1495,2022,RD,S,31.7
kommun,1495,2022,RD,L,3.15
kommun,1495,2022,RD,C,6.54
kommun,1495,2022,RD,V,4.65
kommun,1495,2022,RD,MP,3.49
kommun,1495,2022,RD,KD,5.98
kommun,1495,2022,RD,SD,24.5
kommun,1495,2022,RF,M,19.29
kommun,1495,2022,RF,S,31.5
kommun,1495,2022,RF,L,3.13
kommun,1495,2022,RF,C,7.45
kommun,1495,2022,RF,V,6.27
kommun,1495,2022,RF,MP,2.52
kommun,1495,2022,RF,KD,8.52
kommun,1495,2022,RF,SD,19.29
kommun,1496,2022,KF,M,20.79
kommun,1496,2022,KF,S,26.28
kommun,1496,2022,KF,L,3.61
kommun,1496,2022,KF,C,6.53
kommun,1496,2022,KF,V,5.49
kommun,1496,2022,KF,MP,2.65
kommun,1496,2022,KF,KD,5.33
kommun,1496,2022,KF,SD,14.49
kommun,1496,2022,KF,Skövdepartiet,14.48
kommun,1496,2022,RD,M,20.85
kommun,1496,2022,RD,S,31.24
kommun,1496,2022,RD,L,3.95
kommun,1496,2022,RD,C,6.46
kommun,1496,2022,RD,V,4.73
kommun,1496,2022,RD,MP,3.56
kommun,1496,2022,RD,KD,7.04
kommun,1496,2022,RD,SD,20.76
kommun,1496,2022,RF,M,20.37
kommun,1496,2022,RF,S,31.73
kommun,1496,2022,RF,L,4.26
kommun,1496,2022,RF,C,6.58
kommun,1496,2022,RF,V,6.3
kommun,1496,2022,RF,MP,2.4
kommun,1496,2022,RF,KD,9.84
kommun,1496,2022,RF,SD,15.91
kommun,1497,2022,KF,M,36.91
kommun,1497,2022,KF,S,24.53
kommun,1497,2022,KF,L,3.94
kommun,1497,2022,KF,C,6.78
kommun,1497,2022,KF,V,4.75
kommun,1497,2022,KF,KD,6.49
kommun,1497,2022,KF,SD,15.33
kommun,1497,2022,RD,M,18.65
kommun,1497,2022,RD,S,29.53
kommun,1497,2022,RD,L,3.47
kommun,1497,2022,RD,C,6.63
kommun,1497,2022,RD,V,3.99
kommun,1497,2022,RD,MP,4.44
kommun,1497,2022,RD,KD,9.45
kommun,1497,2022,RD,SD,22.6
kommun,1497,2022,RF,M,21.59
kommun,1497,2022,RF,S,28.98
kommun,1497,2022,RF,L,3.73
kommun,1497,2022,RF,C,6.78
kommun,1497,2022,RF,V,5.35
kommun,1497,2022,RF,MP,2.66
kommun,1497,2022,RF,KD,11.91
kommun,1497,2022,RF,SD,16.46
kommun,1498,2022,KF,M,14.07
kommun,1498,2022,KF,S,31.48
kommun,1498,2022,KF,L,9.32
kommun,1498,2022,KF,C,4.21
kommun,1498,2022,KF,V,4.0
kommun,1498,2022,KF,MP,2.17
kommun,1498,2022,KF,KD,5.34
kommun,1498,2022,KF,SD,13.66
kommun,1498,2022,KF,Vi Tidaholm,15.57
kommun,1498,2022,RD,M,13.7
kommun,1498,2022,RD,S,35.09
kommun,1498,2022,RD,L,3.06
kommun,1498,2022,RD,C,5.26
kommun,1498,2022,RD,V,4.01
kommun,1498,2022,RD,MP,2.56
kommun,1498,2022,RD,KD,7.59
kommun,1498,2022,RD,SD,27.64
kommun,1498,2022,RF,M,14.34
kommun,1498,2022,RF,S,37.46
kommun,1498,2022,RF,L,4.59
kommun,1498,2022,RF,C,5.46
kommun,1498,2022,RF,V,5.27
kommun,1498,2022,RF,MP,1.98
kommun,1498,2022,RF,KD,10.13
kommun,1498,2022,RF,SD,19.12
kommun,1499,2022,KF,M,22.15
kommun,1499,2022,KF,S,29.87
kommun,1499,2022,KF,L,2.72
kommun,1499,2022,KF,C,9.14
kommun,1499,2022,KF,V,5.81
kommun,1499,2022,KF,MP,2.52
kommun,1499,2022,KF,KD,7.16
kommun,1499,2022,KF,SD,20.21
kommun,1499,2022,RD,M,17.33
kommun,1499,2022,RD,S,29.73
kommun,1499,2022,RD,L,3.16
kommun,1499,2022,RD,C,7.12
kommun,1499,2022,RD,V,4.88
kommun,1499,2022,RD,MP,3.45
kommun,1499,2022,RD,KD,7.62
kommun,1499,2022,RD,SD,25.12
kommun,1499,2022,RF,M,17.61
kommun,1499,2022,RF,S,31.13
kommun,1499,2022,RF,L,2.99
kommun,1499,2022,RF,C,8.14
kommun,1499,2022,RF,V,6.16
kommun,1499,2022,RF,MP,2.39
kommun,1499,2022,RF,KD,9.96
kommun,1499,2022,RF,SD,19.6
kommun,1715,2022,KF,M,18.37
kommun,1715,2022,KF,S,32.81
kommun,1715,2022,KF,L,3.61
kommun,1715,2022,KF,C,12.9
kommun,1715,2022,KF,V,3.75
kommun,1715,2022,KF,MP,4.9
kommun,1715,2022,KF,KD,3.26
kommun,1715,2022,KF,SD,20.21
kommun,1715,2022,RD,M,16.48
kommun,1715,2022,RD,S,32.35
kommun,1715,2022,RD,L,3.39
kommun,1715,2022,RD,C,6.52
kommun,1715,2022,RD,V,3.84
kommun,1715,2022,RD,MP,3.38
kommun,1715,2022,RD,KD,5.54
kommun,1715,2022,RD,SD,27.76
kommun,1715,2022,RF,M,15.26
kommun,1715,2022,RF,S,34.77
kommun,1715,2022,RF,L,3.15
kommun,1715,2022,RF,C,6.74
kommun,1715,2022,RF,V,4.34
kommun,1715,2022,RF,KD,7.81
kommun,1715,2022,RF,SD,20.19
kommun,1715,2022,RF,Sjukvårdspartiet i Värmland,3.54
kommun,1715,2022,RF,MP,3.32
kommun,1730,2022,KF,M,14.7
kommun,1730,2022,KF,S,25.37
kommun,1730,2022,KF,L,3.22
kommun,1730,2022,KF,C,14.7
kommun,1730,2022,KF,V,4.38
kommun,1730,2022,KF,KD,8.14
kommun,1730,2022,KF,SD,16.76
kommun,1730,2022,KF,Hela Edas Lista,7.69
kommun,1730,2022,KF,Sjukvårdspartiet i Värmland,4.34
kommun,1730,2022,RD,M,14.05
kommun,1730,2022,RD,S,33.36
kommun,1730,2022,RD,L,2.13
kommun,1730,2022,RD,C,6.18
kommun,1730,2022,RD,V,3.03
kommun,1730,2022,RD,MP,1.37
kommun,1730,2022,RD,KD,9.14
kommun,1730,2022,RD,SD,29.91
kommun,1730,2022,RF,M,13.7
kommun,1730,2022,RF,S,32.7
kommun,1730,2022,RF,L,2.39
kommun,1730,2022,RF,C,8.69
kommun,1730,2022,RF,V,3.98
kommun,1730,2022,RF,MP,1.37
kommun,1730,2022,RF,KD,10.49
kommun,1730,2022,RF,SD,19.67
kommun,1730,2022,RF,Sjukvårdspartiet i Värmland,5.81
kommun,1730,2022,RF,Värmlandslistan,1.01
kommun,1737,2022,KF,M,17.81
kommun,1737,2022,KF,S,31.16
kommun,1737,2022,KF,C,10.12
kommun,1737,2022,KF,V,4.99
kommun,1737,2022,KF,MP,1.27
kommun,1737,2022,KF,KD,5.02
kommun,1737,2022,KF,SD,15.1
kommun,1737,2022,KF,Nordvärmlands kommunparti,2.3
kommun,1737,2022,KF,De Oberoende i Torsby,11.4
kommun,1737,2022,RD,M,16.22
kommun,1737,2022,RD,S,32.8
kommun,1737,2022,RD,L,2.34
kommun,1737,2022,RD,C,5.91
kommun,1737,2022,RD,V,4.17
kommun,1737,2022,RD,MP,2.06
kommun,1737,2022,RD,KD,6.41
kommun,1737,2022,RD,SD,28.93
kommun,1737,2022,RF,M,15.78
kommun,1737,2022,RF,S,35.17
kommun,1737,2022,RF,L,1.9
kommun,1737,2022,RF,C,8.1
kommun,1737,2022,RF,V,4.84
kommun,1737,2022,RF,MP,1.45
kommun,1737,2022,RF,KD,8.21
kommun,1737,2022,RF,SD,18.94
kommun,1737,2022,RF,Sjukvårdspartiet i Värmland,4.44
kommun,1760,2022,KF,M,25.71
kommun,1760,2022,KF,S,32.06
kommun,1760,2022,KF,C,10.79
kommun,1760,2022,KF,V,8.02
kommun,1760,2022,KF,KD,3.39
kommun,1760,2022,KF,SD,17.8
kommun,1760,2022,RD,M,14.05
kommun,1760,2022,RD,S,36.12
kommun,1760,2022,RD,L,2.04
kommun,1760,2022,RD,C,4.62
kommun,1760,2022,RD,V,4.31
kommun,1760,2022,RD,MP,2.08
kommun,1760,2022,RD,KD,4.35
kommun,1760,2022,RD,SD,30.88
kommun,1760,2022,RF,M,16.55
kommun,1760,2022,RF,S,37.18
kommun,1760,2022,RF,L,1.84
kommun,1760,2022,RF,C,5.41
kommun,1760,2022,RF,V,5.84
kommun,1760,2022,RF,KD,6.08
kommun,1760,2022,RF,SD,19.76
kommun,1760,2022,RF,Sjukvårdspartiet i Värmland,5.25
kommun,1761,2022,KF,M,23.29
kommun,1761,2022,KF,S,36.34
kommun,1761,2022,KF,L,6.4
kommun,1761,2022,KF,C,5.41
kommun,1761,2022,KF,V,4.56
kommun,1761,2022,KF,MP,5.72
kommun,1761,2022,KF,KD,6.22
kommun,1761,2022,KF,SD,9.78
kommun,1761,2022,KF,Sans o Balans,2.07
kommun,1761,2022,RD,M,20.53
kommun,1761,2022,RD,S,37.22
kommun,1761,2022,RD,L,5.41
kommun,1761,2022,RD,C,6.86
kommun,1761,2022,RD,V,3.37
kommun,1761,2022,RD,MP,4.37
kommun,1761,2022,RD,KD,5.24
kommun,1761,2022,RD,SD,16.07
kommun,1761,2022,RF,M,19.17
kommun,1761,2022,RF,S,40.32
kommun,1761,2022,RF,L,5.1
kommun,1761,2022,RF,C,5.17
kommun,1761,2022,RF,V,4.47
kommun,1761,2022,RF,MP,2.97
kommun,1761,2022,RF,KD,8.26
kommun,1761,2022,RF,SD,10.52
kommun,1761,2022,RF,Sjukvårdspartiet i Värmland,2.82
kommun,1761,2022,RF,Värmlandslistan,1.02
kommun,1762,2022,KF,M,2.94
kommun,1762,2022,KF,S,58.34
kommun,1762,2022,KF,L,2.51
kommun,1762,2022,KF,C,11.19
kommun,1762,2022,KF,V,7.0
kommun,1762,2022,KF,KD,1.08
kommun,1762,2022,KF,SD,15.82
kommun,1762,2022,RD,M,10.31
kommun,1762,2022,RD,S,44.04
kommun,1762,2022,RD,L,2.44
kommun,1762,2022,RD,C,5.56
kommun,1762,2022,RD,V,5.11
kommun,1762,2022,RD,MP,2.09
kommun,1762,2022,RD,KD,4.4
kommun,1762,2022,RD,SD,24.89
kommun,1762,2022,RF,M,6.17
kommun,1762,2022,RF,S,50.79
kommun,1762,2022,RF,L,2.36
kommun,1762,2022,RF,C,5.74
kommun,1762,2022,RF,V,5.95
kommun,1762,2022,RF,MP,1.8
kommun,1762,2022,RF,KD,5.34
kommun,1762,2022,RF,SD,17.56
kommun,1762,2022,RF,Sjukvårdspartiet i Värmland,3.5
kommun,1763,2022,KF,M,14.2
kommun,1763,2022,KF,S,42.32
kommun,1763,2022,KF,L,2.91
kommun,1763,2022,KF,C,7.52
kommun,1763,2022,KF,V,4.84
kommun,1763,2022,KF,MP,1.81
kommun,1763,2022,KF,KD,5.19
kommun,1763,2022,KF,SD,18.29
kommun,1763,2022,KF,Kommunens Bästa,2.81
kommun,1763,2022,RD,M,14.23
kommun,1763,2022,RD,S,37.73
kommun,1763,2022,RD,L,2.33
kommun,1763,2022,RD,C,5.0
kommun,1763,2022,RD,V,4.25
kommun,1763,2022,RD,MP,2.77
kommun,1763,2022,RD,KD,5.91
kommun,1763,2022,RD,SD,26.68
kommun,1763,2022,RF,M,12.53
kommun,1763,2022,RF,S,41.25
kommun,1763,2022,RF,L,2.31
kommun,1763,2022,RF,C,4.87
kommun,1763,2022,RF,V,5.21
kommun,1763,2022,RF,MP,1.59
kommun,1763,2022,RF,KD,7.4
kommun,1763,2022,RF,SD,19.9
kommun,1763,2022,RF,Sjukvårdspartiet i Värmland,3.78
kommun,1763,2022,RF,Värmlandslistan,1.01
kommun,1764,2022,KF,M,19.13
kommun,1764,2022,KF,S,46.47
kommun,1764,2022,KF,C,6.72
kommun,1764,2022,KF,V,3.76
kommun,1764,2022,KF,MP,2.05
kommun,1764,2022,KF,KD,1.53
kommun,1764,2022,KF,SD,18.77
kommun,1764,2022,RD,M,14.26
kommun,1764,2022,RD,S,37.88
kommun,1764,2022,RD,L,1.77
kommun,1764,2022,RD,C,5.11
kommun,1764,2022,RD,V,4.31
kommun,1764,2022,RD,MP,1.81
kommun,1764,2022,RD,KD,4.37
kommun,1764,2022,RD,SD,29.45
kommun,1764,2022,RF,M,14.0
kommun,1764,2022,RF,S,42.62
kommun,1764,2022,RF,L,1.83
kommun,1764,2022,RF,C,5.16
kommun,1764,2022,RF,V,4.03
kommun,1764,2022,RF,MP,1.8
kommun,1764,2022,RF,KD,5.42
kommun,1764,2022,RF,SD,21.21
kommun,1764,2022,RF,Sjukvårdspartiet i Värmland,3.21
kommun,1765,2022,KF,M,10.61
kommun,1765,2022,KF,S,28.36
kommun,1765,2022,KF,L,3.84
kommun,1765,2022,KF,C,13.44
kommun,1765,2022,KF,V,1.86
kommun,1765,2022,KF,MP,2.75
kommun,1765,2022,KF,KD,27.4
kommun,1765,2022,KF,SD,11.74
kommun,1765,2022,RD,M,12.61
kommun,1765,2022,RD,S,23.92
kommun,1765,2022,RD,L,2.82
kommun,1765,2022,RD,C,6.99
kommun,1765,2022,RD,V,2.51
kommun,1765,2022,RD,MP,1.96
kommun,1765,2022,RD,KD,17.8
kommun,1765,2022,RD,SD,30.57
kommun,1765,2022,RF,M,11.38
kommun,1765,2022,RF,S,30.95
kommun,1765,2022,RF,L,3.56
kommun,1765,2022,RF,C,7.95
kommun,1765,2022,RF,V,2.26
kommun,1765,2022,RF,MP,1.61
kommun,1765,2022,RF,KD,22.98
kommun,1765,2022,RF,SD,16.31
kommun,1765,2022,RF,Sjukvårdspartiet i Värmland,2.36
kommun,1766,2022,KF,M,21.4
kommun,1766,2022,KF,S,21.36
kommun,1766,2022,KF,L,6.6
kommun,1766,2022,KF,C,17.72
kommun,1766,2022,KF,V,3.63
kommun,1766,2022,KF,MP,2.48
kommun,1766,2022,KF,KD,4.36
kommun,1766,2022,KF,SD,14.97
kommun,1766,2022,KF,Hela Sunne,7.34
kommun,1766,2022,RD,M,19.59
kommun,1766,2022,RD,S,28.06
kommun,1766,2022,RD,L,3.51
kommun,1766,2022,RD,C,9.54
kommun,1766,2022,RD,V,3.35
kommun,1766,2022,RD,MP,3.09
kommun,1766,2022,RD,KD,7.31
kommun,1766,2022,RD,SD,24.44
kommun,1766,2022,RF,M,17.97
kommun,1766,2022,RF,S,27.01
kommun,1766,2022,RF,L,4.45
kommun,1766,2022,RF,C,12.85
kommun,1766,2022,RF,V,4.37
kommun,1766,2022,RF,MP,2.86
kommun,1766,2022,RF,KD,8.93
kommun,1766,2022,RF,SD,16.88
kommun,1766,2022,RF,Sjukvårdspartiet i Värmland,3.98
kommun,1780,2022,KF,M,19.53
kommun,1780,2022,KF,S,36.56
kommun,1780,2022,KF,L,5.12
kommun,1780,2022,KF,C,5.73
kommun,1780,2022,KF,V,6.67
kommun,1780,2022,KF,MP,4.45
kommun,1780,2022,KF,KD,5.28
kommun,1780,2022,KF,SD,12.81
kommun,1780,2022,KF,Karlstadpartiet Livskvalitet,3.42
kommun,1780,2022,RD,M,19.56
kommun,1780,2022,RD,S,34.78
kommun,1780,2022,RD,L,4.73
kommun,1780,2022,RD,C,6.49
kommun,1780,2022,RD,V,6.16
kommun,1780,2022,RD,MP,5.11
kommun,1780,2022,RD,KD,4.79
kommun,1780,2022,RD,SD,17.28
kommun,1780,2022,RF,M,17.68
kommun,1780,2022,RF,S,37.88
kommun,1780,2022,RF,L,4.62
kommun,1780,2022,RF,C,5.59
kommun,1780,2022,RF,V,7.29
kommun,1780,2022,RF,MP,3.58
kommun,1780,2022,RF,KD,7.25
kommun,1780,2022,RF,SD,12.59
kommun,1780,2022,RF,Sjukvårdspartiet i Värmland,2.8
kommun,1781,2022,KF,M,16.6
kommun,1781,2022,KF,S,33.5
kommun,1781,2022,KF,L,11.84
kommun,1781,2022,KF,C,8.05
kommun,1781,2022,KF,V,7.4
kommun,1781,2022,KF,MP,2.42
kommun,1781,2022,KF,KD,3.38
kommun,1781,2022,KF,SD,16.57
kommun,1781,2022,RD,M,14.86
kommun,1781,2022,RD,S,36.35
kommun,1781,2022,RD,L,4.59
kommun,1781,2022,RD,C,5.95
kommun,1781,2022,RD,V,5.74
kommun,1781,2022,RD,MP,3.21
kommun,1781,2022,RD,KD,5.03
kommun,1781,2022,RD,SD,23.22
kommun,1781,2022,RF,M,14.01
kommun,1781,2022,RF,S,34.87
kommun,1781,2022,RF,L,5.81
kommun,1781,2022,RF,C,6.38
kommun,1781,2022,RF,V,6.49
kommun,1781,2022,RF,MP,2.18
kommun,1781,2022,RF,KD,6.13
kommun,1781,2022,RF,SD,16.46
kommun,1781,2022,RF,Sjukvårdspartiet i Värmland,6.93
kommun,1782,2022,KF,M,24.23
kommun,1782,2022,KF,S,40.32
kommun,1782,2022,KF,L,6.09
kommun,1782,2022,KF,C,3.38
kommun,1782,2022,KF,V,5.6
kommun,1782,2022,KF,MP,1.06
kommun,1782,2022,KF,SD,18.46
kommun,1782,2022,RD,M,14.53
kommun,1782,2022,RD,S,36.68
kommun,1782,2022,RD,L,2.45
kommun,1782,2022,RD,C,3.07
kommun,1782,2022,RD,V,5.14
kommun,1782,2022,RD,MP,1.63
kommun,1782,2022,RD,KD,4.94
kommun,1782,2022,RD,SD,30.38
kommun,1782,2022,RF,M,17.12
kommun,1782,2022,RF,S,40.3
kommun,1782,2022,RF,L,2.84
kommun,1782,2022,RF,C,3.3
kommun,1782,2022,RF,V,5.99
kommun,1782,2022,RF,MP,1.14
kommun,1782,2022,RF,KD,5.01
kommun,1782,2022,RF,SD,19.99
kommun,1782,2022,RF,Sjukvårdspartiet i Värmland,3.39
kommun,1783,2022,KF,M,2.48
kommun,1783,2022,KF,S,38.94
kommun,1783,2022,KF,L,1.15
kommun,1783,2022,KF,C,3.8
kommun,1783,2022,KF,V,3.32
kommun,1783,2022,KF,SD,7.42
kommun,1783,2022,KF,OBEROENDE REALISTER,41.82
kommun,1783,2022,RD,M,9.4
kommun,1783,2022,RD,S,43.18
kommun,1783,2022,RD,L,2.11
kommun,1783,2022,RD,C,4.26
kommun,1783,2022,RD,V,5.49
kommun,1783,2022,RD,MP,1.76
kommun,1783,2022,RD,KD,4.99
kommun,1783,2022,RD,SD,27.64
kommun,1783,2022,RF,M,8.44
kommun,1783,2022,RF,S,49.0
kommun,1783,2022,RF,L,2.1
kommun,1783,2022,RF,C,5.75
kommun,1783,2022,RF,V,5.61
kommun,1783,2022,RF,MP,1.27
kommun,1783,2022,RF,KD,6.75
kommun,1783,2022,RF,SD,16.61
kommun,1783,2022,RF,Sjukvårdspartiet i Värmland,3.68
kommun,1784,2022,KF,M,20.11
kommun,1784,2022,KF,S,36.56
kommun,1784,2022,KF,L,2.44
kommun,1784,2022,KF,C,6.74
kommun,1784,2022,KF,V,5.89
kommun,1784,2022,KF,MP,3.06
kommun,1784,2022,KF,KD,4.52
kommun,1784,2022,KF,SD,13.37
kommun,1784,2022,KF,Arvikapartiet,7.12
kommun,1784,2022,RD,M,16.9
kommun,1784,2022,RD,S,34.93
kommun,1784,2022,RD,L,2.92
kommun,1784,2022,RD,C,5.97
kommun,1784,2022,RD,V,5.43
kommun,1784,2022,RD,MP,4.18
kommun,1784,2022,RD,KD,5.54
kommun,1784,2022,RD,SD,23.26
kommun,1784,2022,RF,M,17.19
kommun,1784,2022,RF,S,37.52
kommun,1784,2022,RF,L,2.5
kommun,1784,2022,RF,C,5.7
kommun,1784,2022,RF,V,6.63
kommun,1784,2022,RF,MP,3.03
kommun,1784,2022,RF,KD,6.77
kommun,1784,2022,RF,SD,15.02
kommun,1784,2022,RF,Sjukvårdspartiet i Värmland,3.76
kommun,1784,2022,RF,Värmlandslistan,1.68
kommun,1785,2022,KF,M,14.28
kommun,1785,2022,KF,S,21.49
kommun,1785,2022,KF,L,2.17
kommun,1785,2022,KF,C,25.01
kommun,1785,2022,KF,V,3.2
kommun,1785,2022,KF,MP,2.05
kommun,1785,2022,KF,KD,5.75
kommun,1785,2022,KF,SD,19.27
kommun,1785,2022,KF,Sjukvårdspartiet i Värmland,5.58
kommun,1785,2022,RD,M,16.69
kommun,1785,2022,RD,S,28.04
kommun,1785,2022,RD,L,2.72
kommun,1785,2022,RD,C,9.06
kommun,1785,2022,RD,V,3.56
kommun,1785,2022,RD,MP,2.07
kommun,1785,2022,RD,KD,7.51
kommun,1785,2022,RD,SD,29.32
kommun,1785,2022,RF,M,14.89
kommun,1785,2022,RF,S,24.75
kommun,1785,2022,RF,L,2.16
kommun,1785,2022,RF,C,11.37
kommun,1785,2022,RF,V,3.69
kommun,1785,2022,RF,MP,1.45
kommun,1785,2022,RF,KD,8.21
kommun,1785,2022,RF,SD,20.48
kommun,1785,2022,RF,Sjukvårdspartiet i Värmland,12.19
kommun,1814,2022,KF,M,28.3
kommun,1814,2022,KF,S,19.61
kommun,1814,2022,KF,L,4.48
kommun,1814,2022,KF,C,15.48
kommun,1814,2022,KF,V,3.42
kommun,1814,2022,KF,MP,2.29
kommun,1814,2022,KF,KD,6.58
kommun,1814,2022,KF,SD,14.28
kommun,1814,2022,KF,Framtidspartiet i Lekeberg,5.23
kommun,1814,2022,RD,M,17.24
kommun,1814,2022,RD,S,25.33
kommun,1814,2022,RD,L,3.77
kommun,1814,2022,RD,C,9.52
kommun,1814,2022,RD,V,3.55
kommun,1814,2022,RD,MP,3.39
kommun,1814,2022,RD,KD,8.06
kommun,1814,2022,RD,SD,27.51
kommun,1814,2022,RF,M,19.83
kommun,1814,2022,RF,S,24.63
kommun,1814,2022,RF,L,3.44
kommun,1814,2022,RF,C,12.09
kommun,1814,2022,RF,V,4.6
kommun,1814,2022,RF,KD,8.26
kommun,1814,2022,RF,SD,16.98
kommun,1814,2022,RF,MP,2.74
kommun,1814,2022,RF,Örebropartiet,5.85
kommun,1860,2022,KF,M,12.11
kommun,1860,2022,KF,S,21.67
kommun,1860,2022,KF,C,25.92
kommun,1860,2022,KF,V,10.27
kommun,1860,2022,KF,MP,2.25
kommun,1860,2022,KF,KD,16.0
kommun,1860,2022,KF,SD,10.79
kommun,1860,2022,RD,M,12.25
kommun,1860,2022,RD,S,34.49
kommun,1860,2022,RD,L,2.89
kommun,1860,2022,RD,C,5.12
kommun,1860,2022,RD,V,4.76
kommun,1860,2022,RD,MP,2.12
kommun,1860,2022,RD,KD,6.25
kommun,1860,2022,RD,SD,30.69
kommun,1860,2022,RF,M,13.3
kommun,1860,2022,RF,S,32.84
kommun,1860,2022,RF,L,2.59
kommun,1860,2022,RF,C,8.23
kommun,1860,2022,RF,V,7.22
kommun,1860,2022,RF,MP,1.58
kommun,1860,2022,RF,KD,10.4
kommun,1860,2022,RF,SD,16.46
kommun,1860,2022,RF,Örebropartiet,6.31
kommun,1861,2022,KF,M,18.03
kommun,1861,2022,KF,S,37.3
kommun,1861,2022,KF,L,2.8
kommun,1861,2022,KF,C,8.18
kommun,1861,2022,KF,V,5.6
kommun,1861,2022,KF,MP,2.18
kommun,1861,2022,KF,KD,3.86
kommun,1861,2022,KF,SD,21.73
kommun,1861,2022,RD,M,14.69
kommun,1861,2022,RD,S,35.49
kommun,1861,2022,RD,L,2.9
kommun,1861,2022,RD,C,6.09
kommun,1861,2022,RD,V,4.77
kommun,1861,2022,RD,MP,2.94
kommun,1861,2022,RD,KD,4.62
kommun,1861,2022,RD,SD,27.24
kommun,1861,2022,RF,M,16.04
kommun,1861,2022,RF,S,36.17
kommun,1861,2022,RF,L,2.95
kommun,1861,2022,RF,C,6.43
kommun,1861,2022,RF,V,5.45
kommun,1861,2022,RF,MP,2.12
kommun,1861,2022,RF,KD,5.19
kommun,1861,2022,RF,SD,19.59
kommun,1861,2022,RF,Örebropartiet,5.3
kommun,1862,2022,KF,M,13.91
kommun,1862,2022,KF,S,22.6
kommun,1862,2022,KF,C,6.2
kommun,1862,2022,KF,V,30.27
kommun,1862,2022,KF,MP,2.0
kommun,1862,2022,KF,KD,4.77
kommun,1862,2022,KF,SD,19.04
kommun,1862,2022,RD,M,11.98
kommun,1862,2022,RD,S,39.64
kommun,1862,2022,RD,C,3.9
kommun,1862,2022,RD,V,7.75
kommun,1862,2022,RD,MP,2.36
kommun,1862,2022,RD,KD,4.15
kommun,1862,2022,RD,SD,26.61
kommun,1862,2022,RD,L,2.28
kommun,1862,2022,RF,M,16.34
kommun,1862,2022,RF,S,30.16
kommun,1862,2022,RF,L,1.8
kommun,1862,2022,RF,C,4.03
kommun,1862,2022,RF,V,16.95
kommun,1862,2022,RF,MP,1.68
kommun,1862,2022,RF,KD,5.24
kommun,1862,2022,RF,SD,17.78
kommun,1862,2022,RF,RÄDDA AKUTSJUKHUSEN,2.99
kommun,1862,2022,RF,Örebropartiet,2.66
kommun,1863,2022,KF,M,25.45
kommun,1863,2022,KF,S,28.01
kommun,1863,2022,KF,C,10.07
kommun,1863,2022,KF,V,11.41
kommun,1863,2022,KF,SD,16.8
kommun,1863,2022,KF,Grythyttelistan,6.05
kommun,1863,2022,RD,M,13.05
kommun,1863,2022,RD,S,38.27
kommun,1863,2022,RD,L,2.09
kommun,1863,2022,RD,C,4.23
kommun,1863,2022,RD,V,5.9
kommun,1863,2022,RD,MP,2.64
kommun,1863,2022,RD,KD,3.14
kommun,1863,2022,RD,SD,29.51
kommun,1863,2022,RF,M,17.74
kommun,1863,2022,RF,S,34.64
kommun,1863,2022,RF,C,7.84
kommun,1863,2022,RF,V,9.74
kommun,1863,2022,RF,MP,1.75
kommun,1863,2022,RF,KD,3.81
kommun,1863,2022,RF,SD,18.94
kommun,1863,2022,RF,Örebropartiet,2.28
kommun,1863,2022,RF,L,1.85
kommun,1864,2022,KF,M,18.86
kommun,1864,2022,KF,S,41.32
kommun,1864,2022,KF,V,6.67
kommun,1864,2022,KF,MP,1.05
kommun,1864,2022,KF,KD,1.01
kommun,1864,2022,KF,SD,28.15
kommun,1864,2022,KF,Volt Sverige,1.15
kommun,1864,2022,RD,M,13.71
kommun,1864,2022,RD,S,32.83
kommun,1864,2022,RD,L,1.76
kommun,1864,2022,RD,C,3.02
kommun,1864,2022,RD,V,5.45
kommun,1864,2022,RD,MP,1.93
kommun,1864,2022,RD,KD,4.15
kommun,1864,2022,RD,SD,34.87
kommun,1864,2022,RF,M,15.68
kommun,1864,2022,RF,S,33.2
kommun,1864,2022,RF,L,1.59
kommun,1864,2022,RF,C,3.4
kommun,1864,2022,RF,V,7.29
kommun,1864,2022,RF,MP,2.05
kommun,1864,2022,RF,KD,4.28
kommun,1864,2022,RF,SD,27.4
kommun,1864,2022,RF,Landsbygdspartiet Oberoende,1.24
kommun,1864,2022,RF,Örebropartiet,2.69
kommun,1880,2022,KF,M,17.01
kommun,1880,2022,KF,S,30.55
kommun,1880,2022,KF,L,6.8
kommun,1880,2022,KF,C,7.48
kommun,1880,2022,KF,V,8.43
kommun,1880,2022,KF,MP,3.72
kommun,1880,2022,KF,KD,5.86
kommun,1880,2022,KF,SD,10.7
kommun,1880,2022,KF,Örebropartiet,7.92
kommun,1880,2022,RD,M,17.52
kommun,1880,2022,RD,S,32.58
kommun,1880,2022,RD,L,5.91
kommun,1880,2022,RD,C,7.05
kommun,1880,2022,RD,V,7.33
kommun,1880,2022,RD,MP,5.19
kommun,1880,2022,RD,KD,5.62
kommun,1880,2022,RD,SD,17.05
kommun,1880,2022,RF,M,17.65
kommun,1880,2022,RF,S,32.56
kommun,1880,2022,RF,L,6.27
kommun,1880,2022,RF,C,6.78
kommun,1880,2022,RF,V,8.93
kommun,1880,2022,RF,MP,3.65
kommun,1880,2022,RF,KD,7.27
kommun,1880,2022,RF,SD,11.69
kommun,1880,2022,RF,Örebropartiet,4.11
kommun,1881,2022,KF,M,18.12
kommun,1881,2022,KF,S,33.01
kommun,1881,2022,KF,L,9.49
kommun,1881,2022,KF,C,8.74
kommun,1881,2022,KF,V,5.28
kommun,1881,2022,KF,MP,1.8
kommun,1881,2022,KF,KD,4.98
kommun,1881,2022,KF,SD,18.34
kommun,1881,2022,RD,M,17.28
kommun,1881,2022,RD,S,33.24
kommun,1881,2022,RD,L,4.74
kommun,1881,2022,RD,C,5.57
kommun,1881,2022,RD,V,4.26
kommun,1881,2022,RD,MP,2.56
kommun,1881,2022,RD,KD,5.57
kommun,1881,2022,RD,SD,25.59
kommun,1881,2022,RF,M,17.34
kommun,1881,2022,RF,S,33.6
kommun,1881,2022,RF,L,5.69
kommun,1881,2022,RF,C,6.33
kommun,1881,2022,RF,V,5.29
kommun,1881,2022,RF,MP,2.11
kommun,1881,2022,RF,KD,6.79
kommun,1881,2022,RF,SD,17.01
kommun,1881,2022,RF,Örebropartiet,5.23
kommun,1882,2022,KF,M,23.79
kommun,1882,2022,KF,S,32.51
kommun,1882,2022,KF,L,2.1
kommun,1882,2022,KF,C,7.44
kommun,1882,2022,KF,V,3.96
kommun,1882,2022,KF,MP,2.14
kommun,1882,2022,KF,KD,5.06
kommun,1882,2022,KF,SD,20.72
kommun,1882,2022,KF,Landsbygdspartiet Oberoende,2.13
kommun,1882,2022,RD,M,15.65
kommun,1882,2022,RD,S,32.03
kommun,1882,2022,RD,L,2.8
kommun,1882,2022,RD,C,6.46
kommun,1882,2022,RD,V,3.35
kommun,1882,2022,RD,MP,2.96
kommun,1882,2022,RD,KD,5.6
kommun,1882,2022,RD,SD,29.64
kommun,1882,2022,RF,M,20.08
kommun,1882,2022,RF,S,32.45
kommun,1882,2022,RF,L,2.48
kommun,1882,2022,RF,C,6.59
kommun,1882,2022,RF,V,4.3
kommun,1882,2022,RF,MP,2.24
kommun,1882,2022,RF,KD,6.81
kommun,1882,2022,RF,SD,19.9
kommun,1882,2022,RF,Örebropartiet,3.94
kommun,1883,2022,KF,M,37.06
kommun,1883,2022,KF,S,32.35
kommun,1883,2022,KF,L,2.55
kommun,1883,2022,KF,C,3.12
kommun,1883,2022,KF,V,5.72
kommun,1883,2022,KF,MP,2.93
kommun,1883,2022,KF,KD,3.32
kommun,1883,2022,KF,SD,12.36
kommun,1883,2022,RD,M,18.93
kommun,1883,2022,RD,S,37.44
kommun,1883,2022,RD,L,3.02
kommun,1883,2022,RD,C,4.06
kommun,1883,2022,RD,V,5.03
kommun,1883,2022,RD,MP,2.62
kommun,1883,2022,RD,KD,3.94
kommun,1883,2022,RD,SD,23.69
kommun,1883,2022,RF,M,27.17
kommun,1883,2022,RF,S,31.1
kommun,1883,2022,RF,L,2.58
kommun,1883,2022,RF,C,3.35
kommun,1883,2022,RF,V,6.33
kommun,1883,2022,RF,MP,2.01
kommun,1883,2022,RF,KD,4.65
kommun,1883,2022,RF,SD,12.85
kommun,1883,2022,RF,Örebropartiet,4.96
kommun,1883,2022,RF,RÄDDA AKUTSJUKHUSEN,4.35
kommun,1884,2022,KF,M,15.25
kommun,1884,2022,KF,S,29.36
kommun,1884,2022,KF,L,1.63
kommun,1884,2022,KF,C,5.76
kommun,1884,2022,KF,V,6.03
kommun,1884,2022,KF,MP,3.44
kommun,1884,2022,KF,KD,3.12
kommun,1884,2022,KF,SD,11.9
kommun,1884,2022,KF,Norapartiet,8.95
kommun,1884,2022,KF,Landsbygdspartiet Oberoende,14.01
kommun,1884,2022,RD,M,14.96
kommun,1884,2022,RD,S,32.94
kommun,1884,2022,RD,L,3.71
kommun,1884,2022,RD,C,6.03
kommun,1884,2022,RD,V,4.72
kommun,1884,2022,RD,MP,4.35
kommun,1884,2022,RD,KD,5.63
kommun,1884,2022,RD,SD,25.8
kommun,1884,2022,RF,M,14.86
kommun,1884,2022,RF,S,32.15
kommun,1884,2022,RF,L,3.35
kommun,1884,2022,RF,C,6.65
kommun,1884,2022,RF,V,6.23
kommun,1884,2022,RF,MP,3.38
kommun,1884,2022,RF,KD,6.62
kommun,1884,2022,RF,SD,15.06
kommun,1884,2022,RF,Landsbygdspartiet Oberoende,3.69
kommun,1884,2022,RF,Örebropartiet,6.58
kommun,1884,2022,RF,RÄDDA AKUTSJUKHUSEN,1.15
kommun,1885,2022,KF,M,19.07
kommun,1885,2022,KF,S,29.06
kommun,1885,2022,KF,L,3.13
kommun,1885,2022,KF,C,8.29
kommun,1885,2022,KF,V,6.68
kommun,1885,2022,KF,MP,2.44
kommun,1885,2022,KF,KD,4.34
kommun,1885,2022,KF,SD,22.84
kommun,1885,2022,KF,Landsbygdspartiet Oberoende,3.88
kommun,1885,2022,RD,M,15.53
kommun,1885,2022,RD,S,30.19
kommun,1885,2022,RD,L,2.69
kommun,1885,2022,RD,C,5.99
kommun,1885,2022,RD,V,5.1
kommun,1885,2022,RD,MP,3.25
kommun,1885,2022,RD,KD,5.39
kommun,1885,2022,RD,SD,30.12
kommun,1885,2022,RF,M,18.47
kommun,1885,2022,RF,S,27.91
kommun,1885,2022,RF,L,3.09
kommun,1885,2022,RF,C,6.7
kommun,1885,2022,RF,V,6.7
kommun,1885,2022,RF,MP,2.6
kommun,1885,2022,RF,KD,5.33
kommun,1885,2022,RF,SD,21.78
kommun,1885,2022,RF,Landsbygdspartiet Oberoende,1.33
kommun,1885,2022,RF,Örebropartiet,4.78
kommun,1904,2022,KF,M,7.24
kommun,1904,2022,KF,S,35.52
kommun,1904,2022,KF,L,19.06
kommun,1904,2022,KF,C,3.76
kommun,1904,2022,KF,V,8.55
kommun,1904,2022,KF,KD,1.67
kommun,1904,2022,KF,SD,23.78
kommun,1904,2022,RD,M,11.63
kommun,1904,2022,RD,S,34.37
kommun,1904,2022,RD,L,4.2
kommun,1904,2022,RD,C,4.09
kommun,1904,2022,RD,V,5.2
kommun,1904,2022,RD,MP,2.76
kommun,1904,2022,RD,KD,5.27
kommun,1904,2022,RD,SD,31.43
kommun,1904,2022,RF,M,11.04
kommun,1904,2022,RF,S,37.92
kommun,1904,2022,RF,L,6.95
kommun,1904,2022,RF,C,4.02
kommun,1904,2022,RF,V,6.76
kommun,1904,2022,RF,MP,1.13
kommun,1904,2022,RF,KD,6.51
kommun,1904,2022,RF,SD,25.3
kommun,1907,2022,KF,M,21.97
kommun,1907,2022,KF,S,35.39
kommun,1907,2022,KF,L,1.56
kommun,1907,2022,KF,C,5.73
kommun,1907,2022,KF,V,5.05
kommun,1907,2022,KF,MP,1.38
kommun,1907,2022,KF,KD,2.74
kommun,1907,2022,KF,SD,26.05
kommun,1907,2022,RD,M,13.89
kommun,1907,2022,RD,S,34.73
kommun,1907,2022,RD,L,2.51
kommun,1907,2022,RD,C,2.75
kommun,1907,2022,RD,V,5.04
kommun,1907,2022,RD,MP,1.92
kommun,1907,2022,RD,KD,4.43
kommun,1907,2022,RD,SD,33.73
kommun,1907,2022,RF,M,17.31
kommun,1907,2022,RF,S,36.77
kommun,1907,2022,RF,L,2.69
kommun,1907,2022,RF,C,3.01
kommun,1907,2022,RF,V,5.9
kommun,1907,2022,RF,MP,1.32
kommun,1907,2022,RF,KD,5.5
kommun,1907,2022,RF,SD,27.18
kommun,1960,2022,KF,M,16.43
kommun,1960,2022,KF,S,34.34
kommun,1960,2022,KF,L,3.78
kommun,1960,2022,KF,C,11.43
kommun,1960,2022,KF,V,5.02
kommun,1960,2022,KF,MP,1.25
kommun,1960,2022,KF,KD,6.03
kommun,1960,2022,KF,SD,21.5
kommun,1960,2022,RD,M,16.2
kommun,1960,2022,RD,S,32.02
kommun,1960,2022,RD,L,3.67
kommun,1960,2022,RD,C,5.19
kommun,1960,2022,RD,V,4.47
kommun,1960,2022,RD,MP,2.46
kommun,1960,2022,RD,KD,5.96
kommun,1960,2022,RD,SD,28.96
kommun,1960,2022,RF,M,16.58
kommun,1960,2022,RF,S,33.4
kommun,1960,2022,RF,L,4.58
kommun,1960,2022,RF,C,6.96
kommun,1960,2022,RF,V,5.74
kommun,1960,2022,RF,MP,1.48
kommun,1960,2022,RF,KD,8.33
kommun,1960,2022,RF,SD,22.39
kommun,1961,2022,KF,M,16.35
kommun,1961,2022,KF,S,37.74
kommun,1961,2022,KF,L,4.13
kommun,1961,2022,KF,C,5.82
kommun,1961,2022,KF,V,8.1
kommun,1961,2022,KF,MP,2.06
kommun,1961,2022,KF,KD,4.39
kommun,1961,2022,KF,SD,21.0
kommun,1961,2022,RD,M,14.8
kommun,1961,2022,RD,S,34.87
kommun,1961,2022,RD,L,2.89
kommun,1961,2022,RD,C,4.32
kommun,1961,2022,RD,V,5.94
kommun,1961,2022,RD,MP,2.61
kommun,1961,2022,RD,KD,4.86
kommun,1961,2022,RD,SD,28.17
kommun,1961,2022,RF,M,16.63
kommun,1961,2022,RF,S,36.26
kommun,1961,2022,RF,L,3.79
kommun,1961,2022,RF,C,4.97
kommun,1961,2022,RF,V,7.65
kommun,1961,2022,RF,MP,1.88
kommun,1961,2022,RF,KD,6.43
kommun,1961,2022,RF,SD,21.55
kommun,1962,2022,KF,M,11.51
kommun,1962,2022,KF,S,40.73
kommun,1962,2022,KF,L,5.5
kommun,1962,2022,KF,V,9.45
kommun,1962,2022,KF,KD,1.32
kommun,1962,2022,KF,Partiet för Norbergs Framtid,6.42
kommun,1962,2022,KF,Demokraterna i Norberg,23.75
kommun,1962,2022,KF,ej anmält deltagande,3.03
kommun,1962,2022,RD,M,14.27
kommun,1962,2022,RD,S,36.91
kommun,1962,2022,RD,L,3.12
kommun,1962,2022,RD,C,2.98
kommun,1962,2022,RD,V,7.69
kommun,1962,2022,RD,MP,2.9
kommun,1962,2022,RD,KD,4.6
kommun,1962,2022,RD,SD,25.79
kommun,1962,2022,RF,M,14.55
kommun,1962,2022,RF,S,43.32
kommun,1962,2022,RF,L,4.68
kommun,1962,2022,RF,C,3.27
kommun,1962,2022,RF,V,9.4
kommun,1962,2022,RF,MP,1.19
kommun,1962,2022,RF,KD,6.56
kommun,1962,2022,RF,SD,16.37
kommun,1980,2022,KF,M,24.69
kommun,1980,2022,KF,S,30.11
kommun,1980,2022,KF,L,6.48
kommun,1980,2022,KF,C,6.29
kommun,1980,2022,KF,V,8.37
kommun,1980,2022,KF,MP,2.88
kommun,1980,2022,KF,KD,4.94
kommun,1980,2022,KF,SD,14.9
kommun,1980,2022,RD,M,22.12
kommun,1980,2022,RD,S,30.95
kommun,1980,2022,RD,L,5.08
kommun,1980,2022,RD,C,5.82
kommun,1980,2022,RD,V,6.38
kommun,1980,2022,RD,MP,3.65
kommun,1980,2022,RD,KD,4.74
kommun,1980,2022,RD,SD,19.93
kommun,1980,2022,RF,M,23.88
kommun,1980,2022,RF,S,31.29
kommun,1980,2022,RF,L,5.82
kommun,1980,2022,RF,C,5.64
kommun,1980,2022,RF,V,8.56
kommun,1980,2022,RF,MP,2.4
kommun,1980,2022,RF,KD,6.82
kommun,1980,2022,RF,SD,14.82
kommun,1981,2022,KF,M,13.61
kommun,1981,2022,KF,S,30.11
kommun,1981,2022,KF,L,2.08
kommun,1981,2022,KF,C,12.18
kommun,1981,2022,KF,V,5.72
kommun,1981,2022,KF,MP,2.01
kommun,1981,2022,KF,KD,4.11
kommun,1981,2022,KF,SD,20.13
kommun,1981,2022,KF,Salas bästa,9.7
kommun,1981,2022,RD,M,16.8
kommun,1981,2022,RD,S,30.52
kommun,1981,2022,RD,L,2.97
kommun,1981,2022,RD,C,7.25
kommun,1981,2022,RD,V,5.34
kommun,1981,2022,RD,MP,2.98
kommun,1981,2022,RD,KD,5.59
kommun,1981,2022,RD,SD,27.19
kommun,1981,2022,RF,M,16.55
kommun,1981,2022,RF,S,32.3
kommun,1981,2022,RF,L,3.61
kommun,1981,2022,RF,C,10.27
kommun,1981,2022,RF,V,6.78
kommun,1981,2022,RF,MP,1.88
kommun,1981,2022,RF,KD,7.51
kommun,1981,2022,RF,SD,20.53
kommun,1982,2022,KF,M,15.84
kommun,1982,2022,KF,S,27.93
kommun,1982,2022,KF,L,2.77
kommun,1982,2022,KF,C,2.33
kommun,1982,2022,KF,V,26.48
kommun,1982,2022,KF,KD,1.37
kommun,1982,2022,KF,SD,22.64
kommun,1982,2022,RD,M,14.76
kommun,1982,2022,RD,S,35.56
kommun,1982,2022,RD,L,2.48
kommun,1982,2022,RD,C,3.3
kommun,1982,2022,RD,V,7.69
kommun,1982,2022,RD,MP,2.44
kommun,1982,2022,RD,KD,4.82
kommun,1982,2022,RD,SD,27.86
kommun,1982,2022,RF,M,15.59
kommun,1982,2022,RF,S,35.25
kommun,1982,2022,RF,L,3.42
kommun,1982,2022,RF,C,3.15
kommun,1982,2022,RF,V,13.51
kommun,1982,2022,RF,MP,1.05
kommun,1982,2022,RF,KD,6.27
kommun,1982,2022,RF,SD,21.13
kommun,1983,2022,KF,M,12.5
kommun,1983,2022,KF,S,31.0
kommun,1983,2022,KF,L,2.4
kommun,1983,2022,KF,C,6.74
kommun,1983,2022,KF,V,8.17
kommun,1983,2022,KF,MP,1.53
kommun,1983,2022,KF,KD,8.36
kommun,1983,2022,KF,SD,25.88
kommun,1983,2022,KF,Vanligt Folk i Köpings kommun,3.24
kommun,1983,2022,RD,M,14.67
kommun,1983,2022,RD,S,32.53
kommun,1983,2022,RD,L,2.76
kommun,1983,2022,RD,C,4.89
kommun,1983,2022,RD,V,6.32
kommun,1983,2022,RD,MP,2.21
kommun,1983,2022,RD,KD,6.37
kommun,1983,2022,RD,SD,29.18
kommun,1983,2022,RF,M,14.06
kommun,1983,2022,RF,S,33.38
kommun,1983,2022,RF,L,3.01
kommun,1983,2022,RF,C,5.76
kommun,1983,2022,RF,V,8.12
kommun,1983,2022,RF,MP,1.41
kommun,1983,2022,RF,KD,9.07
kommun,1983,2022,RF,SD,24.63
kommun,1984,2022,KF,M,19.7
kommun,1984,2022,KF,S,38.39
kommun,1984,2022,KF,L,4.47
kommun,1984,2022,KF,C,4.84
kommun,1984,2022,KF,V,5.06
kommun,1984,2022,KF,MP,2.51
kommun,1984,2022,KF,KD,3.82
kommun,1984,2022,KF,SD,19.67
kommun,1984,2022,KF,Omsorgspartiet i Arboga,1.38
kommun,1984,2022,RD,M,17.62
kommun,1984,2022,RD,S,33.8
kommun,1984,2022,RD,L,3.57
kommun,1984,2022,RD,C,5.22
kommun,1984,2022,RD,V,4.81
kommun,1984,2022,RD,MP,3.48
kommun,1984,2022,RD,KD,4.78
kommun,1984,2022,RD,SD,25.59
kommun,1984,2022,RF,M,19.02
kommun,1984,2022,RF,S,36.37
kommun,1984,2022,RF,L,4.55
kommun,1984,2022,RF,C,5.0
kommun,1984,2022,RF,V,6.27
kommun,1984,2022,RF,MP,2.26
kommun,1984,2022,RF,KD,6.04
kommun,1984,2022,RF,SD,19.98
kommun,2021,2022,KF,M,18.26
kommun,2021,2022,KF,S,24.3
kommun,2021,2022,KF,L,1.55
kommun,2021,2022,KF,C,20.13
kommun,2021,2022,KF,V,5.99
kommun,2021,2022,KF,KD,18.04
kommun,2021,2022,KF,SD,10.89
kommun,2021,2022,RD,M,14.08
kommun,2021,2022,RD,S,28.68
kommun,2021,2022,RD,L,1.91
kommun,2021,2022,RD,C,8.2
kommun,2021,2022,RD,V,4.81
kommun,2021,2022,RD,MP,1.87
kommun,2021,2022,RD,KD,10.66
kommun,2021,2022,RD,SD,28.29
kommun,2021,2022,RF,M,14.32
kommun,2021,2022,RF,S,28.98
kommun,2021,2022,RF,L,1.43
kommun,2021,2022,RF,C,11.34
kommun,2021,2022,RF,V,5.65
kommun,2021,2022,RF,MP,1.01
kommun,2021,2022,RF,KD,16.75
kommun,2021,2022,RF,SD,14.71
kommun,2021,2022,RF,Dalarnas Sjukvårdsparti,5.46
kommun,2023,2022,KF,M,23.98
kommun,2023,2022,KF,S,35.98
kommun,2023,2022,KF,L,2.79
kommun,2023,2022,KF,C,4.95
kommun,2023,2022,KF,V,5.4
kommun,2023,2022,KF,SD,14.29
kommun,2023,2022,KF,Landsbygdspartiet Oberoende,11.17
kommun,2023,2022,RD,M,18.86
kommun,2023,2022,RD,S,26.19
kommun,2023,2022,RD,L,3.27
kommun,2023,2022,RD,C,5.42
kommun,2023,2022,RD,V,4.11
kommun,2023,2022,RD,MP,1.89
kommun,2023,2022,RD,KD,6.48
kommun,2023,2022,RD,SD,32.12
kommun,2023,2022,RF,M,24.12
kommun,2023,2022,RF,S,29.1
kommun,2023,2022,RF,L,3.49
kommun,2023,2022,RF,C,5.96
kommun,2023,2022,RF,V,5.23
kommun,2023,2022,RF,MP,1.18
kommun,2023,2022,RF,KD,6.12
kommun,2023,2022,RF,SD,18.48
kommun,2023,2022,RF,Dalarnas Sjukvårdsparti,5.9
kommun,2026,2022,KF,M,10.58
kommun,2026,2022,KF,S,19.78
kommun,2026,2022,KF,L,3.04
kommun,2026,2022,KF,C,21.15
kommun,2026,2022,KF,V,4.31
kommun,2026,2022,KF,MP,2.76
kommun,2026,2022,KF,KD,17.0
kommun,2026,2022,KF,SD,12.28
kommun,2026,2022,KF,Kommunal Samling,8.5
kommun,2026,2022,RD,M,15.3
kommun,2026,2022,RD,S,27.04
kommun,2026,2022,RD,L,2.87
kommun,2026,2022,RD,C,8.24
kommun,2026,2022,RD,V,4.87
kommun,2026,2022,RD,MP,3.92
kommun,2026,2022,RD,KD,9.0
kommun,2026,2022,RD,SD,27.8
kommun,2026,2022,RF,M,14.99
kommun,2026,2022,RF,S,27.06
kommun,2026,2022,RF,L,2.55
kommun,2026,2022,RF,C,13.48
kommun,2026,2022,RF,V,5.18
kommun,2026,2022,RF,MP,2.34
kommun,2026,2022,RF,KD,14.8
kommun,2026,2022,RF,SD,15.15
kommun,2026,2022,RF,Dalarnas Sjukvårdsparti,4.11
kommun,2029,2022,KF,M,15.82
kommun,2029,2022,KF,S,18.7
kommun,2029,2022,KF,L,2.08
kommun,2029,2022,KF,C,13.32
kommun,2029,2022,KF,V,11.13
kommun,2029,2022,KF,MP,2.96
kommun,2029,2022,KF,KD,7.09
kommun,2029,2022,KF,SD,9.87
kommun,2029,2022,KF,Bygdepartiet,18.84
kommun,2029,2022,RD,M,18.61
kommun,2029,2022,RD,S,29.83
kommun,2029,2022,RD,L,3.57
kommun,2029,2022,RD,C,7.94
kommun,2029,2022,RD,V,5.15
kommun,2029,2022,RD,MP,4.25
kommun,2029,2022,RD,KD,8.07
kommun,2029,2022,RD,SD,21.4
kommun,2029,2022,RF,M,18.31
kommun,2029,2022,RF,S,27.83
kommun,2029,2022,RF,L,2.54
kommun,2029,2022,RF,C,10.25
kommun,2029,2022,RF,V,7.18
kommun,2029,2022,RF,MP,3.11
kommun,2029,2022,RF,KD,11.31
kommun,2029,2022,RF,SD,11.43
kommun,2029,2022,RF,Dalarnas Sjukvårdsparti,7.28
kommun,2031,2022,KF,M,16.94
kommun,2031,2022,KF,S,28.34
kommun,2031,2022,KF,L,1.21
kommun,2031,2022,KF,C,23.47
kommun,2031,2022,KF,V,3.69
kommun,2031,2022,KF,KD,6.86
kommun,2031,2022,KF,SD,18.26
kommun,2031,2022,RD,M,16.52
kommun,2031,2022,RD,S,28.64
kommun,2031,2022,RD,L,2.62
kommun,2031,2022,RD,C,6.87
kommun,2031,2022,RD,V,3.66
kommun,2031,2022,RD,MP,3.66
kommun,2031,2022,RD,KD,7.44
kommun,2031,2022,RD,SD,29.22
kommun,2031,2022,RF,M,17.14
kommun,2031,2022,RF,S,29.48
kommun,2031,2022,RF,L,1.71
kommun,2031,2022,RF,C,10.55
kommun,2031,2022,RF,V,4.12
kommun,2031,2022,RF,MP,2.01
kommun,2031,2022,RF,KD,8.99
kommun,2031,2022,RF,SD,18.5
kommun,2031,2022,RF,Dalarnas Sjukvårdsparti,6.73
kommun,2034,2022,KF,M,9.59
kommun,2034,2022,KF,S,21.22
kommun,2034,2022,KF,L,1.41
kommun,2034,2022,KF,C,36.06
kommun,2034,2022,KF,V,5.68
kommun,2034,2022,KF,MP,3.58
kommun,2034,2022,KF,KD,5.58
kommun,2034,2022,KF,SD,16.58
kommun,2034,2022,RD,M,13.4
kommun,2034,2022,RD,S,26.79
kommun,2034,2022,RD,L,2.76
kommun,2034,2022,RD,C,6.5
kommun,2034,2022,RD,V,5.33
kommun,2034,2022,RD,MP,3.68
kommun,2034,2022,RD,KD,6.61
kommun,2034,2022,RD,SD,32.88
kommun,2034,2022,RF,M,12.79
kommun,2034,2022,RF,S,27.48
kommun,2034,2022,RF,L,1.9
kommun,2034,2022,RF,C,13.11
kommun,2034,2022,RF,V,6.68
kommun,2034,2022,RF,MP,2.37
kommun,2034,2022,RF,KD,8.62
kommun,2034,2022,RF,SD,17.73
kommun,2034,2022,RF,Dalarnas Sjukvårdsparti,8.64
kommun,2039,2022,KF,M,11.5
kommun,2039,2022,KF,S,27.01
kommun,2039,2022,KF,C,25.94
kommun,2039,2022,KF,V,4.0
kommun,2039,2022,KF,KD,1.59
kommun,2039,2022,KF,SD,20.42
kommun,2039,2022,KF,Kommunlistan,5.68
kommun,2039,2022,KF,Socialisterna-Välfärdspartiet,1.89
kommun,2039,2022,RD,M,10.6
kommun,2039,2022,RD,S,28.67
kommun,2039,2022,RD,L,1.86
kommun,2039,2022,RD,C,6.59
kommun,2039,2022,RD,V,3.51
kommun,2039,2022,RD,MP,2.06
kommun,2039,2022,RD,KD,8.02
kommun,2039,2022,RD,SD,35.9
kommun,2039,2022,RF,M,12.61
kommun,2039,2022,RF,S,29.18
kommun,2039,2022,RF,L,1.15
kommun,2039,2022,RF,C,11.5
kommun,2039,2022,RF,V,3.85
kommun,2039,2022,RF,MP,1.26
kommun,2039,2022,RF,KD,6.46
kommun,2039,2022,RF,SD,21.44
kommun,2039,2022,RF,Dalarnas Sjukvårdsparti,11.22
kommun,2061,2022,KF,M,13.67
kommun,2061,2022,KF,S,55.67
kommun,2061,2022,KF,L,1.4
kommun,2061,2022,KF,C,5.24
kommun,2061,2022,KF,V,4.01
kommun,2061,2022,KF,MP,2.17
kommun,2061,2022,KF,KD,1.7
kommun,2061,2022,KF,SD,15.95
kommun,2061,2022,RD,M,14.06
kommun,2061,2022,RD,S,36.32
kommun,2061,2022,RD,L,1.94
kommun,2061,2022,RD,C,4.07
kommun,2061,2022,RD,V,5.33
kommun,2061,2022,RD,MP,2.44
kommun,2061,2022,RD,KD,4.11
kommun,2061,2022,RD,SD,30.52
kommun,2061,2022,RF,M,18.04
kommun,2061,2022,RF,S,42.51
kommun,2061,2022,RF,L,1.43
kommun,2061,2022,RF,C,4.38
kommun,2061,2022,RF,V,4.97
kommun,2061,2022,RF,MP,1.53
kommun,2061,2022,RF,KD,4.59
kommun,2061,2022,RF,SD,17.38
kommun,2061,2022,RF,Dalarnas Sjukvårdsparti,4.59
kommun,2062,2022,KF,M,12.21
kommun,2062,2022,KF,S,24.4
kommun,2062,2022,KF,L,1.46
kommun,2062,2022,KF,C,19.84
kommun,2062,2022,KF,V,5.59
kommun,2062,2022,KF,KD,4.85
kommun,2062,2022,KF,SD,12.53
kommun,2062,2022,KF,Morapartiet,18.08
kommun,2062,2022,RD,M,16.04
kommun,2062,2022,RD,S,29.63
kommun,2062,2022,RD,L,2.86
kommun,2062,2022,RD,C,7.1
kommun,2062,2022,RD,V,4.33
kommun,2062,2022,RD,MP,3.25
kommun,2062,2022,RD,KD,6.49
kommun,2062,2022,RD,SD,28.96
kommun,2062,2022,RF,M,16.6
kommun,2062,2022,RF,S,29.39
kommun,2062,2022,RF,L,2.11
kommun,2062,2022,RF,C,9.18
kommun,2062,2022,RF,V,5.07
kommun,2062,2022,RF,MP,1.67
kommun,2062,2022,RF,KD,8.12
kommun,2062,2022,RF,SD,14.86
kommun,2062,2022,RF,Dalarnas Sjukvårdsparti,12.34
kommun,2080,2022,KF,M,19.81
kommun,2080,2022,KF,S,32.39
kommun,2080,2022,KF,L,4.07
kommun,2080,2022,KF,C,11.62
kommun,2080,2022,KF,V,8.14
kommun,2080,2022,KF,MP,4.12
kommun,2080,2022,KF,KD,6.2
kommun,2080,2022,KF,SD,12.13
kommun,2080,2022,RD,M,18.64
kommun,2080,2022,RD,S,31.42
kommun,2080,2022,RD,L,3.96
kommun,2080,2022,RD,C,8.12
kommun,2080,2022,RD,V,6.04
kommun,2080,2022,RD,MP,6.18
kommun,2080,2022,RD,KD,5.57
kommun,2080,2022,RD,SD,18.57
kommun,2080,2022,RF,M,19.55
kommun,2080,2022,RF,S,33.71
kommun,2080,2022,RF,L,3.84
kommun,2080,2022,RF,C,9.17
kommun,2080,2022,RF,V,8.13
kommun,2080,2022,RF,MP,3.37
kommun,2080,2022,RF,KD,6.28
kommun,2080,2022,RF,SD,11.81
kommun,2080,2022,RF,Dalarnas Sjukvårdsparti,3.28
kommun,2081,2022,KF,M,17.86
kommun,2081,2022,KF,S,33.43
kommun,2081,2022,KF,L,4.82
kommun,2081,2022,KF,C,7.51
kommun,2081,2022,KF,V,6.6
kommun,2081,2022,KF,MP,2.57
kommun,2081,2022,KF,KD,6.02
kommun,2081,2022,KF,SD,18.67
kommun,2081,2022,KF,NyFramtid,1.96
kommun,2081,2022,RD,M,16.74
kommun,2081,2022,RD,S,34.01
kommun,2081,2022,RD,L,3.53
kommun,2081,2022,RD,C,5.27
kommun,2081,2022,RD,V,6.02
kommun,2081,2022,RD,MP,3.67
kommun,2081,2022,RD,KD,4.76
kommun,2081,2022,RD,SD,24.47
kommun,2081,2022,RF,M,17.91
kommun,2081,2022,RF,S,34.16
kommun,2081,2022,RF,L,3.4
kommun,2081,2022,RF,C,5.96
kommun,2081,2022,RF,V,7.03
kommun,2081,2022,RF,MP,3.02
kommun,2081,2022,RF,KD,7.1
kommun,2081,2022,RF,SD,17.54
kommun,2081,2022,RF,Dalarnas Sjukvårdsparti,3.23
kommun,2082,2022,KF,M,20.96
kommun,2082,2022,KF,S,34.14
kommun,2082,2022,KF,L,3.05
kommun,2082,2022,KF,C,15.35
kommun,2082,2022,KF,V,4.55
kommun,2082,2022,KF,MP,2.09
kommun,2082,2022,KF,KD,5.0
kommun,2082,2022,KF,SD,14.66
kommun,2082,2022,RD,M,16.61
kommun,2082,2022,RD,S,30.9
kommun,2082,2022,RD,L,2.59
kommun,2082,2022,RD,C,7.85
kommun,2082,2022,RD,V,4.55
kommun,2082,2022,RD,MP,3.03
kommun,2082,2022,RD,KD,6.53
kommun,2082,2022,RD,SD,26.67
kommun,2082,2022,RF,M,18.69
kommun,2082,2022,RF,S,34.77
kommun,2082,2022,RF,L,2.0
kommun,2082,2022,RF,C,9.41
kommun,2082,2022,RF,V,5.06
kommun,2082,2022,RF,MP,1.81
kommun,2082,2022,RF,KD,7.1
kommun,2082,2022,RF,SD,15.6
kommun,2082,2022,RF,Dalarnas Sjukvårdsparti,4.98
kommun,2083,2022,KF,M,22.02
kommun,2083,2022,KF,S,25.87
kommun,2083,2022,KF,L,1.3
kommun,2083,2022,KF,C,11.23
kommun,2083,2022,KF,V,5.61
kommun,2083,2022,KF,MP,2.31
kommun,2083,2022,KF,KD,4.1
kommun,2083,2022,KF,SD,16.72
kommun,2083,2022,KF,Kommunlistan,10.52
kommun,2083,2022,RD,M,16.11
kommun,2083,2022,RD,S,29.63
kommun,2083,2022,RD,L,2.07
kommun,2083,2022,RD,C,6.24
kommun,2083,2022,RD,V,5.63
kommun,2083,2022,RD,MP,3.5
kommun,2083,2022,RD,KD,6.24
kommun,2083,2022,RD,SD,28.84
kommun,2083,2022,RF,M,20.59
kommun,2083,2022,RF,S,30.42
kommun,2083,2022,RF,L,1.49
kommun,2083,2022,RF,C,7.96
kommun,2083,2022,RF,V,6.35
kommun,2083,2022,RF,MP,2.48
kommun,2083,2022,RF,KD,6.16
kommun,2083,2022,RF,SD,18.15
kommun,2083,2022,RF,Dalarnas Sjukvårdsparti,5.62
kommun,2084,2022,KF,M,21.9
kommun,2084,2022,KF,S,41.73
kommun,2084,2022,KF,L,1.84
kommun,2084,2022,KF,C,5.9
kommun,2084,2022,KF,V,4.33
kommun,2084,2022,KF,MP,1.5
kommun,2084,2022,KF,KD,3.79
kommun,2084,2022,KF,SD,17.67
kommun,2084,2022,RD,M,15.31
kommun,2084,2022,RD,S,35.71
kommun,2084,2022,RD,L,2.59
kommun,2084,2022,RD,C,4.86
kommun,2084,2022,RD,V,4.58
kommun,2084,2022,RD,MP,2.2
kommun,2084,2022,RD,KD,5.4
kommun,2084,2022,RD,SD,27.93
kommun,2084,2022,RF,M,20.86
kommun,2084,2022,RF,S,39.1
kommun,2084,2022,RF,L,1.69
kommun,2084,2022,RF,C,4.94
kommun,2084,2022,RF,V,4.76
kommun,2084,2022,RF,MP,1.25
kommun,2084,2022,RF,KD,5.04
kommun,2084,2022,RF,SD,17.07
kommun,2084,2022,RF,Dalarnas Sjukvårdsparti,4.24
kommun,2085,2022,KF,M,21.22
kommun,2085,2022,KF,S,29.7
kommun,2085,2022,KF,L,2.85
kommun,2085,2022,KF,C,8.59
kommun,2085,2022,KF,V,9.01
kommun,2085,2022,KF,MP,3.89
kommun,2085,2022,KF,KD,3.55
kommun,2085,2022,KF,SD,15.15
kommun,2085,2022,KF,Kommunistiska Partiet,1.84
kommun,2085,2022,KF,Dalademokraterna,2.75
kommun,2085,2022,RD,M,14.09
kommun,2085,2022,RD,S,35.21
kommun,2085,2022,RD,L,2.92
kommun,2085,2022,RD,C,4.62
kommun,2085,2022,RD,V,6.16
kommun,2085,2022,RD,MP,2.82
kommun,2085,2022,RD,KD,4.71
kommun,2085,2022,RD,SD,28.11
kommun,2085,2022,RF,M,20.32
kommun,2085,2022,RF,S,33.95
kommun,2085,2022,RF,L,2.17
kommun,2085,2022,RF,C,5.58
kommun,2085,2022,RF,V,7.48
kommun,2085,2022,RF,MP,2.76
kommun,2085,2022,RF,KD,5.36
kommun,2085,2022,RF,SD,16.67
kommun,2085,2022,RF,Dalarnas Sjukvårdsparti,5.16
kommun,2101,2022,KF,M,8.0
kommun,2101,2022,KF,S,40.43
kommun,2101,2022,KF,C,11.41
kommun,2101,2022,KF,V,4.08
kommun,2101,2022,KF,MP,3.05
kommun,2101,2022,KF,KD,2.56
kommun,2101,2022,KF,SD,29.72
kommun,2101,2022,RD,M,12.26
kommun,2101,2022,RD,S,33.16
kommun,2101,2022,RD,L,1.87
kommun,2101,2022,RD,C,7.26
kommun,2101,2022,RD,V,5.24
kommun,2101,2022,RD,MP,3.42
kommun,2101,2022,RD,KD,5.0
kommun,2101,2022,RD,SD,30.79
kommun,2101,2022,RF,M,10.04
kommun,2101,2022,RF,S,34.86
kommun,2101,2022,RF,L,1.68
kommun,2101,2022,RF,C,8.54
kommun,2101,2022,RF,V,5.69
kommun,2101,2022,RF,MP,2.67
kommun,2101,2022,RF,KD,4.84
kommun,2101,2022,RF,SD,27.46
kommun,2101,2022,RF,Sjukvårdspartiet Gävleborg,3.83
kommun,2104,2022,KF,M,14.35
kommun,2104,2022,KF,S,31.41
kommun,2104,2022,KF,L,5.0
kommun,2104,2022,KF,C,5.08
kommun,2104,2022,KF,V,10.07
kommun,2104,2022,KF,KD,4.21
kommun,2104,2022,KF,SD,17.23
kommun,2104,2022,KF,Hoforspartiet,11.84
kommun,2104,2022,RD,M,13.55
kommun,2104,2022,RD,S,36.43
kommun,2104,2022,RD,L,2.31
kommun,2104,2022,RD,C,3.93
kommun,2104,2022,RD,V,8.31
kommun,2104,2022,RD,MP,2.15
kommun,2104,2022,RD,KD,4.41
kommun,2104,2022,RD,SD,27.82
kommun,2104,2022,RF,M,13.59
kommun,2104,2022,RF,S,35.54
kommun,2104,2022,RF,L,3.3
kommun,2104,2022,RF,C,4.2
kommun,2104,2022,RF,V,9.97
kommun,2104,2022,RF,MP,1.1
kommun,2104,2022,RF,KD,6.27
kommun,2104,2022,RF,SD,19.89
kommun,2104,2022,RF,Sjukvårdspartiet Gävleborg,5.67
kommun,2121,2022,KF,M,10.33
kommun,2121,2022,KF,S,28.69
kommun,2121,2022,KF,L,2.31
kommun,2121,2022,KF,C,20.15
kommun,2121,2022,KF,V,4.11
kommun,2121,2022,KF,MP,1.68
kommun,2121,2022,KF,KD,15.39
kommun,2121,2022,KF,SD,17.23
kommun,2121,2022,RD,M,13.89
kommun,2121,2022,RD,S,31.46
kommun,2121,2022,RD,L,2.05
kommun,2121,2022,RD,C,9.95
kommun,2121,2022,RD,V,3.61
kommun,2121,2022,RD,MP,2.46
kommun,2121,2022,RD,KD,11.5
kommun,2121,2022,RD,SD,24.23
kommun,2121,2022,RF,M,11.32
kommun,2121,2022,RF,S,28.67
kommun,2121,2022,RF,L,2.15
kommun,2121,2022,RF,C,12.0
kommun,2121,2022,RF,V,4.93
kommun,2121,2022,RF,MP,1.52
kommun,2121,2022,RF,KD,16.32
kommun,2121,2022,RF,SD,17.4
kommun,2121,2022,RF,Sjukvårdspartiet Gävleborg,5.47
kommun,2132,2022,KF,M,18.62
kommun,2132,2022,KF,S,27.86
kommun,2132,2022,KF,L,2.22
kommun,2132,2022,KF,C,10.57
kommun,2132,2022,KF,V,8.21
kommun,2132,2022,KF,MP,1.77
kommun,2132,2022,KF,KD,3.95
kommun,2132,2022,KF,SD,17.85
kommun,2132,2022,KF,nordanstigspartiet.se,8.73
kommun,2132,2022,RD,M,13.08
kommun,2132,2022,RD,S,31.61
kommun,2132,2022,RD,L,2.21
kommun,2132,2022,RD,C,7.1
kommun,2132,2022,RD,V,6.2
kommun,2132,2022,RD,MP,2.91
kommun,2132,2022,RD,KD,6.48
kommun,2132,2022,RD,SD,29.02
kommun,2132,2022,RF,M,15.31
kommun,2132,2022,RF,S,29.4
kommun,2132,2022,RF,L,1.99
kommun,2132,2022,RF,C,8.3
kommun,2132,2022,RF,V,7.88
kommun,2132,2022,RF,MP,1.8
kommun,2132,2022,RF,KD,7.36
kommun,2132,2022,RF,SD,20.07
kommun,2132,2022,RF,Sjukvårdspartiet Gävleborg,7.5
kommun,2161,2022,KF,M,16.42
kommun,2161,2022,KF,S,29.22
kommun,2161,2022,KF,L,7.53
kommun,2161,2022,KF,C,9.27
kommun,2161,2022,KF,V,4.83
kommun,2161,2022,KF,MP,3.84
kommun,2161,2022,KF,KD,3.33
kommun,2161,2022,KF,SD,16.02
kommun,2161,2022,KF,Ljusdalsbygdens parti,9.27
kommun,2161,2022,RD,M,15.98
kommun,2161,2022,RD,S,32.06
kommun,2161,2022,RD,L,3.01
kommun,2161,2022,RD,C,7.95
kommun,2161,2022,RD,V,4.59
kommun,2161,2022,RD,MP,3.51
kommun,2161,2022,RD,KD,5.58
kommun,2161,2022,RD,SD,26.21
kommun,2161,2022,RF,M,18.29
kommun,2161,2022,RF,S,29.33
kommun,2161,2022,RF,L,3.24
kommun,2161,2022,RF,C,8.35
kommun,2161,2022,RF,V,6.04
kommun,2161,2022,RF,MP,2.83
kommun,2161,2022,RF,KD,4.85
kommun,2161,2022,RF,SD,18.19
kommun,2161,2022,RF,Sjukvårdspartiet Gävleborg,8.53
kommun,2180,2022,KF,M,21.26
kommun,2180,2022,KF,S,32.08
kommun,2180,2022,KF,L,4.04
kommun,2180,2022,KF,C,4.81
kommun,2180,2022,KF,V,8.1
kommun,2180,2022,KF,MP,3.9
kommun,2180,2022,KF,KD,4.55
kommun,2180,2022,KF,SD,19.49
kommun,2180,2022,KF,PLUS55,1.21
kommun,2180,2022,RD,M,19.16
kommun,2180,2022,RD,S,33.35
kommun,2180,2022,RD,L,3.76
kommun,2180,2022,RD,C,5.01
kommun,2180,2022,RD,V,6.48
kommun,2180,2022,RD,MP,4.01
kommun,2180,2022,RD,KD,4.28
kommun,2180,2022,RD,SD,22.57
kommun,2180,2022,RF,M,20.34
kommun,2180,2022,RF,S,30.93
kommun,2180,2022,RF,L,3.57
kommun,2180,2022,RF,C,4.99
kommun,2180,2022,RF,V,8.64
kommun,2180,2022,RF,MP,3.1
kommun,2180,2022,RF,KD,5.43
kommun,2180,2022,RF,SD,18.53
kommun,2180,2022,RF,Sjukvårdspartiet Gävleborg,3.96
kommun,2181,2022,KF,M,19.07
kommun,2181,2022,KF,S,34.14
kommun,2181,2022,KF,L,4.14
kommun,2181,2022,KF,C,6.73
kommun,2181,2022,KF,V,7.06
kommun,2181,2022,KF,MP,2.24
kommun,2181,2022,KF,KD,3.52
kommun,2181,2022,KF,SD,22.48
kommun,2181,2022,RD,M,15.58
kommun,2181,2022,RD,S,37.06
kommun,2181,2022,RD,L,2.96
kommun,2181,2022,RD,C,4.79
kommun,2181,2022,RD,V,5.8
kommun,2181,2022,RD,MP,2.57
kommun,2181,2022,RD,KD,4.1
kommun,2181,2022,RD,SD,25.98
kommun,2181,2022,RF,M,16.63
kommun,2181,2022,RF,S,34.74
kommun,2181,2022,RF,L,3.06
kommun,2181,2022,RF,C,5.28
kommun,2181,2022,RF,V,7.42
kommun,2181,2022,RF,MP,1.87
kommun,2181,2022,RF,KD,4.71
kommun,2181,2022,RF,SD,21.38
kommun,2181,2022,RF,Sjukvårdspartiet Gävleborg,4.5
kommun,2182,2022,KF,M,16.0
kommun,2182,2022,KF,S,29.51
kommun,2182,2022,KF,L,2.49
kommun,2182,2022,KF,C,15.77
kommun,2182,2022,KF,V,7.06
kommun,2182,2022,KF,MP,1.66
kommun,2182,2022,KF,KD,5.99
kommun,2182,2022,KF,SD,19.46
kommun,2182,2022,KF,SOS-Ställ Om Sverige  Söderhamnsinitiativet,1.05
kommun,2182,2022,RD,M,14.78
kommun,2182,2022,RD,S,37.48
kommun,2182,2022,RD,L,2.34
kommun,2182,2022,RD,C,6.3
kommun,2182,2022,RD,V,5.11
kommun,2182,2022,RD,MP,2.87
kommun,2182,2022,RD,KD,4.87
kommun,2182,2022,RD,SD,24.92
kommun,2182,2022,RF,M,16.06
kommun,2182,2022,RF,S,32.84
kommun,2182,2022,RF,L,1.89
kommun,2182,2022,RF,C,10.43
kommun,2182,2022,RF,V,7.27
kommun,2182,2022,RF,MP,1.91
kommun,2182,2022,RF,KD,6.34
kommun,2182,2022,RF,SD,19.43
kommun,2182,2022,RF,Sjukvårdspartiet Gävleborg,3.56
kommun,2183,2022,KF,M,11.2
kommun,2183,2022,KF,S,31.31
kommun,2183,2022,KF,L,3.58
kommun,2183,2022,KF,C,10.66
kommun,2183,2022,KF,V,5.47
kommun,2183,2022,KF,MP,1.92
kommun,2183,2022,KF,KD,6.09
kommun,2183,2022,KF,SD,17.04
kommun,2183,2022,KF,Sjukvårdspartiet Bollnäs,2.5
kommun,2183,2022,KF,Bollnäspartiet,10.04
kommun,2183,2022,RD,M,13.92
kommun,2183,2022,RD,S,36.01
kommun,2183,2022,RD,L,2.62
kommun,2183,2022,RD,C,7.46
kommun,2183,2022,RD,V,5.14
kommun,2183,2022,RD,MP,3.02
kommun,2183,2022,RD,KD,6.18
kommun,2183,2022,RD,SD,24.62
kommun,2183,2022,RF,M,14.16
kommun,2183,2022,RF,S,33.61
kommun,2183,2022,RF,L,2.9
kommun,2183,2022,RF,C,10.06
kommun,2183,2022,RF,V,6.84
kommun,2183,2022,RF,MP,2.04
kommun,2183,2022,RF,KD,7.56
kommun,2183,2022,RF,SD,17.83
kommun,2183,2022,RF,Sjukvårdspartiet Gävleborg,4.77
kommun,2184,2022,KF,M,16.94
kommun,2184,2022,KF,S,29.68
kommun,2184,2022,KF,C,19.0
kommun,2184,2022,KF,V,9.59
kommun,2184,2022,KF,MP,3.25
kommun,2184,2022,KF,KD,5.39
kommun,2184,2022,KF,SD,14.85
kommun,2184,2022,RD,M,14.57
kommun,2184,2022,RD,S,36.36
kommun,2184,2022,RD,L,2.46
kommun,2184,2022,RD,C,8.35
kommun,2184,2022,RD,V,6.31
kommun,2184,2022,RD,MP,4.27
kommun,2184,2022,RD,KD,5.29
kommun,2184,2022,RD,SD,21.16
kommun,2184,2022,RF,M,15.79
kommun,2184,2022,RF,S,31.91
kommun,2184,2022,RF,L,1.68
kommun,2184,2022,RF,C,11.4
kommun,2184,2022,RF,V,9.29
kommun,2184,2022,RF,MP,3.08
kommun,2184,2022,RF,KD,6.25
kommun,2184,2022,RF,SD,14.8
kommun,2184,2022,RF,Sjukvårdspartiet Gävleborg,5.49
kommun,2260,2022,KF,M,10.71
kommun,2260,2022,KF,S,40.44
kommun,2260,2022,KF,C,5.11
kommun,2260,2022,KF,V,4.6
kommun,2260,2022,KF,KD,4.39
kommun,2260,2022,KF,SD,17.35
kommun,2260,2022,KF,Vår Framtids politiska utskott,16.75
kommun,2260,2022,RD,M,12.33
kommun,2260,2022,RD,S,37.19
kommun,2260,2022,RD,L,1.74
kommun,2260,2022,RD,C,5.5
kommun,2260,2022,RD,V,4.79
kommun,2260,2022,RD,MP,1.49
kommun,2260,2022,RD,KD,6.03
kommun,2260,2022,RD,SD,29.82
kommun,2260,2022,RF,M,11.67
kommun,2260,2022,RF,S,36.32
kommun,2260,2022,RF,L,1.14
kommun,2260,2022,RF,C,5.26
kommun,2260,2022,RF,V,4.84
kommun,2260,2022,RF,KD,7.19
kommun,2260,2022,RF,SD,18.78
kommun,2260,2022,RF,Sjukvårdspartiet - Västernorrland,13.97
kommun,2262,2022,KF,M,11.85
kommun,2262,2022,KF,S,42.42
kommun,2262,2022,KF,L,1.93
kommun,2262,2022,KF,C,4.88
kommun,2262,2022,KF,V,5.82
kommun,2262,2022,KF,MP,1.16
kommun,2262,2022,KF,KD,3.78
kommun,2262,2022,KF,SD,16.53
kommun,2262,2022,KF,Timråpartiet,11.49
kommun,2262,2022,RD,M,12.62
kommun,2262,2022,RD,S,41.01
kommun,2262,2022,RD,L,2.17
kommun,2262,2022,RD,C,5.0
kommun,2262,2022,RD,V,5.11
kommun,2262,2022,RD,MP,2.07
kommun,2262,2022,RD,KD,4.89
kommun,2262,2022,RD,SD,26.27
kommun,2262,2022,RF,M,12.1
kommun,2262,2022,RF,S,37.36
kommun,2262,2022,RF,L,1.89
kommun,2262,2022,RF,C,4.19
kommun,2262,2022,RF,V,5.82
kommun,2262,2022,RF,MP,1.07
kommun,2262,2022,RF,KD,5.32
kommun,2262,2022,RF,SD,16.26
kommun,2262,2022,RF,Sjukvårdspartiet - Västernorrland,15.85
kommun,2280,2022,KF,M,16.04
kommun,2280,2022,KF,S,38.51
kommun,2280,2022,KF,L,3.15
kommun,2280,2022,KF,C,10.22
kommun,2280,2022,KF,V,7.76
kommun,2280,2022,KF,MP,6.89
kommun,2280,2022,KF,KD,4.03
kommun,2280,2022,KF,SD,13.14
kommun,2280,2022,RD,M,12.27
kommun,2280,2022,RD,S,39.61
kommun,2280,2022,RD,L,2.56
kommun,2280,2022,RD,C,7.61
kommun,2280,2022,RD,V,6.38
kommun,2280,2022,RD,MP,5.97
kommun,2280,2022,RD,KD,4.66
kommun,2280,2022,RD,SD,19.71
kommun,2280,2022,RF,M,10.03
kommun,2280,2022,RF,S,33.74
kommun,2280,2022,RF,L,2.18
kommun,2280,2022,RF,C,8.6
kommun,2280,2022,RF,V,7.65
kommun,2280,2022,RF,MP,3.57
kommun,2280,2022,RF,KD,4.29
kommun,2280,2022,RF,SD,11.13
kommun,2280,2022,RF,Sjukvårdspartiet - Västernorrland,18.64
kommun,2281,2022,KF,M,19.09
kommun,2281,2022,KF,S,39.35
kommun,2281,2022,KF,L,4.44
kommun,2281,2022,KF,C,6.12
kommun,2281,2022,KF,V,7.0
kommun,2281,2022,KF,MP,2.62
kommun,2281,2022,KF,KD,6.22
kommun,2281,2022,KF,SD,14.59
kommun,2281,2022,RD,M,16.67
kommun,2281,2022,RD,S,37.81
kommun,2281,2022,RD,L,3.64
kommun,2281,2022,RD,C,6.36
kommun,2281,2022,RD,V,5.65
kommun,2281,2022,RD,MP,3.8
kommun,2281,2022,RD,KD,4.96
kommun,2281,2022,RD,SD,20.05
kommun,2281,2022,RF,M,17.72
kommun,2281,2022,RF,S,34.39
kommun,2281,2022,RF,L,3.31
kommun,2281,2022,RF,C,5.06
kommun,2281,2022,RF,V,6.42
kommun,2281,2022,RF,MP,1.87
kommun,2281,2022,RF,KD,6.07
kommun,2281,2022,RF,SD,13.24
kommun,2281,2022,RF,Sjukvårdspartiet - Västernorrland,11.66
kommun,2282,2022,KF,M,8.64
kommun,2282,2022,KF,S,41.74
kommun,2282,2022,KF,L,1.58
kommun,2282,2022,KF,C,15.33
kommun,2282,2022,KF,V,10.24
kommun,2282,2022,KF,MP,1.74
kommun,2282,2022,KF,KD,3.9
kommun,2282,2022,KF,SD,16.54
kommun,2282,2022,RD,M,9.52
kommun,2282,2022,RD,S,41.62
kommun,2282,2022,RD,L,1.58
kommun,2282,2022,RD,C,8.33
kommun,2282,2022,RD,V,7.94
kommun,2282,2022,RD,MP,3.09
kommun,2282,2022,RD,KD,4.64
kommun,2282,2022,RD,SD,21.9
kommun,2282,2022,RF,M,5.97
kommun,2282,2022,RF,S,31.25
kommun,2282,2022,RF,C,10.06
kommun,2282,2022,RF,V,8.64
kommun,2282,2022,RF,MP,1.27
kommun,2282,2022,RF,KD,3.43
kommun,2282,2022,RF,SD,11.84
kommun,2282,2022,RF,Sjukvårdspartiet - Västernorrland,26.36
kommun,2283,2022,KF,M,2.74
kommun,2283,2022,KF,S,25.76
kommun,2283,2022,KF,C,39.29
kommun,2283,2022,KF,V,7.28
kommun,2283,2022,KF,MP,1.11
kommun,2283,2022,KF,KD,2.04
kommun,2283,2022,KF,SD,7.81
kommun,2283,2022,KF,Västra Initiativet,10.18
kommun,2283,2022,KF,Landsbygdspartiet Oberoende,3.08
kommun,2283,2022,RD,M,7.42
kommun,2283,2022,RD,S,39.07
kommun,2283,2022,RD,L,1.49
kommun,2283,2022,RD,C,8.81
kommun,2283,2022,RD,V,8.31
kommun,2283,2022,RD,MP,2.3
kommun,2283,2022,RD,KD,6.0
kommun,2283,2022,RD,SD,25.1
kommun,2283,2022,RF,M,2.51
kommun,2283,2022,RF,S,18.01
kommun,2283,2022,RF,C,13.06
kommun,2283,2022,RF,V,7.33
kommun,2283,2022,RF,KD,2.86
kommun,2283,2022,RF,SD,7.4
kommun,2283,2022,RF,Sjukvårdspartiet - Västernorrland,47.21
kommun,2284,2022,KF,M,15.23
kommun,2284,2022,KF,S,37.26
kommun,2284,2022,KF,L,1.48
kommun,2284,2022,KF,C,19.05
kommun,2284,2022,KF,V,6.6
kommun,2284,2022,KF,MP,1.47
kommun,2284,2022,KF,KD,8.87
kommun,2284,2022,KF,SD,8.82
kommun,2284,2022,RD,M,14.2
kommun,2284,2022,RD,S,41.45
kommun,2284,2022,RD,L,2.35
kommun,2284,2022,RD,C,9.69
kommun,2284,2022,RD,V,4.47
kommun,2284,2022,RD,MP,2.88
kommun,2284,2022,RD,KD,6.66
kommun,2284,2022,RD,SD,17.08
kommun,2284,2022,RF,M,11.8
kommun,2284,2022,RF,S,33.22
kommun,2284,2022,RF,L,1.43
kommun,2284,2022,RF,C,11.44
kommun,2284,2022,RF,V,5.04
kommun,2284,2022,RF,MP,1.18
kommun,2284,2022,RF,KD,7.16
kommun,2284,2022,RF,SD,8.31
kommun,2284,2022,RF,Sjukvårdspartiet - Västernorrland,20.21
kommun,2303,2022,KF,M,6.02
kommun,2303,2022,KF,S,37.94
kommun,2303,2022,KF,C,24.3
kommun,2303,2022,KF,V,4.43
kommun,2303,2022,KF,KD,3.52
kommun,2303,2022,KF,SD,13.37
kommun,2303,2022,KF,Allt för Ragunda,8.67
kommun,2303,2022,RD,M,9.27
kommun,2303,2022,RD,S,38.66
kommun,2303,2022,RD,L,1.14
kommun,2303,2022,RD,C,8.66
kommun,2303,2022,RD,V,5.42
kommun,2303,2022,RD,MP,2.47
kommun,2303,2022,RD,KD,5.87
kommun,2303,2022,RD,SD,27.14
kommun,2303,2022,RF,M,8.99
kommun,2303,2022,RF,S,41.43
kommun,2303,2022,RF,L,1.24
kommun,2303,2022,RF,C,15.06
kommun,2303,2022,RF,V,6.66
kommun,2303,2022,RF,MP,1.27
kommun,2303,2022,RF,KD,6.97
kommun,2303,2022,RF,SD,17.23
kommun,2305,2022,KF,M,13.95
kommun,2305,2022,KF,S,35.8
kommun,2305,2022,KF,C,22.68
kommun,2305,2022,KF,V,4.58
kommun,2305,2022,KF,KD,2.16
kommun,2305,2022,KF,SD,14.18
kommun,2305,2022,KF,Jämtlands Väl Bräcke,5.59
kommun,2305,2022,RD,M,13.13
kommun,2305,2022,RD,S,36.79
kommun,2305,2022,RD,L,1.22
kommun,2305,2022,RD,C,8.14
kommun,2305,2022,RD,V,4.61
kommun,2305,2022,RD,MP,2.52
kommun,2305,2022,RD,KD,4.76
kommun,2305,2022,RD,SD,27.63
kommun,2305,2022,RF,M,14.56
kommun,2305,2022,RF,S,38.84
kommun,2305,2022,RF,L,1.22
kommun,2305,2022,RF,C,14.69
kommun,2305,2022,RF,V,5.51
kommun,2305,2022,RF,MP,1.4
kommun,2305,2022,RF,KD,6.49
kommun,2305,2022,RF,SD,16.39
kommun,2309,2022,KF,M,15.68
kommun,2309,2022,KF,S,28.91
kommun,2309,2022,KF,L,1.06
kommun,2309,2022,KF,C,23.17
kommun,2309,2022,KF,V,6.89
kommun,2309,2022,KF,MP,3.45
kommun,2309,2022,KF,KD,4.82
kommun,2309,2022,KF,SD,12.48
kommun,2309,2022,KF,Jämtlands Väl Krokom,3.38
kommun,2309,2022,RD,M,15.54
kommun,2309,2022,RD,S,32.95
kommun,2309,2022,RD,L,1.99
kommun,2309,2022,RD,C,10.72
kommun,2309,2022,RD,V,5.31
kommun,2309,2022,RD,MP,5.06
kommun,2309,2022,RD,KD,6.06
kommun,2309,2022,RD,SD,21.25
kommun,2309,2022,RF,M,15.32
kommun,2309,2022,RF,S,33.0
kommun,2309,2022,RF,L,1.93
kommun,2309,2022,RF,C,15.43
kommun,2309,2022,RF,V,7.42
kommun,2309,2022,RF,MP,3.19
kommun,2309,2022,RF,KD,9.95
kommun,2309,2022,RF,SD,13.17
kommun,2313,2022,KF,M,21.57
kommun,2313,2022,KF,S,36.76
kommun,2313,2022,KF,C,12.55
kommun,2313,2022,KF,V,6.04
kommun,2313,2022,KF,KD,1.99
kommun,2313,2022,KF,SD,15.78
kommun,2313,2022,KF,Rättvis Demokrati,3.31
kommun,2313,2022,RD,M,12.01
kommun,2313,2022,RD,S,38.11
kommun,2313,2022,RD,L,1.49
kommun,2313,2022,RD,C,6.88
kommun,2313,2022,RD,V,5.31
kommun,2313,2022,RD,MP,1.92
kommun,2313,2022,RD,KD,5.66
kommun,2313,2022,RD,SD,27.46
kommun,2313,2022,RF,M,16.18
kommun,2313,2022,RF,S,38.37
kommun,2313,2022,RF,L,1.19
kommun,2313,2022,RF,C,10.99
kommun,2313,2022,RF,V,6.75
kommun,2313,2022,RF,MP,1.46
kommun,2313,2022,RF,KD,6.28
kommun,2313,2022,RF,SD,18.11
kommun,2321,2022,KF,M,11.18
kommun,2321,2022,KF,S,25.94
kommun,2321,2022,KF,C,16.3
kommun,2321,2022,KF,V,4.3
kommun,2321,2022,KF,MP,10.63
kommun,2321,2022,KF,KD,2.67
kommun,2321,2022,KF,SD,7.39
kommun,2321,2022,KF,Västjämtlands Väl,20.57
kommun,2321,2022,RD,M,15.82
kommun,2321,2022,RD,S,32.1
kommun,2321,2022,RD,L,3.61
kommun,2321,2022,RD,C,11.83
kommun,2321,2022,RD,V,5.46
kommun,2321,2022,RD,MP,8.52
kommun,2321,2022,RD,KD,4.88
kommun,2321,2022,RD,SD,16.58
kommun,2321,2022,RF,M,15.13
kommun,2321,2022,RF,S,33.45
kommun,2321,2022,RF,L,3.06
kommun,2321,2022,RF,C,16.06
kommun,2321,2022,RF,V,6.83
kommun,2321,2022,RF,MP,7.22
kommun,2321,2022,RF,KD,7.59
kommun,2321,2022,RF,SD,9.97
kommun,2326,2022,KF,M,26.41
kommun,2326,2022,KF,S,39.66
kommun,2326,2022,KF,C,10.96
kommun,2326,2022,KF,V,3.73
kommun,2326,2022,KF,KD,1.43
kommun,2326,2022,KF,SD,12.9
kommun,2326,2022,KF,Bergspartiet,3.48
kommun,2326,2022,RD,M,17.3
kommun,2326,2022,RD,S,32.41
kommun,2326,2022,RD,L,1.38
kommun,2326,2022,RD,C,9.53
kommun,2326,2022,RD,V,4.35
kommun,2326,2022,RD,MP,3.36
kommun,2326,2022,RD,KD,5.71
kommun,2326,2022,RD,SD,24.48
kommun,2326,2022,RF,M,26.51
kommun,2326,2022,RF,S,33.5
kommun,2326,2022,RF,C,11.22
kommun,2326,2022,RF,V,5.25
kommun,2326,2022,RF,MP,2.03
kommun,2326,2022,RF,KD,6.4
kommun,2326,2022,RF,SD,13.7
kommun,2361,2022,KF,M,15.04
kommun,2361,2022,KF,S,27.63
kommun,2361,2022,KF,L,7.79
kommun,2361,2022,KF,C,12.27
kommun,2361,2022,KF,V,5.86
kommun,2361,2022,KF,KD,3.07
kommun,2361,2022,KF,SD,12.13
kommun,2361,2022,KF,Folkets röst - VOX humana,8.56
kommun,2361,2022,KF,Härjedalspartiet,6.42
kommun,2361,2022,RD,M,13.41
kommun,2361,2022,RD,S,33.39
kommun,2361,2022,RD,L,3.02
kommun,2361,2022,RD,C,8.0
kommun,2361,2022,RD,V,5.53
kommun,2361,2022,RD,MP,3.04
kommun,2361,2022,RD,KD,6.76
kommun,2361,2022,RD,SD,25.54
kommun,2361,2022,RF,M,15.95
kommun,2361,2022,RF,S,33.76
kommun,2361,2022,RF,L,5.43
kommun,2361,2022,RF,C,12.16
kommun,2361,2022,RF,V,6.37
kommun,2361,2022,RF,MP,2.24
kommun,2361,2022,RF,KD,6.98
kommun,2361,2022,RF,SD,16.49
kommun,2380,2022,KF,M,15.24
kommun,2380,2022,KF,S,37.83
kommun,2380,2022,KF,L,3.17
kommun,2380,2022,KF,C,14.33
kommun,2380,2022,KF,V,7.12
kommun,2380,2022,KF,MP,4.06
kommun,2380,2022,KF,KD,7.52
kommun,2380,2022,KF,SD,10.12
kommun,2380,2022,RD,M,15.44
kommun,2380,2022,RD,S,37.74
kommun,2380,2022,RD,L,3.14
kommun,2380,2022,RD,C,8.93
kommun,2380,2022,RD,V,5.97
kommun,2380,2022,RD,MP,5.83
kommun,2380,2022,RD,KD,5.03
kommun,2380,2022,RD,SD,16.61
kommun,2380,2022,RF,M,14.98
kommun,2380,2022,RF,S,38.61
kommun,2380,2022,RF,L,2.75
kommun,2380,2022,RF,C,11.46
kommun,2380,2022,RF,V,7.86
kommun,2380,2022,RF,MP,3.42
kommun,2380,2022,RF,KD,10.02
kommun,2380,2022,RF,SD,10.25
kommun,2401,2022,KF,M,11.49
kommun,2401,2022,KF,S,26.11
kommun,2401,2022,KF,L,5.32
kommun,2401,2022,KF,C,31.45
kommun,2401,2022,KF,V,8.34
kommun,2401,2022,KF,MP,1.41
kommun,2401,2022,KF,KD,6.93
kommun,2401,2022,KF,SD,8.73
kommun,2401,2022,RD,M,13.64
kommun,2401,2022,RD,S,37.44
kommun,2401,2022,RD,L,2.65
kommun,2401,2022,RD,C,9.25
kommun,2401,2022,RD,V,5.71
kommun,2401,2022,RD,MP,2.56
kommun,2401,2022,RD,KD,6.12
kommun,2401,2022,RD,SD,21.59
kommun,2401,2022,RF,M,15.1
kommun,2401,2022,RF,S,33.36
kommun,2401,2022,RF,L,7.86
kommun,2401,2022,RF,C,12.44
kommun,2401,2022,RF,V,8.4
kommun,2401,2022,RF,MP,1.37
kommun,2401,2022,RF,KD,8.58
kommun,2401,2022,RF,SD,12.41
kommun,2403,2022,KF,M,27.23
kommun,2403,2022,KF,S,30.43
kommun,2403,2022,KF,C,12.12
kommun,2403,2022,KF,V,2.33
kommun,2403,2022,KF,KD,13.85
kommun,2403,2022,KF,SD,12.78
kommun,2403,2022,RD,M,20.07
kommun,2403,2022,RD,S,29.8
kommun,2403,2022,RD,L,3.0
kommun,2403,2022,RD,C,8.07
kommun,2403,2022,RD,V,2.8
kommun,2403,2022,RD,MP,1.93
kommun,2403,2022,RD,KD,9.13
kommun,2403,2022,RD,SD,24.27
kommun,2403,2022,RF,M,24.66
kommun,2403,2022,RF,S,30.34
kommun,2403,2022,RF,L,3.51
kommun,2403,2022,RF,C,10.34
kommun,2403,2022,RF,V,4.19
kommun,2403,2022,RF,KD,9.53
kommun,2403,2022,RF,SD,16.01
kommun,2404,2022,KF,M,23.07
kommun,2404,2022,KF,S,38.95
kommun,2404,2022,KF,C,15.15
kommun,2404,2022,KF,V,4.91
kommun,2404,2022,KF,MP,1.64
kommun,2404,2022,KF,KD,8.01
kommun,2404,2022,KF,SD,7.51
kommun,2404,2022,RD,M,16.64
kommun,2404,2022,RD,S,33.99
kommun,2404,2022,RD,L,2.54
kommun,2404,2022,RD,C,9.62
kommun,2404,2022,RD,V,5.28
kommun,2404,2022,RD,MP,2.86
kommun,2404,2022,RD,KD,6.26
kommun,2404,2022,RD,SD,21.69
kommun,2404,2022,RF,M,21.1
kommun,2404,2022,RF,S,32.44
kommun,2404,2022,RF,L,2.37
kommun,2404,2022,RF,C,14.76
kommun,2404,2022,RF,V,6.76
kommun,2404,2022,RF,MP,1.99
kommun,2404,2022,RF,KD,8.39
kommun,2404,2022,RF,SD,11.64
kommun,2409,2022,KF,M,9.9
kommun,2409,2022,KF,S,42.71
kommun,2409,2022,KF,C,26.98
kommun,2409,2022,KF,V,4.81
kommun,2409,2022,KF,MP,1.67
kommun,2409,2022,KF,KD,3.79
kommun,2409,2022,KF,SD,7.92
kommun,2409,2022,KF,Kommunistiska Partiet,1.09
kommun,2409,2022,RD,M,13.18
kommun,2409,2022,RD,S,39.59
kommun,2409,2022,RD,L,2.09
kommun,2409,2022,RD,C,12.92
kommun,2409,2022,RD,V,6.32
kommun,2409,2022,RD,MP,4.28
kommun,2409,2022,RD,KD,5.09
kommun,2409,2022,RD,SD,15.36
kommun,2409,2022,RF,M,14.34
kommun,2409,2022,RF,S,39.2
kommun,2409,2022,RF,L,1.86
kommun,2409,2022,RF,C,17.82
kommun,2409,2022,RF,V,8.21
kommun,2409,2022,RF,MP,2.4
kommun,2409,2022,RF,KD,5.76
kommun,2409,2022,RF,SD,9.66
kommun,2417,2022,KF,M,17.51
kommun,2417,2022,KF,S,44.97
kommun,2417,2022,KF,L,6.01
kommun,2417,2022,KF,C,1.11
kommun,2417,2022,KF,V,7.04
kommun,2417,2022,KF,KD,17.35
kommun,2417,2022,KF,SD,5.73
kommun,2417,2022,RD,M,13.38
kommun,2417,2022,RD,S,41.29
kommun,2417,2022,RD,L,3.63
kommun,2417,2022,RD,C,6.11
kommun,2417,2022,RD,V,6.39
kommun,2417,2022,RD,MP,1.2
kommun,2417,2022,RD,KD,8.55
kommun,2417,2022,RD,SD,18.41
kommun,2417,2022,RF,M,15.67
kommun,2417,2022,RF,S,41.13
kommun,2417,2022,RF,L,4.26
kommun,2417,2022,RF,C,6.86
kommun,2417,2022,RF,V,7.9
kommun,2417,2022,RF,KD,14.06
kommun,2417,2022,RF,SD,8.85
kommun,2418,2022,KF,M,3.23
kommun,2418,2022,KF,S,28.71
kommun,2418,2022,KF,L,14.38
kommun,2418,2022,KF,V,29.93
kommun,2418,2022,KF,KD,1.11
kommun,2418,2022,KF,SD,5.52
kommun,2418,2022,KF,Malålistan,16.0
kommun,2418,2022,RD,M,9.46
kommun,2418,2022,RD,S,40.07
kommun,2418,2022,RD,L,4.76
kommun,2418,2022,RD,C,4.37
kommun,2418,2022,RD,V,9.02
kommun,2418,2022,RD,MP,1.44
kommun,2418,2022,RD,KD,5.81
kommun,2418,2022,RD,SD,24.41
kommun,2418,2022,RF,M,12.3
kommun,2418,2022,RF,S,38.16
kommun,2418,2022,RF,L,10.06
kommun,2418,2022,RF,C,4.02
kommun,2418,2022,RF,V,15.11
kommun,2418,2022,RF,MP,1.26
kommun,2418,2022,RF,KD,6.9
kommun,2418,2022,RF,SD,12.07
kommun,2421,2022,KF,M,9.49
kommun,2421,2022,KF,S,28.62
kommun,2421,2022,KF,L,8.63
kommun,2421,2022,KF,C,12.6
kommun,2421,2022,KF,V,16.76
kommun,2421,2022,KF,MP,1.11
kommun,2421,2022,KF,KD,7.41
kommun,2421,2022,KF,SD,11.3
kommun,2421,2022,KF,Kommunlistan,3.94
kommun,2421,2022,RD,M,13.08
kommun,2421,2022,RD,S,34.44
kommun,2421,2022,RD,L,3.92
kommun,2421,2022,RD,C,6.4
kommun,2421,2022,RD,V,7.15
kommun,2421,2022,RD,MP,3.17
kommun,2421,2022,RD,KD,7.95
kommun,2421,2022,RD,SD,23.07
kommun,2421,2022,RF,M,14.92
kommun,2421,2022,RF,S,30.24
kommun,2421,2022,RF,L,4.78
kommun,2421,2022,RF,C,9.36
kommun,2421,2022,RF,V,13.43
kommun,2421,2022,RF,MP,2.43
kommun,2421,2022,RF,KD,10.51
kommun,2421,2022,RF,SD,14.12
kommun,2422,2022,KF,M,14.41
kommun,2422,2022,KF,S,35.52
kommun,2422,2022,KF,C,11.66
kommun,2422,2022,KF,V,35.86
kommun,2422,2022,KF,KD,1.45
kommun,2422,2022,RD,M,11.39
kommun,2422,2022,RD,S,39.19
kommun,2422,2022,RD,L,2.2
kommun,2422,2022,RD,C,7.76
kommun,2422,2022,RD,V,7.34
kommun,2422,2022,RD,MP,2.26
kommun,2422,2022,RD,KD,7.07
kommun,2422,2022,RD,SD,21.76
kommun,2422,2022,RF,M,14.04
kommun,2422,2022,RF,S,34.65
kommun,2422,2022,RF,L,1.62
kommun,2422,2022,RF,C,14.54
kommun,2422,2022,RF,V,13.34
kommun,2422,2022,RF,MP,1.69
kommun,2422,2022,RF,KD,9.17
kommun,2422,2022,RF,SD,10.59
kommun,2425,2022,KF,S,35.95
kommun,2425,2022,KF,L,17.36
kommun,2425,2022,KF,C,14.53
kommun,2425,2022,KF,V,5.51
kommun,2425,2022,KF,KD,3.1
kommun,2425,2022,KF,SD,22.04
kommun,2425,2022,RD,M,6.83
kommun,2425,2022,RD,S,42.09
kommun,2425,2022,RD,L,3.81
kommun,2425,2022,RD,C,7.62
kommun,2425,2022,RD,V,8.6
kommun,2425,2022,RD,MP,1.71
kommun,2425,2022,RD,KD,5.12
kommun,2425,2022,RD,SD,23.05
kommun,2425,2022,RF,M,6.32
kommun,2425,2022,RF,S,36.68
kommun,2425,2022,RF,L,8.79
kommun,2425,2022,RF,C,13.6
kommun,2425,2022,RF,V,8.38
kommun,2425,2022,RF,MP,1.03
kommun,2425,2022,RF,KD,5.98
kommun,2425,2022,RF,SD,19.09
kommun,2460,2022,KF,M,14.67
kommun,2460,2022,KF,S,35.32
kommun,2460,2022,KF,L,1.7
kommun,2460,2022,KF,C,17.16
kommun,2460,2022,KF,V,9.81
kommun,2460,2022,KF,MP,4.28
kommun,2460,2022,KF,KD,7.19
kommun,2460,2022,KF,SD,9.68
kommun,2460,2022,RD,M,14.98
kommun,2460,2022,RD,S,36.63
kommun,2460,2022,RD,L,2.2
kommun,2460,2022,RD,C,9.1
kommun,2460,2022,RD,V,7.99
kommun,2460,2022,RD,MP,4.47
kommun,2460,2022,RD,KD,4.88
kommun,2460,2022,RD,SD,18.39
kommun,2460,2022,RF,M,17.33
kommun,2460,2022,RF,S,33.7
kommun,2460,2022,RF,L,2.77
kommun,2460,2022,RF,C,11.04
kommun,2460,2022,RF,V,11.09
kommun,2460,2022,RF,MP,3.61
kommun,2460,2022,RF,KD,8.56
kommun,2460,2022,RF,SD,11.18
kommun,2462,2022,KF,M,9.17
kommun,2462,2022,KF,S,27.86
kommun,2462,2022,KF,C,11.0
kommun,2462,2022,KF,V,10.87
kommun,2462,2022,KF,KD,22.38
kommun,2462,2022,KF,SD,10.92
kommun,2462,2022,KF,Politiskt Alternativ,6.59
kommun,2462,2022,RD,M,10.54
kommun,2462,2022,RD,S,35.25
kommun,2462,2022,RD,L,1.45
kommun,2462,2022,RD,C,6.5
kommun,2462,2022,RD,V,7.82
kommun,2462,2022,RD,MP,2.03
kommun,2462,2022,RD,KD,8.92
kommun,2462,2022,RD,SD,25.76
kommun,2462,2022,RF,M,10.89
kommun,2462,2022,RF,S,28.98
kommun,2462,2022,RF,L,2.83
kommun,2462,2022,RF,C,11.8
kommun,2462,2022,RF,V,11.02
kommun,2462,2022,RF,MP,1.44
kommun,2462,2022,RF,KD,17.74
kommun,2462,2022,RF,SD,14.38
kommun,2463,2022,KF,M,2.28
kommun,2463,2022,KF,S,41.27
kommun,2463,2022,KF,L,8.88
kommun,2463,2022,KF,C,19.99
kommun,2463,2022,KF,V,6.85
kommun,2463,2022,KF,Åselepartiet,19.49
kommun,2463,2022,KF,ej anmält deltagande,1.05
kommun,2463,2022,RD,M,12.87
kommun,2463,2022,RD,S,37.74
kommun,2463,2022,RD,L,3.19
kommun,2463,2022,RD,C,10.03
kommun,2463,2022,RD,V,5.39
kommun,2463,2022,RD,MP,1.74
kommun,2463,2022,RD,KD,5.33
kommun,2463,2022,RD,SD,22.38
kommun,2463,2022,RF,M,15.97
kommun,2463,2022,RF,S,34.81
kommun,2463,2022,RF,L,5.74
kommun,2463,2022,RF,C,16.27
kommun,2463,2022,RF,V,6.16
kommun,2463,2022,RF,MP,1.08
kommun,2463,2022,RF,KD,7.54
kommun,2463,2022,RF,SD,12.26
kommun,2480,2022,KF,M,17.64
kommun,2480,2022,KF,S,36.48
kommun,2480,2022,KF,L,3.77
kommun,2480,2022,KF,C,7.94
kommun,2480,2022,KF,V,13.28
kommun,2480,2022,KF,MP,6.41
kommun,2480,2022,KF,KD,3.46
kommun,2480,2022,KF,SD,6.47
kommun,2480,2022,KF,Demokratiska Sekulära Socialister Arbetarpartiet,3.5
kommun,2480,2022,RD,M,14.91
kommun,2480,2022,RD,S,39.81
kommun,2480,2022,RD,L,3.57
kommun,2480,2022,RD,C,7.94
kommun,2480,2022,RD,V,10.55
kommun,2480,2022,RD,MP,7.64
kommun,2480,2022,RD,KD,3.61
kommun,2480,2022,RD,SD,10.85
kommun,2480,2022,RF,M,17.93
kommun,2480,2022,RF,S,35.97
kommun,2480,2022,RF,L,4.86
kommun,2480,2022,RF,C,7.64
kommun,2480,2022,RF,V,14.72
kommun,2480,2022,RF,MP,5.21
kommun,2480,2022,RF,KD,4.73
kommun,2480,2022,RF,SD,6.75
kommun,2480,2022,RF,Demokratiska Sekulära Socialister Arbetarpartiet,1.47
kommun,2481,2022,KF,M,13.66
kommun,2481,2022,KF,S,35.34
kommun,2481,2022,KF,L,4.22
kommun,2481,2022,KF,C,4.18
kommun,2481,2022,KF,V,5.15
kommun,2481,2022,KF,MP,1.33
kommun,2481,2022,KF,KD,30.08
kommun,2481,2022,KF,SD,5.93
kommun,2481,2022,RD,M,14.71
kommun,2481,2022,RD,S,40.42
kommun,2481,2022,RD,L,2.86
kommun,2481,2022,RD,C,5.24
kommun,2481,2022,RD,V,5.35
kommun,2481,2022,RD,MP,2.16
kommun,2481,2022,RD,KD,10.27
kommun,2481,2022,RD,SD,18.19
kommun,2481,2022,RF,M,16.48
kommun,2481,2022,RF,S,37.26
kommun,2481,2022,RF,L,3.65
kommun,2481,2022,RF,C,4.42
kommun,2481,2022,RF,V,6.64
kommun,2481,2022,RF,MP,1.53
kommun,2481,2022,RF,KD,20.99
kommun,2481,2022,RF,SD,8.69
kommun,2482,2022,KF,M,17.14
kommun,2482,2022,KF,S,42.78
kommun,2482,2022,KF,L,2.99
kommun,2482,2022,KF,C,8.9
kommun,2482,2022,KF,V,8.33
kommun,2482,2022,KF,MP,3.74
kommun,2482,2022,KF,KD,5.48
kommun,2482,2022,KF,SD,10.1
kommun,2482,2022,RD,M,13.34
kommun,2482,2022,RD,S,45.21
kommun,2482,2022,RD,L,2.64
kommun,2482,2022,RD,C,7.38
kommun,2482,2022,RD,V,6.65
kommun,2482,2022,RD,MP,3.97
kommun,2482,2022,RD,KD,4.43
kommun,2482,2022,RD,SD,15.32
kommun,2482,2022,RF,M,16.21
kommun,2482,2022,RF,S,41.42
kommun,2482,2022,RF,L,3.67
kommun,2482,2022,RF,C,8.47
kommun,2482,2022,RF,V,9.19
kommun,2482,2022,RF,MP,2.97
kommun,2482,2022,RF,KD,7.13
kommun,2482,2022,RF,SD,10.28
kommun,2505,2022,KF,M,5.41
kommun,2505,2022,KF,S,41.09
kommun,2505,2022,KF,L,4.5
kommun,2505,2022,KF,C,19.71
kommun,2505,2022,KF,V,14.33
kommun,2505,2022,KF,KD,1.28
kommun,2505,2022,KF,SD,13.4
kommun,2505,2022,RD,M,10.77
kommun,2505,2022,RD,S,42.0
kommun,2505,2022,RD,L,3.25
kommun,2505,2022,RD,C,5.65
kommun,2505,2022,RD,V,7.12
kommun,2505,2022,RD,MP,1.27
kommun,2505,2022,RD,KD,5.07
kommun,2505,2022,RD,SD,23.99
kommun,2505,2022,RF,M,7.81
kommun,2505,2022,RF,S,44.43
kommun,2505,2022,RF,L,2.31
kommun,2505,2022,RF,C,10.51
kommun,2505,2022,RF,V,9.01
kommun,2505,2022,RF,KD,3.79
kommun,2505,2022,RF,SD,13.44
kommun,2505,2022,RF,Sjukvårdspartiet,7.99
kommun,2506,2022,KF,S,40.07
kommun,2506,2022,KF,L,11.4
kommun,2506,2022,KF,C,7.98
kommun,2506,2022,KF,V,8.52
kommun,2506,2022,KF,Folkinitiativet Arjeplog,28.97
kommun,2506,2022,KF,M,1.02
kommun,2506,2022,RD,M,9.03
kommun,2506,2022,RD,S,37.91
kommun,2506,2022,RD,L,2.97
kommun,2506,2022,RD,C,4.48
kommun,2506,2022,RD,V,7.8
kommun,2506,2022,RD,MP,3.44
kommun,2506,2022,RD,KD,8.79
kommun,2506,2022,RD,SD,24.81
kommun,2506,2022,RF,M,6.53
kommun,2506,2022,RF,S,39.66
kommun,2506,2022,RF,L,5.49
kommun,2506,2022,RF,C,4.7
kommun,2506,2022,RF,V,10.13
kommun,2506,2022,RF,MP,1.77
kommun,2506,2022,RF,KD,6.47
kommun,2506,2022,RF,SD,11.47
kommun,2506,2022,RF,Sjukvårdspartiet,13.36
kommun,2510,2022,KF,M,11.57
kommun,2510,2022,KF,S,28.49
kommun,2510,2022,KF,V,7.82
kommun,2510,2022,KF,MP,15.35
kommun,2510,2022,KF,Samernas Väl,7.43
kommun,2510,2022,KF,SD,7.99
kommun,2510,2022,KF,Framtid i Jokkmokks kommun,19.13
kommun,2510,2022,KF,L,1.18
kommun,2510,2022,RD,M,9.91
kommun,2510,2022,RD,S,34.2
kommun,2510,2022,RD,L,1.98
kommun,2510,2022,RD,C,4.43
kommun,2510,2022,RD,V,9.19
kommun,2510,2022,RD,MP,11.8
kommun,2510,2022,RD,KD,4.46
kommun,2510,2022,RD,SD,22.54
kommun,2510,2022,RF,M,10.66
kommun,2510,2022,RF,S,40.08
kommun,2510,2022,RF,L,1.85
kommun,2510,2022,RF,C,3.46
kommun,2510,2022,RF,V,10.02
kommun,2510,2022,RF,MP,10.89
kommun,2510,2022,RF,KD,3.53
kommun,2510,2022,RF,SD,11.06
kommun,2510,2022,RF,Sjukvårdspartiet,7.83
kommun,2513,2022,KF,M,6.95
kommun,2513,2022,KF,S,51.3
kommun,2513,2022,KF,C,19.38
kommun,2513,2022,KF,V,9.4
kommun,2513,2022,KF,SD,10.92
kommun,2513,2022,RD,M,10.11
kommun,2513,2022,RD,S,42.9
kommun,2513,2022,RD,L,1.83
kommun,2513,2022,RD,V,7.75
kommun,2513,2022,RD,MP,1.49
kommun,2513,2022,RD,SD,23.3
kommun,2513,2022,RD,C,5.83
kommun,2513,2022,RD,KD,5.73
kommun,2513,2022,RF,M,8.26
kommun,2513,2022,RF,S,47.54
kommun,2513,2022,RF,C,8.02
kommun,2513,2022,RF,V,8.7
kommun,2513,2022,RF,SD,12.45
kommun,2513,2022,RF,Sjukvårdspartiet,8.8
kommun,2513,2022,RF,L,1.75
kommun,2513,2022,RF,KD,3.26
kommun,2514,2022,KF,M,21.97
kommun,2514,2022,KF,S,42.65
kommun,2514,2022,KF,L,4.66
kommun,2514,2022,KF,C,5.15
kommun,2514,2022,KF,V,4.58
kommun,2514,2022,KF,MP,3.62
kommun,2514,2022,KF,SD,10.74
kommun,2514,2022,KF,Kalixpartiet,1.23
kommun,2514,2022,KF,Sjukvårdspartiet,1.59
kommun,2514,2022,KF,Framtid i Kalix,2.85
kommun,2514,2022,RD,M,12.55
kommun,2514,2022,RD,S,43.86
kommun,2514,2022,RD,L,2.04
kommun,2514,2022,RD,C,5.04
kommun,2514,2022,RD,V,4.38
kommun,2514,2022,RD,MP,2.63
kommun,2514,2022,RD,KD,4.46
kommun,2514,2022,RD,SD,24.17
kommun,2514,2022,RF,M,18.39
kommun,2514,2022,RF,S,40.17
kommun,2514,2022,RF,L,2.02
kommun,2514,2022,RF,C,4.1
kommun,2514,2022,RF,V,5.12
kommun,2514,2022,RF,MP,2.34
kommun,2514,2022,RF,KD,2.63
kommun,2514,2022,RF,SD,11.76
kommun,2514,2022,RF,Sjukvårdspartiet,13.26
kommun,2518,2022,KF,M,1.29
kommun,2518,2022,KF,S,19.98
kommun,2518,2022,KF,C,27.72
kommun,2518,2022,KF,V,5.64
kommun,2518,2022,KF,KD,10.39
kommun,2518,2022,KF,Sjukvårdspartiet,16.16
kommun,2518,2022,KF,Övertorneås Fria Alternativ,3.42
kommun,2518,2022,KF,Framtid S Övertorneå,14.95
kommun,2518,2022,RD,M,10.51
kommun,2518,2022,RD,S,37.44
kommun,2518,2022,RD,L,1.7
kommun,2518,2022,RD,C,12.21
kommun,2518,2022,RD,V,6.83
kommun,2518,2022,RD,MP,1.62
kommun,2518,2022,RD,KD,8.86
kommun,2518,2022,RD,SD,19.81
kommun,2518,2022,RF,M,7.77
kommun,2518,2022,RF,S,35.09
kommun,2518,2022,RF,C,14.0
kommun,2518,2022,RF,V,8.33
kommun,2518,2022,RF,KD,9.54
kommun,2518,2022,RF,SD,8.09
kommun,2518,2022,RF,Sjukvårdspartiet,15.53
kommun,2521,2022,KF,M,6.78
kommun,2521,2022,KF,S,28.03
kommun,2521,2022,KF,C,5.04
kommun,2521,2022,KF,V,16.98
kommun,2521,2022,KF,KD,13.8
kommun,2521,2022,KF,SD,6.64
kommun,2521,2022,KF,Sjukvårdspartiet,3.4
kommun,2521,2022,KF,Framtid S,18.51
kommun,2521,2022,RD,M,9.57
kommun,2521,2022,RD,S,35.3
kommun,2521,2022,RD,L,1.5
kommun,2521,2022,RD,C,3.46
kommun,2521,2022,RD,V,15.07
kommun,2521,2022,RD,MP,2.13
kommun,2521,2022,RD,KD,8.34
kommun,2521,2022,RD,SD,23.3
kommun,2521,2022,RF,M,7.77
kommun,2521,2022,RF,S,33.48
kommun,2521,2022,RF,L,1.25
kommun,2521,2022,RF,C,3.87
kommun,2521,2022,RF,V,20.99
kommun,2521,2022,RF,KD,12.25
kommun,2521,2022,RF,SD,9.49
kommun,2521,2022,RF,Sjukvårdspartiet,9.71
kommun,2523,2022,KF,M,30.18
kommun,2523,2022,KF,S,26.93
kommun,2523,2022,KF,V,10.33
kommun,2523,2022,KF,MP,13.28
kommun,2523,2022,KF,SD,15.42
kommun,2523,2022,KF,Sjukvårdspartiet,2.09
kommun,2523,2022,RD,M,12.97
kommun,2523,2022,RD,S,38.5
kommun,2523,2022,RD,L,1.38
kommun,2523,2022,RD,C,2.76
kommun,2523,2022,RD,V,8.16
kommun,2523,2022,RD,MP,3.6
kommun,2523,2022,RD,KD,4.33
kommun,2523,2022,RD,SD,27.17
kommun,2523,2022,RF,M,16.8
kommun,2523,2022,RF,S,37.22
kommun,2523,2022,RF,L,1.2
kommun,2523,2022,RF,C,1.95
kommun,2523,2022,RF,V,10.49
kommun,2523,2022,RF,MP,6.44
kommun,2523,2022,RF,KD,2.96
kommun,2523,2022,RF,SD,16.2
kommun,2523,2022,RF,Sjukvårdspartiet,6.53
kommun,2560,2022,KF,M,19.6
kommun,2560,2022,KF,S,38.26
kommun,2560,2022,KF,L,4.71
kommun,2560,2022,KF,C,14.26
kommun,2560,2022,KF,V,6.88
kommun,2560,2022,KF,KD,5.0
kommun,2560,2022,KF,SD,10.52
kommun,2560,2022,RD,M,13.31
kommun,2560,2022,RD,S,43.23
kommun,2560,2022,RD,L,2.25
kommun,2560,2022,RD,C,6.61
kommun,2560,2022,RD,V,6.13
kommun,2560,2022,RD,MP,1.55
kommun,2560,2022,RD,KD,5.4
kommun,2560,2022,RD,SD,20.47
kommun,2560,2022,RF,M,12.63
kommun,2560,2022,RF,S,43.71
kommun,2560,2022,RF,L,2.77
kommun,2560,2022,RF,C,7.77
kommun,2560,2022,RF,V,7.83
kommun,2560,2022,RF,KD,5.5
kommun,2560,2022,RF,SD,11.5
kommun,2560,2022,RF,Sjukvårdspartiet,7.25
kommun,2580,2022,KF,M,15.64
kommun,2580,2022,KF,S,37.43
kommun,2580,2022,KF,L,5.25
kommun,2580,2022,KF,C,6.8
kommun,2580,2022,KF,V,8.51
kommun,2580,2022,KF,MP,3.17
kommun,2580,2022,KF,KD,6.29
kommun,2580,2022,KF,SD,9.95
kommun,2580,2022,KF,Rättvisepartiet Socialisterna,3.03
kommun,2580,2022,KF,Sjukvårdspartiet,1.77
kommun,2580,2022,KF,Landsbygdspartiet Oberoende,1.9
kommun,2580,2022,RD,M,15.7
kommun,2580,2022,RD,S,39.49
kommun,2580,2022,RD,L,3.62
kommun,2580,2022,RD,C,5.89
kommun,2580,2022,RD,V,7.19
kommun,2580,2022,RD,MP,4.34
kommun,2580,2022,RD,KD,5.29
kommun,2580,2022,RD,SD,17.37
kommun,2580,2022,RF,M,15.26
kommun,2580,2022,RF,S,40.6
kommun,2580,2022,RF,L,3.55
kommun,2580,2022,RF,C,6.03
kommun,2580,2022,RF,V,10.07
kommun,2580,2022,RF,MP,2.65
kommun,2580,2022,RF,KD,6.12
kommun,2580,2022,RF,SD,10.71
kommun,2580,2022,RF,Sjukvårdspartiet,4.65
kommun,2581,2022,KF,M,15.94
kommun,2581,2022,KF,S,42.27
kommun,2581,2022,KF,L,1.94
kommun,2581,2022,KF,C,9.01
kommun,2581,2022,KF,V,8.97
kommun,2581,2022,KF,MP,2.15
kommun,2581,2022,KF,KD,3.82
kommun,2581,2022,KF,SD,9.58
kommun,2581,2022,KF,Sjukvårdspartiet,2.1
kommun,2581,2022,KF,Skol och Landsbygdspartiet,3.84
kommun,2581,2022,RD,M,12.84
kommun,2581,2022,RD,S,48.04
kommun,2581,2022,RD,L,2.03
kommun,2581,2022,RD,C,5.99
kommun,2581,2022,RD,V,6.93
kommun,2581,2022,RD,MP,2.98
kommun,2581,2022,RD,KD,4.0
kommun,2581,2022,RD,SD,16.13
kommun,2581,2022,RF,M,12.94
kommun,2581,2022,RF,S,46.75
kommun,2581,2022,RF,L,1.81
kommun,2581,2022,RF,C,7.31
kommun,2581,2022,RF,V,8.9
kommun,2581,2022,RF,MP,1.86
kommun,2581,2022,RF,KD,4.2
kommun,2581,2022,RF,SD,10.01
kommun,2581,2022,RF,Sjukvårdspartiet,5.85
kommun,2582,2022,KF,M,13.93
kommun,2582,2022,KF,S,48.17
kommun,2582,2022,KF,L,1.72
kommun,2582,2022,KF,C,5.36
kommun,2582,2022,KF,V,5.21
kommun,2582,2022,KF,MP,1.85
kommun,2582,2022,KF,KD,2.43
kommun,2582,2022,KF,SD,13.08
kommun,2582,2022,KF,Sjukvårdspartiet,2.2
kommun,2582,2022,KF,Aktiv samling - Bodenalternativet,5.81
kommun,2582,2022,RD,M,14.71
kommun,2582,2022,RD,S,42.16
kommun,2582,2022,RD,L,2.35
kommun,2582,2022,RD,C,4.82
kommun,2582,2022,RD,V,5.25
kommun,2582,2022,RD,MP,2.48
kommun,2582,2022,RD,KD,4.49
kommun,2582,2022,RD,SD,22.68
kommun,2582,2022,RF,M,15.01
kommun,2582,2022,RF,S,45.38
kommun,2582,2022,RF,L,1.9
kommun,2582,2022,RF,C,4.85
kommun,2582,2022,RF,V,6.48
kommun,2582,2022,RF,MP,1.65
kommun,2582,2022,RF,KD,4.1
kommun,2582,2022,RF,SD,13.58
kommun,2582,2022,RF,Sjukvårdspartiet,6.78
kommun,2583,2022,KF,M,11.64
kommun,2583,2022,KF,S,38.26
kommun,2583,2022,KF,C,18.03
kommun,2583,2022,KF,V,3.74
kommun,2583,2022,KF,KD,5.22
kommun,2583,2022,KF,SD,14.28
kommun,2583,2022,KF,Sjukvårdspartiet,7.64
kommun,2583,2022,RD,M,13.53
kommun,2583,2022,RD,S,35.88
kommun,2583,2022,RD,L,1.73
kommun,2583,2022,RD,C,6.16
kommun,2583,2022,RD,V,3.79
kommun,2583,2022,RD,MP,1.92
kommun,2583,2022,RD,KD,5.14
kommun,2583,2022,RD,SD,30.88
kommun,2583,2022,RF,M,11.4
kommun,2583,2022,RF,S,35.35
kommun,2583,2022,RF,C,9.35
kommun,2583,2022,RF,V,4.31
kommun,2583,2022,RF,KD,4.89
kommun,2583,2022,RF,SD,15.78
kommun,2583,2022,RF,Sjukvårdspartiet,16.74
kommun,2584,2022,KF,M,10.77
kommun,2584,2022,KF,S,40.69
kommun,2584,2022,KF,C,9.71
kommun,2584,2022,KF,V,7.9
kommun,2584,2022,KF,KD,11.55
kommun,2584,2022,KF,SD,5.38
kommun,2584,2022,KF,Sjukvårdspartiet,4.87
kommun,2584,2022,KF,Feministiskt initiativ,3.56
kommun,2584,2022,KF,Sámelistu/Samelistan Partipolitiskt obunden,4.77
kommun,2584,2022,RD,M,11.14
kommun,2584,2022,RD,S,41.93
kommun,2584,2022,RD,L,1.77
kommun,2584,2022,RD,C,2.86
kommun,2584,2022,RD,V,8.12
kommun,2584,2022,RD,MP,3.76
kommun,2584,2022,RD,KD,6.77
kommun,2584,2022,RD,SD,22.11
kommun,2584,2022,RF,M,8.68
kommun,2584,2022,RF,S,37.58
kommun,2584,2022,RF,C,4.15
kommun,2584,2022,RF,V,10.22
kommun,2584,2022,RF,MP,1.98
kommun,2584,2022,RF,KD,6.81
kommun,2584,2022,RF,SD,7.55
kommun,2584,2022,RF,Sjukvårdspartiet,21.58
lan,01,2022,KF,M,22.87
lan,01,2022,KF,S,27.74
lan,01,2022,KF,L,7.01
lan,01,2022,KF,C,6.76
lan,01,2022,KF,V,10.45
lan,01,2022,KF,MP,4.8
lan,01,2022,KF,KD,4.41
lan,01,2022,KF,SD,10.36
lan,01,2022,RD,M,21.91
lan,01,2022,RD,S,27.52
lan,01,2022,RD,L,6.34
lan,01,2022,RD,C,7.85
lan,01,2022,RD,V,8.59
lan,01,2022,RD,MP,7.21
lan,01,2022,RD,KD,4.16
lan,01,2022,RD,SD,14.63
lan,01,2022,RF,M,20.18
lan,01,2022,RF,S,33.0
lan,01,2022,RF,L,6.02
lan,01,2022,RF,C,5.85
lan,01,2022,RF,V,11.58
lan,01,2022,RF,MP,3.78
lan,01,2022,RF,KD,6.61
lan,01,2022,RF,SD,10.72
lan,03,2022,KF,M,17.4
lan,03,2022,KF,S,26.76
lan,03,2022,KF,L,4.58
lan,03,2022,KF,C,8.46
lan,03,2022,KF,V,10.03
lan,03,2022,KF,MP,5.02
lan,03,2022,KF,KD,6.93
lan,03,2022,KF,SD,12.81
lan,03,2022,KF,Utvecklingspartiet demokraterna,1.58
lan,03,2022,KF,Nystart Enköping (NE),1.31
lan,03,2022,KF,Knivsta.Nu,1.34
lan,03,2022,RD,M,18.26
lan,03,2022,RD,S,29.13
lan,03,2022,RD,L,5.01
lan,03,2022,RD,C,7.25
lan,03,2022,RD,V,7.85
lan,03,2022,RD,MP,6.73
lan,03,2022,RD,KD,5.93
lan,03,2022,RD,SD,18.18
lan,03,2022,RF,M,16.95
lan,03,2022,RF,S,29.75
lan,03,2022,RF,L,4.55
lan,03,2022,RF,C,7.25
lan,03,2022,RF,V,11.66
lan,03,2022,RF,MP,4.38
lan,03,2022,RF,KD,9.07
lan,03,2022,RF,SD,13.27
lan,04,2022,KF,M,22.61
lan,04,2022,KF,S,32.67
lan,04,2022,KF,L,3.46
lan,04,2022,KF,C,6.4
lan,04,2022,KF,V,6.83
lan,04,2022,KF,MP,3.51
lan,04,2022,KF,KD,4.51
lan,04,2022,KF,SD,18.17
lan,04,2022,RD,M,19.21
lan,04,2022,RD,S,32.93
lan,04,2022,RD,L,3.59
lan,04,2022,RD,C,5.94
lan,04,2022,RD,V,5.2
lan,04,2022,RD,MP,4.01
lan,04,2022,RD,KD,4.74
lan,04,2022,RD,SD,23.01
lan,04,2022,RF,M,17.83
lan,04,2022,RF,S,30.19
lan,04,2022,RF,L,2.83
lan,04,2022,RF,C,4.92
lan,04,2022,RF,V,6.15
lan,04,2022,RF,MP,2.43
lan,04,2022,RF,KD,5.69
lan,04,2022,RF,SD,16.7
lan,04,2022,RF,Vård för Pengarna,12.19
lan,05,2022,KF,M,22.12
lan,05,2022,KF,S,29.27
lan,05,2022,KF,L,4.48
lan,05,2022,KF,C,6.65
lan,05,2022,KF,V,7.07
lan,05,2022,KF,MP,3.78
lan,05,2022,KF,KD,5.72
lan,05,2022,KF,SD,15.42
lan,05,2022,KF,Linköpingslistan,3.18
lan,05,2022,RD,M,19.83
lan,05,2022,RD,S,30.55
lan,05,2022,RD,L,4.41
lan,05,2022,RD,C,6.48
lan,05,2022,RD,V,5.62
lan,05,2022,RD,MP,4.63
lan,05,2022,RD,KD,5.97
lan,05,2022,RD,SD,21.2
lan,05,2022,RF,M,21.39
lan,05,2022,RF,S,31.32
lan,05,2022,RF,L,4.56
lan,05,2022,RF,C,6.1
lan,05,2022,RF,V,8.32
lan,05,2022,RF,MP,3.18
lan,05,2022,RF,KD,8.31
lan,05,2022,RF,SD,15.79
lan,06,2022,KF,M,18.24
lan,06,2022,KF,S,26.98
lan,06,2022,KF,L,3.7
lan,06,2022,KF,C,9.45
lan,06,2022,KF,V,4.65
lan,06,2022,KF,MP,2.5
lan,06,2022,KF,KD,12.21
lan,06,2022,KF,SD,16.65
lan,06,2022,KF,Medborgarpartiet i Gislaved,1.41
lan,06,2022,KF,Vetlanda framåtanda,1.73
lan,06,2022,RD,M,18.73
lan,06,2022,RD,S,29.05
lan,06,2022,RD,L,3.7
lan,06,2022,RD,C,7.45
lan,06,2022,RD,V,3.96
lan,06,2022,RD,MP,3.22
lan,06,2022,RD,KD,9.31
lan,06,2022,RD,SD,23.28
lan,06,2022,RF,M,16.53
lan,06,2022,RF,S,26.24
lan,06,2022,RF,L,3.28
lan,06,2022,RF,C,6.96
lan,06,2022,RF,V,5.33
lan,06,2022,RF,MP,2.3
lan,06,2022,RF,KD,12.04
lan,06,2022,RF,SD,16.74
lan,06,2022,RF,Bevara akutsjukhusen,9.28
lan,07,2022,KF,M,24.1
lan,07,2022,KF,S,31.54
lan,07,2022,KF,L,2.32
lan,07,2022,KF,C,8.2
lan,07,2022,KF,V,6.59
lan,07,2022,KF,MP,2.34
lan,07,2022,KF,KD,7.31
lan,07,2022,KF,SD,15.09
lan,07,2022,KF,Alvesta Alternativet,1.05
lan,07,2022,RD,M,19.51
lan,07,2022,RD,S,30.97
lan,07,2022,RD,L,3.12
lan,07,2022,RD,C,6.05
lan,07,2022,RD,V,5.03
lan,07,2022,RD,MP,3.47
lan,07,2022,RD,KD,6.76
lan,07,2022,RD,SD,23.61
lan,07,2022,RF,M,21.6
lan,07,2022,RF,S,33.07
lan,07,2022,RF,L,4.25
lan,07,2022,RF,C,6.76
lan,07,2022,RF,V,7.59
lan,07,2022,RF,KD,8.28
lan,07,2022,RF,SD,15.58
lan,07,2022,RF,MP,2.09
lan,08,2022,KF,M,18.56
lan,08,2022,KF,S,33.59
lan,08,2022,KF,C,11.42
lan,08,2022,KF,V,6.03
lan,08,2022,KF,MP,2.04
lan,08,2022,KF,KD,6.82
lan,08,2022,KF,SD,16.03
lan,08,2022,KF,L,2.5
lan,08,2022,RD,M,17.78
lan,08,2022,RD,S,31.74
lan,08,2022,RD,L,3.18
lan,08,2022,RD,C,6.53
lan,08,2022,RD,V,4.64
lan,08,2022,RD,MP,3.37
lan,08,2022,RD,KD,6.96
lan,08,2022,RD,SD,24.5
lan,08,2022,RF,M,17.61
lan,08,2022,RF,S,34.11
lan,08,2022,RF,C,8.1
lan,08,2022,RF,V,6.46
lan,08,2022,RF,MP,2.14
lan,08,2022,RF,KD,11.08
lan,08,2022,RF,SD,16.89
lan,08,2022,RF,L,2.82
lan,09,2022,KF,M,18.1
lan,09,2022,KF,S,31.25
lan,09,2022,KF,L,2.59
lan,09,2022,KF,C,18.54
lan,09,2022,KF,V,8.75
lan,09,2022,KF,MP,5.37
lan,09,2022,KF,KD,2.93
lan,09,2022,KF,SD,10.52
lan,09,2022,KF,Socialisterna-Välfärdspartiet,1.08
lan,09,2022,RD,M,16.81
lan,09,2022,RD,S,34.64
lan,09,2022,RD,L,2.82
lan,09,2022,RD,C,11.72
lan,09,2022,RD,V,6.37
lan,09,2022,RD,MP,6.47
lan,09,2022,RD,KD,3.97
lan,09,2022,RD,SD,15.69
lan,10,2022,KF,M,19.52
lan,10,2022,KF,S,30.73
lan,10,2022,KF,L,3.32
lan,10,2022,KF,C,6.41
lan,10,2022,KF,V,5.39
lan,10,2022,KF,MP,2.59
lan,10,2022,KF,KD,5.31
lan,10,2022,KF,SD,24.66
lan,10,2022,RD,M,17.86
lan,10,2022,RD,S,31.14
lan,10,2022,RD,L,3.51
lan,10,2022,RD,C,4.84
lan,10,2022,RD,V,4.44
lan,10,2022,RD,MP,2.91
lan,10,2022,RD,KD,5.54
lan,10,2022,RD,SD,28.53
lan,10,2022,RF,M,18.12
lan,10,2022,RF,S,33.74
lan,10,2022,RF,L,2.92
lan,10,2022,RF,C,5.68
lan,10,2022,RF,V,5.49
lan,10,2022,RF,MP,2.22
lan,10,2022,RF,KD,7.07
lan,10,2022,RF,SD,23.85
lan,12,2022,KF,M,22.2
lan,12,2022,KF,S,25.9
lan,12,2022,KF,L,7.63
lan,12,2022,KF,C,5.12
lan,12,2022,KF,V,6.99
lan,12,2022,KF,MP,4.05
lan,12,2022,KF,KD,3.72
lan,12,2022,KF,SD,19.59
lan,12,2022,RD,M,19.99
lan,12,2022,RD,S,26.72
lan,12,2022,RD,L,4.83
lan,12,2022,RD,C,5.59
lan,12,2022,RD,V,6.34
lan,12,2022,RD,MP,4.91
lan,12,2022,RD,KD,4.68
lan,12,2022,RD,SD,25.11
lan,12,2022,RF,M,21.79
lan,12,2022,RF,S,29.15
lan,12,2022,RF,L,5.23
lan,12,2022,RF,C,4.67
lan,12,2022,RF,V,7.58
lan,12,2022,RF,MP,3.66
lan,12,2022,RF,KD,5.83
lan,12,2022,RF,SD,19.94
lan,13,2022,KF,M,21.93
lan,13,2022,KF,S,27.39
lan,13,2022,KF,L,4.88
lan,13,2022,KF,C,9.98
lan,13,2022,KF,V,4.53
lan,13,2022,KF,MP,2.75
lan,13,2022,KF,KD,5.88
lan,13,2022,KF,SD,15.83
lan,13,2022,KF,Hjärta för Halmstad,1.71
lan,13,2022,KF,Halmstads Lokala Parti,1.01
lan,13,2022,RD,M,22.47
lan,13,2022,RD,S,28.27
lan,13,2022,RD,L,4.84
lan,13,2022,RD,C,7.03
lan,13,2022,RD,V,4.04
lan,13,2022,RD,MP,3.59
lan,13,2022,RD,KD,6.01
lan,13,2022,RD,SD,22.58
lan,13,2022,RF,M,23.23
lan,13,2022,RF,S,28.75
lan,13,2022,RF,L,4.93
lan,13,2022,RF,C,8.86
lan,13,2022,RF,V,5.12
lan,13,2022,RF,MP,2.65
lan,13,2022,RF,KD,8.31
lan,13,2022,RF,SD,16.57
lan,14,2022,KF,M,20.25
lan,14,2022,KF,S,27.2
lan,14,2022,KF,L,5.02
lan,14,2022,KF,C,6.67
lan,14,2022,KF,V,9.5
lan,14,2022,KF,MP,4.21
lan,14,2022,KF,KD,5.72
lan,14,2022,KF,SD,14.9
lan,14,2022,KF,Demokraterna,1.98
lan,14,2022,RD,M,18.85
lan,14,2022,RD,S,29.12
lan,14,2022,RD,L,4.73
lan,14,2022,RD,C,6.25
lan,14,2022,RD,V,7.64
lan,14,2022,RD,MP,5.28
lan,14,2022,RD,KD,5.85
lan,14,2022,RD,SD,20.57
lan,14,2022,RF,M,18.44
lan,14,2022,RF,S,29.45
lan,14,2022,RF,L,4.78
lan,14,2022,RF,C,5.94
lan,14,2022,RF,V,10.04
lan,14,2022,RF,MP,3.56
lan,14,2022,RF,KD,7.93
lan,14,2022,RF,SD,15.43
lan,14,2022,RF,Demokraterna,2.11
lan,17,2022,KF,M,17.95
lan,17,2022,KF,S,34.81
lan,17,2022,KF,L,4.66
lan,17,2022,KF,C,8.67
lan,17,2022,KF,V,5.48
lan,17,2022,KF,MP,3.18
lan,17,2022,KF,KD,5.2
lan,17,2022,KF,SD,14.44
lan,17,2022,KF,Karlstadpartiet Livskvalitet,1.18
lan,17,2022,KF,OBEROENDE REALISTER,1.7
lan,17,2022,RD,M,17.05
lan,17,2022,RD,S,34.59
lan,17,2022,RD,L,3.71
lan,17,2022,RD,C,6.34
lan,17,2022,RD,V,5.01
lan,17,2022,RD,MP,3.64
lan,17,2022,RD,KD,5.81
lan,17,2022,RD,SD,22.8
lan,17,2022,RF,M,15.92
lan,17,2022,RF,S,36.88
lan,17,2022,RF,L,3.74
lan,17,2022,RF,C,6.49
lan,17,2022,RF,V,5.85
lan,17,2022,RF,KD,7.75
lan,17,2022,RF,SD,15.68
lan,17,2022,RF,Sjukvårdspartiet i Värmland,4.12
lan,17,2022,RF,MP,2.64
lan,18,2022,KF,M,19.87
lan,18,2022,KF,S,30.56
lan,18,2022,KF,L,5.11
lan,18,2022,KF,C,7.66
lan,18,2022,KF,V,8.0
lan,18,2022,KF,MP,3.02
lan,18,2022,KF,KD,5.19
lan,18,2022,KF,SD,14.13
lan,18,2022,KF,Örebropartiet,4.01
lan,18,2022,RD,M,16.74
lan,18,2022,RD,S,33.25
lan,18,2022,RD,L,4.55
lan,18,2022,RD,C,6.26
lan,18,2022,RD,V,6.11
lan,18,2022,RD,MP,4.05
lan,18,2022,RD,KD,5.34
lan,18,2022,RD,SD,22.09
lan,18,2022,RF,M,18.47
lan,18,2022,RF,S,32.06
lan,18,2022,RF,L,4.73
lan,18,2022,RF,C,6.43
lan,18,2022,RF,V,7.86
lan,18,2022,RF,KD,6.58
lan,18,2022,RF,SD,14.65
lan,18,2022,RF,MP,2.95
lan,18,2022,RF,Örebropartiet,4.46
lan,19,2022,KF,M,20.51
lan,19,2022,KF,S,31.61
lan,19,2022,KF,L,5.22
lan,19,2022,KF,C,6.56
lan,19,2022,KF,V,8.54
lan,19,2022,KF,MP,2.3
lan,19,2022,KF,KD,4.77
lan,19,2022,KF,SD,17.81
lan,19,2022,RD,M,19.13
lan,19,2022,RD,S,32.0
lan,19,2022,RD,L,4.16
lan,19,2022,RD,C,5.4
lan,19,2022,RD,V,6.13
lan,19,2022,RD,MP,3.2
lan,19,2022,RD,KD,5.01
lan,19,2022,RD,SD,23.67
lan,19,2022,RF,M,20.41
lan,19,2022,RF,S,32.92
lan,19,2022,RF,L,4.91
lan,19,2022,RF,C,5.74
lan,19,2022,RF,V,8.21
lan,19,2022,RF,MP,2.05
lan,19,2022,RF,KD,7.0
lan,19,2022,RF,SD,18.07
lan,20,2022,KF,M,18.08
lan,20,2022,KF,S,31.19
lan,20,2022,KF,L,2.9
lan,20,2022,KF,C,12.55
lan,20,2022,KF,V,6.57
lan,20,2022,KF,MP,2.54
lan,20,2022,KF,KD,5.76
lan,20,2022,KF,SD,14.96
lan,20,2022,KF,Bygdepartiet,1.12
lan,20,2022,KF,Morapartiet,1.32
lan,20,2022,RD,M,16.43
lan,20,2022,RD,S,31.66
lan,20,2022,RD,L,3.1
lan,20,2022,RD,C,6.5
lan,20,2022,RD,V,5.33
lan,20,2022,RD,MP,3.8
lan,20,2022,RD,KD,6.02
lan,20,2022,RD,SD,25.69
lan,20,2022,RF,M,18.55
lan,20,2022,RF,S,32.82
lan,20,2022,RF,L,2.64
lan,20,2022,RF,C,8.1
lan,20,2022,RF,V,6.43
lan,20,2022,RF,MP,2.47
lan,20,2022,RF,KD,7.36
lan,20,2022,RF,SD,15.62
lan,20,2022,RF,Dalarnas Sjukvårdsparti,5.28
lan,21,2022,KF,M,17.63
lan,21,2022,KF,S,31.44
lan,21,2022,KF,L,3.52
lan,21,2022,KF,C,9.72
lan,21,2022,KF,V,7.43
lan,21,2022,KF,MP,2.91
lan,21,2022,KF,KD,5.09
lan,21,2022,KF,SD,18.82
lan,21,2022,RD,M,16.24
lan,21,2022,RD,S,34.73
lan,21,2022,RD,L,2.99
lan,21,2022,RD,C,6.25
lan,21,2022,RD,V,5.91
lan,21,2022,RD,MP,3.45
lan,21,2022,RD,KD,5.1
lan,21,2022,RD,SD,24.09
lan,21,2022,RF,M,17.19
lan,21,2022,RF,S,31.98
lan,21,2022,RF,L,2.86
lan,21,2022,RF,C,7.48
lan,21,2022,RF,V,7.91
lan,21,2022,RF,MP,2.53
lan,21,2022,RF,KD,6.2
lan,21,2022,RF,SD,18.66
lan,21,2022,RF,Sjukvårdspartiet Gävleborg,4.8
lan,22,2022,KF,M,15.01
lan,22,2022,KF,S,38.18
lan,22,2022,KF,L,2.77
lan,22,2022,KF,C,12.6
lan,22,2022,KF,V,7.06
lan,22,2022,KF,MP,2.4
lan,22,2022,KF,KD,5.87
lan,22,2022,KF,SD,12.99
lan,22,2022,RD,M,13.97
lan,22,2022,RD,S,39.42
lan,22,2022,RD,L,2.74
lan,22,2022,RD,C,7.45
lan,22,2022,RD,V,5.75
lan,22,2022,RD,MP,3.43
lan,22,2022,RD,KD,5.41
lan,22,2022,RD,SD,20.68
lan,22,2022,RF,M,12.91
lan,22,2022,RF,S,32.87
lan,22,2022,RF,L,2.19
lan,22,2022,RF,C,7.8
lan,22,2022,RF,V,6.36
lan,22,2022,RF,MP,1.66
lan,22,2022,RF,KD,5.69
lan,22,2022,RF,SD,11.78
lan,22,2022,RF,Sjukvårdspartiet - Västernorrland,18.53
lan,23,2022,KF,M,15.62
lan,23,2022,KF,S,34.83
lan,23,2022,KF,L,2.44
lan,23,2022,KF,C,15.8
lan,23,2022,KF,V,6.24
lan,23,2022,KF,MP,3.55
lan,23,2022,KF,KD,5.21
lan,23,2022,KF,SD,11.25
lan,23,2022,KF,Västjämtlands Väl,1.9
lan,23,2022,RD,M,14.79
lan,23,2022,RD,S,36.07
lan,23,2022,RD,L,2.64
lan,23,2022,RD,C,9.14
lan,23,2022,RD,V,5.59
lan,23,2022,RD,MP,5.02
lan,23,2022,RD,KD,5.38
lan,23,2022,RD,SD,20.11
lan,23,2022,RF,M,15.57
lan,23,2022,RF,S,36.95
lan,23,2022,RF,L,2.53
lan,23,2022,RF,C,12.62
lan,23,2022,RF,V,7.21
lan,23,2022,RF,MP,3.23
lan,23,2022,RF,KD,8.76
lan,23,2022,RF,SD,12.45
lan,24,2022,KF,M,16.27
lan,24,2022,KF,S,37.69
lan,24,2022,KF,L,3.68
lan,24,2022,KF,C,9.76
lan,24,2022,KF,V,11.06
lan,24,2022,KF,MP,4.47
lan,24,2022,KF,KD,6.18
lan,24,2022,KF,SD,7.89
lan,24,2022,KF,Demokratiska Sekulära Socialister Arbetarpartiet,1.7
lan,24,2022,RD,M,14.15
lan,24,2022,RD,S,40.73
lan,24,2022,RD,L,3.12
lan,24,2022,RD,C,7.79
lan,24,2022,RD,V,8.5
lan,24,2022,RD,MP,5.44
lan,24,2022,RD,KD,4.71
lan,24,2022,RD,SD,14.46
lan,24,2022,RF,M,16.89
lan,24,2022,RF,S,37.12
lan,24,2022,RF,L,4.38
lan,24,2022,RF,C,8.63
lan,24,2022,RF,V,11.87
lan,24,2022,RF,MP,3.79
lan,24,2022,RF,KD,7.06
lan,24,2022,RF,SD,8.89
lan,25,2022,KF,M,15.46
lan,25,2022,KF,S,39.13
lan,25,2022,KF,L,3.05
lan,25,2022,KF,C,7.96
lan,25,2022,KF,V,8.13
lan,25,2022,KF,MP,3.13
lan,25,2022,KF,KD,4.92
lan,25,2022,KF,SD,10.14
lan,25,2022,KF,Sjukvårdspartiet,2.41
lan,25,2022,RD,M,13.57
lan,25,2022,RD,S,41.64
lan,25,2022,RD,L,2.54
lan,25,2022,RD,C,5.29
lan,25,2022,RD,V,6.98
lan,25,2022,RD,MP,3.44
lan,25,2022,RD,KD,5.12
lan,25,2022,RD,SD,20.3
lan,25,2022,RF,M,13.63
lan,25,2022,RF,S,41.61
lan,25,2022,RF,L,2.29
lan,25,2022,RF,C,5.86
lan,25,2022,RF,V,9.11
lan,25,2022,RF,MP,2.46
lan,25,2022,RF,KD,5.16
lan,25,2022,RF,SD,11.29
lan,25,2022,RF,Sjukvårdspartiet,8.22
riket,00,2022,KF,M,20.51
riket,00,2022,KF,S,29.31
riket,00,2022,KF,L,5.24
riket,00,2022,KF,C,7.69
riket,00,2022,KF,V,8.25
riket,00,2022,KF,MP,3.82
riket,00,2022,KF,KD,5.36
riket,00,2022,KF,SD,14.55
riket,00,2022,RD,M,19.1
riket,00,2022,RD,S,30.33
riket,00,2022,RD,L,4.61
riket,00,2022,RD,C,6.71
riket,00,2022,RD,V,6.75
riket,00,2022,RD,MP,5.08
riket,00,2022,RD,KD,5.34
riket,00,2022,RD,SD,20.54
riket,00,2022,RF,M,19.08
riket,00,2022,RF,S,31.68
riket,00,2022,RF,L,4.6
riket,00,2022,RF,C,6.32
riket,00,2022,RF,V,8.89
riket,00,2022,RF,MP,3.23
riket,00,2022,RF,KD,7.31
riket,00,2022,RF,SD,14.94
