niva,kod,year,val,party,share,roster
kommun,0114,2014,KF,V,6.62,25119
kommun,0114,2014,KF,S,31.36,25119
kommun,0114,2014,KF,MP,9.92,25119
kommun,0114,2014,KF,C,3.2,25119
kommun,0114,2014,KF,L,6.95,25119
kommun,0114,2014,KF,KD,4.45,25119
kommun,0114,2014,KF,M,26.17,25119
kommun,0114,2014,KF,SD,6.31,25119
kommun,0114,2014,RD,V,5.83,24527
kommun,0114,2014,RD,S,30.28,24527
kommun,0114,2014,RD,MP,6.85,24527
kommun,0114,2014,RD,C,3.75,24527
kommun,0114,2014,RD,L,6.12,24527
kommun,0114,2014,RD,KD,4.46,24527
kommun,0114,2014,RD,M,28.43,24527
kommun,0114,2014,RD,SD,10.92,24527
kommun,0114,2014,RF,V,6.88,25023
kommun,0114,2014,RF,S,34.54,25023
kommun,0114,2014,RF,MP,7.36,25023
kommun,0114,2014,RF,C,3.24,25023
kommun,0114,2014,RF,L,6.68,25023
kommun,0114,2014,RF,KD,5.69,25023
kommun,0114,2014,RF,M,26.06,25023
kommun,0114,2014,RF,SD,7.11,25023
kommun,0114,2018,KF,V,7.6,26678
kommun,0114,2018,KF,S,25.68,26678
kommun,0114,2018,KF,MP,4.72,26678
kommun,0114,2018,KF,C,4.73,26678
kommun,0114,2018,KF,L,5.19,26678
kommun,0114,2018,KF,KD,5.62,26678
kommun,0114,2018,KF,M,23.4,26678
kommun,0114,2018,KF,SD,12.94,26678
kommun,0114,2018,RD,V,8.01,25830
kommun,0114,2018,RD,S,26.97,25830
kommun,0114,2018,RD,MP,3.92,25830
kommun,0114,2018,RD,C,6.26,25830
kommun,0114,2018,RD,L,5.66,25830
kommun,0114,2018,RD,KD,6.71,25830
kommun,0114,2018,RD,M,23.11,25830
kommun,0114,2018,RD,SD,18.04,25830
kommun,0114,2018,RF,V,8.61,26564
kommun,0114,2018,RF,S,30.81,26564
kommun,0114,2018,RF,MP,3.86,26564
kommun,0114,2018,RF,C,5.53,26564
kommun,0114,2018,RF,L,5.75,26564
kommun,0114,2018,RF,KD,8.51,26564
kommun,0114,2018,RF,M,22.15,26564
kommun,0114,2018,RF,SD,13.51,26564
kommun,0114,2022,KF,V,7.78,26698
kommun,0114,2022,KF,S,26.64,26698
kommun,0114,2022,KF,MP,3.02,26698
kommun,0114,2022,KF,C,4.71,26698
kommun,0114,2022,KF,L,3.78,26698
kommun,0114,2022,KF,KD,4.37,26698
kommun,0114,2022,KF,M,20.92,26698
kommun,0114,2022,KF,SD,14.71,26698
kommun,0114,2022,RD,V,7.62,25908
kommun,0114,2022,RD,S,30.14,25908
kommun,0114,2022,RD,MP,3.62,25908
kommun,0114,2022,RD,C,5.89,25908
kommun,0114,2022,RD,L,4.34,25908
kommun,0114,2022,RD,KD,4.99,25908
kommun,0114,2022,RD,M,20.52,25908
kommun,0114,2022,RD,SD,20.94,25908
kommun,0114,2022,RF,V,9.29,26559
kommun,0114,2022,RF,S,34.48,26559
kommun,0114,2022,RF,MP,2.35,26559
kommun,0114,2022,RF,C,4.82,26559
kommun,0114,2022,RF,L,3.98,26559
kommun,0114,2022,RF,KD,7.45,26559
kommun,0114,2022,RF,M,19.91,26559
kommun,0114,2022,RF,SD,15.92,26559
kommun,0115,2014,KF,V,3.35,20104
kommun,0115,2014,KF,S,22.63,20104
kommun,0115,2014,KF,MP,9.78,20104
kommun,0115,2014,KF,C,12.45,20104
kommun,0115,2014,KF,L,10.19,20104
kommun,0115,2014,KF,KD,4.22,20104
kommun,0115,2014,KF,M,29.39,20104
kommun,0115,2014,KF,SD,6.37,20104
kommun,0115,2014,RD,V,3.24,20051
kommun,0115,2014,RD,S,19.58,20051
kommun,0115,2014,RD,MP,8.25,20051
kommun,0115,2014,RD,C,6.8,20051
kommun,0115,2014,RD,L,7.0,20051
kommun,0115,2014,RD,KD,4.91,20051
kommun,0115,2014,RD,M,36.34,20051
kommun,0115,2014,RD,SD,10.33,20051
kommun,0115,2014,RF,V,3.86,19994
kommun,0115,2014,RF,S,23.39,19994
kommun,0115,2014,RF,MP,8.42,19994
kommun,0115,2014,RF,C,7.32,19994
kommun,0115,2014,RF,L,9.0,19994
kommun,0115,2014,RF,KD,6.24,19994
kommun,0115,2014,RF,M,32.32,19994
kommun,0115,2014,RF,SD,6.62,19994
kommun,0115,2018,KF,V,3.79,21150
kommun,0115,2018,KF,S,19.21,21150
kommun,0115,2018,KF,MP,4.97,21150
kommun,0115,2018,KF,C,11.95,21150
kommun,0115,2018,KF,L,9.87,21150
kommun,0115,2018,KF,KD,5.62,21150
kommun,0115,2018,KF,M,30.53,21150
kommun,0115,2018,KF,SD,13.33,21150
kommun,0115,2018,RD,V,4.47,20952
kommun,0115,2018,RD,S,18.91,20952
kommun,0115,2018,RD,MP,4.85,20952
kommun,0115,2018,RD,C,10.11,20952
kommun,0115,2018,RD,L,7.73,20952
kommun,0115,2018,RD,KD,7.58,20952
kommun,0115,2018,RD,M,28.29,20952
kommun,0115,2018,RD,SD,16.63,20952
kommun,0115,2018,RF,V,5.07,21054
kommun,0115,2018,RF,S,22.33,21054
kommun,0115,2018,RF,MP,4.46,21054
kommun,0115,2018,RF,C,9.84,21054
kommun,0115,2018,RF,L,8.73,21054
kommun,0115,2018,RF,KD,9.54,21054
kommun,0115,2018,RF,M,26.05,21054
kommun,0115,2018,RF,SD,12.88,21054
kommun,0115,2022,KF,V,4.07,21469
kommun,0115,2022,KF,S,21.69,21469
kommun,0115,2022,KF,MP,4.93,21469
kommun,0115,2022,KF,C,9.15,21469
kommun,0115,2022,KF,L,7.05,21469
kommun,0115,2022,KF,KD,4.54,21469
kommun,0115,2022,KF,M,32.85,21469
kommun,0115,2022,KF,SD,14.85,21469
kommun,0115,2022,RD,V,3.68,21293
kommun,0115,2022,RD,S,24.08,21293
kommun,0115,2022,RD,MP,5.23,21293
kommun,0115,2022,RD,C,7.94,21293
kommun,0115,2022,RD,L,6.01,21293
kommun,0115,2022,RD,KD,5.18,21293
kommun,0115,2022,RD,M,26.02,21293
kommun,0115,2022,RD,SD,20.66,21293
kommun,0115,2022,RF,V,5.1,21364
kommun,0115,2022,RF,S,29.6,21364
kommun,0115,2022,RF,MP,3.29,21364
kommun,0115,2022,RF,C,6.4,21364
kommun,0115,2022,RF,L,5.93,21364
kommun,0115,2022,RF,KD,8.2,21364
kommun,0115,2022,RF,M,25.1,21364
kommun,0115,2022,RF,SD,15.1,21364
kommun,0117,2014,KF,V,3.39,26022
kommun,0117,2014,KF,S,21.79,26022
kommun,0117,2014,KF,MP,8.72,26022
kommun,0117,2014,KF,C,4.7,26022
kommun,0117,2014,KF,L,9.42,26022
kommun,0117,2014,KF,KD,3.12,26022
kommun,0117,2014,KF,M,27.33,26022
kommun,0117,2014,KF,SD,4.6,26022
kommun,0117,2014,RD,V,3.54,25813
kommun,0117,2014,RD,S,20.39,25813
kommun,0117,2014,RD,MP,7.76,25813
kommun,0117,2014,RD,C,5.77,25813
kommun,0117,2014,RD,L,7.58,25813
kommun,0117,2014,RD,KD,5.07,25813
kommun,0117,2014,RD,M,37.39,25813
kommun,0117,2014,RD,SD,9.75,25813
kommun,0117,2014,RF,V,4.14,25806
kommun,0117,2014,RF,S,25.77,25806
kommun,0117,2014,RF,MP,8.0,25806
kommun,0117,2014,RF,C,5.29,25806
kommun,0117,2014,RF,L,9.16,25806
kommun,0117,2014,RF,KD,6.4,25806
kommun,0117,2014,RF,M,33.8,25806
kommun,0117,2014,RF,SD,5.82,25806
kommun,0117,2018,KF,V,4.94,28207
kommun,0117,2018,KF,S,17.45,28207
kommun,0117,2018,KF,MP,4.78,28207
kommun,0117,2018,KF,C,6.25,28207
kommun,0117,2018,KF,L,7.78,28207
kommun,0117,2018,KF,KD,4.21,28207
kommun,0117,2018,KF,M,33.82,28207
kommun,0117,2018,KF,SD,9.21,28207
kommun,0117,2018,RD,V,4.97,27711
kommun,0117,2018,RD,S,19.71,27711
kommun,0117,2018,RD,MP,4.44,27711
kommun,0117,2018,RD,C,9.35,27711
kommun,0117,2018,RD,L,7.48,27711
kommun,0117,2018,RD,KD,7.13,27711
kommun,0117,2018,RD,M,29.68,27711
kommun,0117,2018,RD,SD,16.09,27711
kommun,0117,2018,RF,V,5.28,27992
kommun,0117,2018,RF,S,23.74,27992
kommun,0117,2018,RF,MP,4.07,27992
kommun,0117,2018,RF,C,9.02,27992
kommun,0117,2018,RF,L,8.04,27992
kommun,0117,2018,RF,KD,9.29,27992
kommun,0117,2018,RF,M,28.67,27992
kommun,0117,2018,RF,SD,10.93,27992
kommun,0117,2022,KF,V,4.54,30195
kommun,0117,2022,KF,S,22.55,30195
kommun,0117,2022,KF,MP,3.48,30195
kommun,0117,2022,KF,C,4.56,30195
kommun,0117,2022,KF,L,5.39,30195
kommun,0117,2022,KF,KD,3.34,30195
kommun,0117,2022,KF,M,38.24,30195
kommun,0117,2022,KF,SD,8.98,30195
kommun,0117,2022,RD,V,3.71,29997
kommun,0117,2022,RD,S,24.9,29997
kommun,0117,2022,RD,MP,4.69,29997
kommun,0117,2022,RD,C,7.52,29997
kommun,0117,2022,RD,L,6.4,29997
kommun,0117,2022,RD,KD,4.74,29997
kommun,0117,2022,RD,M,27.46,29997
kommun,0117,2022,RD,SD,19.37,29997
kommun,0117,2022,RF,V,5.25,29962
kommun,0117,2022,RF,S,30.33,29962
kommun,0117,2022,RF,MP,2.66,29962
kommun,0117,2022,RF,C,5.62,29962
kommun,0117,2022,RF,L,6.12,29962
kommun,0117,2022,RF,KD,8.45,29962
kommun,0117,2022,RF,M,28.18,29962
kommun,0117,2022,RF,SD,11.93,29962
kommun,0120,2014,KF,V,3.41,25526
kommun,0120,2014,KF,S,28.12,25526
kommun,0120,2014,KF,MP,9.8,25526
kommun,0120,2014,KF,C,5.37,25526
kommun,0120,2014,KF,L,8.51,25526
kommun,0120,2014,KF,KD,4.09,25526
kommun,0120,2014,KF,M,31.13,25526
kommun,0120,2014,KF,SD,7.54,25526
kommun,0120,2014,RD,V,3.75,25255
kommun,0120,2014,RD,S,20.34,25255
kommun,0120,2014,RD,MP,8.3,25255
kommun,0120,2014,RD,C,5.37,25255
kommun,0120,2014,RD,L,6.24,25255
kommun,0120,2014,RD,KD,4.26,25255
kommun,0120,2014,RD,M,37.41,25255
kommun,0120,2014,RD,SD,10.4,25255
kommun,0120,2014,RF,V,4.64,25366
kommun,0120,2014,RF,S,26.24,25366
kommun,0120,2014,RF,MP,8.31,25366
kommun,0120,2014,RF,C,4.9,25366
kommun,0120,2014,RF,L,7.73,25366
kommun,0120,2014,RF,KD,5.54,25366
kommun,0120,2014,RF,M,32.89,25366
kommun,0120,2014,RF,SD,7.12,25366
kommun,0120,2018,KF,V,4.57,28443
kommun,0120,2018,KF,S,26.84,28443
kommun,0120,2018,KF,MP,6.58,28443
kommun,0120,2018,KF,C,8.85,28443
kommun,0120,2018,KF,L,6.79,28443
kommun,0120,2018,KF,KD,5.51,28443
kommun,0120,2018,KF,M,27.28,28443
kommun,0120,2018,KF,SD,12.87,28443
kommun,0120,2018,RD,V,6.02,28115
kommun,0120,2018,RD,S,20.48,28115
kommun,0120,2018,RD,MP,5.41,28115
kommun,0120,2018,RD,C,9.76,28115
kommun,0120,2018,RD,L,6.4,28115
kommun,0120,2018,RD,KD,5.89,28115
kommun,0120,2018,RD,M,27.49,28115
kommun,0120,2018,RD,SD,17.19,28115
kommun,0120,2018,RF,V,6.16,28243
kommun,0120,2018,RF,S,25.51,28243
kommun,0120,2018,RF,MP,4.64,28243
kommun,0120,2018,RF,C,9.75,28243
kommun,0120,2018,RF,L,6.53,28243
kommun,0120,2018,RF,KD,7.78,28243
kommun,0120,2018,RF,M,25.44,28243
kommun,0120,2018,RF,SD,12.73,28243
kommun,0120,2022,KF,V,4.91,29825
kommun,0120,2022,KF,S,32.97,29825
kommun,0120,2022,KF,MP,4.07,29825
kommun,0120,2022,KF,C,6.98,29825
kommun,0120,2022,KF,L,4.57,29825
kommun,0120,2022,KF,KD,5.05,29825
kommun,0120,2022,KF,M,23.33,29825
kommun,0120,2022,KF,SD,13.89,29825
kommun,0120,2022,RD,V,4.67,29584
kommun,0120,2022,RD,S,26.5,29584
kommun,0120,2022,RD,MP,6.36,29584
kommun,0120,2022,RD,C,8.0,29584
kommun,0120,2022,RD,L,5.39,29584
kommun,0120,2022,RD,KD,4.49,29584
kommun,0120,2022,RD,M,23.73,29584
kommun,0120,2022,RD,SD,19.78,29584
kommun,0120,2022,RF,V,6.39,29615
kommun,0120,2022,RF,S,33.79,29615
kommun,0120,2022,RF,MP,3.23,29615
kommun,0120,2022,RF,C,6.45,29615
kommun,0120,2022,RF,L,4.68,29615
kommun,0120,2022,RF,KD,7.13,29615
kommun,0120,2022,RF,M,22.32,29615
kommun,0120,2022,RF,SD,14.8,29615
kommun,0123,2014,KF,V,6.55,42876
kommun,0123,2014,KF,S,31.49,42876
kommun,0123,2014,KF,MP,8.65,42876
kommun,0123,2014,KF,C,4.4,42876
kommun,0123,2014,KF,L,6.88,42876
kommun,0123,2014,KF,KD,4.95,42876
kommun,0123,2014,KF,M,28.79,42876
kommun,0123,2014,KF,SD,7.42,42876
kommun,0123,2014,RD,V,5.9,42200
kommun,0123,2014,RD,S,28.55,42200
kommun,0123,2014,RD,MP,7.74,42200
kommun,0123,2014,RD,C,4.01,42200
kommun,0123,2014,RD,L,6.13,42200
kommun,0123,2014,RD,KD,5.0,42200
kommun,0123,2014,RD,M,28.98,42200
kommun,0123,2014,RD,SD,10.23,42200
kommun,0123,2014,RF,V,6.97,42807
kommun,0123,2014,RF,S,32.6,42807
kommun,0123,2014,RF,MP,7.86,42807
kommun,0123,2014,RF,C,3.38,42807
kommun,0123,2014,RF,L,6.65,42807
kommun,0123,2014,RF,KD,6.15,42807
kommun,0123,2014,RF,M,27.18,42807
kommun,0123,2014,RF,SD,6.87,42807
kommun,0123,2018,KF,V,8.79,46904
kommun,0123,2018,KF,S,28.43,46904
kommun,0123,2018,KF,MP,4.77,46904
kommun,0123,2018,KF,C,5.35,46904
kommun,0123,2018,KF,L,8.93,46904
kommun,0123,2018,KF,KD,5.74,46904
kommun,0123,2018,KF,M,24.48,46904
kommun,0123,2018,KF,SD,12.4,46904
kommun,0123,2018,RD,V,8.75,45654
kommun,0123,2018,RD,S,27.68,45654
kommun,0123,2018,RD,MP,4.54,45654
kommun,0123,2018,RD,C,6.31,45654
kommun,0123,2018,RD,L,6.04,45654
kommun,0123,2018,RD,KD,6.29,45654
kommun,0123,2018,RD,M,23.96,45654
kommun,0123,2018,RD,SD,15.0,45654
kommun,0123,2018,RF,V,9.57,46825
kommun,0123,2018,RF,S,30.79,46825
kommun,0123,2018,RF,MP,4.43,46825
kommun,0123,2018,RF,C,5.41,46825
kommun,0123,2018,RF,L,6.64,46825
kommun,0123,2018,RF,KD,8.08,46825
kommun,0123,2018,RF,M,22.04,46825
kommun,0123,2018,RF,SD,11.66,46825
kommun,0123,2022,KF,V,10.66,46614
kommun,0123,2022,KF,S,31.38,46614
kommun,0123,2022,KF,MP,3.57,46614
kommun,0123,2022,KF,C,5.69,46614
kommun,0123,2022,KF,L,7.25,46614
kommun,0123,2022,KF,KD,4.41,46614
kommun,0123,2022,KF,M,20.77,46614
kommun,0123,2022,KF,SD,11.75,46614
kommun,0123,2022,RD,V,9.13,45409
kommun,0123,2022,RD,S,30.71,45409
kommun,0123,2022,RD,MP,4.81,45409
kommun,0123,2022,RD,C,6.09,45409
kommun,0123,2022,RD,L,5.13,45409
kommun,0123,2022,RD,KD,4.25,45409
kommun,0123,2022,RD,M,21.04,45409
kommun,0123,2022,RD,SD,16.42,45409
kommun,0123,2022,RF,V,10.87,46442
kommun,0123,2022,RF,S,35.36,46442
kommun,0123,2022,RF,MP,2.85,46442
kommun,0123,2022,RF,C,4.51,46442
kommun,0123,2022,RF,L,5.49,46442
kommun,0123,2022,RF,KD,6.34,46442
kommun,0123,2022,RF,M,19.3,46442
kommun,0123,2022,RF,SD,12.34,46442
kommun,0125,2014,KF,V,2.43,17092
kommun,0125,2014,KF,S,15.17,17092
kommun,0125,2014,KF,MP,11.41,17092
kommun,0125,2014,KF,C,6.07,17092
kommun,0125,2014,KF,L,7.9,17092
kommun,0125,2014,KF,KD,6.0,17092
kommun,0125,2014,KF,M,37.89,17092
kommun,0125,2014,KF,SD,5.07,17092
kommun,0125,2014,RD,V,3.19,17013
kommun,0125,2014,RD,S,16.07,17013
kommun,0125,2014,RD,MP,8.25,17013
kommun,0125,2014,RD,C,7.1,17013
kommun,0125,2014,RD,L,7.35,17013
kommun,0125,2014,RD,KD,6.28,17013
kommun,0125,2014,RD,M,38.87,17013
kommun,0125,2014,RD,SD,9.35,17013
kommun,0125,2014,RF,V,4.29,16934
kommun,0125,2014,RF,S,19.86,16934
kommun,0125,2014,RF,MP,9.53,16934
kommun,0125,2014,RF,C,5.86,16934
kommun,0125,2014,RF,L,8.58,16934
kommun,0125,2014,RF,KD,7.67,16934
kommun,0125,2014,RF,M,37.09,16934
kommun,0125,2014,RF,SD,5.18,16934
kommun,0125,2018,KF,V,2.77,17916
kommun,0125,2018,KF,S,15.24,17916
kommun,0125,2018,KF,MP,6.7,17916
kommun,0125,2018,KF,C,7.98,17916
kommun,0125,2018,KF,L,11.67,17916
kommun,0125,2018,KF,KD,7.62,17916
kommun,0125,2018,KF,M,27.43,17916
kommun,0125,2018,KF,SD,10.76,17916
kommun,0125,2018,RD,V,4.76,17814
kommun,0125,2018,RD,S,17.17,17814
kommun,0125,2018,RD,MP,5.7,17814
kommun,0125,2018,RD,C,11.24,17814
kommun,0125,2018,RD,L,7.64,17814
kommun,0125,2018,RD,KD,7.85,17814
kommun,0125,2018,RD,M,28.12,17814
kommun,0125,2018,RD,SD,16.21,17814
kommun,0125,2018,RF,V,5.03,17772
kommun,0125,2018,RF,S,20.25,17772
kommun,0125,2018,RF,MP,5.3,17772
kommun,0125,2018,RF,C,10.22,17772
kommun,0125,2018,RF,L,9.26,17772
kommun,0125,2018,RF,KD,11.1,17772
kommun,0125,2018,RF,M,26.15,17772
kommun,0125,2018,RF,SD,11.49,17772
kommun,0125,2022,KF,V,3.2,18245
kommun,0125,2022,KF,S,21.67,18245
kommun,0125,2022,KF,MP,5.58,18245
kommun,0125,2022,KF,C,6.15,18245
kommun,0125,2022,KF,L,8.92,18245
kommun,0125,2022,KF,KD,7.04,18245
kommun,0125,2022,KF,M,26.14,18245
kommun,0125,2022,KF,SD,13.15,18245
kommun,0125,2022,RD,V,3.77,18186
kommun,0125,2022,RD,S,23.02,18186
kommun,0125,2022,RD,MP,6.11,18186
kommun,0125,2022,RD,C,9.14,18186
kommun,0125,2022,RD,L,6.32,18186
kommun,0125,2022,RD,KD,5.66,18186
kommun,0125,2022,RD,M,25.61,18186
kommun,0125,2022,RD,SD,19.26,18186
kommun,0125,2022,RF,V,5.44,18088
kommun,0125,2022,RF,S,28.41,18088
kommun,0125,2022,RF,MP,3.92,18088
kommun,0125,2022,RF,C,6.77,18088
kommun,0125,2022,RF,L,6.52,18088
kommun,0125,2022,RF,KD,9.97,18088
kommun,0125,2022,RF,M,24.08,18088
kommun,0125,2022,RF,SD,13.37,18088
kommun,0126,2014,KF,V,6.17,58747
kommun,0126,2014,KF,S,27.53,58747
kommun,0126,2014,KF,MP,9.26,58747
kommun,0126,2014,KF,C,4.43,58747
kommun,0126,2014,KF,L,6.13,58747
kommun,0126,2014,KF,KD,3.39,58747
kommun,0126,2014,KF,M,27.3,58747
kommun,0126,2014,KF,SD,7.97,58747
kommun,0126,2014,RD,V,5.36,57254
kommun,0126,2014,RD,S,26.9,57254
kommun,0126,2014,RD,MP,8.46,57254
kommun,0126,2014,RD,C,4.24,57254
kommun,0126,2014,RD,L,6.0,57254
kommun,0126,2014,RD,KD,4.12,57254
kommun,0126,2014,RD,M,30.49,57254
kommun,0126,2014,RD,SD,10.45,57254
kommun,0126,2014,RF,V,6.65,58515
kommun,0126,2014,RF,S,30.81,58515
kommun,0126,2014,RF,MP,8.79,58515
kommun,0126,2014,RF,C,3.71,58515
kommun,0126,2014,RF,L,6.56,58515
kommun,0126,2014,RF,KD,5.08,58515
kommun,0126,2014,RF,M,27.84,58515
kommun,0126,2014,RF,SD,7.72,58515
kommun,0126,2018,KF,V,8.72,63105
kommun,0126,2018,KF,S,25.52,63105
kommun,0126,2018,KF,MP,5.3,63105
kommun,0126,2018,KF,C,5.59,63105
kommun,0126,2018,KF,L,6.51,63105
kommun,0126,2018,KF,KD,3.98,63105
kommun,0126,2018,KF,M,24.01,63105
kommun,0126,2018,KF,SD,11.4,63105
kommun,0126,2018,RD,V,8.63,61440
kommun,0126,2018,RD,S,26.1,61440
kommun,0126,2018,RD,MP,5.32,61440
kommun,0126,2018,RD,C,7.52,61440
kommun,0126,2018,RD,L,6.14,61440
kommun,0126,2018,RD,KD,5.35,61440
kommun,0126,2018,RD,M,24.07,61440
kommun,0126,2018,RD,SD,15.17,61440
kommun,0126,2018,RF,V,9.51,62877
kommun,0126,2018,RF,S,29.59,62877
kommun,0126,2018,RF,MP,5.09,62877
kommun,0126,2018,RF,C,6.39,62877
kommun,0126,2018,RF,L,6.51,62877
kommun,0126,2018,RF,KD,6.71,62877
kommun,0126,2018,RF,M,22.75,62877
kommun,0126,2018,RF,SD,11.89,62877
kommun,0126,2022,KF,V,9.75,62273
kommun,0126,2022,KF,S,29.25,62273
kommun,0126,2022,KF,MP,3.81,62273
kommun,0126,2022,KF,C,5.81,62273
kommun,0126,2022,KF,L,4.96,62273
kommun,0126,2022,KF,KD,3.38,62273
kommun,0126,2022,KF,M,20.76,62273
kommun,0126,2022,KF,SD,12.61,62273
kommun,0126,2022,RD,V,8.41,60934
kommun,0126,2022,RD,S,30.0,60934
kommun,0126,2022,RD,MP,5.65,60934
kommun,0126,2022,RD,C,6.86,60934
kommun,0126,2022,RD,L,4.73,60934
kommun,0126,2022,RD,KD,3.79,60934
kommun,0126,2022,RD,M,21.37,60934
kommun,0126,2022,RD,SD,17.05,60934
kommun,0126,2022,RF,V,10.64,62046
kommun,0126,2022,RF,S,35.68,62046
kommun,0126,2022,RF,MP,3.28,62046
kommun,0126,2022,RF,C,5.23,62046
kommun,0126,2022,RF,L,4.34,62046
kommun,0126,2022,RF,KD,5.82,62046
kommun,0126,2022,RF,M,19.73,62046
kommun,0126,2022,RF,SD,12.98,62046
kommun,0127,2014,KF,V,7.09,45637
kommun,0127,2014,KF,S,35.67,45637
kommun,0127,2014,KF,MP,10.33,45637
kommun,0127,2014,KF,C,2.18,45637
kommun,0127,2014,KF,L,4.76,45637
kommun,0127,2014,KF,KD,5.2,45637
kommun,0127,2014,KF,M,16.03,45637
kommun,0127,2014,KF,SD,7.6,45637
kommun,0127,2014,RD,V,6.84,43727
kommun,0127,2014,RD,S,36.15,43727
kommun,0127,2014,RD,MP,8.11,43727
kommun,0127,2014,RD,C,2.71,43727
kommun,0127,2014,RD,L,4.75,43727
kommun,0127,2014,RD,KD,5.65,43727
kommun,0127,2014,RD,M,22.11,43727
kommun,0127,2014,RD,SD,10.28,43727
kommun,0127,2014,RF,V,7.8,45395
kommun,0127,2014,RF,S,39.94,45395
kommun,0127,2014,RF,MP,8.58,45395
kommun,0127,2014,RF,C,2.29,45395
kommun,0127,2014,RF,L,5.1,45395
kommun,0127,2014,RF,KD,6.43,45395
kommun,0127,2014,RF,M,19.84,45395
kommun,0127,2014,RF,SD,7.69,45395
kommun,0127,2018,KF,V,9.13,47610
kommun,0127,2018,KF,S,30.78,47610
kommun,0127,2018,KF,MP,5.14,47610
kommun,0127,2018,KF,C,3.22,47610
kommun,0127,2018,KF,L,3.89,47610
kommun,0127,2018,KF,KD,8.17,47610
kommun,0127,2018,KF,M,15.19,47610
kommun,0127,2018,KF,SD,11.39,47610
kommun,0127,2018,RD,V,9.85,45393
kommun,0127,2018,RD,S,32.34,45393
kommun,0127,2018,RD,MP,3.85,45393
kommun,0127,2018,RD,C,5.19,45393
kommun,0127,2018,RD,L,4.39,45393
kommun,0127,2018,RD,KD,8.13,45393
kommun,0127,2018,RD,M,18.52,45393
kommun,0127,2018,RD,SD,16.05,45393
kommun,0127,2018,RF,V,10.32,47318
kommun,0127,2018,RF,S,35.16,47318
kommun,0127,2018,RF,MP,4.02,47318
kommun,0127,2018,RF,C,4.4,47318
kommun,0127,2018,RF,L,4.69,47318
kommun,0127,2018,RF,KD,9.74,47318
kommun,0127,2018,RF,M,17.75,47318
kommun,0127,2018,RF,SD,12.52,47318
kommun,0127,2022,KF,V,10.79,45061
kommun,0127,2022,KF,S,31.5,45061
kommun,0127,2022,KF,MP,3.07,45061
kommun,0127,2022,KF,C,3.4,45061
kommun,0127,2022,KF,L,2.75,45061
kommun,0127,2022,KF,KD,7.47,45061
kommun,0127,2022,KF,M,13.56,45061
kommun,0127,2022,KF,SD,12.44,45061
kommun,0127,2022,RD,V,10.33,43262
kommun,0127,2022,RD,S,32.27,43262
kommun,0127,2022,RD,MP,3.92,43262
kommun,0127,2022,RD,C,4.69,43262
kommun,0127,2022,RD,L,3.14,43262
kommun,0127,2022,RD,KD,6.56,43262
kommun,0127,2022,RD,M,17.29,43262
kommun,0127,2022,RD,SD,18.45,43262
kommun,0127,2022,RF,V,11.93,44771
kommun,0127,2022,RF,S,36.73,44771
kommun,0127,2022,RF,MP,2.66,44771
kommun,0127,2022,RF,C,3.64,44771
kommun,0127,2022,RF,L,3.1,44771
kommun,0127,2022,RF,KD,8.74,44771
kommun,0127,2022,RF,M,15.75,44771
kommun,0127,2022,RF,SD,14.1,44771
kommun,0128,2014,KF,V,4.16,9931
kommun,0128,2014,KF,S,22.99,9931
kommun,0128,2014,KF,MP,6.97,9931
kommun,0128,2014,KF,C,4.64,9931
kommun,0128,2014,KF,L,6.11,9931
kommun,0128,2014,KF,KD,3.05,9931
kommun,0128,2014,KF,M,35.28,9931
kommun,0128,2014,KF,SD,5.74,9931
kommun,0128,2014,RD,V,4.24,9728
kommun,0128,2014,RD,S,24.93,9728
kommun,0128,2014,RD,MP,7.76,9728
kommun,0128,2014,RD,C,5.29,9728
kommun,0128,2014,RD,L,6.91,9728
kommun,0128,2014,RD,KD,5.64,9728
kommun,0128,2014,RD,M,30.67,9728
kommun,0128,2014,RD,SD,11.39,9728
kommun,0128,2014,RF,V,5.31,9868
kommun,0128,2014,RF,S,29.59,9868
kommun,0128,2014,RF,MP,7.7,9868
kommun,0128,2014,RF,C,4.8,9868
kommun,0128,2014,RF,L,8.39,9868
kommun,0128,2014,RF,KD,5.87,9868
kommun,0128,2014,RF,M,29.73,9868
kommun,0128,2014,RF,SD,6.45,9868
kommun,0128,2018,KF,V,4.62,10205
kommun,0128,2018,KF,S,21.0,10205
kommun,0128,2018,KF,MP,3.25,10205
kommun,0128,2018,KF,C,5.46,10205
kommun,0128,2018,KF,L,7.15,10205
kommun,0128,2018,KF,KD,4.48,10205
kommun,0128,2018,KF,M,33.29,10205
kommun,0128,2018,KF,SD,10.04,10205
kommun,0128,2018,RD,V,5.98,9985
kommun,0128,2018,RD,S,23.07,9985
kommun,0128,2018,RD,MP,4.48,9985
kommun,0128,2018,RD,C,7.61,9985
kommun,0128,2018,RD,L,7.58,9985
kommun,0128,2018,RD,KD,7.98,9985
kommun,0128,2018,RD,M,24.84,9985
kommun,0128,2018,RD,SD,16.88,9985
kommun,0128,2018,RF,V,6.54,10139
kommun,0128,2018,RF,S,26.78,10139
kommun,0128,2018,RF,MP,3.96,10139
kommun,0128,2018,RF,C,7.1,10139
kommun,0128,2018,RF,L,8.52,10139
kommun,0128,2018,RF,KD,9.7,10139
kommun,0128,2018,RF,M,24.91,10139
kommun,0128,2018,RF,SD,11.38,10139
kommun,0128,2022,KF,V,4.7,10149
kommun,0128,2022,KF,S,23.04,10149
kommun,0128,2022,KF,MP,1.61,10149
kommun,0128,2022,KF,C,7.22,10149
kommun,0128,2022,KF,L,4.91,10149
kommun,0128,2022,KF,KD,4.59,10149
kommun,0128,2022,KF,M,33.12,10149
kommun,0128,2022,KF,SD,10.96,10149
kommun,0128,2022,RD,V,4.82,10070
kommun,0128,2022,RD,S,27.86,10070
kommun,0128,2022,RD,MP,4.96,10070
kommun,0128,2022,RD,C,6.69,10070
kommun,0128,2022,RD,L,5.09,10070
kommun,0128,2022,RD,KD,5.73,10070
kommun,0128,2022,RD,M,23.78,10070
kommun,0128,2022,RD,SD,19.55,10070
kommun,0128,2022,RF,V,6.34,10094
kommun,0128,2022,RF,S,33.42,10094
kommun,0128,2022,RF,MP,2.4,10094
kommun,0128,2022,RF,C,5.53,10094
kommun,0128,2022,RF,L,4.92,10094
kommun,0128,2022,RF,KD,8.29,10094
kommun,0128,2022,RF,M,24.24,10094
kommun,0128,2022,RF,SD,13.25,10094
kommun,0136,2014,KF,V,4.8,47587
kommun,0136,2014,KF,S,31.68,47587
kommun,0136,2014,KF,MP,8.51,47587
kommun,0136,2014,KF,C,3.49,47587
kommun,0136,2014,KF,L,6.66,47587
kommun,0136,2014,KF,KD,3.2,47587
kommun,0136,2014,KF,M,28.0,47587
kommun,0136,2014,KF,SD,9.8,47587
kommun,0136,2014,RD,V,5.09,46666
kommun,0136,2014,RD,S,30.39,46666
kommun,0136,2014,RD,MP,7.54,46666
kommun,0136,2014,RD,C,3.51,46666
kommun,0136,2014,RD,L,5.18,46666
kommun,0136,2014,RD,KD,3.68,46666
kommun,0136,2014,RD,M,28.54,46666
kommun,0136,2014,RD,SD,12.3,46666
kommun,0136,2014,RF,V,5.87,47385
kommun,0136,2014,RF,S,34.25,47385
kommun,0136,2014,RF,MP,7.88,47385
kommun,0136,2014,RF,C,3.29,47385
kommun,0136,2014,RF,L,5.66,47385
kommun,0136,2014,RF,KD,4.4,47385
kommun,0136,2014,RF,M,26.49,47385
kommun,0136,2014,RF,SD,9.22,47385
kommun,0136,2018,KF,V,7.04,51548
kommun,0136,2018,KF,S,25.87,51548
kommun,0136,2018,KF,MP,4.76,51548
kommun,0136,2018,KF,C,5.98,51548
kommun,0136,2018,KF,L,6.21,51548
kommun,0136,2018,KF,KD,4.39,51548
kommun,0136,2018,KF,M,24.48,51548
kommun,0136,2018,KF,SD,17.26,51548
kommun,0136,2018,RD,V,7.99,50484
kommun,0136,2018,RD,S,27.29,50484
kommun,0136,2018,RD,MP,3.71,50484
kommun,0136,2018,RD,C,6.06,50484
kommun,0136,2018,RD,L,5.11,50484
kommun,0136,2018,RD,KD,5.36,50484
kommun,0136,2018,RD,M,22.94,50484
kommun,0136,2018,RD,SD,19.89,50484
kommun,0136,2018,RF,V,8.76,51412
kommun,0136,2018,RF,S,29.43,51412
kommun,0136,2018,RF,MP,4.16,51412
kommun,0136,2018,RF,C,5.99,51412
kommun,0136,2018,RF,L,5.33,51412
kommun,0136,2018,RF,KD,6.29,51412
kommun,0136,2018,RF,M,22.54,51412
kommun,0136,2018,RF,SD,16.19,51412
kommun,0136,2022,KF,V,7.74,51376
kommun,0136,2022,KF,S,29.41,51376
kommun,0136,2022,KF,MP,2.62,51376
kommun,0136,2022,KF,C,5.73,51376
kommun,0136,2022,KF,L,4.63,51376
kommun,0136,2022,KF,KD,4.55,51376
kommun,0136,2022,KF,M,23.06,51376
kommun,0136,2022,KF,SD,18.88,51376
kommun,0136,2022,RD,V,7.32,50489
kommun,0136,2022,RD,S,29.8,50489
kommun,0136,2022,RD,MP,3.7,50489
kommun,0136,2022,RD,C,5.36,50489
kommun,0136,2022,RD,L,3.87,50489
kommun,0136,2022,RD,KD,4.19,50489
kommun,0136,2022,RD,M,20.85,50489
kommun,0136,2022,RD,SD,22.75,50489
kommun,0136,2022,RF,V,8.9,51368
kommun,0136,2022,RF,S,34.32,51368
kommun,0136,2022,RF,MP,2.41,51368
kommun,0136,2022,RF,C,4.56,51368
kommun,0136,2022,RF,L,3.67,51368
kommun,0136,2022,RF,KD,5.89,51368
kommun,0136,2022,RF,M,19.89,51368
kommun,0136,2022,RF,SD,18.35,51368
kommun,0138,2014,KF,V,4.44,28718
kommun,0138,2014,KF,S,29.14,28718
kommun,0138,2014,KF,MP,9.26,28718
kommun,0138,2014,KF,C,3.6,28718
kommun,0138,2014,KF,L,7.67,28718
kommun,0138,2014,KF,KD,3.3,28718
kommun,0138,2014,KF,M,34.93,28718
kommun,0138,2014,KF,SD,6.37,28718
kommun,0138,2014,RD,V,4.32,28236
kommun,0138,2014,RD,S,24.0,28236
kommun,0138,2014,RD,MP,8.41,28236
kommun,0138,2014,RD,C,4.57,28236
kommun,0138,2014,RD,L,6.47,28236
kommun,0138,2014,RD,KD,4.59,28236
kommun,0138,2014,RD,M,34.51,28236
kommun,0138,2014,RD,SD,9.6,28236
kommun,0138,2014,RF,V,5.22,28632
kommun,0138,2014,RF,S,29.22,28632
kommun,0138,2014,RF,MP,8.64,28632
kommun,0138,2014,RF,C,3.67,28632
kommun,0138,2014,RF,L,7.04,28632
kommun,0138,2014,RF,KD,5.0,28632
kommun,0138,2014,RF,M,32.26,28632
kommun,0138,2014,RF,SD,6.59,28632
kommun,0138,2018,KF,V,5.31,30688
kommun,0138,2018,KF,S,28.47,30688
kommun,0138,2018,KF,MP,5.16,30688
kommun,0138,2018,KF,C,5.58,30688
kommun,0138,2018,KF,L,9.91,30688
kommun,0138,2018,KF,KD,4.15,30688
kommun,0138,2018,KF,M,27.65,30688
kommun,0138,2018,KF,SD,12.74,30688
kommun,0138,2018,RD,V,6.37,30260
kommun,0138,2018,RD,S,23.87,30260
kommun,0138,2018,RD,MP,5.41,30260
kommun,0138,2018,RD,C,7.93,30260
kommun,0138,2018,RD,L,6.94,30260
kommun,0138,2018,RD,KD,5.75,30260
kommun,0138,2018,RD,M,25.84,30260
kommun,0138,2018,RD,SD,16.33,30260
kommun,0138,2018,RF,V,6.81,30542
kommun,0138,2018,RF,S,29.04,30542
kommun,0138,2018,RF,MP,4.35,30542
kommun,0138,2018,RF,C,7.1,30542
kommun,0138,2018,RF,L,7.63,30542
kommun,0138,2018,RF,KD,7.38,30542
kommun,0138,2018,RF,M,24.2,30542
kommun,0138,2018,RF,SD,12.37,30542
kommun,0138,2022,KF,V,5.46,30665
kommun,0138,2022,KF,S,32.2,30665
kommun,0138,2022,KF,MP,4.74,30665
kommun,0138,2022,KF,C,4.48,30665
kommun,0138,2022,KF,L,6.53,30665
kommun,0138,2022,KF,KD,3.71,30665
kommun,0138,2022,KF,M,28.33,30665
kommun,0138,2022,KF,SD,13.89,30665
kommun,0138,2022,RD,V,5.13,30322
kommun,0138,2022,RD,S,29.81,30322
kommun,0138,2022,RD,MP,5.33,30322
kommun,0138,2022,RD,C,6.58,30322
kommun,0138,2022,RD,L,5.48,30322
kommun,0138,2022,RD,KD,3.9,30322
kommun,0138,2022,RD,M,23.64,30322
kommun,0138,2022,RD,SD,18.92,30322
kommun,0138,2022,RF,V,6.86,30575
kommun,0138,2022,RF,S,36.43,30575
kommun,0138,2022,RF,MP,3.02,30575
kommun,0138,2022,RF,C,4.53,30575
kommun,0138,2022,RF,L,5.21,30575
kommun,0138,2022,RF,KD,6.11,30575
kommun,0138,2022,RF,M,22.6,30575
kommun,0138,2022,RF,SD,14.2,30575
kommun,0139,2014,KF,V,4.69,15273
kommun,0139,2014,KF,S,32.56,15273
kommun,0139,2014,KF,MP,7.69,15273
kommun,0139,2014,KF,C,3.78,15273
kommun,0139,2014,KF,L,10.77,15273
kommun,0139,2014,KF,KD,5.55,15273
kommun,0139,2014,KF,M,25.03,15273
kommun,0139,2014,KF,SD,8.76,15273
kommun,0139,2014,RD,V,4.89,14874
kommun,0139,2014,RD,S,29.56,14874
kommun,0139,2014,RD,MP,6.44,14874
kommun,0139,2014,RD,C,4.0,14874
kommun,0139,2014,RD,L,6.69,14874
kommun,0139,2014,RD,KD,5.71,14874
kommun,0139,2014,RD,M,27.32,14874
kommun,0139,2014,RD,SD,12.27,14874
kommun,0139,2014,RF,V,5.45,15236
kommun,0139,2014,RF,S,34.2,15236
kommun,0139,2014,RF,MP,6.5,15236
kommun,0139,2014,RF,C,3.41,15236
kommun,0139,2014,RF,L,7.55,15236
kommun,0139,2014,RF,KD,6.96,15236
kommun,0139,2014,RF,M,25.05,15236
kommun,0139,2014,RF,SD,8.58,15236
kommun,0139,2018,KF,V,6.52,16878
kommun,0139,2018,KF,S,26.43,16878
kommun,0139,2018,KF,MP,3.48,16878
kommun,0139,2018,KF,C,4.9,16878
kommun,0139,2018,KF,L,9.25,16878
kommun,0139,2018,KF,KD,6.57,16878
kommun,0139,2018,KF,M,25.26,16878
kommun,0139,2018,KF,SD,17.02,16878
kommun,0139,2018,RD,V,6.65,16366
kommun,0139,2018,RD,S,26.16,16366
kommun,0139,2018,RD,MP,3.25,16366
kommun,0139,2018,RD,C,6.01,16366
kommun,0139,2018,RD,L,5.43,16366
kommun,0139,2018,RD,KD,7.54,16366
kommun,0139,2018,RD,M,23.16,16366
kommun,0139,2018,RD,SD,20.11,16366
kommun,0139,2018,RF,V,7.05,16850
kommun,0139,2018,RF,S,28.97,16850
kommun,0139,2018,RF,MP,3.32,16850
kommun,0139,2018,RF,C,5.42,16850
kommun,0139,2018,RF,L,6.69,16850
kommun,0139,2018,RF,KD,9.45,16850
kommun,0139,2018,RF,M,22.33,16850
kommun,0139,2018,RF,SD,15.79,16850
kommun,0139,2022,KF,V,8.24,16996
kommun,0139,2022,KF,S,28.37,16996
kommun,0139,2022,KF,MP,2.57,16996
kommun,0139,2022,KF,C,5.09,16996
kommun,0139,2022,KF,L,5.35,16996
kommun,0139,2022,KF,KD,5.84,16996
kommun,0139,2022,KF,M,25.81,16996
kommun,0139,2022,KF,SD,17.62,16996
kommun,0139,2022,RD,V,6.99,16471
kommun,0139,2022,RD,S,28.24,16471
kommun,0139,2022,RD,MP,3.38,16471
kommun,0139,2022,RD,C,5.32,16471
kommun,0139,2022,RD,L,4.35,16471
kommun,0139,2022,RD,KD,5.52,16471
kommun,0139,2022,RD,M,21.42,16471
kommun,0139,2022,RD,SD,22.82,16471
kommun,0139,2022,RF,V,8.85,16946
kommun,0139,2022,RF,S,32.66,16946
kommun,0139,2022,RF,MP,2.15,16946
kommun,0139,2022,RF,C,4.2,16946
kommun,0139,2022,RF,L,4.34,16946
kommun,0139,2022,RF,KD,8.2,16946
kommun,0139,2022,RF,M,20.79,16946
kommun,0139,2022,RF,SD,17.1,16946
kommun,0140,2014,KF,V,1.72,6114
kommun,0140,2014,KF,S,22.13,6114
kommun,0140,2014,KF,MP,6.8,6114
kommun,0140,2014,KF,C,4.56,6114
kommun,0140,2014,KF,L,4.33,6114
kommun,0140,2014,KF,KD,1.05,6114
kommun,0140,2014,KF,M,20.33,6114
kommun,0140,2014,KF,SD,9.42,6114
kommun,0140,2014,RD,V,2.54,6106
kommun,0140,2014,RD,S,26.25,6106
kommun,0140,2014,RD,MP,5.55,6106
kommun,0140,2014,RD,C,5.81,6106
kommun,0140,2014,RD,L,4.47,6106
kommun,0140,2014,RD,KD,3.83,6106
kommun,0140,2014,RD,M,31.54,6106
kommun,0140,2014,RD,SD,17.97,6106
kommun,0140,2014,RF,V,3.42,6028
kommun,0140,2014,RF,S,32.25,6028
kommun,0140,2014,RF,MP,5.76,6028
kommun,0140,2014,RF,C,4.93,6028
kommun,0140,2014,RF,L,5.06,6028
kommun,0140,2014,RF,KD,5.39,6028
kommun,0140,2014,RF,M,29.05,6028
kommun,0140,2014,RF,SD,12.29,6028
kommun,0140,2018,KF,V,2.06,6889
kommun,0140,2018,KF,S,18.68,6889
kommun,0140,2018,KF,MP,3.14,6889
kommun,0140,2018,KF,C,6.97,6889
kommun,0140,2018,KF,L,2.96,6889
kommun,0140,2018,KF,KD,1.8,6889
kommun,0140,2018,KF,M,18.32,6889
kommun,0140,2018,KF,SD,15.44,6889
kommun,0140,2018,RD,V,3.52,6847
kommun,0140,2018,RD,S,22.42,6847
kommun,0140,2018,RD,MP,2.98,6847
kommun,0140,2018,RD,C,7.65,6847
kommun,0140,2018,RD,L,4.56,6847
kommun,0140,2018,RD,KD,6.06,6847
kommun,0140,2018,RD,M,27.24,6847
kommun,0140,2018,RD,SD,24.55,6847
kommun,0140,2018,RF,V,3.6,6815
kommun,0140,2018,RF,S,27.5,6815
kommun,0140,2018,RF,MP,3.05,6815
kommun,0140,2018,RF,C,7.84,6815
kommun,0140,2018,RF,L,5.39,6815
kommun,0140,2018,RF,KD,8.04,6815
kommun,0140,2018,RF,M,26.0,6815
kommun,0140,2018,RF,SD,17.86,6815
kommun,0140,2022,KF,V,1.86,7269
kommun,0140,2022,KF,S,24.45,7269
kommun,0140,2022,KF,MP,2.2,7269
kommun,0140,2022,KF,C,4.91,7269
kommun,0140,2022,KF,L,4.61,7269
kommun,0140,2022,KF,KD,2.68,7269
kommun,0140,2022,KF,M,22.36,7269
kommun,0140,2022,KF,SD,19.85,7269
kommun,0140,2022,RD,V,2.5,7276
kommun,0140,2022,RD,S,24.89,7276
kommun,0140,2022,RD,MP,2.56,7276
kommun,0140,2022,RD,C,5.32,7276
kommun,0140,2022,RD,L,4.44,7276
kommun,0140,2022,RD,KD,5.28,7276
kommun,0140,2022,RD,M,25.6,7276
kommun,0140,2022,RD,SD,28.72,7276
kommun,0140,2022,RF,V,3.28,7196
kommun,0140,2022,RF,S,31.11,7196
kommun,0140,2022,RF,MP,1.61,7196
kommun,0140,2022,RF,C,4.11,7196
kommun,0140,2022,RF,L,4.47,7196
kommun,0140,2022,RF,KD,8.21,7196
kommun,0140,2022,RF,M,25.08,7196
kommun,0140,2022,RF,SD,21.37,7196
kommun,0160,2014,KF,V,1.74,44126
kommun,0160,2014,KF,S,13.23,44126
kommun,0160,2014,KF,MP,7.48,44126
kommun,0160,2014,KF,C,5.61,44126
kommun,0160,2014,KF,L,25.26,44126
kommun,0160,2014,KF,KD,4.48,44126
kommun,0160,2014,KF,M,37.95,44126
kommun,0160,2014,KF,SD,3.42,44126
kommun,0160,2014,RD,V,2.23,43791
kommun,0160,2014,RD,S,12.53,43791
kommun,0160,2014,RD,MP,6.14,43791
kommun,0160,2014,RD,C,6.4,43791
kommun,0160,2014,RD,L,11.29,43791
kommun,0160,2014,RD,KD,7.02,43791
kommun,0160,2014,RD,M,45.3,43791
kommun,0160,2014,RD,SD,6.45,43791
kommun,0160,2014,RF,V,2.52,43947
kommun,0160,2014,RF,S,16.0,43947
kommun,0160,2014,RF,MP,6.57,43947
kommun,0160,2014,RF,C,5.15,43947
kommun,0160,2014,RF,L,16.11,43947
kommun,0160,2014,RF,KD,8.07,43947
kommun,0160,2014,RF,M,40.4,43947
kommun,0160,2014,RF,SD,3.62,43947
kommun,0160,2018,KF,V,2.11,46773
kommun,0160,2018,KF,S,13.35,46773
kommun,0160,2018,KF,MP,4.17,46773
kommun,0160,2018,KF,C,8.81,46773
kommun,0160,2018,KF,L,18.45,46773
kommun,0160,2018,KF,KD,6.95,46773
kommun,0160,2018,KF,M,38.09,46773
kommun,0160,2018,KF,SD,7.69,46773
kommun,0160,2018,RD,V,3.2,46386
kommun,0160,2018,RD,S,13.99,46386
kommun,0160,2018,RD,MP,4.11,46386
kommun,0160,2018,RD,C,10.98,46386
kommun,0160,2018,RD,L,10.71,46386
kommun,0160,2018,RD,KD,8.31,46386
kommun,0160,2018,RD,M,35.97,46386
kommun,0160,2018,RD,SD,11.41,46386
kommun,0160,2018,RF,V,3.42,46594
kommun,0160,2018,RF,S,17.39,46594
kommun,0160,2018,RF,MP,3.71,46594
kommun,0160,2018,RF,C,9.86,46594
kommun,0160,2018,RF,L,12.85,46594
kommun,0160,2018,RF,KD,11.42,46594
kommun,0160,2018,RF,M,32.52,46594
kommun,0160,2018,RF,SD,7.65,46594
kommun,0160,2022,KF,V,2.16,48003
kommun,0160,2022,KF,S,17.0,48003
kommun,0160,2022,KF,MP,3.81,48003
kommun,0160,2022,KF,C,8.33,48003
kommun,0160,2022,KF,L,14.3,48003
kommun,0160,2022,KF,KD,5.56,48003
kommun,0160,2022,KF,M,39.52,48003
kommun,0160,2022,KF,SD,8.33,48003
kommun,0160,2022,RD,V,2.77,47733
kommun,0160,2022,RD,S,19.79,47733
kommun,0160,2022,RD,MP,4.59,47733
kommun,0160,2022,RD,C,9.95,47733
kommun,0160,2022,RD,L,9.74,47733
kommun,0160,2022,RD,KD,5.24,47733
kommun,0160,2022,RD,M,33.92,47733
kommun,0160,2022,RD,SD,12.94,47733
kommun,0160,2022,RF,V,3.63,47802
kommun,0160,2022,RF,S,25.32,47802
kommun,0160,2022,RF,MP,2.73,47802
kommun,0160,2022,RF,C,7.29,47802
kommun,0160,2022,RF,L,10.14,47802
kommun,0160,2022,RF,KD,10.07,47802
kommun,0160,2022,RF,M,31.24,47802
kommun,0160,2022,RF,SD,8.19,47802
kommun,0162,2014,KF,V,1.18,21062
kommun,0162,2014,KF,S,6.92,21062
kommun,0162,2014,KF,MP,5.88,21062
kommun,0162,2014,KF,C,18.08,21062
kommun,0162,2014,KF,L,16.97,21062
kommun,0162,2014,KF,KD,6.42,21062
kommun,0162,2014,KF,M,41.05,21062
kommun,0162,2014,KF,SD,2.29,21062
kommun,0162,2014,RD,V,1.35,21264
kommun,0162,2014,RD,S,6.83,21264
kommun,0162,2014,RD,MP,4.7,21264
kommun,0162,2014,RD,C,7.13,21264
kommun,0162,2014,RD,L,11.86,21264
kommun,0162,2014,RD,KD,10.51,21264
kommun,0162,2014,RD,M,49.98,21264
kommun,0162,2014,RD,SD,5.3,21264
kommun,0162,2014,RF,V,1.86,20954
kommun,0162,2014,RF,S,9.77,20954
kommun,0162,2014,RF,MP,5.2,20954
kommun,0162,2014,RF,C,6.0,20954
kommun,0162,2014,RF,L,15.33,20954
kommun,0162,2014,RF,KD,11.79,20954
kommun,0162,2014,RF,M,45.77,20954
kommun,0162,2014,RF,SD,2.65,20954
kommun,0162,2018,KF,V,1.61,21659
kommun,0162,2018,KF,S,7.53,21659
kommun,0162,2018,KF,MP,4.26,21659
kommun,0162,2018,KF,C,23.38,21659
kommun,0162,2018,KF,L,15.0,21659
kommun,0162,2018,KF,KD,9.72,21659
kommun,0162,2018,KF,M,30.94,21659
kommun,0162,2018,KF,SD,5.72,21659
kommun,0162,2018,RD,V,2.36,21897
kommun,0162,2018,RD,S,8.04,21897
kommun,0162,2018,RD,MP,3.77,21897
kommun,0162,2018,RD,C,11.28,21897
kommun,0162,2018,RD,L,11.19,21897
kommun,0162,2018,RD,KD,10.1,21897
kommun,0162,2018,RD,M,41.59,21897
kommun,0162,2018,RD,SD,10.33,21897
kommun,0162,2018,RF,V,2.64,21522
kommun,0162,2018,RF,S,12.01,21522
kommun,0162,2018,RF,MP,3.73,21522
kommun,0162,2018,RF,C,11.29,21522
kommun,0162,2018,RF,L,14.13,21522
kommun,0162,2018,RF,KD,14.76,21522
kommun,0162,2018,RF,M,34.01,21522
kommun,0162,2018,RF,SD,6.18,21522
kommun,0162,2022,KF,V,1.8,21408
kommun,0162,2022,KF,S,9.78,21408
kommun,0162,2022,KF,MP,3.59,21408
kommun,0162,2022,KF,C,21.8,21408
kommun,0162,2022,KF,L,11.12,21408
kommun,0162,2022,KF,KD,6.62,21408
kommun,0162,2022,KF,M,36.47,21408
kommun,0162,2022,KF,SD,5.71,21408
kommun,0162,2022,RD,V,2.15,21658
kommun,0162,2022,RD,S,12.5,21658
kommun,0162,2022,RD,MP,4.15,21658
kommun,0162,2022,RD,C,9.99,21658
kommun,0162,2022,RD,L,12.3,21658
kommun,0162,2022,RD,KD,5.93,21658
kommun,0162,2022,RD,M,40.98,21658
kommun,0162,2022,RD,SD,11.1,21658
kommun,0162,2022,RF,V,3.12,21264
kommun,0162,2022,RF,S,18.48,21264
kommun,0162,2022,RF,MP,2.67,21264
kommun,0162,2022,RF,C,7.75,21264
kommun,0162,2022,RF,L,12.01,21264
kommun,0162,2022,RF,KD,13.17,21264
kommun,0162,2022,RF,M,34.53,21264
kommun,0162,2022,RF,SD,6.48,21264
kommun,0163,2014,KF,V,3.84,42642
kommun,0163,2014,KF,S,19.45,42642
kommun,0163,2014,KF,MP,8.61,42642
kommun,0163,2014,KF,C,5.11,42642
kommun,0163,2014,KF,L,9.19,42642
kommun,0163,2014,KF,KD,5.14,42642
kommun,0163,2014,KF,M,37.03,42642
kommun,0163,2014,KF,SD,4.28,42642
kommun,0163,2014,RD,V,4.21,41878
kommun,0163,2014,RD,S,20.17,41878
kommun,0163,2014,RD,MP,8.23,41878
kommun,0163,2014,RD,C,5.58,41878
kommun,0163,2014,RD,L,8.81,41878
kommun,0163,2014,RD,KD,6.42,41878
kommun,0163,2014,RD,M,36.07,41878
kommun,0163,2014,RD,SD,7.13,41878
kommun,0163,2014,RF,V,4.91,42341
kommun,0163,2014,RF,S,23.99,42341
kommun,0163,2014,RF,MP,8.53,42341
kommun,0163,2014,RF,C,4.22,42341
kommun,0163,2014,RF,L,9.5,42341
kommun,0163,2014,RF,KD,7.17,42341
kommun,0163,2014,RF,M,34.83,42341
kommun,0163,2014,RF,SD,4.55,42341
kommun,0163,2018,KF,V,5.75,44451
kommun,0163,2018,KF,S,20.59,44451
kommun,0163,2018,KF,MP,5.54,44451
kommun,0163,2018,KF,C,6.71,44451
kommun,0163,2018,KF,L,10.33,44451
kommun,0163,2018,KF,KD,7.59,44451
kommun,0163,2018,KF,M,31.12,44451
kommun,0163,2018,KF,SD,7.95,44451
kommun,0163,2018,RD,V,6.49,43676
kommun,0163,2018,RD,S,20.85,43676
kommun,0163,2018,RD,MP,5.25,43676
kommun,0163,2018,RD,C,10.18,43676
kommun,0163,2018,RD,L,8.97,43676
kommun,0163,2018,RD,KD,7.53,43676
kommun,0163,2018,RD,M,28.07,43676
kommun,0163,2018,RD,SD,11.24,43676
kommun,0163,2018,RF,V,6.71,44245
kommun,0163,2018,RF,S,25.49,44245
kommun,0163,2018,RF,MP,4.99,44245
kommun,0163,2018,RF,C,7.87,44245
kommun,0163,2018,RF,L,9.91,44245
kommun,0163,2018,RF,KD,9.58,44245
kommun,0163,2018,RF,M,26.24,44245
kommun,0163,2018,RF,SD,7.86,44245
kommun,0163,2022,KF,V,6.13,44837
kommun,0163,2022,KF,S,27.68,44837
kommun,0163,2022,KF,MP,4.29,44837
kommun,0163,2022,KF,C,7.21,44837
kommun,0163,2022,KF,L,8.01,44837
kommun,0163,2022,KF,KD,5.4,44837
kommun,0163,2022,KF,M,29.53,44837
kommun,0163,2022,KF,SD,8.62,44837
kommun,0163,2022,RD,V,6.21,44031
kommun,0163,2022,RD,S,26.81,44031
kommun,0163,2022,RD,MP,5.83,44031
kommun,0163,2022,RD,C,9.44,44031
kommun,0163,2022,RD,L,7.69,44031
kommun,0163,2022,RD,KD,4.51,44031
kommun,0163,2022,RD,M,24.94,44031
kommun,0163,2022,RD,SD,12.9,44031
kommun,0163,2022,RF,V,7.37,44737
kommun,0163,2022,RF,S,33.23,44737
kommun,0163,2022,RF,MP,3.38,44737
kommun,0163,2022,RF,C,6.65,44737
kommun,0163,2022,RF,L,7.26,44737
kommun,0163,2022,RF,KD,7.41,44737
kommun,0163,2022,RF,M,24.16,44737
kommun,0163,2022,RF,SD,8.7,44737
kommun,0180,2014,KF,V,8.94,583333
kommun,0180,2014,KF,S,21.96,583333
kommun,0180,2014,KF,MP,14.32,583333
kommun,0180,2014,KF,C,4.69,583333
kommun,0180,2014,KF,L,8.28,583333
kommun,0180,2014,KF,KD,3.28,583333
kommun,0180,2014,KF,M,27.16,583333
kommun,0180,2014,KF,SD,5.16,583333
kommun,0180,2014,RD,V,7.73,577565
kommun,0180,2014,RD,S,21.61,577565
kommun,0180,2014,RD,MP,11.15,577565
kommun,0180,2014,RD,C,4.88,577565
kommun,0180,2014,RD,L,7.85,577565
kommun,0180,2014,RD,KD,4.28,577565
kommun,0180,2014,RD,M,27.73,577565
kommun,0180,2014,RD,SD,6.64,577565
kommun,0180,2014,RF,V,10.44,582507
kommun,0180,2014,RF,S,24.11,582507
kommun,0180,2014,RF,MP,12.42,582507
kommun,0180,2014,RF,C,4.09,582507
kommun,0180,2014,RF,L,8.33,582507
kommun,0180,2014,RF,KD,4.8,582507
kommun,0180,2014,RF,M,25.7,582507
kommun,0180,2014,RF,SD,4.88,582507
kommun,0180,2018,KF,V,13.03,618278
kommun,0180,2018,KF,S,22.3,618278
kommun,0180,2018,KF,MP,8.33,618278
kommun,0180,2018,KF,C,7.89,618278
kommun,0180,2018,KF,L,10.07,618278
kommun,0180,2018,KF,KD,5.05,618278
kommun,0180,2018,KF,M,20.98,618278
kommun,0180,2018,KF,SD,7.96,618278
kommun,0180,2018,RD,V,13.12,611206
kommun,0180,2018,RD,S,23.76,611206
kommun,0180,2018,RD,MP,7.7,611206
kommun,0180,2018,RD,C,9.07,611206
kommun,0180,2018,RD,L,7.85,611206
kommun,0180,2018,RD,KD,4.87,611206
kommun,0180,2018,RD,M,21.88,611206
kommun,0180,2018,RD,SD,9.84,611206
kommun,0180,2018,RF,V,14.74,617283
kommun,0180,2018,RF,S,25.75,617283
kommun,0180,2018,RF,MP,7.05,617283
kommun,0180,2018,RF,C,8.08,617283
kommun,0180,2018,RF,L,8.47,617283
kommun,0180,2018,RF,KD,6.37,617283
kommun,0180,2018,RF,M,19.57,617283
kommun,0180,2018,RF,SD,7.58,617283
kommun,0180,2022,KF,V,15.37,612296
kommun,0180,2022,KF,S,29.43,612296
kommun,0180,2022,KF,MP,6.03,612296
kommun,0180,2022,KF,C,6.69,612296
kommun,0180,2022,KF,L,7.98,612296
kommun,0180,2022,KF,KD,3.83,612296
kommun,0180,2022,KF,M,18.33,612296
kommun,0180,2022,KF,SD,8.03,612296
kommun,0180,2022,RD,V,11.73,606754
kommun,0180,2022,RD,S,28.07,606754
kommun,0180,2022,RD,MP,10.02,606754
kommun,0180,2022,RD,C,8.48,606754
kommun,0180,2022,RD,L,6.87,606754
kommun,0180,2022,RD,KD,3.17,606754
kommun,0180,2022,RD,M,19.07,606754
kommun,0180,2022,RD,SD,10.67,606754
kommun,0180,2022,RF,V,16.41,612077
kommun,0180,2022,RF,S,33.71,612077
kommun,0180,2022,RF,MP,4.7,612077
kommun,0180,2022,RF,C,6.0,612077
kommun,0180,2022,RF,L,6.48,612077
kommun,0180,2022,RF,KD,5.14,612077
kommun,0180,2022,RF,M,16.75,612077
kommun,0180,2022,RF,SD,7.92,612077
kommun,0181,2014,KF,V,6.45,48840
kommun,0181,2014,KF,S,34.58,48840
kommun,0181,2014,KF,MP,8.49,48840
kommun,0181,2014,KF,C,4.78,48840
kommun,0181,2014,KF,L,5.82,48840
kommun,0181,2014,KF,KD,5.51,48840
kommun,0181,2014,KF,M,17.85,48840
kommun,0181,2014,KF,SD,13.3,48840
kommun,0181,2014,RD,V,5.84,47151
kommun,0181,2014,RD,S,32.0,47151
kommun,0181,2014,RD,MP,7.28,47151
kommun,0181,2014,RD,C,3.83,47151
kommun,0181,2014,RD,L,4.65,47151
kommun,0181,2014,RD,KD,6.88,47151
kommun,0181,2014,RD,M,23.05,47151
kommun,0181,2014,RD,SD,12.35,47151
kommun,0181,2014,RF,V,6.88,48495
kommun,0181,2014,RF,S,35.56,48495
kommun,0181,2014,RF,MP,7.97,48495
kommun,0181,2014,RF,C,4.03,48495
kommun,0181,2014,RF,L,5.32,48495
kommun,0181,2014,RF,KD,6.47,48495
kommun,0181,2014,RF,M,20.49,48495
kommun,0181,2014,RF,SD,10.24,48495
kommun,0181,2018,KF,V,6.83,50257
kommun,0181,2018,KF,S,31.28,50257
kommun,0181,2018,KF,MP,5.44,50257
kommun,0181,2018,KF,C,6.55,50257
kommun,0181,2018,KF,L,5.46,50257
kommun,0181,2018,KF,KD,8.73,50257
kommun,0181,2018,KF,M,17.03,50257
kommun,0181,2018,KF,SD,14.38,50257
kommun,0181,2018,RD,V,7.7,48273
kommun,0181,2018,RD,S,27.18,48273
kommun,0181,2018,RD,MP,4.51,48273
kommun,0181,2018,RD,C,5.86,48273
kommun,0181,2018,RD,L,4.45,48273
kommun,0181,2018,RD,KD,11.17,48273
kommun,0181,2018,RD,M,19.81,48273
kommun,0181,2018,RD,SD,17.49,48273
kommun,0181,2018,RF,V,8.24,49805
kommun,0181,2018,RF,S,31.02,49805
kommun,0181,2018,RF,MP,4.65,49805
kommun,0181,2018,RF,C,5.81,49805
kommun,0181,2018,RF,L,5.56,49805
kommun,0181,2018,RF,KD,11.08,49805
kommun,0181,2018,RF,M,18.05,49805
kommun,0181,2018,RF,SD,14.06,49805
kommun,0181,2022,KF,V,7.47,48459
kommun,0181,2022,KF,S,30.44,48459
kommun,0181,2022,KF,MP,4.64,48459
kommun,0181,2022,KF,C,4.78,48459
kommun,0181,2022,KF,L,3.77,48459
kommun,0181,2022,KF,KD,9.28,48459
kommun,0181,2022,KF,M,18.71,48459
kommun,0181,2022,KF,SD,15.7,48459
kommun,0181,2022,RD,V,7.05,46786
kommun,0181,2022,RD,S,28.54,46786
kommun,0181,2022,RD,MP,4.81,46786
kommun,0181,2022,RD,C,4.48,46786
kommun,0181,2022,RD,L,3.6,46786
kommun,0181,2022,RD,KD,8.25,46786
kommun,0181,2022,RD,M,20.65,46786
kommun,0181,2022,RD,SD,20.87,46786
kommun,0181,2022,RF,V,8.85,47984
kommun,0181,2022,RF,S,31.78,47984
kommun,0181,2022,RF,MP,3.69,47984
kommun,0181,2022,RF,C,4.25,47984
kommun,0181,2022,RF,L,3.29,47984
kommun,0181,2022,RF,KD,10.64,47984
kommun,0181,2022,RF,M,19.36,47984
kommun,0181,2022,RF,SD,16.36,47984
kommun,0182,2014,KF,V,4.44,59836
kommun,0182,2014,KF,S,17.87,59836
kommun,0182,2014,KF,MP,11.1,59836
kommun,0182,2014,KF,C,5.08,59836
kommun,0182,2014,KF,L,8.44,59836
kommun,0182,2014,KF,KD,3.52,59836
kommun,0182,2014,KF,M,37.21,59836
kommun,0182,2014,KF,SD,4.25,59836
kommun,0182,2014,RD,V,4.25,59114
kommun,0182,2014,RD,S,17.73,59114
kommun,0182,2014,RD,MP,9.57,59114
kommun,0182,2014,RD,C,6.31,59114
kommun,0182,2014,RD,L,8.53,59114
kommun,0182,2014,RD,KD,5.24,59114
kommun,0182,2014,RD,M,37.12,59114
kommun,0182,2014,RD,SD,6.51,59114
kommun,0182,2014,RF,V,5.45,59525
kommun,0182,2014,RF,S,21.47,59525
kommun,0182,2014,RF,MP,10.44,59525
kommun,0182,2014,RF,C,5.03,59525
kommun,0182,2014,RF,L,9.26,59525
kommun,0182,2014,RF,KD,5.91,59525
kommun,0182,2014,RF,M,35.13,59525
kommun,0182,2014,RF,SD,4.26,59525
kommun,0182,2018,KF,V,5.55,64790
kommun,0182,2018,KF,S,17.45,64790
kommun,0182,2018,KF,MP,6.58,64790
kommun,0182,2018,KF,C,10.05,64790
kommun,0182,2018,KF,L,8.0,64790
kommun,0182,2018,KF,KD,4.23,64790
kommun,0182,2018,KF,M,30.52,64790
kommun,0182,2018,KF,SD,7.72,64790
kommun,0182,2018,RD,V,6.54,64101
kommun,0182,2018,RD,S,19.37,64101
kommun,0182,2018,RD,MP,6.54,64101
kommun,0182,2018,RD,C,12.18,64101
kommun,0182,2018,RD,L,8.41,64101
kommun,0182,2018,RD,KD,6.1,64101
kommun,0182,2018,RD,M,28.73,64101
kommun,0182,2018,RD,SD,10.76,64101
kommun,0182,2018,RF,V,7.2,64556
kommun,0182,2018,RF,S,22.11,64556
kommun,0182,2018,RF,MP,5.9,64556
kommun,0182,2018,RF,C,12.02,64556
kommun,0182,2018,RF,L,8.73,64556
kommun,0182,2018,RF,KD,7.75,64556
kommun,0182,2018,RF,M,27.0,64556
kommun,0182,2018,RF,SD,7.74,64556
kommun,0182,2022,KF,V,5.83,67526
kommun,0182,2022,KF,S,21.58,67526
kommun,0182,2022,KF,MP,5.18,67526
kommun,0182,2022,KF,C,7.6,67526
kommun,0182,2022,KF,L,5.54,67526
kommun,0182,2022,KF,KD,3.34,67526
kommun,0182,2022,KF,M,31.5,67526
kommun,0182,2022,KF,SD,7.25,67526
kommun,0182,2022,RD,V,5.3,67081
kommun,0182,2022,RD,S,25.27,67081
kommun,0182,2022,RD,MP,7.39,67081
kommun,0182,2022,RD,C,10.42,67081
kommun,0182,2022,RD,L,7.61,67081
kommun,0182,2022,RD,KD,3.98,67081
kommun,0182,2022,RD,M,26.9,67081
kommun,0182,2022,RD,SD,11.84,67081
kommun,0182,2022,RF,V,7.49,67215
kommun,0182,2022,RF,S,31.24,67215
kommun,0182,2022,RF,MP,4.23,67215
kommun,0182,2022,RF,C,8.06,67215
kommun,0182,2022,RF,L,6.73,67215
kommun,0182,2022,RF,KD,6.71,67215
kommun,0182,2022,RF,M,25.97,67215
kommun,0182,2022,RF,SD,8.07,67215
kommun,0183,2014,KF,V,7.71,26643
kommun,0183,2014,KF,S,32.17,26643
kommun,0183,2014,KF,MP,11.09,26643
kommun,0183,2014,KF,C,4.92,26643
kommun,0183,2014,KF,L,6.7,26643
kommun,0183,2014,KF,KD,3.17,26643
kommun,0183,2014,KF,M,25.94,26643
kommun,0183,2014,KF,SD,7.06,26643
kommun,0183,2014,RD,V,7.09,25866
kommun,0183,2014,RD,S,27.67,25866
kommun,0183,2014,RD,MP,10.1,25866
kommun,0183,2014,RD,C,4.18,25866
kommun,0183,2014,RD,L,6.19,25866
kommun,0183,2014,RD,KD,3.57,25866
kommun,0183,2014,RD,M,27.12,25866
kommun,0183,2014,RD,SD,9.16,25866
kommun,0183,2014,RF,V,8.38,26505
kommun,0183,2014,RF,S,32.51,26505
kommun,0183,2014,RF,MP,10.01,26505
kommun,0183,2014,RF,C,3.54,26505
kommun,0183,2014,RF,L,6.82,26505
kommun,0183,2014,RF,KD,4.27,26505
kommun,0183,2014,RF,M,24.76,26505
kommun,0183,2014,RF,SD,6.58,26505
kommun,0183,2018,KF,V,11.13,30875
kommun,0183,2018,KF,S,26.05,30875
kommun,0183,2018,KF,MP,5.99,30875
kommun,0183,2018,KF,C,8.11,30875
kommun,0183,2018,KF,L,7.97,30875
kommun,0183,2018,KF,KD,5.05,30875
kommun,0183,2018,KF,M,23.92,30875
kommun,0183,2018,KF,SD,9.36,30875
kommun,0183,2018,RD,V,11.04,29807
kommun,0183,2018,RD,S,26.6,29807
kommun,0183,2018,RD,MP,5.97,29807
kommun,0183,2018,RD,C,8.05,29807
kommun,0183,2018,RD,L,7.06,29807
kommun,0183,2018,RD,KD,5.03,29807
kommun,0183,2018,RD,M,22.37,29807
kommun,0183,2018,RD,SD,12.24,29807
kommun,0183,2018,RF,V,11.59,30691
kommun,0183,2018,RF,S,30.41,30691
kommun,0183,2018,RF,MP,5.75,30691
kommun,0183,2018,RF,C,7.35,30691
kommun,0183,2018,RF,L,7.02,30691
kommun,0183,2018,RF,KD,6.29,30691
kommun,0183,2018,RF,M,20.93,30691
kommun,0183,2018,RF,SD,9.22,30691
kommun,0183,2022,KF,V,13.3,31577
kommun,0183,2022,KF,S,30.79,31577
kommun,0183,2022,KF,MP,4.83,31577
kommun,0183,2022,KF,C,7.05,31577
kommun,0183,2022,KF,L,7.07,31577
kommun,0183,2022,KF,KD,4.12,31577
kommun,0183,2022,KF,M,21.6,31577
kommun,0183,2022,KF,SD,9.84,31577
kommun,0183,2022,RD,V,10.92,30744
kommun,0183,2022,RD,S,31.32,30744
kommun,0183,2022,RD,MP,6.3,30744
kommun,0183,2022,RD,C,7.54,30744
kommun,0183,2022,RD,L,5.94,30744
kommun,0183,2022,RD,KD,3.54,30744
kommun,0183,2022,RD,M,20.05,30744
kommun,0183,2022,RD,SD,12.72,30744
kommun,0183,2022,RF,V,13.83,31509
kommun,0183,2022,RF,S,36.71,31509
kommun,0183,2022,RF,MP,3.6,31509
kommun,0183,2022,RF,C,5.6,31509
kommun,0183,2022,RF,L,5.3,31509
kommun,0183,2022,RF,KD,5.08,31509
kommun,0183,2022,RF,M,18.66,31509
kommun,0183,2022,RF,SD,9.42,31509
kommun,0184,2014,KF,V,7.24,47801
kommun,0184,2014,KF,S,22.5,47801
kommun,0184,2014,KF,MP,13.2,47801
kommun,0184,2014,KF,C,3.63,47801
kommun,0184,2014,KF,L,9.38,47801
kommun,0184,2014,KF,KD,3.45,47801
kommun,0184,2014,KF,M,30.41,47801
kommun,0184,2014,KF,SD,4.39,47801
kommun,0184,2014,RD,V,6.66,46764
kommun,0184,2014,RD,S,22.55,46764
kommun,0184,2014,RD,MP,10.02,46764
kommun,0184,2014,RD,C,4.91,46764
kommun,0184,2014,RD,L,8.12,46764
kommun,0184,2014,RD,KD,4.44,46764
kommun,0184,2014,RD,M,29.91,46764
kommun,0184,2014,RD,SD,7.71,46764
kommun,0184,2014,RF,V,8.49,47591
kommun,0184,2014,RF,S,26.34,47591
kommun,0184,2014,RF,MP,10.83,47591
kommun,0184,2014,RF,C,3.97,47591
kommun,0184,2014,RF,L,8.47,47591
kommun,0184,2014,RF,KD,5.57,47591
kommun,0184,2014,RF,M,28.26,47591
kommun,0184,2014,RF,SD,4.69,47591
kommun,0184,2018,KF,V,8.68,52088
kommun,0184,2018,KF,S,23.52,52088
kommun,0184,2018,KF,MP,7.53,52088
kommun,0184,2018,KF,C,6.63,52088
kommun,0184,2018,KF,L,7.89,52088
kommun,0184,2018,KF,KD,3.92,52088
kommun,0184,2018,KF,M,30.12,52088
kommun,0184,2018,KF,SD,7.17,52088
kommun,0184,2018,RD,V,9.89,50510
kommun,0184,2018,RD,S,24.0,50510
kommun,0184,2018,RD,MP,6.35,50510
kommun,0184,2018,RD,C,9.03,50510
kommun,0184,2018,RD,L,8.12,50510
kommun,0184,2018,RD,KD,5.8,50510
kommun,0184,2018,RD,M,23.71,50510
kommun,0184,2018,RD,SD,11.3,50510
kommun,0184,2018,RF,V,10.5,51887
kommun,0184,2018,RF,S,27.86,51887
kommun,0184,2018,RF,MP,6.37,51887
kommun,0184,2018,RF,C,7.67,51887
kommun,0184,2018,RF,L,8.09,51887
kommun,0184,2018,RF,KD,7.13,51887
kommun,0184,2018,RF,M,23.01,51887
kommun,0184,2018,RF,SD,7.58,51887
kommun,0184,2022,KF,V,9.51,51609
kommun,0184,2022,KF,S,32.76,51609
kommun,0184,2022,KF,MP,4.49,51609
kommun,0184,2022,KF,C,6.44,51609
kommun,0184,2022,KF,L,6.72,51609
kommun,0184,2022,KF,KD,3.38,51609
kommun,0184,2022,KF,M,26.8,51609
kommun,0184,2022,KF,SD,7.98,51609
kommun,0184,2022,RD,V,8.87,50061
kommun,0184,2022,RD,S,29.53,50061
kommun,0184,2022,RD,MP,6.93,50061
kommun,0184,2022,RD,C,8.61,50061
kommun,0184,2022,RD,L,6.85,50061
kommun,0184,2022,RD,KD,3.8,50061
kommun,0184,2022,RD,M,21.21,50061
kommun,0184,2022,RD,SD,12.52,50061
kommun,0184,2022,RF,V,11.34,51354
kommun,0184,2022,RF,S,37.14,51354
kommun,0184,2022,RF,MP,3.8,51354
kommun,0184,2022,RF,C,6.0,51354
kommun,0184,2022,RF,L,5.88,51354
kommun,0184,2022,RF,KD,5.91,51354
kommun,0184,2022,RF,M,19.98,51354
kommun,0184,2022,RF,SD,8.25,51354
kommun,0186,2014,KF,V,2.36,29548
kommun,0186,2014,KF,S,9.91,29548
kommun,0186,2014,KF,MP,7.06,29548
kommun,0186,2014,KF,C,17.04,29548
kommun,0186,2014,KF,L,9.35,29548
kommun,0186,2014,KF,KD,3.88,29548
kommun,0186,2014,KF,M,32.87,29548
kommun,0186,2014,KF,SD,2.62,29548
kommun,0186,2014,RD,V,2.05,29568
kommun,0186,2014,RD,S,10.95,29568
kommun,0186,2014,RD,MP,6.42,29568
kommun,0186,2014,RD,C,7.01,29568
kommun,0186,2014,RD,L,11.63,29568
kommun,0186,2014,RD,KD,7.87,29568
kommun,0186,2014,RD,M,44.72,29568
kommun,0186,2014,RD,SD,6.43,29568
kommun,0186,2014,RF,V,2.84,29315
kommun,0186,2014,RF,S,13.72,29315
kommun,0186,2014,RF,MP,7.22,29315
kommun,0186,2014,RF,C,7.24,29315
kommun,0186,2014,RF,L,13.9,29315
kommun,0186,2014,RF,KD,9.45,29315
kommun,0186,2014,RF,M,40.23,29315
kommun,0186,2014,RF,SD,3.45,29315
kommun,0186,2018,KF,V,3.55,31141
kommun,0186,2018,KF,S,10.45,31141
kommun,0186,2018,KF,MP,5.1,31141
kommun,0186,2018,KF,C,16.81,31141
kommun,0186,2018,KF,L,11.62,31141
kommun,0186,2018,KF,KD,6.34,31141
kommun,0186,2018,KF,M,26.15,31141
kommun,0186,2018,KF,SD,5.91,31141
kommun,0186,2018,RD,V,3.5,31032
kommun,0186,2018,RD,S,12.35,31032
kommun,0186,2018,RD,MP,4.94,31032
kommun,0186,2018,RD,C,11.79,31032
kommun,0186,2018,RD,L,10.78,31032
kommun,0186,2018,RD,KD,8.59,31032
kommun,0186,2018,RD,M,36.02,31032
kommun,0186,2018,RD,SD,10.96,31032
kommun,0186,2018,RF,V,4.27,30918
kommun,0186,2018,RF,S,15.32,30918
kommun,0186,2018,RF,MP,4.4,30918
kommun,0186,2018,RF,C,12.41,30918
kommun,0186,2018,RF,L,12.55,30918
kommun,0186,2018,RF,KD,12.93,30918
kommun,0186,2018,RF,M,29.84,30918
kommun,0186,2018,RF,SD,7.11,30918
kommun,0186,2022,KF,V,3.7,31229
kommun,0186,2022,KF,S,13.18,31229
kommun,0186,2022,KF,MP,3.83,31229
kommun,0186,2022,KF,C,14.49,31229
kommun,0186,2022,KF,L,8.74,31229
kommun,0186,2022,KF,KD,5.09,31229
kommun,0186,2022,KF,M,28.03,31229
kommun,0186,2022,KF,SD,5.46,31229
kommun,0186,2022,RD,V,3.12,31247
kommun,0186,2022,RD,S,17.78,31247
kommun,0186,2022,RD,MP,5.49,31247
kommun,0186,2022,RD,C,10.38,31247
kommun,0186,2022,RD,L,10.66,31247
kommun,0186,2022,RD,KD,5.24,31247
kommun,0186,2022,RD,M,34.21,31247
kommun,0186,2022,RD,SD,12.08,31247
kommun,0186,2022,RF,V,4.47,31056
kommun,0186,2022,RF,S,23.34,31056
kommun,0186,2022,RF,MP,3.39,31056
kommun,0186,2022,RF,C,8.51,31056
kommun,0186,2022,RF,L,10.55,31056
kommun,0186,2022,RF,KD,11.17,31056
kommun,0186,2022,RF,M,29.9,31056
kommun,0186,2022,RF,SD,7.34,31056
kommun,0187,2014,KF,V,3.88,7388
kommun,0187,2014,KF,S,19.38,7388
kommun,0187,2014,KF,MP,10.04,7388
kommun,0187,2014,KF,C,10.57,7388
kommun,0187,2014,KF,L,7.99,7388
kommun,0187,2014,KF,KD,1.73,7388
kommun,0187,2014,KF,M,30.75,7388
kommun,0187,2014,KF,SD,1.56,7388
kommun,0187,2014,RD,V,3.18,7384
kommun,0187,2014,RD,S,15.15,7384
kommun,0187,2014,RD,MP,8.45,7384
kommun,0187,2014,RD,C,7.85,7384
kommun,0187,2014,RD,L,8.72,7384
kommun,0187,2014,RD,KD,5.51,7384
kommun,0187,2014,RD,M,41.08,7384
kommun,0187,2014,RD,SD,6.7,7384
kommun,0187,2014,RF,V,4.05,7337
kommun,0187,2014,RF,S,20.58,7337
kommun,0187,2014,RF,MP,9.53,7337
kommun,0187,2014,RF,C,7.17,7337
kommun,0187,2014,RF,L,10.14,7337
kommun,0187,2014,RF,KD,7.28,7337
kommun,0187,2014,RF,M,36.23,7337
kommun,0187,2014,RF,SD,3.28,7337
kommun,0187,2018,KF,V,6.3,8066
kommun,0187,2018,KF,S,13.14,8066
kommun,0187,2018,KF,MP,4.59,8066
kommun,0187,2018,KF,C,14.51,8066
kommun,0187,2018,KF,L,6.29,8066
kommun,0187,2018,KF,KD,2.33,8066
kommun,0187,2018,KF,M,22.48,8066
kommun,0187,2018,KF,SD,5.33,8066
kommun,0187,2018,RD,V,4.7,8106
kommun,0187,2018,RD,S,16.37,8106
kommun,0187,2018,RD,MP,5.5,8106
kommun,0187,2018,RD,C,13.3,8106
kommun,0187,2018,RD,L,7.76,8106
kommun,0187,2018,RD,KD,7.9,8106
kommun,0187,2018,RD,M,30.31,8106
kommun,0187,2018,RD,SD,13.05,8106
kommun,0187,2018,RF,V,5.51,7934
kommun,0187,2018,RF,S,20.97,7934
kommun,0187,2018,RF,MP,4.93,7934
kommun,0187,2018,RF,C,14.09,7934
kommun,0187,2018,RF,L,8.5,7934
kommun,0187,2018,RF,KD,10.98,7934
kommun,0187,2018,RF,M,25.76,7934
kommun,0187,2018,RF,SD,8.05,7934
kommun,0187,2022,KF,V,6.47,8064
kommun,0187,2022,KF,S,13.86,8064
kommun,0187,2022,KF,MP,2.84,8064
kommun,0187,2022,KF,C,12.72,8064
kommun,0187,2022,KF,L,4.75,8064
kommun,0187,2022,KF,KD,2.8,8064
kommun,0187,2022,KF,M,25.02,8064
kommun,0187,2022,KF,SD,6.92,8064
kommun,0187,2022,RD,V,2.91,8110
kommun,0187,2022,RD,S,22.37,8110
kommun,0187,2022,RD,MP,6.26,8110
kommun,0187,2022,RD,C,10.07,8110
kommun,0187,2022,RD,L,7.9,8110
kommun,0187,2022,RD,KD,5.23,8110
kommun,0187,2022,RD,M,28.68,8110
kommun,0187,2022,RD,SD,15.64,8110
kommun,0187,2022,RF,V,5.14,7976
kommun,0187,2022,RF,S,28.46,7976
kommun,0187,2022,RF,MP,3.18,7976
kommun,0187,2022,RF,C,9.35,7976
kommun,0187,2022,RF,L,6.9,7976
kommun,0187,2022,RF,KD,10.04,7976
kommun,0187,2022,RF,M,25.85,7976
kommun,0187,2022,RF,SD,10.01,7976
kommun,0188,2014,KF,V,4.38,38455
kommun,0188,2014,KF,S,31.06,38455
kommun,0188,2014,KF,MP,7.65,38455
kommun,0188,2014,KF,C,9.57,38455
kommun,0188,2014,KF,L,6.07,38455
kommun,0188,2014,KF,KD,2.28,38455
kommun,0188,2014,KF,M,26.57,38455
kommun,0188,2014,KF,SD,8.79,38455
kommun,0188,2014,RD,V,4.49,38444
kommun,0188,2014,RD,S,29.86,38444
kommun,0188,2014,RD,MP,6.29,38444
kommun,0188,2014,RD,C,7.4,38444
kommun,0188,2014,RD,L,4.64,38444
kommun,0188,2014,RD,KD,3.62,38444
kommun,0188,2014,RD,M,27.89,38444
kommun,0188,2014,RD,SD,12.39,38444
kommun,0188,2014,RF,V,5.33,38065
kommun,0188,2014,RF,S,33.57,38065
kommun,0188,2014,RF,MP,6.65,38065
kommun,0188,2014,RF,C,8.01,38065
kommun,0188,2014,RF,L,6.41,38065
kommun,0188,2014,RF,KD,4.04,38065
kommun,0188,2014,RF,M,25.46,38065
kommun,0188,2014,RF,SD,8.53,38065
kommun,0188,2018,KF,V,5.41,41259
kommun,0188,2018,KF,S,25.16,41259
kommun,0188,2018,KF,MP,4.07,41259
kommun,0188,2018,KF,C,10.51,41259
kommun,0188,2018,KF,L,8.78,41259
kommun,0188,2018,KF,KD,3.21,41259
kommun,0188,2018,KF,M,22.9,41259
kommun,0188,2018,KF,SD,15.45,41259
kommun,0188,2018,RD,V,6.21,41174
kommun,0188,2018,RD,S,26.24,41174
kommun,0188,2018,RD,MP,3.76,41174
kommun,0188,2018,RD,C,9.6,41174
kommun,0188,2018,RD,L,4.74,41174
kommun,0188,2018,RD,KD,5.92,41174
kommun,0188,2018,RD,M,22.23,41174
kommun,0188,2018,RD,SD,19.89,41174
kommun,0188,2018,RF,V,6.51,40791
kommun,0188,2018,RF,S,28.41,40791
kommun,0188,2018,RF,MP,3.57,40791
kommun,0188,2018,RF,C,9.88,40791
kommun,0188,2018,RF,L,6.21,40791
kommun,0188,2018,RF,KD,6.76,40791
kommun,0188,2018,RF,M,21.95,40791
kommun,0188,2018,RF,SD,15.75,40791
kommun,0188,2022,KF,V,5.15,42924
kommun,0188,2022,KF,S,27.76,42924
kommun,0188,2022,KF,MP,3.17,42924
kommun,0188,2022,KF,C,6.92,42924
kommun,0188,2022,KF,L,6.25,42924
kommun,0188,2022,KF,KD,3.65,42924
kommun,0188,2022,KF,M,25.11,42924
kommun,0188,2022,KF,SD,19.19,42924
kommun,0188,2022,RD,V,4.64,42904
kommun,0188,2022,RD,S,29.15,42904
kommun,0188,2022,RD,MP,4.04,42904
kommun,0188,2022,RD,C,6.26,42904
kommun,0188,2022,RD,L,4.2,42904
kommun,0188,2022,RD,KD,4.74,42904
kommun,0188,2022,RD,M,20.65,42904
kommun,0188,2022,RD,SD,25.17,42904
kommun,0188,2022,RF,V,6.26,42422
kommun,0188,2022,RF,S,32.35,42422
kommun,0188,2022,RF,MP,2.57,42422
kommun,0188,2022,RF,C,5.87,42422
kommun,0188,2022,RF,L,4.56,42422
kommun,0188,2022,RF,KD,6.49,42422
kommun,0188,2022,RF,M,20.96,42422
kommun,0188,2022,RF,SD,19.96,42422
kommun,0191,2014,KF,V,4.19,25299
kommun,0191,2014,KF,S,34.74,25299
kommun,0191,2014,KF,MP,5.89,25299
kommun,0191,2014,KF,C,4.01,25299
kommun,0191,2014,KF,L,5.58,25299
kommun,0191,2014,KF,KD,3.28,25299
kommun,0191,2014,KF,M,29.0,25299
kommun,0191,2014,KF,SD,8.67,25299
kommun,0191,2014,RD,V,4.61,24526
kommun,0191,2014,RD,S,28.26,24526
kommun,0191,2014,RD,MP,6.52,24526
kommun,0191,2014,RD,C,4.3,24526
kommun,0191,2014,RD,L,5.04,24526
kommun,0191,2014,RD,KD,5.15,24526
kommun,0191,2014,RD,M,30.2,24526
kommun,0191,2014,RD,SD,12.79,24526
kommun,0191,2014,RF,V,5.27,25046
kommun,0191,2014,RF,S,33.84,25046
kommun,0191,2014,RF,MP,6.46,25046
kommun,0191,2014,RF,C,4.25,25046
kommun,0191,2014,RF,L,5.57,25046
kommun,0191,2014,RF,KD,5.61,25046
kommun,0191,2014,RF,M,28.51,25046
kommun,0191,2014,RF,SD,8.47,25046
kommun,0191,2018,KF,V,5.8,26625
kommun,0191,2018,KF,S,24.66,26625
kommun,0191,2018,KF,MP,3.62,26625
kommun,0191,2018,KF,C,5.66,26625
kommun,0191,2018,KF,L,5.21,26625
kommun,0191,2018,KF,KD,5.13,26625
kommun,0191,2018,KF,M,32.36,26625
kommun,0191,2018,KF,SD,12.89,26625
kommun,0191,2018,RD,V,6.39,25576
kommun,0191,2018,RD,S,25.49,25576
kommun,0191,2018,RD,MP,3.45,25576
kommun,0191,2018,RD,C,6.65,25576
kommun,0191,2018,RD,L,4.93,25576
kommun,0191,2018,RD,KD,7.56,25576
kommun,0191,2018,RD,M,24.66,25576
kommun,0191,2018,RD,SD,19.28,25576
kommun,0191,2018,RF,V,6.65,26419
kommun,0191,2018,RF,S,29.08,26419
kommun,0191,2018,RF,MP,3.37,26419
kommun,0191,2018,RF,C,6.46,26419
kommun,0191,2018,RF,L,5.3,26419
kommun,0191,2018,RF,KD,8.99,26419
kommun,0191,2018,RF,M,25.54,26419
kommun,0191,2018,RF,SD,13.55,26419
kommun,0191,2022,KF,V,6.25,26030
kommun,0191,2022,KF,S,28.99,26030
kommun,0191,2022,KF,MP,3.21,26030
kommun,0191,2022,KF,C,3.93,26030
kommun,0191,2022,KF,L,4.33,26030
kommun,0191,2022,KF,KD,4.69,26030
kommun,0191,2022,KF,M,30.71,26030
kommun,0191,2022,KF,SD,13.76,26030
kommun,0191,2022,RD,V,6.27,25280
kommun,0191,2022,RD,S,27.59,25280
kommun,0191,2022,RD,MP,3.37,25280
kommun,0191,2022,RD,C,5.29,25280
kommun,0191,2022,RD,L,4.07,25280
kommun,0191,2022,RD,KD,5.95,25280
kommun,0191,2022,RD,M,22.26,25280
kommun,0191,2022,RD,SD,22.33,25280
kommun,0191,2022,RF,V,7.2,25891
kommun,0191,2022,RF,S,32.01,25891
kommun,0191,2022,RF,MP,2.38,25891
kommun,0191,2022,RF,C,4.2,25891
kommun,0191,2022,RF,L,4.09,25891
kommun,0191,2022,RF,KD,8.5,25891
kommun,0191,2022,RF,M,23.59,25891
kommun,0191,2022,RF,SD,15.06,25891
kommun,0192,2014,KF,V,6.34,17073
kommun,0192,2014,KF,S,28.21,17073
kommun,0192,2014,KF,MP,6.81,17073
kommun,0192,2014,KF,C,4.55,17073
kommun,0192,2014,KF,L,6.99,17073
kommun,0192,2014,KF,KD,2.48,17073
kommun,0192,2014,KF,M,25.33,17073
kommun,0192,2014,KF,SD,8.88,17073
kommun,0192,2014,RD,V,5.09,16995
kommun,0192,2014,RD,S,30.59,16995
kommun,0192,2014,RD,MP,6.37,16995
kommun,0192,2014,RD,C,4.35,16995
kommun,0192,2014,RD,L,5.34,16995
kommun,0192,2014,RD,KD,3.84,16995
kommun,0192,2014,RD,M,26.37,16995
kommun,0192,2014,RD,SD,14.74,16995
kommun,0192,2014,RF,V,6.28,16995
kommun,0192,2014,RF,S,34.62,16995
kommun,0192,2014,RF,MP,6.87,16995
kommun,0192,2014,RF,C,4.71,16995
kommun,0192,2014,RF,L,6.1,16995
kommun,0192,2014,RF,KD,4.72,16995
kommun,0192,2014,RF,M,24.48,16995
kommun,0192,2014,RF,SD,9.99,16995
kommun,0192,2018,KF,V,5.46,17909
kommun,0192,2018,KF,S,25.07,17909
kommun,0192,2018,KF,MP,3.67,17909
kommun,0192,2018,KF,C,4.81,17909
kommun,0192,2018,KF,L,5.9,17909
kommun,0192,2018,KF,KD,3.81,17909
kommun,0192,2018,KF,M,22.99,17909
kommun,0192,2018,KF,SD,15.12,17909
kommun,0192,2018,RD,V,6.76,17642
kommun,0192,2018,RD,S,27.28,17642
kommun,0192,2018,RD,MP,3.76,17642
kommun,0192,2018,RD,C,6.44,17642
kommun,0192,2018,RD,L,4.49,17642
kommun,0192,2018,RD,KD,5.82,17642
kommun,0192,2018,RD,M,21.05,17642
kommun,0192,2018,RD,SD,23.08,17642
kommun,0192,2018,RF,V,6.95,17739
kommun,0192,2018,RF,S,30.62,17739
kommun,0192,2018,RF,MP,3.75,17739
kommun,0192,2018,RF,C,6.26,17739
kommun,0192,2018,RF,L,4.91,17739
kommun,0192,2018,RF,KD,7.8,17739
kommun,0192,2018,RF,M,21.71,17739
kommun,0192,2018,RF,SD,17.0,17739
kommun,0192,2022,KF,V,5.75,17802
kommun,0192,2022,KF,S,28.31,17802
kommun,0192,2022,KF,MP,4.03,17802
kommun,0192,2022,KF,C,3.6,17802
kommun,0192,2022,KF,L,4.24,17802
kommun,0192,2022,KF,KD,4.79,17802
kommun,0192,2022,KF,M,21.99,17802
kommun,0192,2022,KF,SD,17.8,17802
kommun,0192,2022,RD,V,5.21,17676
kommun,0192,2022,RD,S,31.44,17676
kommun,0192,2022,RD,MP,4.01,17676
kommun,0192,2022,RD,C,4.51,17676
kommun,0192,2022,RD,L,3.38,17676
kommun,0192,2022,RD,KD,5.07,17676
kommun,0192,2022,RD,M,17.72,17676
kommun,0192,2022,RD,SD,27.26,17676
kommun,0192,2022,RF,V,7.01,17693
kommun,0192,2022,RF,S,35.17,17693
kommun,0192,2022,RF,MP,2.72,17693
kommun,0192,2022,RF,C,3.68,17693
kommun,0192,2022,RF,L,3.74,17693
kommun,0192,2022,RF,KD,7.34,17693
kommun,0192,2022,RF,M,18.59,17693
kommun,0192,2022,RF,SD,20.62,17693
kommun,0305,2014,KF,V,2.78,12735
kommun,0305,2014,KF,S,35.74,12735
kommun,0305,2014,KF,MP,5.87,12735
kommun,0305,2014,KF,C,7.22,12735
kommun,0305,2014,KF,L,3.89,12735
kommun,0305,2014,KF,KD,3.02,12735
kommun,0305,2014,KF,M,25.29,12735
kommun,0305,2014,KF,SD,11.28,12735
kommun,0305,2014,RD,V,3.35,12616
kommun,0305,2014,RD,S,25.74,12616
kommun,0305,2014,RD,MP,5.6,12616
kommun,0305,2014,RD,C,4.86,12616
kommun,0305,2014,RD,L,4.86,12616
kommun,0305,2014,RD,KD,4.26,12616
kommun,0305,2014,RD,M,33.78,12616
kommun,0305,2014,RD,SD,14.85,12616
kommun,0305,2014,RF,V,3.79,12575
kommun,0305,2014,RF,S,31.96,12575
kommun,0305,2014,RF,MP,5.84,12575
kommun,0305,2014,RF,C,5.53,12575
kommun,0305,2014,RF,L,5.42,12575
kommun,0305,2014,RF,KD,5.29,12575
kommun,0305,2014,RF,M,28.91,12575
kommun,0305,2014,RF,SD,11.32,12575
kommun,0305,2018,KF,V,3.96,13524
kommun,0305,2018,KF,S,25.97,13524
kommun,0305,2018,KF,MP,2.48,13524
kommun,0305,2018,KF,C,7.64,13524
kommun,0305,2018,KF,L,3.93,13524
kommun,0305,2018,KF,KD,3.13,13524
kommun,0305,2018,KF,M,25.9,13524
kommun,0305,2018,KF,SD,19.43,13524
kommun,0305,2018,RD,V,5.2,13395
kommun,0305,2018,RD,S,21.13,13395
kommun,0305,2018,RD,MP,2.8,13395
kommun,0305,2018,RD,C,7.1,13395
kommun,0305,2018,RD,L,5.35,13395
kommun,0305,2018,RD,KD,6.51,13395
kommun,0305,2018,RD,M,26.56,13395
kommun,0305,2018,RD,SD,24.17,13395
kommun,0305,2018,RF,V,5.42,13291
kommun,0305,2018,RF,S,24.35,13291
kommun,0305,2018,RF,MP,2.74,13291
kommun,0305,2018,RF,C,6.97,13291
kommun,0305,2018,RF,L,5.64,13291
kommun,0305,2018,RF,KD,8.16,13291
kommun,0305,2018,RF,M,26.63,13291
kommun,0305,2018,RF,SD,19.31,13291
kommun,0305,2022,KF,V,3.62,13992
kommun,0305,2022,KF,S,25.4,13992
kommun,0305,2022,KF,MP,2.23,13992
kommun,0305,2022,KF,C,5.44,13992
kommun,0305,2022,KF,L,3.54,13992
kommun,0305,2022,KF,KD,4.37,13992
kommun,0305,2022,KF,M,21.09,13992
kommun,0305,2022,KF,SD,19.4,13992
kommun,0305,2022,RD,V,3.85,13992
kommun,0305,2022,RD,S,24.53,13992
kommun,0305,2022,RD,MP,2.77,13992
kommun,0305,2022,RD,C,5.22,13992
kommun,0305,2022,RD,L,4.35,13992
kommun,0305,2022,RD,KD,5.98,13992
kommun,0305,2022,RD,M,23.8,13992
kommun,0305,2022,RD,SD,28.36,13992
kommun,0305,2022,RF,V,4.9,13834
kommun,0305,2022,RF,S,27.15,13834
kommun,0305,2022,RF,MP,2.23,13834
kommun,0305,2022,RF,C,5.23,13834
kommun,0305,2022,RF,L,4.25,13834
kommun,0305,2022,RF,KD,9.0,13834
kommun,0305,2022,RF,M,23.25,13834
kommun,0305,2022,RF,SD,20.98,13834
kommun,0319,2014,KF,V,5.09,6071
kommun,0319,2014,KF,S,40.52,6071
kommun,0319,2014,KF,MP,4.56,6071
kommun,0319,2014,KF,C,4.91,6071
kommun,0319,2014,KF,L,1.98,6071
kommun,0319,2014,KF,KD,1.56,6071
kommun,0319,2014,KF,M,13.42,6071
kommun,0319,2014,KF,SD,14.18,6071
kommun,0319,2014,RD,V,6.21,6036
kommun,0319,2014,RD,S,47.05,6036
kommun,0319,2014,RD,MP,3.79,6036
kommun,0319,2014,RD,C,3.1,6036
kommun,0319,2014,RD,L,2.83,6036
kommun,0319,2014,RD,KD,2.19,6036
kommun,0319,2014,RD,M,12.82,6036
kommun,0319,2014,RD,SD,19.85,6036
kommun,0319,2014,RF,V,7.32,5967
kommun,0319,2014,RF,S,49.57,5967
kommun,0319,2014,RF,MP,4.12,5967
kommun,0319,2014,RF,C,3.27,5967
kommun,0319,2014,RF,L,3.22,5967
kommun,0319,2014,RF,KD,2.31,5967
kommun,0319,2014,RF,M,12.59,5967
kommun,0319,2014,RF,SD,15.89,5967
kommun,0319,2018,KF,V,5.31,6107
kommun,0319,2018,KF,S,38.07,6107
kommun,0319,2018,KF,MP,2.6,6107
kommun,0319,2018,KF,C,6.03,6107
kommun,0319,2018,KF,L,2.34,6107
kommun,0319,2018,KF,KD,2.98,6107
kommun,0319,2018,KF,M,12.62,6107
kommun,0319,2018,KF,SD,18.6,6107
kommun,0319,2018,RD,V,6.82,6009
kommun,0319,2018,RD,S,39.27,6009
kommun,0319,2018,RD,MP,2.21,6009
kommun,0319,2018,RD,C,4.41,6009
kommun,0319,2018,RD,L,3.43,6009
kommun,0319,2018,RD,KD,4.28,6009
kommun,0319,2018,RD,M,11.65,6009
kommun,0319,2018,RD,SD,26.74,6009
kommun,0319,2018,RF,V,7.3,6030
kommun,0319,2018,RF,S,42.19,6030
kommun,0319,2018,RF,MP,2.26,6030
kommun,0319,2018,RF,C,5.06,6030
kommun,0319,2018,RF,L,3.42,6030
kommun,0319,2018,RF,KD,5.52,6030
kommun,0319,2018,RF,M,12.6,6030
kommun,0319,2018,RF,SD,20.65,6030
kommun,0319,2022,KF,V,5.61,6061
kommun,0319,2022,KF,S,32.52,6061
kommun,0319,2022,KF,MP,2.14,6061
kommun,0319,2022,KF,C,5.33,6061
kommun,0319,2022,KF,L,1.6,6061
kommun,0319,2022,KF,KD,6.72,6061
kommun,0319,2022,KF,M,19.86,6061
kommun,0319,2022,KF,SD,20.38,6061
kommun,0319,2022,RD,V,4.65,6088
kommun,0319,2022,RD,S,35.55,6088
kommun,0319,2022,RD,MP,2.86,6088
kommun,0319,2022,RD,C,3.33,6088
kommun,0319,2022,RD,L,2.43,6088
kommun,0319,2022,RD,KD,4.34,6088
kommun,0319,2022,RD,M,14.47,6088
kommun,0319,2022,RD,SD,31.0,6088
kommun,0319,2022,RF,V,6.07,5946
kommun,0319,2022,RF,S,37.52,5946
kommun,0319,2022,RF,MP,2.32,5946
kommun,0319,2022,RF,C,3.72,5946
kommun,0319,2022,RF,L,2.1,5946
kommun,0319,2022,RF,KD,6.98,5946
kommun,0319,2022,RF,M,16.89,5946
kommun,0319,2022,RF,SD,22.87,5946
kommun,0330,2014,KF,V,4.64,9811
kommun,0330,2014,KF,S,19.64,9811
kommun,0330,2014,KF,MP,7.45,9811
kommun,0330,2014,KF,C,9.34,9811
kommun,0330,2014,KF,L,3.64,9811
kommun,0330,2014,KF,KD,8.62,9811
kommun,0330,2014,KF,M,25.42,9811
kommun,0330,2014,KF,SD,7.72,9811
kommun,0330,2014,RD,V,3.94,9716
kommun,0330,2014,RD,S,21.73,9716
kommun,0330,2014,RD,MP,7.97,9716
kommun,0330,2014,RD,C,8.0,9716
kommun,0330,2014,RD,L,6.48,9716
kommun,0330,2014,RD,KD,6.72,9716
kommun,0330,2014,RD,M,30.64,9716
kommun,0330,2014,RD,SD,10.79,9716
kommun,0330,2014,RF,V,5.0,9671
kommun,0330,2014,RF,S,27.56,9671
kommun,0330,2014,RF,MP,7.42,9671
kommun,0330,2014,RF,C,7.4,9671
kommun,0330,2014,RF,L,7.58,9671
kommun,0330,2014,RF,KD,8.99,9671
kommun,0330,2014,RF,M,25.98,9671
kommun,0330,2014,RF,SD,7.73,9671
kommun,0330,2018,KF,V,5.14,11446
kommun,0330,2018,KF,S,16.8,11446
kommun,0330,2018,KF,MP,5.19,11446
kommun,0330,2018,KF,C,9.29,11446
kommun,0330,2018,KF,L,5.79,11446
kommun,0330,2018,KF,KD,12.76,11446
kommun,0330,2018,KF,M,16.83,11446
kommun,0330,2018,KF,SD,12.18,11446
kommun,0330,2018,RD,V,5.42,11276
kommun,0330,2018,RD,S,20.83,11276
kommun,0330,2018,RD,MP,5.44,11276
kommun,0330,2018,RD,C,10.7,11276
kommun,0330,2018,RD,L,7.24,11276
kommun,0330,2018,RD,KD,8.55,11276
kommun,0330,2018,RD,M,23.31,11276
kommun,0330,2018,RD,SD,16.92,11276
kommun,0330,2018,RF,V,6.6,11292
kommun,0330,2018,RF,S,22.06,11292
kommun,0330,2018,RF,MP,4.74,11292
kommun,0330,2018,RF,C,10.0,11292
kommun,0330,2018,RF,L,8.92,11292
kommun,0330,2018,RF,KD,14.11,11292
kommun,0330,2018,RF,M,19.89,11292
kommun,0330,2018,RF,SD,12.35,11292
kommun,0330,2022,KF,V,5.21,12251
kommun,0330,2022,KF,S,15.34,12251
kommun,0330,2022,KF,MP,4.51,12251
kommun,0330,2022,KF,C,5.72,12251
kommun,0330,2022,KF,L,3.53,12251
kommun,0330,2022,KF,KD,11.26,12251
kommun,0330,2022,KF,M,13.99,12251
kommun,0330,2022,KF,SD,12.57,12251
kommun,0330,2022,RD,V,4.66,12065
kommun,0330,2022,RD,S,25.03,12065
kommun,0330,2022,RD,MP,6.2,12065
kommun,0330,2022,RD,C,7.78,12065
kommun,0330,2022,RD,L,5.64,12065
kommun,0330,2022,RD,KD,8.5,12065
kommun,0330,2022,RD,M,21.07,12065
kommun,0330,2022,RD,SD,19.54,12065
kommun,0330,2022,RF,V,7.61,12087
kommun,0330,2022,RF,S,25.75,12087
kommun,0330,2022,RF,MP,4.21,12087
kommun,0330,2022,RF,C,6.73,12087
kommun,0330,2022,RF,L,5.35,12087
kommun,0330,2022,RF,KD,14.58,12087
kommun,0330,2022,RF,M,17.99,12087
kommun,0330,2022,RF,SD,13.77,12087
kommun,0331,2014,KF,V,5.02,8747
kommun,0331,2014,KF,S,34.35,8747
kommun,0331,2014,KF,MP,3.84,8747
kommun,0331,2014,KF,C,21.06,8747
kommun,0331,2014,KF,L,2.65,8747
kommun,0331,2014,KF,KD,3.75,8747
kommun,0331,2014,KF,M,9.12,8747
kommun,0331,2014,KF,SD,12.15,8747
kommun,0331,2014,RD,V,4.62,8824
kommun,0331,2014,RD,S,35.49,8824
kommun,0331,2014,RD,MP,3.57,8824
kommun,0331,2014,RD,C,13.1,8824
kommun,0331,2014,RD,L,2.69,8824
kommun,0331,2014,RD,KD,4.84,8824
kommun,0331,2014,RD,M,16.35,8824
kommun,0331,2014,RD,SD,16.48,8824
kommun,0331,2014,RF,V,5.2,8639
kommun,0331,2014,RF,S,38.05,8639
kommun,0331,2014,RF,MP,3.8,8639
kommun,0331,2014,RF,C,16.65,8639
kommun,0331,2014,RF,L,3.44,8639
kommun,0331,2014,RF,KD,5.0,8639
kommun,0331,2014,RF,M,12.85,8639
kommun,0331,2014,RF,SD,12.99,8639
kommun,0331,2018,KF,V,5.71,9058
kommun,0331,2018,KF,S,28.73,9058
kommun,0331,2018,KF,MP,3.0,9058
kommun,0331,2018,KF,C,23.97,9058
kommun,0331,2018,KF,L,3.6,9058
kommun,0331,2018,KF,KD,5.93,9058
kommun,0331,2018,KF,M,10.26,9058
kommun,0331,2018,KF,SD,18.27,9058
kommun,0331,2018,RD,V,5.54,9064
kommun,0331,2018,RD,S,29.14,9064
kommun,0331,2018,RD,MP,2.35,9064
kommun,0331,2018,RD,C,13.2,9064
kommun,0331,2018,RD,L,2.98,9064
kommun,0331,2018,RD,KD,8.01,9064
kommun,0331,2018,RD,M,13.78,9064
kommun,0331,2018,RD,SD,22.88,9064
kommun,0331,2018,RF,V,6.37,8993
kommun,0331,2018,RF,S,29.55,8993
kommun,0331,2018,RF,MP,2.2,8993
kommun,0331,2018,RF,C,17.9,8993
kommun,0331,2018,RF,L,3.35,8993
kommun,0331,2018,RF,KD,8.67,8993
kommun,0331,2018,RF,M,11.65,8993
kommun,0331,2018,RF,SD,18.43,8993
kommun,0331,2022,KF,V,5.84,9045
kommun,0331,2022,KF,S,26.19,9045
kommun,0331,2022,KF,MP,2.78,9045
kommun,0331,2022,KF,C,15.49,9045
kommun,0331,2022,KF,L,2.51,9045
kommun,0331,2022,KF,KD,9.08,9045
kommun,0331,2022,KF,M,13.06,9045
kommun,0331,2022,KF,SD,23.56,9045
kommun,0331,2022,RD,V,4.9,9149
kommun,0331,2022,RD,S,27.63,9149
kommun,0331,2022,RD,MP,2.89,9149
kommun,0331,2022,RD,C,7.94,9149
kommun,0331,2022,RD,L,2.4,9149
kommun,0331,2022,RD,KD,8.21,9149
kommun,0331,2022,RD,M,14.81,9149
kommun,0331,2022,RD,SD,29.62,9149
kommun,0331,2022,RF,V,6.87,8973
kommun,0331,2022,RF,S,28.53,8973
kommun,0331,2022,RF,MP,2.38,8973
kommun,0331,2022,RF,C,10.72,8973
kommun,0331,2022,RF,L,2.27,8973
kommun,0331,2022,RF,KD,10.48,8973
kommun,0331,2022,RF,M,13.48,8973
kommun,0331,2022,RF,SD,24.01,8973
kommun,0360,2014,KF,V,5.73,13306
kommun,0360,2014,KF,S,42.21,13306
kommun,0360,2014,KF,MP,5.15,13306
kommun,0360,2014,KF,C,17.56,13306
kommun,0360,2014,KF,L,2.76,13306
kommun,0360,2014,KF,KD,2.26,13306
kommun,0360,2014,KF,M,11.7,13306
kommun,0360,2014,KF,SD,11.84,13306
kommun,0360,2014,RD,V,5.11,13308
kommun,0360,2014,RD,S,42.6,13308
kommun,0360,2014,RD,MP,4.16,13308
kommun,0360,2014,RD,C,9.72,13308
kommun,0360,2014,RD,L,2.86,13308
kommun,0360,2014,RD,KD,2.93,13308
kommun,0360,2014,RD,M,15.1,13308
kommun,0360,2014,RD,SD,14.26,13308
kommun,0360,2014,RF,V,5.7,13236
kommun,0360,2014,RF,S,45.69,13236
kommun,0360,2014,RF,MP,4.5,13236
kommun,0360,2014,RF,C,11.4,13236
kommun,0360,2014,RF,L,3.11,13236
kommun,0360,2014,RF,KD,3.11,13236
kommun,0360,2014,RF,M,12.54,13236
kommun,0360,2014,RF,SD,11.51,13236
kommun,0360,2018,KF,V,7.04,13916
kommun,0360,2018,KF,S,29.41,13916
kommun,0360,2018,KF,MP,3.26,13916
kommun,0360,2018,KF,C,22.48,13916
kommun,0360,2018,KF,L,2.88,13916
kommun,0360,2018,KF,KD,4.0,13916
kommun,0360,2018,KF,M,13.15,13916
kommun,0360,2018,KF,SD,15.96,13916
kommun,0360,2018,RD,V,6.61,13802
kommun,0360,2018,RD,S,33.88,13802
kommun,0360,2018,RD,MP,2.72,13802
kommun,0360,2018,RD,C,11.34,13802
kommun,0360,2018,RD,L,3.12,13802
kommun,0360,2018,RD,KD,5.41,13802
kommun,0360,2018,RD,M,13.79,13802
kommun,0360,2018,RD,SD,20.94,13802
kommun,0360,2018,RF,V,7.7,13774
kommun,0360,2018,RF,S,32.6,13774
kommun,0360,2018,RF,MP,2.85,13774
kommun,0360,2018,RF,C,15.34,13774
kommun,0360,2018,RF,L,3.48,13774
kommun,0360,2018,RF,KD,5.92,13774
kommun,0360,2018,RF,M,13.75,13774
kommun,0360,2018,RF,SD,16.15,13774
kommun,0360,2022,KF,V,5.13,13618
kommun,0360,2022,KF,S,31.77,13618
kommun,0360,2022,KF,MP,2.77,13618
kommun,0360,2022,KF,C,15.92,13618
kommun,0360,2022,KF,L,2.29,13618
kommun,0360,2022,KF,KD,4.8,13618
kommun,0360,2022,KF,M,13.5,13618
kommun,0360,2022,KF,SD,18.63,13618
kommun,0360,2022,RD,V,4.72,13600
kommun,0360,2022,RD,S,34.12,13600
kommun,0360,2022,RD,MP,3.27,13600
kommun,0360,2022,RD,C,7.12,13600
kommun,0360,2022,RD,L,2.55,13600
kommun,0360,2022,RD,KD,5.92,13600
kommun,0360,2022,RD,M,14.36,13600
kommun,0360,2022,RD,SD,26.65,13600
kommun,0360,2022,RF,V,6.41,13492
kommun,0360,2022,RF,S,34.84,13492
kommun,0360,2022,RF,MP,2.62,13492
kommun,0360,2022,RF,C,10.2,13492
kommun,0360,2022,RF,L,2.33,13492
kommun,0360,2022,RF,KD,7.61,13492
kommun,0360,2022,RF,M,13.75,13492
kommun,0360,2022,RF,SD,20.65,13492
kommun,0380,2014,KF,V,8.86,135387
kommun,0380,2014,KF,S,27.24,135387
kommun,0380,2014,KF,MP,13.33,135387
kommun,0380,2014,KF,C,6.74,135387
kommun,0380,2014,KF,L,8.36,135387
kommun,0380,2014,KF,KD,5.68,135387
kommun,0380,2014,KF,M,19.32,135387
kommun,0380,2014,KF,SD,6.7,135387
kommun,0380,2014,RD,V,7.84,133933
kommun,0380,2014,RD,S,26.42,133933
kommun,0380,2014,RD,MP,10.84,133933
kommun,0380,2014,RD,C,6.07,133933
kommun,0380,2014,RD,L,7.6,133933
kommun,0380,2014,RD,KD,5.31,133933
kommun,0380,2014,RD,M,22.79,133933
kommun,0380,2014,RD,SD,8.3,133933
kommun,0380,2014,RF,V,10.23,134796
kommun,0380,2014,RF,S,30.08,134796
kommun,0380,2014,RF,MP,11.37,134796
kommun,0380,2014,RF,C,5.26,134796
kommun,0380,2014,RF,L,8.73,134796
kommun,0380,2014,RF,KD,5.95,134796
kommun,0380,2014,RF,M,19.03,134796
kommun,0380,2014,RF,SD,6.31,134796
kommun,0380,2018,KF,V,10.67,146754
kommun,0380,2018,KF,S,25.32,146754
kommun,0380,2018,KF,MP,7.08,146754
kommun,0380,2018,KF,C,9.56,146754
kommun,0380,2018,KF,L,9.27,146754
kommun,0380,2018,KF,KD,7.13,146754
kommun,0380,2018,KF,M,17.39,146754
kommun,0380,2018,KF,SD,9.14,146754
kommun,0380,2018,RD,V,10.98,144667
kommun,0380,2018,RD,S,26.48,144667
kommun,0380,2018,RD,MP,7.21,144667
kommun,0380,2018,RD,C,8.93,144667
kommun,0380,2018,RD,L,7.41,144667
kommun,0380,2018,RD,KD,6.9,144667
kommun,0380,2018,RD,M,18.42,144667
kommun,0380,2018,RD,SD,11.52,144667
kommun,0380,2018,RF,V,12.94,146204
kommun,0380,2018,RF,S,25.94,146204
kommun,0380,2018,RF,MP,6.4,146204
kommun,0380,2018,RF,C,7.93,146204
kommun,0380,2018,RF,L,9.13,146204
kommun,0380,2018,RF,KD,8.77,146204
kommun,0380,2018,RF,M,17.34,146204
kommun,0380,2018,RF,SD,8.85,146204
kommun,0380,2022,KF,V,13.41,151898
kommun,0380,2022,KF,S,27.08,151898
kommun,0380,2022,KF,MP,6.43,151898
kommun,0380,2022,KF,C,8.26,151898
kommun,0380,2022,KF,L,5.77,151898
kommun,0380,2022,KF,KD,6.83,151898
kommun,0380,2022,KF,M,17.08,151898
kommun,0380,2022,KF,SD,9.34,151898
kommun,0380,2022,RD,V,10.19,150145
kommun,0380,2022,RD,S,29.38,150145
kommun,0380,2022,RD,MP,8.9,150145
kommun,0380,2022,RD,C,7.81,150145
kommun,0380,2022,RD,L,5.93,150145
kommun,0380,2022,RD,KD,5.37,150145
kommun,0380,2022,RD,M,17.55,150145
kommun,0380,2022,RD,SD,13.0,150145
kommun,0380,2022,RF,V,15.24,151547
kommun,0380,2022,RF,S,29.37,151547
kommun,0380,2022,RF,MP,5.52,151547
kommun,0380,2022,RF,C,7.29,151547
kommun,0380,2022,RF,L,5.37,151547
kommun,0380,2022,RF,KD,8.53,151547
kommun,0380,2022,RF,M,15.76,151547
kommun,0380,2022,RF,SD,9.31,151547
kommun,0381,2014,KF,V,4.15,26772
kommun,0381,2014,KF,S,30.93,26772
kommun,0381,2014,KF,MP,5.48,26772
kommun,0381,2014,KF,C,9.83,26772
kommun,0381,2014,KF,L,3.81,26772
kommun,0381,2014,KF,KD,2.5,26772
kommun,0381,2014,KF,M,19.86,26772
kommun,0381,2014,KF,SD,8.94,26772
kommun,0381,2014,RD,V,3.69,26698
kommun,0381,2014,RD,S,30.22,26698
kommun,0381,2014,RD,MP,5.48,26698
kommun,0381,2014,RD,C,8.91,26698
kommun,0381,2014,RD,L,4.98,26698
kommun,0381,2014,RD,KD,4.01,26698
kommun,0381,2014,RD,M,26.47,26698
kommun,0381,2014,RD,SD,13.51,26698
kommun,0381,2014,RF,V,4.6,26452
kommun,0381,2014,RF,S,34.14,26452
kommun,0381,2014,RF,MP,5.78,26452
kommun,0381,2014,RF,C,10.37,26452
kommun,0381,2014,RF,L,5.03,26452
kommun,0381,2014,RF,KD,4.35,26452
kommun,0381,2014,RF,M,24.16,26452
kommun,0381,2014,RF,SD,9.65,26452
kommun,0381,2018,KF,V,4.12,28689
kommun,0381,2018,KF,S,25.31,28689
kommun,0381,2018,KF,MP,3.54,28689
kommun,0381,2018,KF,C,11.71,28689
kommun,0381,2018,KF,L,4.12,28689
kommun,0381,2018,KF,KD,4.22,28689
kommun,0381,2018,KF,M,20.63,28689
kommun,0381,2018,KF,SD,14.64,28689
kommun,0381,2018,RD,V,4.72,28462
kommun,0381,2018,RD,S,26.08,28462
kommun,0381,2018,RD,MP,3.11,28462
kommun,0381,2018,RD,C,9.99,28462
kommun,0381,2018,RD,L,4.58,28462
kommun,0381,2018,RD,KD,6.57,28462
kommun,0381,2018,RD,M,22.92,28462
kommun,0381,2018,RD,SD,20.35,28462
kommun,0381,2018,RF,V,5.35,28455
kommun,0381,2018,RF,S,27.55,28455
kommun,0381,2018,RF,MP,3.27,28455
kommun,0381,2018,RF,C,11.67,28455
kommun,0381,2018,RF,L,4.9,28455
kommun,0381,2018,RF,KD,7.85,28455
kommun,0381,2018,RF,M,22.26,28455
kommun,0381,2018,RF,SD,15.47,28455
kommun,0381,2022,KF,V,5.09,29193
kommun,0381,2022,KF,S,25.8,29193
kommun,0381,2022,KF,MP,3.16,29193
kommun,0381,2022,KF,C,6.93,29193
kommun,0381,2022,KF,L,2.73,29193
kommun,0381,2022,KF,KD,6.21,29193
kommun,0381,2022,KF,M,20.22,29193
kommun,0381,2022,KF,SD,17.72,29193
kommun,0381,2022,RD,V,4.22,29193
kommun,0381,2022,RD,S,27.9,29193
kommun,0381,2022,RD,MP,3.35,29193
kommun,0381,2022,RD,C,6.69,29193
kommun,0381,2022,RD,L,3.65,29193
kommun,0381,2022,RD,KD,6.36,29193
kommun,0381,2022,RD,M,21.67,29193
kommun,0381,2022,RD,SD,24.68,29193
kommun,0381,2022,RF,V,6.08,28921
kommun,0381,2022,RF,S,30.13,28921
kommun,0381,2022,RF,MP,2.63,28921
kommun,0381,2022,RF,C,6.87,28921
kommun,0381,2022,RF,L,3.15,28921
kommun,0381,2022,RF,KD,9.12,28921
kommun,0381,2022,RF,M,21.26,28921
kommun,0381,2022,RF,SD,18.31,28921
kommun,0382,2014,KF,V,3.8,14223
kommun,0382,2014,KF,S,39.08,14223
kommun,0382,2014,KF,MP,4.3,14223
kommun,0382,2014,KF,C,15.71,14223
kommun,0382,2014,KF,L,3.0,14223
kommun,0382,2014,KF,KD,2.45,14223
kommun,0382,2014,KF,M,14.4,14223
kommun,0382,2014,KF,SD,9.84,14223
kommun,0382,2014,RD,V,4.26,14343
kommun,0382,2014,RD,S,38.19,14343
kommun,0382,2014,RD,MP,3.67,14343
kommun,0382,2014,RD,C,8.96,14343
kommun,0382,2014,RD,L,4.19,14343
kommun,0382,2014,RD,KD,3.19,14343
kommun,0382,2014,RD,M,21.03,14343
kommun,0382,2014,RD,SD,13.21,14343
kommun,0382,2014,RF,V,4.82,14118
kommun,0382,2014,RF,S,41.49,14118
kommun,0382,2014,RF,MP,4.05,14118
kommun,0382,2014,RF,C,10.92,14118
kommun,0382,2014,RF,L,4.26,14118
kommun,0382,2014,RF,KD,3.74,14118
kommun,0382,2014,RF,M,17.27,14118
kommun,0382,2014,RF,SD,10.36,14118
kommun,0382,2018,KF,V,3.99,14753
kommun,0382,2018,KF,S,31.15,14753
kommun,0382,2018,KF,MP,2.4,14753
kommun,0382,2018,KF,C,14.68,14753
kommun,0382,2018,KF,L,3.48,14753
kommun,0382,2018,KF,KD,6.11,14753
kommun,0382,2018,KF,M,14.69,14753
kommun,0382,2018,KF,SD,15.03,14753
kommun,0382,2018,RD,V,5.06,14814
kommun,0382,2018,RD,S,30.91,14814
kommun,0382,2018,RD,MP,2.55,14814
kommun,0382,2018,RD,C,8.82,14814
kommun,0382,2018,RD,L,4.08,14814
kommun,0382,2018,RD,KD,8.44,14814
kommun,0382,2018,RD,M,17.42,14814
kommun,0382,2018,RD,SD,21.12,14814
kommun,0382,2018,RF,V,5.46,14596
kommun,0382,2018,RF,S,32.13,14596
kommun,0382,2018,RF,MP,2.3,14596
kommun,0382,2018,RF,C,10.77,14596
kommun,0382,2018,RF,L,4.64,14596
kommun,0382,2018,RF,KD,9.93,14596
kommun,0382,2018,RF,M,16.74,14596
kommun,0382,2018,RF,SD,16.07,14596
kommun,0382,2022,KF,V,3.96,14563
kommun,0382,2022,KF,S,29.53,14563
kommun,0382,2022,KF,MP,1.88,14563
kommun,0382,2022,KF,C,8.85,14563
kommun,0382,2022,KF,L,2.44,14563
kommun,0382,2022,KF,KD,8.87,14563
kommun,0382,2022,KF,M,19.67,14563
kommun,0382,2022,KF,SD,17.78,14563
kommun,0382,2022,RD,V,3.71,14659
kommun,0382,2022,RD,S,30.36,14659
kommun,0382,2022,RD,MP,2.65,14659
kommun,0382,2022,RD,C,5.38,14659
kommun,0382,2022,RD,L,3.35,14659
kommun,0382,2022,RD,KD,7.95,14659
kommun,0382,2022,RD,M,18.51,14659
kommun,0382,2022,RD,SD,27.04,14659
kommun,0382,2022,RF,V,5.3,14406
kommun,0382,2022,RF,S,31.56,14406
kommun,0382,2022,RF,MP,1.81,14406
kommun,0382,2022,RF,C,6.59,14406
kommun,0382,2022,RF,L,2.98,14406
kommun,0382,2022,RF,KD,11.38,14406
kommun,0382,2022,RF,M,19.08,14406
kommun,0382,2022,RF,SD,19.48,14406
kommun,0428,2014,KF,V,3.43,5882
kommun,0428,2014,KF,S,39.09,5882
kommun,0428,2014,KF,MP,6.12,5882
kommun,0428,2014,KF,C,6.21,5882
kommun,0428,2014,KF,L,2.81,5882
kommun,0428,2014,KF,KD,3.96,5882
kommun,0428,2014,KF,M,15.35,5882
kommun,0428,2014,KF,SD,17.29,5882
kommun,0428,2014,RD,V,4.04,5895
kommun,0428,2014,RD,S,39.02,5895
kommun,0428,2014,RD,MP,4.61,5895
kommun,0428,2014,RD,C,6.43,5895
kommun,0428,2014,RD,L,2.61,5895
kommun,0428,2014,RD,KD,3.55,5895
kommun,0428,2014,RD,M,16.57,5895
kommun,0428,2014,RD,SD,20.51,5895
kommun,0428,2014,RF,V,4.31,5818
kommun,0428,2014,RF,S,41.39,5818
kommun,0428,2014,RF,MP,4.23,5818
kommun,0428,2014,RF,C,5.81,5818
kommun,0428,2014,RF,L,3.59,5818
kommun,0428,2014,RF,KD,4.04,5818
kommun,0428,2014,RF,M,14.63,5818
kommun,0428,2014,RF,SD,15.14,5818
kommun,0428,2018,KF,V,5.58,5964
kommun,0428,2018,KF,S,35.97,5964
kommun,0428,2018,KF,MP,2.7,5964
kommun,0428,2018,KF,C,8.22,5964
kommun,0428,2018,KF,L,1.63,5964
kommun,0428,2018,KF,KD,4.71,5964
kommun,0428,2018,KF,M,17.71,5964
kommun,0428,2018,KF,SD,19.13,5964
kommun,0428,2018,RD,V,7.09,5913
kommun,0428,2018,RD,S,33.38,5913
kommun,0428,2018,RD,MP,2.76,5913
kommun,0428,2018,RD,C,7.04,5913
kommun,0428,2018,RD,L,2.64,5913
kommun,0428,2018,RD,KD,6.14,5913
kommun,0428,2018,RD,M,15.73,5913
kommun,0428,2018,RD,SD,24.35,5913
kommun,0428,2018,RF,V,6.25,5932
kommun,0428,2018,RF,S,33.68,5932
kommun,0428,2018,RF,MP,2.19,5932
kommun,0428,2018,RF,C,5.98,5932
kommun,0428,2018,RF,L,2.63,5932
kommun,0428,2018,RF,KD,5.29,5932
kommun,0428,2018,RF,M,13.92,5932
kommun,0428,2018,RF,SD,17.06,5932
kommun,0428,2022,KF,V,4.48,5943
kommun,0428,2022,KF,S,33.28,5943
kommun,0428,2022,KF,MP,2.46,5943
kommun,0428,2022,KF,C,6.85,5943
kommun,0428,2022,KF,L,1.14,5943
kommun,0428,2022,KF,KD,4.46,5943
kommun,0428,2022,KF,M,18.34,5943
kommun,0428,2022,KF,SD,22.85,5943
kommun,0428,2022,RD,V,4.47,5903
kommun,0428,2022,RD,S,33.12,5903
kommun,0428,2022,RD,MP,3.3,5903
kommun,0428,2022,RD,C,5.05,5903
kommun,0428,2022,RD,L,2.13,5903
kommun,0428,2022,RD,KD,5.23,5903
kommun,0428,2022,RD,M,16.79,5903
kommun,0428,2022,RD,SD,28.78,5903
kommun,0428,2022,RF,V,4.91,5867
kommun,0428,2022,RF,S,33.78,5867
kommun,0428,2022,RF,MP,1.86,5867
kommun,0428,2022,RF,C,5.73,5867
kommun,0428,2022,RF,L,1.79,5867
kommun,0428,2022,RF,KD,6.26,5867
kommun,0428,2022,RF,M,16.69,5867
kommun,0428,2022,RF,SD,22.02,5867
kommun,0461,2014,KF,V,5.86,6895
kommun,0461,2014,KF,S,29.99,6895
kommun,0461,2014,KF,MP,11.89,6895
kommun,0461,2014,KF,C,12.5,6895
kommun,0461,2014,KF,L,2.76,6895
kommun,0461,2014,KF,KD,2.16,6895
kommun,0461,2014,KF,M,27.06,6895
kommun,0461,2014,KF,SD,6.85,6895
kommun,0461,2014,RD,V,5.87,6880
kommun,0461,2014,RD,S,30.25,6880
kommun,0461,2014,RD,MP,7.69,6880
kommun,0461,2014,RD,C,8.71,6880
kommun,0461,2014,RD,L,3.28,6880
kommun,0461,2014,RD,KD,2.92,6880
kommun,0461,2014,RD,M,23.4,6880
kommun,0461,2014,RD,SD,13.24,6880
kommun,0461,2014,RF,V,6.75,6825
kommun,0461,2014,RF,S,29.88,6825
kommun,0461,2014,RF,MP,8.76,6825
kommun,0461,2014,RF,C,8.19,6825
kommun,0461,2014,RF,L,3.38,6825
kommun,0461,2014,RF,KD,3.05,6825
kommun,0461,2014,RF,M,21.42,6825
kommun,0461,2014,RF,SD,7.79,6825
kommun,0461,2018,KF,V,6.85,7230
kommun,0461,2018,KF,S,26.2,7230
kommun,0461,2018,KF,MP,6.86,7230
kommun,0461,2018,KF,C,16.13,7230
kommun,0461,2018,KF,L,3.07,7230
kommun,0461,2018,KF,KD,1.44,7230
kommun,0461,2018,KF,M,23.07,7230
kommun,0461,2018,KF,SD,13.94,7230
kommun,0461,2018,RD,V,8.26,7217
kommun,0461,2018,RD,S,25.8,7217
kommun,0461,2018,RD,MP,5.38,7217
kommun,0461,2018,RD,C,10.72,7217
kommun,0461,2018,RD,L,3.46,7217
kommun,0461,2018,RD,KD,5.13,7217
kommun,0461,2018,RD,M,20.17,7217
kommun,0461,2018,RD,SD,18.79,7217
kommun,0461,2018,RF,V,7.6,7202
kommun,0461,2018,RF,S,23.6,7202
kommun,0461,2018,RF,MP,5.6,7202
kommun,0461,2018,RF,C,9.59,7202
kommun,0461,2018,RF,L,2.96,7202
kommun,0461,2018,RF,KD,3.79,7202
kommun,0461,2018,RF,M,18.27,7202
kommun,0461,2018,RF,SD,12.29,7202
kommun,0461,2022,KF,V,9.77,7392
kommun,0461,2022,KF,S,24.39,7392
kommun,0461,2022,KF,MP,7.87,7392
kommun,0461,2022,KF,C,11.96,7392
kommun,0461,2022,KF,L,2.53,7392
kommun,0461,2022,KF,KD,2.98,7392
kommun,0461,2022,KF,M,22.79,7392
kommun,0461,2022,KF,SD,15.84,7392
kommun,0461,2022,RD,V,6.86,7360
kommun,0461,2022,RD,S,29.09,7360
kommun,0461,2022,RD,MP,6.2,7360
kommun,0461,2022,RD,C,7.57,7360
kommun,0461,2022,RD,L,2.95,7360
kommun,0461,2022,RD,KD,4.33,7360
kommun,0461,2022,RD,M,19.4,7360
kommun,0461,2022,RD,SD,22.16,7360
kommun,0461,2022,RF,V,8.87,7347
kommun,0461,2022,RF,S,26.35,7347
kommun,0461,2022,RF,MP,4.97,7347
kommun,0461,2022,RF,C,7.38,7347
kommun,0461,2022,RF,L,2.48,7347
kommun,0461,2022,RF,KD,4.86,7347
kommun,0461,2022,RF,M,18.42,7347
kommun,0461,2022,RF,SD,15.05,7347
kommun,0480,2014,KF,V,5.37,35573
kommun,0480,2014,KF,S,36.85,35573
kommun,0480,2014,KF,MP,8.26,35573
kommun,0480,2014,KF,C,7.76,35573
kommun,0480,2014,KF,L,4.82,35573
kommun,0480,2014,KF,KD,3.54,35573
kommun,0480,2014,KF,M,22.82,35573
kommun,0480,2014,KF,SD,8.27,35573
kommun,0480,2014,RD,V,4.83,35684
kommun,0480,2014,RD,S,34.02,35684
kommun,0480,2014,RD,MP,7.45,35684
kommun,0480,2014,RD,C,5.99,35684
kommun,0480,2014,RD,L,4.5,35684
kommun,0480,2014,RD,KD,4.35,35684
kommun,0480,2014,RD,M,23.01,35684
kommun,0480,2014,RD,SD,12.55,35684
kommun,0480,2014,RF,V,4.1,35725
kommun,0480,2014,RF,S,27.08,35725
kommun,0480,2014,RF,MP,5.27,35725
kommun,0480,2014,RF,C,3.88,35725
kommun,0480,2014,RF,L,3.98,35725
kommun,0480,2014,RF,KD,2.55,35725
kommun,0480,2014,RF,M,15.31,35725
kommun,0480,2014,RF,SD,6.65,35725
kommun,0480,2018,KF,V,5.84,36894
kommun,0480,2018,KF,S,32.35,36894
kommun,0480,2018,KF,MP,5.51,36894
kommun,0480,2018,KF,C,8.16,36894
kommun,0480,2018,KF,L,4.6,36894
kommun,0480,2018,KF,KD,5.03,36894
kommun,0480,2018,KF,M,25.61,36894
kommun,0480,2018,KF,SD,11.78,36894
kommun,0480,2018,RD,V,6.44,36687
kommun,0480,2018,RD,S,31.96,36687
kommun,0480,2018,RD,MP,4.48,36687
kommun,0480,2018,RD,C,8.54,36687
kommun,0480,2018,RD,L,4.51,36687
kommun,0480,2018,RD,KD,6.43,36687
kommun,0480,2018,RD,M,20.08,36687
kommun,0480,2018,RD,SD,16.11,36687
kommun,0480,2018,RF,V,4.57,37054
kommun,0480,2018,RF,S,23.89,37054
kommun,0480,2018,RF,MP,2.95,37054
kommun,0480,2018,RF,C,4.57,37054
kommun,0480,2018,RF,L,2.99,37054
kommun,0480,2018,RF,KD,3.45,37054
kommun,0480,2018,RF,M,13.23,37054
kommun,0480,2018,RF,SD,8.56,37054
kommun,0480,2022,KF,V,6.19,36906
kommun,0480,2022,KF,S,32.35,36906
kommun,0480,2022,KF,MP,5.28,36906
kommun,0480,2022,KF,C,7.32,36906
kommun,0480,2022,KF,L,3.57,36906
kommun,0480,2022,KF,KD,4.58,36906
kommun,0480,2022,KF,M,24.31,36906
kommun,0480,2022,KF,SD,15.5,36906
kommun,0480,2022,RD,V,4.96,36968
kommun,0480,2022,RD,S,34.15,36968
kommun,0480,2022,RD,MP,4.69,36968
kommun,0480,2022,RD,C,6.82,36968
kommun,0480,2022,RD,L,3.85,36968
kommun,0480,2022,RD,KD,4.8,36968
kommun,0480,2022,RD,M,19.28,36968
kommun,0480,2022,RD,SD,20.2,36968
kommun,0480,2022,RF,V,5.39,36972
kommun,0480,2022,RF,S,27.23,36972
kommun,0480,2022,RF,MP,2.85,36972
kommun,0480,2022,RF,C,4.8,36972
kommun,0480,2022,RF,L,2.4,36972
kommun,0480,2022,RF,KD,4.98,36972
kommun,0480,2022,RF,M,16.47,36972
kommun,0480,2022,RF,SD,13.01,36972
kommun,0481,2014,KF,V,12.67,7624
kommun,0481,2014,KF,S,41.08,7624
kommun,0481,2014,KF,MP,6.13,7624
kommun,0481,2014,KF,C,2.44,7624
kommun,0481,2014,KF,L,3.96,7624
kommun,0481,2014,KF,KD,1.55,7624
kommun,0481,2014,KF,M,23.43,7624
kommun,0481,2014,KF,SD,8.55,7624
kommun,0481,2014,RD,V,7.95,7597
kommun,0481,2014,RD,S,44.07,7597
kommun,0481,2014,RD,MP,5.24,7597
kommun,0481,2014,RD,C,2.71,7597
kommun,0481,2014,RD,L,3.42,7597
kommun,0481,2014,RD,KD,2.75,7597
kommun,0481,2014,RD,M,17.13,7597
kommun,0481,2014,RD,SD,14.03,7597
kommun,0481,2014,RF,V,8.07,7561
kommun,0481,2014,RF,S,34.25,7561
kommun,0481,2014,RF,MP,3.65,7561
kommun,0481,2014,RF,C,1.76,7561
kommun,0481,2014,RF,L,2.47,7561
kommun,0481,2014,RF,KD,1.64,7561
kommun,0481,2014,RF,M,12.7,7561
kommun,0481,2014,RF,SD,6.85,7561
kommun,0481,2018,KF,V,11.58,7791
kommun,0481,2018,KF,S,39.03,7791
kommun,0481,2018,KF,MP,3.38,7791
kommun,0481,2018,KF,C,3.17,7791
kommun,0481,2018,KF,L,3.3,7791
kommun,0481,2018,KF,KD,2.79,7791
kommun,0481,2018,KF,M,26.15,7791
kommun,0481,2018,KF,SD,10.17,7791
kommun,0481,2018,RD,V,8.83,7545
kommun,0481,2018,RD,S,39.67,7545
kommun,0481,2018,RD,MP,3.07,7545
kommun,0481,2018,RD,C,4.24,7545
kommun,0481,2018,RD,L,3.31,7545
kommun,0481,2018,RD,KD,4.73,7545
kommun,0481,2018,RD,M,15.89,7545
kommun,0481,2018,RD,SD,18.81,7545
kommun,0481,2018,RF,V,7.03,7777
kommun,0481,2018,RF,S,30.15,7777
kommun,0481,2018,RF,MP,1.75,7777
kommun,0481,2018,RF,C,1.98,7777
kommun,0481,2018,RF,L,1.7,7777
kommun,0481,2018,RF,KD,2.17,7777
kommun,0481,2018,RF,M,11.21,7777
kommun,0481,2018,RF,SD,9.18,7777
kommun,0481,2022,KF,V,10.94,7584
kommun,0481,2022,KF,S,32.08,7584
kommun,0481,2022,KF,MP,1.98,7584
kommun,0481,2022,KF,C,3.31,7584
kommun,0481,2022,KF,L,2.14,7584
kommun,0481,2022,KF,KD,3.47,7584
kommun,0481,2022,KF,M,32.67,7584
kommun,0481,2022,KF,SD,12.2,7584
kommun,0481,2022,RD,V,6.88,7484
kommun,0481,2022,RD,S,39.06,7484
kommun,0481,2022,RD,MP,2.87,7484
kommun,0481,2022,RD,C,3.69,7484
kommun,0481,2022,RD,L,2.55,7484
kommun,0481,2022,RD,KD,3.35,7484
kommun,0481,2022,RD,M,16.97,7484
kommun,0481,2022,RD,SD,22.51,7484
kommun,0481,2022,RF,V,6.97,7534
kommun,0481,2022,RF,S,29.49,7534
kommun,0481,2022,RF,MP,1.38,7534
kommun,0481,2022,RF,C,2.84,7534
kommun,0481,2022,RF,L,1.58,7534
kommun,0481,2022,RF,KD,3.78,7534
kommun,0481,2022,RF,M,17.07,7534
kommun,0481,2022,RF,SD,12.17,7534
kommun,0482,2014,KF,V,7.46,10313
kommun,0482,2014,KF,S,29.67,10313
kommun,0482,2014,KF,MP,4.14,10313
kommun,0482,2014,KF,C,17.78,10313
kommun,0482,2014,KF,L,4.21,10313
kommun,0482,2014,KF,KD,2.76,10313
kommun,0482,2014,KF,M,14.02,10313
kommun,0482,2014,KF,SD,18.94,10313
kommun,0482,2014,RD,V,5.45,10136
kommun,0482,2014,RD,S,36.22,10136
kommun,0482,2014,RD,MP,4.94,10136
kommun,0482,2014,RD,C,7.52,10136
kommun,0482,2014,RD,L,3.42,10136
kommun,0482,2014,RD,KD,3.5,10136
kommun,0482,2014,RD,M,18.67,10136
kommun,0482,2014,RD,SD,17.78,10136
kommun,0482,2014,RF,V,6.22,10217
kommun,0482,2014,RF,S,36.31,10217
kommun,0482,2014,RF,MP,4.4,10217
kommun,0482,2014,RF,C,8.07,10217
kommun,0482,2014,RF,L,3.43,10217
kommun,0482,2014,RF,KD,3.68,10217
kommun,0482,2014,RF,M,16.36,10217
kommun,0482,2014,RF,SD,14.08,10217
kommun,0482,2018,KF,V,8.65,10345
kommun,0482,2018,KF,S,30.16,10345
kommun,0482,2018,KF,MP,3.06,10345
kommun,0482,2018,KF,C,13.32,10345
kommun,0482,2018,KF,L,4.36,10345
kommun,0482,2018,KF,KD,4.08,10345
kommun,0482,2018,KF,M,16.34,10345
kommun,0482,2018,KF,SD,18.81,10345
kommun,0482,2018,RD,V,6.92,10118
kommun,0482,2018,RD,S,32.99,10118
kommun,0482,2018,RD,MP,3.51,10118
kommun,0482,2018,RD,C,8.3,10118
kommun,0482,2018,RD,L,3.18,10118
kommun,0482,2018,RD,KD,5.59,10118
kommun,0482,2018,RD,M,16.86,10118
kommun,0482,2018,RD,SD,21.25,10118
kommun,0482,2018,RF,V,6.4,10311
kommun,0482,2018,RF,S,30.82,10311
kommun,0482,2018,RF,MP,2.5,10311
kommun,0482,2018,RF,C,7.37,10311
kommun,0482,2018,RF,L,2.95,10311
kommun,0482,2018,RF,KD,4.78,10311
kommun,0482,2018,RF,M,13.48,10311
kommun,0482,2018,RF,SD,15.37,10311
kommun,0482,2022,KF,V,9.08,9944
kommun,0482,2022,KF,S,29.51,9944
kommun,0482,2022,KF,MP,3.3,9944
kommun,0482,2022,KF,C,10.49,9944
kommun,0482,2022,KF,L,3.83,9944
kommun,0482,2022,KF,KD,4.86,9944
kommun,0482,2022,KF,M,17.08,9944
kommun,0482,2022,KF,SD,21.52,9944
kommun,0482,2022,RD,V,5.14,9837
kommun,0482,2022,RD,S,34.85,9837
kommun,0482,2022,RD,MP,4.11,9837
kommun,0482,2022,RD,C,6.26,9837
kommun,0482,2022,RD,L,3.07,9837
kommun,0482,2022,RD,KD,5.07,9837
kommun,0482,2022,RD,M,15.31,9837
kommun,0482,2022,RD,SD,24.93,9837
kommun,0482,2022,RF,V,6.58,9898
kommun,0482,2022,RF,S,31.84,9898
kommun,0482,2022,RF,MP,2.39,9898
kommun,0482,2022,RF,C,6.52,9898
kommun,0482,2022,RF,L,2.75,9898
kommun,0482,2022,RF,KD,5.82,9898
kommun,0482,2022,RF,M,13.47,9898
kommun,0482,2022,RF,SD,19.33,9898
kommun,0483,2014,KF,V,4.55,21492
kommun,0483,2014,KF,S,46.53,21492
kommun,0483,2014,KF,MP,6.0,21492
kommun,0483,2014,KF,C,6.84,21492
kommun,0483,2014,KF,L,8.53,21492
kommun,0483,2014,KF,KD,3.71,21492
kommun,0483,2014,KF,M,13.15,21492
kommun,0483,2014,KF,SD,10.35,21492
kommun,0483,2014,RD,V,4.68,21351
kommun,0483,2014,RD,S,39.49,21351
kommun,0483,2014,RD,MP,5.99,21351
kommun,0483,2014,RD,C,6.35,21351
kommun,0483,2014,RD,L,4.24,21351
kommun,0483,2014,RD,KD,3.49,21351
kommun,0483,2014,RD,M,19.03,21351
kommun,0483,2014,RD,SD,14.3,21351
kommun,0483,2014,RF,V,4.76,21227
kommun,0483,2014,RF,S,42.2,21227
kommun,0483,2014,RF,MP,6.26,21227
kommun,0483,2014,RF,C,6.19,21227
kommun,0483,2014,RF,L,5.97,21227
kommun,0483,2014,RF,KD,3.31,21227
kommun,0483,2014,RF,M,14.86,21227
kommun,0483,2014,RF,SD,9.46,21227
kommun,0483,2018,KF,V,5.32,21952
kommun,0483,2018,KF,S,46.28,21952
kommun,0483,2018,KF,MP,3.17,21952
kommun,0483,2018,KF,C,7.32,21952
kommun,0483,2018,KF,L,5.78,21952
kommun,0483,2018,KF,KD,6.46,21952
kommun,0483,2018,KF,M,13.48,21952
kommun,0483,2018,KF,SD,11.87,21952
kommun,0483,2018,RD,V,5.99,21583
kommun,0483,2018,RD,S,37.32,21583
kommun,0483,2018,RD,MP,3.25,21583
kommun,0483,2018,RD,C,8.02,21583
kommun,0483,2018,RD,L,3.79,21583
kommun,0483,2018,RD,KD,5.3,21583
kommun,0483,2018,RD,M,17.35,21583
kommun,0483,2018,RD,SD,17.8,21583
kommun,0483,2018,RF,V,5.25,21784
kommun,0483,2018,RF,S,37.57,21784
kommun,0483,2018,RF,MP,2.53,21784
kommun,0483,2018,RF,C,6.47,21784
kommun,0483,2018,RF,L,4.97,21784
kommun,0483,2018,RF,KD,4.89,21784
kommun,0483,2018,RF,M,13.13,21784
kommun,0483,2018,RF,SD,11.07,21784
kommun,0483,2022,KF,V,5.65,21375
kommun,0483,2022,KF,S,39.89,21375
kommun,0483,2022,KF,MP,3.19,21375
kommun,0483,2022,KF,C,6.55,21375
kommun,0483,2022,KF,L,3.98,21375
kommun,0483,2022,KF,KD,7.35,21375
kommun,0483,2022,KF,M,16.9,21375
kommun,0483,2022,KF,SD,15.87,21375
kommun,0483,2022,RD,V,4.7,21315
kommun,0483,2022,RD,S,37.81,21315
kommun,0483,2022,RD,MP,3.73,21315
kommun,0483,2022,RD,C,6.11,21315
kommun,0483,2022,RD,L,3.03,21315
kommun,0483,2022,RD,KD,4.68,21315
kommun,0483,2022,RD,M,16.88,21315
kommun,0483,2022,RD,SD,21.79,21315
kommun,0483,2022,RF,V,5.78,21249
kommun,0483,2022,RF,S,36.9,21249
kommun,0483,2022,RF,MP,2.46,21249
kommun,0483,2022,RF,C,5.55,21249
kommun,0483,2022,RF,L,2.91,21249
kommun,0483,2022,RF,KD,6.59,21249
kommun,0483,2022,RF,M,15.33,21249
kommun,0483,2022,RF,SD,15.15,21249
kommun,0484,2014,KF,V,6.92,61404
kommun,0484,2014,KF,S,35.64,61404
kommun,0484,2014,KF,MP,7.09,61404
kommun,0484,2014,KF,C,4.49,61404
kommun,0484,2014,KF,L,5.05,61404
kommun,0484,2014,KF,KD,3.26,61404
kommun,0484,2014,KF,M,20.53,61404
kommun,0484,2014,KF,SD,16.38,61404
kommun,0484,2014,RD,V,5.36,61217
kommun,0484,2014,RD,S,35.48,61217
kommun,0484,2014,RD,MP,6.08,61217
kommun,0484,2014,RD,C,4.29,61217
kommun,0484,2014,RD,L,4.38,61217
kommun,0484,2014,RD,KD,3.6,61217
kommun,0484,2014,RD,M,21.32,61217
kommun,0484,2014,RD,SD,16.61,61217
kommun,0484,2014,RF,V,6.56,60993
kommun,0484,2014,RF,S,35.66,60993
kommun,0484,2014,RF,MP,6.25,60993
kommun,0484,2014,RF,C,3.73,60993
kommun,0484,2014,RF,L,4.59,60993
kommun,0484,2014,RF,KD,3.97,60993
kommun,0484,2014,RF,M,20.41,60993
kommun,0484,2014,RF,SD,13.89,60993
kommun,0484,2018,KF,V,7.78,63932
kommun,0484,2018,KF,S,35.29,63932
kommun,0484,2018,KF,MP,3.48,63932
kommun,0484,2018,KF,C,5.7,63932
kommun,0484,2018,KF,L,5.43,63932
kommun,0484,2018,KF,KD,3.46,63932
kommun,0484,2018,KF,M,18.76,63932
kommun,0484,2018,KF,SD,19.34,63932
kommun,0484,2018,RD,V,6.84,62678
kommun,0484,2018,RD,S,32.24,62678
kommun,0484,2018,RD,MP,3.26,62678
kommun,0484,2018,RD,C,5.92,62678
kommun,0484,2018,RD,L,4.74,62678
kommun,0484,2018,RD,KD,4.83,62678
kommun,0484,2018,RD,M,19.92,62678
kommun,0484,2018,RD,SD,20.96,62678
kommun,0484,2018,RF,V,6.88,63500
kommun,0484,2018,RF,S,31.54,63500
kommun,0484,2018,RF,MP,2.64,63500
kommun,0484,2018,RF,C,4.49,63500
kommun,0484,2018,RF,L,4.19,63500
kommun,0484,2018,RF,KD,4.47,63500
kommun,0484,2018,RF,M,16.61,63500
kommun,0484,2018,RF,SD,16.1,63500
kommun,0484,2022,KF,V,7.38,62847
kommun,0484,2022,KF,S,36.36,62847
kommun,0484,2022,KF,MP,2.81,62847
kommun,0484,2022,KF,C,5.25,62847
kommun,0484,2022,KF,L,3.71,62847
kommun,0484,2022,KF,KD,3.82,62847
kommun,0484,2022,KF,M,17.18,62847
kommun,0484,2022,KF,SD,22.0,62847
kommun,0484,2022,RD,V,5.93,62313
kommun,0484,2022,RD,S,33.03,62313
kommun,0484,2022,RD,MP,3.46,62313
kommun,0484,2022,RD,C,5.1,62313
kommun,0484,2022,RD,L,3.6,62313
kommun,0484,2022,RD,KD,4.73,62313
kommun,0484,2022,RD,M,18.46,62313
kommun,0484,2022,RD,SD,24.22,62313
kommun,0484,2022,RF,V,7.0,62369
kommun,0484,2022,RF,S,32.29,62369
kommun,0484,2022,RF,MP,2.14,62369
kommun,0484,2022,RF,C,4.28,62369
kommun,0484,2022,RF,L,3.08,62369
kommun,0484,2022,RF,KD,5.37,62369
kommun,0484,2022,RF,M,16.52,62369
kommun,0484,2022,RF,SD,19.68,62369
kommun,0486,2014,KF,V,5.68,21739
kommun,0486,2014,KF,S,24.26,21739
kommun,0486,2014,KF,MP,5.89,21739
kommun,0486,2014,KF,C,6.51,21739
kommun,0486,2014,KF,L,4.4,21739
kommun,0486,2014,KF,KD,4.11,21739
kommun,0486,2014,KF,M,31.13,21739
kommun,0486,2014,KF,SD,11.37,21739
kommun,0486,2014,RD,V,4.58,21889
kommun,0486,2014,RD,S,27.49,21889
kommun,0486,2014,RD,MP,5.86,21889
kommun,0486,2014,RD,C,5.47,21889
kommun,0486,2014,RD,L,5.43,21889
kommun,0486,2014,RD,KD,4.88,21889
kommun,0486,2014,RD,M,28.81,21889
kommun,0486,2014,RD,SD,14.73,21889
kommun,0486,2014,RF,V,5.86,21482
kommun,0486,2014,RF,S,28.14,21482
kommun,0486,2014,RF,MP,6.11,21482
kommun,0486,2014,RF,C,4.87,21482
kommun,0486,2014,RF,L,6.51,21482
kommun,0486,2014,RF,KD,5.51,21482
kommun,0486,2014,RF,M,28.56,21482
kommun,0486,2014,RF,SD,10.91,21482
kommun,0486,2018,KF,V,7.33,22732
kommun,0486,2018,KF,S,20.93,22732
kommun,0486,2018,KF,MP,4.58,22732
kommun,0486,2018,KF,C,9.26,22732
kommun,0486,2018,KF,L,4.03,22732
kommun,0486,2018,KF,KD,5.81,22732
kommun,0486,2018,KF,M,30.52,22732
kommun,0486,2018,KF,SD,15.0,22732
kommun,0486,2018,RD,V,5.99,22844
kommun,0486,2018,RD,S,23.57,22844
kommun,0486,2018,RD,MP,3.85,22844
kommun,0486,2018,RD,C,8.04,22844
kommun,0486,2018,RD,L,4.92,22844
kommun,0486,2018,RD,KD,5.88,22844
kommun,0486,2018,RD,M,26.71,22844
kommun,0486,2018,RD,SD,19.81,22844
kommun,0486,2018,RF,V,6.04,22578
kommun,0486,2018,RF,S,22.07,22578
kommun,0486,2018,RF,MP,3.41,22578
kommun,0486,2018,RF,C,6.53,22578
kommun,0486,2018,RF,L,4.71,22578
kommun,0486,2018,RF,KD,7.5,22578
kommun,0486,2018,RF,M,24.39,22578
kommun,0486,2018,RF,SD,14.31,22578
kommun,0486,2022,KF,V,5.89,23938
kommun,0486,2022,KF,S,24.76,23938
kommun,0486,2022,KF,MP,2.25,23938
kommun,0486,2022,KF,C,5.83,23938
kommun,0486,2022,KF,L,3.38,23938
kommun,0486,2022,KF,KD,4.55,23938
kommun,0486,2022,KF,M,31.05,23938
kommun,0486,2022,KF,SD,16.62,23938
kommun,0486,2022,RD,V,4.0,24053
kommun,0486,2022,RD,S,27.19,24053
kommun,0486,2022,RD,MP,4.15,24053
kommun,0486,2022,RD,C,6.68,24053
kommun,0486,2022,RD,L,4.56,24053
kommun,0486,2022,RD,KD,4.94,24053
kommun,0486,2022,RD,M,23.79,24053
kommun,0486,2022,RD,SD,23.39,24053
kommun,0486,2022,RF,V,5.23,23673
kommun,0486,2022,RF,S,25.52,23673
kommun,0486,2022,RF,MP,2.12,23673
kommun,0486,2022,RF,C,5.42,23673
kommun,0486,2022,RF,L,3.47,23673
kommun,0486,2022,RF,KD,7.07,23673
kommun,0486,2022,RF,M,23.87,23673
kommun,0486,2022,RF,SD,16.77,23673
kommun,0488,2014,KF,V,3.98,8033
kommun,0488,2014,KF,S,25.87,8033
kommun,0488,2014,KF,MP,7.93,8033
kommun,0488,2014,KF,C,5.48,8033
kommun,0488,2014,KF,L,4.54,8033
kommun,0488,2014,KF,KD,3.2,8033
kommun,0488,2014,KF,M,40.82,8033
kommun,0488,2014,KF,SD,7.72,8033
kommun,0488,2014,RD,V,3.48,7983
kommun,0488,2014,RD,S,26.61,7983
kommun,0488,2014,RD,MP,6.58,7983
kommun,0488,2014,RD,C,6.4,7983
kommun,0488,2014,RD,L,5.12,7983
kommun,0488,2014,RD,KD,4.27,7983
kommun,0488,2014,RD,M,32.27,7983
kommun,0488,2014,RD,SD,12.19,7983
kommun,0488,2014,RF,V,3.75,7902
kommun,0488,2014,RF,S,26.13,7902
kommun,0488,2014,RF,MP,6.23,7902
kommun,0488,2014,RF,C,4.91,7902
kommun,0488,2014,RF,L,4.95,7902
kommun,0488,2014,RF,KD,3.97,7902
kommun,0488,2014,RF,M,29.63,7902
kommun,0488,2014,RF,SD,7.35,7902
kommun,0488,2018,KF,V,5.39,8924
kommun,0488,2018,KF,S,22.52,8924
kommun,0488,2018,KF,MP,5.13,8924
kommun,0488,2018,KF,C,6.84,8924
kommun,0488,2018,KF,L,4.76,8924
kommun,0488,2018,KF,KD,3.57,8924
kommun,0488,2018,KF,M,40.68,8924
kommun,0488,2018,KF,SD,10.63,8924
kommun,0488,2018,RD,V,5.3,8864
kommun,0488,2018,RD,S,23.39,8864
kommun,0488,2018,RD,MP,4.13,8864
kommun,0488,2018,RD,C,9.18,8864
kommun,0488,2018,RD,L,4.68,8864
kommun,0488,2018,RD,KD,6.3,8864
kommun,0488,2018,RD,M,27.15,8864
kommun,0488,2018,RD,SD,18.8,8864
kommun,0488,2018,RF,V,4.77,8821
kommun,0488,2018,RF,S,21.09,8821
kommun,0488,2018,RF,MP,3.17,8821
kommun,0488,2018,RF,C,5.87,8821
kommun,0488,2018,RF,L,4.13,8821
kommun,0488,2018,RF,KD,5.37,8821
kommun,0488,2018,RF,M,27.72,8821
kommun,0488,2018,RF,SD,10.69,8821
kommun,0488,2022,KF,V,4.29,9735
kommun,0488,2022,KF,S,23.36,9735
kommun,0488,2022,KF,MP,3.88,9735
kommun,0488,2022,KF,C,5.15,9735
kommun,0488,2022,KF,L,3.32,9735
kommun,0488,2022,KF,KD,4.03,9735
kommun,0488,2022,KF,M,43.27,9735
kommun,0488,2022,KF,SD,12.51,9735
kommun,0488,2022,RD,V,3.38,9650
kommun,0488,2022,RD,S,27.33,9650
kommun,0488,2022,RD,MP,4.7,9650
kommun,0488,2022,RD,C,6.55,9650
kommun,0488,2022,RD,L,4.11,9650
kommun,0488,2022,RD,KD,5.02,9650
kommun,0488,2022,RD,M,24.51,9650
kommun,0488,2022,RD,SD,23.35,9650
kommun,0488,2022,RF,V,4.18,9618
kommun,0488,2022,RF,S,24.22,9618
kommun,0488,2022,RF,MP,2.73,9618
kommun,0488,2022,RF,C,4.6,9618
kommun,0488,2022,RF,L,3.13,9618
kommun,0488,2022,RF,KD,6.83,9618
kommun,0488,2022,RF,M,27.59,9618
kommun,0488,2022,RF,SD,13.67,9618
kommun,0509,2014,KF,V,1.56,3523
kommun,0509,2014,KF,S,22.08,3523
kommun,0509,2014,KF,MP,7.83,3523
kommun,0509,2014,KF,C,10.59,3523
kommun,0509,2014,KF,L,1.5,3523
kommun,0509,2014,KF,KD,26.99,3523
kommun,0509,2014,KF,M,12.72,3523
kommun,0509,2014,KF,SD,7.44,3523
kommun,0509,2014,RD,V,3.0,3536
kommun,0509,2014,RD,S,31.48,3536
kommun,0509,2014,RD,MP,4.92,3536
kommun,0509,2014,RD,C,9.39,3536
kommun,0509,2014,RD,L,2.66,3536
kommun,0509,2014,RD,KD,10.01,3536
kommun,0509,2014,RD,M,18.44,3536
kommun,0509,2014,RD,SD,17.39,3536
kommun,0509,2014,RF,V,3.85,3432
kommun,0509,2014,RF,S,32.66,3432
kommun,0509,2014,RF,MP,6.91,3432
kommun,0509,2014,RF,C,13.08,3432
kommun,0509,2014,RF,L,2.65,3432
kommun,0509,2014,RF,KD,12.79,3432
kommun,0509,2014,RF,M,16.11,3432
kommun,0509,2014,RF,SD,11.22,3432
kommun,0509,2018,KF,V,1.04,3562
kommun,0509,2018,KF,S,20.69,3562
kommun,0509,2018,KF,MP,2.84,3562
kommun,0509,2018,KF,C,10.5,3562
kommun,0509,2018,KF,L,1.18,3562
kommun,0509,2018,KF,KD,33.55,3562
kommun,0509,2018,KF,M,12.41,3562
kommun,0509,2018,KF,SD,11.17,3562
kommun,0509,2018,RD,V,4.13,3556
kommun,0509,2018,RD,S,26.1,3556
kommun,0509,2018,RD,MP,2.59,3556
kommun,0509,2018,RD,C,10.26,3556
kommun,0509,2018,RD,L,2.31,3556
kommun,0509,2018,RD,KD,15.07,3556
kommun,0509,2018,RD,M,16.65,3556
kommun,0509,2018,RD,SD,20.87,3556
kommun,0509,2018,RF,V,4.0,3475
kommun,0509,2018,RF,S,27.02,3475
kommun,0509,2018,RF,MP,2.96,3475
kommun,0509,2018,RF,C,13.61,3475
kommun,0509,2018,RF,L,3.08,3475
kommun,0509,2018,RF,KD,17.93,3475
kommun,0509,2018,RF,M,15.8,3475
kommun,0509,2018,RF,SD,14.36,3475
kommun,0509,2022,KF,V,0.94,3523
kommun,0509,2022,KF,S,19.36,3523
kommun,0509,2022,KF,MP,3.78,3523
kommun,0509,2022,KF,C,7.95,3523
kommun,0509,2022,KF,L,0.97,3523
kommun,0509,2022,KF,KD,27.82,3523
kommun,0509,2022,KF,M,21.77,3523
kommun,0509,2022,KF,SD,15.24,3523
kommun,0509,2022,RD,V,2.77,3535
kommun,0509,2022,RD,S,24.36,3535
kommun,0509,2022,RD,MP,3.88,3535
kommun,0509,2022,RD,C,7.84,3535
kommun,0509,2022,RD,L,2.15,3535
kommun,0509,2022,RD,KD,12.87,3535
kommun,0509,2022,RD,M,17.51,3535
kommun,0509,2022,RD,SD,26.93,3535
kommun,0509,2022,RF,V,4.57,3478
kommun,0509,2022,RF,S,24.32,3478
kommun,0509,2022,RF,MP,3.22,3478
kommun,0509,2022,RF,C,7.76,3478
kommun,0509,2022,RF,L,2.01,3478
kommun,0509,2022,RF,KD,20.36,3478
kommun,0509,2022,RF,M,19.47,3478
kommun,0509,2022,RF,SD,17.45,3478
kommun,0512,2014,KF,V,0.82,2557
kommun,0512,2014,KF,S,29.37,2557
kommun,0512,2014,KF,MP,9.58,2557
kommun,0512,2014,KF,C,27.57,2557
kommun,0512,2014,KF,L,1.1,2557
kommun,0512,2014,KF,KD,5.44,2557
kommun,0512,2014,KF,M,20.1,2557
kommun,0512,2014,KF,SD,5.79,2557
kommun,0512,2014,RD,V,3.23,2566
kommun,0512,2014,RD,S,29.11,2566
kommun,0512,2014,RD,MP,4.29,2566
kommun,0512,2014,RD,C,16.45,2566
kommun,0512,2014,RD,L,3.43,2566
kommun,0512,2014,RD,KD,9.66,2566
kommun,0512,2014,RD,M,17.65,2566
kommun,0512,2014,RD,SD,14.3,2566
kommun,0512,2014,RF,V,2.64,2504
kommun,0512,2014,RF,S,31.75,2504
kommun,0512,2014,RF,MP,5.39,2504
kommun,0512,2014,RF,C,20.17,2504
kommun,0512,2014,RF,L,3.0,2504
kommun,0512,2014,RF,KD,9.46,2504
kommun,0512,2014,RF,M,18.17,2504
kommun,0512,2014,RF,SD,8.75,2504
kommun,0512,2018,KF,V,4.94,2591
kommun,0512,2018,KF,S,22.08,2591
kommun,0512,2018,KF,MP,3.98,2591
kommun,0512,2018,KF,C,31.57,2591
kommun,0512,2018,KF,L,0.73,2591
kommun,0512,2018,KF,KD,6.64,2591
kommun,0512,2018,KF,M,21.42,2591
kommun,0512,2018,KF,SD,8.34,2591
kommun,0512,2018,RD,V,5.47,2616
kommun,0512,2018,RD,S,22.86,2616
kommun,0512,2018,RD,MP,2.98,2616
kommun,0512,2018,RD,C,14.91,2616
kommun,0512,2018,RD,L,3.63,2616
kommun,0512,2018,RD,KD,12.39,2616
kommun,0512,2018,RD,M,15.83,2616
kommun,0512,2018,RD,SD,20.49,2616
kommun,0512,2018,RF,V,5.76,2554
kommun,0512,2018,RF,S,24.67,2554
kommun,0512,2018,RF,MP,3.21,2554
kommun,0512,2018,RF,C,20.91,2554
kommun,0512,2018,RF,L,3.09,2554
kommun,0512,2018,RF,KD,12.02,2554
kommun,0512,2018,RF,M,16.21,2554
kommun,0512,2018,RF,SD,12.53,2554
kommun,0512,2022,KF,V,4.02,2563
kommun,0512,2022,KF,S,22.86,2563
kommun,0512,2022,KF,MP,0.9,2563
kommun,0512,2022,KF,C,30.47,2563
kommun,0512,2022,KF,L,0.31,2563
kommun,0512,2022,KF,KD,4.99,2563
kommun,0512,2022,KF,M,26.8,2563
kommun,0512,2022,KF,SD,9.56,2563
kommun,0512,2022,RD,V,2.91,2574
kommun,0512,2022,RD,S,25.91,2574
kommun,0512,2022,RD,MP,4.0,2574
kommun,0512,2022,RD,C,11.23,2574
kommun,0512,2022,RD,L,3.26,2574
kommun,0512,2022,RD,KD,10.8,2574
kommun,0512,2022,RD,M,16.16,2574
kommun,0512,2022,RD,SD,24.51,2574
kommun,0512,2022,RF,V,4.76,2520
kommun,0512,2022,RF,S,24.72,2520
kommun,0512,2022,RF,MP,2.74,2520
kommun,0512,2022,RF,C,16.31,2520
kommun,0512,2022,RF,L,2.62,2520
kommun,0512,2022,RF,KD,14.33,2520
kommun,0512,2022,RF,M,18.97,2520
kommun,0512,2022,RF,SD,14.92,2520
kommun,0513,2014,KF,V,4.01,6636
kommun,0513,2014,KF,S,31.46,6636
kommun,0513,2014,KF,MP,6.89,6636
kommun,0513,2014,KF,C,15.13,6636
kommun,0513,2014,KF,L,5.62,6636
kommun,0513,2014,KF,KD,5.42,6636
kommun,0513,2014,KF,M,15.79,6636
kommun,0513,2014,KF,SD,12.64,6636
kommun,0513,2014,RD,V,4.58,6682
kommun,0513,2014,RD,S,31.71,6682
kommun,0513,2014,RD,MP,4.95,6682
kommun,0513,2014,RD,C,10.45,6682
kommun,0513,2014,RD,L,3.16,6682
kommun,0513,2014,RD,KD,6.29,6682
kommun,0513,2014,RD,M,19.23,6682
kommun,0513,2014,RD,SD,16.66,6682
kommun,0513,2014,RF,V,5.0,6585
kommun,0513,2014,RF,S,34.34,6585
kommun,0513,2014,RF,MP,5.71,6585
kommun,0513,2014,RF,C,11.06,6585
kommun,0513,2014,RF,L,4.07,6585
kommun,0513,2014,RF,KD,7.56,6585
kommun,0513,2014,RF,M,17.68,6585
kommun,0513,2014,RF,SD,12.04,6585
kommun,0513,2018,KF,V,8.38,6660
kommun,0513,2018,KF,S,22.7,6660
kommun,0513,2018,KF,MP,3.77,6660
kommun,0513,2018,KF,C,13.14,6660
kommun,0513,2018,KF,L,7.78,6660
kommun,0513,2018,KF,KD,7.0,6660
kommun,0513,2018,KF,M,15.75,6660
kommun,0513,2018,KF,SD,14.38,6660
kommun,0513,2018,RD,V,5.94,6664
kommun,0513,2018,RD,S,27.48,6664
kommun,0513,2018,RD,MP,3.75,6664
kommun,0513,2018,RD,C,12.18,6664
kommun,0513,2018,RD,L,3.57,6664
kommun,0513,2018,RD,KD,7.98,6664
kommun,0513,2018,RD,M,16.88,6664
kommun,0513,2018,RD,SD,20.6,6664
kommun,0513,2018,RF,V,7.21,6556
kommun,0513,2018,RF,S,26.71,6556
kommun,0513,2018,RF,MP,3.68,6556
kommun,0513,2018,RF,C,11.33,6556
kommun,0513,2018,RF,L,5.43,6556
kommun,0513,2018,RF,KD,10.17,6556
kommun,0513,2018,RF,M,17.57,6556
kommun,0513,2018,RF,SD,14.67,6556
kommun,0513,2022,KF,V,7.83,6663
kommun,0513,2022,KF,S,25.33,6663
kommun,0513,2022,KF,MP,2.88,6663
kommun,0513,2022,KF,C,8.96,6663
kommun,0513,2022,KF,L,2.76,6663
kommun,0513,2022,KF,KD,6.86,6663
kommun,0513,2022,KF,M,20.14,6663
kommun,0513,2022,KF,SD,16.75,6663
kommun,0513,2022,RD,V,3.92,6778
kommun,0513,2022,RD,S,29.68,6778
kommun,0513,2022,RD,MP,4.49,6778
kommun,0513,2022,RD,C,7.98,6778
kommun,0513,2022,RD,L,2.52,6778
kommun,0513,2022,RD,KD,8.17,6778
kommun,0513,2022,RD,M,16.47,6778
kommun,0513,2022,RD,SD,25.26,6778
kommun,0513,2022,RF,V,6.88,6559
kommun,0513,2022,RF,S,28.85,6559
kommun,0513,2022,RF,MP,3.31,6559
kommun,0513,2022,RF,C,8.55,6559
kommun,0513,2022,RF,L,2.64,6559
kommun,0513,2022,RF,KD,11.65,6559
kommun,0513,2022,RF,M,18.84,6559
kommun,0513,2022,RF,SD,18.62,6559
kommun,0560,2014,KF,V,1.93,3624
kommun,0560,2014,KF,S,51.96,3624
kommun,0560,2014,KF,MP,3.59,3624
kommun,0560,2014,KF,C,10.76,3624
kommun,0560,2014,KF,L,5.24,3624
kommun,0560,2014,KF,KD,3.73,3624
kommun,0560,2014,KF,M,17.6,3624
kommun,0560,2014,KF,SD,5.05,3624
kommun,0560,2014,RD,V,4.29,3687
kommun,0560,2014,RD,S,44.1,3687
kommun,0560,2014,RD,MP,4.23,3687
kommun,0560,2014,RD,C,8.27,3687
kommun,0560,2014,RD,L,2.74,3687
kommun,0560,2014,RD,KD,4.45,3687
kommun,0560,2014,RD,M,14.78,3687
kommun,0560,2014,RD,SD,15.62,3687
kommun,0560,2014,RF,V,4.59,3574
kommun,0560,2014,RF,S,48.8,3574
kommun,0560,2014,RF,MP,4.11,3574
kommun,0560,2014,RF,C,9.35,3574
kommun,0560,2014,RF,L,3.89,3574
kommun,0560,2014,RF,KD,4.87,3574
kommun,0560,2014,RF,M,14.72,3574
kommun,0560,2014,RF,SD,9.15,3574
kommun,0560,2018,KF,V,4.14,3696
kommun,0560,2018,KF,S,43.72,3696
kommun,0560,2018,KF,MP,1.11,3696
kommun,0560,2018,KF,C,14.99,3696
kommun,0560,2018,KF,L,1.62,3696
kommun,0560,2018,KF,KD,3.9,3696
kommun,0560,2018,KF,M,17.26,3696
kommun,0560,2018,KF,SD,12.74,3696
kommun,0560,2018,RD,V,4.94,3705
kommun,0560,2018,RD,S,37.68,3705
kommun,0560,2018,RD,MP,2.51,3705
kommun,0560,2018,RD,C,9.55,3705
kommun,0560,2018,RD,L,2.73,3705
kommun,0560,2018,RD,KD,5.78,3705
kommun,0560,2018,RD,M,15.03,3705
kommun,0560,2018,RD,SD,19.68,3705
kommun,0560,2018,RF,V,5.54,3647
kommun,0560,2018,RF,S,39.95,3647
kommun,0560,2018,RF,MP,2.11,3647
kommun,0560,2018,RF,C,10.64,3647
kommun,0560,2018,RF,L,3.62,3647
kommun,0560,2018,RF,KD,6.61,3647
kommun,0560,2018,RF,M,15.22,3647
kommun,0560,2018,RF,SD,15.08,3647
kommun,0560,2022,KF,V,2.41,3695
kommun,0560,2022,KF,S,39.59,3695
kommun,0560,2022,KF,MP,0.95,3695
kommun,0560,2022,KF,C,11.23,3695
kommun,0560,2022,KF,L,0.62,3695
kommun,0560,2022,KF,KD,5.58,3695
kommun,0560,2022,KF,M,20.49,3695
kommun,0560,2022,KF,SD,18.43,3695
kommun,0560,2022,RD,V,4.11,3749
kommun,0560,2022,RD,S,35.93,3749
kommun,0560,2022,RD,MP,2.61,3749
kommun,0560,2022,RD,C,5.92,3749
kommun,0560,2022,RD,L,2.48,3749
kommun,0560,2022,RD,KD,6.03,3749
kommun,0560,2022,RD,M,14.88,3749
kommun,0560,2022,RD,SD,26.65,3749
kommun,0560,2022,RF,V,5.54,3680
kommun,0560,2022,RF,S,37.47,3680
kommun,0560,2022,RF,MP,1.71,3680
kommun,0560,2022,RF,C,7.31,3680
kommun,0560,2022,RF,L,2.36,3680
kommun,0560,2022,RF,KD,8.8,3680
kommun,0560,2022,RF,M,16.6,3680
kommun,0560,2022,RF,SD,19.48,3680
kommun,0561,2014,KF,V,3.98,7732
kommun,0561,2014,KF,S,40.14,7732
kommun,0561,2014,KF,MP,4.91,7732
kommun,0561,2014,KF,C,9.01,7732
kommun,0561,2014,KF,L,2.29,7732
kommun,0561,2014,KF,KD,2.22,7732
kommun,0561,2014,KF,M,21.56,7732
kommun,0561,2014,KF,SD,15.58,7732
kommun,0561,2014,RD,V,3.86,7872
kommun,0561,2014,RD,S,39.75,7872
kommun,0561,2014,RD,MP,4.48,7872
kommun,0561,2014,RD,C,7.91,7872
kommun,0561,2014,RD,L,2.79,7872
kommun,0561,2014,RD,KD,3.81,7872
kommun,0561,2014,RD,M,18.37,7872
kommun,0561,2014,RD,SD,17.2,7872
kommun,0561,2014,RF,V,4.2,7686
kommun,0561,2014,RF,S,43.98,7686
kommun,0561,2014,RF,MP,4.5,7686
kommun,0561,2014,RF,C,8.05,7686
kommun,0561,2014,RF,L,3.19,7686
kommun,0561,2014,RF,KD,4.68,7686
kommun,0561,2014,RF,M,17.8,7686
kommun,0561,2014,RF,SD,12.82,7686
kommun,0561,2018,KF,V,5.1,7922
kommun,0561,2018,KF,S,32.44,7922
kommun,0561,2018,KF,MP,2.12,7922
kommun,0561,2018,KF,C,11.83,7922
kommun,0561,2018,KF,L,5.21,7922
kommun,0561,2018,KF,KD,2.85,7922
kommun,0561,2018,KF,M,21.09,7922
kommun,0561,2018,KF,SD,18.85,7922
kommun,0561,2018,RD,V,4.99,8013
kommun,0561,2018,RD,S,33.42,8013
kommun,0561,2018,RD,MP,2.87,8013
kommun,0561,2018,RD,C,9.71,8013
kommun,0561,2018,RD,L,4.04,8013
kommun,0561,2018,RD,KD,5.93,8013
kommun,0561,2018,RD,M,16.56,8013
kommun,0561,2018,RD,SD,21.28,8013
kommun,0561,2018,RF,V,5.57,7862
kommun,0561,2018,RF,S,35.33,7862
kommun,0561,2018,RF,MP,2.67,7862
kommun,0561,2018,RF,C,9.46,7862
kommun,0561,2018,RF,L,4.9,7862
kommun,0561,2018,RF,KD,5.99,7862
kommun,0561,2018,RF,M,18.25,7862
kommun,0561,2018,RF,SD,16.43,7862
kommun,0561,2022,KF,V,4.18,7723
kommun,0561,2022,KF,S,33.82,7723
kommun,0561,2022,KF,MP,2.64,7723
kommun,0561,2022,KF,C,8.39,7723
kommun,0561,2022,KF,L,2.68,7723
kommun,0561,2022,KF,KD,4.34,7723
kommun,0561,2022,KF,M,20.98,7723
kommun,0561,2022,KF,SD,22.76,7723
kommun,0561,2022,RD,V,3.66,7852
kommun,0561,2022,RD,S,34.82,7852
kommun,0561,2022,RD,MP,3.07,7852
kommun,0561,2022,RD,C,6.16,7852
kommun,0561,2022,RD,L,3.02,7852
kommun,0561,2022,RD,KD,6.3,7852
kommun,0561,2022,RD,M,16.24,7852
kommun,0561,2022,RD,SD,25.79,7852
kommun,0561,2022,RF,V,5.32,7683
kommun,0561,2022,RF,S,35.48,7683
kommun,0561,2022,RF,MP,2.16,7683
kommun,0561,2022,RF,C,6.64,7683
kommun,0561,2022,RF,L,3.03,7683
kommun,0561,2022,RF,KD,7.95,7683
kommun,0561,2022,RF,M,17.91,7683
kommun,0561,2022,RF,SD,21.06,7683
kommun,0562,2014,KF,V,8.45,13850
kommun,0562,2014,KF,S,43.62,13850
kommun,0562,2014,KF,MP,4.7,13850
kommun,0562,2014,KF,C,6.27,13850
kommun,0562,2014,KF,L,5.39,13850
kommun,0562,2014,KF,KD,3.94,13850
kommun,0562,2014,KF,M,16.61,13850
kommun,0562,2014,KF,SD,9.78,13850
kommun,0562,2014,RD,V,5.25,13971
kommun,0562,2014,RD,S,43.15,13971
kommun,0562,2014,RD,MP,4.6,13971
kommun,0562,2014,RD,C,5.11,13971
kommun,0562,2014,RD,L,3.3,13971
kommun,0562,2014,RD,KD,4.55,13971
kommun,0562,2014,RD,M,16.08,13971
kommun,0562,2014,RD,SD,15.36,13971
kommun,0562,2014,RF,V,7.26,13684
kommun,0562,2014,RF,S,46.05,13684
kommun,0562,2014,RF,MP,4.87,13684
kommun,0562,2014,RF,C,5.28,13684
kommun,0562,2014,RF,L,4.41,13684
kommun,0562,2014,RF,KD,5.26,13684
kommun,0562,2014,RF,M,15.85,13684
kommun,0562,2014,RF,SD,9.99,13684
kommun,0562,2018,KF,V,8.62,14354
kommun,0562,2018,KF,S,36.27,14354
kommun,0562,2018,KF,MP,3.14,14354
kommun,0562,2018,KF,C,7.61,14354
kommun,0562,2018,KF,L,5.01,14354
kommun,0562,2018,KF,KD,5.2,14354
kommun,0562,2018,KF,M,16.69,14354
kommun,0562,2018,KF,SD,16.72,14354
kommun,0562,2018,RD,V,7.43,14285
kommun,0562,2018,RD,S,36.67,14285
kommun,0562,2018,RD,MP,2.48,14285
kommun,0562,2018,RD,C,6.46,14285
kommun,0562,2018,RD,L,3.44,14285
kommun,0562,2018,RD,KD,6.27,14285
kommun,0562,2018,RD,M,15.13,14285
kommun,0562,2018,RD,SD,20.5,14285
kommun,0562,2018,RF,V,8.76,14252
kommun,0562,2018,RF,S,37.53,14252
kommun,0562,2018,RF,MP,2.45,14252
kommun,0562,2018,RF,C,6.62,14252
kommun,0562,2018,RF,L,4.42,14252
kommun,0562,2018,RF,KD,6.97,14252
kommun,0562,2018,RF,M,16.32,14252
kommun,0562,2018,RF,SD,16.11,14252
kommun,0562,2022,KF,V,8.42,13924
kommun,0562,2022,KF,S,34.12,13924
kommun,0562,2022,KF,MP,1.16,13924
kommun,0562,2022,KF,C,6.54,13924
kommun,0562,2022,KF,L,6.1,13924
kommun,0562,2022,KF,KD,5.42,13924
kommun,0562,2022,KF,M,15.53,13924
kommun,0562,2022,KF,SD,22.02,13924
kommun,0562,2022,RD,V,5.37,13999
kommun,0562,2022,RD,S,35.47,13999
kommun,0562,2022,RD,MP,2.86,13999
kommun,0562,2022,RD,C,4.81,13999
kommun,0562,2022,RD,L,3.16,13999
kommun,0562,2022,RD,KD,5.53,13999
kommun,0562,2022,RD,M,15.21,13999
kommun,0562,2022,RD,SD,26.12,13999
kommun,0562,2022,RF,V,7.96,13843
kommun,0562,2022,RF,S,35.26,13843
kommun,0562,2022,RF,MP,1.86,13843
kommun,0562,2022,RF,C,5.35,13843
kommun,0562,2022,RF,L,4.08,13843
kommun,0562,2022,RF,KD,7.59,13843
kommun,0562,2022,RF,M,15.75,13843
kommun,0562,2022,RF,SD,21.28,13843
kommun,0563,2014,KF,V,2.44,5319
kommun,0563,2014,KF,S,36.3,5319
kommun,0563,2014,KF,MP,3.14,5319
kommun,0563,2014,KF,C,14.76,5319
kommun,0563,2014,KF,L,2.24,5319
kommun,0563,2014,KF,KD,2.58,5319
kommun,0563,2014,KF,M,15.83,5319
kommun,0563,2014,KF,SD,9.78,5319
kommun,0563,2014,RD,V,3.68,5378
kommun,0563,2014,RD,S,35.33,5378
kommun,0563,2014,RD,MP,3.29,5378
kommun,0563,2014,RD,C,10.51,5378
kommun,0563,2014,RD,L,2.77,5378
kommun,0563,2014,RD,KD,3.53,5378
kommun,0563,2014,RD,M,19.99,5378
kommun,0563,2014,RD,SD,18.54,5378
kommun,0563,2014,RF,V,4.44,5206
kommun,0563,2014,RF,S,39.59,5206
kommun,0563,2014,RF,MP,3.52,5206
kommun,0563,2014,RF,C,12.26,5206
kommun,0563,2014,RF,L,3.36,5206
kommun,0563,2014,RF,KD,4.92,5206
kommun,0563,2014,RF,M,18.81,5206
kommun,0563,2014,RF,SD,11.1,5206
kommun,0563,2018,KF,V,4.35,5422
kommun,0563,2018,KF,S,29.49,5422
kommun,0563,2018,KF,MP,1.83,5422
kommun,0563,2018,KF,C,16.49,5422
kommun,0563,2018,KF,L,1.72,5422
kommun,0563,2018,KF,KD,3.98,5422
kommun,0563,2018,KF,M,19.68,5422
kommun,0563,2018,KF,SD,12.76,5422
kommun,0563,2018,RD,V,5.39,5379
kommun,0563,2018,RD,S,30.08,5379
kommun,0563,2018,RD,MP,2.03,5379
kommun,0563,2018,RD,C,10.6,5379
kommun,0563,2018,RD,L,2.7,5379
kommun,0563,2018,RD,KD,7.19,5379
kommun,0563,2018,RD,M,17.31,5379
kommun,0563,2018,RD,SD,23.28,5379
kommun,0563,2018,RF,V,5.91,5293
kommun,0563,2018,RF,S,31.46,5293
kommun,0563,2018,RF,MP,1.93,5293
kommun,0563,2018,RF,C,13.91,5293
kommun,0563,2018,RF,L,3.44,5293
kommun,0563,2018,RF,KD,7.29,5293
kommun,0563,2018,RF,M,18.86,5293
kommun,0563,2018,RF,SD,15.42,5293
kommun,0563,2022,KF,V,4.95,5256
kommun,0563,2022,KF,S,27.42,5256
kommun,0563,2022,KF,MP,0.84,5256
kommun,0563,2022,KF,C,11.43,5256
kommun,0563,2022,KF,L,1.08,5256
kommun,0563,2022,KF,KD,5.02,5256
kommun,0563,2022,KF,M,20.64,5256
kommun,0563,2022,KF,SD,15.41,5256
kommun,0563,2022,RD,V,4.12,5285
kommun,0563,2022,RD,S,29.82,5285
kommun,0563,2022,RD,MP,2.04,5285
kommun,0563,2022,RD,C,6.41,5285
kommun,0563,2022,RD,L,2.67,5285
kommun,0563,2022,RD,KD,7.34,5285
kommun,0563,2022,RD,M,17.09,5285
kommun,0563,2022,RD,SD,29.2,5285
kommun,0563,2022,RF,V,5.78,5158
kommun,0563,2022,RF,S,30.88,5158
kommun,0563,2022,RF,MP,1.14,5158
kommun,0563,2022,RF,C,8.36,5158
kommun,0563,2022,RF,L,2.71,5158
kommun,0563,2022,RF,KD,10.8,5158
kommun,0563,2022,RF,M,20.36,5158
kommun,0563,2022,RF,SD,19.27,5158
kommun,0580,2014,KF,V,4.76,99745
kommun,0580,2014,KF,S,32.28,99745
kommun,0580,2014,KF,MP,8.64,99745
kommun,0580,2014,KF,C,7.03,99745
kommun,0580,2014,KF,L,7.29,99745
kommun,0580,2014,KF,KD,4.76,99745
kommun,0580,2014,KF,M,24.17,99745
kommun,0580,2014,KF,SD,8.21,99745
kommun,0580,2014,RD,V,4.69,100372
kommun,0580,2014,RD,S,29.1,100372
kommun,0580,2014,RD,MP,8.24,100372
kommun,0580,2014,RD,C,6.13,100372
kommun,0580,2014,RD,L,6.96,100372
kommun,0580,2014,RD,KD,5.77,100372
kommun,0580,2014,RD,M,24.19,100372
kommun,0580,2014,RD,SD,11.17,100372
kommun,0580,2014,RF,V,5.82,99012
kommun,0580,2014,RF,S,33.88,99012
kommun,0580,2014,RF,MP,8.19,99012
kommun,0580,2014,RF,C,5.59,99012
kommun,0580,2014,RF,L,7.69,99012
kommun,0580,2014,RF,KD,6.36,99012
kommun,0580,2014,RF,M,23.29,99012
kommun,0580,2014,RF,SD,7.66,99012
kommun,0580,2018,KF,V,6.11,105679
kommun,0580,2018,KF,S,27.57,105679
kommun,0580,2018,KF,MP,6.53,105679
kommun,0580,2018,KF,C,9.33,105679
kommun,0580,2018,KF,L,8.95,105679
kommun,0580,2018,KF,KD,7.48,105679
kommun,0580,2018,KF,M,21.81,105679
kommun,0580,2018,KF,SD,10.53,105679
kommun,0580,2018,RD,V,6.43,105664
kommun,0580,2018,RD,S,27.55,105664
kommun,0580,2018,RD,MP,5.64,105664
kommun,0580,2018,RD,C,9.65,105664
kommun,0580,2018,RD,L,7.16,105664
kommun,0580,2018,RD,KD,6.49,105664
kommun,0580,2018,RD,M,22.19,105664
kommun,0580,2018,RD,SD,13.17,105664
kommun,0580,2018,RF,V,7.71,105058
kommun,0580,2018,RF,S,28.63,105058
kommun,0580,2018,RF,MP,5.33,105058
kommun,0580,2018,RF,C,8.51,105058
kommun,0580,2018,RF,L,8.15,105058
kommun,0580,2018,RF,KD,7.56,105058
kommun,0580,2018,RF,M,23.01,105058
kommun,0580,2018,RF,SD,9.99,105058
kommun,0580,2022,KF,V,6.73,105660
kommun,0580,2022,KF,S,28.26,105660
kommun,0580,2022,KF,MP,5.84,105660
kommun,0580,2022,KF,C,6.97,105660
kommun,0580,2022,KF,L,5.12,105660
kommun,0580,2022,KF,KD,5.13,105660
kommun,0580,2022,KF,M,20.22,105660
kommun,0580,2022,KF,SD,12.03,105660
kommun,0580,2022,RD,V,5.96,106264
kommun,0580,2022,RD,S,30.11,106264
kommun,0580,2022,RD,MP,6.33,106264
kommun,0580,2022,RD,C,8.07,106264
kommun,0580,2022,RD,L,5.95,106264
kommun,0580,2022,RD,KD,5.34,106264
kommun,0580,2022,RD,M,20.91,106264
kommun,0580,2022,RD,SD,15.89,106264
kommun,0580,2022,RF,V,8.91,105060
kommun,0580,2022,RF,S,31.72,105060
kommun,0580,2022,RF,MP,4.39,105060
kommun,0580,2022,RF,C,6.97,105060
kommun,0580,2022,RF,L,5.82,105060
kommun,0580,2022,RF,KD,7.89,105060
kommun,0580,2022,RF,M,21.1,105060
kommun,0580,2022,RF,SD,12.07,105060
kommun,0581,2014,KF,V,5.54,85970
kommun,0581,2014,KF,S,33.88,85970
kommun,0581,2014,KF,MP,6.47,85970
kommun,0581,2014,KF,C,4.45,85970
kommun,0581,2014,KF,L,6.57,85970
kommun,0581,2014,KF,KD,3.94,85970
kommun,0581,2014,KF,M,24.16,85970
kommun,0581,2014,KF,SD,11.67,85970
kommun,0581,2014,RD,V,5.46,86258
kommun,0581,2014,RD,S,30.93,86258
kommun,0581,2014,RD,MP,6.91,86258
kommun,0581,2014,RD,C,4.47,86258
kommun,0581,2014,RD,L,4.54,86258
kommun,0581,2014,RD,KD,4.56,86258
kommun,0581,2014,RD,M,23.18,86258
kommun,0581,2014,RD,SD,16.28,86258
kommun,0581,2014,RF,V,7.15,85367
kommun,0581,2014,RF,S,34.48,85367
kommun,0581,2014,RF,MP,6.91,85367
kommun,0581,2014,RF,C,4.08,85367
kommun,0581,2014,RF,L,5.69,85367
kommun,0581,2014,RF,KD,5.36,85367
kommun,0581,2014,RF,M,23.67,85367
kommun,0581,2014,RF,SD,11.23,85367
kommun,0581,2018,KF,V,8.2,89869
kommun,0581,2018,KF,S,30.34,89869
kommun,0581,2018,KF,MP,3.4,89869
kommun,0581,2018,KF,C,5.67,89869
kommun,0581,2018,KF,L,5.62,89869
kommun,0581,2018,KF,KD,5.39,89869
kommun,0581,2018,KF,M,23.35,89869
kommun,0581,2018,KF,SD,15.46,89869
kommun,0581,2018,RD,V,8.13,89045
kommun,0581,2018,RD,S,28.34,89045
kommun,0581,2018,RD,MP,4.04,89045
kommun,0581,2018,RD,C,6.5,89045
kommun,0581,2018,RD,L,4.81,89045
kommun,0581,2018,RD,KD,6.44,89045
kommun,0581,2018,RD,M,20.46,89045
kommun,0581,2018,RD,SD,19.61,89045
kommun,0581,2018,RF,V,9.6,89262
kommun,0581,2018,RF,S,29.43,89262
kommun,0581,2018,RF,MP,3.58,89262
kommun,0581,2018,RF,C,5.79,89262
kommun,0581,2018,RF,L,5.18,89262
kommun,0581,2018,RF,KD,7.0,89262
kommun,0581,2018,RF,M,23.25,89262
kommun,0581,2018,RF,SD,14.83,89262
kommun,0581,2022,KF,V,8.98,88303
kommun,0581,2022,KF,S,29.09,88303
kommun,0581,2022,KF,MP,3.29,88303
kommun,0581,2022,KF,C,4.84,88303
kommun,0581,2022,KF,L,4.06,88303
kommun,0581,2022,KF,KD,5.86,88303
kommun,0581,2022,KF,M,24.41,88303
kommun,0581,2022,KF,SD,16.56,88303
kommun,0581,2022,RD,V,6.85,88622
kommun,0581,2022,RD,S,29.4,88622
kommun,0581,2022,RD,MP,4.37,88622
kommun,0581,2022,RD,C,5.09,88622
kommun,0581,2022,RD,L,3.75,88622
kommun,0581,2022,RD,KD,6.08,88622
kommun,0581,2022,RD,M,20.45,88622
kommun,0581,2022,RD,SD,22.67,88622
kommun,0581,2022,RF,V,9.79,87845
kommun,0581,2022,RF,S,29.42,87845
kommun,0581,2022,RF,MP,2.91,87845
kommun,0581,2022,RF,C,4.59,87845
kommun,0581,2022,RF,L,3.82,87845
kommun,0581,2022,RF,KD,7.75,87845
kommun,0581,2022,RF,M,23.49,87845
kommun,0581,2022,RF,SD,16.87,87845
kommun,0582,2014,KF,V,4.79,9685
kommun,0582,2014,KF,S,33.48,9685
kommun,0582,2014,KF,MP,6.41,9685
kommun,0582,2014,KF,C,11.55,9685
kommun,0582,2014,KF,L,5.38,9685
kommun,0582,2014,KF,KD,5.32,9685
kommun,0582,2014,KF,M,24.0,9685
kommun,0582,2014,KF,SD,8.7,9685
kommun,0582,2014,RD,V,3.79,9826
kommun,0582,2014,RD,S,26.98,9826
kommun,0582,2014,RD,MP,5.81,9826
kommun,0582,2014,RD,C,8.71,9826
kommun,0582,2014,RD,L,4.33,9826
kommun,0582,2014,RD,KD,5.03,9826
kommun,0582,2014,RD,M,26.0,9826
kommun,0582,2014,RD,SD,16.53,9826
kommun,0582,2014,RF,V,4.86,9563
kommun,0582,2014,RF,S,31.8,9563
kommun,0582,2014,RF,MP,5.71,9563
kommun,0582,2014,RF,C,9.03,9563
kommun,0582,2014,RF,L,5.22,9563
kommun,0582,2014,RF,KD,6.86,9563
kommun,0582,2014,RF,M,25.02,9563
kommun,0582,2014,RF,SD,10.27,9563
kommun,0582,2018,KF,V,6.8,9855
kommun,0582,2018,KF,S,20.51,9855
kommun,0582,2018,KF,MP,2.29,9855
kommun,0582,2018,KF,C,18.89,9855
kommun,0582,2018,KF,L,8.01,9855
kommun,0582,2018,KF,KD,7.08,9855
kommun,0582,2018,KF,M,19.89,9855
kommun,0582,2018,KF,SD,14.0,9855
kommun,0582,2018,RD,V,5.52,9955
kommun,0582,2018,RD,S,22.42,9955
kommun,0582,2018,RD,MP,3.5,9955
kommun,0582,2018,RD,C,10.91,9955
kommun,0582,2018,RD,L,4.97,9955
kommun,0582,2018,RD,KD,7.84,9955
kommun,0582,2018,RD,M,21.68,9955
kommun,0582,2018,RD,SD,21.89,9955
kommun,0582,2018,RF,V,7.02,9732
kommun,0582,2018,RF,S,22.19,9732
kommun,0582,2018,RF,MP,2.96,9732
kommun,0582,2018,RF,C,12.3,9732
kommun,0582,2018,RF,L,7.56,9732
kommun,0582,2018,RF,KD,9.33,9732
kommun,0582,2018,RF,M,22.21,9732
kommun,0582,2018,RF,SD,15.06,9732
kommun,0582,2022,KF,V,6.02,9950
kommun,0582,2022,KF,S,19.78,9950
kommun,0582,2022,KF,MP,2.93,9950
kommun,0582,2022,KF,C,10.88,9950
kommun,0582,2022,KF,L,4.65,9950
kommun,0582,2022,KF,KD,7.06,9950
kommun,0582,2022,KF,M,22.61,9950
kommun,0582,2022,KF,SD,19.98,9950
kommun,0582,2022,RD,V,4.09,10026
kommun,0582,2022,RD,S,24.44,10026
kommun,0582,2022,RD,MP,3.68,10026
kommun,0582,2022,RD,C,7.13,10026
kommun,0582,2022,RD,L,4.39,10026
kommun,0582,2022,RD,KD,7.06,10026
kommun,0582,2022,RD,M,21.43,10026
kommun,0582,2022,RD,SD,26.68,10026
kommun,0582,2022,RF,V,6.44,9845
kommun,0582,2022,RF,S,23.38,9845
kommun,0582,2022,RF,MP,2.63,9845
kommun,0582,2022,RF,C,8.17,9845
kommun,0582,2022,RF,L,5.64,9845
kommun,0582,2022,RF,KD,10.24,9845
kommun,0582,2022,RF,M,22.24,9845
kommun,0582,2022,RF,SD,20.59,9845
kommun,0583,2014,KF,V,5.46,28075
kommun,0583,2014,KF,S,41.72,28075
kommun,0583,2014,KF,MP,5.45,28075
kommun,0583,2014,KF,C,5.48,28075
kommun,0583,2014,KF,L,6.46,28075
kommun,0583,2014,KF,KD,3.01,28075
kommun,0583,2014,KF,M,20.18,28075
kommun,0583,2014,KF,SD,10.45,28075
kommun,0583,2014,RD,V,4.82,28327
kommun,0583,2014,RD,S,39.78,28327
kommun,0583,2014,RD,MP,4.86,28327
kommun,0583,2014,RD,C,5.02,28327
kommun,0583,2014,RD,L,4.44,28327
kommun,0583,2014,RD,KD,3.77,28327
kommun,0583,2014,RD,M,18.66,28327
kommun,0583,2014,RD,SD,16.24,28327
kommun,0583,2014,RF,V,5.88,27857
kommun,0583,2014,RF,S,43.02,27857
kommun,0583,2014,RF,MP,5.24,27857
kommun,0583,2014,RF,C,5.02,27857
kommun,0583,2014,RF,L,5.93,27857
kommun,0583,2014,RF,KD,4.07,27857
kommun,0583,2014,RF,M,19.04,27857
kommun,0583,2014,RF,SD,10.24,27857
kommun,0583,2018,KF,V,6.71,28709
kommun,0583,2018,KF,S,30.6,28709
kommun,0583,2018,KF,MP,2.69,28709
kommun,0583,2018,KF,C,7.59,28709
kommun,0583,2018,KF,L,7.26,28709
kommun,0583,2018,KF,KD,4.92,28709
kommun,0583,2018,KF,M,25.47,28709
kommun,0583,2018,KF,SD,13.19,28709
kommun,0583,2018,RD,V,6.35,28450
kommun,0583,2018,RD,S,32.67,28450
kommun,0583,2018,RD,MP,2.67,28450
kommun,0583,2018,RD,C,6.79,28450
kommun,0583,2018,RD,L,4.43,28450
kommun,0583,2018,RD,KD,6.23,28450
kommun,0583,2018,RD,M,19.51,28450
kommun,0583,2018,RD,SD,20.32,28450
kommun,0583,2018,RF,V,7.68,28438
kommun,0583,2018,RF,S,33.09,28438
kommun,0583,2018,RF,MP,2.83,28438
kommun,0583,2018,RF,C,6.27,28438
kommun,0583,2018,RF,L,6.14,28438
kommun,0583,2018,RF,KD,6.61,28438
kommun,0583,2018,RF,M,22.45,28438
kommun,0583,2018,RF,SD,13.81,28438
kommun,0583,2022,KF,V,5.85,27968
kommun,0583,2022,KF,S,34.95,27968
kommun,0583,2022,KF,MP,2.04,27968
kommun,0583,2022,KF,C,5.38,27968
kommun,0583,2022,KF,L,3.68,27968
kommun,0583,2022,KF,KD,5.25,27968
kommun,0583,2022,KF,M,25.82,27968
kommun,0583,2022,KF,SD,16.44,27968
kommun,0583,2022,RD,V,4.43,28104
kommun,0583,2022,RD,S,34.2,28104
kommun,0583,2022,RD,MP,2.71,28104
kommun,0583,2022,RD,C,5.1,28104
kommun,0583,2022,RD,L,3.52,28104
kommun,0583,2022,RD,KD,5.5,28104
kommun,0583,2022,RD,M,18.71,28104
kommun,0583,2022,RD,SD,24.87,28104
kommun,0583,2022,RF,V,6.63,27775
kommun,0583,2022,RF,S,35.98,27775
kommun,0583,2022,RF,MP,1.89,27775
kommun,0583,2022,RF,C,4.86,27775
kommun,0583,2022,RF,L,3.85,27775
kommun,0583,2022,RF,KD,7.74,27775
kommun,0583,2022,RF,M,21.34,27775
kommun,0583,2022,RF,SD,17.21,27775
kommun,0584,2014,KF,V,3.3,5217
kommun,0584,2014,KF,S,26.68,5217
kommun,0584,2014,KF,MP,6.33,5217
kommun,0584,2014,KF,C,6.33,5217
kommun,0584,2014,KF,L,3.11,5217
kommun,0584,2014,KF,KD,4.37,5217
kommun,0584,2014,KF,M,19.95,5217
kommun,0584,2014,KF,SD,3.51,5217
kommun,0584,2014,RD,V,3.75,5277
kommun,0584,2014,RD,S,33.2,5277
kommun,0584,2014,RD,MP,6.18,5277
kommun,0584,2014,RD,C,6.77,5277
kommun,0584,2014,RD,L,3.75,5277
kommun,0584,2014,RD,KD,5.78,5277
kommun,0584,2014,RD,M,25.24,5277
kommun,0584,2014,RD,SD,12.45,5277
kommun,0584,2014,RF,V,4.95,5130
kommun,0584,2014,RF,S,36.35,5130
kommun,0584,2014,RF,MP,7.0,5130
kommun,0584,2014,RF,C,7.04,5130
kommun,0584,2014,RF,L,3.74,5130
kommun,0584,2014,RF,KD,7.08,5130
kommun,0584,2014,RF,M,25.5,5130
kommun,0584,2014,RF,SD,7.33,5130
kommun,0584,2018,KF,V,6.0,5297
kommun,0584,2018,KF,S,22.82,5297
kommun,0584,2018,KF,MP,4.19,5297
kommun,0584,2018,KF,C,8.06,5297
kommun,0584,2018,KF,L,1.81,5297
kommun,0584,2018,KF,KD,3.98,5297
kommun,0584,2018,KF,M,23.73,5297
kommun,0584,2018,KF,SD,7.14,5297
kommun,0584,2018,RD,V,5.91,5327
kommun,0584,2018,RD,S,29.08,5327
kommun,0584,2018,RD,MP,3.92,5327
kommun,0584,2018,RD,C,9.25,5327
kommun,0584,2018,RD,L,3.74,5327
kommun,0584,2018,RD,KD,7.34,5327
kommun,0584,2018,RD,M,22.53,5327
kommun,0584,2018,RD,SD,16.86,5327
kommun,0584,2018,RF,V,8.03,5178
kommun,0584,2018,RF,S,28.81,5178
kommun,0584,2018,RF,MP,4.11,5178
kommun,0584,2018,RF,C,9.21,5178
kommun,0584,2018,RF,L,4.5,5178
kommun,0584,2018,RF,KD,8.63,5178
kommun,0584,2018,RF,M,25.2,5178
kommun,0584,2018,RF,SD,10.7,5178
kommun,0584,2022,KF,V,5.37,5404
kommun,0584,2022,KF,S,22.06,5404
kommun,0584,2022,KF,MP,3.76,5404
kommun,0584,2022,KF,C,4.11,5404
kommun,0584,2022,KF,L,0.81,5404
kommun,0584,2022,KF,KD,2.7,5404
kommun,0584,2022,KF,M,30.27,5404
kommun,0584,2022,KF,SD,7.98,5404
kommun,0584,2022,RD,V,4.55,5434
kommun,0584,2022,RD,S,31.67,5434
kommun,0584,2022,RD,MP,5.13,5434
kommun,0584,2022,RD,C,6.79,5434
kommun,0584,2022,RD,L,3.88,5434
kommun,0584,2022,RD,KD,6.29,5434
kommun,0584,2022,RD,M,21.18,5434
kommun,0584,2022,RD,SD,19.87,5434
kommun,0584,2022,RF,V,7.99,5280
kommun,0584,2022,RF,S,32.14,5280
kommun,0584,2022,RF,MP,3.56,5280
kommun,0584,2022,RF,C,6.06,5280
kommun,0584,2022,RF,L,3.37,5280
kommun,0584,2022,RF,KD,9.79,5280
kommun,0584,2022,RF,M,24.98,5280
kommun,0584,2022,RF,SD,11.5,5280
kommun,0586,2014,KF,V,7.19,17311
kommun,0586,2014,KF,S,37.17,17311
kommun,0586,2014,KF,MP,5.14,17311
kommun,0586,2014,KF,C,7.5,17311
kommun,0586,2014,KF,L,7.51,17311
kommun,0586,2014,KF,KD,4.31,17311
kommun,0586,2014,KF,M,20.51,17311
kommun,0586,2014,KF,SD,9.67,17311
kommun,0586,2014,RD,V,4.35,17732
kommun,0586,2014,RD,S,37.7,17732
kommun,0586,2014,RD,MP,4.34,17732
kommun,0586,2014,RD,C,6.4,17732
kommun,0586,2014,RD,L,4.26,17732
kommun,0586,2014,RD,KD,4.77,17732
kommun,0586,2014,RD,M,21.01,17732
kommun,0586,2014,RD,SD,14.91,17732
kommun,0586,2014,RF,V,5.86,17093
kommun,0586,2014,RF,S,40.37,17093
kommun,0586,2014,RF,MP,4.47,17093
kommun,0586,2014,RF,C,6.79,17093
kommun,0586,2014,RF,L,5.46,17093
kommun,0586,2014,RF,KD,5.59,17093
kommun,0586,2014,RF,M,20.35,17093
kommun,0586,2014,RF,SD,9.83,17093
kommun,0586,2018,KF,V,6.79,17945
kommun,0586,2018,KF,S,30.62,17945
kommun,0586,2018,KF,MP,2.91,17945
kommun,0586,2018,KF,C,8.83,17945
kommun,0586,2018,KF,L,9.43,17945
kommun,0586,2018,KF,KD,5.08,17945
kommun,0586,2018,KF,M,19.8,17945
kommun,0586,2018,KF,SD,16.23,17945
kommun,0586,2018,RD,V,5.68,18119
kommun,0586,2018,RD,S,31.7,18119
kommun,0586,2018,RD,MP,2.83,18119
kommun,0586,2018,RD,C,8.17,18119
kommun,0586,2018,RD,L,4.43,18119
kommun,0586,2018,RD,KD,6.41,18119
kommun,0586,2018,RD,M,20.28,18119
kommun,0586,2018,RD,SD,19.41,18119
kommun,0586,2018,RF,V,6.93,17782
kommun,0586,2018,RF,S,32.06,17782
kommun,0586,2018,RF,MP,2.71,17782
kommun,0586,2018,RF,C,8.24,17782
kommun,0586,2018,RF,L,6.6,17782
kommun,0586,2018,RF,KD,6.92,17782
kommun,0586,2018,RF,M,20.37,17782
kommun,0586,2018,RF,SD,15.5,17782
kommun,0586,2022,KF,V,5.86,18127
kommun,0586,2022,KF,S,31.7,18127
kommun,0586,2022,KF,MP,2.07,18127
kommun,0586,2022,KF,C,6.54,18127
kommun,0586,2022,KF,L,8.24,18127
kommun,0586,2022,KF,KD,5.87,18127
kommun,0586,2022,KF,M,20.03,18127
kommun,0586,2022,KF,SD,19.39,18127
kommun,0586,2022,RD,V,3.98,18378
kommun,0586,2022,RD,S,31.78,18378
kommun,0586,2022,RD,MP,2.82,18378
kommun,0586,2022,RD,C,5.75,18378
kommun,0586,2022,RD,L,4.02,18378
kommun,0586,2022,RD,KD,6.06,18378
kommun,0586,2022,RD,M,20.18,18378
kommun,0586,2022,RD,SD,24.46,18378
kommun,0586,2022,RF,V,6.01,18007
kommun,0586,2022,RF,S,32.5,18007
kommun,0586,2022,RF,MP,1.94,18007
kommun,0586,2022,RF,C,6.05,18007
kommun,0586,2022,RF,L,5.18,18007
kommun,0586,2022,RF,KD,8.32,18007
kommun,0586,2022,RF,M,20.15,18007
kommun,0586,2022,RF,SD,19.18,18007
kommun,0604,2014,KF,V,2.19,4380
kommun,0604,2014,KF,S,31.3,4380
kommun,0604,2014,KF,MP,5.75,4380
kommun,0604,2014,KF,C,20.46,4380
kommun,0604,2014,KF,L,4.06,4380
kommun,0604,2014,KF,KD,14.82,4380
kommun,0604,2014,KF,M,11.19,4380
kommun,0604,2014,KF,SD,9.38,4380
kommun,0604,2014,RD,V,2.58,4425
kommun,0604,2014,RD,S,29.11,4425
kommun,0604,2014,RD,MP,4.81,4425
kommun,0604,2014,RD,C,12.27,4425
kommun,0604,2014,RD,L,2.92,4425
kommun,0604,2014,RD,KD,13.54,4425
kommun,0604,2014,RD,M,16.81,4425
kommun,0604,2014,RD,SD,16.52,4425
kommun,0604,2014,RF,V,2.73,4324
kommun,0604,2014,RF,S,30.78,4324
kommun,0604,2014,RF,MP,5.74,4324
kommun,0604,2014,RF,C,13.51,4324
kommun,0604,2014,RF,L,5.85,4324
kommun,0604,2014,RF,KD,15.91,4324
kommun,0604,2014,RF,M,13.04,4324
kommun,0604,2014,RF,SD,11.7,4324
kommun,0604,2018,KF,V,3.03,4526
kommun,0604,2018,KF,S,23.95,4526
kommun,0604,2018,KF,MP,2.7,4526
kommun,0604,2018,KF,C,18.49,4526
kommun,0604,2018,KF,L,5.99,4526
kommun,0604,2018,KF,KD,14.76,4526
kommun,0604,2018,KF,M,16.95,4526
kommun,0604,2018,KF,SD,12.55,4526
kommun,0604,2018,RD,V,4.01,4485
kommun,0604,2018,RD,S,23.92,4485
kommun,0604,2018,RD,MP,2.34,4485
kommun,0604,2018,RD,C,12.78,4485
kommun,0604,2018,RD,L,3.39,4485
kommun,0604,2018,RD,KD,14.54,4485
kommun,0604,2018,RD,M,16.19,4485
kommun,0604,2018,RD,SD,21.11,4485
kommun,0604,2018,RF,V,3.2,4501
kommun,0604,2018,RF,S,22.13,4501
kommun,0604,2018,RF,MP,3.11,4501
kommun,0604,2018,RF,C,13.66,4501
kommun,0604,2018,RF,L,6.15,4501
kommun,0604,2018,RF,KD,12.82,4501
kommun,0604,2018,RF,M,13.73,4501
kommun,0604,2018,RF,SD,13.8,4501
kommun,0604,2022,KF,V,4.24,4457
kommun,0604,2022,KF,S,22.01,4457
kommun,0604,2022,KF,MP,0.0,4457
kommun,0604,2022,KF,C,19.45,4457
kommun,0604,2022,KF,L,4.44,4457
kommun,0604,2022,KF,KD,11.64,4457
kommun,0604,2022,KF,M,18.73,4457
kommun,0604,2022,KF,SD,17.48,4457
kommun,0604,2022,RD,V,2.67,4465
kommun,0604,2022,RD,S,24.97,4465
kommun,0604,2022,RD,MP,2.73,4465
kommun,0604,2022,RD,C,9.27,4465
kommun,0604,2022,RD,L,3.45,4465
kommun,0604,2022,RD,KD,11.44,4465
kommun,0604,2022,RD,M,16.77,4465
kommun,0604,2022,RD,SD,26.94,4465
kommun,0604,2022,RF,V,4.05,4419
kommun,0604,2022,RF,S,21.25,4419
kommun,0604,2022,RF,MP,2.13,4419
kommun,0604,2022,RF,C,9.91,4419
kommun,0604,2022,RF,L,5.41,4419
kommun,0604,2022,RF,KD,11.95,4419
kommun,0604,2022,RF,M,14.21,4419
kommun,0604,2022,RF,SD,18.71,4419
kommun,0617,2014,KF,V,1.4,5796
kommun,0617,2014,KF,S,33.63,5796
kommun,0617,2014,KF,MP,3.09,5796
kommun,0617,2014,KF,C,7.63,5796
kommun,0617,2014,KF,L,3.14,5796
kommun,0617,2014,KF,KD,15.68,5796
kommun,0617,2014,KF,M,21.27,5796
kommun,0617,2014,KF,SD,14.01,5796
kommun,0617,2014,RD,V,2.6,5770
kommun,0617,2014,RD,S,30.45,5770
kommun,0617,2014,RD,MP,3.41,5770
kommun,0617,2014,RD,C,8.51,5770
kommun,0617,2014,RD,L,2.93,5770
kommun,0617,2014,RD,KD,14.25,5770
kommun,0617,2014,RD,M,20.73,5770
kommun,0617,2014,RD,SD,15.88,5770
kommun,0617,2014,RF,V,2.88,5739
kommun,0617,2014,RF,S,32.57,5739
kommun,0617,2014,RF,MP,3.28,5739
kommun,0617,2014,RF,C,7.34,5739
kommun,0617,2014,RF,L,3.8,5739
kommun,0617,2014,RF,KD,16.52,5739
kommun,0617,2014,RF,M,20.61,5739
kommun,0617,2014,RF,SD,12.86,5739
kommun,0617,2018,KF,V,2.25,5960
kommun,0617,2018,KF,S,30.03,5960
kommun,0617,2018,KF,MP,0.52,5960
kommun,0617,2018,KF,C,10.76,5960
kommun,0617,2018,KF,L,0.42,5960
kommun,0617,2018,KF,KD,15.23,5960
kommun,0617,2018,KF,M,23.15,5960
kommun,0617,2018,KF,SD,17.55,5960
kommun,0617,2018,RD,V,2.84,5855
kommun,0617,2018,RD,S,26.32,5855
kommun,0617,2018,RD,MP,1.84,5855
kommun,0617,2018,RD,C,9.77,5855
kommun,0617,2018,RD,L,3.19,5855
kommun,0617,2018,RD,KD,14.96,5855
kommun,0617,2018,RD,M,18.46,5855
kommun,0617,2018,RD,SD,21.78,5855
kommun,0617,2018,RF,V,2.24,5949
kommun,0617,2018,RF,S,25.45,5949
kommun,0617,2018,RF,MP,1.41,5949
kommun,0617,2018,RF,C,8.2,5949
kommun,0617,2018,RF,L,2.64,5949
kommun,0617,2018,RF,KD,13.11,5949
kommun,0617,2018,RF,M,16.27,5949
kommun,0617,2018,RF,SD,15.73,5949
kommun,0617,2022,KF,V,3.77,5523
kommun,0617,2022,KF,S,24.5,5523
kommun,0617,2022,KF,MP,0.63,5523
kommun,0617,2022,KF,C,14.01,5523
kommun,0617,2022,KF,L,0.89,5523
kommun,0617,2022,KF,KD,16.35,5523
kommun,0617,2022,KF,M,22.78,5523
kommun,0617,2022,KF,SD,16.98,5523
kommun,0617,2022,RD,V,2.59,5518
kommun,0617,2022,RD,S,24.61,5518
kommun,0617,2022,RD,MP,1.67,5518
kommun,0617,2022,RD,C,7.23,5518
kommun,0617,2022,RD,L,3.01,5518
kommun,0617,2022,RD,KD,12.98,5518
kommun,0617,2022,RD,M,20.64,5518
kommun,0617,2022,RD,SD,26.53,5518
kommun,0617,2022,RF,V,2.77,5496
kommun,0617,2022,RF,S,23.02,5496
kommun,0617,2022,RF,MP,1.53,5496
kommun,0617,2022,RF,C,6.5,5496
kommun,0617,2022,RF,L,2.73,5496
kommun,0617,2022,RF,KD,14.65,5496
kommun,0617,2022,RF,M,19.09,5496
kommun,0617,2022,RF,SD,18.05,5496
kommun,0642,2014,KF,V,5.02,4758
kommun,0642,2014,KF,S,24.95,4758
kommun,0642,2014,KF,MP,11.45,4758
kommun,0642,2014,KF,C,2.5,4758
kommun,0642,2014,KF,L,3.83,4758
kommun,0642,2014,KF,KD,15.64,4758
kommun,0642,2014,KF,M,16.2,4758
kommun,0642,2014,KF,SD,6.87,4758
kommun,0642,2014,RD,V,4.84,4752
kommun,0642,2014,RD,S,28.56,4752
kommun,0642,2014,RD,MP,5.98,4752
kommun,0642,2014,RD,C,5.07,4752
kommun,0642,2014,RD,L,3.39,4752
kommun,0642,2014,RD,KD,17.02,4752
kommun,0642,2014,RD,M,16.69,4752
kommun,0642,2014,RD,SD,16.01,4752
kommun,0642,2014,RF,V,5.11,4675
kommun,0642,2014,RF,S,32.19,4675
kommun,0642,2014,RF,MP,6.57,4675
kommun,0642,2014,RF,C,4.49,4675
kommun,0642,2014,RF,L,3.83,4675
kommun,0642,2014,RF,KD,15.72,4675
kommun,0642,2014,RF,M,21.03,4675
kommun,0642,2014,RF,SD,10.14,4675
kommun,0642,2018,KF,V,4.85,4801
kommun,0642,2018,KF,S,26.79,4801
kommun,0642,2018,KF,MP,5.62,4801
kommun,0642,2018,KF,C,5.12,4801
kommun,0642,2018,KF,L,2.54,4801
kommun,0642,2018,KF,KD,16.56,4801
kommun,0642,2018,KF,M,18.43,4801
kommun,0642,2018,KF,SD,15.16,4801
kommun,0642,2018,RD,V,5.37,4823
kommun,0642,2018,RD,S,25.3,4823
kommun,0642,2018,RD,MP,4.0,4823
kommun,0642,2018,RD,C,6.99,4823
kommun,0642,2018,RD,L,2.63,4823
kommun,0642,2018,RD,KD,17.91,4823
kommun,0642,2018,RD,M,14.12,4823
kommun,0642,2018,RD,SD,22.08,4823
kommun,0642,2018,RF,V,5.25,4758
kommun,0642,2018,RF,S,25.89,4758
kommun,0642,2018,RF,MP,4.58,4758
kommun,0642,2018,RF,C,6.77,4758
kommun,0642,2018,RF,L,2.9,4758
kommun,0642,2018,RF,KD,18.58,4758
kommun,0642,2018,RF,M,17.72,4758
kommun,0642,2018,RF,SD,15.91,4758
kommun,0642,2022,KF,V,5.76,4876
kommun,0642,2022,KF,S,24.2,4876
kommun,0642,2022,KF,MP,3.9,4876
kommun,0642,2022,KF,C,3.36,4876
kommun,0642,2022,KF,L,2.48,4876
kommun,0642,2022,KF,KD,17.88,4876
kommun,0642,2022,KF,M,23.91,4876
kommun,0642,2022,KF,SD,17.72,4876
kommun,0642,2022,RD,V,3.9,4903
kommun,0642,2022,RD,S,25.98,4903
kommun,0642,2022,RD,MP,3.83,4903
kommun,0642,2022,RD,C,5.71,4903
kommun,0642,2022,RD,L,3.18,4903
kommun,0642,2022,RD,KD,12.48,4903
kommun,0642,2022,RD,M,16.42,4903
kommun,0642,2022,RD,SD,27.04,4903
kommun,0642,2022,RF,V,5.44,4835
kommun,0642,2022,RF,S,25.4,4835
kommun,0642,2022,RF,MP,2.98,4835
kommun,0642,2022,RF,C,4.07,4835
kommun,0642,2022,RF,L,2.67,4835
kommun,0642,2022,RF,KD,16.9,4835
kommun,0642,2022,RF,M,18.51,4835
kommun,0642,2022,RF,SD,19.52,4835
kommun,0643,2014,KF,V,1.26,7195
kommun,0643,2014,KF,S,29.19,7195
kommun,0643,2014,KF,MP,4.61,7195
kommun,0643,2014,KF,C,6.16,7195
kommun,0643,2014,KF,L,6.91,7195
kommun,0643,2014,KF,KD,14.58,7195
kommun,0643,2014,KF,M,22.88,7195
kommun,0643,2014,KF,SD,14.05,7195
kommun,0643,2014,RD,V,3.18,7254
kommun,0643,2014,RD,S,27.67,7254
kommun,0643,2014,RD,MP,5.42,7254
kommun,0643,2014,RD,C,6.51,7254
kommun,0643,2014,RD,L,3.72,7254
kommun,0643,2014,RD,KD,13.43,7254
kommun,0643,2014,RD,M,22.66,7254
kommun,0643,2014,RD,SD,15.43,7254
kommun,0643,2014,RF,V,3.38,7070
kommun,0643,2014,RF,S,30.88,7070
kommun,0643,2014,RF,MP,4.67,7070
kommun,0643,2014,RF,C,5.81,7070
kommun,0643,2014,RF,L,4.47,7070
kommun,0643,2014,RF,KD,15.9,7070
kommun,0643,2014,RF,M,21.47,7070
kommun,0643,2014,RF,SD,12.69,7070
kommun,0643,2018,KF,V,3.14,7641
kommun,0643,2018,KF,S,24.92,7641
kommun,0643,2018,KF,MP,2.07,7641
kommun,0643,2018,KF,C,8.78,7641
kommun,0643,2018,KF,L,8.11,7641
kommun,0643,2018,KF,KD,14.71,7641
kommun,0643,2018,KF,M,23.61,7641
kommun,0643,2018,KF,SD,11.73,7641
kommun,0643,2018,RD,V,3.91,7746
kommun,0643,2018,RD,S,23.74,7746
kommun,0643,2018,RD,MP,3.36,7746
kommun,0643,2018,RD,C,8.77,7746
kommun,0643,2018,RD,L,4.22,7746
kommun,0643,2018,RD,KD,15.13,7746
kommun,0643,2018,RD,M,19.73,7746
kommun,0643,2018,RD,SD,20.01,7746
kommun,0643,2018,RF,V,4.04,7575
kommun,0643,2018,RF,S,25.45,7575
kommun,0643,2018,RF,MP,2.92,7575
kommun,0643,2018,RF,C,7.29,7575
kommun,0643,2018,RF,L,5.04,7575
kommun,0643,2018,RF,KD,17.23,7575
kommun,0643,2018,RF,M,20.49,7575
kommun,0643,2018,RF,SD,13.93,7575
kommun,0643,2022,KF,V,3.17,8146
kommun,0643,2022,KF,S,26.07,8146
kommun,0643,2022,KF,MP,2.1,8146
kommun,0643,2022,KF,C,6.49,8146
kommun,0643,2022,KF,L,4.86,8146
kommun,0643,2022,KF,KD,13.25,8146
kommun,0643,2022,KF,M,25.73,8146
kommun,0643,2022,KF,SD,14.06,8146
kommun,0643,2022,RD,V,2.77,8256
kommun,0643,2022,RD,S,26.32,8256
kommun,0643,2022,RD,MP,3.26,8256
kommun,0643,2022,RD,C,7.03,8256
kommun,0643,2022,RD,L,3.83,8256
kommun,0643,2022,RD,KD,11.14,8256
kommun,0643,2022,RD,M,20.47,8256
kommun,0643,2022,RD,SD,23.8,8256
kommun,0643,2022,RF,V,4.74,8078
kommun,0643,2022,RF,S,25.51,8078
kommun,0643,2022,RF,MP,2.17,8078
kommun,0643,2022,RF,C,5.69,8078
kommun,0643,2022,RF,L,3.83,8078
kommun,0643,2022,RF,KD,14.77,8078
kommun,0643,2022,RF,M,21.08,8078
kommun,0643,2022,RF,SD,16.33,8078
kommun,0662,2014,KF,V,2.88,18129
kommun,0662,2014,KF,S,35.25,18129
kommun,0662,2014,KF,MP,3.61,18129
kommun,0662,2014,KF,C,12.2,18129
kommun,0662,2014,KF,L,3.67,18129
kommun,0662,2014,KF,KD,4.57,18129
kommun,0662,2014,KF,M,22.87,18129
kommun,0662,2014,KF,SD,12.14,18129
kommun,0662,2014,RD,V,3.06,18152
kommun,0662,2014,RD,S,35.41,18152
kommun,0662,2014,RD,MP,3.66,18152
kommun,0662,2014,RD,C,10.06,18152
kommun,0662,2014,RD,L,3.21,18152
kommun,0662,2014,RD,KD,5.37,18152
kommun,0662,2014,RD,M,21.89,18152
kommun,0662,2014,RD,SD,15.91,18152
kommun,0662,2014,RF,V,3.74,17980
kommun,0662,2014,RF,S,37.91,17980
kommun,0662,2014,RF,MP,3.4,17980
kommun,0662,2014,RF,C,11.16,17980
kommun,0662,2014,RF,L,3.73,17980
kommun,0662,2014,RF,KD,6.26,17980
kommun,0662,2014,RF,M,21.55,17980
kommun,0662,2014,RF,SD,11.94,17980
kommun,0662,2018,KF,V,2.58,18030
kommun,0662,2018,KF,S,25.53,18030
kommun,0662,2018,KF,MP,2.31,18030
kommun,0662,2018,KF,C,19.0,18030
kommun,0662,2018,KF,L,3.87,18030
kommun,0662,2018,KF,KD,4.94,18030
kommun,0662,2018,KF,M,16.67,18030
kommun,0662,2018,KF,SD,13.95,18030
kommun,0662,2018,RD,V,3.93,17752
kommun,0662,2018,RD,S,29.42,17752
kommun,0662,2018,RD,MP,2.25,17752
kommun,0662,2018,RD,C,11.89,17752
kommun,0662,2018,RD,L,3.19,17752
kommun,0662,2018,RD,KD,7.85,17752
kommun,0662,2018,RD,M,18.37,17752
kommun,0662,2018,RD,SD,22.28,17752
kommun,0662,2018,RF,V,3.77,17799
kommun,0662,2018,RF,S,27.74,17799
kommun,0662,2018,RF,MP,2.62,17799
kommun,0662,2018,RF,C,12.55,17799
kommun,0662,2018,RF,L,3.34,17799
kommun,0662,2018,RF,KD,7.39,17799
kommun,0662,2018,RF,M,16.47,17799
kommun,0662,2018,RF,SD,15.12,17799
kommun,0662,2022,KF,V,3.15,17350
kommun,0662,2022,KF,S,19.46,17350
kommun,0662,2022,KF,MP,0.78,17350
kommun,0662,2022,KF,C,7.95,17350
kommun,0662,2022,KF,L,2.93,17350
kommun,0662,2022,KF,KD,3.95,17350
kommun,0662,2022,KF,M,16.85,17350
kommun,0662,2022,KF,SD,13.97,17350
kommun,0662,2022,RD,V,3.48,17174
kommun,0662,2022,RD,S,29.01,17174
kommun,0662,2022,RD,MP,1.85,17174
kommun,0662,2022,RD,C,7.08,17174
kommun,0662,2022,RD,L,3.0,17174
kommun,0662,2022,RD,KD,7.77,17174
kommun,0662,2022,RD,M,19.34,17174
kommun,0662,2022,RD,SD,27.55,17174
kommun,0662,2022,RF,V,4.45,17009
kommun,0662,2022,RF,S,25.79,17009
kommun,0662,2022,RF,MP,1.37,17009
kommun,0662,2022,RF,C,7.54,17009
kommun,0662,2022,RF,L,3.27,17009
kommun,0662,2022,RF,KD,8.8,17009
kommun,0662,2022,RF,M,17.98,17009
kommun,0662,2022,RF,SD,18.17,17009
kommun,0665,2014,KF,V,7.27,8506
kommun,0665,2014,KF,S,32.14,8506
kommun,0665,2014,KF,MP,5.07,8506
kommun,0665,2014,KF,C,9.7,8506
kommun,0665,2014,KF,L,5.88,8506
kommun,0665,2014,KF,KD,11.46,8506
kommun,0665,2014,KF,M,16.96,8506
kommun,0665,2014,KF,SD,10.46,8506
kommun,0665,2014,RD,V,3.5,8525
kommun,0665,2014,RD,S,34.26,8525
kommun,0665,2014,RD,MP,4.06,8525
kommun,0665,2014,RD,C,8.01,8525
kommun,0665,2014,RD,L,3.06,8525
kommun,0665,2014,RD,KD,11.88,8525
kommun,0665,2014,RD,M,17.84,8525
kommun,0665,2014,RD,SD,15.47,8525
kommun,0665,2014,RF,V,5.12,8402
kommun,0665,2014,RF,S,36.17,8402
kommun,0665,2014,RF,MP,4.09,8402
kommun,0665,2014,RF,C,9.28,8402
kommun,0665,2014,RF,L,3.86,8402
kommun,0665,2014,RF,KD,13.62,8402
kommun,0665,2014,RF,M,16.26,8402
kommun,0665,2014,RF,SD,10.76,8402
kommun,0665,2018,KF,V,2.89,8802
kommun,0665,2018,KF,S,27.61,8802
kommun,0665,2018,KF,MP,3.39,8802
kommun,0665,2018,KF,C,11.99,8802
kommun,0665,2018,KF,L,6.91,8802
kommun,0665,2018,KF,KD,11.4,8802
kommun,0665,2018,KF,M,16.73,8802
kommun,0665,2018,KF,SD,13.22,8802
kommun,0665,2018,RD,V,4.16,8813
kommun,0665,2018,RD,S,29.33,8813
kommun,0665,2018,RD,MP,2.64,8813
kommun,0665,2018,RD,C,10.35,8813
kommun,0665,2018,RD,L,3.59,8813
kommun,0665,2018,RD,KD,13.05,8813
kommun,0665,2018,RD,M,15.26,8813
kommun,0665,2018,RD,SD,20.38,8813
kommun,0665,2018,RF,V,3.59,8692
kommun,0665,2018,RF,S,28.46,8692
kommun,0665,2018,RF,MP,2.69,8692
kommun,0665,2018,RF,C,10.16,8692
kommun,0665,2018,RF,L,4.23,8692
kommun,0665,2018,RF,KD,12.53,8692
kommun,0665,2018,RF,M,14.43,8692
kommun,0665,2018,RF,SD,13.84,8692
kommun,0665,2022,KF,V,3.09,9180
kommun,0665,2022,KF,S,29.92,9180
kommun,0665,2022,KF,MP,1.54,9180
kommun,0665,2022,KF,C,9.75,9180
kommun,0665,2022,KF,L,5.48,9180
kommun,0665,2022,KF,KD,10.42,9180
kommun,0665,2022,KF,M,17.98,9180
kommun,0665,2022,KF,SD,16.18,9180
kommun,0665,2022,RD,V,3.32,9138
kommun,0665,2022,RD,S,29.81,9138
kommun,0665,2022,RD,MP,2.51,9138
kommun,0665,2022,RD,C,7.54,9138
kommun,0665,2022,RD,L,3.47,9138
kommun,0665,2022,RD,KD,10.29,9138
kommun,0665,2022,RD,M,16.36,9138
kommun,0665,2022,RD,SD,25.1,9138
kommun,0665,2022,RF,V,4.01,9123
kommun,0665,2022,RF,S,29.24,9123
kommun,0665,2022,RF,MP,1.49,9123
kommun,0665,2022,RF,C,7.23,9123
kommun,0665,2022,RF,L,3.6,9123
kommun,0665,2022,RF,KD,12.05,9123
kommun,0665,2022,RF,M,15.08,9123
kommun,0665,2022,RF,SD,17.81,9123
kommun,0680,2014,KF,V,5.64,85907
kommun,0680,2014,KF,S,32.25,85907
kommun,0680,2014,KF,MP,7.25,85907
kommun,0680,2014,KF,C,6.92,85907
kommun,0680,2014,KF,L,4.6,85907
kommun,0680,2014,KF,KD,12.44,85907
kommun,0680,2014,KF,M,20.55,85907
kommun,0680,2014,KF,SD,9.61,85907
kommun,0680,2014,RD,V,4.6,86829
kommun,0680,2014,RD,S,30.49,86829
kommun,0680,2014,RD,MP,6.83,86829
kommun,0680,2014,RD,C,5.8,86829
kommun,0680,2014,RD,L,4.18,86829
kommun,0680,2014,RD,KD,11.11,86829
kommun,0680,2014,RD,M,21.91,86829
kommun,0680,2014,RD,SD,12.54,86829
kommun,0680,2014,RF,V,5.93,85599
kommun,0680,2014,RF,S,33.26,85599
kommun,0680,2014,RF,MP,6.83,85599
kommun,0680,2014,RF,C,6.26,85599
kommun,0680,2014,RF,L,4.45,85599
kommun,0680,2014,RF,KD,13.33,85599
kommun,0680,2014,RF,M,20.01,85599
kommun,0680,2014,RF,SD,9.33,85599
kommun,0680,2018,KF,V,5.82,89656
kommun,0680,2018,KF,S,28.11,89656
kommun,0680,2018,KF,MP,4.88,89656
kommun,0680,2018,KF,C,8.43,89656
kommun,0680,2018,KF,L,5.0,89656
kommun,0680,2018,KF,KD,16.31,89656
kommun,0680,2018,KF,M,16.25,89656
kommun,0680,2018,KF,SD,12.53,89656
kommun,0680,2018,RD,V,5.91,90129
kommun,0680,2018,RD,S,27.62,90129
kommun,0680,2018,RD,MP,4.16,90129
kommun,0680,2018,RD,C,9.21,90129
kommun,0680,2018,RD,L,4.64,90129
kommun,0680,2018,RD,KD,12.25,90129
kommun,0680,2018,RD,M,18.62,90129
kommun,0680,2018,RD,SD,16.38,90129
kommun,0680,2018,RF,V,6.44,89334
kommun,0680,2018,RF,S,28.12,89334
kommun,0680,2018,RF,MP,4.51,89334
kommun,0680,2018,RF,C,8.58,89334
kommun,0680,2018,RF,L,4.68,89334
kommun,0680,2018,RF,KD,15.4,89334
kommun,0680,2018,RF,M,16.94,89334
kommun,0680,2018,RF,SD,12.41,89334
kommun,0680,2022,KF,V,6.22,89762
kommun,0680,2022,KF,S,28.85,89762
kommun,0680,2022,KF,MP,3.57,89762
kommun,0680,2022,KF,C,8.41,89762
kommun,0680,2022,KF,L,4.09,89762
kommun,0680,2022,KF,KD,14.48,89762
kommun,0680,2022,KF,M,17.78,89762
kommun,0680,2022,KF,SD,15.27,89762
kommun,0680,2022,RD,V,4.8,90470
kommun,0680,2022,RD,S,29.87,90470
kommun,0680,2022,RD,MP,4.19,90470
kommun,0680,2022,RD,C,7.55,90470
kommun,0680,2022,RD,L,4.42,90470
kommun,0680,2022,RD,KD,9.07,90470
kommun,0680,2022,RD,M,19.41,90470
kommun,0680,2022,RD,SD,19.41,90470
kommun,0680,2022,RF,V,7.0,89591
kommun,0680,2022,RF,S,28.16,89591
kommun,0680,2022,RF,MP,2.99,89591
kommun,0680,2022,RF,C,6.84,89591
kommun,0680,2022,RF,L,3.92,89591
kommun,0680,2022,RF,KD,13.62,89591
kommun,0680,2022,RF,M,17.2,89591
kommun,0680,2022,RF,SD,15.04,89591
kommun,0682,2014,KF,V,2.98,19243
kommun,0682,2014,KF,S,28.23,19243
kommun,0682,2014,KF,MP,7.05,19243
kommun,0682,2014,KF,C,7.08,19243
kommun,0682,2014,KF,L,3.24,19243
kommun,0682,2014,KF,KD,12.69,19243
kommun,0682,2014,KF,M,12.71,19243
kommun,0682,2014,KF,SD,19.31,19243
kommun,0682,2014,RD,V,4.13,19218
kommun,0682,2014,RD,S,33.83,19218
kommun,0682,2014,RD,MP,5.15,19218
kommun,0682,2014,RD,C,7.02,19218
kommun,0682,2014,RD,L,2.83,19218
kommun,0682,2014,RD,KD,9.19,19218
kommun,0682,2014,RD,M,16.67,19218
kommun,0682,2014,RD,SD,19.32,19218
kommun,0682,2014,RF,V,5.05,18981
kommun,0682,2014,RF,S,35.04,18981
kommun,0682,2014,RF,MP,5.63,18981
kommun,0682,2014,RF,C,7.18,18981
kommun,0682,2014,RF,L,2.99,18981
kommun,0682,2014,RF,KD,12.85,18981
kommun,0682,2014,RF,M,15.04,18981
kommun,0682,2014,RF,SD,15.77,18981
kommun,0682,2018,KF,V,4.03,19788
kommun,0682,2018,KF,S,26.36,19788
kommun,0682,2018,KF,MP,4.26,19788
kommun,0682,2018,KF,C,8.16,19788
kommun,0682,2018,KF,L,6.04,19788
kommun,0682,2018,KF,KD,13.83,19788
kommun,0682,2018,KF,M,11.97,19788
kommun,0682,2018,KF,SD,20.51,19788
kommun,0682,2018,RD,V,5.4,19397
kommun,0682,2018,RD,S,29.38,19397
kommun,0682,2018,RD,MP,2.87,19397
kommun,0682,2018,RD,C,8.42,19397
kommun,0682,2018,RD,L,3.46,19397
kommun,0682,2018,RD,KD,10.77,19397
kommun,0682,2018,RD,M,15.41,19397
kommun,0682,2018,RD,SD,22.91,19397
kommun,0682,2018,RF,V,5.13,19729
kommun,0682,2018,RF,S,27.31,19729
kommun,0682,2018,RF,MP,2.87,19729
kommun,0682,2018,RF,C,7.69,19729
kommun,0682,2018,RF,L,3.74,19729
kommun,0682,2018,RF,KD,11.56,19729
kommun,0682,2018,RF,M,12.61,19729
kommun,0682,2018,RF,SD,17.49,19729
kommun,0682,2022,KF,V,3.94,19359
kommun,0682,2022,KF,S,25.66,19359
kommun,0682,2022,KF,MP,2.34,19359
kommun,0682,2022,KF,C,6.04,19359
kommun,0682,2022,KF,L,5.71,19359
kommun,0682,2022,KF,KD,10.98,19359
kommun,0682,2022,KF,M,12.91,19359
kommun,0682,2022,KF,SD,27.4,19359
kommun,0682,2022,RD,V,4.04,19250
kommun,0682,2022,RD,S,29.99,19250
kommun,0682,2022,RD,MP,3.04,19250
kommun,0682,2022,RD,C,6.2,19250
kommun,0682,2022,RD,L,3.21,19250
kommun,0682,2022,RD,KD,8.4,19250
kommun,0682,2022,RD,M,15.88,19250
kommun,0682,2022,RD,SD,27.97,19250
kommun,0682,2022,RF,V,4.9,19269
kommun,0682,2022,RF,S,24.99,19269
kommun,0682,2022,RF,MP,2.65,19269
kommun,0682,2022,RF,C,5.67,19269
kommun,0682,2022,RF,L,3.08,19269
kommun,0682,2022,RF,KD,10.4,19269
kommun,0682,2022,RF,M,13.25,19269
kommun,0682,2022,RF,SD,22.81,19269
kommun,0683,2014,KF,V,3.62,21651
kommun,0683,2014,KF,S,34.58,21651
kommun,0683,2014,KF,MP,4.69,21651
kommun,0683,2014,KF,C,15.89,21651
kommun,0683,2014,KF,L,2.48,21651
kommun,0683,2014,KF,KD,10.67,21651
kommun,0683,2014,KF,M,15.93,21651
kommun,0683,2014,KF,SD,11.62,21651
kommun,0683,2014,RD,V,2.99,21824
kommun,0683,2014,RD,S,33.78,21824
kommun,0683,2014,RD,MP,4.13,21824
kommun,0683,2014,RD,C,10.92,21824
kommun,0683,2014,RD,L,2.95,21824
kommun,0683,2014,RD,KD,9.78,21824
kommun,0683,2014,RD,M,20.39,21824
kommun,0683,2014,RD,SD,13.41,21824
kommun,0683,2014,RF,V,3.43,21464
kommun,0683,2014,RF,S,36.04,21464
kommun,0683,2014,RF,MP,3.98,21464
kommun,0683,2014,RF,C,12.55,21464
kommun,0683,2014,RF,L,3.85,21464
kommun,0683,2014,RF,KD,12.38,21464
kommun,0683,2014,RF,M,16.71,21464
kommun,0683,2014,RF,SD,10.62,21464
kommun,0683,2018,KF,V,3.1,22284
kommun,0683,2018,KF,S,28.34,22284
kommun,0683,2018,KF,MP,2.75,22284
kommun,0683,2018,KF,C,20.27,22284
kommun,0683,2018,KF,L,4.19,22284
kommun,0683,2018,KF,KD,10.54,22284
kommun,0683,2018,KF,M,16.14,22284
kommun,0683,2018,KF,SD,14.56,22284
kommun,0683,2018,RD,V,3.75,22268
kommun,0683,2018,RD,S,28.45,22268
kommun,0683,2018,RD,MP,2.54,22268
kommun,0683,2018,RD,C,12.59,22268
kommun,0683,2018,RD,L,3.58,22268
kommun,0683,2018,RD,KD,11.55,22268
kommun,0683,2018,RD,M,18.1,22268
kommun,0683,2018,RD,SD,18.4,22268
kommun,0683,2018,RF,V,2.92,22319
kommun,0683,2018,RF,S,22.29,22319
kommun,0683,2018,RF,MP,1.84,22319
kommun,0683,2018,RF,C,10.6,22319
kommun,0683,2018,RF,L,2.71,22319
kommun,0683,2018,RF,KD,7.28,22319
kommun,0683,2018,RF,M,12.09,22319
kommun,0683,2018,RF,SD,11.57,22319
kommun,0683,2022,KF,V,4.02,21916
kommun,0683,2022,KF,S,26.84,21916
kommun,0683,2022,KF,MP,1.89,21916
kommun,0683,2022,KF,C,16.39,21916
kommun,0683,2022,KF,L,2.98,21916
kommun,0683,2022,KF,KD,10.34,21916
kommun,0683,2022,KF,M,20.61,21916
kommun,0683,2022,KF,SD,16.7,21916
kommun,0683,2022,RD,V,3.5,21958
kommun,0683,2022,RD,S,29.24,21958
kommun,0683,2022,RD,MP,2.4,21958
kommun,0683,2022,RD,C,8.44,21958
kommun,0683,2022,RD,L,3.33,21958
kommun,0683,2022,RD,KD,9.09,21958
kommun,0683,2022,RD,M,20.77,21958
kommun,0683,2022,RD,SD,22.18,21958
kommun,0683,2022,RF,V,3.95,21800
kommun,0683,2022,RF,S,23.13,21800
kommun,0683,2022,RF,MP,1.56,21800
kommun,0683,2022,RF,C,8.72,21800
kommun,0683,2022,RF,L,2.24,21800
kommun,0683,2022,RF,KD,9.23,21800
kommun,0683,2022,RF,M,17.05,21800
kommun,0683,2022,RF,SD,14.82,21800
kommun,0684,2014,KF,V,2.82,6960
kommun,0684,2014,KF,S,26.55,6960
kommun,0684,2014,KF,MP,1.57,6960
kommun,0684,2014,KF,C,12.73,6960
kommun,0684,2014,KF,L,1.7,6960
kommun,0684,2014,KF,KD,23.23,6960
kommun,0684,2014,KF,M,17.26,6960
kommun,0684,2014,KF,SD,13.71,6960
kommun,0684,2014,RD,V,2.7,6993
kommun,0684,2014,RD,S,27.44,6993
kommun,0684,2014,RD,MP,2.63,6993
kommun,0684,2014,RD,C,11.53,6993
kommun,0684,2014,RD,L,2.27,6993
kommun,0684,2014,RD,KD,15.26,6993
kommun,0684,2014,RD,M,17.85,6993
kommun,0684,2014,RD,SD,18.73,6993
kommun,0684,2014,RF,V,3.28,6894
kommun,0684,2014,RF,S,27.97,6894
kommun,0684,2014,RF,MP,2.55,6894
kommun,0684,2014,RF,C,13.52,6894
kommun,0684,2014,RF,L,2.22,6894
kommun,0684,2014,RF,KD,17.48,6894
kommun,0684,2014,RF,M,19.71,6894
kommun,0684,2014,RF,SD,12.55,6894
kommun,0684,2018,KF,V,3.28,7164
kommun,0684,2018,KF,S,22.0,7164
kommun,0684,2018,KF,MP,0.1,7164
kommun,0684,2018,KF,C,10.86,7164
kommun,0684,2018,KF,L,1.68,7164
kommun,0684,2018,KF,KD,29.37,7164
kommun,0684,2018,KF,M,17.04,7164
kommun,0684,2018,KF,SD,15.26,7164
kommun,0684,2018,RD,V,3.17,7028
kommun,0684,2018,RD,S,22.05,7028
kommun,0684,2018,RD,MP,1.66,7028
kommun,0684,2018,RD,C,9.89,7028
kommun,0684,2018,RD,L,2.36,7028
kommun,0684,2018,RD,KD,17.94,7028
kommun,0684,2018,RD,M,16.42,7028
kommun,0684,2018,RD,SD,25.55,7028
kommun,0684,2018,RF,V,3.15,7112
kommun,0684,2018,RF,S,21.32,7112
kommun,0684,2018,RF,MP,1.52,7112
kommun,0684,2018,RF,C,10.0,7112
kommun,0684,2018,RF,L,1.88,7112
kommun,0684,2018,RF,KD,19.07,7112
kommun,0684,2018,RF,M,14.95,7112
kommun,0684,2018,RF,SD,16.18,7112
kommun,0684,2022,KF,V,2.76,7167
kommun,0684,2022,KF,S,20.75,7167
kommun,0684,2022,KF,MP,0.32,7167
kommun,0684,2022,KF,C,7.52,7167
kommun,0684,2022,KF,L,0.5,7167
kommun,0684,2022,KF,KD,31.32,7167
kommun,0684,2022,KF,M,21.78,7167
kommun,0684,2022,KF,SD,14.16,7167
kommun,0684,2022,RD,V,3.02,7119
kommun,0684,2022,RD,S,22.52,7119
kommun,0684,2022,RD,MP,1.59,7119
kommun,0684,2022,RD,C,6.91,7119
kommun,0684,2022,RD,L,2.22,7119
kommun,0684,2022,RD,KD,14.76,7119
kommun,0684,2022,RD,M,17.26,7119
kommun,0684,2022,RD,SD,29.67,7119
kommun,0684,2022,RF,V,3.12,7085
kommun,0684,2022,RF,S,20.47,7085
kommun,0684,2022,RF,MP,0.97,7085
kommun,0684,2022,RF,C,6.08,7085
kommun,0684,2022,RF,L,1.34,7085
kommun,0684,2022,RF,KD,20.24,7085
kommun,0684,2022,RF,M,15.02,7085
kommun,0684,2022,RF,SD,17.83,7085
kommun,0685,2014,KF,V,4.36,17213
kommun,0685,2014,KF,S,25.76,17213
kommun,0685,2014,KF,MP,3.79,17213
kommun,0685,2014,KF,C,11.38,17213
kommun,0685,2014,KF,L,4.65,17213
kommun,0685,2014,KF,KD,9.18,17213
kommun,0685,2014,KF,M,11.14,17213
kommun,0685,2014,KF,SD,8.37,17213
kommun,0685,2014,RD,V,3.49,17403
kommun,0685,2014,RD,S,32.07,17403
kommun,0685,2014,RD,MP,4.07,17403
kommun,0685,2014,RD,C,11.03,17403
kommun,0685,2014,RD,L,3.5,17403
kommun,0685,2014,RD,KD,9.28,17403
kommun,0685,2014,RD,M,18.32,17403
kommun,0685,2014,RD,SD,16.42,17403
kommun,0685,2014,RF,V,5.02,16898
kommun,0685,2014,RF,S,34.71,16898
kommun,0685,2014,RF,MP,3.87,16898
kommun,0685,2014,RF,C,13.74,16898
kommun,0685,2014,RF,L,4.19,16898
kommun,0685,2014,RF,KD,11.15,16898
kommun,0685,2014,RF,M,15.66,16898
kommun,0685,2014,RF,SD,11.04,16898
kommun,0685,2018,KF,V,3.28,17799
kommun,0685,2018,KF,S,26.14,17799
kommun,0685,2018,KF,MP,1.29,17799
kommun,0685,2018,KF,C,10.79,17799
kommun,0685,2018,KF,L,3.03,17799
kommun,0685,2018,KF,KD,10.27,17799
kommun,0685,2018,KF,M,15.38,17799
kommun,0685,2018,KF,SD,11.49,17799
kommun,0685,2018,RD,V,3.91,17711
kommun,0685,2018,RD,S,27.81,17711
kommun,0685,2018,RD,MP,2.13,17711
kommun,0685,2018,RD,C,10.94,17711
kommun,0685,2018,RD,L,3.48,17711
kommun,0685,2018,RD,KD,11.57,17711
kommun,0685,2018,RD,M,16.93,17711
kommun,0685,2018,RD,SD,22.14,17711
kommun,0685,2018,RF,V,4.09,17585
kommun,0685,2018,RF,S,25.69,17585
kommun,0685,2018,RF,MP,2.18,17585
kommun,0685,2018,RF,C,11.52,17585
kommun,0685,2018,RF,L,3.14,17585
kommun,0685,2018,RF,KD,11.64,17585
kommun,0685,2018,RF,M,15.33,17585
kommun,0685,2018,RF,SD,13.73,17585
kommun,0685,2022,KF,V,3.02,17313
kommun,0685,2022,KF,S,24.42,17313
kommun,0685,2022,KF,MP,0.99,17313
kommun,0685,2022,KF,C,8.02,17313
kommun,0685,2022,KF,L,2.32,17313
kommun,0685,2022,KF,KD,9.6,17313
kommun,0685,2022,KF,M,13.68,17313
kommun,0685,2022,KF,SD,14.09,17313
kommun,0685,2022,RD,V,2.98,17408
kommun,0685,2022,RD,S,27.5,17408
kommun,0685,2022,RD,MP,2.35,17408
kommun,0685,2022,RD,C,7.64,17408
kommun,0685,2022,RD,L,2.9,17408
kommun,0685,2022,RD,KD,9.64,17408
kommun,0685,2022,RD,M,17.71,17408
kommun,0685,2022,RD,SD,27.88,17408
kommun,0685,2022,RF,V,4.34,17130
kommun,0685,2022,RF,S,24.55,17130
kommun,0685,2022,RF,MP,1.38,17130
kommun,0685,2022,RF,C,7.01,17130
kommun,0685,2022,RF,L,2.26,17130
kommun,0685,2022,RF,KD,11.76,17130
kommun,0685,2022,RF,M,15.42,17130
kommun,0685,2022,RF,SD,17.89,17130
kommun,0686,2014,KF,V,1.27,10960
kommun,0686,2014,KF,S,31.78,10960
kommun,0686,2014,KF,MP,6.28,10960
kommun,0686,2014,KF,C,21.43,10960
kommun,0686,2014,KF,L,3.04,10960
kommun,0686,2014,KF,KD,7.37,10960
kommun,0686,2014,KF,M,19.64,10960
kommun,0686,2014,KF,SD,8.63,10960
kommun,0686,2014,RD,V,3.42,11143
kommun,0686,2014,RD,S,30.86,11143
kommun,0686,2014,RD,MP,5.41,11143
kommun,0686,2014,RD,C,11.24,11143
kommun,0686,2014,RD,L,4.26,11143
kommun,0686,2014,RD,KD,8.6,11143
kommun,0686,2014,RD,M,20.48,11143
kommun,0686,2014,RD,SD,13.25,11143
kommun,0686,2014,RF,V,4.02,10858
kommun,0686,2014,RF,S,33.95,10858
kommun,0686,2014,RF,MP,4.95,10858
kommun,0686,2014,RF,C,18.47,10858
kommun,0686,2014,RF,L,3.88,10858
kommun,0686,2014,RF,KD,8.34,10858
kommun,0686,2014,RF,M,17.28,10858
kommun,0686,2014,RF,SD,8.54,10858
kommun,0686,2018,KF,V,5.12,11300
kommun,0686,2018,KF,S,27.56,11300
kommun,0686,2018,KF,MP,3.67,11300
kommun,0686,2018,KF,C,19.93,11300
kommun,0686,2018,KF,L,4.05,11300
kommun,0686,2018,KF,KD,8.61,11300
kommun,0686,2018,KF,M,18.06,11300
kommun,0686,2018,KF,SD,12.32,11300
kommun,0686,2018,RD,V,4.73,11294
kommun,0686,2018,RD,S,26.69,11294
kommun,0686,2018,RD,MP,3.16,11294
kommun,0686,2018,RD,C,12.42,11294
kommun,0686,2018,RD,L,4.37,11294
kommun,0686,2018,RD,KD,10.54,11294
kommun,0686,2018,RD,M,16.96,11294
kommun,0686,2018,RD,SD,19.6,11294
kommun,0686,2018,RF,V,3.67,11326
kommun,0686,2018,RF,S,19.08,11326
kommun,0686,2018,RF,MP,2.2,11326
kommun,0686,2018,RF,C,11.54,11326
kommun,0686,2018,RF,L,2.22,11326
kommun,0686,2018,RF,KD,7.25,11326
kommun,0686,2018,RF,M,10.07,11326
kommun,0686,2018,RF,SD,10.15,11326
kommun,0686,2022,KF,V,4.55,11367
kommun,0686,2022,KF,S,29.95,11367
kommun,0686,2022,KF,MP,2.32,11367
kommun,0686,2022,KF,C,16.32,11367
kommun,0686,2022,KF,L,3.63,11367
kommun,0686,2022,KF,KD,6.99,11367
kommun,0686,2022,KF,M,20.3,11367
kommun,0686,2022,KF,SD,15.65,11367
kommun,0686,2022,RD,V,3.61,11457
kommun,0686,2022,RD,S,28.49,11457
kommun,0686,2022,RD,MP,3.02,11457
kommun,0686,2022,RD,C,9.07,11457
kommun,0686,2022,RD,L,3.81,11457
kommun,0686,2022,RD,KD,7.96,11457
kommun,0686,2022,RD,M,17.79,11457
kommun,0686,2022,RD,SD,24.36,11457
kommun,0686,2022,RF,V,3.97,11372
kommun,0686,2022,RF,S,21.89,11372
kommun,0686,2022,RF,MP,1.5,11372
kommun,0686,2022,RF,C,8.32,11372
kommun,0686,2022,RF,L,2.42,11372
kommun,0686,2022,RF,KD,6.85,11372
kommun,0686,2022,RF,M,12.54,11372
kommun,0686,2022,RF,SD,13.95,11372
kommun,0687,2014,KF,V,3.64,12282
kommun,0687,2014,KF,S,34.79,12282
kommun,0687,2014,KF,MP,5.96,12282
kommun,0687,2014,KF,C,7.34,12282
kommun,0687,2014,KF,L,4.95,12282
kommun,0687,2014,KF,KD,7.34,12282
kommun,0687,2014,KF,M,20.45,12282
kommun,0687,2014,KF,SD,15.29,12282
kommun,0687,2014,RD,V,3.96,12308
kommun,0687,2014,RD,S,36.08,12308
kommun,0687,2014,RD,MP,5.52,12308
kommun,0687,2014,RD,C,6.44,12308
kommun,0687,2014,RD,L,3.75,12308
kommun,0687,2014,RD,KD,7.67,12308
kommun,0687,2014,RD,M,18.95,12308
kommun,0687,2014,RD,SD,15.48,12308
kommun,0687,2014,RF,V,4.57,12045
kommun,0687,2014,RF,S,38.16,12045
kommun,0687,2014,RF,MP,6.11,12045
kommun,0687,2014,RF,C,6.58,12045
kommun,0687,2014,RF,L,4.33,12045
kommun,0687,2014,RF,KD,9.15,12045
kommun,0687,2014,RF,M,18.21,12045
kommun,0687,2014,RF,SD,12.5,12045
kommun,0687,2018,KF,V,4.96,12370
kommun,0687,2018,KF,S,29.94,12370
kommun,0687,2018,KF,MP,4.27,12370
kommun,0687,2018,KF,C,7.87,12370
kommun,0687,2018,KF,L,4.96,12370
kommun,0687,2018,KF,KD,7.53,12370
kommun,0687,2018,KF,M,20.76,12370
kommun,0687,2018,KF,SD,19.58,12370
kommun,0687,2018,RD,V,5.35,12279
kommun,0687,2018,RD,S,31.67,12279
kommun,0687,2018,RD,MP,3.09,12279
kommun,0687,2018,RD,C,9.18,12279
kommun,0687,2018,RD,L,3.98,12279
kommun,0687,2018,RD,KD,9.15,12279
kommun,0687,2018,RD,M,16.7,12279
kommun,0687,2018,RD,SD,19.49,12279
kommun,0687,2018,RF,V,5.35,12216
kommun,0687,2018,RF,S,30.88,12216
kommun,0687,2018,RF,MP,3.5,12216
kommun,0687,2018,RF,C,8.15,12216
kommun,0687,2018,RF,L,4.35,12216
kommun,0687,2018,RF,KD,9.59,12216
kommun,0687,2018,RF,M,16.63,12216
kommun,0687,2018,RF,SD,16.55,12216
kommun,0687,2022,KF,V,3.26,11973
kommun,0687,2022,KF,S,33.27,11973
kommun,0687,2022,KF,MP,4.15,11973
kommun,0687,2022,KF,C,7.27,11973
kommun,0687,2022,KF,L,3.27,11973
kommun,0687,2022,KF,KD,6.44,11973
kommun,0687,2022,KF,M,21.01,11973
kommun,0687,2022,KF,SD,20.81,11973
kommun,0687,2022,RD,V,3.72,12009
kommun,0687,2022,RD,S,33.87,12009
kommun,0687,2022,RD,MP,3.19,12009
kommun,0687,2022,RD,C,6.34,12009
kommun,0687,2022,RD,L,3.43,12009
kommun,0687,2022,RD,KD,6.93,12009
kommun,0687,2022,RD,M,18.23,12009
kommun,0687,2022,RD,SD,23.17,12009
kommun,0687,2022,RF,V,4.23,11819
kommun,0687,2022,RF,S,32.17,11819
kommun,0687,2022,RF,MP,2.93,11819
kommun,0687,2022,RF,C,5.96,11819
kommun,0687,2022,RF,L,3.21,11819
kommun,0687,2022,RF,KD,8.03,11819
kommun,0687,2022,RF,M,16.98,11819
kommun,0687,2022,RF,SD,18.55,11819
kommun,0760,2014,KF,V,4.46,5759
kommun,0760,2014,KF,S,29.73,5759
kommun,0760,2014,KF,MP,2.76,5759
kommun,0760,2014,KF,C,26.9,5759
kommun,0760,2014,KF,L,1.77,5759
kommun,0760,2014,KF,KD,2.88,5759
kommun,0760,2014,KF,M,9.52,5759
kommun,0760,2014,KF,SD,15.35,5759
kommun,0760,2014,RD,V,4.19,5707
kommun,0760,2014,RD,S,33.38,5707
kommun,0760,2014,RD,MP,2.94,5707
kommun,0760,2014,RD,C,13.21,5707
kommun,0760,2014,RD,L,2.72,5707
kommun,0760,2014,RD,KD,3.71,5707
kommun,0760,2014,RD,M,17.68,5707
kommun,0760,2014,RD,SD,20.01,5707
kommun,0760,2014,RF,V,6.52,5644
kommun,0760,2014,RF,S,36.69,5644
kommun,0760,2014,RF,MP,3.26,5644
kommun,0760,2014,RF,C,18.25,5644
kommun,0760,2014,RF,L,3.14,5644
kommun,0760,2014,RF,KD,4.78,5644
kommun,0760,2014,RF,M,14.19,5644
kommun,0760,2014,RF,SD,13.0,5644
kommun,0760,2018,KF,V,5.65,5915
kommun,0760,2018,KF,S,33.68,5915
kommun,0760,2018,KF,MP,0.98,5915
kommun,0760,2018,KF,C,18.73,5915
kommun,0760,2018,KF,L,1.74,5915
kommun,0760,2018,KF,KD,3.48,5915
kommun,0760,2018,KF,M,10.5,5915
kommun,0760,2018,KF,SD,18.55,5915
kommun,0760,2018,RD,V,5.88,5735
kommun,0760,2018,RD,S,28.82,5735
kommun,0760,2018,RD,MP,1.69,5735
kommun,0760,2018,RD,C,11.87,5735
kommun,0760,2018,RD,L,2.21,5735
kommun,0760,2018,RD,KD,7.34,5735
kommun,0760,2018,RD,M,14.61,5735
kommun,0760,2018,RD,SD,26.24,5735
kommun,0760,2018,RF,V,6.91,5799
kommun,0760,2018,RF,S,31.25,5799
kommun,0760,2018,RF,MP,1.48,5799
kommun,0760,2018,RF,C,16.0,5799
kommun,0760,2018,RF,L,2.55,5799
kommun,0760,2018,RF,KD,6.57,5799
kommun,0760,2018,RF,M,14.49,5799
kommun,0760,2018,RF,SD,18.97,5799
kommun,0760,2022,KF,V,7.34,5753
kommun,0760,2022,KF,S,24.87,5753
kommun,0760,2022,KF,MP,0.49,5753
kommun,0760,2022,KF,C,11.85,5753
kommun,0760,2022,KF,L,1.06,5753
kommun,0760,2022,KF,KD,6.64,5753
kommun,0760,2022,KF,M,16.34,5753
kommun,0760,2022,KF,SD,25.41,5753
kommun,0760,2022,RD,V,4.14,5586
kommun,0760,2022,RD,S,27.57,5586
kommun,0760,2022,RD,MP,2.17,5586
kommun,0760,2022,RD,C,6.53,5586
kommun,0760,2022,RD,L,2.27,5586
kommun,0760,2022,RD,KD,7.77,5586
kommun,0760,2022,RD,M,16.34,5586
kommun,0760,2022,RD,SD,31.72,5586
kommun,0760,2022,RF,V,6.76,5636
kommun,0760,2022,RF,S,29.21,5636
kommun,0760,2022,RF,MP,1.21,5636
kommun,0760,2022,RF,C,8.78,5636
kommun,0760,2022,RF,L,3.34,5636
kommun,0760,2022,RF,KD,8.64,5636
kommun,0760,2022,RF,M,16.23,5636
kommun,0760,2022,RF,SD,25.55,5636
kommun,0761,2014,KF,V,6.83,5111
kommun,0761,2014,KF,S,42.42,5111
kommun,0761,2014,KF,MP,3.93,5111
kommun,0761,2014,KF,C,13.38,5111
kommun,0761,2014,KF,L,1.62,5111
kommun,0761,2014,KF,KD,1.12,5111
kommun,0761,2014,KF,M,16.73,5111
kommun,0761,2014,KF,SD,13.58,5111
kommun,0761,2014,RD,V,5.76,5014
kommun,0761,2014,RD,S,41.5,5014
kommun,0761,2014,RD,MP,4.59,5014
kommun,0761,2014,RD,C,6.84,5014
kommun,0761,2014,RD,L,2.05,5014
kommun,0761,2014,RD,KD,2.43,5014
kommun,0761,2014,RD,M,16.29,5014
kommun,0761,2014,RD,SD,17.99,5014
kommun,0761,2014,RF,V,7.92,5073
kommun,0761,2014,RF,S,45.67,5073
kommun,0761,2014,RF,MP,4.49,5073
kommun,0761,2014,RF,C,8.34,5073
kommun,0761,2014,RF,L,2.52,5073
kommun,0761,2014,RF,KD,2.94,5073
kommun,0761,2014,RF,M,15.47,5073
kommun,0761,2014,RF,SD,12.16,5073
kommun,0761,2018,KF,V,6.6,5288
kommun,0761,2018,KF,S,41.66,5288
kommun,0761,2018,KF,MP,2.89,5288
kommun,0761,2018,KF,C,13.77,5288
kommun,0761,2018,KF,L,1.13,5288
kommun,0761,2018,KF,KD,3.52,5288
kommun,0761,2018,KF,M,15.56,5288
kommun,0761,2018,KF,SD,14.37,5288
kommun,0761,2018,RD,V,7.15,4962
kommun,0761,2018,RD,S,38.35,4962
kommun,0761,2018,RD,MP,2.48,4962
kommun,0761,2018,RD,C,7.26,4962
kommun,0761,2018,RD,L,2.54,4962
kommun,0761,2018,RD,KD,5.44,4962
kommun,0761,2018,RD,M,13.62,4962
kommun,0761,2018,RD,SD,22.13,4962
kommun,0761,2018,RF,V,7.76,5207
kommun,0761,2018,RF,S,41.69,5207
kommun,0761,2018,RF,MP,2.73,5207
kommun,0761,2018,RF,C,9.3,5207
kommun,0761,2018,RF,L,2.67,5207
kommun,0761,2018,RF,KD,4.88,5207
kommun,0761,2018,RF,M,15.77,5207
kommun,0761,2018,RF,SD,14.63,5207
kommun,0761,2022,KF,V,7.58,5143
kommun,0761,2022,KF,S,35.21,5143
kommun,0761,2022,KF,MP,1.5,5143
kommun,0761,2022,KF,C,8.42,5143
kommun,0761,2022,KF,L,0.31,5143
kommun,0761,2022,KF,KD,7.8,5143
kommun,0761,2022,KF,M,23.66,5143
kommun,0761,2022,KF,SD,15.17,5143
kommun,0761,2022,RD,V,6.71,5007
kommun,0761,2022,RD,S,36.39,5007
kommun,0761,2022,RD,MP,2.48,5007
kommun,0761,2022,RD,C,4.65,5007
kommun,0761,2022,RD,L,1.62,5007
kommun,0761,2022,RD,KD,5.91,5007
kommun,0761,2022,RD,M,15.46,5007
kommun,0761,2022,RD,SD,25.62,5007
kommun,0761,2022,RF,V,8.65,5085
kommun,0761,2022,RF,S,38.58,5085
kommun,0761,2022,RF,MP,1.3,5085
kommun,0761,2022,RF,C,5.0,5085
kommun,0761,2022,RF,L,1.91,5085
kommun,0761,2022,RF,KD,8.16,5085
kommun,0761,2022,RF,M,19.17,5085
kommun,0761,2022,RF,SD,16.7,5085
kommun,0763,2014,KF,V,3.8,7940
kommun,0763,2014,KF,S,30.54,7940
kommun,0763,2014,KF,MP,3.06,7940
kommun,0763,2014,KF,C,23.59,7940
kommun,0763,2014,KF,L,1.59,7940
kommun,0763,2014,KF,KD,3.51,7940
kommun,0763,2014,KF,M,18.21,7940
kommun,0763,2014,KF,SD,11.65,7940
kommun,0763,2014,RD,V,3.63,7952
kommun,0763,2014,RD,S,31.24,7952
kommun,0763,2014,RD,MP,2.77,7952
kommun,0763,2014,RD,C,13.13,7952
kommun,0763,2014,RD,L,2.23,7952
kommun,0763,2014,RD,KD,4.35,7952
kommun,0763,2014,RD,M,20.3,7952
kommun,0763,2014,RD,SD,20.42,7952
kommun,0763,2014,RF,V,5.66,7752
kommun,0763,2014,RF,S,34.09,7752
kommun,0763,2014,RF,MP,3.56,7752
kommun,0763,2014,RF,C,17.62,7752
kommun,0763,2014,RF,L,2.32,7752
kommun,0763,2014,RF,KD,4.85,7752
kommun,0763,2014,RF,M,20.45,7752
kommun,0763,2014,RF,SD,11.02,7752
kommun,0763,2018,KF,V,4.83,8070
kommun,0763,2018,KF,S,30.19,8070
kommun,0763,2018,KF,MP,0.76,8070
kommun,0763,2018,KF,C,21.36,8070
kommun,0763,2018,KF,L,1.15,8070
kommun,0763,2018,KF,KD,7.53,8070
kommun,0763,2018,KF,M,13.84,8070
kommun,0763,2018,KF,SD,15.5,8070
kommun,0763,2018,RD,V,4.82,7881
kommun,0763,2018,RD,S,27.32,7881
kommun,0763,2018,RD,MP,2.0,7881
kommun,0763,2018,RD,C,11.65,7881
kommun,0763,2018,RD,L,1.79,7881
kommun,0763,2018,RD,KD,8.36,7881
kommun,0763,2018,RD,M,15.65,7881
kommun,0763,2018,RD,SD,27.1,7881
kommun,0763,2018,RF,V,5.41,7875
kommun,0763,2018,RF,S,30.2,7875
kommun,0763,2018,RF,MP,1.9,7875
kommun,0763,2018,RF,C,16.0,7875
kommun,0763,2018,RF,L,1.79,7875
kommun,0763,2018,RF,KD,8.84,7875
kommun,0763,2018,RF,M,18.04,7875
kommun,0763,2018,RF,SD,16.85,7875
kommun,0763,2022,KF,V,4.51,7800
kommun,0763,2022,KF,S,30.14,7800
kommun,0763,2022,KF,MP,0.63,7800
kommun,0763,2022,KF,C,12.73,7800
kommun,0763,2022,KF,L,0.78,7800
kommun,0763,2022,KF,KD,7.87,7800
kommun,0763,2022,KF,M,17.64,7800
kommun,0763,2022,KF,SD,25.05,7800
kommun,0763,2022,RD,V,3.91,7745
kommun,0763,2022,RD,S,27.28,7745
kommun,0763,2022,RD,MP,2.41,7745
kommun,0763,2022,RD,C,6.39,7745
kommun,0763,2022,RD,L,2.07,7745
kommun,0763,2022,RD,KD,8.37,7745
kommun,0763,2022,RD,M,15.44,7745
kommun,0763,2022,RD,SD,32.78,7745
kommun,0763,2022,RF,V,5.55,7694
kommun,0763,2022,RF,S,30.52,7694
kommun,0763,2022,RF,MP,1.42,7694
kommun,0763,2022,RF,C,8.55,7694
kommun,0763,2022,RF,L,2.68,7694
kommun,0763,2022,RF,KD,10.24,7694
kommun,0763,2022,RF,M,16.45,7694
kommun,0763,2022,RF,SD,24.04,7694
kommun,0764,2014,KF,V,4.08,12070
kommun,0764,2014,KF,S,28.77,12070
kommun,0764,2014,KF,MP,3.49,12070
kommun,0764,2014,KF,C,14.89,12070
kommun,0764,2014,KF,L,1.74,12070
kommun,0764,2014,KF,KD,3.12,12070
kommun,0764,2014,KF,M,19.7,12070
kommun,0764,2014,KF,SD,14.44,12070
kommun,0764,2014,RD,V,4.07,12114
kommun,0764,2014,RD,S,31.02,12114
kommun,0764,2014,RD,MP,3.49,12114
kommun,0764,2014,RD,C,10.61,12114
kommun,0764,2014,RD,L,2.41,12114
kommun,0764,2014,RD,KD,4.2,12114
kommun,0764,2014,RD,M,20.48,12114
kommun,0764,2014,RD,SD,21.55,12114
kommun,0764,2014,RF,V,6.57,11950
kommun,0764,2014,RF,S,34.09,11950
kommun,0764,2014,RF,MP,3.61,11950
kommun,0764,2014,RF,C,14.71,11950
kommun,0764,2014,RF,L,2.49,11950
kommun,0764,2014,RF,KD,4.59,11950
kommun,0764,2014,RF,M,19.61,11950
kommun,0764,2014,RF,SD,13.97,11950
kommun,0764,2018,KF,V,4.87,12608
kommun,0764,2018,KF,S,27.48,12608
kommun,0764,2018,KF,MP,2.08,12608
kommun,0764,2018,KF,C,13.4,12608
kommun,0764,2018,KF,L,2.19,12608
kommun,0764,2018,KF,KD,3.93,12608
kommun,0764,2018,KF,M,19.81,12608
kommun,0764,2018,KF,SD,14.49,12608
kommun,0764,2018,RD,V,5.0,12331
kommun,0764,2018,RD,S,28.64,12331
kommun,0764,2018,RD,MP,2.61,12331
kommun,0764,2018,RD,C,9.12,12331
kommun,0764,2018,RD,L,2.85,12331
kommun,0764,2018,RD,KD,7.43,12331
kommun,0764,2018,RD,M,17.77,12331
kommun,0764,2018,RD,SD,25.14,12331
kommun,0764,2018,RF,V,6.37,12488
kommun,0764,2018,RF,S,30.74,12488
kommun,0764,2018,RF,MP,2.26,12488
kommun,0764,2018,RF,C,12.56,12488
kommun,0764,2018,RF,L,2.66,12488
kommun,0764,2018,RF,KD,7.24,12488
kommun,0764,2018,RF,M,21.6,12488
kommun,0764,2018,RF,SD,15.71,12488
kommun,0764,2022,KF,V,4.29,12329
kommun,0764,2022,KF,S,27.09,12329
kommun,0764,2022,KF,MP,1.78,12329
kommun,0764,2022,KF,C,11.16,12329
kommun,0764,2022,KF,L,1.98,12329
kommun,0764,2022,KF,KD,5.26,12329
kommun,0764,2022,KF,M,19.81,12329
kommun,0764,2022,KF,SD,16.24,12329
kommun,0764,2022,RD,V,4.13,12226
kommun,0764,2022,RD,S,28.99,12226
kommun,0764,2022,RD,MP,2.6,12226
kommun,0764,2022,RD,C,6.25,12226
kommun,0764,2022,RD,L,2.39,12226
kommun,0764,2022,RD,KD,7.29,12226
kommun,0764,2022,RD,M,17.95,12226
kommun,0764,2022,RD,SD,28.4,12226
kommun,0764,2022,RF,V,6.23,12168
kommun,0764,2022,RF,S,30.69,12168
kommun,0764,2022,RF,MP,1.9,12168
kommun,0764,2022,RF,C,8.51,12168
kommun,0764,2022,RF,L,3.81,12168
kommun,0764,2022,RF,KD,8.47,12168
kommun,0764,2022,RF,M,21.01,12168
kommun,0764,2022,RF,SD,18.75,12168
kommun,0765,2014,KF,V,5.06,9990
kommun,0765,2014,KF,S,36.78,9990
kommun,0765,2014,KF,MP,4.87,9990
kommun,0765,2014,KF,C,18.87,9990
kommun,0765,2014,KF,L,2.99,9990
kommun,0765,2014,KF,KD,4.78,9990
kommun,0765,2014,KF,M,17.95,9990
kommun,0765,2014,KF,SD,8.47,9990
kommun,0765,2014,RD,V,3.36,10018
kommun,0765,2014,RD,S,33.54,10018
kommun,0765,2014,RD,MP,5.22,10018
kommun,0765,2014,RD,C,9.98,10018
kommun,0765,2014,RD,L,3.13,10018
kommun,0765,2014,RD,KD,5.12,10018
kommun,0765,2014,RD,M,22.47,10018
kommun,0765,2014,RD,SD,14.95,10018
kommun,0765,2014,RF,V,5.53,9863
kommun,0765,2014,RF,S,37.28,9863
kommun,0765,2014,RF,MP,5.64,9863
kommun,0765,2014,RF,C,13.4,9863
kommun,0765,2014,RF,L,3.07,9863
kommun,0765,2014,RF,KD,5.72,9863
kommun,0765,2014,RF,M,19.83,9863
kommun,0765,2014,RF,SD,9.28,9863
kommun,0765,2018,KF,V,5.1,10326
kommun,0765,2018,KF,S,29.71,10326
kommun,0765,2018,KF,MP,2.91,10326
kommun,0765,2018,KF,C,22.33,10326
kommun,0765,2018,KF,L,3.98,10326
kommun,0765,2018,KF,KD,5.25,10326
kommun,0765,2018,KF,M,18.25,10326
kommun,0765,2018,KF,SD,11.08,10326
kommun,0765,2018,RD,V,4.84,10067
kommun,0765,2018,RD,S,29.56,10067
kommun,0765,2018,RD,MP,2.98,10067
kommun,0765,2018,RD,C,11.14,10067
kommun,0765,2018,RD,L,3.38,10067
kommun,0765,2018,RD,KD,7.05,10067
kommun,0765,2018,RD,M,18.66,10067
kommun,0765,2018,RD,SD,21.34,10067
kommun,0765,2018,RF,V,5.31,10176
kommun,0765,2018,RF,S,31.7,10176
kommun,0765,2018,RF,MP,3.12,10176
kommun,0765,2018,RF,C,14.69,10176
kommun,0765,2018,RF,L,4.0,10176
kommun,0765,2018,RF,KD,6.95,10176
kommun,0765,2018,RF,M,20.44,10176
kommun,0765,2018,RF,SD,12.91,10176
kommun,0765,2022,KF,V,4.82,10481
kommun,0765,2022,KF,S,35.09,10481
kommun,0765,2022,KF,MP,2.16,10481
kommun,0765,2022,KF,C,15.36,10481
kommun,0765,2022,KF,L,1.87,10481
kommun,0765,2022,KF,KD,4.71,10481
kommun,0765,2022,KF,M,21.88,10481
kommun,0765,2022,KF,SD,13.48,10481
kommun,0765,2022,RD,V,3.9,10247
kommun,0765,2022,RD,S,31.86,10247
kommun,0765,2022,RD,MP,2.94,10247
kommun,0765,2022,RD,C,6.58,10247
kommun,0765,2022,RD,L,2.65,10247
kommun,0765,2022,RD,KD,6.94,10247
kommun,0765,2022,RD,M,19.38,10247
kommun,0765,2022,RD,SD,24.49,10247
kommun,0765,2022,RF,V,5.59,10346
kommun,0765,2022,RF,S,33.9,10346
kommun,0765,2022,RF,MP,2.2,10346
kommun,0765,2022,RF,C,11.08,10346
kommun,0765,2022,RF,L,3.19,10346
kommun,0765,2022,RF,KD,7.69,10346
kommun,0765,2022,RF,M,20.98,10346
kommun,0765,2022,RF,SD,14.86,10346
kommun,0767,2014,KF,V,1.8,6042
kommun,0767,2014,KF,S,27.67,6042
kommun,0767,2014,KF,MP,3.49,6042
kommun,0767,2014,KF,C,6.29,6042
kommun,0767,2014,KF,L,0.28,6042
kommun,0767,2014,KF,KD,44.94,6042
kommun,0767,2014,KF,M,5.45,6042
kommun,0767,2014,KF,SD,9.76,6042
kommun,0767,2014,RD,V,2.41,5939
kommun,0767,2014,RD,S,34.48,5939
kommun,0767,2014,RD,MP,3.49,5939
kommun,0767,2014,RD,C,7.46,5939
kommun,0767,2014,RD,L,1.7,5939
kommun,0767,2014,RD,KD,7.43,5939
kommun,0767,2014,RD,M,19.63,5939
kommun,0767,2014,RD,SD,21.1,5939
kommun,0767,2014,RF,V,3.68,5784
kommun,0767,2014,RF,S,37.62,5784
kommun,0767,2014,RF,MP,3.34,5784
kommun,0767,2014,RF,C,8.52,5784
kommun,0767,2014,RF,L,1.71,5784
kommun,0767,2014,RF,KD,13.92,5784
kommun,0767,2014,RF,M,18.62,5784
kommun,0767,2014,RF,SD,12.28,5784
kommun,0767,2018,KF,V,1.91,6178
kommun,0767,2018,KF,S,23.71,6178
kommun,0767,2018,KF,MP,1.99,6178
kommun,0767,2018,KF,C,5.99,6178
kommun,0767,2018,KF,L,0.23,6178
kommun,0767,2018,KF,KD,39.32,6178
kommun,0767,2018,KF,M,6.69,6178
kommun,0767,2018,KF,SD,18.6,6178
kommun,0767,2018,RD,V,3.13,5973
kommun,0767,2018,RD,S,27.04,5973
kommun,0767,2018,RD,MP,1.57,5973
kommun,0767,2018,RD,C,6.23,5973
kommun,0767,2018,RD,L,1.82,5973
kommun,0767,2018,RD,KD,10.58,5973
kommun,0767,2018,RD,M,16.51,5973
kommun,0767,2018,RD,SD,31.53,5973
kommun,0767,2018,RF,V,3.35,5967
kommun,0767,2018,RF,S,29.08,5967
kommun,0767,2018,RF,MP,1.89,5967
kommun,0767,2018,RF,C,7.98,5967
kommun,0767,2018,RF,L,1.81,5967
kommun,0767,2018,RF,KD,14.71,5967
kommun,0767,2018,RF,M,18.35,5967
kommun,0767,2018,RF,SD,21.59,5967
kommun,0767,2022,KF,V,2.67,6071
kommun,0767,2022,KF,S,24.69,6071
kommun,0767,2022,KF,MP,0.92,6071
kommun,0767,2022,KF,C,4.58,6071
kommun,0767,2022,KF,L,0.26,6071
kommun,0767,2022,KF,KD,37.75,6071
kommun,0767,2022,KF,M,8.35,6071
kommun,0767,2022,KF,SD,20.24,6071
kommun,0767,2022,RD,V,3.2,5969
kommun,0767,2022,RD,S,27.06,5969
kommun,0767,2022,RD,MP,1.46,5969
kommun,0767,2022,RD,C,3.95,5969
kommun,0767,2022,RD,L,1.81,5969
kommun,0767,2022,RD,KD,9.62,5969
kommun,0767,2022,RD,M,15.48,5969
kommun,0767,2022,RD,SD,35.78,5969
kommun,0767,2022,RF,V,4.08,5914
kommun,0767,2022,RF,S,29.95,5914
kommun,0767,2022,RF,MP,1.0,5914
kommun,0767,2022,RF,C,4.7,5914
kommun,0767,2022,RF,L,1.74,5914
kommun,0767,2022,RF,KD,16.66,5914
kommun,0767,2022,RF,M,16.77,5914
kommun,0767,2022,RF,SD,24.35,5914
kommun,0780,2014,KF,V,7.29,56317
kommun,0780,2014,KF,S,32.3,56317
kommun,0780,2014,KF,MP,7.03,56317
kommun,0780,2014,KF,C,8.19,56317
kommun,0780,2014,KF,L,3.65,56317
kommun,0780,2014,KF,KD,3.57,56317
kommun,0780,2014,KF,M,28.58,56317
kommun,0780,2014,KF,SD,7.55,56317
kommun,0780,2014,RD,V,5.2,56319
kommun,0780,2014,RD,S,31.29,56319
kommun,0780,2014,RD,MP,7.19,56319
kommun,0780,2014,RD,C,7.65,56319
kommun,0780,2014,RD,L,4.29,56319
kommun,0780,2014,RD,KD,4.98,56319
kommun,0780,2014,RD,M,24.01,56319
kommun,0780,2014,RD,SD,12.23,56319
kommun,0780,2014,RF,V,9.61,55988
kommun,0780,2014,RF,S,33.99,55988
kommun,0780,2014,RF,MP,7.05,55988
kommun,0780,2014,RF,C,8.17,55988
kommun,0780,2014,RF,L,4.72,55988
kommun,0780,2014,RF,KD,5.0,55988
kommun,0780,2014,RF,M,23.61,55988
kommun,0780,2014,RF,SD,7.24,55988
kommun,0780,2018,KF,V,8.18,59713
kommun,0780,2018,KF,S,30.71,59713
kommun,0780,2018,KF,MP,4.16,59713
kommun,0780,2018,KF,C,7.53,59713
kommun,0780,2018,KF,L,4.26,59713
kommun,0780,2018,KF,KD,5.68,59713
kommun,0780,2018,KF,M,29.53,59713
kommun,0780,2018,KF,SD,8.68,59713
kommun,0780,2018,RD,V,7.19,59550
kommun,0780,2018,RD,S,30.01,59550
kommun,0780,2018,RD,MP,4.16,59550
kommun,0780,2018,RD,C,9.15,59550
kommun,0780,2018,RD,L,4.43,59550
kommun,0780,2018,RD,KD,7.18,59550
kommun,0780,2018,RD,M,21.37,59550
kommun,0780,2018,RD,SD,15.38,59550
kommun,0780,2018,RF,V,8.89,59361
kommun,0780,2018,RF,S,31.08,59361
kommun,0780,2018,RF,MP,3.7,59361
kommun,0780,2018,RF,C,9.03,59361
kommun,0780,2018,RF,L,5.03,59361
kommun,0780,2018,RF,KD,7.16,59361
kommun,0780,2018,RF,M,25.43,59361
kommun,0780,2018,RF,SD,8.73,59361
kommun,0780,2022,KF,V,8.19,60595
kommun,0780,2022,KF,S,34.9,60595
kommun,0780,2022,KF,MP,3.14,60595
kommun,0780,2022,KF,C,5.63,60595
kommun,0780,2022,KF,L,3.62,60595
kommun,0780,2022,KF,KD,5.23,60595
kommun,0780,2022,KF,M,27.3,60595
kommun,0780,2022,KF,SD,11.1,60595
kommun,0780,2022,RD,V,6.03,60608
kommun,0780,2022,RD,S,32.53,60608
kommun,0780,2022,RD,MP,4.55,60608
kommun,0780,2022,RD,C,6.28,60608
kommun,0780,2022,RD,L,4.0,60608
kommun,0780,2022,RD,KD,5.83,60608
kommun,0780,2022,RD,M,21.43,60608
kommun,0780,2022,RD,SD,17.86,60608
kommun,0780,2022,RF,V,9.38,60269
kommun,0780,2022,RF,S,35.39,60269
kommun,0780,2022,RF,MP,2.63,60269
kommun,0780,2022,RF,C,5.48,60269
kommun,0780,2022,RF,L,5.47,60269
kommun,0780,2022,RF,KD,7.11,60269
kommun,0780,2022,RF,M,23.05,60269
kommun,0780,2022,RF,SD,11.01,60269
kommun,0781,2014,KF,V,7.16,17568
kommun,0781,2014,KF,S,30.15,17568
kommun,0781,2014,KF,MP,3.47,17568
kommun,0781,2014,KF,C,14.0,17568
kommun,0781,2014,KF,L,3.3,17568
kommun,0781,2014,KF,KD,4.46,17568
kommun,0781,2014,KF,M,19.91,17568
kommun,0781,2014,KF,SD,10.79,17568
kommun,0781,2014,RD,V,4.19,17712
kommun,0781,2014,RD,S,33.42,17712
kommun,0781,2014,RD,MP,4.16,17712
kommun,0781,2014,RD,C,10.23,17712
kommun,0781,2014,RD,L,3.11,17712
kommun,0781,2014,RD,KD,5.83,17712
kommun,0781,2014,RD,M,20.27,17712
kommun,0781,2014,RD,SD,16.4,17712
kommun,0781,2014,RF,V,7.87,17287
kommun,0781,2014,RF,S,34.61,17287
kommun,0781,2014,RF,MP,3.85,17287
kommun,0781,2014,RF,C,13.08,17287
kommun,0781,2014,RF,L,4.32,17287
kommun,0781,2014,RF,KD,6.37,17287
kommun,0781,2014,RF,M,18.6,17287
kommun,0781,2014,RF,SD,10.89,17287
kommun,0781,2018,KF,V,5.76,18115
kommun,0781,2018,KF,S,25.33,18115
kommun,0781,2018,KF,MP,2.45,18115
kommun,0781,2018,KF,C,11.82,18115
kommun,0781,2018,KF,L,2.56,18115
kommun,0781,2018,KF,KD,5.25,18115
kommun,0781,2018,KF,M,25.65,18115
kommun,0781,2018,KF,SD,15.83,18115
kommun,0781,2018,RD,V,4.9,18071
kommun,0781,2018,RD,S,28.31,18071
kommun,0781,2018,RD,MP,2.48,18071
kommun,0781,2018,RD,C,9.34,18071
kommun,0781,2018,RD,L,3.05,18071
kommun,0781,2018,RD,KD,8.48,18071
kommun,0781,2018,RD,M,18.62,18071
kommun,0781,2018,RD,SD,23.4,18071
kommun,0781,2018,RF,V,5.66,17856
kommun,0781,2018,RF,S,28.27,17856
kommun,0781,2018,RF,MP,2.07,17856
kommun,0781,2018,RF,C,11.59,17856
kommun,0781,2018,RF,L,4.36,17856
kommun,0781,2018,RF,KD,7.4,17856
kommun,0781,2018,RF,M,23.63,17856
kommun,0781,2018,RF,SD,16.14,17856
kommun,0781,2022,KF,V,5.46,17642
kommun,0781,2022,KF,S,25.08,17642
kommun,0781,2022,KF,MP,2.15,17642
kommun,0781,2022,KF,C,8.72,17642
kommun,0781,2022,KF,L,0.71,17642
kommun,0781,2022,KF,KD,6.78,17642
kommun,0781,2022,KF,M,28.35,17642
kommun,0781,2022,KF,SD,19.38,17642
kommun,0781,2022,RD,V,3.75,17604
kommun,0781,2022,RD,S,28.96,17604
kommun,0781,2022,RD,MP,2.53,17604
kommun,0781,2022,RD,C,5.6,17604
kommun,0781,2022,RD,L,2.45,17604
kommun,0781,2022,RD,KD,7.74,17604
kommun,0781,2022,RD,M,19.4,17604
kommun,0781,2022,RD,SD,28.27,17604
kommun,0781,2022,RF,V,5.58,17484
kommun,0781,2022,RF,S,28.05,17484
kommun,0781,2022,RF,MP,1.49,17484
kommun,0781,2022,RF,C,7.16,17484
kommun,0781,2022,RF,L,3.48,17484
kommun,0781,2022,RF,KD,8.74,17484
kommun,0781,2022,RF,M,23.67,17484
kommun,0781,2022,RF,SD,19.33,17484
kommun,0821,2014,KF,V,2.2,3689
kommun,0821,2014,KF,S,38.0,3689
kommun,0821,2014,KF,MP,3.39,3689
kommun,0821,2014,KF,C,22.39,3689
kommun,0821,2014,KF,L,1.25,3689
kommun,0821,2014,KF,KD,7.75,3689
kommun,0821,2014,KF,M,8.51,3689
kommun,0821,2014,KF,SD,15.91,3689
kommun,0821,2014,RD,V,4.13,3628
kommun,0821,2014,RD,S,39.31,3628
kommun,0821,2014,RD,MP,2.26,3628
kommun,0821,2014,RD,C,10.64,3628
kommun,0821,2014,RD,L,1.9,3628
kommun,0821,2014,RD,KD,5.35,3628
kommun,0821,2014,RD,M,14.66,3628
kommun,0821,2014,RD,SD,19.87,3628
kommun,0821,2014,RF,V,3.83,3651
kommun,0821,2014,RF,S,42.15,3651
kommun,0821,2014,RF,MP,2.74,3651
kommun,0821,2014,RF,C,13.12,3651
kommun,0821,2014,RF,L,1.59,3651
kommun,0821,2014,RF,KD,10.19,3651
kommun,0821,2014,RF,M,10.55,3651
kommun,0821,2014,RF,SD,15.45,3651
kommun,0821,2018,KF,V,3.35,3615
kommun,0821,2018,KF,S,32.95,3615
kommun,0821,2018,KF,MP,0.58,3615
kommun,0821,2018,KF,C,20.11,3615
kommun,0821,2018,KF,L,0.44,3615
kommun,0821,2018,KF,KD,9.02,3615
kommun,0821,2018,KF,M,10.93,3615
kommun,0821,2018,KF,SD,22.41,3615
kommun,0821,2018,RD,V,5.28,3466
kommun,0821,2018,RD,S,31.82,3466
kommun,0821,2018,RD,MP,1.53,3466
kommun,0821,2018,RD,C,9.78,3466
kommun,0821,2018,RD,L,1.53,3466
kommun,0821,2018,RD,KD,7.56,3466
kommun,0821,2018,RD,M,14.97,3466
kommun,0821,2018,RD,SD,26.69,3466
kommun,0821,2018,RF,V,4.31,3571
kommun,0821,2018,RF,S,35.28,3571
kommun,0821,2018,RF,MP,1.34,3571
kommun,0821,2018,RF,C,13.61,3571
kommun,0821,2018,RF,L,1.71,3571
kommun,0821,2018,RF,KD,10.81,3571
kommun,0821,2018,RF,M,11.03,3571
kommun,0821,2018,RF,SD,21.25,3571
kommun,0821,2022,KF,V,3.7,3409
kommun,0821,2022,KF,S,30.54,3409
kommun,0821,2022,KF,MP,0.44,3409
kommun,0821,2022,KF,C,16.13,3409
kommun,0821,2022,KF,L,0.32,3409
kommun,0821,2022,KF,KD,15.64,3409
kommun,0821,2022,KF,M,10.97,3409
kommun,0821,2022,KF,SD,21.68,3409
kommun,0821,2022,RD,V,3.93,3304
kommun,0821,2022,RD,S,30.78,3304
kommun,0821,2022,RD,MP,1.85,3304
kommun,0821,2022,RD,C,7.69,3304
kommun,0821,2022,RD,L,1.24,3304
kommun,0821,2022,RD,KD,10.71,3304
kommun,0821,2022,RD,M,11.77,3304
kommun,0821,2022,RD,SD,30.66,3304
kommun,0821,2022,RF,V,4.43,3388
kommun,0821,2022,RF,S,32.44,3388
kommun,0821,2022,RF,MP,1.51,3388
kommun,0821,2022,RF,C,10.68,3388
kommun,0821,2022,RF,L,0.86,3388
kommun,0821,2022,RF,KD,14.94,3388
kommun,0821,2022,RF,M,11.13,3388
kommun,0821,2022,RF,SD,23.47,3388
kommun,0834,2014,KF,V,2.73,4721
kommun,0834,2014,KF,S,31.52,4721
kommun,0834,2014,KF,MP,3.45,4721
kommun,0834,2014,KF,C,27.39,4721
kommun,0834,2014,KF,L,5.63,4721
kommun,0834,2014,KF,KD,3.28,4721
kommun,0834,2014,KF,M,7.73,4721
kommun,0834,2014,KF,SD,17.9,4721
kommun,0834,2014,RD,V,3.17,4727
kommun,0834,2014,RD,S,33.47,4727
kommun,0834,2014,RD,MP,3.22,4727
kommun,0834,2014,RD,C,13.73,4727
kommun,0834,2014,RD,L,3.41,4727
kommun,0834,2014,RD,KD,4.08,4727
kommun,0834,2014,RD,M,16.08,4727
kommun,0834,2014,RD,SD,20.77,4727
kommun,0834,2014,RF,V,3.61,4657
kommun,0834,2014,RF,S,37.9,4657
kommun,0834,2014,RF,MP,3.26,4657
kommun,0834,2014,RF,C,18.12,4657
kommun,0834,2014,RF,L,3.97,4657
kommun,0834,2014,RF,KD,5.26,4657
kommun,0834,2014,RF,M,11.6,4657
kommun,0834,2014,RF,SD,15.8,4657
kommun,0834,2018,KF,V,3.67,4767
kommun,0834,2018,KF,S,31.34,4767
kommun,0834,2018,KF,MP,1.05,4767
kommun,0834,2018,KF,C,23.49,4767
kommun,0834,2018,KF,L,4.91,4767
kommun,0834,2018,KF,KD,4.55,4767
kommun,0834,2018,KF,M,7.15,4767
kommun,0834,2018,KF,SD,20.75,4767
kommun,0834,2018,RD,V,4.43,4721
kommun,0834,2018,RD,S,28.68,4721
kommun,0834,2018,RD,MP,2.08,4721
kommun,0834,2018,RD,C,11.99,4721
kommun,0834,2018,RD,L,2.86,4721
kommun,0834,2018,RD,KD,7.37,4721
kommun,0834,2018,RD,M,12.73,4721
kommun,0834,2018,RD,SD,28.77,4721
kommun,0834,2018,RF,V,4.57,4703
kommun,0834,2018,RF,S,31.94,4703
kommun,0834,2018,RF,MP,2.32,4703
kommun,0834,2018,RF,C,15.65,4703
kommun,0834,2018,RF,L,3.49,4703
kommun,0834,2018,RF,KD,7.53,4703
kommun,0834,2018,RF,M,11.14,4703
kommun,0834,2018,RF,SD,22.37,4703
kommun,0834,2022,KF,V,4.4,4746
kommun,0834,2022,KF,S,28.82,4746
kommun,0834,2022,KF,MP,2.42,4746
kommun,0834,2022,KF,C,17.34,4746
kommun,0834,2022,KF,L,3.5,4746
kommun,0834,2022,KF,KD,4.53,4746
kommun,0834,2022,KF,M,10.2,4746
kommun,0834,2022,KF,SD,28.53,4746
kommun,0834,2022,RD,V,3.79,4748
kommun,0834,2022,RD,S,26.45,4748
kommun,0834,2022,RD,MP,2.78,4748
kommun,0834,2022,RD,C,7.1,4748
kommun,0834,2022,RD,L,2.76,4748
kommun,0834,2022,RD,KD,7.46,4748
kommun,0834,2022,RD,M,14.3,4748
kommun,0834,2022,RD,SD,34.1,4748
kommun,0834,2022,RF,V,5.06,4708
kommun,0834,2022,RF,S,29.57,4708
kommun,0834,2022,RF,MP,1.85,4708
kommun,0834,2022,RF,C,10.15,4708
kommun,0834,2022,RF,L,2.46,4708
kommun,0834,2022,RF,KD,7.9,4708
kommun,0834,2022,RF,M,13.25,4708
kommun,0834,2022,RF,SD,29.31,4708
kommun,0840,2014,KF,V,3.92,9946
kommun,0840,2014,KF,S,30.47,9946
kommun,0840,2014,KF,MP,5.3,9946
kommun,0840,2014,KF,C,12.01,9946
kommun,0840,2014,KF,L,2.79,9946
kommun,0840,2014,KF,KD,2.3,9946
kommun,0840,2014,KF,M,31.66,9946
kommun,0840,2014,KF,SD,10.21,9946
kommun,0840,2014,RD,V,3.75,10127
kommun,0840,2014,RD,S,29.35,10127
kommun,0840,2014,RD,MP,5.54,10127
kommun,0840,2014,RD,C,9.7,10127
kommun,0840,2014,RD,L,4.08,10127
kommun,0840,2014,RD,KD,4.52,10127
kommun,0840,2014,RD,M,24.81,10127
kommun,0840,2014,RD,SD,15.17,10127
kommun,0840,2014,RF,V,4.85,9884
kommun,0840,2014,RF,S,35.51,9884
kommun,0840,2014,RF,MP,4.98,9884
kommun,0840,2014,RF,C,10.13,9884
kommun,0840,2014,RF,L,3.61,9884
kommun,0840,2014,RF,KD,5.17,9884
kommun,0840,2014,RF,M,25.31,9884
kommun,0840,2014,RF,SD,10.1,9884
kommun,0840,2018,KF,V,5.08,10251
kommun,0840,2018,KF,S,28.48,10251
kommun,0840,2018,KF,MP,2.6,10251
kommun,0840,2018,KF,C,18.37,10251
kommun,0840,2018,KF,L,3.11,10251
kommun,0840,2018,KF,KD,4.01,10251
kommun,0840,2018,KF,M,22.49,10251
kommun,0840,2018,KF,SD,13.73,10251
kommun,0840,2018,RD,V,5.91,10367
kommun,0840,2018,RD,S,27.13,10367
kommun,0840,2018,RD,MP,4.03,10367
kommun,0840,2018,RD,C,11.22,10367
kommun,0840,2018,RD,L,3.92,10367
kommun,0840,2018,RD,KD,7.32,10367
kommun,0840,2018,RD,M,18.53,10367
kommun,0840,2018,RD,SD,20.58,10367
kommun,0840,2018,RF,V,5.76,10112
kommun,0840,2018,RF,S,30.86,10112
kommun,0840,2018,RF,MP,3.36,10112
kommun,0840,2018,RF,C,14.25,10112
kommun,0840,2018,RF,L,4.35,10112
kommun,0840,2018,RF,KD,8.61,10112
kommun,0840,2018,RF,M,17.61,10112
kommun,0840,2018,RF,SD,14.54,10112
kommun,0840,2022,KF,V,5.64,10792
kommun,0840,2022,KF,S,31.94,10792
kommun,0840,2022,KF,MP,1.46,10792
kommun,0840,2022,KF,C,13.18,10792
kommun,0840,2022,KF,L,2.76,10792
kommun,0840,2022,KF,KD,5.82,10792
kommun,0840,2022,KF,M,25.15,10792
kommun,0840,2022,KF,SD,13.3,10792
kommun,0840,2022,RD,V,4.13,10961
kommun,0840,2022,RD,S,29.6,10961
kommun,0840,2022,RD,MP,4.72,10961
kommun,0840,2022,RD,C,7.63,10961
kommun,0840,2022,RD,L,3.49,10961
kommun,0840,2022,RD,KD,7.48,10961
kommun,0840,2022,RD,M,19.45,10961
kommun,0840,2022,RD,SD,22.74,10961
kommun,0840,2022,RF,V,6.44,10700
kommun,0840,2022,RF,S,32.21,10700
kommun,0840,2022,RF,MP,2.8,10700
kommun,0840,2022,RF,C,9.91,10700
kommun,0840,2022,RF,L,3.13,10700
kommun,0840,2022,RF,KD,9.29,10700
kommun,0840,2022,RF,M,20.71,10700
kommun,0840,2022,RF,SD,15.04,10700
kommun,0860,2014,KF,V,7.16,8787
kommun,0860,2014,KF,S,34.92,8787
kommun,0860,2014,KF,MP,2.0,8787
kommun,0860,2014,KF,C,24.67,8787
kommun,0860,2014,KF,L,2.86,8787
kommun,0860,2014,KF,KD,7.67,8787
kommun,0860,2014,KF,M,8.74,8787
kommun,0860,2014,KF,SD,11.68,8787
kommun,0860,2014,RD,V,4.13,8767
kommun,0860,2014,RD,S,39.56,8767
kommun,0860,2014,RD,MP,2.7,8767
kommun,0860,2014,RD,C,10.9,8767
kommun,0860,2014,RD,L,2.08,8767
kommun,0860,2014,RD,KD,6.62,8767
kommun,0860,2014,RD,M,14.29,8767
kommun,0860,2014,RD,SD,17.59,8767
kommun,0860,2014,RF,V,5.71,8664
kommun,0860,2014,RF,S,39.74,8664
kommun,0860,2014,RF,MP,2.7,8664
kommun,0860,2014,RF,C,12.34,8664
kommun,0860,2014,RF,L,2.53,8664
kommun,0860,2014,RF,KD,16.87,8664
kommun,0860,2014,RF,M,8.89,8664
kommun,0860,2014,RF,SD,10.77,8664
kommun,0860,2018,KF,V,8.2,8965
kommun,0860,2018,KF,S,26.72,8965
kommun,0860,2018,KF,MP,1.03,8965
kommun,0860,2018,KF,C,33.47,8965
kommun,0860,2018,KF,L,1.34,8965
kommun,0860,2018,KF,KD,8.15,8965
kommun,0860,2018,KF,M,8.51,8965
kommun,0860,2018,KF,SD,12.39,8965
kommun,0860,2018,RD,V,5.89,8661
kommun,0860,2018,RD,S,33.61,8661
kommun,0860,2018,RD,MP,1.58,8661
kommun,0860,2018,RD,C,10.62,8661
kommun,0860,2018,RD,L,1.84,8661
kommun,0860,2018,RD,KD,9.38,8661
kommun,0860,2018,RD,M,13.87,8661
kommun,0860,2018,RD,SD,21.83,8661
kommun,0860,2018,RF,V,6.17,8829
kommun,0860,2018,RF,S,33.74,8829
kommun,0860,2018,RF,MP,1.51,8829
kommun,0860,2018,RF,C,14.28,8829
kommun,0860,2018,RF,L,1.52,8829
kommun,0860,2018,RF,KD,19.56,8829
kommun,0860,2018,RF,M,9.39,8829
kommun,0860,2018,RF,SD,13.27,8829
kommun,0860,2022,KF,V,6.34,8563
kommun,0860,2022,KF,S,24.65,8563
kommun,0860,2022,KF,MP,0.51,8563
kommun,0860,2022,KF,C,31.95,8563
kommun,0860,2022,KF,L,0.27,8563
kommun,0860,2022,KF,KD,13.8,8563
kommun,0860,2022,KF,M,8.13,8563
kommun,0860,2022,KF,SD,13.58,8563
kommun,0860,2022,RD,V,4.61,8445
kommun,0860,2022,RD,S,33.64,8445
kommun,0860,2022,RD,MP,1.8,8445
kommun,0860,2022,RD,C,7.34,8445
kommun,0860,2022,RD,L,1.94,8445
kommun,0860,2022,RD,KD,10.23,8445
kommun,0860,2022,RD,M,12.43,8445
kommun,0860,2022,RD,SD,26.3,8445
kommun,0860,2022,RF,V,5.65,8471
kommun,0860,2022,RF,S,33.97,8471
kommun,0860,2022,RF,MP,1.13,8471
kommun,0860,2022,RF,C,11.05,8471
kommun,0860,2022,RF,L,1.13,8471
kommun,0860,2022,RF,KD,21.73,8471
kommun,0860,2022,RF,M,9.17,8471
kommun,0860,2022,RF,SD,15.57,8471
kommun,0861,2014,KF,V,3.43,8817
kommun,0861,2014,KF,S,35.37,8817
kommun,0861,2014,KF,MP,2.27,8817
kommun,0861,2014,KF,C,40.72,8817
kommun,0861,2014,KF,L,1.54,8817
kommun,0861,2014,KF,KD,2.72,8817
kommun,0861,2014,KF,M,3.98,8817
kommun,0861,2014,KF,SD,9.2,8817
kommun,0861,2014,RD,V,4.48,8830
kommun,0861,2014,RD,S,39.06,8830
kommun,0861,2014,RD,MP,3.06,8830
kommun,0861,2014,RD,C,9.65,8830
kommun,0861,2014,RD,L,2.38,8830
kommun,0861,2014,RD,KD,4.26,8830
kommun,0861,2014,RD,M,16.92,8830
kommun,0861,2014,RD,SD,18.35,8830
kommun,0861,2014,RF,V,5.98,8611
kommun,0861,2014,RF,S,44.07,8611
kommun,0861,2014,RF,MP,2.83,8611
kommun,0861,2014,RF,C,13.56,8611
kommun,0861,2014,RF,L,2.58,8611
kommun,0861,2014,RF,KD,10.53,8611
kommun,0861,2014,RF,M,9.34,8611
kommun,0861,2014,RF,SD,10.49,8611
kommun,0861,2018,KF,V,3.04,9011
kommun,0861,2018,KF,S,30.8,9011
kommun,0861,2018,KF,MP,1.58,9011
kommun,0861,2018,KF,C,38.91,9011
kommun,0861,2018,KF,L,2.05,9011
kommun,0861,2018,KF,KD,3.13,9011
kommun,0861,2018,KF,M,5.09,9011
kommun,0861,2018,KF,SD,15.27,9011
kommun,0861,2018,RD,V,5.31,8911
kommun,0861,2018,RD,S,31.87,8911
kommun,0861,2018,RD,MP,2.09,8911
kommun,0861,2018,RD,C,10.02,8911
kommun,0861,2018,RD,L,3.06,8911
kommun,0861,2018,RD,KD,6.49,8911
kommun,0861,2018,RD,M,13.84,8911
kommun,0861,2018,RD,SD,26.27,8911
kommun,0861,2018,RF,V,4.94,8826
kommun,0861,2018,RF,S,33.21,8826
kommun,0861,2018,RF,MP,1.71,8826
kommun,0861,2018,RF,C,22.24,8826
kommun,0861,2018,RF,L,2.61,8826
kommun,0861,2018,RF,KD,9.71,8826
kommun,0861,2018,RF,M,8.4,8826
kommun,0861,2018,RF,SD,16.84,8826
kommun,0861,2022,KF,V,3.39,8793
kommun,0861,2022,KF,S,34.29,8793
kommun,0861,2022,KF,MP,0.73,8793
kommun,0861,2022,KF,C,24.43,8793
kommun,0861,2022,KF,L,2.29,8793
kommun,0861,2022,KF,KD,8.72,8793
kommun,0861,2022,KF,M,7.18,8793
kommun,0861,2022,KF,SD,18.87,8793
kommun,0861,2022,RD,V,3.58,8753
kommun,0861,2022,RD,S,31.57,8753
kommun,0861,2022,RD,MP,2.17,8753
kommun,0861,2022,RD,C,6.27,8753
kommun,0861,2022,RD,L,2.63,8753
kommun,0861,2022,RD,KD,8.02,8753
kommun,0861,2022,RD,M,13.98,8753
kommun,0861,2022,RD,SD,30.6,8753
kommun,0861,2022,RF,V,4.85,8665
kommun,0861,2022,RF,S,34.24,8665
kommun,0861,2022,RF,MP,1.47,8665
kommun,0861,2022,RF,C,10.98,8665
kommun,0861,2022,RF,L,2.3,8665
kommun,0861,2022,RF,KD,13.98,8665
kommun,0861,2022,RF,M,11.23,8665
kommun,0861,2022,RF,SD,20.57,8665
kommun,0862,2014,KF,V,4.79,6036
kommun,0862,2014,KF,S,43.92,6036
kommun,0862,2014,KF,MP,3.6,6036
kommun,0862,2014,KF,C,15.44,6036
kommun,0862,2014,KF,L,1.97,6036
kommun,0862,2014,KF,KD,2.88,6036
kommun,0862,2014,KF,M,17.5,6036
kommun,0862,2014,KF,SD,9.11,6036
kommun,0862,2014,RD,V,4.61,6028
kommun,0862,2014,RD,S,40.13,6028
kommun,0862,2014,RD,MP,3.95,6028
kommun,0862,2014,RD,C,11.11,6028
kommun,0862,2014,RD,L,1.74,6028
kommun,0862,2014,RD,KD,4.03,6028
kommun,0862,2014,RD,M,16.61,6028
kommun,0862,2014,RD,SD,15.33,6028
kommun,0862,2014,RF,V,5.38,5971
kommun,0862,2014,RF,S,44.67,5971
kommun,0862,2014,RF,MP,3.42,5971
kommun,0862,2014,RF,C,18.05,5971
kommun,0862,2014,RF,L,1.57,5971
kommun,0862,2014,RF,KD,4.44,5971
kommun,0862,2014,RF,M,12.34,5971
kommun,0862,2014,RF,SD,9.43,5971
kommun,0862,2018,KF,V,3.99,6018
kommun,0862,2018,KF,S,37.07,6018
kommun,0862,2018,KF,MP,2.01,6018
kommun,0862,2018,KF,C,15.6,6018
kommun,0862,2018,KF,L,1.53,6018
kommun,0862,2018,KF,KD,3.42,6018
kommun,0862,2018,KF,M,15.59,6018
kommun,0862,2018,KF,SD,13.13,6018
kommun,0862,2018,RD,V,5.78,5919
kommun,0862,2018,RD,S,33.54,5919
kommun,0862,2018,RD,MP,2.42,5919
kommun,0862,2018,RD,C,11.42,5919
kommun,0862,2018,RD,L,2.45,5919
kommun,0862,2018,RD,KD,6.12,5919
kommun,0862,2018,RD,M,14.39,5919
kommun,0862,2018,RD,SD,22.3,5919
kommun,0862,2018,RF,V,4.86,5946
kommun,0862,2018,RF,S,35.6,5946
kommun,0862,2018,RF,MP,2.27,5946
kommun,0862,2018,RF,C,17.34,5946
kommun,0862,2018,RF,L,2.09,5946
kommun,0862,2018,RF,KD,6.42,5946
kommun,0862,2018,RF,M,13.44,5946
kommun,0862,2018,RF,SD,14.26,5946
kommun,0862,2022,KF,V,4.31,5912
kommun,0862,2022,KF,S,33.03,5912
kommun,0862,2022,KF,MP,2.03,5912
kommun,0862,2022,KF,C,18.93,5912
kommun,0862,2022,KF,L,1.05,5912
kommun,0862,2022,KF,KD,4.63,5912
kommun,0862,2022,KF,M,16.26,5912
kommun,0862,2022,KF,SD,18.27,5912
kommun,0862,2022,RD,V,4.36,5763
kommun,0862,2022,RD,S,33.35,5763
kommun,0862,2022,RD,MP,2.69,5763
kommun,0862,2022,RD,C,6.91,5763
kommun,0862,2022,RD,L,2.45,5763
kommun,0862,2022,RD,KD,6.26,5763
kommun,0862,2022,RD,M,14.59,5763
kommun,0862,2022,RD,SD,28.04,5763
kommun,0862,2022,RF,V,5.35,5816
kommun,0862,2022,RF,S,35.75,5816
kommun,0862,2022,RF,MP,2.18,5816
kommun,0862,2022,RF,C,10.97,5816
kommun,0862,2022,RF,L,1.67,5816
kommun,0862,2022,RF,KD,8.73,5816
kommun,0862,2022,RF,M,15.73,5816
kommun,0862,2022,RF,SD,19.17,5816
kommun,0880,2014,KF,V,5.18,43113
kommun,0880,2014,KF,S,45.41,43113
kommun,0880,2014,KF,MP,6.24,43113
kommun,0880,2014,KF,C,7.08,43113
kommun,0880,2014,KF,L,5.99,43113
kommun,0880,2014,KF,KD,3.72,43113
kommun,0880,2014,KF,M,15.68,43113
kommun,0880,2014,KF,SD,10.03,43113
kommun,0880,2014,RD,V,4.52,43711
kommun,0880,2014,RD,S,32.74,43711
kommun,0880,2014,RD,MP,6.94,43711
kommun,0880,2014,RD,C,6.76,43711
kommun,0880,2014,RD,L,4.46,43711
kommun,0880,2014,RD,KD,4.44,43711
kommun,0880,2014,RD,M,23.47,43711
kommun,0880,2014,RD,SD,13.14,43711
kommun,0880,2014,RF,V,5.89,42620
kommun,0880,2014,RF,S,41.92,42620
kommun,0880,2014,RF,MP,5.81,42620
kommun,0880,2014,RF,C,6.98,42620
kommun,0880,2014,RF,L,5.87,42620
kommun,0880,2014,RF,KD,5.56,42620
kommun,0880,2014,RF,M,17.82,42620
kommun,0880,2014,RF,SD,9.57,42620
kommun,0880,2018,KF,V,6.11,45552
kommun,0880,2018,KF,S,42.48,45552
kommun,0880,2018,KF,MP,3.69,45552
kommun,0880,2018,KF,C,8.02,45552
kommun,0880,2018,KF,L,5.52,45552
kommun,0880,2018,KF,KD,5.38,45552
kommun,0880,2018,KF,M,15.49,45552
kommun,0880,2018,KF,SD,12.45,45552
kommun,0880,2018,RD,V,6.71,45641
kommun,0880,2018,RD,S,30.35,45641
kommun,0880,2018,RD,MP,4.17,45641
kommun,0880,2018,RD,C,9.2,45641
kommun,0880,2018,RD,L,4.91,45641
kommun,0880,2018,RD,KD,6.55,45641
kommun,0880,2018,RD,M,19.71,45641
kommun,0880,2018,RD,SD,17.09,45641
kommun,0880,2018,RF,V,7.03,45106
kommun,0880,2018,RF,S,36.86,45106
kommun,0880,2018,RF,MP,3.74,45106
kommun,0880,2018,RF,C,8.54,45106
kommun,0880,2018,RF,L,6.22,45106
kommun,0880,2018,RF,KD,8.25,45106
kommun,0880,2018,RF,M,16.44,45106
kommun,0880,2018,RF,SD,12.32,45106
kommun,0880,2022,KF,V,6.69,46702
kommun,0880,2022,KF,S,38.19,46702
kommun,0880,2022,KF,MP,3.83,46702
kommun,0880,2022,KF,C,5.91,46702
kommun,0880,2022,KF,L,3.57,46702
kommun,0880,2022,KF,KD,6.34,46702
kommun,0880,2022,KF,M,21.06,46702
kommun,0880,2022,KF,SD,12.69,46702
kommun,0880,2022,RD,V,5.46,46794
kommun,0880,2022,RD,S,31.79,46794
kommun,0880,2022,RD,MP,4.68,46794
kommun,0880,2022,RD,C,6.44,46794
kommun,0880,2022,RD,L,3.91,46794
kommun,0880,2022,RD,KD,5.85,46794
kommun,0880,2022,RD,M,20.57,46794
kommun,0880,2022,RD,SD,20.13,46794
kommun,0880,2022,RF,V,7.71,46361
kommun,0880,2022,RF,S,35.32,46361
kommun,0880,2022,RF,MP,3.19,46361
kommun,0880,2022,RF,C,6.33,46361
kommun,0880,2022,RF,L,3.65,46361
kommun,0880,2022,RF,KD,8.66,46361
kommun,0880,2022,RF,M,20.7,46361
kommun,0880,2022,RF,SD,13.63,46361
kommun,0881,2014,KF,V,10.8,12902
kommun,0881,2014,KF,S,27.27,12902
kommun,0881,2014,KF,MP,2.49,12902
kommun,0881,2014,KF,C,28.66,12902
kommun,0881,2014,KF,L,2.39,12902
kommun,0881,2014,KF,KD,4.7,12902
kommun,0881,2014,KF,M,8.92,12902
kommun,0881,2014,KF,SD,11.67,12902
kommun,0881,2014,RD,V,5.34,13001
kommun,0881,2014,RD,S,36.77,13001
kommun,0881,2014,RD,MP,3.37,13001
kommun,0881,2014,RD,C,10.45,13001
kommun,0881,2014,RD,L,2.58,13001
kommun,0881,2014,RD,KD,4.6,13001
kommun,0881,2014,RD,M,17.28,13001
kommun,0881,2014,RD,SD,17.17,13001
kommun,0881,2014,RF,V,7.27,12698
kommun,0881,2014,RF,S,39.73,12698
kommun,0881,2014,RF,MP,3.06,12698
kommun,0881,2014,RF,C,14.79,12698
kommun,0881,2014,RF,L,2.91,12698
kommun,0881,2014,RF,KD,6.45,12698
kommun,0881,2014,RF,M,12.81,12698
kommun,0881,2014,RF,SD,11.64,12698
kommun,0881,2018,KF,V,6.53,12815
kommun,0881,2018,KF,S,29.29,12815
kommun,0881,2018,KF,MP,1.16,12815
kommun,0881,2018,KF,C,26.06,12815
kommun,0881,2018,KF,L,3.18,12815
kommun,0881,2018,KF,KD,6.21,12815
kommun,0881,2018,KF,M,10.28,12815
kommun,0881,2018,KF,SD,15.56,12815
kommun,0881,2018,RD,V,5.93,12697
kommun,0881,2018,RD,S,32.75,12697
kommun,0881,2018,RD,MP,1.81,12697
kommun,0881,2018,RD,C,10.21,12697
kommun,0881,2018,RD,L,2.89,12697
kommun,0881,2018,RD,KD,7.5,12697
kommun,0881,2018,RD,M,14.76,12697
kommun,0881,2018,RD,SD,22.71,12697
kommun,0881,2018,RF,V,6.46,12607
kommun,0881,2018,RF,S,35.13,12607
kommun,0881,2018,RF,MP,1.56,12607
kommun,0881,2018,RF,C,14.49,12607
kommun,0881,2018,RF,L,3.74,12607
kommun,0881,2018,RF,KD,9.35,12607
kommun,0881,2018,RF,M,12.33,12607
kommun,0881,2018,RF,SD,16.39,12607
kommun,0881,2022,KF,V,5.83,12775
kommun,0881,2022,KF,S,31.12,12775
kommun,0881,2022,KF,MP,0.9,12775
kommun,0881,2022,KF,C,16.8,12775
kommun,0881,2022,KF,L,2.5,12775
kommun,0881,2022,KF,KD,6.17,12775
kommun,0881,2022,KF,M,15.28,12775
kommun,0881,2022,KF,SD,19.52,12775
kommun,0881,2022,RD,V,4.7,12678
kommun,0881,2022,RD,S,32.72,12678
kommun,0881,2022,RD,MP,2.19,12678
kommun,0881,2022,RD,C,6.28,12678
kommun,0881,2022,RD,L,2.76,12678
kommun,0881,2022,RD,KD,6.91,12678
kommun,0881,2022,RD,M,15.7,12678
kommun,0881,2022,RD,SD,27.21,12678
kommun,0881,2022,RF,V,6.66,12591
kommun,0881,2022,RF,S,33.96,12591
kommun,0881,2022,RF,MP,1.37,12591
kommun,0881,2022,RF,C,8.81,12591
kommun,0881,2022,RF,L,2.48,12591
kommun,0881,2022,RF,KD,10.74,12591
kommun,0881,2022,RF,M,15.41,12591
kommun,0881,2022,RF,SD,19.9,12591
kommun,0882,2014,KF,V,9.14,17553
kommun,0882,2014,KF,S,36.11,17553
kommun,0882,2014,KF,MP,3.41,17553
kommun,0882,2014,KF,C,4.69,17553
kommun,0882,2014,KF,L,11.46,17553
kommun,0882,2014,KF,KD,6.05,17553
kommun,0882,2014,KF,M,16.49,17553
kommun,0882,2014,KF,SD,12.44,17553
kommun,0882,2014,RD,V,4.9,17615
kommun,0882,2014,RD,S,37.82,17615
kommun,0882,2014,RD,MP,3.32,17615
kommun,0882,2014,RD,C,4.6,17615
kommun,0882,2014,RD,L,4.35,17615
kommun,0882,2014,RD,KD,5.77,17615
kommun,0882,2014,RD,M,21.03,17615
kommun,0882,2014,RD,SD,16.27,17615
kommun,0882,2014,RF,V,7.8,17304
kommun,0882,2014,RF,S,39.29,17304
kommun,0882,2014,RF,MP,3.23,17304
kommun,0882,2014,RF,C,4.73,17304
kommun,0882,2014,RF,L,5.33,17304
kommun,0882,2014,RF,KD,11.48,17304
kommun,0882,2014,RF,M,16.42,17304
kommun,0882,2014,RF,SD,11.48,17304
kommun,0882,2018,KF,V,8.12,17913
kommun,0882,2018,KF,S,32.85,17913
kommun,0882,2018,KF,MP,1.5,17913
kommun,0882,2018,KF,C,5.47,17913
kommun,0882,2018,KF,L,10.87,17913
kommun,0882,2018,KF,KD,6.72,17913
kommun,0882,2018,KF,M,15.65,17913
kommun,0882,2018,KF,SD,18.63,17913
kommun,0882,2018,RD,V,5.9,17870
kommun,0882,2018,RD,S,32.25,17870
kommun,0882,2018,RD,MP,1.7,17870
kommun,0882,2018,RD,C,6.04,17870
kommun,0882,2018,RD,L,4.67,17870
kommun,0882,2018,RD,KD,8.21,17870
kommun,0882,2018,RD,M,18.15,17870
kommun,0882,2018,RD,SD,22.22,17870
kommun,0882,2018,RF,V,7.1,17727
kommun,0882,2018,RF,S,33.97,17727
kommun,0882,2018,RF,MP,1.56,17727
kommun,0882,2018,RF,C,6.4,17727
kommun,0882,2018,RF,L,5.77,17727
kommun,0882,2018,RF,KD,12.56,17727
kommun,0882,2018,RF,M,15.11,17727
kommun,0882,2018,RF,SD,17.12,17727
kommun,0882,2022,KF,V,7.27,17688
kommun,0882,2022,KF,S,32.19,17688
kommun,0882,2022,KF,MP,0.56,17688
kommun,0882,2022,KF,C,3.79,17688
kommun,0882,2022,KF,L,2.41,17688
kommun,0882,2022,KF,KD,6.72,17688
kommun,0882,2022,KF,M,19.52,17688
kommun,0882,2022,KF,SD,22.83,17688
kommun,0882,2022,RD,V,4.42,17695
kommun,0882,2022,RD,S,31.17,17695
kommun,0882,2022,RD,MP,1.84,17695
kommun,0882,2022,RD,C,4.18,17695
kommun,0882,2022,RD,L,3.26,17695
kommun,0882,2022,RD,KD,7.36,17695
kommun,0882,2022,RD,M,18.92,17695
kommun,0882,2022,RD,SD,27.65,17695
kommun,0882,2022,RF,V,6.19,17539
kommun,0882,2022,RF,S,32.9,17539
kommun,0882,2022,RF,MP,0.91,17539
kommun,0882,2022,RF,C,4.67,17539
kommun,0882,2022,RF,L,2.61,17539
kommun,0882,2022,RF,KD,12.52,17539
kommun,0882,2022,RF,M,17.14,17539
kommun,0882,2022,RF,SD,21.14,17539
kommun,0883,2014,KF,V,4.22,24268
kommun,0883,2014,KF,S,35.65,24268
kommun,0883,2014,KF,MP,4.45,24268
kommun,0883,2014,KF,C,9.46,24268
kommun,0883,2014,KF,L,4.45,24268
kommun,0883,2014,KF,KD,2.48,24268
kommun,0883,2014,KF,M,22.15,24268
kommun,0883,2014,KF,SD,8.33,24268
kommun,0883,2014,RD,V,5.14,24487
kommun,0883,2014,RD,S,39.29,24487
kommun,0883,2014,RD,MP,4.49,24487
kommun,0883,2014,RD,C,7.91,24487
kommun,0883,2014,RD,L,3.77,24487
kommun,0883,2014,RD,KD,3.85,24487
kommun,0883,2014,RD,M,19.32,24487
kommun,0883,2014,RD,SD,13.61,24487
kommun,0883,2014,RF,V,5.32,24039
kommun,0883,2014,RF,S,44.12,24039
kommun,0883,2014,RF,MP,3.98,24039
kommun,0883,2014,RF,C,8.33,24039
kommun,0883,2014,RF,L,6.97,24039
kommun,0883,2014,RF,KD,5.2,24039
kommun,0883,2014,RF,M,16.02,24039
kommun,0883,2014,RF,SD,8.13,24039
kommun,0883,2018,KF,V,4.96,24493
kommun,0883,2018,KF,S,32.16,24493
kommun,0883,2018,KF,MP,2.85,24493
kommun,0883,2018,KF,C,9.53,24493
kommun,0883,2018,KF,L,4.63,24493
kommun,0883,2018,KF,KD,3.92,24493
kommun,0883,2018,KF,M,20.23,24493
kommun,0883,2018,KF,SD,11.69,24493
kommun,0883,2018,RD,V,6.66,24571
kommun,0883,2018,RD,S,34.31,24571
kommun,0883,2018,RD,MP,2.82,24571
kommun,0883,2018,RD,C,8.77,24571
kommun,0883,2018,RD,L,3.88,24571
kommun,0883,2018,RD,KD,6.33,24571
kommun,0883,2018,RD,M,16.91,24571
kommun,0883,2018,RD,SD,19.16,24571
kommun,0883,2018,RF,V,6.45,24170
kommun,0883,2018,RF,S,36.69,24170
kommun,0883,2018,RF,MP,2.61,24170
kommun,0883,2018,RF,C,9.21,24170
kommun,0883,2018,RF,L,7.79,24170
kommun,0883,2018,RF,KD,7.6,24170
kommun,0883,2018,RF,M,16.81,24170
kommun,0883,2018,RF,SD,12.18,24170
kommun,0883,2022,KF,V,4.58,24026
kommun,0883,2022,KF,S,32.02,24026
kommun,0883,2022,KF,MP,2.33,24026
kommun,0883,2022,KF,C,7.27,24026
kommun,0883,2022,KF,L,3.08,24026
kommun,0883,2022,KF,KD,4.89,24026
kommun,0883,2022,KF,M,23.36,24026
kommun,0883,2022,KF,SD,15.05,24026
kommun,0883,2022,RD,V,4.45,24289
kommun,0883,2022,RD,S,34.37,24289
kommun,0883,2022,RD,MP,3.23,24289
kommun,0883,2022,RD,C,6.11,24289
kommun,0883,2022,RD,L,3.53,24289
kommun,0883,2022,RD,KD,6.16,24289
kommun,0883,2022,RD,M,17.38,24289
kommun,0883,2022,RD,SD,23.19,24289
kommun,0883,2022,RF,V,5.98,23828
kommun,0883,2022,RF,S,35.99,23828
kommun,0883,2022,RF,MP,1.99,23828
kommun,0883,2022,RF,C,7.57,23828
kommun,0883,2022,RF,L,3.62,23828
kommun,0883,2022,RF,KD,8.7,23828
kommun,0883,2022,RF,M,19.81,23828
kommun,0883,2022,RF,SD,15.78,23828
kommun,0884,2014,KF,V,4.92,10175
kommun,0884,2014,KF,S,38.55,10175
kommun,0884,2014,KF,MP,2.91,10175
kommun,0884,2014,KF,C,19.4,10175
kommun,0884,2014,KF,L,1.64,10175
kommun,0884,2014,KF,KD,4.29,10175
kommun,0884,2014,KF,M,19.32,10175
kommun,0884,2014,KF,SD,8.73,10175
kommun,0884,2014,RD,V,4.36,10314
kommun,0884,2014,RD,S,36.26,10314
kommun,0884,2014,RD,MP,3.87,10314
kommun,0884,2014,RD,C,11.6,10314
kommun,0884,2014,RD,L,2.26,10314
kommun,0884,2014,RD,KD,5.04,10314
kommun,0884,2014,RD,M,18.95,10314
kommun,0884,2014,RD,SD,15.51,10314
kommun,0884,2014,RF,V,4.86,10036
kommun,0884,2014,RF,S,40.07,10036
kommun,0884,2014,RF,MP,3.41,10036
kommun,0884,2014,RF,C,14.22,10036
kommun,0884,2014,RF,L,1.92,10036
kommun,0884,2014,RF,KD,12.92,10036
kommun,0884,2014,RF,M,13.15,10036
kommun,0884,2014,RF,SD,9.05,10036
kommun,0884,2018,KF,V,9.13,10435
kommun,0884,2018,KF,S,25.08,10435
kommun,0884,2018,KF,MP,1.99,10435
kommun,0884,2018,KF,C,28.07,10435
kommun,0884,2018,KF,L,1.11,10435
kommun,0884,2018,KF,KD,9.21,10435
kommun,0884,2018,KF,M,12.63,10435
kommun,0884,2018,KF,SD,11.06,10435
kommun,0884,2018,RD,V,5.6,10358
kommun,0884,2018,RD,S,30.35,10358
kommun,0884,2018,RD,MP,2.32,10358
kommun,0884,2018,RD,C,13.49,10358
kommun,0884,2018,RD,L,2.01,10358
kommun,0884,2018,RD,KD,8.28,10358
kommun,0884,2018,RD,M,16.29,10358
kommun,0884,2018,RD,SD,20.25,10358
kommun,0884,2018,RF,V,6.43,10283
kommun,0884,2018,RF,S,29.12,10283
kommun,0884,2018,RF,MP,2.09,10283
kommun,0884,2018,RF,C,15.77,10283
kommun,0884,2018,RF,L,1.58,10283
kommun,0884,2018,RF,KD,21.02,10283
kommun,0884,2018,RF,M,11.41,10283
kommun,0884,2018,RF,SD,11.56,10283
kommun,0884,2022,KF,V,10.9,10021
kommun,0884,2022,KF,S,26.51,10021
kommun,0884,2022,KF,MP,1.58,10021
kommun,0884,2022,KF,C,15.64,10021
kommun,0884,2022,KF,L,0.35,10021
kommun,0884,2022,KF,KD,9.64,10021
kommun,0884,2022,KF,M,19.9,10021
kommun,0884,2022,KF,SD,13.94,10021
kommun,0884,2022,RD,V,4.56,10122
kommun,0884,2022,RD,S,30.43,10122
kommun,0884,2022,RD,MP,2.99,10122
kommun,0884,2022,RD,C,8.13,10122
kommun,0884,2022,RD,L,1.83,10122
kommun,0884,2022,RD,KD,7.77,10122
kommun,0884,2022,RD,M,17.77,10122
kommun,0884,2022,RD,SD,24.86,10122
kommun,0884,2022,RF,V,6.89,9865
kommun,0884,2022,RF,S,30.16,9865
kommun,0884,2022,RF,MP,1.8,9865
kommun,0884,2022,RF,C,10.34,9865
kommun,0884,2022,RF,L,1.03,9865
kommun,0884,2022,RF,KD,18.17,9865
kommun,0884,2022,RF,M,15.54,9865
kommun,0884,2022,RF,SD,15.23,9865
kommun,0885,2014,KF,V,2.48,7574
kommun,0885,2014,KF,S,30.71,7574
kommun,0885,2014,KF,MP,3.78,7574
kommun,0885,2014,KF,C,18.02,7574
kommun,0885,2014,KF,L,1.86,7574
kommun,0885,2014,KF,KD,2.46,7574
kommun,0885,2014,KF,M,17.03,7574
kommun,0885,2014,KF,SD,6.63,7574
kommun,0885,2014,RD,V,3.68,7587
kommun,0885,2014,RD,S,25.58,7587
kommun,0885,2014,RD,MP,4.48,7587
kommun,0885,2014,RD,C,14.7,7587
kommun,0885,2014,RD,L,3.48,7587
kommun,0885,2014,RD,KD,5.07,7587
kommun,0885,2014,RD,M,24.59,7587
kommun,0885,2014,RD,SD,15.29,7587
kommun,0885,2014,RF,V,4.17,7346
kommun,0885,2014,RF,S,34.03,7346
kommun,0885,2014,RF,MP,4.48,7346
kommun,0885,2014,RF,C,18.05,7346
kommun,0885,2014,RF,L,3.4,7346
kommun,0885,2014,RF,KD,6.59,7346
kommun,0885,2014,RF,M,20.49,7346
kommun,0885,2014,RF,SD,8.24,7346
kommun,0885,2018,KF,V,3.62,7670
kommun,0885,2018,KF,S,33.96,7670
kommun,0885,2018,KF,MP,1.77,7670
kommun,0885,2018,KF,C,13.78,7670
kommun,0885,2018,KF,L,1.38,7670
kommun,0885,2018,KF,KD,4.05,7670
kommun,0885,2018,KF,M,15.87,7670
kommun,0885,2018,KF,SD,9.56,7670
kommun,0885,2018,RD,V,5.66,7682
kommun,0885,2018,RD,S,23.73,7682
kommun,0885,2018,RD,MP,3.14,7682
kommun,0885,2018,RD,C,14.19,7682
kommun,0885,2018,RD,L,3.42,7682
kommun,0885,2018,RD,KD,8.34,7682
kommun,0885,2018,RD,M,18.9,7682
kommun,0885,2018,RD,SD,21.39,7682
kommun,0885,2018,RF,V,5.41,7453
kommun,0885,2018,RF,S,30.04,7453
kommun,0885,2018,RF,MP,2.62,7453
kommun,0885,2018,RF,C,16.58,7453
kommun,0885,2018,RF,L,3.42,7453
kommun,0885,2018,RF,KD,10.33,7453
kommun,0885,2018,RF,M,17.6,7453
kommun,0885,2018,RF,SD,13.18,7453
kommun,0885,2022,KF,V,4.17,7704
kommun,0885,2022,KF,S,43.33,7704
kommun,0885,2022,KF,MP,0.77,7704
kommun,0885,2022,KF,C,9.31,7704
kommun,0885,2022,KF,L,1.14,7704
kommun,0885,2022,KF,KD,4.14,7704
kommun,0885,2022,KF,M,15.58,7704
kommun,0885,2022,KF,SD,12.01,7704
kommun,0885,2022,RD,V,3.76,7715
kommun,0885,2022,RD,S,28.11,7715
kommun,0885,2022,RD,MP,4.37,7715
kommun,0885,2022,RD,C,8.72,7715
kommun,0885,2022,RD,L,3.1,7715
kommun,0885,2022,RD,KD,7.4,7715
kommun,0885,2022,RD,M,17.77,7715
kommun,0885,2022,RD,SD,25.5,7715
kommun,0885,2022,RF,V,5.52,7497
kommun,0885,2022,RF,S,34.03,7497
kommun,0885,2022,RF,MP,2.17,7497
kommun,0885,2022,RF,C,10.75,7497
kommun,0885,2022,RF,L,2.55,7497
kommun,0885,2022,RF,KD,10.75,7497
kommun,0885,2022,RF,M,18.63,7497
kommun,0885,2022,RF,SD,15.02,7497
kommun,0980,2014,KF,V,8.29,38893
kommun,0980,2014,KF,S,29.74,38893
kommun,0980,2014,KF,MP,9.71,38893
kommun,0980,2014,KF,C,19.77,38893
kommun,0980,2014,KF,L,4.93,38893
kommun,0980,2014,KF,KD,2.13,38893
kommun,0980,2014,KF,M,17.41,38893
kommun,0980,2014,KF,SD,5.28,38893
kommun,0980,2014,RD,V,5.82,39655
kommun,0980,2014,RD,S,32.21,39655
kommun,0980,2014,RD,MP,7.21,39655
kommun,0980,2014,RD,C,13.41,39655
kommun,0980,2014,RD,L,3.77,39655
kommun,0980,2014,RD,KD,2.76,39655
kommun,0980,2014,RD,M,21.31,39655
kommun,0980,2014,RD,SD,8.22,39655
kommun,0980,2018,KF,V,9.37,40476
kommun,0980,2018,KF,S,25.87,40476
kommun,0980,2018,KF,MP,6.2,40476
kommun,0980,2018,KF,C,25.07,40476
kommun,0980,2018,KF,L,4.62,40476
kommun,0980,2018,KF,KD,2.34,40476
kommun,0980,2018,KF,M,15.36,40476
kommun,0980,2018,KF,SD,8.4,40476
kommun,0980,2018,RD,V,9.01,41129
kommun,0980,2018,RD,S,29.79,41129
kommun,0980,2018,RD,MP,4.95,41129
kommun,0980,2018,RD,C,17.2,41129
kommun,0980,2018,RD,L,3.74,41129
kommun,0980,2018,RD,KD,4.13,41129
kommun,0980,2018,RD,M,16.59,41129
kommun,0980,2018,RD,SD,12.71,41129
kommun,0980,2022,KF,V,8.75,40505
kommun,0980,2022,KF,S,31.25,40505
kommun,0980,2022,KF,MP,5.37,40505
kommun,0980,2022,KF,C,18.54,40505
kommun,0980,2022,KF,L,2.59,40505
kommun,0980,2022,KF,KD,2.93,40505
kommun,0980,2022,KF,M,18.1,40505
kommun,0980,2022,KF,SD,10.52,40505
kommun,0980,2022,RD,V,6.37,41459
kommun,0980,2022,RD,S,34.64,41459
kommun,0980,2022,RD,MP,6.47,41459
kommun,0980,2022,RD,C,11.72,41459
kommun,0980,2022,RD,L,2.82,41459
kommun,0980,2022,RD,KD,3.97,41459
kommun,0980,2022,RD,M,16.81,41459
kommun,0980,2022,RD,SD,15.69,41459
kommun,1060,2014,KF,V,6.44,8434
kommun,1060,2014,KF,S,51.32,8434
kommun,1060,2014,KF,MP,2.41,8434
kommun,1060,2014,KF,C,10.2,8434
kommun,1060,2014,KF,L,1.61,8434
kommun,1060,2014,KF,KD,3.66,8434
kommun,1060,2014,KF,M,9.95,8434
kommun,1060,2014,KF,SD,14.1,8434
kommun,1060,2014,RD,V,4.93,8372
kommun,1060,2014,RD,S,45.86,8372
kommun,1060,2014,RD,MP,3.52,8372
kommun,1060,2014,RD,C,5.65,8372
kommun,1060,2014,RD,L,2.01,8372
kommun,1060,2014,RD,KD,3.43,8372
kommun,1060,2014,RD,M,13.41,8372
kommun,1060,2014,RD,SD,19.14,8372
kommun,1060,2014,RF,V,5.85,8352
kommun,1060,2014,RF,S,49.05,8352
kommun,1060,2014,RF,MP,3.1,8352
kommun,1060,2014,RF,C,7.14,8352
kommun,1060,2014,RF,L,1.52,8352
kommun,1060,2014,RF,KD,5.47,8352
kommun,1060,2014,RF,M,12.62,8352
kommun,1060,2014,RF,SD,14.51,8352
kommun,1060,2018,KF,V,5.77,8544
kommun,1060,2018,KF,S,42.56,8544
kommun,1060,2018,KF,MP,1.02,8544
kommun,1060,2018,KF,C,13.97,8544
kommun,1060,2018,KF,L,1.47,8544
kommun,1060,2018,KF,KD,4.26,8544
kommun,1060,2018,KF,M,8.98,8544
kommun,1060,2018,KF,SD,21.78,8544
kommun,1060,2018,RD,V,5.66,8337
kommun,1060,2018,RD,S,36.63,8337
kommun,1060,2018,RD,MP,1.92,8337
kommun,1060,2018,RD,C,6.5,8337
kommun,1060,2018,RD,L,2.3,8337
kommun,1060,2018,RD,KD,4.92,8337
kommun,1060,2018,RD,M,12.02,8337
kommun,1060,2018,RD,SD,28.87,8337
kommun,1060,2018,RF,V,5.91,8458
kommun,1060,2018,RF,S,39.0,8458
kommun,1060,2018,RF,MP,1.38,8458
kommun,1060,2018,RF,C,9.02,8458
kommun,1060,2018,RF,L,2.38,8458
kommun,1060,2018,RF,KD,5.76,8458
kommun,1060,2018,RF,M,12.72,8458
kommun,1060,2018,RF,SD,23.21,8458
kommun,1060,2022,KF,V,5.02,8151
kommun,1060,2022,KF,S,38.0,8151
kommun,1060,2022,KF,MP,0.6,8151
kommun,1060,2022,KF,C,11.56,8151
kommun,1060,2022,KF,L,0.94,8151
kommun,1060,2022,KF,KD,4.61,8151
kommun,1060,2022,KF,M,11.3,8151
kommun,1060,2022,KF,SD,26.51,8151
kommun,1060,2022,RD,V,4.62,8117
kommun,1060,2022,RD,S,32.99,8117
kommun,1060,2022,RD,MP,2.0,8117
kommun,1060,2022,RD,C,4.5,8117
kommun,1060,2022,RD,L,2.03,8117
kommun,1060,2022,RD,KD,4.94,8117
kommun,1060,2022,RD,M,13.34,8117
kommun,1060,2022,RD,SD,34.7,8117
kommun,1060,2022,RF,V,4.83,8095
kommun,1060,2022,RF,S,37.12,8095
kommun,1060,2022,RF,MP,1.14,8095
kommun,1060,2022,RF,C,6.73,8095
kommun,1060,2022,RF,L,1.31,8095
kommun,1060,2022,RF,KD,6.26,8095
kommun,1060,2022,RF,M,12.49,8095
kommun,1060,2022,RF,SD,29.19,8095
kommun,1080,2014,KF,V,5.58,42572
kommun,1080,2014,KF,S,37.93,42572
kommun,1080,2014,KF,MP,5.96,42572
kommun,1080,2014,KF,C,6.26,42572
kommun,1080,2014,KF,L,5.71,42572
kommun,1080,2014,KF,KD,3.37,42572
kommun,1080,2014,KF,M,19.67,42572
kommun,1080,2014,KF,SD,13.37,42572
kommun,1080,2014,RD,V,4.57,42727
kommun,1080,2014,RD,S,36.33,42727
kommun,1080,2014,RD,MP,5.4,42727
kommun,1080,2014,RD,C,5.83,42727
kommun,1080,2014,RD,L,5.21,42727
kommun,1080,2014,RD,KD,3.92,42727
kommun,1080,2014,RD,M,20.71,42727
kommun,1080,2014,RD,SD,15.45,42727
kommun,1080,2014,RF,V,5.21,42424
kommun,1080,2014,RF,S,40.55,42424
kommun,1080,2014,RF,MP,5.45,42424
kommun,1080,2014,RF,C,5.61,42424
kommun,1080,2014,RF,L,6.31,42424
kommun,1080,2014,RF,KD,4.22,42424
kommun,1080,2014,RF,M,18.77,42424
kommun,1080,2014,RF,SD,12.44,42424
kommun,1080,2018,KF,V,5.61,44360
kommun,1080,2018,KF,S,32.34,44360
kommun,1080,2018,KF,MP,3.23,44360
kommun,1080,2018,KF,C,7.46,44360
kommun,1080,2018,KF,L,5.93,44360
kommun,1080,2018,KF,KD,5.69,44360
kommun,1080,2018,KF,M,20.89,44360
kommun,1080,2018,KF,SD,18.38,44360
kommun,1080,2018,RD,V,5.55,44317
kommun,1080,2018,RD,S,31.24,44317
kommun,1080,2018,RD,MP,3.39,44317
kommun,1080,2018,RD,C,7.17,44317
kommun,1080,2018,RD,L,5.2,44317
kommun,1080,2018,RD,KD,6.22,44317
kommun,1080,2018,RD,M,18.35,44317
kommun,1080,2018,RD,SD,21.56,44317
kommun,1080,2018,RF,V,5.76,44238
kommun,1080,2018,RF,S,33.2,44238
kommun,1080,2018,RF,MP,3.29,44238
kommun,1080,2018,RF,C,7.61,44238
kommun,1080,2018,RF,L,5.83,44238
kommun,1080,2018,RF,KD,5.81,44238
kommun,1080,2018,RF,M,20.33,44238
kommun,1080,2018,RF,SD,17.67,44238
kommun,1080,2022,KF,V,5.67,43883
kommun,1080,2022,KF,S,32.62,43883
kommun,1080,2022,KF,MP,2.78,43883
kommun,1080,2022,KF,C,5.84,43883
kommun,1080,2022,KF,L,3.68,43883
kommun,1080,2022,KF,KD,7.34,43883
kommun,1080,2022,KF,M,20.5,43883
kommun,1080,2022,KF,SD,21.26,43883
kommun,1080,2022,RD,V,4.57,44082
kommun,1080,2022,RD,S,31.87,44082
kommun,1080,2022,RD,MP,3.39,44082
kommun,1080,2022,RD,C,5.39,44082
kommun,1080,2022,RD,L,4.25,44082
kommun,1080,2022,RD,KD,5.9,44082
kommun,1080,2022,RD,M,19.02,44082
kommun,1080,2022,RD,SD,24.36,44082
kommun,1080,2022,RF,V,5.71,43658
kommun,1080,2022,RF,S,35.6,43658
kommun,1080,2022,RF,MP,2.41,43658
kommun,1080,2022,RF,C,5.58,43658
kommun,1080,2022,RF,L,3.29,43658
kommun,1080,2022,RF,KD,8.13,43658
kommun,1080,2022,RF,M,18.33,43658
kommun,1080,2022,RF,SD,20.29,43658
kommun,1081,2014,KF,V,5.3,18647
kommun,1081,2014,KF,S,35.73,18647
kommun,1081,2014,KF,MP,3.8,18647
kommun,1081,2014,KF,C,9.33,18647
kommun,1081,2014,KF,L,5.0,18647
kommun,1081,2014,KF,KD,1.61,18647
kommun,1081,2014,KF,M,17.55,18647
kommun,1081,2014,KF,SD,16.06,18647
kommun,1081,2014,RD,V,5.2,18695
kommun,1081,2014,RD,S,36.0,18695
kommun,1081,2014,RD,MP,3.92,18695
kommun,1081,2014,RD,C,6.89,18695
kommun,1081,2014,RD,L,3.49,18695
kommun,1081,2014,RD,KD,2.86,18695
kommun,1081,2014,RD,M,17.84,18695
kommun,1081,2014,RD,SD,21.55,18695
kommun,1081,2014,RF,V,6.11,18475
kommun,1081,2014,RF,S,35.29,18475
kommun,1081,2014,RF,MP,3.92,18475
kommun,1081,2014,RF,C,7.65,18475
kommun,1081,2014,RF,L,6.48,18475
kommun,1081,2014,RF,KD,2.2,18475
kommun,1081,2014,RF,M,17.93,18475
kommun,1081,2014,RF,SD,14.78,18475
kommun,1081,2018,KF,V,4.99,19053
kommun,1081,2018,KF,S,29.31,19053
kommun,1081,2018,KF,MP,2.31,19053
kommun,1081,2018,KF,C,8.71,19053
kommun,1081,2018,KF,L,4.45,19053
kommun,1081,2018,KF,KD,2.65,19053
kommun,1081,2018,KF,M,17.22,19053
kommun,1081,2018,KF,SD,25.35,19053
kommun,1081,2018,RD,V,5.51,18634
kommun,1081,2018,RD,S,29.91,18634
kommun,1081,2018,RD,MP,2.14,18634
kommun,1081,2018,RD,C,7.05,18634
kommun,1081,2018,RD,L,3.24,18634
kommun,1081,2018,RD,KD,5.2,18634
kommun,1081,2018,RD,M,16.23,18634
kommun,1081,2018,RD,SD,29.42,18634
kommun,1081,2018,RF,V,6.19,18875
kommun,1081,2018,RF,S,30.65,18875
kommun,1081,2018,RF,MP,2.36,18875
kommun,1081,2018,RF,C,8.37,18875
kommun,1081,2018,RF,L,4.26,18875
kommun,1081,2018,RF,KD,4.63,18875
kommun,1081,2018,RF,M,19.2,18875
kommun,1081,2018,RF,SD,23.59,18875
kommun,1081,2022,KF,V,5.04,18596
kommun,1081,2022,KF,S,30.78,18596
kommun,1081,2022,KF,MP,2.19,18596
kommun,1081,2022,KF,C,6.17,18596
kommun,1081,2022,KF,L,4.81,18596
kommun,1081,2022,KF,KD,3.65,18596
kommun,1081,2022,KF,M,17.21,18596
kommun,1081,2022,KF,SD,26.32,18596
kommun,1081,2022,RD,V,4.66,18546
kommun,1081,2022,RD,S,30.73,18546
kommun,1081,2022,RD,MP,2.46,18546
kommun,1081,2022,RD,C,4.56,18546
kommun,1081,2022,RD,L,3.26,18546
kommun,1081,2022,RD,KD,5.39,18546
kommun,1081,2022,RD,M,16.31,18546
kommun,1081,2022,RD,SD,31.07,18546
kommun,1081,2022,RF,V,5.8,18369
kommun,1081,2022,RF,S,33.8,18369
kommun,1081,2022,RF,MP,2.16,18369
kommun,1081,2022,RF,C,5.77,18369
kommun,1081,2022,RF,L,3.18,18369
kommun,1081,2022,RF,KD,6.18,18369
kommun,1081,2022,RF,M,16.6,18369
kommun,1081,2022,RF,SD,25.58,18369
kommun,1082,2014,KF,V,4.1,20827
kommun,1082,2014,KF,S,39.47,20827
kommun,1082,2014,KF,MP,8.38,20827
kommun,1082,2014,KF,C,6.26,20827
kommun,1082,2014,KF,L,3.33,20827
kommun,1082,2014,KF,KD,2.31,20827
kommun,1082,2014,KF,M,19.59,20827
kommun,1082,2014,KF,SD,14.15,20827
kommun,1082,2014,RD,V,4.97,20992
kommun,1082,2014,RD,S,38.65,20992
kommun,1082,2014,RD,MP,5.68,20992
kommun,1082,2014,RD,C,4.84,20992
kommun,1082,2014,RD,L,2.93,20992
kommun,1082,2014,RD,KD,3.08,20992
kommun,1082,2014,RD,M,18.69,20992
kommun,1082,2014,RD,SD,18.42,20992
kommun,1082,2014,RF,V,5.76,20662
kommun,1082,2014,RF,S,38.26,20662
kommun,1082,2014,RF,MP,6.78,20662
kommun,1082,2014,RF,C,4.87,20662
kommun,1082,2014,RF,L,5.06,20662
kommun,1082,2014,RF,KD,2.97,20662
kommun,1082,2014,RF,M,21.5,20662
kommun,1082,2014,RF,SD,13.63,20662
kommun,1082,2018,KF,V,4.69,21477
kommun,1082,2018,KF,S,34.38,21477
kommun,1082,2018,KF,MP,3.79,21477
kommun,1082,2018,KF,C,9.2,21477
kommun,1082,2018,KF,L,3.37,21477
kommun,1082,2018,KF,KD,2.96,21477
kommun,1082,2018,KF,M,21.15,21477
kommun,1082,2018,KF,SD,18.45,21477
kommun,1082,2018,RD,V,6.09,21439
kommun,1082,2018,RD,S,32.99,21439
kommun,1082,2018,RD,MP,3.35,21439
kommun,1082,2018,RD,C,6.49,21439
kommun,1082,2018,RD,L,3.39,21439
kommun,1082,2018,RD,KD,5.11,21439
kommun,1082,2018,RD,M,16.94,21439
kommun,1082,2018,RD,SD,24.34,21439
kommun,1082,2018,RF,V,6.0,21339
kommun,1082,2018,RF,S,31.68,21339
kommun,1082,2018,RF,MP,3.36,21339
kommun,1082,2018,RF,C,7.31,21339
kommun,1082,2018,RF,L,5.04,21339
kommun,1082,2018,RF,KD,3.84,21339
kommun,1082,2018,RF,M,22.76,21339
kommun,1082,2018,RF,SD,19.16,21339
kommun,1082,2022,KF,V,5.46,20906
kommun,1082,2022,KF,S,25.07,20906
kommun,1082,2022,KF,MP,4.39,20906
kommun,1082,2022,KF,C,7.78,20906
kommun,1082,2022,KF,L,3.09,20906
kommun,1082,2022,KF,KD,3.9,20906
kommun,1082,2022,KF,M,25.24,20906
kommun,1082,2022,KF,SD,21.58,20906
kommun,1082,2022,RD,V,4.6,21015
kommun,1082,2022,RD,S,31.74,21015
kommun,1082,2022,RD,MP,3.29,21015
kommun,1082,2022,RD,C,4.72,21015
kommun,1082,2022,RD,L,3.05,21015
kommun,1082,2022,RD,KD,4.91,21015
kommun,1082,2022,RD,M,17.78,21015
kommun,1082,2022,RD,SD,28.79,21015
kommun,1082,2022,RF,V,5.83,20791
kommun,1082,2022,RF,S,30.58,20791
kommun,1082,2022,RF,MP,2.99,20791
kommun,1082,2022,RF,C,6.63,20791
kommun,1082,2022,RF,L,2.89,20791
kommun,1082,2022,RF,KD,5.97,20791
kommun,1082,2022,RF,M,21.41,20791
kommun,1082,2022,RF,SD,22.45,20791
kommun,1083,2014,KF,V,3.6,11404
kommun,1083,2014,KF,S,42.5,11404
kommun,1083,2014,KF,MP,2.53,11404
kommun,1083,2014,KF,C,3.95,11404
kommun,1083,2014,KF,L,2.08,11404
kommun,1083,2014,KF,KD,1.69,11404
kommun,1083,2014,KF,M,19.09,11404
kommun,1083,2014,KF,SD,22.26,11404
kommun,1083,2014,RD,V,3.17,11439
kommun,1083,2014,RD,S,33.0,11439
kommun,1083,2014,RD,MP,3.86,11439
kommun,1083,2014,RD,C,4.56,11439
kommun,1083,2014,RD,L,2.81,11439
kommun,1083,2014,RD,KD,2.98,11439
kommun,1083,2014,RD,M,22.69,11439
kommun,1083,2014,RD,SD,25.0,11439
kommun,1083,2014,RF,V,3.83,11240
kommun,1083,2014,RF,S,36.19,11240
kommun,1083,2014,RF,MP,3.51,11240
kommun,1083,2014,RF,C,4.2,11240
kommun,1083,2014,RF,L,2.4,11240
kommun,1083,2014,RF,KD,2.81,11240
kommun,1083,2014,RF,M,22.05,11240
kommun,1083,2014,RF,SD,20.2,11240
kommun,1083,2018,KF,V,3.79,11817
kommun,1083,2018,KF,S,33.05,11817
kommun,1083,2018,KF,MP,1.42,11817
kommun,1083,2018,KF,C,4.93,11817
kommun,1083,2018,KF,L,2.39,11817
kommun,1083,2018,KF,KD,3.1,11817
kommun,1083,2018,KF,M,17.46,11817
kommun,1083,2018,KF,SD,28.98,11817
kommun,1083,2018,RD,V,3.7,11787
kommun,1083,2018,RD,S,27.82,11787
kommun,1083,2018,RD,MP,2.09,11787
kommun,1083,2018,RD,C,5.68,11787
kommun,1083,2018,RD,L,3.15,11787
kommun,1083,2018,RD,KD,6.13,11787
kommun,1083,2018,RD,M,19.05,11787
kommun,1083,2018,RD,SD,31.23,11787
kommun,1083,2018,RF,V,4.01,11683
kommun,1083,2018,RF,S,29.45,11683
kommun,1083,2018,RF,MP,1.64,11683
kommun,1083,2018,RF,C,5.72,11683
kommun,1083,2018,RF,L,3.2,11683
kommun,1083,2018,RF,KD,5.13,11683
kommun,1083,2018,RF,M,20.69,11683
kommun,1083,2018,RF,SD,27.27,11683
kommun,1083,2022,KF,V,5.06,11808
kommun,1083,2022,KF,S,28.62,11808
kommun,1083,2022,KF,MP,0.72,11808
kommun,1083,2022,KF,C,2.95,11808
kommun,1083,2022,KF,L,1.65,11808
kommun,1083,2022,KF,KD,3.31,11808
kommun,1083,2022,KF,M,15.07,11808
kommun,1083,2022,KF,SD,38.87,11808
kommun,1083,2022,RD,V,3.21,11820
kommun,1083,2022,RD,S,26.7,11820
kommun,1083,2022,RD,MP,1.79,11820
kommun,1083,2022,RD,C,3.68,11820
kommun,1083,2022,RD,L,2.99,11820
kommun,1083,2022,RD,KD,5.92,11820
kommun,1083,2022,RD,M,19.2,11820
kommun,1083,2022,RD,SD,35.44,11820
kommun,1083,2022,RF,V,4.01,11644
kommun,1083,2022,RF,S,30.0,11644
kommun,1083,2022,RF,MP,0.94,11644
kommun,1083,2022,RF,C,3.46,11644
kommun,1083,2022,RF,L,2.28,11644
kommun,1083,2022,RF,KD,7.05,11644
kommun,1083,2022,RF,M,17.81,11644
kommun,1083,2022,RF,SD,33.26,11644
kommun,1214,2014,KF,V,2.57,8379
kommun,1214,2014,KF,S,27.29,8379
kommun,1214,2014,KF,MP,4.26,8379
kommun,1214,2014,KF,C,18.94,8379
kommun,1214,2014,KF,L,5.41,8379
kommun,1214,2014,KF,KD,1.89,8379
kommun,1214,2014,KF,M,13.33,8379
kommun,1214,2014,KF,SD,23.59,8379
kommun,1214,2014,RD,V,3.09,8260
kommun,1214,2014,RD,S,29.31,8260
kommun,1214,2014,RD,MP,4.67,8260
kommun,1214,2014,RD,C,9.67,8260
kommun,1214,2014,RD,L,3.45,8260
kommun,1214,2014,RD,KD,2.6,8260
kommun,1214,2014,RD,M,17.76,8260
kommun,1214,2014,RD,SD,26.39,8260
kommun,1214,2014,RF,V,3.53,8329
kommun,1214,2014,RF,S,32.38,8329
kommun,1214,2014,RF,MP,4.42,8329
kommun,1214,2014,RF,C,11.42,8329
kommun,1214,2014,RF,L,3.93,8329
kommun,1214,2014,RF,KD,2.34,8329
kommun,1214,2014,RF,M,15.57,8329
kommun,1214,2014,RF,SD,22.03,8329
kommun,1214,2018,KF,V,3.74,8690
kommun,1214,2018,KF,S,21.77,8690
kommun,1214,2018,KF,MP,2.45,8690
kommun,1214,2018,KF,C,18.52,8690
kommun,1214,2018,KF,L,5.49,8690
kommun,1214,2018,KF,KD,2.37,8690
kommun,1214,2018,KF,M,11.55,8690
kommun,1214,2018,KF,SD,31.16,8690
kommun,1214,2018,RD,V,4.64,8533
kommun,1214,2018,RD,S,23.04,8533
kommun,1214,2018,RD,MP,2.59,8533
kommun,1214,2018,RD,C,9.33,8533
kommun,1214,2018,RD,L,3.69,8533
kommun,1214,2018,RD,KD,5.09,8533
kommun,1214,2018,RD,M,15.05,8533
kommun,1214,2018,RD,SD,34.34,8533
kommun,1214,2018,RF,V,5.0,8659
kommun,1214,2018,RF,S,24.66,8659
kommun,1214,2018,RF,MP,2.61,8659
kommun,1214,2018,RF,C,11.31,8659
kommun,1214,2018,RF,L,4.15,8659
kommun,1214,2018,RF,KD,4.92,8659
kommun,1214,2018,RF,M,15.16,8659
kommun,1214,2018,RF,SD,30.41,8659
kommun,1214,2022,KF,V,5.66,8537
kommun,1214,2022,KF,S,23.01,8537
kommun,1214,2022,KF,MP,1.35,8537
kommun,1214,2022,KF,C,12.15,8537
kommun,1214,2022,KF,L,4.36,8537
kommun,1214,2022,KF,KD,4.87,8537
kommun,1214,2022,KF,M,12.12,8537
kommun,1214,2022,KF,SD,35.41,8537
kommun,1214,2022,RD,V,4.47,8485
kommun,1214,2022,RD,S,24.75,8485
kommun,1214,2022,RD,MP,3.67,8485
kommun,1214,2022,RD,C,5.79,8485
kommun,1214,2022,RD,L,3.13,8485
kommun,1214,2022,RD,KD,5.32,8485
kommun,1214,2022,RD,M,14.48,8485
kommun,1214,2022,RD,SD,36.69,8485
kommun,1214,2022,RF,V,5.87,8500
kommun,1214,2022,RF,S,25.21,8500
kommun,1214,2022,RF,MP,2.54,8500
kommun,1214,2022,RF,C,6.75,8500
kommun,1214,2022,RF,L,3.51,8500
kommun,1214,2022,RF,KD,6.61,8500
kommun,1214,2022,RF,M,15.33,8500
kommun,1214,2022,RF,SD,32.2,8500
kommun,1230,2014,KF,V,2.19,14814
kommun,1230,2014,KF,S,25.72,14814
kommun,1230,2014,KF,MP,8.04,14814
kommun,1230,2014,KF,C,4.22,14814
kommun,1230,2014,KF,L,7.38,14814
kommun,1230,2014,KF,KD,1.9,14814
kommun,1230,2014,KF,M,35.34,14814
kommun,1230,2014,KF,SD,11.11,14814
kommun,1230,2014,RD,V,2.36,14766
kommun,1230,2014,RD,S,25.44,14766
kommun,1230,2014,RD,MP,5.94,14766
kommun,1230,2014,RD,C,5.36,14766
kommun,1230,2014,RD,L,6.28,14766
kommun,1230,2014,RD,KD,3.36,14766
kommun,1230,2014,RD,M,31.13,14766
kommun,1230,2014,RD,SD,17.29,14766
kommun,1230,2014,RF,V,2.78,14719
kommun,1230,2014,RF,S,32.03,14719
kommun,1230,2014,RF,MP,5.54,14719
kommun,1230,2014,RF,C,3.84,14719
kommun,1230,2014,RF,L,6.16,14719
kommun,1230,2014,RF,KD,3.0,14719
kommun,1230,2014,RF,M,28.87,14719
kommun,1230,2014,RF,SD,11.73,14719
kommun,1230,2018,KF,V,2.47,15867
kommun,1230,2018,KF,S,21.65,15867
kommun,1230,2018,KF,MP,5.53,15867
kommun,1230,2018,KF,C,5.45,15867
kommun,1230,2018,KF,L,7.62,15867
kommun,1230,2018,KF,KD,2.25,15867
kommun,1230,2018,KF,M,42.7,15867
kommun,1230,2018,KF,SD,11.12,15867
kommun,1230,2018,RD,V,3.13,15733
kommun,1230,2018,RD,S,22.05,15733
kommun,1230,2018,RD,MP,3.76,15733
kommun,1230,2018,RD,C,7.58,15733
kommun,1230,2018,RD,L,6.41,15733
kommun,1230,2018,RD,KD,5.14,15733
kommun,1230,2018,RD,M,27.81,15733
kommun,1230,2018,RD,SD,22.91,15733
kommun,1230,2018,RF,V,3.38,15743
kommun,1230,2018,RF,S,24.49,15743
kommun,1230,2018,RF,MP,3.7,15743
kommun,1230,2018,RF,C,6.36,15743
kommun,1230,2018,RF,L,6.66,15743
kommun,1230,2018,RF,KD,5.49,15743
kommun,1230,2018,RF,M,33.87,15743
kommun,1230,2018,RF,SD,15.1,15743
kommun,1230,2022,KF,V,2.97,16683
kommun,1230,2022,KF,S,25.54,16683
kommun,1230,2022,KF,MP,3.41,16683
kommun,1230,2022,KF,C,4.35,16683
kommun,1230,2022,KF,L,6.11,16683
kommun,1230,2022,KF,KD,2.42,16683
kommun,1230,2022,KF,M,44.38,16683
kommun,1230,2022,KF,SD,10.26,16683
kommun,1230,2022,RD,V,3.17,16562
kommun,1230,2022,RD,S,26.25,16562
kommun,1230,2022,RD,MP,3.51,16562
kommun,1230,2022,RD,C,6.19,16562
kommun,1230,2022,RD,L,5.39,16562
kommun,1230,2022,RD,KD,4.52,16562
kommun,1230,2022,RD,M,26.87,16562
kommun,1230,2022,RD,SD,23.22,16562
kommun,1230,2022,RF,V,3.57,16592
kommun,1230,2022,RF,S,29.1,16592
kommun,1230,2022,RF,MP,2.69,16592
kommun,1230,2022,RF,C,4.45,16592
kommun,1230,2022,RF,L,4.85,16592
kommun,1230,2022,RF,KD,5.44,16592
kommun,1230,2022,RF,M,34.99,16592
kommun,1230,2022,RF,SD,14.05,16592
kommun,1231,2014,KF,V,4.78,9772
kommun,1231,2014,KF,S,35.54,9772
kommun,1231,2014,KF,MP,7.03,9772
kommun,1231,2014,KF,C,3.17,9772
kommun,1231,2014,KF,L,5.59,9772
kommun,1231,2014,KF,KD,0.87,9772
kommun,1231,2014,KF,M,18.95,9772
kommun,1231,2014,KF,SD,22.62,9772
kommun,1231,2014,RD,V,4.33,9661
kommun,1231,2014,RD,S,36.72,9661
kommun,1231,2014,RD,MP,6.09,9661
kommun,1231,2014,RD,C,3.01,9661
kommun,1231,2014,RD,L,4.93,9661
kommun,1231,2014,RD,KD,1.84,9661
kommun,1231,2014,RD,M,21.1,9661
kommun,1231,2014,RD,SD,19.28,9661
kommun,1231,2014,RF,V,4.94,9768
kommun,1231,2014,RF,S,38.96,9768
kommun,1231,2014,RF,MP,6.78,9768
kommun,1231,2014,RF,C,2.41,9768
kommun,1231,2014,RF,L,4.77,9768
kommun,1231,2014,RF,KD,1.61,9768
kommun,1231,2014,RF,M,19.48,9768
kommun,1231,2014,RF,SD,17.17,9768
kommun,1231,2018,KF,V,6.0,10134
kommun,1231,2018,KF,S,32.21,10134
kommun,1231,2018,KF,MP,3.79,10134
kommun,1231,2018,KF,C,4.94,10134
kommun,1231,2018,KF,L,6.65,10134
kommun,1231,2018,KF,KD,1.59,10134
kommun,1231,2018,KF,M,20.12,10134
kommun,1231,2018,KF,SD,23.8,10134
kommun,1231,2018,RD,V,6.23,10010
kommun,1231,2018,RD,S,32.41,10010
kommun,1231,2018,RD,MP,3.37,10010
kommun,1231,2018,RD,C,5.03,10010
kommun,1231,2018,RD,L,4.73,10010
kommun,1231,2018,RD,KD,3.55,10010
kommun,1231,2018,RD,M,19.35,10010
kommun,1231,2018,RD,SD,23.9,10010
kommun,1231,2018,RF,V,6.44,10104
kommun,1231,2018,RF,S,34.19,10104
kommun,1231,2018,RF,MP,3.06,10104
kommun,1231,2018,RF,C,4.73,10104
kommun,1231,2018,RF,L,5.26,10104
kommun,1231,2018,RF,KD,3.54,10104
kommun,1231,2018,RF,M,19.81,10104
kommun,1231,2018,RF,SD,21.64,10104
kommun,1231,2022,KF,V,7.66,10077
kommun,1231,2022,KF,S,32.79,10077
kommun,1231,2022,KF,MP,3.68,10077
kommun,1231,2022,KF,C,5.23,10077
kommun,1231,2022,KF,L,4.5,10077
kommun,1231,2022,KF,KD,1.75,10077
kommun,1231,2022,KF,M,20.41,10077
kommun,1231,2022,KF,SD,21.57,10077
kommun,1231,2022,RD,V,7.17,9947
kommun,1231,2022,RD,S,32.64,9947
kommun,1231,2022,RD,MP,3.76,9947
kommun,1231,2022,RD,C,4.9,9947
kommun,1231,2022,RD,L,3.64,9947
kommun,1231,2022,RD,KD,3.34,9947
kommun,1231,2022,RD,M,17.61,9947
kommun,1231,2022,RD,SD,24.22,9947
kommun,1231,2022,RF,V,7.94,10090
kommun,1231,2022,RF,S,34.16,10090
kommun,1231,2022,RF,MP,3.14,10090
kommun,1231,2022,RF,C,4.12,10090
kommun,1231,2022,RF,L,3.48,10090
kommun,1231,2022,RF,KD,3.81,10090
kommun,1231,2022,RF,M,19.23,10090
kommun,1231,2022,RF,SD,20.62,10090
kommun,1233,2014,KF,V,0.53,23504
kommun,1233,2014,KF,S,10.16,23504
kommun,1233,2014,KF,MP,4.87,23504
kommun,1233,2014,KF,C,1.61,23504
kommun,1233,2014,KF,L,14.23,23504
kommun,1233,2014,KF,KD,2.54,23504
kommun,1233,2014,KF,M,48.06,23504
kommun,1233,2014,KF,SD,9.77,23504
kommun,1233,2014,RD,V,0.99,23522
kommun,1233,2014,RD,S,11.96,23522
kommun,1233,2014,RD,MP,3.62,23522
kommun,1233,2014,RD,C,4.32,23522
kommun,1233,2014,RD,L,7.9,23522
kommun,1233,2014,RD,KD,4.63,23522
kommun,1233,2014,RD,M,48.55,23522
kommun,1233,2014,RD,SD,16.46,23522
kommun,1233,2014,RF,V,1.08,23226
kommun,1233,2014,RF,S,15.76,23226
kommun,1233,2014,RF,MP,4.0,23226
kommun,1233,2014,RF,C,2.83,23226
kommun,1233,2014,RF,L,9.86,23226
kommun,1233,2014,RF,KD,4.56,23226
kommun,1233,2014,RF,M,47.52,23226
kommun,1233,2014,RF,SD,11.2,23226
kommun,1233,2018,KF,V,0.57,25183
kommun,1233,2018,KF,S,7.95,25183
kommun,1233,2018,KF,MP,3.25,25183
kommun,1233,2018,KF,C,7.48,25183
kommun,1233,2018,KF,L,13.79,25183
kommun,1233,2018,KF,KD,2.04,25183
kommun,1233,2018,KF,M,50.42,25183
kommun,1233,2018,KF,SD,13.45,25183
kommun,1233,2018,RD,V,1.31,25245
kommun,1233,2018,RD,S,10.58,25245
kommun,1233,2018,RD,MP,2.21,25245
kommun,1233,2018,RD,C,7.24,25245
kommun,1233,2018,RD,L,7.26,25245
kommun,1233,2018,RD,KD,7.45,25245
kommun,1233,2018,RD,M,39.56,25245
kommun,1233,2018,RD,SD,23.55,25245
kommun,1233,2018,RF,V,1.36,25006
kommun,1233,2018,RF,S,11.25,25006
kommun,1233,2018,RF,MP,2.43,25006
kommun,1233,2018,RF,C,6.04,25006
kommun,1233,2018,RF,L,9.33,25006
kommun,1233,2018,RF,KD,6.51,25006
kommun,1233,2018,RF,M,46.04,25006
kommun,1233,2018,RF,SD,16.25,25006
kommun,1233,2022,KF,V,0.62,25983
kommun,1233,2022,KF,S,8.51,25983
kommun,1233,2022,KF,MP,3.89,25983
kommun,1233,2022,KF,C,5.83,25983
kommun,1233,2022,KF,L,16.96,25983
kommun,1233,2022,KF,KD,5.44,25983
kommun,1233,2022,KF,M,42.18,25983
kommun,1233,2022,KF,SD,15.63,25983
kommun,1233,2022,RD,V,1.25,26102
kommun,1233,2022,RD,S,14.83,26102
kommun,1233,2022,RD,MP,2.18,26102
kommun,1233,2022,RD,C,6.12,26102
kommun,1233,2022,RD,L,7.59,26102
kommun,1233,2022,RD,KD,6.34,26102
kommun,1233,2022,RD,M,35.73,26102
kommun,1233,2022,RD,SD,25.25,26102
kommun,1233,2022,RF,V,1.45,25804
kommun,1233,2022,RF,S,15.18,25804
kommun,1233,2022,RF,MP,2.08,25804
kommun,1233,2022,RF,C,4.73,25804
kommun,1233,2022,RF,L,8.68,25804
kommun,1233,2022,RF,KD,8.26,25804
kommun,1233,2022,RF,M,41.66,25804
kommun,1233,2022,RF,SD,16.96,25804
kommun,1256,2014,KF,V,3.28,8873
kommun,1256,2014,KF,S,34.75,8873
kommun,1256,2014,KF,MP,3.1,8873
kommun,1256,2014,KF,C,6.32,8873
kommun,1256,2014,KF,L,3.88,8873
kommun,1256,2014,KF,KD,3.57,8873
kommun,1256,2014,KF,M,24.88,8873
kommun,1256,2014,KF,SD,18.92,8873
kommun,1256,2014,RD,V,3.31,8855
kommun,1256,2014,RD,S,35.78,8855
kommun,1256,2014,RD,MP,3.7,8855
kommun,1256,2014,RD,C,5.77,8855
kommun,1256,2014,RD,L,3.08,8855
kommun,1256,2014,RD,KD,3.69,8855
kommun,1256,2014,RD,M,16.42,8855
kommun,1256,2014,RD,SD,26.03,8855
kommun,1256,2014,RF,V,3.32,8785
kommun,1256,2014,RF,S,39.72,8785
kommun,1256,2014,RF,MP,3.35,8785
kommun,1256,2014,RF,C,6.32,8785
kommun,1256,2014,RF,L,3.63,8785
kommun,1256,2014,RF,KD,3.96,8785
kommun,1256,2014,RF,M,16.96,8785
kommun,1256,2014,RF,SD,19.45,8785
kommun,1256,2018,KF,V,2.74,9009
kommun,1256,2018,KF,S,21.71,9009
kommun,1256,2018,KF,MP,1.99,9009
kommun,1256,2018,KF,C,5.46,9009
kommun,1256,2018,KF,L,1.34,9009
kommun,1256,2018,KF,KD,3.44,9009
kommun,1256,2018,KF,M,42.12,9009
kommun,1256,2018,KF,SD,16.25,9009
kommun,1256,2018,RD,V,3.81,8747
kommun,1256,2018,RD,S,27.64,8747
kommun,1256,2018,RD,MP,2.06,8747
kommun,1256,2018,RD,C,5.91,8747
kommun,1256,2018,RD,L,2.41,8747
kommun,1256,2018,RD,KD,5.82,8747
kommun,1256,2018,RD,M,18.14,8747
kommun,1256,2018,RD,SD,33.3,8747
kommun,1256,2018,RF,V,3.84,8844
kommun,1256,2018,RF,S,31.29,8844
kommun,1256,2018,RF,MP,1.7,8844
kommun,1256,2018,RF,C,6.18,8844
kommun,1256,2018,RF,L,3.09,8844
kommun,1256,2018,RF,KD,6.55,8844
kommun,1256,2018,RF,M,23.06,8844
kommun,1256,2018,RF,SD,23.8,8844
kommun,1256,2022,KF,V,2.78,9020
kommun,1256,2022,KF,S,19.32,9020
kommun,1256,2022,KF,MP,0.88,9020
kommun,1256,2022,KF,C,3.99,9020
kommun,1256,2022,KF,L,0.48,9020
kommun,1256,2022,KF,KD,3.6,9020
kommun,1256,2022,KF,M,46.42,9020
kommun,1256,2022,KF,SD,20.2,9020
kommun,1256,2022,RD,V,3.22,8816
kommun,1256,2022,RD,S,25.43,8816
kommun,1256,2022,RD,MP,2.0,8816
kommun,1256,2022,RD,C,4.36,8816
kommun,1256,2022,RD,L,2.18,8816
kommun,1256,2022,RD,KD,6.14,8816
kommun,1256,2022,RD,M,17.33,8816
kommun,1256,2022,RD,SD,37.99,8816
kommun,1256,2022,RF,V,3.55,8879
kommun,1256,2022,RF,S,27.73,8879
kommun,1256,2022,RF,MP,1.43,8879
kommun,1256,2022,RF,C,4.17,8879
kommun,1256,2022,RF,L,1.49,8879
kommun,1256,2022,RF,KD,6.6,8879
kommun,1256,2022,RF,M,27.73,8879
kommun,1256,2022,RF,SD,26.32,8879
kommun,1257,2014,KF,V,0.84,6106
kommun,1257,2014,KF,S,25.04,6106
kommun,1257,2014,KF,MP,3.7,6106
kommun,1257,2014,KF,C,7.08,6106
kommun,1257,2014,KF,L,5.42,6106
kommun,1257,2014,KF,KD,9.83,6106
kommun,1257,2014,KF,M,20.01,6106
kommun,1257,2014,KF,SD,23.89,6106
kommun,1257,2014,RD,V,2.36,6071
kommun,1257,2014,RD,S,28.0,6071
kommun,1257,2014,RD,MP,3.77,6071
kommun,1257,2014,RD,C,6.03,6071
kommun,1257,2014,RD,L,3.05,6071
kommun,1257,2014,RD,KD,9.88,6071
kommun,1257,2014,RD,M,18.1,6071
kommun,1257,2014,RD,SD,26.6,6071
kommun,1257,2014,RF,V,2.48,6008
kommun,1257,2014,RF,S,30.24,6008
kommun,1257,2014,RF,MP,3.53,6008
kommun,1257,2014,RF,C,5.91,6008
kommun,1257,2014,RF,L,3.2,6008
kommun,1257,2014,RF,KD,10.54,6008
kommun,1257,2014,RF,M,16.93,6008
kommun,1257,2014,RF,SD,23.6,6008
kommun,1257,2018,KF,V,1.05,6301
kommun,1257,2018,KF,S,19.98,6301
kommun,1257,2018,KF,MP,2.24,6301
kommun,1257,2018,KF,C,8.78,6301
kommun,1257,2018,KF,L,1.41,6301
kommun,1257,2018,KF,KD,10.97,6301
kommun,1257,2018,KF,M,22.38,6301
kommun,1257,2018,KF,SD,31.47,6301
kommun,1257,2018,RD,V,2.91,6192
kommun,1257,2018,RD,S,20.8,6192
kommun,1257,2018,RD,MP,2.34,6192
kommun,1257,2018,RD,C,6.72,6192
kommun,1257,2018,RD,L,2.66,6192
kommun,1257,2018,RD,KD,12.13,6192
kommun,1257,2018,RD,M,15.41,6192
kommun,1257,2018,RD,SD,35.53,6192
kommun,1257,2018,RF,V,2.69,6236
kommun,1257,2018,RF,S,21.76,6236
kommun,1257,2018,RF,MP,2.31,6236
kommun,1257,2018,RF,C,6.32,6236
kommun,1257,2018,RF,L,2.36,6236
kommun,1257,2018,RF,KD,12.62,6236
kommun,1257,2018,RF,M,19.19,6236
kommun,1257,2018,RF,SD,30.74,6236
kommun,1257,2022,KF,V,1.22,6388
kommun,1257,2022,KF,S,20.15,6388
kommun,1257,2022,KF,MP,1.96,6388
kommun,1257,2022,KF,C,8.09,6388
kommun,1257,2022,KF,L,1.36,6388
kommun,1257,2022,KF,KD,13.06,6388
kommun,1257,2022,KF,M,18.35,6388
kommun,1257,2022,KF,SD,34.99,6388
kommun,1257,2022,RD,V,2.53,6332
kommun,1257,2022,RD,S,21.59,6332
kommun,1257,2022,RD,MP,2.23,6332
kommun,1257,2022,RD,C,4.37,6332
kommun,1257,2022,RD,L,2.46,6332
kommun,1257,2022,RD,KD,11.24,6332
kommun,1257,2022,RD,M,14.21,6332
kommun,1257,2022,RD,SD,39.26,6332
kommun,1257,2022,RF,V,2.51,6335
kommun,1257,2022,RF,S,22.72,6335
kommun,1257,2022,RF,MP,1.67,6335
kommun,1257,2022,RF,C,4.58,6335
kommun,1257,2022,RF,L,2.0,6335
kommun,1257,2022,RF,KD,14.32,6335
kommun,1257,2022,RF,M,16.62,6335
kommun,1257,2022,RF,SD,34.19,6335
kommun,1260,2014,KF,V,4.37,8442
kommun,1260,2014,KF,S,43.56,8442
kommun,1260,2014,KF,MP,4.12,8442
kommun,1260,2014,KF,C,4.95,8442
kommun,1260,2014,KF,L,2.99,8442
kommun,1260,2014,KF,KD,2.46,8442
kommun,1260,2014,KF,M,17.98,8442
kommun,1260,2014,KF,SD,12.84,8442
kommun,1260,2014,RD,V,3.49,8470
kommun,1260,2014,RD,S,40.44,8470
kommun,1260,2014,RD,MP,3.68,8470
kommun,1260,2014,RD,C,3.18,8470
kommun,1260,2014,RD,L,2.61,8470
kommun,1260,2014,RD,KD,2.22,8470
kommun,1260,2014,RD,M,16.82,8470
kommun,1260,2014,RD,SD,25.66,8470
kommun,1260,2014,RF,V,3.9,8492
kommun,1260,2014,RF,S,43.84,8492
kommun,1260,2014,RF,MP,3.51,8492
kommun,1260,2014,RF,C,3.66,8492
kommun,1260,2014,RF,L,2.67,8492
kommun,1260,2014,RF,KD,2.6,8492
kommun,1260,2014,RF,M,15.52,8492
kommun,1260,2014,RF,SD,20.73,8492
kommun,1260,2018,KF,V,3.04,8776
kommun,1260,2018,KF,S,34.94,8776
kommun,1260,2018,KF,MP,1.11,8776
kommun,1260,2018,KF,C,4.25,8776
kommun,1260,2018,KF,L,3.11,8776
kommun,1260,2018,KF,KD,3.12,8776
kommun,1260,2018,KF,M,15.93,8776
kommun,1260,2018,KF,SD,33.34,8776
kommun,1260,2018,RD,V,3.63,8649
kommun,1260,2018,RD,S,30.37,8649
kommun,1260,2018,RD,MP,1.83,8649
kommun,1260,2018,RD,C,3.61,8649
kommun,1260,2018,RD,L,2.61,8649
kommun,1260,2018,RD,KD,4.2,8649
kommun,1260,2018,RD,M,14.35,8649
kommun,1260,2018,RD,SD,38.36,8649
kommun,1260,2018,RF,V,3.54,8724
kommun,1260,2018,RF,S,33.09,8724
kommun,1260,2018,RF,MP,1.65,8724
kommun,1260,2018,RF,C,3.79,8724
kommun,1260,2018,RF,L,2.56,8724
kommun,1260,2018,RF,KD,4.94,8724
kommun,1260,2018,RF,M,15.26,8724
kommun,1260,2018,RF,SD,34.51,8724
kommun,1260,2022,KF,V,3.56,8811
kommun,1260,2022,KF,S,31.52,8811
kommun,1260,2022,KF,MP,0.53,8811
kommun,1260,2022,KF,C,3.48,8811
kommun,1260,2022,KF,L,1.61,8811
kommun,1260,2022,KF,KD,3.82,8811
kommun,1260,2022,KF,M,14.7,8811
kommun,1260,2022,KF,SD,38.92,8811
kommun,1260,2022,RD,V,3.68,8661
kommun,1260,2022,RD,S,27.1,8661
kommun,1260,2022,RD,MP,1.36,8661
kommun,1260,2022,RD,C,2.94,8661
kommun,1260,2022,RD,L,1.79,8661
kommun,1260,2022,RD,KD,4.11,8661
kommun,1260,2022,RD,M,15.06,8661
kommun,1260,2022,RD,SD,42.07,8661
kommun,1260,2022,RF,V,3.96,8778
kommun,1260,2022,RF,S,30.82,8778
kommun,1260,2022,RF,MP,0.98,8778
kommun,1260,2022,RF,C,2.94,8778
kommun,1260,2022,RF,L,1.66,8778
kommun,1260,2022,RF,KD,5.14,8778
kommun,1260,2022,RF,M,15.11,8778
kommun,1260,2022,RF,SD,37.16,8778
kommun,1261,2014,KF,V,1.82,19302
kommun,1261,2014,KF,S,29.1,19302
kommun,1261,2014,KF,MP,6.99,19302
kommun,1261,2014,KF,C,5.8,19302
kommun,1261,2014,KF,L,9.32,19302
kommun,1261,2014,KF,KD,1.63,19302
kommun,1261,2014,KF,M,29.89,19302
kommun,1261,2014,KF,SD,14.51,19302
kommun,1261,2014,RD,V,2.05,19329
kommun,1261,2014,RD,S,27.09,19329
kommun,1261,2014,RD,MP,5.84,19329
kommun,1261,2014,RD,C,5.59,19329
kommun,1261,2014,RD,L,6.4,19329
kommun,1261,2014,RD,KD,2.84,19329
kommun,1261,2014,RD,M,29.37,19329
kommun,1261,2014,RD,SD,18.92,19329
kommun,1261,2014,RF,V,2.21,19179
kommun,1261,2014,RF,S,32.44,19179
kommun,1261,2014,RF,MP,5.65,19179
kommun,1261,2014,RF,C,4.45,19179
kommun,1261,2014,RF,L,6.58,19179
kommun,1261,2014,RF,KD,2.57,19179
kommun,1261,2014,RF,M,27.14,19179
kommun,1261,2014,RF,SD,14.3,19179
kommun,1261,2018,KF,V,2.02,20435
kommun,1261,2018,KF,S,24.64,20435
kommun,1261,2018,KF,MP,3.84,20435
kommun,1261,2018,KF,C,7.09,20435
kommun,1261,2018,KF,L,8.74,20435
kommun,1261,2018,KF,KD,2.73,20435
kommun,1261,2018,KF,M,31.34,20435
kommun,1261,2018,KF,SD,19.29,20435
kommun,1261,2018,RD,V,2.81,20396
kommun,1261,2018,RD,S,22.63,20396
kommun,1261,2018,RD,MP,3.31,20396
kommun,1261,2018,RD,C,7.65,20396
kommun,1261,2018,RD,L,6.37,20396
kommun,1261,2018,RD,KD,5.18,20396
kommun,1261,2018,RD,M,25.66,20396
kommun,1261,2018,RD,SD,25.03,20396
kommun,1261,2018,RF,V,2.74,20351
kommun,1261,2018,RF,S,25.2,20351
kommun,1261,2018,RF,MP,3.25,20351
kommun,1261,2018,RF,C,6.98,20351
kommun,1261,2018,RF,L,7.01,20351
kommun,1261,2018,RF,KD,4.93,20351
kommun,1261,2018,RF,M,28.75,20351
kommun,1261,2018,RF,SD,20.28,20351
kommun,1261,2022,KF,V,2.29,21059
kommun,1261,2022,KF,S,22.85,21059
kommun,1261,2022,KF,MP,3.61,21059
kommun,1261,2022,KF,C,6.36,21059
kommun,1261,2022,KF,L,5.53,21059
kommun,1261,2022,KF,KD,2.98,21059
kommun,1261,2022,KF,M,32.06,21059
kommun,1261,2022,KF,SD,18.88,21059
kommun,1261,2022,RD,V,2.54,21030
kommun,1261,2022,RD,S,25.15,21030
kommun,1261,2022,RD,MP,3.39,21030
kommun,1261,2022,RD,C,6.89,21030
kommun,1261,2022,RD,L,5.22,21030
kommun,1261,2022,RD,KD,4.64,21030
kommun,1261,2022,RD,M,24.52,21030
kommun,1261,2022,RD,SD,26.82,21030
kommun,1261,2022,RF,V,2.91,20953
kommun,1261,2022,RF,S,28.41,20953
kommun,1261,2022,RF,MP,2.79,20953
kommun,1261,2022,RF,C,5.56,20953
kommun,1261,2022,RF,L,5.42,20953
kommun,1261,2022,RF,KD,5.66,20953
kommun,1261,2022,RF,M,28.22,20953
kommun,1261,2022,RF,SD,20.19,20953
kommun,1262,2014,KF,V,0.67,15459
kommun,1262,2014,KF,S,21.51,15459
kommun,1262,2014,KF,MP,7.13,15459
kommun,1262,2014,KF,C,4.01,15459
kommun,1262,2014,KF,L,10.07,15459
kommun,1262,2014,KF,KD,1.94,15459
kommun,1262,2014,KF,M,45.68,15459
kommun,1262,2014,KF,SD,7.35,15459
kommun,1262,2014,RD,V,1.31,15473
kommun,1262,2014,RD,S,17.39,15473
kommun,1262,2014,RD,MP,5.8,15473
kommun,1262,2014,RD,C,5.85,15473
kommun,1262,2014,RD,L,9.89,15473
kommun,1262,2014,RD,KD,4.97,15473
kommun,1262,2014,RD,M,39.91,15473
kommun,1262,2014,RD,SD,12.63,15473
kommun,1262,2014,RF,V,1.52,15346
kommun,1262,2014,RF,S,24.66,15346
kommun,1262,2014,RF,MP,5.7,15346
kommun,1262,2014,RF,C,3.91,15346
kommun,1262,2014,RF,L,9.49,15346
kommun,1262,2014,RF,KD,3.99,15346
kommun,1262,2014,RF,M,37.23,15346
kommun,1262,2014,RF,SD,8.27,15346
kommun,1262,2018,KF,V,1.86,16360
kommun,1262,2018,KF,S,18.1,16360
kommun,1262,2018,KF,MP,3.48,16360
kommun,1262,2018,KF,C,5.78,16360
kommun,1262,2018,KF,L,8.84,16360
kommun,1262,2018,KF,KD,3.04,16360
kommun,1262,2018,KF,M,38.89,16360
kommun,1262,2018,KF,SD,9.66,16360
kommun,1262,2018,RD,V,2.54,16401
kommun,1262,2018,RD,S,16.69,16401
kommun,1262,2018,RD,MP,3.82,16401
kommun,1262,2018,RD,C,9.33,16401
kommun,1262,2018,RD,L,9.97,16401
kommun,1262,2018,RD,KD,6.38,16401
kommun,1262,2018,RD,M,33.16,16401
kommun,1262,2018,RD,SD,17.11,16401
kommun,1262,2018,RF,V,2.52,16256
kommun,1262,2018,RF,S,19.58,16256
kommun,1262,2018,RF,MP,3.58,16256
kommun,1262,2018,RF,C,7.28,16256
kommun,1262,2018,RF,L,10.35,16256
kommun,1262,2018,RF,KD,6.99,16256
kommun,1262,2018,RF,M,36.89,16256
kommun,1262,2018,RF,SD,11.99,16256
kommun,1262,2022,KF,V,1.79,16461
kommun,1262,2022,KF,S,18.6,16461
kommun,1262,2022,KF,MP,3.47,16461
kommun,1262,2022,KF,C,3.76,16461
kommun,1262,2022,KF,L,6.31,16461
kommun,1262,2022,KF,KD,2.72,16461
kommun,1262,2022,KF,M,41.35,16461
kommun,1262,2022,KF,SD,10.08,16461
kommun,1262,2022,RD,V,2.2,16493
kommun,1262,2022,RD,S,23.2,16493
kommun,1262,2022,RD,MP,4.55,16493
kommun,1262,2022,RD,C,8.49,16493
kommun,1262,2022,RD,L,8.91,16493
kommun,1262,2022,RD,KD,4.84,16493
kommun,1262,2022,RD,M,29.42,16493
kommun,1262,2022,RD,SD,17.62,16493
kommun,1262,2022,RF,V,2.72,16316
kommun,1262,2022,RF,S,26.19,16316
kommun,1262,2022,RF,MP,3.34,16316
kommun,1262,2022,RF,C,5.27,16316
kommun,1262,2022,RF,L,8.29,16316
kommun,1262,2022,RF,KD,7.16,16316
kommun,1262,2022,RF,M,34.38,16316
kommun,1262,2022,RF,SD,11.72,16316
kommun,1263,2014,KF,V,1.8,12970
kommun,1263,2014,KF,S,26.19,12970
kommun,1263,2014,KF,MP,6.95,12970
kommun,1263,2014,KF,C,4.16,12970
kommun,1263,2014,KF,L,5.61,12970
kommun,1263,2014,KF,KD,1.08,12970
kommun,1263,2014,KF,M,26.08,12970
kommun,1263,2014,KF,SD,20.48,12970
kommun,1263,2014,RD,V,2.07,12922
kommun,1263,2014,RD,S,26.61,12922
kommun,1263,2014,RD,MP,5.1,12922
kommun,1263,2014,RD,C,4.39,12922
kommun,1263,2014,RD,L,5.37,12922
kommun,1263,2014,RD,KD,2.93,12922
kommun,1263,2014,RD,M,26.86,12922
kommun,1263,2014,RD,SD,24.09,12922
kommun,1263,2014,RF,V,2.32,12883
kommun,1263,2014,RF,S,30.75,12883
kommun,1263,2014,RF,MP,5.32,12883
kommun,1263,2014,RF,C,3.56,12883
kommun,1263,2014,RF,L,5.22,12883
kommun,1263,2014,RF,KD,2.19,12883
kommun,1263,2014,RF,M,26.03,12883
kommun,1263,2014,RF,SD,20.16,12883
kommun,1263,2018,KF,V,2.29,13834
kommun,1263,2018,KF,S,19.67,13834
kommun,1263,2018,KF,MP,3.42,13834
kommun,1263,2018,KF,C,5.09,13834
kommun,1263,2018,KF,L,4.79,13834
kommun,1263,2018,KF,KD,2.97,13834
kommun,1263,2018,KF,M,23.9,13834
kommun,1263,2018,KF,SD,27.03,13834
kommun,1263,2018,RD,V,3.2,13735
kommun,1263,2018,RD,S,21.87,13735
kommun,1263,2018,RD,MP,2.95,13735
kommun,1263,2018,RD,C,5.98,13735
kommun,1263,2018,RD,L,5.35,13735
kommun,1263,2018,RD,KD,5.27,13735
kommun,1263,2018,RD,M,22.61,13735
kommun,1263,2018,RD,SD,31.47,13735
kommun,1263,2018,RF,V,3.19,13783
kommun,1263,2018,RF,S,23.41,13783
kommun,1263,2018,RF,MP,3.29,13783
kommun,1263,2018,RF,C,5.75,13783
kommun,1263,2018,RF,L,5.41,13783
kommun,1263,2018,RF,KD,5.23,13783
kommun,1263,2018,RF,M,24.82,13783
kommun,1263,2018,RF,SD,27.47,13783
kommun,1263,2022,KF,V,2.34,14659
kommun,1263,2022,KF,S,22.99,14659
kommun,1263,2022,KF,MP,2.74,14659
kommun,1263,2022,KF,C,4.45,14659
kommun,1263,2022,KF,L,2.16,14659
kommun,1263,2022,KF,KD,3.67,14659
kommun,1263,2022,KF,M,24.75,14659
kommun,1263,2022,KF,SD,27.17,14659
kommun,1263,2022,RD,V,3.05,14674
kommun,1263,2022,RD,S,24.76,14674
kommun,1263,2022,RD,MP,2.81,14674
kommun,1263,2022,RD,C,4.85,14674
kommun,1263,2022,RD,L,3.46,14674
kommun,1263,2022,RD,KD,5.41,14674
kommun,1263,2022,RD,M,22.0,14674
kommun,1263,2022,RD,SD,32.7,14674
kommun,1263,2022,RF,V,3.62,14629
kommun,1263,2022,RF,S,27.19,14629
kommun,1263,2022,RF,MP,2.2,14629
kommun,1263,2022,RF,C,4.23,14629
kommun,1263,2022,RF,L,3.16,14629
kommun,1263,2022,RF,KD,6.3,14629
kommun,1263,2022,RF,M,24.67,14629
kommun,1263,2022,RF,SD,27.49,14629
kommun,1264,2014,KF,V,4.2,9627
kommun,1264,2014,KF,S,29.73,9627
kommun,1264,2014,KF,MP,4.45,9627
kommun,1264,2014,KF,C,7.39,9627
kommun,1264,2014,KF,L,5.41,9627
kommun,1264,2014,KF,KD,1.58,9627
kommun,1264,2014,KF,M,21.17,9627
kommun,1264,2014,KF,SD,20.39,9627
kommun,1264,2014,RD,V,3.35,9556
kommun,1264,2014,RD,S,28.63,9556
kommun,1264,2014,RD,MP,3.9,9556
kommun,1264,2014,RD,C,6.73,9556
kommun,1264,2014,RD,L,3.77,9556
kommun,1264,2014,RD,KD,2.33,9556
kommun,1264,2014,RD,M,23.64,9556
kommun,1264,2014,RD,SD,25.07,9556
kommun,1264,2014,RF,V,3.85,9543
kommun,1264,2014,RF,S,32.48,9543
kommun,1264,2014,RF,MP,3.99,9543
kommun,1264,2014,RF,C,6.59,9543
kommun,1264,2014,RF,L,4.32,9543
kommun,1264,2014,RF,KD,2.17,9543
kommun,1264,2014,RF,M,22.03,9543
kommun,1264,2014,RF,SD,20.85,9543
kommun,1264,2018,KF,V,4.26,10160
kommun,1264,2018,KF,S,23.72,10160
kommun,1264,2018,KF,MP,3.11,10160
kommun,1264,2018,KF,C,7.54,10160
kommun,1264,2018,KF,L,4.2,10160
kommun,1264,2018,KF,KD,1.01,10160
kommun,1264,2018,KF,M,23.44,10160
kommun,1264,2018,KF,SD,26.14,10160
kommun,1264,2018,RD,V,4.27,10054
kommun,1264,2018,RD,S,22.56,10054
kommun,1264,2018,RD,MP,2.63,10054
kommun,1264,2018,RD,C,7.24,10054
kommun,1264,2018,RD,L,3.82,10054
kommun,1264,2018,RD,KD,4.38,10054
kommun,1264,2018,RD,M,20.61,10054
kommun,1264,2018,RD,SD,33.34,10054
kommun,1264,2018,RF,V,4.35,10075
kommun,1264,2018,RF,S,25.32,10075
kommun,1264,2018,RF,MP,2.5,10075
kommun,1264,2018,RF,C,7.23,10075
kommun,1264,2018,RF,L,4.11,10075
kommun,1264,2018,RF,KD,4.03,10075
kommun,1264,2018,RF,M,23.38,10075
kommun,1264,2018,RF,SD,28.19,10075
kommun,1264,2022,KF,V,5.79,10510
kommun,1264,2022,KF,S,23.65,10510
kommun,1264,2022,KF,MP,0.84,10510
kommun,1264,2022,KF,C,5.94,10510
kommun,1264,2022,KF,L,3.15,10510
kommun,1264,2022,KF,KD,3.4,10510
kommun,1264,2022,KF,M,28.56,10510
kommun,1264,2022,KF,SD,24.26,10510
kommun,1264,2022,RD,V,3.77,10470
kommun,1264,2022,RD,S,24.04,10470
kommun,1264,2022,RD,MP,2.36,10470
kommun,1264,2022,RD,C,5.14,10470
kommun,1264,2022,RD,L,3.27,10470
kommun,1264,2022,RD,KD,5.03,10470
kommun,1264,2022,RD,M,20.13,10470
kommun,1264,2022,RD,SD,34.88,10470
kommun,1264,2022,RF,V,4.78,10440
kommun,1264,2022,RF,S,26.03,10440
kommun,1264,2022,RF,MP,1.64,10440
kommun,1264,2022,RF,C,4.82,10440
kommun,1264,2022,RF,L,3.12,10440
kommun,1264,2022,RF,KD,5.69,10440
kommun,1264,2022,RF,M,25.4,10440
kommun,1264,2022,RF,SD,26.64,10440
kommun,1265,2014,KF,V,3.49,11789
kommun,1265,2014,KF,S,19.52,11789
kommun,1265,2014,KF,MP,4.01,11789
kommun,1265,2014,KF,C,8.36,11789
kommun,1265,2014,KF,L,2.6,11789
kommun,1265,2014,KF,KD,8.34,11789
kommun,1265,2014,KF,M,24.02,11789
kommun,1265,2014,KF,SD,20.75,11789
kommun,1265,2014,RD,V,2.35,11830
kommun,1265,2014,RD,S,23.65,11830
kommun,1265,2014,RD,MP,3.9,11830
kommun,1265,2014,RD,C,7.74,11830
kommun,1265,2014,RD,L,2.85,11830
kommun,1265,2014,RD,KD,3.38,11830
kommun,1265,2014,RD,M,23.19,11830
kommun,1265,2014,RD,SD,29.96,11830
kommun,1265,2014,RF,V,3.08,11626
kommun,1265,2014,RF,S,26.29,11626
kommun,1265,2014,RF,MP,3.93,11626
kommun,1265,2014,RF,C,7.93,11626
kommun,1265,2014,RF,L,3.17,11626
kommun,1265,2014,RF,KD,5.13,11626
kommun,1265,2014,RF,M,22.24,11626
kommun,1265,2014,RF,SD,23.71,11626
kommun,1265,2018,KF,V,3.49,12422
kommun,1265,2018,KF,S,16.3,12422
kommun,1265,2018,KF,MP,2.5,12422
kommun,1265,2018,KF,C,9.11,12422
kommun,1265,2018,KF,L,2.73,12422
kommun,1265,2018,KF,KD,6.54,12422
kommun,1265,2018,KF,M,24.63,12422
kommun,1265,2018,KF,SD,27.74,12422
kommun,1265,2018,RD,V,3.31,12418
kommun,1265,2018,RD,S,19.09,12418
kommun,1265,2018,RD,MP,2.42,12418
kommun,1265,2018,RD,C,7.05,12418
kommun,1265,2018,RD,L,2.92,12418
kommun,1265,2018,RD,KD,6.17,12418
kommun,1265,2018,RD,M,18.22,12418
kommun,1265,2018,RD,SD,39.23,12418
kommun,1265,2018,RF,V,3.54,12274
kommun,1265,2018,RF,S,19.77,12274
kommun,1265,2018,RF,MP,2.37,12274
kommun,1265,2018,RF,C,7.94,12274
kommun,1265,2018,RF,L,3.14,12274
kommun,1265,2018,RF,KD,8.11,12274
kommun,1265,2018,RF,M,21.37,12274
kommun,1265,2018,RF,SD,32.26,12274
kommun,1265,2022,KF,V,4.12,12635
kommun,1265,2022,KF,S,16.62,12635
kommun,1265,2022,KF,MP,2.35,12635
kommun,1265,2022,KF,C,6.17,12635
kommun,1265,2022,KF,L,2.74,12635
kommun,1265,2022,KF,KD,9.5,12635
kommun,1265,2022,KF,M,23.06,12635
kommun,1265,2022,KF,SD,34.57,12635
kommun,1265,2022,RD,V,2.69,12617
kommun,1265,2022,RD,S,19.06,12617
kommun,1265,2022,RD,MP,2.74,12617
kommun,1265,2022,RD,C,4.3,12617
kommun,1265,2022,RD,L,2.92,12617
kommun,1265,2022,RD,KD,6.9,12617
kommun,1265,2022,RD,M,17.65,12617
kommun,1265,2022,RD,SD,42.56,12617
kommun,1265,2022,RF,V,3.56,12514
kommun,1265,2022,RF,S,19.93,12514
kommun,1265,2022,RF,MP,2.32,12514
kommun,1265,2022,RF,C,4.78,12514
kommun,1265,2022,RF,L,2.41,12514
kommun,1265,2022,RF,KD,9.6,12514
kommun,1265,2022,RF,M,21.48,12514
kommun,1265,2022,RF,SD,34.61,12514
kommun,1266,2014,KF,V,2.94,9441
kommun,1266,2014,KF,S,25.15,9441
kommun,1266,2014,KF,MP,4.91,9441
kommun,1266,2014,KF,C,13.01,9441
kommun,1266,2014,KF,L,6.03,9441
kommun,1266,2014,KF,KD,2.91,9441
kommun,1266,2014,KF,M,15.7,9441
kommun,1266,2014,KF,SD,21.1,9441
kommun,1266,2014,RD,V,2.73,9503
kommun,1266,2014,RD,S,24.91,9503
kommun,1266,2014,RD,MP,4.82,9503
kommun,1266,2014,RD,C,8.98,9503
kommun,1266,2014,RD,L,4.03,9503
kommun,1266,2014,RD,KD,3.65,9503
kommun,1266,2014,RD,M,19.45,9503
kommun,1266,2014,RD,SD,27.4,9503
kommun,1266,2014,RF,V,3.2,9408
kommun,1266,2014,RF,S,29.1,9408
kommun,1266,2014,RF,MP,4.5,9408
kommun,1266,2014,RF,C,10.01,9408
kommun,1266,2014,RF,L,4.36,9408
kommun,1266,2014,RF,KD,3.55,9408
kommun,1266,2014,RF,M,16.61,9408
kommun,1266,2014,RF,SD,21.67,9408
kommun,1266,2018,KF,V,3.33,10153
kommun,1266,2018,KF,S,15.06,10153
kommun,1266,2018,KF,MP,2.76,10153
kommun,1266,2018,KF,C,11.3,10153
kommun,1266,2018,KF,L,9.81,10153
kommun,1266,2018,KF,KD,3.92,10153
kommun,1266,2018,KF,M,10.96,10153
kommun,1266,2018,KF,SD,35.3,10153
kommun,1266,2018,RD,V,4.46,10064
kommun,1266,2018,RD,S,19.45,10064
kommun,1266,2018,RD,MP,2.54,10064
kommun,1266,2018,RD,C,8.34,10064
kommun,1266,2018,RD,L,4.32,10064
kommun,1266,2018,RD,KD,6.56,10064
kommun,1266,2018,RD,M,17.29,10064
kommun,1266,2018,RD,SD,35.43,10064
kommun,1266,2018,RF,V,4.46,10090
kommun,1266,2018,RF,S,20.01,10090
kommun,1266,2018,RF,MP,2.72,10090
kommun,1266,2018,RF,C,9.55,10090
kommun,1266,2018,RF,L,5.47,10090
kommun,1266,2018,RF,KD,6.75,10090
kommun,1266,2018,RF,M,17.31,10090
kommun,1266,2018,RF,SD,32.43,10090
kommun,1266,2022,KF,V,3.75,10139
kommun,1266,2022,KF,S,17.73,10139
kommun,1266,2022,KF,MP,1.83,10139
kommun,1266,2022,KF,C,9.45,10139
kommun,1266,2022,KF,L,6.51,10139
kommun,1266,2022,KF,KD,5.03,10139
kommun,1266,2022,KF,M,12.17,10139
kommun,1266,2022,KF,SD,39.32,10139
kommun,1266,2022,RD,V,3.72,10094
kommun,1266,2022,RD,S,21.09,10094
kommun,1266,2022,RD,MP,2.8,10094
kommun,1266,2022,RD,C,5.6,10094
kommun,1266,2022,RD,L,3.7,10094
kommun,1266,2022,RD,KD,6.86,10094
kommun,1266,2022,RD,M,16.27,10094
kommun,1266,2022,RD,SD,38.96,10094
kommun,1266,2022,RF,V,4.29,10095
kommun,1266,2022,RF,S,22.35,10095
kommun,1266,2022,RF,MP,1.96,10095
kommun,1266,2022,RF,C,6.12,10095
kommun,1266,2022,RF,L,3.82,10095
kommun,1266,2022,RF,KD,7.57,10095
kommun,1266,2022,RF,M,17.5,10095
kommun,1266,2022,RF,SD,34.99,10095
kommun,1267,2014,KF,V,4.63,10161
kommun,1267,2014,KF,S,24.22,10161
kommun,1267,2014,KF,MP,9.11,10161
kommun,1267,2014,KF,C,8.3,10161
kommun,1267,2014,KF,L,7.23,10161
kommun,1267,2014,KF,KD,2.37,10161
kommun,1267,2014,KF,M,23.02,10161
kommun,1267,2014,KF,SD,18.99,10161
kommun,1267,2014,RD,V,4.2,10108
kommun,1267,2014,RD,S,25.51,10108
kommun,1267,2014,RD,MP,7.77,10108
kommun,1267,2014,RD,C,6.96,10108
kommun,1267,2014,RD,L,4.81,10108
kommun,1267,2014,RD,KD,3.77,10108
kommun,1267,2014,RD,M,22.39,10108
kommun,1267,2014,RD,SD,20.99,10108
kommun,1267,2014,RF,V,4.72,10111
kommun,1267,2014,RF,S,28.71,10111
kommun,1267,2014,RF,MP,7.88,10111
kommun,1267,2014,RF,C,6.71,10111
kommun,1267,2014,RF,L,5.46,10111
kommun,1267,2014,RF,KD,3.54,10111
kommun,1267,2014,RF,M,20.16,10111
kommun,1267,2014,RF,SD,17.67,10111
kommun,1267,2018,KF,V,6.2,10798
kommun,1267,2018,KF,S,14.76,10798
kommun,1267,2018,KF,MP,6.1,10798
kommun,1267,2018,KF,C,9.87,10798
kommun,1267,2018,KF,L,12.51,10798
kommun,1267,2018,KF,KD,3.93,10798
kommun,1267,2018,KF,M,19.3,10798
kommun,1267,2018,KF,SD,22.66,10798
kommun,1267,2018,RD,V,6.18,10737
kommun,1267,2018,RD,S,19.32,10737
kommun,1267,2018,RD,MP,5.63,10737
kommun,1267,2018,RD,C,7.76,10737
kommun,1267,2018,RD,L,5.48,10737
kommun,1267,2018,RD,KD,6.43,10737
kommun,1267,2018,RD,M,18.9,10737
kommun,1267,2018,RD,SD,28.16,10737
kommun,1267,2018,RF,V,6.56,10752
kommun,1267,2018,RF,S,20.14,10752
kommun,1267,2018,RF,MP,5.44,10752
kommun,1267,2018,RF,C,8.26,10752
kommun,1267,2018,RF,L,6.57,10752
kommun,1267,2018,RF,KD,6.14,10752
kommun,1267,2018,RF,M,20.26,10752
kommun,1267,2018,RF,SD,23.88,10752
kommun,1267,2022,KF,V,6.89,10959
kommun,1267,2022,KF,S,18.95,10959
kommun,1267,2022,KF,MP,5.53,10959
kommun,1267,2022,KF,C,5.89,10959
kommun,1267,2022,KF,L,4.14,10959
kommun,1267,2022,KF,KD,4.52,10959
kommun,1267,2022,KF,M,26.64,10959
kommun,1267,2022,KF,SD,21.87,10959
kommun,1267,2022,RD,V,5.19,10913
kommun,1267,2022,RD,S,23.12,10913
kommun,1267,2022,RD,MP,6.2,10913
kommun,1267,2022,RD,C,5.31,10913
kommun,1267,2022,RD,L,4.32,10913
kommun,1267,2022,RD,KD,5.95,10913
kommun,1267,2022,RD,M,17.62,10913
kommun,1267,2022,RD,SD,30.61,10913
kommun,1267,2022,RF,V,6.71,10968
kommun,1267,2022,RF,S,24.33,10968
kommun,1267,2022,RF,MP,4.78,10968
kommun,1267,2022,RF,C,4.84,10968
kommun,1267,2022,RF,L,3.72,10968
kommun,1267,2022,RF,KD,6.8,10968
kommun,1267,2022,RF,M,22.23,10968
kommun,1267,2022,RF,SD,23.62,10968
kommun,1270,2014,KF,V,3.4,8294
kommun,1270,2014,KF,S,26.87,8294
kommun,1270,2014,KF,MP,5.44,8294
kommun,1270,2014,KF,C,17.62,8294
kommun,1270,2014,KF,L,2.95,8294
kommun,1270,2014,KF,KD,1.68,8294
kommun,1270,2014,KF,M,17.29,8294
kommun,1270,2014,KF,SD,22.12,8294
kommun,1270,2014,RD,V,2.62,8326
kommun,1270,2014,RD,S,28.63,8326
kommun,1270,2014,RD,MP,4.2,8326
kommun,1270,2014,RD,C,9.61,8326
kommun,1270,2014,RD,L,3.01,8326
kommun,1270,2014,RD,KD,2.32,8326
kommun,1270,2014,RD,M,20.44,8326
kommun,1270,2014,RD,SD,25.55,8326
kommun,1270,2014,RF,V,3.2,8240
kommun,1270,2014,RF,S,30.44,8240
kommun,1270,2014,RF,MP,4.48,8240
kommun,1270,2014,RF,C,12.17,8240
kommun,1270,2014,RF,L,2.94,8240
kommun,1270,2014,RF,KD,2.22,8240
kommun,1270,2014,RF,M,18.36,8240
kommun,1270,2014,RF,SD,21.52,8240
kommun,1270,2018,KF,V,4.12,8635
kommun,1270,2018,KF,S,22.56,8635
kommun,1270,2018,KF,MP,3.28,8635
kommun,1270,2018,KF,C,18.99,8635
kommun,1270,2018,KF,L,2.47,8635
kommun,1270,2018,KF,KD,2.41,8635
kommun,1270,2018,KF,M,19.2,8635
kommun,1270,2018,KF,SD,24.37,8635
kommun,1270,2018,RD,V,4.27,8617
kommun,1270,2018,RD,S,23.16,8617
kommun,1270,2018,RD,MP,2.94,8617
kommun,1270,2018,RD,C,9.46,8617
kommun,1270,2018,RD,L,2.95,8617
kommun,1270,2018,RD,KD,4.67,8617
kommun,1270,2018,RD,M,17.72,8617
kommun,1270,2018,RD,SD,33.19,8617
kommun,1270,2018,RF,V,4.64,8556
kommun,1270,2018,RF,S,23.8,8556
kommun,1270,2018,RF,MP,2.91,8556
kommun,1270,2018,RF,C,13.39,8556
kommun,1270,2018,RF,L,3.27,8556
kommun,1270,2018,RF,KD,4.64,8556
kommun,1270,2018,RF,M,19.54,8556
kommun,1270,2018,RF,SD,26.38,8556
kommun,1270,2022,KF,V,4.5,8763
kommun,1270,2022,KF,S,22.48,8763
kommun,1270,2022,KF,MP,2.94,8763
kommun,1270,2022,KF,C,13.44,8763
kommun,1270,2022,KF,L,2.03,8763
kommun,1270,2022,KF,KD,3.18,8763
kommun,1270,2022,KF,M,20.89,8763
kommun,1270,2022,KF,SD,30.15,8763
kommun,1270,2022,RD,V,3.95,8750
kommun,1270,2022,RD,S,23.27,8750
kommun,1270,2022,RD,MP,3.54,8750
kommun,1270,2022,RD,C,5.78,8750
kommun,1270,2022,RD,L,2.61,8750
kommun,1270,2022,RD,KD,5.46,8750
kommun,1270,2022,RD,M,16.96,8750
kommun,1270,2022,RD,SD,37.2,8750
kommun,1270,2022,RF,V,4.85,8719
kommun,1270,2022,RF,S,24.66,8719
kommun,1270,2022,RF,MP,2.79,8719
kommun,1270,2022,RF,C,7.88,8719
kommun,1270,2022,RF,L,2.12,8719
kommun,1270,2022,RF,KD,5.51,8719
kommun,1270,2022,RF,M,20.61,8719
kommun,1270,2022,RF,SD,30.28,8719
kommun,1272,2014,KF,V,8.98,7974
kommun,1272,2014,KF,S,31.98,7974
kommun,1272,2014,KF,MP,5.12,7974
kommun,1272,2014,KF,C,3.0,7974
kommun,1272,2014,KF,L,3.12,7974
kommun,1272,2014,KF,KD,1.64,7974
kommun,1272,2014,KF,M,13.51,7974
kommun,1272,2014,KF,SD,22.81,7974
kommun,1272,2014,RD,V,4.53,8029
kommun,1272,2014,RD,S,37.88,8029
kommun,1272,2014,RD,MP,4.17,8029
kommun,1272,2014,RD,C,3.01,8029
kommun,1272,2014,RD,L,2.96,8029
kommun,1272,2014,RD,KD,2.12,8029
kommun,1272,2014,RD,M,15.33,8029
kommun,1272,2014,RD,SD,28.42,8029
kommun,1272,2014,RF,V,5.95,7835
kommun,1272,2014,RF,S,40.55,7835
kommun,1272,2014,RF,MP,4.3,7835
kommun,1272,2014,RF,C,3.02,7835
kommun,1272,2014,RF,L,3.47,7835
kommun,1272,2014,RF,KD,2.46,7835
kommun,1272,2014,RF,M,13.62,7835
kommun,1272,2014,RF,SD,23.36,7835
kommun,1272,2018,KF,V,3.99,8216
kommun,1272,2018,KF,S,30.48,8216
kommun,1272,2018,KF,MP,1.79,8216
kommun,1272,2018,KF,C,2.69,8216
kommun,1272,2018,KF,L,5.31,8216
kommun,1272,2018,KF,KD,2.39,8216
kommun,1272,2018,KF,M,13.67,8216
kommun,1272,2018,KF,SD,29.13,8216
kommun,1272,2018,RD,V,3.39,8151
kommun,1272,2018,RD,S,31.01,8151
kommun,1272,2018,RD,MP,1.63,8151
kommun,1272,2018,RD,C,3.28,8151
kommun,1272,2018,RD,L,3.46,8151
kommun,1272,2018,RD,KD,4.58,8151
kommun,1272,2018,RD,M,13.38,8151
kommun,1272,2018,RD,SD,38.23,8151
kommun,1272,2018,RF,V,3.78,8104
kommun,1272,2018,RF,S,32.45,8104
kommun,1272,2018,RF,MP,1.95,8104
kommun,1272,2018,RF,C,3.31,8104
kommun,1272,2018,RF,L,4.54,8104
kommun,1272,2018,RF,KD,4.65,8104
kommun,1272,2018,RF,M,13.49,8104
kommun,1272,2018,RF,SD,32.84,8104
kommun,1272,2022,KF,V,4.13,8033
kommun,1272,2022,KF,S,29.3,8033
kommun,1272,2022,KF,MP,1.44,8033
kommun,1272,2022,KF,C,2.15,8033
kommun,1272,2022,KF,L,3.73,8033
kommun,1272,2022,KF,KD,3.49,8033
kommun,1272,2022,KF,M,20.71,8033
kommun,1272,2022,KF,SD,26.55,8033
kommun,1272,2022,RD,V,3.34,7990
kommun,1272,2022,RD,S,28.3,7990
kommun,1272,2022,RD,MP,1.79,7990
kommun,1272,2022,RD,C,2.39,7990
kommun,1272,2022,RD,L,2.68,7990
kommun,1272,2022,RD,KD,5.18,7990
kommun,1272,2022,RD,M,16.06,7990
kommun,1272,2022,RD,SD,39.14,7990
kommun,1272,2022,RF,V,4.04,7965
kommun,1272,2022,RF,S,31.22,7965
kommun,1272,2022,RF,MP,1.41,7965
kommun,1272,2022,RF,C,2.3,7965
kommun,1272,2022,RF,L,3.34,7965
kommun,1272,2022,RF,KD,6.35,7965
kommun,1272,2022,RF,M,18.53,7965
kommun,1272,2022,RF,SD,31.46,7965
kommun,1273,2014,KF,V,4.13,8182
kommun,1273,2014,KF,S,39.87,8182
kommun,1273,2014,KF,MP,2.95,8182
kommun,1273,2014,KF,C,11.53,8182
kommun,1273,2014,KF,L,2.76,8182
kommun,1273,2014,KF,KD,5.13,8182
kommun,1273,2014,KF,M,12.22,8182
kommun,1273,2014,KF,SD,20.69,8182
kommun,1273,2014,RD,V,3.42,8244
kommun,1273,2014,RD,S,35.23,8244
kommun,1273,2014,RD,MP,4.25,8244
kommun,1273,2014,RD,C,5.92,8244
kommun,1273,2014,RD,L,2.66,8244
kommun,1273,2014,RD,KD,4.86,8244
kommun,1273,2014,RD,M,16.15,8244
kommun,1273,2014,RD,SD,25.4,8244
kommun,1273,2014,RF,V,3.33,8107
kommun,1273,2014,RF,S,38.78,8107
kommun,1273,2014,RF,MP,3.66,8107
kommun,1273,2014,RF,C,7.29,8107
kommun,1273,2014,RF,L,3.02,8107
kommun,1273,2014,RF,KD,5.05,8107
kommun,1273,2014,RF,M,14.16,8107
kommun,1273,2014,RF,SD,21.48,8107
kommun,1273,2018,KF,V,2.63,8483
kommun,1273,2018,KF,S,31.76,8483
kommun,1273,2018,KF,MP,1.59,8483
kommun,1273,2018,KF,C,16.52,8483
kommun,1273,2018,KF,L,2.28,8483
kommun,1273,2018,KF,KD,5.59,8483
kommun,1273,2018,KF,M,14.75,8483
kommun,1273,2018,KF,SD,22.99,8483
kommun,1273,2018,RD,V,3.94,8385
kommun,1273,2018,RD,S,28.18,8385
kommun,1273,2018,RD,MP,2.25,8385
kommun,1273,2018,RD,C,7.31,8385
kommun,1273,2018,RD,L,2.43,8385
kommun,1273,2018,RD,KD,7.29,8385
kommun,1273,2018,RD,M,16.14,8385
kommun,1273,2018,RD,SD,31.19,8385
kommun,1273,2018,RF,V,4.07,8258
kommun,1273,2018,RF,S,31.19,8258
kommun,1273,2018,RF,MP,2.13,8258
kommun,1273,2018,RF,C,9.42,8258
kommun,1273,2018,RF,L,2.58,8258
kommun,1273,2018,RF,KD,7.44,8258
kommun,1273,2018,RF,M,16.71,8258
kommun,1273,2018,RF,SD,25.77,8258
kommun,1273,2022,KF,V,2.98,8280
kommun,1273,2022,KF,S,25.77,8280
kommun,1273,2022,KF,MP,0.93,8280
kommun,1273,2022,KF,C,25.08,8280
kommun,1273,2022,KF,L,1.34,8280
kommun,1273,2022,KF,KD,5.42,8280
kommun,1273,2022,KF,M,12.07,8280
kommun,1273,2022,KF,SD,26.18,8280
kommun,1273,2022,RD,V,3.47,8248
kommun,1273,2022,RD,S,27.18,8248
kommun,1273,2022,RD,MP,2.55,8248
kommun,1273,2022,RD,C,4.75,8248
kommun,1273,2022,RD,L,2.32,8248
kommun,1273,2022,RD,KD,6.53,8248
kommun,1273,2022,RD,M,15.85,8248
kommun,1273,2022,RD,SD,36.42,8248
kommun,1273,2022,RF,V,3.94,8153
kommun,1273,2022,RF,S,29.3,8153
kommun,1273,2022,RF,MP,1.8,8153
kommun,1273,2022,RF,C,9.55,8153
kommun,1273,2022,RF,L,1.86,8153
kommun,1273,2022,RF,KD,7.4,8153
kommun,1273,2022,RF,M,16.6,8153
kommun,1273,2022,RF,SD,28.49,8153
kommun,1275,2014,KF,V,4.29,4191
kommun,1275,2014,KF,S,27.37,4191
kommun,1275,2014,KF,MP,4.22,4191
kommun,1275,2014,KF,C,8.02,4191
kommun,1275,2014,KF,L,1.88,4191
kommun,1275,2014,KF,KD,2.36,4191
kommun,1275,2014,KF,M,10.26,4191
kommun,1275,2014,KF,SD,16.54,4191
kommun,1275,2014,RD,V,3.26,4171
kommun,1275,2014,RD,S,37.14,4171
kommun,1275,2014,RD,MP,4.2,4171
kommun,1275,2014,RD,C,4.87,4171
kommun,1275,2014,RD,L,3.07,4171
kommun,1275,2014,RD,KD,2.78,4171
kommun,1275,2014,RD,M,17.43,4171
kommun,1275,2014,RD,SD,25.29,4171
kommun,1275,2014,RF,V,4.31,4104
kommun,1275,2014,RF,S,40.38,4104
kommun,1275,2014,RF,MP,4.58,4104
kommun,1275,2014,RF,C,5.9,4104
kommun,1275,2014,RF,L,3.07,4104
kommun,1275,2014,RF,KD,3.41,4104
kommun,1275,2014,RF,M,14.84,4104
kommun,1275,2014,RF,SD,20.27,4104
kommun,1275,2018,KF,V,1.56,4176
kommun,1275,2018,KF,S,24.21,4176
kommun,1275,2018,KF,MP,2.16,4176
kommun,1275,2018,KF,C,8.52,4176
kommun,1275,2018,KF,L,1.56,4176
kommun,1275,2018,KF,KD,2.95,4176
kommun,1275,2018,KF,M,10.18,4176
kommun,1275,2018,KF,SD,18.89,4176
kommun,1275,2018,RD,V,3.32,4126
kommun,1275,2018,RD,S,29.33,4126
kommun,1275,2018,RD,MP,1.96,4126
kommun,1275,2018,RD,C,5.04,4126
kommun,1275,2018,RD,L,2.4,4126
kommun,1275,2018,RD,KD,5.33,4126
kommun,1275,2018,RD,M,16.0,4126
kommun,1275,2018,RD,SD,35.29,4126
kommun,1275,2018,RF,V,3.62,4089
kommun,1275,2018,RF,S,32.09,4089
kommun,1275,2018,RF,MP,2.47,4089
kommun,1275,2018,RF,C,6.48,4089
kommun,1275,2018,RF,L,2.76,4089
kommun,1275,2018,RF,KD,6.21,4089
kommun,1275,2018,RF,M,16.36,4089
kommun,1275,2018,RF,SD,29.32,4089
kommun,1275,2022,KF,V,3.92,4082
kommun,1275,2022,KF,S,20.9,4082
kommun,1275,2022,KF,MP,1.71,4082
kommun,1275,2022,KF,C,6.93,4082
kommun,1275,2022,KF,L,0.54,4082
kommun,1275,2022,KF,KD,2.6,4082
kommun,1275,2022,KF,M,8.77,4082
kommun,1275,2022,KF,SD,18.91,4082
kommun,1275,2022,RD,V,3.84,4033
kommun,1275,2022,RD,S,26.51,4033
kommun,1275,2022,RD,MP,1.69,4033
kommun,1275,2022,RD,C,4.07,4033
kommun,1275,2022,RD,L,1.98,4033
kommun,1275,2022,RD,KD,5.53,4033
kommun,1275,2022,RD,M,14.53,4033
kommun,1275,2022,RD,SD,40.86,4033
kommun,1275,2022,RF,V,4.64,4009
kommun,1275,2022,RF,S,30.31,4009
kommun,1275,2022,RF,MP,1.5,4009
kommun,1275,2022,RF,C,4.96,4009
kommun,1275,2022,RF,L,1.75,4009
kommun,1275,2022,RF,KD,7.48,4009
kommun,1275,2022,RF,M,17.01,4009
kommun,1275,2022,RF,SD,31.03,4009
kommun,1276,2014,KF,V,2.94,10064
kommun,1276,2014,KF,S,35.66,10064
kommun,1276,2014,KF,MP,4.71,10064
kommun,1276,2014,KF,C,6.16,10064
kommun,1276,2014,KF,L,3.51,10064
kommun,1276,2014,KF,KD,6.09,10064
kommun,1276,2014,KF,M,19.53,10064
kommun,1276,2014,KF,SD,20.81,10064
kommun,1276,2014,RD,V,3.43,10077
kommun,1276,2014,RD,S,33.66,10077
kommun,1276,2014,RD,MP,3.83,10077
kommun,1276,2014,RD,C,5.27,10077
kommun,1276,2014,RD,L,2.79,10077
kommun,1276,2014,RD,KD,4.06,10077
kommun,1276,2014,RD,M,19.08,10077
kommun,1276,2014,RD,SD,25.61,10077
kommun,1276,2014,RF,V,3.38,9985
kommun,1276,2014,RF,S,36.87,9985
kommun,1276,2014,RF,MP,3.98,9985
kommun,1276,2014,RF,C,5.37,9985
kommun,1276,2014,RF,L,2.99,9985
kommun,1276,2014,RF,KD,5.2,9985
kommun,1276,2014,RF,M,18.25,9985
kommun,1276,2014,RF,SD,20.79,9985
kommun,1276,2018,KF,V,3.51,10699
kommun,1276,2018,KF,S,24.35,10699
kommun,1276,2018,KF,MP,2.57,10699
kommun,1276,2018,KF,C,6.9,10699
kommun,1276,2018,KF,L,3.18,10699
kommun,1276,2018,KF,KD,6.02,10699
kommun,1276,2018,KF,M,17.2,10699
kommun,1276,2018,KF,SD,30.33,10699
kommun,1276,2018,RD,V,4.02,10535
kommun,1276,2018,RD,S,24.18,10535
kommun,1276,2018,RD,MP,2.25,10535
kommun,1276,2018,RD,C,5.81,10535
kommun,1276,2018,RD,L,3.09,10535
kommun,1276,2018,RD,KD,6.75,10535
kommun,1276,2018,RD,M,15.73,10535
kommun,1276,2018,RD,SD,36.64,10535
kommun,1276,2018,RF,V,4.1,10603
kommun,1276,2018,RF,S,25.95,10603
kommun,1276,2018,RF,MP,2.34,10603
kommun,1276,2018,RF,C,5.98,10603
kommun,1276,2018,RF,L,3.24,10603
kommun,1276,2018,RF,KD,7.85,10603
kommun,1276,2018,RF,M,17.8,10603
kommun,1276,2018,RF,SD,31.76,10603
kommun,1276,2022,KF,V,3.14,10610
kommun,1276,2022,KF,S,23.98,10610
kommun,1276,2022,KF,MP,1.89,10610
kommun,1276,2022,KF,C,5.72,10610
kommun,1276,2022,KF,L,3.03,10610
kommun,1276,2022,KF,KD,5.71,10610
kommun,1276,2022,KF,M,16.56,10610
kommun,1276,2022,KF,SD,34.32,10610
kommun,1276,2022,RD,V,3.5,10550
kommun,1276,2022,RD,S,23.68,10550
kommun,1276,2022,RD,MP,2.3,10550
kommun,1276,2022,RD,C,4.09,10550
kommun,1276,2022,RD,L,2.17,10550
kommun,1276,2022,RD,KD,6.61,10550
kommun,1276,2022,RD,M,15.65,10550
kommun,1276,2022,RD,SD,40.28,10550
kommun,1276,2022,RF,V,3.97,10564
kommun,1276,2022,RF,S,25.95,10564
kommun,1276,2022,RF,MP,1.9,10564
kommun,1276,2022,RF,C,4.47,10564
kommun,1276,2022,RF,L,2.45,10564
kommun,1276,2022,RF,KD,7.63,10564
kommun,1276,2022,RF,M,17.49,10564
kommun,1276,2022,RF,SD,34.77,10564
kommun,1277,2014,KF,V,1.16,8384
kommun,1277,2014,KF,S,42.84,8384
kommun,1277,2014,KF,MP,3.84,8384
kommun,1277,2014,KF,C,6.5,8384
kommun,1277,2014,KF,L,4.54,8384
kommun,1277,2014,KF,KD,2.84,8384
kommun,1277,2014,KF,M,15.27,8384
kommun,1277,2014,KF,SD,22.32,8384
kommun,1277,2014,RD,V,3.11,8360
kommun,1277,2014,RD,S,38.71,8360
kommun,1277,2014,RD,MP,3.88,8360
kommun,1277,2014,RD,C,4.01,8360
kommun,1277,2014,RD,L,3.15,8360
kommun,1277,2014,RD,KD,3.23,8360
kommun,1277,2014,RD,M,17.75,8360
kommun,1277,2014,RD,SD,24.13,8360
kommun,1277,2014,RF,V,3.27,8300
kommun,1277,2014,RF,S,42.77,8300
kommun,1277,2014,RF,MP,3.43,8300
kommun,1277,2014,RF,C,4.31,8300
kommun,1277,2014,RF,L,3.58,8300
kommun,1277,2014,RF,KD,3.36,8300
kommun,1277,2014,RF,M,16.07,8300
kommun,1277,2014,RF,SD,20.01,8300
kommun,1277,2018,KF,V,2.79,8898
kommun,1277,2018,KF,S,31.98,8898
kommun,1277,2018,KF,MP,1.63,8898
kommun,1277,2018,KF,C,6.05,8898
kommun,1277,2018,KF,L,4.92,8898
kommun,1277,2018,KF,KD,3.19,8898
kommun,1277,2018,KF,M,18.0,8898
kommun,1277,2018,KF,SD,31.07,8898
kommun,1277,2018,RD,V,3.9,8719
kommun,1277,2018,RD,S,29.2,8719
kommun,1277,2018,RD,MP,1.71,8719
kommun,1277,2018,RD,C,4.69,8719
kommun,1277,2018,RD,L,2.95,8719
kommun,1277,2018,RD,KD,4.67,8719
kommun,1277,2018,RD,M,17.25,8719
kommun,1277,2018,RD,SD,34.45,8719
kommun,1277,2018,RF,V,3.86,8841
kommun,1277,2018,RF,S,32.3,8841
kommun,1277,2018,RF,MP,1.41,8841
kommun,1277,2018,RF,C,4.97,8841
kommun,1277,2018,RF,L,3.64,8841
kommun,1277,2018,RF,KD,4.93,8841
kommun,1277,2018,RF,M,17.88,8841
kommun,1277,2018,RF,SD,30.28,8841
kommun,1277,2022,KF,V,3.55,8812
kommun,1277,2022,KF,S,29.52,8812
kommun,1277,2022,KF,MP,0.7,8812
kommun,1277,2022,KF,C,4.21,8812
kommun,1277,2022,KF,L,3.65,8812
kommun,1277,2022,KF,KD,3.96,8812
kommun,1277,2022,KF,M,20.55,8812
kommun,1277,2022,KF,SD,32.29,8812
kommun,1277,2022,RD,V,3.94,8706
kommun,1277,2022,RD,S,28.22,8706
kommun,1277,2022,RD,MP,1.41,8706
kommun,1277,2022,RD,C,3.26,8706
kommun,1277,2022,RD,L,2.09,8706
kommun,1277,2022,RD,KD,4.99,8706
kommun,1277,2022,RD,M,16.72,8706
kommun,1277,2022,RD,SD,38.08,8706
kommun,1277,2022,RF,V,3.96,8767
kommun,1277,2022,RF,S,31.05,8767
kommun,1277,2022,RF,MP,1.13,8767
kommun,1277,2022,RF,C,3.06,8767
kommun,1277,2022,RF,L,2.52,8767
kommun,1277,2022,RF,KD,6.24,8767
kommun,1277,2022,RF,M,18.04,8767
kommun,1277,2022,RF,SD,32.26,8767
kommun,1278,2014,KF,V,0.49,9985
kommun,1278,2014,KF,S,15.89,9985
kommun,1278,2014,KF,MP,8.1,9985
kommun,1278,2014,KF,C,11.39,9985
kommun,1278,2014,KF,L,6.82,9985
kommun,1278,2014,KF,KD,2.15,9985
kommun,1278,2014,KF,M,24.84,9985
kommun,1278,2014,KF,SD,8.56,9985
kommun,1278,2014,RD,V,2.15,10086
kommun,1278,2014,RD,S,18.19,10086
kommun,1278,2014,RD,MP,6.3,10086
kommun,1278,2014,RD,C,10.09,10086
kommun,1278,2014,RD,L,6.14,10086
kommun,1278,2014,RD,KD,5.39,10086
kommun,1278,2014,RD,M,34.67,10086
kommun,1278,2014,RD,SD,14.79,10086
kommun,1278,2014,RF,V,2.64,9761
kommun,1278,2014,RF,S,21.1,9761
kommun,1278,2014,RF,MP,6.29,9761
kommun,1278,2014,RF,C,10.42,9761
kommun,1278,2014,RF,L,6.4,9761
kommun,1278,2014,RF,KD,5.61,9761
kommun,1278,2014,RF,M,32.04,9761
kommun,1278,2014,RF,SD,10.44,9761
kommun,1278,2018,KF,V,0.9,10310
kommun,1278,2018,KF,S,14.1,10310
kommun,1278,2018,KF,MP,4.07,10310
kommun,1278,2018,KF,C,14.15,10310
kommun,1278,2018,KF,L,8.71,10310
kommun,1278,2018,KF,KD,2.05,10310
kommun,1278,2018,KF,M,25.01,10310
kommun,1278,2018,KF,SD,8.51,10310
kommun,1278,2018,RD,V,3.25,10362
kommun,1278,2018,RD,S,16.44,10362
kommun,1278,2018,RD,MP,3.96,10362
kommun,1278,2018,RD,C,11.37,10362
kommun,1278,2018,RD,L,5.4,10362
kommun,1278,2018,RD,KD,8.54,10362
kommun,1278,2018,RD,M,28.46,10362
kommun,1278,2018,RD,SD,21.46,10362
kommun,1278,2018,RF,V,3.37,10086
kommun,1278,2018,RF,S,18.37,10086
kommun,1278,2018,RF,MP,3.67,10086
kommun,1278,2018,RF,C,12.4,10086
kommun,1278,2018,RF,L,5.89,10086
kommun,1278,2018,RF,KD,8.56,10086
kommun,1278,2018,RF,M,31.51,10086
kommun,1278,2018,RF,SD,15.31,10086
kommun,1278,2022,KF,V,1.19,10756
kommun,1278,2022,KF,S,17.11,10756
kommun,1278,2022,KF,MP,3.95,10756
kommun,1278,2022,KF,C,8.14,10756
kommun,1278,2022,KF,L,7.83,10756
kommun,1278,2022,KF,KD,3.3,10756
kommun,1278,2022,KF,M,32.13,10756
kommun,1278,2022,KF,SD,14.48,10756
kommun,1278,2022,RD,V,2.63,10888
kommun,1278,2022,RD,S,20.74,10888
kommun,1278,2022,RD,MP,4.23,10888
kommun,1278,2022,RD,C,7.64,10888
kommun,1278,2022,RD,L,6.23,10888
kommun,1278,2022,RD,KD,6.86,10888
kommun,1278,2022,RD,M,25.81,10888
kommun,1278,2022,RD,SD,24.71,10888
kommun,1278,2022,RF,V,3.28,10568
kommun,1278,2022,RF,S,22.62,10568
kommun,1278,2022,RF,MP,3.35,10568
kommun,1278,2022,RF,C,7.92,10568
kommun,1278,2022,RF,L,6.17,10568
kommun,1278,2022,RF,KD,8.78,10568
kommun,1278,2022,RF,M,29.5,10568
kommun,1278,2022,RF,SD,17.06,10568
kommun,1280,2014,KF,V,8.51,182625
kommun,1280,2014,KF,S,32.88,182625
kommun,1280,2014,KF,MP,8.62,182625
kommun,1280,2014,KF,C,1.74,182625
kommun,1280,2014,KF,L,5.44,182625
kommun,1280,2014,KF,KD,1.5,182625
kommun,1280,2014,KF,M,21.97,182625
kommun,1280,2014,KF,SD,13.12,182625
kommun,1280,2014,RD,V,7.59,179103
kommun,1280,2014,RD,S,29.29,179103
kommun,1280,2014,RD,MP,8.58,179103
kommun,1280,2014,RD,C,2.71,179103
kommun,1280,2014,RD,L,5.58,179103
kommun,1280,2014,RD,KD,2.58,179103
kommun,1280,2014,RD,M,23.18,179103
kommun,1280,2014,RD,SD,13.5,179103
kommun,1280,2014,RF,V,9.46,181494
kommun,1280,2014,RF,S,33.18,181494
kommun,1280,2014,RF,MP,8.46,181494
kommun,1280,2014,RF,C,1.9,181494
kommun,1280,2014,RF,L,5.16,181494
kommun,1280,2014,RF,KD,2.07,181494
kommun,1280,2014,RF,M,21.61,181494
kommun,1280,2014,RF,SD,11.63,181494
kommun,1280,2018,KF,V,11.11,199050
kommun,1280,2018,KF,S,31.07,199050
kommun,1280,2018,KF,MP,5.41,199050
kommun,1280,2018,KF,C,4.18,199050
kommun,1280,2018,KF,L,6.0,199050
kommun,1280,2018,KF,KD,2.29,199050
kommun,1280,2018,KF,M,20.65,199050
kommun,1280,2018,KF,SD,16.29,199050
kommun,1280,2018,RD,V,11.91,193298
kommun,1280,2018,RD,S,29.1,193298
kommun,1280,2018,RD,MP,5.58,193298
kommun,1280,2018,RD,C,5.69,193298
kommun,1280,2018,RD,L,5.59,193298
kommun,1280,2018,RD,KD,3.84,193298
kommun,1280,2018,RD,M,19.48,193298
kommun,1280,2018,RD,SD,16.8,193298
kommun,1280,2018,RF,V,12.27,198178
kommun,1280,2018,RF,S,31.15,198178
kommun,1280,2018,RF,MP,5.06,198178
kommun,1280,2018,RF,C,4.86,198178
kommun,1280,2018,RF,L,5.6,198178
kommun,1280,2018,RF,KD,3.41,198178
kommun,1280,2018,RF,M,20.25,198178
kommun,1280,2018,RF,SD,15.13,198178
kommun,1280,2022,KF,V,13.62,197893
kommun,1280,2022,KF,S,30.7,197893
kommun,1280,2022,KF,MP,5.48,197893
kommun,1280,2022,KF,C,3.78,197893
kommun,1280,2022,KF,L,4.86,197893
kommun,1280,2022,KF,KD,2.19,197893
kommun,1280,2022,KF,M,19.41,197893
kommun,1280,2022,KF,SD,14.94,197893
kommun,1280,2022,RD,V,12.49,192045
kommun,1280,2022,RD,S,29.57,192045
kommun,1280,2022,RD,MP,7.49,192045
kommun,1280,2022,RD,C,5.49,192045
kommun,1280,2022,RD,L,4.53,192045
kommun,1280,2022,RD,KD,3.0,192045
kommun,1280,2022,RD,M,17.87,192045
kommun,1280,2022,RD,SD,16.37,192045
kommun,1280,2022,RF,V,14.57,197436
kommun,1280,2022,RF,S,31.64,197436
kommun,1280,2022,RF,MP,5.21,197436
kommun,1280,2022,RF,C,3.98,197436
kommun,1280,2022,RF,L,4.34,197436
kommun,1280,2022,RF,KD,3.42,197436
kommun,1280,2022,RF,M,19.06,197436
kommun,1280,2022,RF,SD,13.89,197436
kommun,1281,2014,KF,V,7.44,75906
kommun,1281,2014,KF,S,22.83,75906
kommun,1281,2014,KF,MP,14.26,75906
kommun,1281,2014,KF,C,4.69,75906
kommun,1281,2014,KF,L,10.64,75906
kommun,1281,2014,KF,KD,2.29,75906
kommun,1281,2014,KF,M,18.77,75906
kommun,1281,2014,KF,SD,7.28,75906
kommun,1281,2014,RD,V,6.41,75844
kommun,1281,2014,RD,S,22.62,75844
kommun,1281,2014,RD,MP,12.33,75844
kommun,1281,2014,RD,C,5.66,75844
kommun,1281,2014,RD,L,9.76,75844
kommun,1281,2014,RD,KD,3.99,75844
kommun,1281,2014,RD,M,22.74,75844
kommun,1281,2014,RD,SD,9.21,75844
kommun,1281,2014,RF,V,8.57,75675
kommun,1281,2014,RF,S,27.53,75675
kommun,1281,2014,RF,MP,11.51,75675
kommun,1281,2014,RF,C,4.14,75675
kommun,1281,2014,RF,L,9.11,75675
kommun,1281,2014,RF,KD,3.28,75675
kommun,1281,2014,RF,M,18.8,75675
kommun,1281,2014,RF,SD,6.73,75675
kommun,1281,2018,KF,V,8.61,80165
kommun,1281,2018,KF,S,20.39,80165
kommun,1281,2018,KF,MP,9.51,80165
kommun,1281,2018,KF,C,6.26,80165
kommun,1281,2018,KF,L,13.41,80165
kommun,1281,2018,KF,KD,2.7,80165
kommun,1281,2018,KF,M,16.43,80165
kommun,1281,2018,KF,SD,9.41,80165
kommun,1281,2018,RD,V,9.73,79575
kommun,1281,2018,RD,S,23.18,79575
kommun,1281,2018,RD,MP,9.13,79575
kommun,1281,2018,RD,C,9.71,79575
kommun,1281,2018,RD,L,9.76,79575
kommun,1281,2018,RD,KD,4.75,79575
kommun,1281,2018,RD,M,19.13,79575
kommun,1281,2018,RD,SD,12.24,79575
kommun,1281,2018,RF,V,10.68,79807
kommun,1281,2018,RF,S,25.51,79807
kommun,1281,2018,RF,MP,8.51,79807
kommun,1281,2018,RF,C,7.99,79807
kommun,1281,2018,RF,L,10.76,79807
kommun,1281,2018,RF,KD,5.0,79807
kommun,1281,2018,RF,M,18.91,79807
kommun,1281,2018,RF,SD,10.09,79807
kommun,1281,2022,KF,V,10.97,82213
kommun,1281,2022,KF,S,24.04,82213
kommun,1281,2022,KF,MP,9.15,82213
kommun,1281,2022,KF,C,5.21,82213
kommun,1281,2022,KF,L,17.45,82213
kommun,1281,2022,KF,KD,2.26,82213
kommun,1281,2022,KF,M,13.64,82213
kommun,1281,2022,KF,SD,8.65,82213
kommun,1281,2022,RD,V,9.12,81316
kommun,1281,2022,RD,S,28.33,81316
kommun,1281,2022,RD,MP,11.01,81316
kommun,1281,2022,RD,C,8.7,81316
kommun,1281,2022,RD,L,8.43,81316
kommun,1281,2022,RD,KD,3.37,81316
kommun,1281,2022,RD,M,16.81,81316
kommun,1281,2022,RD,SD,12.79,81316
kommun,1281,2022,RF,V,11.89,81925
kommun,1281,2022,RF,S,31.7,81925
kommun,1281,2022,RF,MP,8.01,81925
kommun,1281,2022,RF,C,5.82,81925
kommun,1281,2022,RF,L,10.34,81925
kommun,1281,2022,RF,KD,4.62,81925
kommun,1281,2022,RF,M,16.59,81925
kommun,1281,2022,RF,SD,9.27,81925
kommun,1282,2014,KF,V,4.17,25905
kommun,1282,2014,KF,S,34.89,25905
kommun,1282,2014,KF,MP,3.74,25905
kommun,1282,2014,KF,C,2.32,25905
kommun,1282,2014,KF,L,25.74,25905
kommun,1282,2014,KF,KD,0.64,25905
kommun,1282,2014,KF,M,7.16,25905
kommun,1282,2014,KF,SD,18.67,25905
kommun,1282,2014,RD,V,4.19,25354
kommun,1282,2014,RD,S,37.34,25354
kommun,1282,2014,RD,MP,5.0,25354
kommun,1282,2014,RD,C,2.83,25354
kommun,1282,2014,RD,L,6.97,25354
kommun,1282,2014,RD,KD,1.98,25354
kommun,1282,2014,RD,M,19.89,25354
kommun,1282,2014,RD,SD,18.81,25354
kommun,1282,2014,RF,V,4.82,25679
kommun,1282,2014,RF,S,41.56,25679
kommun,1282,2014,RF,MP,4.38,25679
kommun,1282,2014,RF,C,2.57,25679
kommun,1282,2014,RF,L,11.05,25679
kommun,1282,2014,RF,KD,1.97,25679
kommun,1282,2014,RF,M,13.81,25679
kommun,1282,2014,RF,SD,15.98,25679
kommun,1282,2018,KF,V,4.51,27385
kommun,1282,2018,KF,S,27.94,27385
kommun,1282,2018,KF,MP,3.12,27385
kommun,1282,2018,KF,C,2.18,27385
kommun,1282,2018,KF,L,34.24,27385
kommun,1282,2018,KF,KD,0.6,27385
kommun,1282,2018,KF,M,6.86,27385
kommun,1282,2018,KF,SD,19.26,27385
kommun,1282,2018,RD,V,5.13,26783
kommun,1282,2018,RD,S,32.08,26783
kommun,1282,2018,RD,MP,3.19,26783
kommun,1282,2018,RD,C,4.47,26783
kommun,1282,2018,RD,L,6.73,26783
kommun,1282,2018,RD,KD,4.05,26783
kommun,1282,2018,RD,M,17.63,26783
kommun,1282,2018,RD,SD,25.39,26783
kommun,1282,2018,RF,V,5.43,27086
kommun,1282,2018,RF,S,34.45,27086
kommun,1282,2018,RF,MP,2.95,27086
kommun,1282,2018,RF,C,3.83,27086
kommun,1282,2018,RF,L,11.07,27086
kommun,1282,2018,RF,KD,4.25,27086
kommun,1282,2018,RF,M,15.69,27086
kommun,1282,2018,RF,SD,21.04,27086
kommun,1282,2022,KF,V,4.33,27167
kommun,1282,2022,KF,S,23.06,27167
kommun,1282,2022,KF,MP,3.22,27167
kommun,1282,2022,KF,C,1.81,27167
kommun,1282,2022,KF,L,37.78,27167
kommun,1282,2022,KF,KD,1.21,27167
kommun,1282,2022,KF,M,7.05,27167
kommun,1282,2022,KF,SD,18.51,27167
kommun,1282,2022,RD,V,4.78,26657
kommun,1282,2022,RD,S,31.08,26657
kommun,1282,2022,RD,MP,3.11,26657
kommun,1282,2022,RD,C,3.76,26657
kommun,1282,2022,RD,L,6.1,26657
kommun,1282,2022,RD,KD,3.58,26657
kommun,1282,2022,RD,M,17.34,26657
kommun,1282,2022,RD,SD,27.41,26657
kommun,1282,2022,RF,V,5.55,26738
kommun,1282,2022,RF,S,32.87,26738
kommun,1282,2022,RF,MP,2.42,26738
kommun,1282,2022,RF,C,2.81,26738
kommun,1282,2022,RF,L,10.45,26738
kommun,1282,2022,RF,KD,4.8,26738
kommun,1282,2022,RF,M,16.84,26738
kommun,1282,2022,RF,SD,21.08,26738
kommun,1283,2014,KF,V,4.61,83747
kommun,1283,2014,KF,S,28.29,83747
kommun,1283,2014,KF,MP,9.12,83747
kommun,1283,2014,KF,C,2.33,83747
kommun,1283,2014,KF,L,5.19,83747
kommun,1283,2014,KF,KD,2.45,83747
kommun,1283,2014,KF,M,28.18,83747
kommun,1283,2014,KF,SD,16.32,83747
kommun,1283,2014,RD,V,4.1,83482
kommun,1283,2014,RD,S,29.54,83482
kommun,1283,2014,RD,MP,6.72,83482
kommun,1283,2014,RD,C,3.37,83482
kommun,1283,2014,RD,L,5.25,83482
kommun,1283,2014,RD,KD,3.42,83482
kommun,1283,2014,RD,M,27.31,83482
kommun,1283,2014,RD,SD,17.43,83482
kommun,1283,2014,RF,V,4.75,83285
kommun,1283,2014,RF,S,32.25,83285
kommun,1283,2014,RF,MP,7.12,83285
kommun,1283,2014,RF,C,2.56,83285
kommun,1283,2014,RF,L,5.21,83285
kommun,1283,2014,RF,KD,3.58,83285
kommun,1283,2014,RF,M,25.3,83285
kommun,1283,2014,RF,SD,15.16,83285
kommun,1283,2018,KF,V,4.6,89385
kommun,1283,2018,KF,S,28.39,89385
kommun,1283,2018,KF,MP,5.13,89385
kommun,1283,2018,KF,C,4.41,89385
kommun,1283,2018,KF,L,5.08,89385
kommun,1283,2018,KF,KD,3.98,89385
kommun,1283,2018,KF,M,27.02,89385
kommun,1283,2018,KF,SD,20.18,89385
kommun,1283,2018,RD,V,4.75,88462
kommun,1283,2018,RD,S,26.64,88462
kommun,1283,2018,RD,MP,3.65,88462
kommun,1283,2018,RD,C,5.99,88462
kommun,1283,2018,RD,L,5.07,88462
kommun,1283,2018,RD,KD,5.32,88462
kommun,1283,2018,RD,M,23.53,88462
kommun,1283,2018,RD,SD,23.79,88462
kommun,1283,2018,RF,V,5.12,89016
kommun,1283,2018,RF,S,29.09,89016
kommun,1283,2018,RF,MP,3.76,89016
kommun,1283,2018,RF,C,4.83,89016
kommun,1283,2018,RF,L,5.13,89016
kommun,1283,2018,RF,KD,6.09,89016
kommun,1283,2018,RF,M,24.74,89016
kommun,1283,2018,RF,SD,20.14,89016
kommun,1283,2022,KF,V,5.43,88438
kommun,1283,2022,KF,S,31.2,88438
kommun,1283,2022,KF,MP,3.16,88438
kommun,1283,2022,KF,C,3.86,88438
kommun,1283,2022,KF,L,5.06,88438
kommun,1283,2022,KF,KD,4.15,88438
kommun,1283,2022,KF,M,23.68,88438
kommun,1283,2022,KF,SD,21.47,88438
kommun,1283,2022,RD,V,4.98,87640
kommun,1283,2022,RD,S,28.14,87640
kommun,1283,2022,RD,MP,3.41,87640
kommun,1283,2022,RD,C,4.96,87640
kommun,1283,2022,RD,L,4.4,87640
kommun,1283,2022,RD,KD,4.48,87640
kommun,1283,2022,RD,M,21.61,87640
kommun,1283,2022,RD,SD,26.3,87640
kommun,1283,2022,RF,V,5.71,88224
kommun,1283,2022,RF,S,31.93,88224
kommun,1283,2022,RF,MP,2.78,88224
kommun,1283,2022,RF,C,3.78,88224
kommun,1283,2022,RF,L,4.34,88224
kommun,1283,2022,RF,KD,6.11,88224
kommun,1283,2022,RF,M,22.05,88224
kommun,1283,2022,RF,SD,21.24,88224
kommun,1284,2014,KF,V,2.94,16754
kommun,1284,2014,KF,S,19.5,16754
kommun,1284,2014,KF,MP,7.04,16754
kommun,1284,2014,KF,C,4.69,16754
kommun,1284,2014,KF,L,7.23,16754
kommun,1284,2014,KF,KD,3.25,16754
kommun,1284,2014,KF,M,45.57,16754
kommun,1284,2014,KF,SD,8.4,16754
kommun,1284,2014,RD,V,2.95,16846
kommun,1284,2014,RD,S,22.0,16846
kommun,1284,2014,RD,MP,6.32,16846
kommun,1284,2014,RD,C,5.3,16846
kommun,1284,2014,RD,L,6.37,16846
kommun,1284,2014,RD,KD,5.38,16846
kommun,1284,2014,RD,M,33.89,16846
kommun,1284,2014,RD,SD,14.77,16846
kommun,1284,2014,RF,V,3.63,16580
kommun,1284,2014,RF,S,26.21,16580
kommun,1284,2014,RF,MP,6.41,16580
kommun,1284,2014,RF,C,4.08,16580
kommun,1284,2014,RF,L,6.56,16580
kommun,1284,2014,RF,KD,6.21,16580
kommun,1284,2014,RF,M,32.79,16580
kommun,1284,2014,RF,SD,9.93,16580
kommun,1284,2018,KF,V,2.81,17577
kommun,1284,2018,KF,S,17.94,17577
kommun,1284,2018,KF,MP,6.14,17577
kommun,1284,2018,KF,C,8.36,17577
kommun,1284,2018,KF,L,7.66,17577
kommun,1284,2018,KF,KD,4.47,17577
kommun,1284,2018,KF,M,40.06,17577
kommun,1284,2018,KF,SD,12.29,17577
kommun,1284,2018,RD,V,3.4,17613
kommun,1284,2018,RD,S,20.39,17613
kommun,1284,2018,RD,MP,4.45,17613
kommun,1284,2018,RD,C,8.59,17613
kommun,1284,2018,RD,L,6.66,17613
kommun,1284,2018,RD,KD,7.5,17613
kommun,1284,2018,RD,M,27.33,17613
kommun,1284,2018,RD,SD,20.46,17613
kommun,1284,2018,RF,V,3.8,17411
kommun,1284,2018,RF,S,22.09,17411
kommun,1284,2018,RF,MP,4.31,17411
kommun,1284,2018,RF,C,7.3,17411
kommun,1284,2018,RF,L,6.85,17411
kommun,1284,2018,RF,KD,8.63,17411
kommun,1284,2018,RF,M,31.06,17411
kommun,1284,2018,RF,SD,14.96,17411
kommun,1284,2022,KF,V,2.69,18477
kommun,1284,2022,KF,S,20.19,18477
kommun,1284,2022,KF,MP,6.29,18477
kommun,1284,2022,KF,C,6.04,18477
kommun,1284,2022,KF,L,8.59,18477
kommun,1284,2022,KF,KD,4.13,18477
kommun,1284,2022,KF,M,36.42,18477
kommun,1284,2022,KF,SD,14.04,18477
kommun,1284,2022,RD,V,3.12,18548
kommun,1284,2022,RD,S,24.29,18548
kommun,1284,2022,RD,MP,4.5,18548
kommun,1284,2022,RD,C,6.59,18548
kommun,1284,2022,RD,L,5.93,18548
kommun,1284,2022,RD,KD,5.7,18548
kommun,1284,2022,RD,M,25.11,18548
kommun,1284,2022,RD,SD,23.59,18548
kommun,1284,2022,RF,V,3.63,18300
kommun,1284,2022,RF,S,26.58,18300
kommun,1284,2022,RF,MP,3.91,18300
kommun,1284,2022,RF,C,5.27,18300
kommun,1284,2022,RF,L,5.83,18300
kommun,1284,2022,RF,KD,8.37,18300
kommun,1284,2022,RF,M,28.7,18300
kommun,1284,2022,RF,SD,16.34,18300
kommun,1285,2014,KF,V,4.55,20066
kommun,1285,2014,KF,S,33.33,20066
kommun,1285,2014,KF,MP,6.13,20066
kommun,1285,2014,KF,C,9.31,20066
kommun,1285,2014,KF,L,5.72,20066
kommun,1285,2014,KF,KD,1.34,20066
kommun,1285,2014,KF,M,15.47,20066
kommun,1285,2014,KF,SD,18.78,20066
kommun,1285,2014,RD,V,3.73,19986
kommun,1285,2014,RD,S,32.8,19986
kommun,1285,2014,RD,MP,5.74,19986
kommun,1285,2014,RD,C,6.67,19986
kommun,1285,2014,RD,L,4.36,19986
kommun,1285,2014,RD,KD,2.31,19986
kommun,1285,2014,RD,M,20.01,19986
kommun,1285,2014,RD,SD,21.47,19986
kommun,1285,2014,RF,V,4.14,20070
kommun,1285,2014,RF,S,36.58,20070
kommun,1285,2014,RF,MP,5.21,20070
kommun,1285,2014,RF,C,6.8,20070
kommun,1285,2014,RF,L,4.42,20070
kommun,1285,2014,RF,KD,2.2,20070
kommun,1285,2014,RF,M,16.78,20070
kommun,1285,2014,RF,SD,18.53,20070
kommun,1285,2018,KF,V,5.62,20878
kommun,1285,2018,KF,S,29.01,20878
kommun,1285,2018,KF,MP,3.05,20878
kommun,1285,2018,KF,C,10.84,20878
kommun,1285,2018,KF,L,4.83,20878
kommun,1285,2018,KF,KD,2.12,20878
kommun,1285,2018,KF,M,17.53,20878
kommun,1285,2018,KF,SD,26.27,20878
kommun,1285,2018,RD,V,5.19,20665
kommun,1285,2018,RD,S,27.45,20665
kommun,1285,2018,RD,MP,3.3,20665
kommun,1285,2018,RD,C,7.31,20665
kommun,1285,2018,RD,L,4.36,20665
kommun,1285,2018,RD,KD,4.83,20665
kommun,1285,2018,RD,M,17.63,20665
kommun,1285,2018,RD,SD,27.97,20665
kommun,1285,2018,RF,V,5.62,20818
kommun,1285,2018,RF,S,29.33,20818
kommun,1285,2018,RF,MP,3.22,20818
kommun,1285,2018,RF,C,8.38,20818
kommun,1285,2018,RF,L,4.31,20818
kommun,1285,2018,RF,KD,4.24,20818
kommun,1285,2018,RF,M,18.2,20818
kommun,1285,2018,RF,SD,25.18,20818
kommun,1285,2022,KF,V,6.08,20892
kommun,1285,2022,KF,S,29.67,20892
kommun,1285,2022,KF,MP,2.23,20892
kommun,1285,2022,KF,C,6.3,20892
kommun,1285,2022,KF,L,3.66,20892
kommun,1285,2022,KF,KD,4.21,20892
kommun,1285,2022,KF,M,18.13,20892
kommun,1285,2022,KF,SD,29.26,20892
kommun,1285,2022,RD,V,4.71,20685
kommun,1285,2022,RD,S,28.3,20685
kommun,1285,2022,RD,MP,3.59,20685
kommun,1285,2022,RD,C,5.12,20685
kommun,1285,2022,RD,L,3.61,20685
kommun,1285,2022,RD,KD,4.69,20685
kommun,1285,2022,RD,M,17.72,20685
kommun,1285,2022,RD,SD,30.65,20685
kommun,1285,2022,RF,V,5.89,20891
kommun,1285,2022,RF,S,30.39,20891
kommun,1285,2022,RF,MP,2.56,20891
kommun,1285,2022,RF,C,5.27,20891
kommun,1285,2022,RF,L,3.37,20891
kommun,1285,2022,RF,KD,5.59,20891
kommun,1285,2022,RF,M,18.79,20891
kommun,1285,2022,RF,SD,26.24,20891
kommun,1286,2014,KF,V,2.49,19580
kommun,1286,2014,KF,S,39.04,19580
kommun,1286,2014,KF,MP,5.42,19580
kommun,1286,2014,KF,C,8.49,19580
kommun,1286,2014,KF,L,4.82,19580
kommun,1286,2014,KF,KD,2.23,19580
kommun,1286,2014,KF,M,23.6,19580
kommun,1286,2014,KF,SD,12.13,19580
kommun,1286,2014,RD,V,2.92,19751
kommun,1286,2014,RD,S,30.05,19751
kommun,1286,2014,RD,MP,5.27,19751
kommun,1286,2014,RD,C,6.15,19751
kommun,1286,2014,RD,L,4.71,19751
kommun,1286,2014,RD,KD,2.98,19751
kommun,1286,2014,RD,M,28.15,19751
kommun,1286,2014,RD,SD,16.83,19751
kommun,1286,2014,RF,V,2.96,19436
kommun,1286,2014,RF,S,36.93,19436
kommun,1286,2014,RF,MP,5.0,19436
kommun,1286,2014,RF,C,6.27,19436
kommun,1286,2014,RF,L,4.63,19436
kommun,1286,2014,RF,KD,2.95,19436
kommun,1286,2014,RF,M,24.69,19436
kommun,1286,2014,RF,SD,12.39,19436
kommun,1286,2018,KF,V,3.2,20667
kommun,1286,2018,KF,S,31.53,20667
kommun,1286,2018,KF,MP,4.01,20667
kommun,1286,2018,KF,C,9.57,20667
kommun,1286,2018,KF,L,5.12,20667
kommun,1286,2018,KF,KD,4.42,20667
kommun,1286,2018,KF,M,24.18,20667
kommun,1286,2018,KF,SD,17.49,20667
kommun,1286,2018,RD,V,4.13,20786
kommun,1286,2018,RD,S,25.41,20786
kommun,1286,2018,RD,MP,3.34,20786
kommun,1286,2018,RD,C,7.71,20786
kommun,1286,2018,RD,L,4.78,20786
kommun,1286,2018,RD,KD,5.76,20786
kommun,1286,2018,RD,M,23.42,20786
kommun,1286,2018,RD,SD,24.18,20786
kommun,1286,2018,RF,V,3.87,20482
kommun,1286,2018,RF,S,28.7,20482
kommun,1286,2018,RF,MP,3.58,20482
kommun,1286,2018,RF,C,8.27,20482
kommun,1286,2018,RF,L,5.01,20482
kommun,1286,2018,RF,KD,6.4,20482
kommun,1286,2018,RF,M,24.49,20482
kommun,1286,2018,RF,SD,18.43,20482
kommun,1286,2022,KF,V,4.12,21216
kommun,1286,2022,KF,S,31.62,21216
kommun,1286,2022,KF,MP,3.04,21216
kommun,1286,2022,KF,C,6.09,21216
kommun,1286,2022,KF,L,4.88,21216
kommun,1286,2022,KF,KD,4.61,21216
kommun,1286,2022,KF,M,25.08,21216
kommun,1286,2022,KF,SD,18.8,21216
kommun,1286,2022,RD,V,3.6,21431
kommun,1286,2022,RD,S,27.32,21431
kommun,1286,2022,RD,MP,3.59,21431
kommun,1286,2022,RD,C,4.93,21431
kommun,1286,2022,RD,L,4.57,21431
kommun,1286,2022,RD,KD,5.96,21431
kommun,1286,2022,RD,M,21.97,21431
kommun,1286,2022,RD,SD,26.97,21431
kommun,1286,2022,RF,V,4.43,21123
kommun,1286,2022,RF,S,30.49,21123
kommun,1286,2022,RF,MP,2.73,21123
kommun,1286,2022,RF,C,4.82,21123
kommun,1286,2022,RF,L,5.26,21123
kommun,1286,2022,RF,KD,6.98,21123
kommun,1286,2022,RF,M,24.5,21123
kommun,1286,2022,RF,SD,19.59,21123
kommun,1287,2014,KF,V,2.08,27411
kommun,1287,2014,KF,S,34.26,27411
kommun,1287,2014,KF,MP,4.87,27411
kommun,1287,2014,KF,C,3.26,27411
kommun,1287,2014,KF,L,3.28,27411
kommun,1287,2014,KF,KD,1.92,27411
kommun,1287,2014,KF,M,21.26,27411
kommun,1287,2014,KF,SD,20.22,27411
kommun,1287,2014,RD,V,2.48,27191
kommun,1287,2014,RD,S,32.76,27191
kommun,1287,2014,RD,MP,4.28,27191
kommun,1287,2014,RD,C,3.96,27191
kommun,1287,2014,RD,L,3.93,27191
kommun,1287,2014,RD,KD,2.52,27191
kommun,1287,2014,RD,M,23.86,27191
kommun,1287,2014,RD,SD,23.8,27191
kommun,1287,2014,RF,V,2.65,27284
kommun,1287,2014,RF,S,39.08,27284
kommun,1287,2014,RF,MP,4.14,27284
kommun,1287,2014,RF,C,3.32,27284
kommun,1287,2014,RF,L,3.82,27284
kommun,1287,2014,RF,KD,2.76,27284
kommun,1287,2014,RF,M,20.94,27284
kommun,1287,2014,RF,SD,19.8,27284
kommun,1287,2018,KF,V,2.99,28627
kommun,1287,2018,KF,S,23.43,28627
kommun,1287,2018,KF,MP,3.84,28627
kommun,1287,2018,KF,C,5.05,28627
kommun,1287,2018,KF,L,4.46,28627
kommun,1287,2018,KF,KD,4.84,28627
kommun,1287,2018,KF,M,22.27,28627
kommun,1287,2018,KF,SD,25.26,28627
kommun,1287,2018,RD,V,3.88,28451
kommun,1287,2018,RD,S,24.87,28451
kommun,1287,2018,RD,MP,2.52,28451
kommun,1287,2018,RD,C,5.7,28451
kommun,1287,2018,RD,L,4.5,28451
kommun,1287,2018,RD,KD,5.18,28451
kommun,1287,2018,RD,M,21.5,28451
kommun,1287,2018,RD,SD,30.71,28451
kommun,1287,2018,RF,V,3.88,28473
kommun,1287,2018,RF,S,26.59,28473
kommun,1287,2018,RF,MP,2.76,28473
kommun,1287,2018,RF,C,5.24,28473
kommun,1287,2018,RF,L,4.43,28473
kommun,1287,2018,RF,KD,5.86,28473
kommun,1287,2018,RF,M,23.68,28473
kommun,1287,2018,RF,SD,26.54,28473
kommun,1287,2022,KF,V,3.34,28742
kommun,1287,2022,KF,S,23.68,28742
kommun,1287,2022,KF,MP,2.59,28742
kommun,1287,2022,KF,C,4.6,28742
kommun,1287,2022,KF,L,3.67,28742
kommun,1287,2022,KF,KD,6.72,28742
kommun,1287,2022,KF,M,19.25,28742
kommun,1287,2022,KF,SD,22.39,28742
kommun,1287,2022,RD,V,3.59,28730
kommun,1287,2022,RD,S,26.89,28730
kommun,1287,2022,RD,MP,2.35,28730
kommun,1287,2022,RD,C,4.48,28730
kommun,1287,2022,RD,L,3.8,28730
kommun,1287,2022,RD,KD,5.65,28730
kommun,1287,2022,RD,M,19.98,28730
kommun,1287,2022,RD,SD,31.95,28730
kommun,1287,2022,RF,V,3.89,28568
kommun,1287,2022,RF,S,29.34,28568
kommun,1287,2022,RF,MP,2.05,28568
kommun,1287,2022,RF,C,4.58,28568
kommun,1287,2022,RF,L,3.66,28568
kommun,1287,2022,RF,KD,7.61,28568
kommun,1287,2022,RF,M,22.6,28568
kommun,1287,2022,RF,SD,24.98,28568
kommun,1290,2014,KF,V,3.45,51691
kommun,1290,2014,KF,S,30.84,51691
kommun,1290,2014,KF,MP,5.44,51691
kommun,1290,2014,KF,C,6.16,51691
kommun,1290,2014,KF,L,14.09,51691
kommun,1290,2014,KF,KD,2.79,51691
kommun,1290,2014,KF,M,15.56,51691
kommun,1290,2014,KF,SD,17.47,51691
kommun,1290,2014,RD,V,3.1,51872
kommun,1290,2014,RD,S,29.79,51872
kommun,1290,2014,RD,MP,5.92,51872
kommun,1290,2014,RD,C,5.18,51872
kommun,1290,2014,RD,L,6.42,51872
kommun,1290,2014,RD,KD,3.27,51872
kommun,1290,2014,RD,M,22.46,51872
kommun,1290,2014,RD,SD,21.45,51872
kommun,1290,2014,RF,V,3.27,51315
kommun,1290,2014,RF,S,32.89,51315
kommun,1290,2014,RF,MP,5.33,51315
kommun,1290,2014,RF,C,5.15,51315
kommun,1290,2014,RF,L,9.17,51315
kommun,1290,2014,RF,KD,3.46,51315
kommun,1290,2014,RF,M,19.06,51315
kommun,1290,2014,RF,SD,16.98,51315
kommun,1290,2018,KF,V,4.19,54257
kommun,1290,2018,KF,S,25.54,54257
kommun,1290,2018,KF,MP,2.76,54257
kommun,1290,2018,KF,C,5.95,54257
kommun,1290,2018,KF,L,13.74,54257
kommun,1290,2018,KF,KD,4.61,54257
kommun,1290,2018,KF,M,19.44,54257
kommun,1290,2018,KF,SD,23.05,54257
kommun,1290,2018,RD,V,4.12,53957
kommun,1290,2018,RD,S,26.19,53957
kommun,1290,2018,RD,MP,2.79,53957
kommun,1290,2018,RD,C,5.85,53957
kommun,1290,2018,RD,L,6.16,53957
kommun,1290,2018,RD,KD,5.55,53957
kommun,1290,2018,RD,M,21.8,53957
kommun,1290,2018,RD,SD,26.46,53957
kommun,1290,2018,RF,V,4.45,54021
kommun,1290,2018,RF,S,27.23,54021
kommun,1290,2018,RF,MP,2.71,54021
kommun,1290,2018,RF,C,5.79,54021
kommun,1290,2018,RF,L,9.7,54021
kommun,1290,2018,RF,KD,5.93,54021
kommun,1290,2018,RF,M,20.73,54021
kommun,1290,2018,RF,SD,22.64,54021
kommun,1290,2022,KF,V,5.37,53963
kommun,1290,2022,KF,S,25.37,53963
kommun,1290,2022,KF,MP,1.64,53963
kommun,1290,2022,KF,C,4.5,53963
kommun,1290,2022,KF,L,11.53,53963
kommun,1290,2022,KF,KD,4.9,53963
kommun,1290,2022,KF,M,20.6,53963
kommun,1290,2022,KF,SD,23.98,53963
kommun,1290,2022,RD,V,4.47,53846
kommun,1290,2022,RD,S,25.76,53846
kommun,1290,2022,RD,MP,2.65,53846
kommun,1290,2022,RD,C,4.64,53846
kommun,1290,2022,RD,L,4.83,53846
kommun,1290,2022,RD,KD,5.49,53846
kommun,1290,2022,RD,M,21.86,53846
kommun,1290,2022,RD,SD,28.76,53846
kommun,1290,2022,RF,V,5.19,53877
kommun,1290,2022,RF,S,27.36,53877
kommun,1290,2022,RF,MP,1.84,53877
kommun,1290,2022,RF,C,4.5,53877
kommun,1290,2022,RF,L,7.07,53877
kommun,1290,2022,RF,KD,6.61,53877
kommun,1290,2022,RF,M,22.2,53877
kommun,1290,2022,RF,SD,23.55,53877
kommun,1291,2014,KF,V,2.6,12999
kommun,1291,2014,KF,S,26.09,12999
kommun,1291,2014,KF,MP,4.98,12999
kommun,1291,2014,KF,C,9.75,12999
kommun,1291,2014,KF,L,4.08,12999
kommun,1291,2014,KF,KD,2.22,12999
kommun,1291,2014,KF,M,20.36,12999
kommun,1291,2014,KF,SD,14.32,12999
kommun,1291,2014,RD,V,3.61,13094
kommun,1291,2014,RD,S,26.07,13094
kommun,1291,2014,RD,MP,5.81,13094
kommun,1291,2014,RD,C,7.6,13094
kommun,1291,2014,RD,L,4.53,13094
kommun,1291,2014,RD,KD,3.63,13094
kommun,1291,2014,RD,M,25.08,13094
kommun,1291,2014,RD,SD,19.18,13094
kommun,1291,2014,RF,V,3.94,12881
kommun,1291,2014,RF,S,29.04,12881
kommun,1291,2014,RF,MP,6.15,12881
kommun,1291,2014,RF,C,7.79,12881
kommun,1291,2014,RF,L,4.49,12881
kommun,1291,2014,RF,KD,3.5,12881
kommun,1291,2014,RF,M,24.11,12881
kommun,1291,2014,RF,SD,14.67,12881
kommun,1291,2018,KF,V,3.59,13335
kommun,1291,2018,KF,S,23.09,13335
kommun,1291,2018,KF,MP,3.87,13335
kommun,1291,2018,KF,C,8.08,13335
kommun,1291,2018,KF,L,5.95,13335
kommun,1291,2018,KF,KD,3.24,13335
kommun,1291,2018,KF,M,25.01,13335
kommun,1291,2018,KF,SD,17.67,13335
kommun,1291,2018,RD,V,5.75,13243
kommun,1291,2018,RD,S,23.4,13243
kommun,1291,2018,RD,MP,4.58,13243
kommun,1291,2018,RD,C,8.19,13243
kommun,1291,2018,RD,L,4.58,13243
kommun,1291,2018,RD,KD,6.03,13243
kommun,1291,2018,RD,M,20.48,13243
kommun,1291,2018,RD,SD,24.99,13243
kommun,1291,2018,RF,V,5.52,13171
kommun,1291,2018,RF,S,24.55,13171
kommun,1291,2018,RF,MP,4.73,13171
kommun,1291,2018,RF,C,7.92,13171
kommun,1291,2018,RF,L,6.89,13171
kommun,1291,2018,RF,KD,5.42,13171
kommun,1291,2018,RF,M,23.76,13171
kommun,1291,2018,RF,SD,19.01,13171
kommun,1291,2022,KF,V,5.06,13212
kommun,1291,2022,KF,S,23.41,13212
kommun,1291,2022,KF,MP,4.52,13212
kommun,1291,2022,KF,C,6.81,13212
kommun,1291,2022,KF,L,4.96,13212
kommun,1291,2022,KF,KD,2.97,13212
kommun,1291,2022,KF,M,26.94,13212
kommun,1291,2022,KF,SD,18.87,13212
kommun,1291,2022,RD,V,5.02,13243
kommun,1291,2022,RD,S,25.52,13243
kommun,1291,2022,RD,MP,6.15,13243
kommun,1291,2022,RD,C,5.83,13243
kommun,1291,2022,RD,L,4.52,13243
kommun,1291,2022,RD,KD,5.29,13243
kommun,1291,2022,RD,M,18.42,13243
kommun,1291,2022,RD,SD,27.63,13243
kommun,1291,2022,RF,V,6.16,13124
kommun,1291,2022,RF,S,27.04,13124
kommun,1291,2022,RF,MP,5.03,13124
kommun,1291,2022,RF,C,5.91,13124
kommun,1291,2022,RF,L,5.46,13124
kommun,1291,2022,RF,KD,5.71,13124
kommun,1291,2022,RF,M,22.95,13124
kommun,1291,2022,RF,SD,20.3,13124
kommun,1292,2014,KF,V,2.15,26612
kommun,1292,2014,KF,S,29.47,26612
kommun,1292,2014,KF,MP,5.6,26612
kommun,1292,2014,KF,C,6.68,26612
kommun,1292,2014,KF,L,4.07,26612
kommun,1292,2014,KF,KD,3.26,26612
kommun,1292,2014,KF,M,25.29,26612
kommun,1292,2014,KF,SD,11.3,26612
kommun,1292,2014,RD,V,2.73,26882
kommun,1292,2014,RD,S,26.46,26882
kommun,1292,2014,RD,MP,5.96,26882
kommun,1292,2014,RD,C,6.17,26882
kommun,1292,2014,RD,L,4.65,26882
kommun,1292,2014,RD,KD,4.67,26882
kommun,1292,2014,RD,M,29.51,26882
kommun,1292,2014,RD,SD,17.57,26882
kommun,1292,2014,RF,V,2.88,26277
kommun,1292,2014,RF,S,32.78,26277
kommun,1292,2014,RF,MP,5.38,26277
kommun,1292,2014,RF,C,6.24,26277
kommun,1292,2014,RF,L,4.46,26277
kommun,1292,2014,RF,KD,4.78,26277
kommun,1292,2014,RF,M,26.28,26277
kommun,1292,2014,RF,SD,12.85,26277
kommun,1292,2018,KF,V,2.82,27806
kommun,1292,2018,KF,S,23.24,27806
kommun,1292,2018,KF,MP,3.39,27806
kommun,1292,2018,KF,C,8.58,27806
kommun,1292,2018,KF,L,5.08,27806
kommun,1292,2018,KF,KD,4.85,27806
kommun,1292,2018,KF,M,29.57,27806
kommun,1292,2018,KF,SD,17.23,27806
kommun,1292,2018,RD,V,3.72,28134
kommun,1292,2018,RD,S,22.31,28134
kommun,1292,2018,RD,MP,3.18,28134
kommun,1292,2018,RD,C,8.08,28134
kommun,1292,2018,RD,L,4.67,28134
kommun,1292,2018,RD,KD,7.35,28134
kommun,1292,2018,RD,M,25.28,28134
kommun,1292,2018,RD,SD,24.24,28134
kommun,1292,2018,RF,V,3.7,27478
kommun,1292,2018,RF,S,25.06,27478
kommun,1292,2018,RF,MP,2.92,27478
kommun,1292,2018,RF,C,8.14,27478
kommun,1292,2018,RF,L,4.22,27478
kommun,1292,2018,RF,KD,7.35,27478
kommun,1292,2018,RF,M,28.79,27478
kommun,1292,2018,RF,SD,18.85,27478
kommun,1292,2022,KF,V,2.93,28629
kommun,1292,2022,KF,S,27.52,28629
kommun,1292,2022,KF,MP,2.83,28629
kommun,1292,2022,KF,C,6.03,28629
kommun,1292,2022,KF,L,2.97,28629
kommun,1292,2022,KF,KD,5.51,28629
kommun,1292,2022,KF,M,29.88,28629
kommun,1292,2022,KF,SD,18.48,28629
kommun,1292,2022,RD,V,3.07,28933
kommun,1292,2022,RD,S,25.74,28933
kommun,1292,2022,RD,MP,3.35,28933
kommun,1292,2022,RD,C,5.76,28933
kommun,1292,2022,RD,L,3.87,28933
kommun,1292,2022,RD,KD,6.25,28933
kommun,1292,2022,RD,M,22.86,28933
kommun,1292,2022,RD,SD,28.02,28933
kommun,1292,2022,RF,V,3.57,28425
kommun,1292,2022,RF,S,29.07,28425
kommun,1292,2022,RF,MP,2.49,28425
kommun,1292,2022,RF,C,5.35,28425
kommun,1292,2022,RF,L,3.48,28425
kommun,1292,2022,RF,KD,8.39,28425
kommun,1292,2022,RF,M,25.65,28425
kommun,1292,2022,RF,SD,20.84,28425
kommun,1293,2014,KF,V,3.14,32483
kommun,1293,2014,KF,S,31.11,32483
kommun,1293,2014,KF,MP,6.85,32483
kommun,1293,2014,KF,C,7.19,32483
kommun,1293,2014,KF,L,5.48,32483
kommun,1293,2014,KF,KD,5.13,32483
kommun,1293,2014,KF,M,13.12,32483
kommun,1293,2014,KF,SD,22.58,32483
kommun,1293,2014,RD,V,3.1,32633
kommun,1293,2014,RD,S,29.89,32633
kommun,1293,2014,RD,MP,6.93,32633
kommun,1293,2014,RD,C,6.07,32633
kommun,1293,2014,RD,L,3.85,32633
kommun,1293,2014,RD,KD,5.13,32633
kommun,1293,2014,RD,M,19.01,32633
kommun,1293,2014,RD,SD,23.45,32633
kommun,1293,2014,RF,V,3.38,32257
kommun,1293,2014,RF,S,33.83,32257
kommun,1293,2014,RF,MP,6.05,32257
kommun,1293,2014,RF,C,6.4,32257
kommun,1293,2014,RF,L,4.38,32257
kommun,1293,2014,RF,KD,5.81,32257
kommun,1293,2014,RF,M,15.5,32257
kommun,1293,2014,RF,SD,21.11,32257
kommun,1293,2018,KF,V,3.9,33378
kommun,1293,2018,KF,S,24.12,33378
kommun,1293,2018,KF,MP,3.27,33378
kommun,1293,2018,KF,C,7.96,33378
kommun,1293,2018,KF,L,4.54,33378
kommun,1293,2018,KF,KD,5.84,33378
kommun,1293,2018,KF,M,16.73,33378
kommun,1293,2018,KF,SD,25.53,33378
kommun,1293,2018,RD,V,4.56,33334
kommun,1293,2018,RD,S,25.51,33334
kommun,1293,2018,RD,MP,3.1,33334
kommun,1293,2018,RD,C,6.91,33334
kommun,1293,2018,RD,L,4.14,33334
kommun,1293,2018,RD,KD,7.26,33334
kommun,1293,2018,RD,M,18.04,33334
kommun,1293,2018,RD,SD,29.12,33334
kommun,1293,2018,RF,V,4.46,33227
kommun,1293,2018,RF,S,27.4,33227
kommun,1293,2018,RF,MP,3.06,33227
kommun,1293,2018,RF,C,7.46,33227
kommun,1293,2018,RF,L,4.44,33227
kommun,1293,2018,RF,KD,7.99,33227
kommun,1293,2018,RF,M,17.48,33227
kommun,1293,2018,RF,SD,26.52,33227
kommun,1293,2022,KF,V,5.92,32699
kommun,1293,2022,KF,S,22.67,32699
kommun,1293,2022,KF,MP,2.5,32699
kommun,1293,2022,KF,C,5.7,32699
kommun,1293,2022,KF,L,4.25,32699
kommun,1293,2022,KF,KD,5.94,32699
kommun,1293,2022,KF,M,16.58,32699
kommun,1293,2022,KF,SD,29.89,32699
kommun,1293,2022,RD,V,4.68,32636
kommun,1293,2022,RD,S,24.6,32636
kommun,1293,2022,RD,MP,2.82,32636
kommun,1293,2022,RD,C,5.03,32636
kommun,1293,2022,RD,L,3.54,32636
kommun,1293,2022,RD,KD,6.84,32636
kommun,1293,2022,RD,M,17.66,32636
kommun,1293,2022,RD,SD,33.61,32636
kommun,1293,2022,RF,V,5.39,32493
kommun,1293,2022,RF,S,26.5,32493
kommun,1293,2022,RF,MP,2.24,32493
kommun,1293,2022,RF,C,5.15,32493
kommun,1293,2022,RF,L,3.43,32493
kommun,1293,2022,RF,KD,8.33,32493
kommun,1293,2022,RF,M,18.3,32493
kommun,1293,2022,RF,SD,29.38,32493
kommun,1315,2014,KF,V,2.29,6168
kommun,1315,2014,KF,S,37.16,6168
kommun,1315,2014,KF,MP,2.71,6168
kommun,1315,2014,KF,C,18.01,6168
kommun,1315,2014,KF,L,6.37,6168
kommun,1315,2014,KF,KD,0.71,6168
kommun,1315,2014,KF,M,9.32,6168
kommun,1315,2014,KF,SD,11.2,6168
kommun,1315,2014,RD,V,2.87,6123
kommun,1315,2014,RD,S,36.65,6123
kommun,1315,2014,RD,MP,2.86,6123
kommun,1315,2014,RD,C,12.07,6123
kommun,1315,2014,RD,L,4.21,6123
kommun,1315,2014,RD,KD,3.27,6123
kommun,1315,2014,RD,M,17.33,6123
kommun,1315,2014,RD,SD,18.54,6123
kommun,1315,2014,RF,V,3.25,6063
kommun,1315,2014,RF,S,38.56,6063
kommun,1315,2014,RF,MP,3.17,6063
kommun,1315,2014,RF,C,14.93,6063
kommun,1315,2014,RF,L,6.48,6063
kommun,1315,2014,RF,KD,2.77,6063
kommun,1315,2014,RF,M,15.62,6063
kommun,1315,2014,RF,SD,13.01,6063
kommun,1315,2018,KF,V,3.76,6322
kommun,1315,2018,KF,S,37.95,6322
kommun,1315,2018,KF,MP,1.52,6322
kommun,1315,2018,KF,C,15.91,6322
kommun,1315,2018,KF,L,4.6,6322
kommun,1315,2018,KF,KD,0.9,6322
kommun,1315,2018,KF,M,9.63,6322
kommun,1315,2018,KF,SD,19.84,6322
kommun,1315,2018,RD,V,3.95,6056
kommun,1315,2018,RD,S,31.19,6056
kommun,1315,2018,RD,MP,1.92,6056
kommun,1315,2018,RD,C,11.66,6056
kommun,1315,2018,RD,L,3.3,6056
kommun,1315,2018,RD,KD,6.57,6056
kommun,1315,2018,RD,M,14.42,6056
kommun,1315,2018,RD,SD,25.79,6056
kommun,1315,2018,RF,V,4.07,6246
kommun,1315,2018,RF,S,35.01,6246
kommun,1315,2018,RF,MP,1.78,6246
kommun,1315,2018,RF,C,14.15,6246
kommun,1315,2018,RF,L,4.77,6246
kommun,1315,2018,RF,KD,5.44,6246
kommun,1315,2018,RF,M,13.99,6246
kommun,1315,2018,RF,SD,20.17,6246
kommun,1315,2022,KF,V,4.4,6138
kommun,1315,2022,KF,S,32.06,6138
kommun,1315,2022,KF,MP,1.38,6138
kommun,1315,2022,KF,C,14.66,6138
kommun,1315,2022,KF,L,3.96,6138
kommun,1315,2022,KF,KD,4.4,6138
kommun,1315,2022,KF,M,10.9,6138
kommun,1315,2022,KF,SD,24.05,6138
kommun,1315,2022,RD,V,3.64,6036
kommun,1315,2022,RD,S,30.28,6036
kommun,1315,2022,RD,MP,2.52,6036
kommun,1315,2022,RD,C,7.67,6036
kommun,1315,2022,RD,L,2.67,6036
kommun,1315,2022,RD,KD,7.16,6036
kommun,1315,2022,RD,M,14.68,6036
kommun,1315,2022,RD,SD,30.47,6036
kommun,1315,2022,RF,V,4.48,6027
kommun,1315,2022,RF,S,32.44,6027
kommun,1315,2022,RF,MP,1.76,6027
kommun,1315,2022,RF,C,12.2,6027
kommun,1315,2022,RF,L,2.99,6027
kommun,1315,2022,RF,KD,8.03,6027
kommun,1315,2022,RF,M,13.51,6027
kommun,1315,2022,RF,SD,23.78,6027
kommun,1380,2014,KF,V,5.06,62381
kommun,1380,2014,KF,S,35.21,62381
kommun,1380,2014,KF,MP,6.63,62381
kommun,1380,2014,KF,C,10.34,62381
kommun,1380,2014,KF,L,5.13,62381
kommun,1380,2014,KF,KD,2.81,62381
kommun,1380,2014,KF,M,22.78,62381
kommun,1380,2014,KF,SD,8.87,62381
kommun,1380,2014,RD,V,4.47,62999
kommun,1380,2014,RD,S,33.4,62999
kommun,1380,2014,RD,MP,6.23,62999
kommun,1380,2014,RD,C,6.25,62999
kommun,1380,2014,RD,L,5.36,62999
kommun,1380,2014,RD,KD,3.9,62999
kommun,1380,2014,RD,M,24.61,62999
kommun,1380,2014,RD,SD,12.42,62999
kommun,1380,2014,RF,V,5.45,62072
kommun,1380,2014,RF,S,36.12,62072
kommun,1380,2014,RF,MP,6.24,62072
kommun,1380,2014,RF,C,7.45,62072
kommun,1380,2014,RF,L,5.5,62072
kommun,1380,2014,RF,KD,3.85,62072
kommun,1380,2014,RF,M,23.13,62072
kommun,1380,2014,RF,SD,8.64,62072
kommun,1380,2018,KF,V,5.78,65445
kommun,1380,2018,KF,S,31.11,65445
kommun,1380,2018,KF,MP,3.71,65445
kommun,1380,2018,KF,C,9.78,65445
kommun,1380,2018,KF,L,5.31,65445
kommun,1380,2018,KF,KD,6.22,65445
kommun,1380,2018,KF,M,22.02,65445
kommun,1380,2018,KF,SD,13.69,65445
kommun,1380,2018,RD,V,5.52,65498
kommun,1380,2018,RD,S,30.43,65498
kommun,1380,2018,RD,MP,3.69,65498
kommun,1380,2018,RD,C,8.24,65498
kommun,1380,2018,RD,L,5.31,65498
kommun,1380,2018,RD,KD,6.23,65498
kommun,1380,2018,RD,M,21.3,65498
kommun,1380,2018,RD,SD,17.71,65498
kommun,1380,2018,RF,V,6.24,65067
kommun,1380,2018,RF,S,32.18,65067
kommun,1380,2018,RF,MP,3.47,65067
kommun,1380,2018,RF,C,8.79,65067
kommun,1380,2018,RF,L,5.87,65067
kommun,1380,2018,RF,KD,7.12,65067
kommun,1380,2018,RF,M,22.08,65067
kommun,1380,2018,RF,SD,13.6,65067
kommun,1380,2022,KF,V,5.92,65164
kommun,1380,2022,KF,S,30.64,65164
kommun,1380,2022,KF,MP,3.12,65164
kommun,1380,2022,KF,C,7.14,65164
kommun,1380,2022,KF,L,3.58,65164
kommun,1380,2022,KF,KD,6.75,65164
kommun,1380,2022,KF,M,18.18,65164
kommun,1380,2022,KF,SD,14.92,65164
kommun,1380,2022,RD,V,4.87,65548
kommun,1380,2022,RD,S,31.59,65548
kommun,1380,2022,RD,MP,3.61,65548
kommun,1380,2022,RD,C,6.1,65548
kommun,1380,2022,RD,L,4.4,65548
kommun,1380,2022,RD,KD,5.52,65548
kommun,1380,2022,RD,M,20.76,65548
kommun,1380,2022,RD,SD,21.68,65548
kommun,1380,2022,RF,V,6.31,64758
kommun,1380,2022,RF,S,33.02,64758
kommun,1380,2022,RF,MP,2.78,64758
kommun,1380,2022,RF,C,6.97,64758
kommun,1380,2022,RF,L,4.14,64758
kommun,1380,2022,RF,KD,8.6,64758
kommun,1380,2022,RF,M,21.27,64758
kommun,1380,2022,RF,SD,15.77,64758
kommun,1381,2014,KF,V,2.9,15502
kommun,1381,2014,KF,S,23.42,15502
kommun,1381,2014,KF,MP,6.04,15502
kommun,1381,2014,KF,C,18.04,15502
kommun,1381,2014,KF,L,3.51,15502
kommun,1381,2014,KF,KD,3.64,15502
kommun,1381,2014,KF,M,21.65,15502
kommun,1381,2014,KF,SD,12.31,15502
kommun,1381,2014,RD,V,2.99,15661
kommun,1381,2014,RD,S,27.04,15661
kommun,1381,2014,RD,MP,5.06,15661
kommun,1381,2014,RD,C,11.26,15661
kommun,1381,2014,RD,L,3.91,15661
kommun,1381,2014,RD,KD,3.88,15661
kommun,1381,2014,RD,M,24.79,15661
kommun,1381,2014,RD,SD,18.31,15661
kommun,1381,2014,RF,V,3.55,15276
kommun,1381,2014,RF,S,27.83,15276
kommun,1381,2014,RF,MP,5.75,15276
kommun,1381,2014,RF,C,14.02,15276
kommun,1381,2014,RF,L,4.27,15276
kommun,1381,2014,RF,KD,4.43,15276
kommun,1381,2014,RF,M,23.7,15276
kommun,1381,2014,RF,SD,13.23,15276
kommun,1381,2018,KF,V,3.24,16460
kommun,1381,2018,KF,S,19.91,16460
kommun,1381,2018,KF,MP,3.11,16460
kommun,1381,2018,KF,C,17.17,16460
kommun,1381,2018,KF,L,4.66,16460
kommun,1381,2018,KF,KD,5.53,16460
kommun,1381,2018,KF,M,16.22,16460
kommun,1381,2018,KF,SD,17.13,16460
kommun,1381,2018,RD,V,3.91,16438
kommun,1381,2018,RD,S,23.34,16438
kommun,1381,2018,RD,MP,2.99,16438
kommun,1381,2018,RD,C,11.74,16438
kommun,1381,2018,RD,L,4.46,16438
kommun,1381,2018,RD,KD,7.59,16438
kommun,1381,2018,RD,M,18.89,16438
kommun,1381,2018,RD,SD,25.69,16438
kommun,1381,2018,RF,V,4.03,16216
kommun,1381,2018,RF,S,23.71,16216
kommun,1381,2018,RF,MP,3.03,16216
kommun,1381,2018,RF,C,14.45,16216
kommun,1381,2018,RF,L,5.0,16216
kommun,1381,2018,RF,KD,8.52,16216
kommun,1381,2018,RF,M,19.64,16216
kommun,1381,2018,RF,SD,19.96,16216
kommun,1381,2022,KF,V,3.66,16711
kommun,1381,2022,KF,S,19.4,16711
kommun,1381,2022,KF,MP,2.44,16711
kommun,1381,2022,KF,C,13.95,16711
kommun,1381,2022,KF,L,4.84,16711
kommun,1381,2022,KF,KD,6.32,16711
kommun,1381,2022,KF,M,17.2,16711
kommun,1381,2022,KF,SD,19.72,16711
kommun,1381,2022,RD,V,3.05,16922
kommun,1381,2022,RD,S,25.12,16922
kommun,1381,2022,RD,MP,2.77,16922
kommun,1381,2022,RD,C,7.37,16922
kommun,1381,2022,RD,L,3.91,16922
kommun,1381,2022,RD,KD,7.25,16922
kommun,1381,2022,RD,M,18.5,16922
kommun,1381,2022,RD,SD,30.94,16922
kommun,1381,2022,RF,V,4.06,16469
kommun,1381,2022,RF,S,24.43,16469
kommun,1381,2022,RF,MP,2.17,16469
kommun,1381,2022,RF,C,10.71,16469
kommun,1381,2022,RF,L,4.02,16469
kommun,1381,2022,RF,KD,9.7,16469
kommun,1381,2022,RF,M,19.92,16469
kommun,1381,2022,RF,SD,22.85,16469
kommun,1382,2014,KF,V,4.56,27785
kommun,1382,2014,KF,S,34.85,27785
kommun,1382,2014,KF,MP,5.33,27785
kommun,1382,2014,KF,C,18.39,27785
kommun,1382,2014,KF,L,4.91,27785
kommun,1382,2014,KF,KD,3.19,27785
kommun,1382,2014,KF,M,17.41,27785
kommun,1382,2014,KF,SD,10.98,27785
kommun,1382,2014,RD,V,3.89,28099
kommun,1382,2014,RD,S,32.59,28099
kommun,1382,2014,RD,MP,5.75,28099
kommun,1382,2014,RD,C,11.31,28099
kommun,1382,2014,RD,L,4.05,28099
kommun,1382,2014,RD,KD,3.93,28099
kommun,1382,2014,RD,M,23.19,28099
kommun,1382,2014,RD,SD,13.05,28099
kommun,1382,2014,RF,V,4.75,27306
kommun,1382,2014,RF,S,35.46,27306
kommun,1382,2014,RF,MP,5.35,27306
kommun,1382,2014,RF,C,13.96,27306
kommun,1382,2014,RF,L,4.75,27306
kommun,1382,2014,RF,KD,4.15,27306
kommun,1382,2014,RF,M,19.79,27306
kommun,1382,2014,RF,SD,9.98,27306
kommun,1382,2018,KF,V,4.27,29395
kommun,1382,2018,KF,S,33.65,29395
kommun,1382,2018,KF,MP,2.74,29395
kommun,1382,2018,KF,C,19.62,29395
kommun,1382,2018,KF,L,4.92,29395
kommun,1382,2018,KF,KD,4.72,29395
kommun,1382,2018,KF,M,17.48,29395
kommun,1382,2018,KF,SD,12.4,29395
kommun,1382,2018,RD,V,5.1,29472
kommun,1382,2018,RD,S,30.22,29472
kommun,1382,2018,RD,MP,3.42,29472
kommun,1382,2018,RD,C,12.3,29472
kommun,1382,2018,RD,L,4.31,29472
kommun,1382,2018,RD,KD,6.95,29472
kommun,1382,2018,RD,M,18.83,29472
kommun,1382,2018,RD,SD,17.55,29472
kommun,1382,2018,RF,V,5.36,28870
kommun,1382,2018,RF,S,32.03,28870
kommun,1382,2018,RF,MP,2.94,28870
kommun,1382,2018,RF,C,15.38,28870
kommun,1382,2018,RF,L,5.3,28870
kommun,1382,2018,RF,KD,7.43,28870
kommun,1382,2018,RF,M,18.45,28870
kommun,1382,2018,RF,SD,12.74,28870
kommun,1382,2022,KF,V,4.31,30075
kommun,1382,2022,KF,S,34.39,30075
kommun,1382,2022,KF,MP,2.77,30075
kommun,1382,2022,KF,C,15.98,30075
kommun,1382,2022,KF,L,3.24,30075
kommun,1382,2022,KF,KD,4.8,30075
kommun,1382,2022,KF,M,18.33,30075
kommun,1382,2022,KF,SD,15.96,30075
kommun,1382,2022,RD,V,4.23,30318
kommun,1382,2022,RD,S,31.49,30318
kommun,1382,2022,RD,MP,3.48,30318
kommun,1382,2022,RD,C,8.47,30318
kommun,1382,2022,RD,L,4.01,30318
kommun,1382,2022,RD,KD,5.49,30318
kommun,1382,2022,RD,M,20.14,30318
kommun,1382,2022,RD,SD,21.68,30318
kommun,1382,2022,RF,V,5.04,29694
kommun,1382,2022,RF,S,32.74,29694
kommun,1382,2022,RF,MP,2.79,29694
kommun,1382,2022,RF,C,12.23,29694
kommun,1382,2022,RF,L,3.38,29694
kommun,1382,2022,RF,KD,6.97,29694
kommun,1382,2022,RF,M,19.84,29694
kommun,1382,2022,RF,SD,15.94,29694
kommun,1383,2014,KF,V,4.9,40755
kommun,1383,2014,KF,S,32.9,40755
kommun,1383,2014,KF,MP,5.65,40755
kommun,1383,2014,KF,C,12.06,40755
kommun,1383,2014,KF,L,5.04,40755
kommun,1383,2014,KF,KD,3.19,40755
kommun,1383,2014,KF,M,22.81,40755
kommun,1383,2014,KF,SD,9.36,40755
kommun,1383,2014,RD,V,4.18,41291
kommun,1383,2014,RD,S,31.36,41291
kommun,1383,2014,RD,MP,6.09,41291
kommun,1383,2014,RD,C,9.14,41291
kommun,1383,2014,RD,L,5.25,41291
kommun,1383,2014,RD,KD,4.21,41291
kommun,1383,2014,RD,M,25.17,41291
kommun,1383,2014,RD,SD,11.58,41291
kommun,1383,2014,RF,V,5.18,40331
kommun,1383,2014,RF,S,33.81,40331
kommun,1383,2014,RF,MP,5.67,40331
kommun,1383,2014,RF,C,10.87,40331
kommun,1383,2014,RF,L,5.66,40331
kommun,1383,2014,RF,KD,4.12,40331
kommun,1383,2014,RF,M,23.17,40331
kommun,1383,2014,RF,SD,8.68,40331
kommun,1383,2018,KF,V,5.54,43112
kommun,1383,2018,KF,S,28.12,43112
kommun,1383,2018,KF,MP,2.96,43112
kommun,1383,2018,KF,C,13.09,43112
kommun,1383,2018,KF,L,7.47,43112
kommun,1383,2018,KF,KD,5.72,43112
kommun,1383,2018,KF,M,20.37,43112
kommun,1383,2018,KF,SD,12.08,43112
kommun,1383,2018,RD,V,5.58,43469
kommun,1383,2018,RD,S,28.32,43469
kommun,1383,2018,RD,MP,3.69,43469
kommun,1383,2018,RD,C,11.13,43469
kommun,1383,2018,RD,L,5.78,43469
kommun,1383,2018,RD,KD,7.49,43469
kommun,1383,2018,RD,M,20.69,43469
kommun,1383,2018,RD,SD,16.13,43469
kommun,1383,2018,RF,V,6.43,42637
kommun,1383,2018,RF,S,28.76,42637
kommun,1383,2018,RF,MP,3.11,42637
kommun,1383,2018,RF,C,12.68,42637
kommun,1383,2018,RF,L,7.65,42637
kommun,1383,2018,RF,KD,7.74,42637
kommun,1383,2018,RF,M,20.73,42637
kommun,1383,2018,RF,SD,12.4,42637
kommun,1383,2022,KF,V,4.58,44785
kommun,1383,2022,KF,S,30.51,44785
kommun,1383,2022,KF,MP,1.87,44785
kommun,1383,2022,KF,C,9.22,44785
kommun,1383,2022,KF,L,5.79,44785
kommun,1383,2022,KF,KD,5.5,44785
kommun,1383,2022,KF,M,21.83,44785
kommun,1383,2022,KF,SD,13.85,44785
kommun,1383,2022,RD,V,4.42,45248
kommun,1383,2022,RD,S,31.25,45248
kommun,1383,2022,RD,MP,3.86,45248
kommun,1383,2022,RD,C,7.75,45248
kommun,1383,2022,RD,L,4.73,45248
kommun,1383,2022,RD,KD,5.93,45248
kommun,1383,2022,RD,M,20.71,45248
kommun,1383,2022,RD,SD,20.31,45248
kommun,1383,2022,RF,V,5.72,44256
kommun,1383,2022,RF,S,32.14,44256
kommun,1383,2022,RF,MP,2.31,44256
kommun,1383,2022,RF,C,9.44,44256
kommun,1383,2022,RF,L,5.27,44256
kommun,1383,2022,RF,KD,7.74,44256
kommun,1383,2022,RF,M,21.54,44256
kommun,1383,2022,RF,SD,14.77,44256
kommun,1384,2014,KF,V,2.99,51812
kommun,1384,2014,KF,S,16.6,51812
kommun,1384,2014,KF,MP,7.3,51812
kommun,1384,2014,KF,C,10.11,51812
kommun,1384,2014,KF,L,9.57,51812
kommun,1384,2014,KF,KD,4.11,51812
kommun,1384,2014,KF,M,34.34,51812
kommun,1384,2014,KF,SD,9.44,51812
kommun,1384,2014,RD,V,2.87,52386
kommun,1384,2014,RD,S,17.06,52386
kommun,1384,2014,RD,MP,6.03,52386
kommun,1384,2014,RD,C,7.59,52386
kommun,1384,2014,RD,L,8.12,52386
kommun,1384,2014,RD,KD,5.51,52386
kommun,1384,2014,RD,M,38.0,52386
kommun,1384,2014,RD,SD,11.99,52386
kommun,1384,2014,RF,V,3.42,51304
kommun,1384,2014,RF,S,17.88,51304
kommun,1384,2014,RF,MP,6.71,51304
kommun,1384,2014,RF,C,8.23,51304
kommun,1384,2014,RF,L,10.02,51304
kommun,1384,2014,RF,KD,5.33,51304
kommun,1384,2014,RF,M,36.37,51304
kommun,1384,2014,RF,SD,8.93,51304
kommun,1384,2018,KF,V,3.2,55589
kommun,1384,2018,KF,S,15.44,55589
kommun,1384,2018,KF,MP,3.96,55589
kommun,1384,2018,KF,C,13.38,55589
kommun,1384,2018,KF,L,9.33,55589
kommun,1384,2018,KF,KD,5.7,55589
kommun,1384,2018,KF,M,30.32,55589
kommun,1384,2018,KF,SD,14.41,55589
kommun,1384,2018,RD,V,3.7,56049
kommun,1384,2018,RD,S,16.32,56049
kommun,1384,2018,RD,MP,3.66,56049
kommun,1384,2018,RD,C,9.75,56049
kommun,1384,2018,RD,L,7.59,56049
kommun,1384,2018,RD,KD,7.82,56049
kommun,1384,2018,RD,M,30.61,56049
kommun,1384,2018,RD,SD,19.31,56049
kommun,1384,2018,RF,V,3.81,55000
kommun,1384,2018,RF,S,15.7,55000
kommun,1384,2018,RF,MP,3.52,55000
kommun,1384,2018,RF,C,10.9,55000
kommun,1384,2018,RF,L,10.18,55000
kommun,1384,2018,RF,KD,8.02,55000
kommun,1384,2018,RF,M,31.14,55000
kommun,1384,2018,RF,SD,14.23,55000
kommun,1384,2022,KF,V,3.29,56949
kommun,1384,2022,KF,S,19.38,56949
kommun,1384,2022,KF,MP,3.25,56949
kommun,1384,2022,KF,C,9.0,56949
kommun,1384,2022,KF,L,6.64,56949
kommun,1384,2022,KF,KD,5.8,56949
kommun,1384,2022,KF,M,30.78,56949
kommun,1384,2022,KF,SD,16.33,56949
kommun,1384,2022,RD,V,3.04,57603
kommun,1384,2022,RD,S,21.16,57603
kommun,1384,2022,RD,MP,3.78,57603
kommun,1384,2022,RD,C,6.61,57603
kommun,1384,2022,RD,L,6.38,57603
kommun,1384,2022,RD,KD,6.43,57603
kommun,1384,2022,RD,M,29.0,57603
kommun,1384,2022,RD,SD,22.56,57603
kommun,1384,2022,RF,V,3.7,56537
kommun,1384,2022,RF,S,19.99,56537
kommun,1384,2022,RF,MP,2.93,56537
kommun,1384,2022,RF,C,7.92,56537
kommun,1384,2022,RF,L,6.87,56537
kommun,1384,2022,RF,KD,8.75,56537
kommun,1384,2022,RF,M,30.58,56537
kommun,1384,2022,RF,SD,16.64,56537
kommun,1401,2014,KF,V,4.88,23142
kommun,1401,2014,KF,S,22.45,23142
kommun,1401,2014,KF,MP,8.94,23142
kommun,1401,2014,KF,C,5.88,23142
kommun,1401,2014,KF,L,8.03,23142
kommun,1401,2014,KF,KD,3.06,23142
kommun,1401,2014,KF,M,27.48,23142
kommun,1401,2014,KF,SD,9.32,23142
kommun,1401,2014,RD,V,4.57,23152
kommun,1401,2014,RD,S,22.56,23152
kommun,1401,2014,RD,MP,7.96,23152
kommun,1401,2014,RD,C,6.21,23152
kommun,1401,2014,RD,L,8.23,23152
kommun,1401,2014,RD,KD,4.88,23152
kommun,1401,2014,RD,M,29.5,23152
kommun,1401,2014,RD,SD,12.58,23152
kommun,1401,2014,RF,V,5.63,22895
kommun,1401,2014,RF,S,24.68,22895
kommun,1401,2014,RF,MP,8.51,22895
kommun,1401,2014,RF,C,5.62,22895
kommun,1401,2014,RF,L,9.1,22895
kommun,1401,2014,RF,KD,5.0,22895
kommun,1401,2014,RF,M,28.14,22895
kommun,1401,2014,RF,SD,9.34,22895
kommun,1401,2018,KF,V,4.6,24226
kommun,1401,2018,KF,S,19.36,24226
kommun,1401,2018,KF,MP,6.92,24226
kommun,1401,2018,KF,C,7.91,24226
kommun,1401,2018,KF,L,8.31,24226
kommun,1401,2018,KF,KD,3.81,24226
kommun,1401,2018,KF,M,23.81,24226
kommun,1401,2018,KF,SD,14.24,24226
kommun,1401,2018,RD,V,5.83,24181
kommun,1401,2018,RD,S,21.55,24181
kommun,1401,2018,RD,MP,5.55,24181
kommun,1401,2018,RD,C,9.31,24181
kommun,1401,2018,RD,L,8.14,24181
kommun,1401,2018,RD,KD,6.49,24181
kommun,1401,2018,RD,M,23.95,24181
kommun,1401,2018,RD,SD,17.67,24181
kommun,1401,2018,RF,V,6.36,24022
kommun,1401,2018,RF,S,21.73,24022
kommun,1401,2018,RF,MP,5.32,24022
kommun,1401,2018,RF,C,8.03,24022
kommun,1401,2018,RF,L,9.34,24022
kommun,1401,2018,RF,KD,7.31,24022
kommun,1401,2018,RF,M,23.3,24022
kommun,1401,2018,RF,SD,14.02,24022
kommun,1401,2022,KF,V,4.96,25037
kommun,1401,2022,KF,S,27.91,25037
kommun,1401,2022,KF,MP,5.48,25037
kommun,1401,2022,KF,C,5.9,25037
kommun,1401,2022,KF,L,4.75,25037
kommun,1401,2022,KF,KD,3.41,25037
kommun,1401,2022,KF,M,23.17,25037
kommun,1401,2022,KF,SD,17.28,25037
kommun,1401,2022,RD,V,4.74,24947
kommun,1401,2022,RD,S,27.16,24947
kommun,1401,2022,RD,MP,5.62,24947
kommun,1401,2022,RD,C,7.05,24947
kommun,1401,2022,RD,L,6.25,24947
kommun,1401,2022,RD,KD,4.99,24947
kommun,1401,2022,RD,M,22.5,24947
kommun,1401,2022,RD,SD,20.63,24947
kommun,1401,2022,RF,V,6.29,24805
kommun,1401,2022,RF,S,28.82,24805
kommun,1401,2022,RF,MP,3.93,24805
kommun,1401,2022,RF,C,5.89,24805
kommun,1401,2022,RF,L,5.85,24805
kommun,1401,2022,RF,KD,6.87,24805
kommun,1401,2022,RF,M,22.03,24805
kommun,1401,2022,RF,SD,16.67,24805
kommun,1402,2014,KF,V,7.17,23258
kommun,1402,2014,KF,S,25.52,23258
kommun,1402,2014,KF,MP,10.47,23258
kommun,1402,2014,KF,C,3.77,23258
kommun,1402,2014,KF,L,9.37,23258
kommun,1402,2014,KF,KD,4.26,23258
kommun,1402,2014,KF,M,27.98,23258
kommun,1402,2014,KF,SD,8.96,23258
kommun,1402,2014,RD,V,6.12,23242
kommun,1402,2014,RD,S,24.86,23242
kommun,1402,2014,RD,MP,7.99,23242
kommun,1402,2014,RD,C,4.5,23242
kommun,1402,2014,RD,L,8.02,23242
kommun,1402,2014,RD,KD,5.39,23242
kommun,1402,2014,RD,M,27.3,23242
kommun,1402,2014,RD,SD,11.61,23242
kommun,1402,2014,RF,V,7.53,23111
kommun,1402,2014,RF,S,25.52,23111
kommun,1402,2014,RF,MP,9.06,23111
kommun,1402,2014,RF,C,3.69,23111
kommun,1402,2014,RF,L,9.16,23111
kommun,1402,2014,RF,KD,5.4,23111
kommun,1402,2014,RF,M,26.41,23111
kommun,1402,2014,RF,SD,8.81,23111
kommun,1402,2018,KF,V,10.05,24199
kommun,1402,2018,KF,S,20.97,24199
kommun,1402,2018,KF,MP,7.07,24199
kommun,1402,2018,KF,C,8.68,24199
kommun,1402,2018,KF,L,6.37,24199
kommun,1402,2018,KF,KD,6.65,24199
kommun,1402,2018,KF,M,25.98,24199
kommun,1402,2018,KF,SD,13.69,24199
kommun,1402,2018,RD,V,8.1,24080
kommun,1402,2018,RD,S,23.78,24080
kommun,1402,2018,RD,MP,5.31,24080
kommun,1402,2018,RD,C,7.89,24080
kommun,1402,2018,RD,L,7.19,24080
kommun,1402,2018,RD,KD,6.91,24080
kommun,1402,2018,RD,M,23.2,24080
kommun,1402,2018,RD,SD,16.33,24080
kommun,1402,2018,RF,V,9.5,24072
kommun,1402,2018,RF,S,22.95,24072
kommun,1402,2018,RF,MP,4.96,24072
kommun,1402,2018,RF,C,6.9,24072
kommun,1402,2018,RF,L,7.63,24072
kommun,1402,2018,RF,KD,7.51,24072
kommun,1402,2018,RF,M,22.85,24072
kommun,1402,2018,RF,SD,12.52,24072
kommun,1402,2022,KF,V,8.51,23891
kommun,1402,2022,KF,S,25.3,23891
kommun,1402,2022,KF,MP,6.66,23891
kommun,1402,2022,KF,C,6.8,23891
kommun,1402,2022,KF,L,5.24,23891
kommun,1402,2022,KF,KD,5.55,23891
kommun,1402,2022,KF,M,27.34,23891
kommun,1402,2022,KF,SD,14.14,23891
kommun,1402,2022,RD,V,6.5,23845
kommun,1402,2022,RD,S,28.63,23845
kommun,1402,2022,RD,MP,6.22,23845
kommun,1402,2022,RD,C,6.75,23845
kommun,1402,2022,RD,L,5.85,23845
kommun,1402,2022,RD,KD,5.35,23845
kommun,1402,2022,RD,M,21.72,23845
kommun,1402,2022,RD,SD,17.82,23845
kommun,1402,2022,RF,V,8.89,23821
kommun,1402,2022,RF,S,28.36,23821
kommun,1402,2022,RF,MP,4.19,23821
kommun,1402,2022,RF,C,5.73,23821
kommun,1402,2022,RF,L,5.66,23821
kommun,1402,2022,RF,KD,7.0,23821
kommun,1402,2022,RF,M,22.21,23821
kommun,1402,2022,RF,SD,13.55,23821
kommun,1407,2014,KF,V,3.98,8678
kommun,1407,2014,KF,S,22.27,8678
kommun,1407,2014,KF,MP,7.56,8678
kommun,1407,2014,KF,C,1.11,8678
kommun,1407,2014,KF,L,10.36,8678
kommun,1407,2014,KF,KD,20.97,8678
kommun,1407,2014,KF,M,27.16,8678
kommun,1407,2014,KF,SD,6.07,8678
kommun,1407,2014,RD,V,3.97,8725
kommun,1407,2014,RD,S,20.44,8725
kommun,1407,2014,RD,MP,5.28,8725
kommun,1407,2014,RD,C,2.85,8725
kommun,1407,2014,RD,L,6.9,8725
kommun,1407,2014,RD,KD,16.93,8725
kommun,1407,2014,RD,M,30.21,8725
kommun,1407,2014,RD,SD,10.56,8725
kommun,1407,2014,RF,V,4.6,8523
kommun,1407,2014,RF,S,22.21,8523
kommun,1407,2014,RF,MP,6.27,8523
kommun,1407,2014,RF,C,1.83,8523
kommun,1407,2014,RF,L,8.6,8523
kommun,1407,2014,RF,KD,18.7,8523
kommun,1407,2014,RF,M,27.21,8523
kommun,1407,2014,RF,SD,7.07,8523
kommun,1407,2018,KF,V,4.08,9118
kommun,1407,2018,KF,S,18.4,9118
kommun,1407,2018,KF,MP,7.11,9118
kommun,1407,2018,KF,C,1.96,9118
kommun,1407,2018,KF,L,8.75,9118
kommun,1407,2018,KF,KD,27.59,9118
kommun,1407,2018,KF,M,20.78,9118
kommun,1407,2018,KF,SD,10.61,9118
kommun,1407,2018,RD,V,4.93,9170
kommun,1407,2018,RD,S,18.65,9170
kommun,1407,2018,RD,MP,4.6,9170
kommun,1407,2018,RD,C,5.39,9170
kommun,1407,2018,RD,L,6.6,9170
kommun,1407,2018,RD,KD,19.44,9170
kommun,1407,2018,RD,M,21.94,9170
kommun,1407,2018,RD,SD,17.51,9170
kommun,1407,2018,RF,V,5.26,8973
kommun,1407,2018,RF,S,18.83,8973
kommun,1407,2018,RF,MP,4.9,8973
kommun,1407,2018,RF,C,3.59,8973
kommun,1407,2018,RF,L,7.66,8973
kommun,1407,2018,RF,KD,22.2,8973
kommun,1407,2018,RF,M,21.0,8973
kommun,1407,2018,RF,SD,12.37,8973
kommun,1407,2022,KF,V,4.39,9115
kommun,1407,2022,KF,S,21.0,9115
kommun,1407,2022,KF,MP,5.36,9115
kommun,1407,2022,KF,C,1.84,9115
kommun,1407,2022,KF,L,6.18,9115
kommun,1407,2022,KF,KD,24.73,9115
kommun,1407,2022,KF,M,20.19,9115
kommun,1407,2022,KF,SD,12.74,9115
kommun,1407,2022,RD,V,4.17,9146
kommun,1407,2022,RD,S,24.83,9146
kommun,1407,2022,RD,MP,4.45,9146
kommun,1407,2022,RD,C,4.83,9146
kommun,1407,2022,RD,L,4.52,9146
kommun,1407,2022,RD,KD,14.15,9146
kommun,1407,2022,RD,M,19.79,9146
kommun,1407,2022,RD,SD,22.12,9146
kommun,1407,2022,RF,V,5.57,9034
kommun,1407,2022,RF,S,24.55,9034
kommun,1407,2022,RF,MP,3.56,9034
kommun,1407,2022,RF,C,3.29,9034
kommun,1407,2022,RF,L,5.14,9034
kommun,1407,2022,RF,KD,19.48,9034
kommun,1407,2022,RF,M,19.94,9034
kommun,1407,2022,RF,SD,15.52,9034
kommun,1415,2014,KF,V,4.4,16357
kommun,1415,2014,KF,S,31.58,16357
kommun,1415,2014,KF,MP,7.06,16357
kommun,1415,2014,KF,C,6.29,16357
kommun,1415,2014,KF,L,7.98,16357
kommun,1415,2014,KF,KD,3.78,16357
kommun,1415,2014,KF,M,29.17,16357
kommun,1415,2014,KF,SD,9.19,16357
kommun,1415,2014,RD,V,4.24,16555
kommun,1415,2014,RD,S,27.56,16555
kommun,1415,2014,RD,MP,6.36,16555
kommun,1415,2014,RD,C,5.89,16555
kommun,1415,2014,RD,L,6.54,16555
kommun,1415,2014,RD,KD,4.39,16555
kommun,1415,2014,RD,M,28.46,16555
kommun,1415,2014,RD,SD,13.75,16555
kommun,1415,2014,RF,V,5.06,16193
kommun,1415,2014,RF,S,30.19,16193
kommun,1415,2014,RF,MP,6.82,16193
kommun,1415,2014,RF,C,5.68,16193
kommun,1415,2014,RF,L,7.73,16193
kommun,1415,2014,RF,KD,5.18,16193
kommun,1415,2014,RF,M,26.72,16193
kommun,1415,2014,RF,SD,9.61,16193
kommun,1415,2018,KF,V,5.19,17393
kommun,1415,2018,KF,S,27.21,17393
kommun,1415,2018,KF,MP,4.08,17393
kommun,1415,2018,KF,C,6.84,17393
kommun,1415,2018,KF,L,7.16,17393
kommun,1415,2018,KF,KD,5.35,17393
kommun,1415,2018,KF,M,24.96,17393
kommun,1415,2018,KF,SD,13.22,17393
kommun,1415,2018,RD,V,5.39,17509
kommun,1415,2018,RD,S,25.95,17509
kommun,1415,2018,RD,MP,4.06,17509
kommun,1415,2018,RD,C,7.3,17509
kommun,1415,2018,RD,L,6.24,17509
kommun,1415,2018,RD,KD,6.83,17509
kommun,1415,2018,RD,M,23.84,17509
kommun,1415,2018,RD,SD,19.28,17509
kommun,1415,2018,RF,V,5.67,17187
kommun,1415,2018,RF,S,27.95,17187
kommun,1415,2018,RF,MP,3.76,17187
kommun,1415,2018,RF,C,6.66,17187
kommun,1415,2018,RF,L,7.3,17187
kommun,1415,2018,RF,KD,8.0,17187
kommun,1415,2018,RF,M,23.87,17187
kommun,1415,2018,RF,SD,14.28,17187
kommun,1415,2022,KF,V,5.27,18043
kommun,1415,2022,KF,S,27.17,18043
kommun,1415,2022,KF,MP,3.05,18043
kommun,1415,2022,KF,C,5.71,18043
kommun,1415,2022,KF,L,4.71,18043
kommun,1415,2022,KF,KD,5.52,18043
kommun,1415,2022,KF,M,24.23,18043
kommun,1415,2022,KF,SD,16.67,18043
kommun,1415,2022,RD,V,4.23,18154
kommun,1415,2022,RD,S,27.77,18154
kommun,1415,2022,RD,MP,4.01,18154
kommun,1415,2022,RD,C,5.76,18154
kommun,1415,2022,RD,L,4.86,18154
kommun,1415,2022,RD,KD,5.99,18154
kommun,1415,2022,RD,M,22.08,18154
kommun,1415,2022,RD,SD,23.84,18154
kommun,1415,2022,RF,V,5.56,17959
kommun,1415,2022,RF,S,29.2,17959
kommun,1415,2022,RF,MP,2.83,17959
kommun,1415,2022,RF,C,5.3,17959
kommun,1415,2022,RF,L,5.17,17959
kommun,1415,2022,RF,KD,8.43,17959
kommun,1415,2022,RF,M,22.86,17959
kommun,1415,2022,RF,SD,17.64,17959
kommun,1419,2014,KF,V,2.51,10533
kommun,1419,2014,KF,S,29.93,10533
kommun,1419,2014,KF,MP,5.91,10533
kommun,1419,2014,KF,C,5.16,10533
kommun,1419,2014,KF,L,14.48,10533
kommun,1419,2014,KF,KD,6.97,10533
kommun,1419,2014,KF,M,21.27,10533
kommun,1419,2014,KF,SD,7.3,10533
kommun,1419,2014,RD,V,3.49,10673
kommun,1419,2014,RD,S,22.14,10673
kommun,1419,2014,RD,MP,5.45,10673
kommun,1419,2014,RD,C,5.48,10673
kommun,1419,2014,RD,L,7.52,10673
kommun,1419,2014,RD,KD,10.1,10673
kommun,1419,2014,RD,M,28.86,10673
kommun,1419,2014,RD,SD,14.17,10673
kommun,1419,2014,RF,V,3.81,10246
kommun,1419,2014,RF,S,25.61,10246
kommun,1419,2014,RF,MP,6.02,10246
kommun,1419,2014,RF,C,4.83,10246
kommun,1419,2014,RF,L,12.57,10246
kommun,1419,2014,RF,KD,10.19,10246
kommun,1419,2014,RF,M,24.58,10246
kommun,1419,2014,RF,SD,8.83,10246
kommun,1419,2018,KF,V,3.69,11139
kommun,1419,2018,KF,S,21.0,11139
kommun,1419,2018,KF,MP,3.74,11139
kommun,1419,2018,KF,C,6.07,11139
kommun,1419,2018,KF,L,15.08,11139
kommun,1419,2018,KF,KD,7.93,11139
kommun,1419,2018,KF,M,19.85,11139
kommun,1419,2018,KF,SD,10.03,11139
kommun,1419,2018,RD,V,5.09,11259
kommun,1419,2018,RD,S,20.56,11259
kommun,1419,2018,RD,MP,3.8,11259
kommun,1419,2018,RD,C,7.66,11259
kommun,1419,2018,RD,L,6.91,11259
kommun,1419,2018,RD,KD,12.27,11259
kommun,1419,2018,RD,M,21.62,11259
kommun,1419,2018,RD,SD,20.8,11259
kommun,1419,2018,RF,V,5.33,10872
kommun,1419,2018,RF,S,22.0,10872
kommun,1419,2018,RF,MP,3.87,10872
kommun,1419,2018,RF,C,5.86,10872
kommun,1419,2018,RF,L,11.65,10872
kommun,1419,2018,RF,KD,13.3,10872
kommun,1419,2018,RF,M,19.66,10872
kommun,1419,2018,RF,SD,15.01,10872
kommun,1419,2022,KF,V,4.41,11152
kommun,1419,2022,KF,S,24.74,11152
kommun,1419,2022,KF,MP,3.52,11152
kommun,1419,2022,KF,C,4.84,11152
kommun,1419,2022,KF,L,11.38,11152
kommun,1419,2022,KF,KD,12.3,11152
kommun,1419,2022,KF,M,14.81,11152
kommun,1419,2022,KF,SD,11.21,11152
kommun,1419,2022,RD,V,3.67,11328
kommun,1419,2022,RD,S,25.35,11328
kommun,1419,2022,RD,MP,4.04,11328
kommun,1419,2022,RD,C,5.53,11328
kommun,1419,2022,RD,L,6.36,11328
kommun,1419,2022,RD,KD,9.93,11328
kommun,1419,2022,RD,M,19.91,11328
kommun,1419,2022,RD,SD,24.31,11328
kommun,1419,2022,RF,V,5.14,11024
kommun,1419,2022,RF,S,26.66,11024
kommun,1419,2022,RF,MP,3.04,11024
kommun,1419,2022,RF,C,4.71,11024
kommun,1419,2022,RF,L,8.19,11024
kommun,1419,2022,RF,KD,14.6,11024
kommun,1419,2022,RF,M,17.78,11024
kommun,1419,2022,RF,SD,16.29,11024
kommun,1421,2014,KF,V,4.53,10111
kommun,1421,2014,KF,S,25.69,10111
kommun,1421,2014,KF,MP,9.68,10111
kommun,1421,2014,KF,C,11.2,10111
kommun,1421,2014,KF,L,11.78,10111
kommun,1421,2014,KF,KD,2.61,10111
kommun,1421,2014,KF,M,16.72,10111
kommun,1421,2014,KF,SD,9.71,10111
kommun,1421,2014,RD,V,5.28,10559
kommun,1421,2014,RD,S,27.4,10559
kommun,1421,2014,RD,MP,5.41,10559
kommun,1421,2014,RD,C,8.56,10559
kommun,1421,2014,RD,L,5.94,10559
kommun,1421,2014,RD,KD,4.53,10559
kommun,1421,2014,RD,M,24.43,10559
kommun,1421,2014,RD,SD,15.19,10559
kommun,1421,2014,RF,V,6.49,10038
kommun,1421,2014,RF,S,27.93,10038
kommun,1421,2014,RF,MP,7.04,10038
kommun,1421,2014,RF,C,8.92,10038
kommun,1421,2014,RF,L,7.68,10038
kommun,1421,2014,RF,KD,4.82,10038
kommun,1421,2014,RF,M,20.19,10038
kommun,1421,2014,RF,SD,10.71,10038
kommun,1421,2018,KF,V,5.47,10482
kommun,1421,2018,KF,S,22.76,10482
kommun,1421,2018,KF,MP,6.19,10482
kommun,1421,2018,KF,C,14.21,10482
kommun,1421,2018,KF,L,8.1,10482
kommun,1421,2018,KF,KD,3.98,10482
kommun,1421,2018,KF,M,16.96,10482
kommun,1421,2018,KF,SD,13.49,10482
kommun,1421,2018,RD,V,6.72,10740
kommun,1421,2018,RD,S,25.4,10740
kommun,1421,2018,RD,MP,3.75,10740
kommun,1421,2018,RD,C,10.14,10740
kommun,1421,2018,RD,L,5.17,10740
kommun,1421,2018,RD,KD,6.74,10740
kommun,1421,2018,RD,M,19.36,10740
kommun,1421,2018,RD,SD,21.25,10740
kommun,1421,2018,RF,V,7.42,10290
kommun,1421,2018,RF,S,24.53,10290
kommun,1421,2018,RF,MP,4.07,10290
kommun,1421,2018,RF,C,10.98,10290
kommun,1421,2018,RF,L,6.54,10290
kommun,1421,2018,RF,KD,8.15,10290
kommun,1421,2018,RF,M,17.8,10290
kommun,1421,2018,RF,SD,15.69,10290
kommun,1421,2022,KF,V,6.03,10565
kommun,1421,2022,KF,S,24.98,10565
kommun,1421,2022,KF,MP,5.05,10565
kommun,1421,2022,KF,C,11.79,10565
kommun,1421,2022,KF,L,5.74,10565
kommun,1421,2022,KF,KD,5.56,10565
kommun,1421,2022,KF,M,18.33,10565
kommun,1421,2022,KF,SD,14.73,10565
kommun,1421,2022,RD,V,4.65,10860
kommun,1421,2022,RD,S,28.27,10860
kommun,1421,2022,RD,MP,4.89,10860
kommun,1421,2022,RD,C,6.45,10860
kommun,1421,2022,RD,L,4.35,10860
kommun,1421,2022,RD,KD,6.47,10860
kommun,1421,2022,RD,M,17.93,10860
kommun,1421,2022,RD,SD,25.74,10860
kommun,1421,2022,RF,V,6.72,10439
kommun,1421,2022,RF,S,26.91,10439
kommun,1421,2022,RF,MP,3.87,10439
kommun,1421,2022,RF,C,7.77,10439
kommun,1421,2022,RF,L,4.9,10439
kommun,1421,2022,RF,KD,8.85,10439
kommun,1421,2022,RF,M,17.6,10439
kommun,1421,2022,RF,SD,17.69,10439
kommun,1427,2014,KF,V,3.35,6335
kommun,1427,2014,KF,S,31.44,6335
kommun,1427,2014,KF,MP,4.28,6335
kommun,1427,2014,KF,C,6.06,6335
kommun,1427,2014,KF,L,8.4,6335
kommun,1427,2014,KF,KD,3.54,6335
kommun,1427,2014,KF,M,36.46,6335
kommun,1427,2014,KF,SD,6.2,6335
kommun,1427,2014,RD,V,3.94,6350
kommun,1427,2014,RD,S,29.1,6350
kommun,1427,2014,RD,MP,3.7,6350
kommun,1427,2014,RD,C,5.18,6350
kommun,1427,2014,RD,L,6.63,6350
kommun,1427,2014,RD,KD,5.43,6350
kommun,1427,2014,RD,M,31.45,6350
kommun,1427,2014,RD,SD,12.41,6350
kommun,1427,2014,RF,V,4.32,6118
kommun,1427,2014,RF,S,30.52,6118
kommun,1427,2014,RF,MP,4.27,6118
kommun,1427,2014,RF,C,4.99,6118
kommun,1427,2014,RF,L,8.17,6118
kommun,1427,2014,RF,KD,5.66,6118
kommun,1427,2014,RF,M,33.31,6118
kommun,1427,2014,RF,SD,7.67,6118
kommun,1427,2018,KF,V,3.41,6538
kommun,1427,2018,KF,S,25.63,6538
kommun,1427,2018,KF,MP,2.95,6538
kommun,1427,2018,KF,C,10.71,6538
kommun,1427,2018,KF,L,7.59,6538
kommun,1427,2018,KF,KD,3.38,6538
kommun,1427,2018,KF,M,37.44,6538
kommun,1427,2018,KF,SD,8.6,6538
kommun,1427,2018,RD,V,4.75,6592
kommun,1427,2018,RD,S,24.86,6592
kommun,1427,2018,RD,MP,2.65,6592
kommun,1427,2018,RD,C,7.9,6592
kommun,1427,2018,RD,L,5.34,6592
kommun,1427,2018,RD,KD,8.12,6592
kommun,1427,2018,RD,M,24.74,6592
kommun,1427,2018,RD,SD,20.52,6592
kommun,1427,2018,RF,V,4.78,6405
kommun,1427,2018,RF,S,25.95,6405
kommun,1427,2018,RF,MP,2.67,6405
kommun,1427,2018,RF,C,8.46,6405
kommun,1427,2018,RF,L,6.4,6405
kommun,1427,2018,RF,KD,8.26,6405
kommun,1427,2018,RF,M,28.7,6405
kommun,1427,2018,RF,SD,11.98,6405
kommun,1427,2022,KF,V,2.36,6610
kommun,1427,2022,KF,S,27.82,6610
kommun,1427,2022,KF,MP,2.44,6610
kommun,1427,2022,KF,C,4.92,6610
kommun,1427,2022,KF,L,7.17,6610
kommun,1427,2022,KF,KD,3.8,6610
kommun,1427,2022,KF,M,25.45,6610
kommun,1427,2022,KF,SD,8.59,6610
kommun,1427,2022,RD,V,2.98,6668
kommun,1427,2022,RD,S,27.95,6668
kommun,1427,2022,RD,MP,3.24,6668
kommun,1427,2022,RD,C,5.59,6668
kommun,1427,2022,RD,L,5.49,6668
kommun,1427,2022,RD,KD,7.59,6668
kommun,1427,2022,RD,M,22.05,6668
kommun,1427,2022,RD,SD,24.18,6668
kommun,1427,2022,RF,V,3.88,6477
kommun,1427,2022,RF,S,29.44,6477
kommun,1427,2022,RF,MP,2.59,6477
kommun,1427,2022,RF,C,5.08,6477
kommun,1427,2022,RF,L,6.42,6477
kommun,1427,2022,RF,KD,11.27,6477
kommun,1427,2022,RF,M,23.61,6477
kommun,1427,2022,RF,SD,14.44,6477
kommun,1430,2014,KF,V,7.0,6539
kommun,1430,2014,KF,S,31.47,6539
kommun,1430,2014,KF,MP,3.44,6539
kommun,1430,2014,KF,C,16.76,6539
kommun,1430,2014,KF,L,3.04,6539
kommun,1430,2014,KF,KD,4.63,6539
kommun,1430,2014,KF,M,17.79,6539
kommun,1430,2014,KF,SD,15.52,6539
kommun,1430,2014,RD,V,5.51,6564
kommun,1430,2014,RD,S,31.84,6564
kommun,1430,2014,RD,MP,3.18,6564
kommun,1430,2014,RD,C,9.75,6564
kommun,1430,2014,RD,L,3.21,6564
kommun,1430,2014,RD,KD,5.03,6564
kommun,1430,2014,RD,M,19.52,6564
kommun,1430,2014,RD,SD,19.23,6564
kommun,1430,2014,RF,V,7.59,6365
kommun,1430,2014,RF,S,31.52,6365
kommun,1430,2014,RF,MP,3.33,6365
kommun,1430,2014,RF,C,11.5,6365
kommun,1430,2014,RF,L,3.68,6365
kommun,1430,2014,RF,KD,6.24,6365
kommun,1430,2014,RF,M,18.15,6365
kommun,1430,2014,RF,SD,15.11,6365
kommun,1430,2018,KF,V,5.72,6752
kommun,1430,2018,KF,S,22.91,6752
kommun,1430,2018,KF,MP,2.74,6752
kommun,1430,2018,KF,C,12.46,6752
kommun,1430,2018,KF,L,6.87,6752
kommun,1430,2018,KF,KD,4.93,6752
kommun,1430,2018,KF,M,19.33,6752
kommun,1430,2018,KF,SD,24.76,6752
kommun,1430,2018,RD,V,6.23,6674
kommun,1430,2018,RD,S,26.22,6674
kommun,1430,2018,RD,MP,2.35,6674
kommun,1430,2018,RD,C,9.2,6674
kommun,1430,2018,RD,L,3.12,6674
kommun,1430,2018,RD,KD,7.19,6674
kommun,1430,2018,RD,M,16.81,6674
kommun,1430,2018,RD,SD,27.43,6674
kommun,1430,2018,RF,V,6.31,6654
kommun,1430,2018,RF,S,25.5,6654
kommun,1430,2018,RF,MP,2.63,6654
kommun,1430,2018,RF,C,10.08,6654
kommun,1430,2018,RF,L,3.65,6654
kommun,1430,2018,RF,KD,9.44,6654
kommun,1430,2018,RF,M,16.86,6654
kommun,1430,2018,RF,SD,23.05,6654
kommun,1430,2022,KF,V,5.38,6679
kommun,1430,2022,KF,S,24.21,6679
kommun,1430,2022,KF,MP,1.93,6679
kommun,1430,2022,KF,C,9.3,6679
kommun,1430,2022,KF,L,2.01,6679
kommun,1430,2022,KF,KD,7.59,6679
kommun,1430,2022,KF,M,15.32,6679
kommun,1430,2022,KF,SD,32.56,6679
kommun,1430,2022,RD,V,4.42,6630
kommun,1430,2022,RD,S,27.42,6630
kommun,1430,2022,RD,MP,2.41,6630
kommun,1430,2022,RD,C,6.08,6630
kommun,1430,2022,RD,L,2.46,6630
kommun,1430,2022,RD,KD,7.98,6630
kommun,1430,2022,RD,M,15.73,6630
kommun,1430,2022,RD,SD,31.99,6630
kommun,1430,2022,RF,V,5.33,6606
kommun,1430,2022,RF,S,26.91,6606
kommun,1430,2022,RF,MP,1.8,6606
kommun,1430,2022,RF,C,7.64,6606
kommun,1430,2022,RF,L,2.44,6606
kommun,1430,2022,RF,KD,10.63,6606
kommun,1430,2022,RF,M,14.87,6606
kommun,1430,2022,RF,SD,27.99,6606
kommun,1435,2014,KF,V,4.01,8220
kommun,1435,2014,KF,S,22.46,8220
kommun,1435,2014,KF,MP,7.42,8220
kommun,1435,2014,KF,C,22.64,8220
kommun,1435,2014,KF,L,11.45,8220
kommun,1435,2014,KF,KD,1.95,8220
kommun,1435,2014,KF,M,22.47,8220
kommun,1435,2014,KF,SD,7.1,8220
kommun,1435,2014,RD,V,3.97,8285
kommun,1435,2014,RD,S,23.45,8285
kommun,1435,2014,RD,MP,5.17,8285
kommun,1435,2014,RD,C,13.37,8285
kommun,1435,2014,RD,L,6.65,8285
kommun,1435,2014,RD,KD,3.75,8285
kommun,1435,2014,RD,M,27.88,8285
kommun,1435,2014,RD,SD,11.76,8285
kommun,1435,2014,RF,V,5.11,7942
kommun,1435,2014,RF,S,23.18,7942
kommun,1435,2014,RF,MP,6.57,7942
kommun,1435,2014,RF,C,16.54,7942
kommun,1435,2014,RF,L,8.3,7942
kommun,1435,2014,RF,KD,4.07,7942
kommun,1435,2014,RF,M,25.23,7942
kommun,1435,2014,RF,SD,8.26,7942
kommun,1435,2018,KF,V,4.29,8585
kommun,1435,2018,KF,S,21.44,8585
kommun,1435,2018,KF,MP,3.38,8585
kommun,1435,2018,KF,C,19.15,8585
kommun,1435,2018,KF,L,7.4,8585
kommun,1435,2018,KF,KD,2.39,8585
kommun,1435,2018,KF,M,29.42,8585
kommun,1435,2018,KF,SD,10.87,8585
kommun,1435,2018,RD,V,5.05,8574
kommun,1435,2018,RD,S,22.71,8574
kommun,1435,2018,RD,MP,3.5,8574
kommun,1435,2018,RD,C,12.41,8574
kommun,1435,2018,RD,L,5.49,8574
kommun,1435,2018,RD,KD,6.67,8574
kommun,1435,2018,RD,M,22.89,8574
kommun,1435,2018,RD,SD,19.49,8574
kommun,1435,2018,RF,V,5.42,8325
kommun,1435,2018,RF,S,22.64,8325
kommun,1435,2018,RF,MP,3.14,8325
kommun,1435,2018,RF,C,15.08,8325
kommun,1435,2018,RF,L,6.97,8325
kommun,1435,2018,RF,KD,6.55,8325
kommun,1435,2018,RF,M,23.7,8325
kommun,1435,2018,RF,SD,12.92,8325
kommun,1435,2022,KF,V,5.14,8672
kommun,1435,2022,KF,S,22.91,8672
kommun,1435,2022,KF,MP,3.29,8672
kommun,1435,2022,KF,C,14.3,8672
kommun,1435,2022,KF,L,4.61,8672
kommun,1435,2022,KF,KD,4.26,8672
kommun,1435,2022,KF,M,31.49,8672
kommun,1435,2022,KF,SD,13.73,8672
kommun,1435,2022,RD,V,4.1,8759
kommun,1435,2022,RD,S,24.39,8759
kommun,1435,2022,RD,MP,4.52,8759
kommun,1435,2022,RD,C,8.37,8759
kommun,1435,2022,RD,L,4.41,8759
kommun,1435,2022,RD,KD,7.44,8759
kommun,1435,2022,RD,M,21.61,8759
kommun,1435,2022,RD,SD,24.07,8759
kommun,1435,2022,RF,V,5.47,8426
kommun,1435,2022,RF,S,23.74,8426
kommun,1435,2022,RF,MP,3.25,8426
kommun,1435,2022,RF,C,10.97,8426
kommun,1435,2022,RF,L,5.1,8426
kommun,1435,2022,RF,KD,9.4,8426
kommun,1435,2022,RF,M,23.19,8426
kommun,1435,2022,RF,SD,16.22,8426
kommun,1438,2014,KF,V,0.51,2916
kommun,1438,2014,KF,S,29.9,2916
kommun,1438,2014,KF,MP,3.16,2916
kommun,1438,2014,KF,C,38.85,2916
kommun,1438,2014,KF,L,2.19,2916
kommun,1438,2014,KF,KD,6.89,2916
kommun,1438,2014,KF,M,10.91,2916
kommun,1438,2014,KF,SD,5.25,2916
kommun,1438,2014,RD,V,2.77,2892
kommun,1438,2014,RD,S,29.39,2892
kommun,1438,2014,RD,MP,2.66,2892
kommun,1438,2014,RD,C,13.76,2892
kommun,1438,2014,RD,L,2.8,2892
kommun,1438,2014,RD,KD,7.12,2892
kommun,1438,2014,RD,M,18.53,2892
kommun,1438,2014,RD,SD,20.3,2892
kommun,1438,2014,RF,V,2.75,2874
kommun,1438,2014,RF,S,29.58,2874
kommun,1438,2014,RF,MP,2.47,2874
kommun,1438,2014,RF,C,22.41,2874
kommun,1438,2014,RF,L,2.61,2874
kommun,1438,2014,RF,KD,6.85,2874
kommun,1438,2014,RF,M,18.86,2874
kommun,1438,2014,RF,SD,11.38,2874
kommun,1438,2018,KF,V,2.22,2979
kommun,1438,2018,KF,S,23.33,2979
kommun,1438,2018,KF,MP,0.81,2979
kommun,1438,2018,KF,C,38.7,2979
kommun,1438,2018,KF,L,2.22,2979
kommun,1438,2018,KF,KD,6.61,2979
kommun,1438,2018,KF,M,13.02,2979
kommun,1438,2018,KF,SD,12.89,2979
kommun,1438,2018,RD,V,3.0,2936
kommun,1438,2018,RD,S,24.08,2936
kommun,1438,2018,RD,MP,2.21,2936
kommun,1438,2018,RD,C,12.67,2936
kommun,1438,2018,RD,L,2.9,2936
kommun,1438,2018,RD,KD,10.39,2936
kommun,1438,2018,RD,M,16.25,2936
kommun,1438,2018,RD,SD,27.04,2936
kommun,1438,2018,RF,V,3.3,2906
kommun,1438,2018,RF,S,23.47,2906
kommun,1438,2018,RF,MP,1.75,2906
kommun,1438,2018,RF,C,21.16,2906
kommun,1438,2018,RF,L,2.68,2906
kommun,1438,2018,RF,KD,11.7,2906
kommun,1438,2018,RF,M,17.14,2906
kommun,1438,2018,RF,SD,15.9,2906
kommun,1438,2022,KF,V,3.36,2890
kommun,1438,2022,KF,S,24.29,2890
kommun,1438,2022,KF,MP,0.59,2890
kommun,1438,2022,KF,C,22.28,2890
kommun,1438,2022,KF,L,2.04,2890
kommun,1438,2022,KF,KD,9.93,2890
kommun,1438,2022,KF,M,23.49,2890
kommun,1438,2022,KF,SD,13.77,2890
kommun,1438,2022,RD,V,2.99,2875
kommun,1438,2022,RD,S,23.2,2875
kommun,1438,2022,RD,MP,1.6,2875
kommun,1438,2022,RD,C,8.63,2875
kommun,1438,2022,RD,L,2.54,2875
kommun,1438,2022,RD,KD,10.85,2875
kommun,1438,2022,RD,M,16.73,2875
kommun,1438,2022,RD,SD,31.65,2875
kommun,1438,2022,RF,V,3.8,2841
kommun,1438,2022,RF,S,23.83,2841
kommun,1438,2022,RF,MP,1.58,2841
kommun,1438,2022,RF,C,13.09,2841
kommun,1438,2022,RF,L,2.5,2841
kommun,1438,2022,RF,KD,12.64,2841
kommun,1438,2022,RF,M,20.49,2841
kommun,1438,2022,RF,SD,19.11,2841
kommun,1439,2014,KF,V,2.97,4174
kommun,1439,2014,KF,S,35.53,4174
kommun,1439,2014,KF,MP,2.2,4174
kommun,1439,2014,KF,C,23.77,4174
kommun,1439,2014,KF,L,5.32,4174
kommun,1439,2014,KF,KD,4.86,4174
kommun,1439,2014,KF,M,9.51,4174
kommun,1439,2014,KF,SD,15.12,4174
kommun,1439,2014,RD,V,3.39,4248
kommun,1439,2014,RD,S,34.25,4248
kommun,1439,2014,RD,MP,2.61,4248
kommun,1439,2014,RD,C,13.79,4248
kommun,1439,2014,RD,L,3.25,4248
kommun,1439,2014,RD,KD,3.74,4248
kommun,1439,2014,RD,M,12.99,4248
kommun,1439,2014,RD,SD,24.01,4248
kommun,1439,2014,RF,V,4.01,4112
kommun,1439,2014,RF,S,34.82,4112
kommun,1439,2014,RF,MP,2.43,4112
kommun,1439,2014,RF,C,19.19,4112
kommun,1439,2014,RF,L,4.16,4112
kommun,1439,2014,RF,KD,4.6,4112
kommun,1439,2014,RF,M,11.14,4112
kommun,1439,2014,RF,SD,17.02,4112
kommun,1439,2018,KF,V,4.01,4289
kommun,1439,2018,KF,S,24.32,4289
kommun,1439,2018,KF,MP,1.07,4289
kommun,1439,2018,KF,C,31.2,4289
kommun,1439,2018,KF,L,5.53,4289
kommun,1439,2018,KF,KD,1.07,4289
kommun,1439,2018,KF,M,10.12,4289
kommun,1439,2018,KF,SD,22.52,4289
kommun,1439,2018,RD,V,4.42,4300
kommun,1439,2018,RD,S,26.6,4300
kommun,1439,2018,RD,MP,1.63,4300
kommun,1439,2018,RD,C,12.19,4300
kommun,1439,2018,RD,L,2.91,4300
kommun,1439,2018,RD,KD,5.72,4300
kommun,1439,2018,RD,M,13.26,4300
kommun,1439,2018,RD,SD,32.07,4300
kommun,1439,2018,RF,V,4.23,4228
kommun,1439,2018,RF,S,26.47,4228
kommun,1439,2018,RF,MP,1.77,4228
kommun,1439,2018,RF,C,19.49,4228
kommun,1439,2018,RF,L,4.12,4228
kommun,1439,2018,RF,KD,6.01,4228
kommun,1439,2018,RF,M,11.92,4228
kommun,1439,2018,RF,SD,23.98,4228
kommun,1439,2022,KF,V,2.0,4201
kommun,1439,2022,KF,S,26.49,4201
kommun,1439,2022,KF,MP,0.57,4201
kommun,1439,2022,KF,C,17.78,4201
kommun,1439,2022,KF,L,5.12,4201
kommun,1439,2022,KF,KD,2.24,4201
kommun,1439,2022,KF,M,10.9,4201
kommun,1439,2022,KF,SD,34.75,4201
kommun,1439,2022,RD,V,3.15,4256
kommun,1439,2022,RD,S,26.72,4256
kommun,1439,2022,RD,MP,1.69,4256
kommun,1439,2022,RD,C,6.77,4256
kommun,1439,2022,RD,L,2.75,4256
kommun,1439,2022,RD,KD,6.56,4256
kommun,1439,2022,RD,M,12.97,4256
kommun,1439,2022,RD,SD,38.23,4256
kommun,1439,2022,RF,V,3.86,4172
kommun,1439,2022,RF,S,26.29,4172
kommun,1439,2022,RF,MP,1.08,4172
kommun,1439,2022,RF,C,10.93,4172
kommun,1439,2022,RF,L,3.52,4172
kommun,1439,2022,RF,KD,7.26,4172
kommun,1439,2022,RF,M,11.98,4172
kommun,1439,2022,RF,SD,32.5,4172
kommun,1440,2014,KF,V,6.25,17956
kommun,1440,2014,KF,S,33.59,17956
kommun,1440,2014,KF,MP,5.7,17956
kommun,1440,2014,KF,C,4.95,17956
kommun,1440,2014,KF,L,3.28,17956
kommun,1440,2014,KF,KD,3.5,17956
kommun,1440,2014,KF,M,21.08,17956
kommun,1440,2014,KF,SD,10.64,17956
kommun,1440,2014,RD,V,6.3,17853
kommun,1440,2014,RD,S,32.34,17853
kommun,1440,2014,RD,MP,5.63,17853
kommun,1440,2014,RD,C,5.1,17853
kommun,1440,2014,RD,L,4.35,17853
kommun,1440,2014,RD,KD,4.36,17853
kommun,1440,2014,RD,M,22.19,17853
kommun,1440,2014,RD,SD,16.25,17853
kommun,1440,2014,RF,V,7.18,17710
kommun,1440,2014,RF,S,35.0,17710
kommun,1440,2014,RF,MP,6.04,17710
kommun,1440,2014,RF,C,5.15,17710
kommun,1440,2014,RF,L,4.91,17710
kommun,1440,2014,RF,KD,5.01,17710
kommun,1440,2014,RF,M,20.79,17710
kommun,1440,2014,RF,SD,11.77,17710
kommun,1440,2018,KF,V,7.34,19472
kommun,1440,2018,KF,S,26.2,19472
kommun,1440,2018,KF,MP,3.76,19472
kommun,1440,2018,KF,C,6.63,19472
kommun,1440,2018,KF,L,4.65,19472
kommun,1440,2018,KF,KD,4.52,19472
kommun,1440,2018,KF,M,21.12,19472
kommun,1440,2018,KF,SD,16.93,19472
kommun,1440,2018,RD,V,7.65,19330
kommun,1440,2018,RD,S,27.94,19330
kommun,1440,2018,RD,MP,3.93,19330
kommun,1440,2018,RD,C,7.03,19330
kommun,1440,2018,RD,L,4.73,19330
kommun,1440,2018,RD,KD,6.27,19330
kommun,1440,2018,RD,M,18.83,19330
kommun,1440,2018,RD,SD,22.25,19330
kommun,1440,2018,RF,V,8.38,19228
kommun,1440,2018,RF,S,29.08,19228
kommun,1440,2018,RF,MP,3.58,19228
kommun,1440,2018,RF,C,6.59,19228
kommun,1440,2018,RF,L,5.32,19228
kommun,1440,2018,RF,KD,7.02,19228
kommun,1440,2018,RF,M,19.44,19228
kommun,1440,2018,RF,SD,17.65,19228
kommun,1440,2022,KF,V,7.72,19534
kommun,1440,2022,KF,S,29.28,19534
kommun,1440,2022,KF,MP,2.56,19534
kommun,1440,2022,KF,C,5.22,19534
kommun,1440,2022,KF,L,3.16,19534
kommun,1440,2022,KF,KD,5.22,19534
kommun,1440,2022,KF,M,20.53,19534
kommun,1440,2022,KF,SD,20.73,19534
kommun,1440,2022,RD,V,6.67,19517
kommun,1440,2022,RD,S,29.89,19517
kommun,1440,2022,RD,MP,3.56,19517
kommun,1440,2022,RD,C,5.27,19517
kommun,1440,2022,RD,L,3.32,19517
kommun,1440,2022,RD,KD,5.64,19517
kommun,1440,2022,RD,M,18.28,19517
kommun,1440,2022,RD,SD,25.7,19517
kommun,1440,2022,RF,V,8.19,19429
kommun,1440,2022,RF,S,30.95,19429
kommun,1440,2022,RF,MP,2.42,19429
kommun,1440,2022,RF,C,5.22,19429
kommun,1440,2022,RF,L,3.32,19429
kommun,1440,2022,RF,KD,7.02,19429
kommun,1440,2022,RF,M,18.51,19429
kommun,1440,2022,RF,SD,20.86,19429
kommun,1441,2014,KF,V,5.5,25915
kommun,1441,2014,KF,S,25.51,25915
kommun,1441,2014,KF,MP,11.46,25915
kommun,1441,2014,KF,C,7.42,25915
kommun,1441,2014,KF,L,9.32,25915
kommun,1441,2014,KF,KD,4.46,25915
kommun,1441,2014,KF,M,25.26,25915
kommun,1441,2014,KF,SD,8.55,25915
kommun,1441,2014,RD,V,5.04,25953
kommun,1441,2014,RD,S,23.58,25953
kommun,1441,2014,RD,MP,8.46,25953
kommun,1441,2014,RD,C,5.97,25953
kommun,1441,2014,RD,L,7.9,25953
kommun,1441,2014,RD,KD,5.63,25953
kommun,1441,2014,RD,M,27.38,25953
kommun,1441,2014,RD,SD,12.03,25953
kommun,1441,2014,RF,V,6.04,25601
kommun,1441,2014,RF,S,25.64,25601
kommun,1441,2014,RF,MP,10.14,25601
kommun,1441,2014,RF,C,5.54,25601
kommun,1441,2014,RF,L,9.62,25601
kommun,1441,2014,RF,KD,6.29,25601
kommun,1441,2014,RF,M,24.79,25601
kommun,1441,2014,RF,SD,8.53,25601
kommun,1441,2018,KF,V,6.21,27219
kommun,1441,2018,KF,S,21.94,27219
kommun,1441,2018,KF,MP,5.65,27219
kommun,1441,2018,KF,C,9.86,27219
kommun,1441,2018,KF,L,9.12,27219
kommun,1441,2018,KF,KD,6.12,27219
kommun,1441,2018,KF,M,26.96,27219
kommun,1441,2018,KF,SD,13.13,27219
kommun,1441,2018,RD,V,6.57,27360
kommun,1441,2018,RD,S,22.51,27360
kommun,1441,2018,RD,MP,5.71,27360
kommun,1441,2018,RD,C,8.57,27360
kommun,1441,2018,RD,L,7.45,27360
kommun,1441,2018,RD,KD,7.36,27360
kommun,1441,2018,RD,M,23.54,27360
kommun,1441,2018,RD,SD,17.01,27360
kommun,1441,2018,RF,V,7.19,27012
kommun,1441,2018,RF,S,22.55,27012
kommun,1441,2018,RF,MP,5.28,27012
kommun,1441,2018,RF,C,7.7,27012
kommun,1441,2018,RF,L,8.74,27012
kommun,1441,2018,RF,KD,8.48,27012
kommun,1441,2018,RF,M,23.61,27012
kommun,1441,2018,RF,SD,12.84,27012
kommun,1441,2022,KF,V,7.28,27857
kommun,1441,2022,KF,S,23.9,27857
kommun,1441,2022,KF,MP,5.48,27857
kommun,1441,2022,KF,C,6.52,27857
kommun,1441,2022,KF,L,7.76,27857
kommun,1441,2022,KF,KD,7.48,27857
kommun,1441,2022,KF,M,26.59,27857
kommun,1441,2022,KF,SD,14.65,27857
kommun,1441,2022,RD,V,5.37,27881
kommun,1441,2022,RD,S,26.88,27881
kommun,1441,2022,RD,MP,6.3,27881
kommun,1441,2022,RD,C,6.52,27881
kommun,1441,2022,RD,L,6.28,27881
kommun,1441,2022,RD,KD,6.04,27881
kommun,1441,2022,RD,M,21.9,27881
kommun,1441,2022,RD,SD,19.75,27881
kommun,1441,2022,RF,V,7.52,27670
kommun,1441,2022,RF,S,26.83,27670
kommun,1441,2022,RF,MP,4.33,27670
kommun,1441,2022,RF,C,5.64,27670
kommun,1441,2022,RF,L,6.49,27670
kommun,1441,2022,RF,KD,8.54,27670
kommun,1441,2022,RF,M,22.49,27670
kommun,1441,2022,RF,SD,14.51,27670
kommun,1442,2014,KF,V,5.01,7309
kommun,1442,2014,KF,S,29.29,7309
kommun,1442,2014,KF,MP,6.12,7309
kommun,1442,2014,KF,C,16.92,7309
kommun,1442,2014,KF,L,6.24,7309
kommun,1442,2014,KF,KD,10.23,7309
kommun,1442,2014,KF,M,16.55,7309
kommun,1442,2014,KF,SD,9.26,7309
kommun,1442,2014,RD,V,4.29,7366
kommun,1442,2014,RD,S,27.95,7366
kommun,1442,2014,RD,MP,5.19,7366
kommun,1442,2014,RD,C,11.91,7366
kommun,1442,2014,RD,L,4.34,7366
kommun,1442,2014,RD,KD,10.36,7366
kommun,1442,2014,RD,M,18.04,7366
kommun,1442,2014,RD,SD,15.71,7366
kommun,1442,2014,RF,V,4.92,7243
kommun,1442,2014,RF,S,28.69,7243
kommun,1442,2014,RF,MP,5.4,7243
kommun,1442,2014,RF,C,19.88,7243
kommun,1442,2014,RF,L,4.87,7243
kommun,1442,2014,RF,KD,9.8,7243
kommun,1442,2014,RF,M,14.46,7243
kommun,1442,2014,RF,SD,10.53,7243
kommun,1442,2018,KF,V,4.72,7648
kommun,1442,2018,KF,S,23.4,7648
kommun,1442,2018,KF,MP,5.62,7648
kommun,1442,2018,KF,C,20.75,7648
kommun,1442,2018,KF,L,4.42,7648
kommun,1442,2018,KF,KD,13.22,7648
kommun,1442,2018,KF,M,14.53,7648
kommun,1442,2018,KF,SD,13.14,7648
kommun,1442,2018,RD,V,5.63,7598
kommun,1442,2018,RD,S,24.85,7598
kommun,1442,2018,RD,MP,3.57,7598
kommun,1442,2018,RD,C,12.37,7598
kommun,1442,2018,RD,L,4.33,7598
kommun,1442,2018,RD,KD,12.41,7598
kommun,1442,2018,RD,M,14.98,7598
kommun,1442,2018,RD,SD,20.56,7598
kommun,1442,2018,RF,V,6.59,7517
kommun,1442,2018,RF,S,25.49,7517
kommun,1442,2018,RF,MP,3.82,7517
kommun,1442,2018,RF,C,17.0,7517
kommun,1442,2018,RF,L,4.7,7517
kommun,1442,2018,RF,KD,13.64,7517
kommun,1442,2018,RF,M,14.75,7517
kommun,1442,2018,RF,SD,13.3,7517
kommun,1442,2022,KF,V,4.36,7769
kommun,1442,2022,KF,S,24.79,7769
kommun,1442,2022,KF,MP,3.91,7769
kommun,1442,2022,KF,C,17.2,7769
kommun,1442,2022,KF,L,3.59,7769
kommun,1442,2022,KF,KD,13.17,7769
kommun,1442,2022,KF,M,16.33,7769
kommun,1442,2022,KF,SD,15.29,7769
kommun,1442,2022,RD,V,4.31,7795
kommun,1442,2022,RD,S,26.76,7795
kommun,1442,2022,RD,MP,4.07,7795
kommun,1442,2022,RD,C,9.61,7795
kommun,1442,2022,RD,L,3.45,7795
kommun,1442,2022,RD,KD,10.42,7795
kommun,1442,2022,RD,M,15.42,7795
kommun,1442,2022,RD,SD,24.59,7795
kommun,1442,2022,RF,V,6.04,7687
kommun,1442,2022,RF,S,27.03,7687
kommun,1442,2022,RF,MP,3.08,7687
kommun,1442,2022,RF,C,10.26,7687
kommun,1442,2022,RF,L,4.12,7687
kommun,1442,2022,RF,KD,14.87,7687
kommun,1442,2022,RF,M,15.23,7687
kommun,1442,2022,RF,SD,16.86,7687
kommun,1443,2014,KF,V,3.76,5773
kommun,1443,2014,KF,S,30.14,5773
kommun,1443,2014,KF,MP,5.82,5773
kommun,1443,2014,KF,C,7.64,5773
kommun,1443,2014,KF,L,2.82,5773
kommun,1443,2014,KF,KD,3.76,5773
kommun,1443,2014,KF,M,23.04,5773
kommun,1443,2014,KF,SD,15.1,5773
kommun,1443,2014,RD,V,4.34,5802
kommun,1443,2014,RD,S,27.04,5802
kommun,1443,2014,RD,MP,5.24,5802
kommun,1443,2014,RD,C,7.91,5802
kommun,1443,2014,RD,L,4.65,5802
kommun,1443,2014,RD,KD,5.1,5802
kommun,1443,2014,RD,M,24.59,5802
kommun,1443,2014,RD,SD,18.51,5802
kommun,1443,2014,RF,V,4.77,5680
kommun,1443,2014,RF,S,29.52,5680
kommun,1443,2014,RF,MP,6.76,5680
kommun,1443,2014,RF,C,7.24,5680
kommun,1443,2014,RF,L,4.58,5680
kommun,1443,2014,RF,KD,5.65,5680
kommun,1443,2014,RF,M,23.63,5680
kommun,1443,2014,RF,SD,15.04,5680
kommun,1443,2018,KF,V,3.63,6224
kommun,1443,2018,KF,S,22.99,6224
kommun,1443,2018,KF,MP,4.79,6224
kommun,1443,2018,KF,C,8.8,6224
kommun,1443,2018,KF,L,4.05,6224
kommun,1443,2018,KF,KD,5.58,6224
kommun,1443,2018,KF,M,16.28,6224
kommun,1443,2018,KF,SD,18.24,6224
kommun,1443,2018,RD,V,5.17,6209
kommun,1443,2018,RD,S,23.39,6209
kommun,1443,2018,RD,MP,4.09,6209
kommun,1443,2018,RD,C,8.87,6209
kommun,1443,2018,RD,L,5.6,6209
kommun,1443,2018,RD,KD,7.73,6209
kommun,1443,2018,RD,M,20.23,6209
kommun,1443,2018,RD,SD,23.87,6209
kommun,1443,2018,RF,V,5.89,6040
kommun,1443,2018,RF,S,24.92,6040
kommun,1443,2018,RF,MP,4.42,6040
kommun,1443,2018,RF,C,8.76,6040
kommun,1443,2018,RF,L,6.06,6040
kommun,1443,2018,RF,KD,9.78,6040
kommun,1443,2018,RF,M,19.64,6040
kommun,1443,2018,RF,SD,18.77,6040
kommun,1443,2022,KF,V,4.47,6312
kommun,1443,2022,KF,S,25.49,6312
kommun,1443,2022,KF,MP,3.64,6312
kommun,1443,2022,KF,C,5.83,6312
kommun,1443,2022,KF,L,3.04,6312
kommun,1443,2022,KF,KD,6.0,6312
kommun,1443,2022,KF,M,18.5,6312
kommun,1443,2022,KF,SD,21.23,6312
kommun,1443,2022,RD,V,4.28,6356
kommun,1443,2022,RD,S,25.6,6356
kommun,1443,2022,RD,MP,3.9,6356
kommun,1443,2022,RD,C,6.48,6356
kommun,1443,2022,RD,L,4.06,6356
kommun,1443,2022,RD,KD,6.61,6356
kommun,1443,2022,RD,M,20.11,6356
kommun,1443,2022,RD,SD,27.74,6356
kommun,1443,2022,RF,V,5.69,6236
kommun,1443,2022,RF,S,27.55,6236
kommun,1443,2022,RF,MP,2.9,6236
kommun,1443,2022,RF,C,5.93,6236
kommun,1443,2022,RF,L,3.4,6236
kommun,1443,2022,RF,KD,9.06,6236
kommun,1443,2022,RF,M,20.22,6236
kommun,1443,2022,RF,SD,22.67,6236
kommun,1444,2014,KF,V,1.02,3832
kommun,1444,2014,KF,S,28.0,3832
kommun,1444,2014,KF,MP,4.33,3832
kommun,1444,2014,KF,C,20.54,3832
kommun,1444,2014,KF,L,5.66,3832
kommun,1444,2014,KF,KD,0.7,3832
kommun,1444,2014,KF,M,30.14,3832
kommun,1444,2014,KF,SD,9.29,3832
kommun,1444,2014,RD,V,3.94,3853
kommun,1444,2014,RD,S,30.65,3853
kommun,1444,2014,RD,MP,3.61,3853
kommun,1444,2014,RD,C,13.0,3853
kommun,1444,2014,RD,L,3.3,3853
kommun,1444,2014,RD,KD,4.15,3853
kommun,1444,2014,RD,M,23.57,3853
kommun,1444,2014,RD,SD,15.78,3853
kommun,1444,2014,RF,V,4.12,3742
kommun,1444,2014,RF,S,33.3,3742
kommun,1444,2014,RF,MP,3.47,3742
kommun,1444,2014,RF,C,14.8,3742
kommun,1444,2014,RF,L,3.71,3742
kommun,1444,2014,RF,KD,4.17,3742
kommun,1444,2014,RF,M,24.75,3742
kommun,1444,2014,RF,SD,9.89,3742
kommun,1444,2018,KF,V,0.99,3943
kommun,1444,2018,KF,S,19.48,3943
kommun,1444,2018,KF,MP,2.84,3943
kommun,1444,2018,KF,C,18.49,3943
kommun,1444,2018,KF,L,2.69,3943
kommun,1444,2018,KF,KD,2.74,3943
kommun,1444,2018,KF,M,38.8,3943
kommun,1444,2018,KF,SD,13.82,3943
kommun,1444,2018,RD,V,3.21,3952
kommun,1444,2018,RD,S,25.68,3952
kommun,1444,2018,RD,MP,2.05,3952
kommun,1444,2018,RD,C,12.88,3952
kommun,1444,2018,RD,L,3.54,3952
kommun,1444,2018,RD,KD,7.19,3952
kommun,1444,2018,RD,M,21.05,3952
kommun,1444,2018,RD,SD,23.23,3952
kommun,1444,2018,RF,V,3.45,3796
kommun,1444,2018,RF,S,25.05,3796
kommun,1444,2018,RF,MP,2.37,3796
kommun,1444,2018,RF,C,16.04,3796
kommun,1444,2018,RF,L,3.48,3796
kommun,1444,2018,RF,KD,6.95,3796
kommun,1444,2018,RF,M,24.63,3796
kommun,1444,2018,RF,SD,16.49,3796
kommun,1444,2022,KF,V,1.64,3910
kommun,1444,2022,KF,S,19.13,3910
kommun,1444,2022,KF,MP,3.86,3910
kommun,1444,2022,KF,C,16.85,3910
kommun,1444,2022,KF,L,3.94,3910
kommun,1444,2022,KF,KD,2.71,3910
kommun,1444,2022,KF,M,34.83,3910
kommun,1444,2022,KF,SD,16.78,3910
kommun,1444,2022,RD,V,2.64,3943
kommun,1444,2022,RD,S,24.85,3943
kommun,1444,2022,RD,MP,2.38,3943
kommun,1444,2022,RD,C,9.33,3943
kommun,1444,2022,RD,L,3.17,3943
kommun,1444,2022,RD,KD,6.77,3943
kommun,1444,2022,RD,M,20.16,3943
kommun,1444,2022,RD,SD,29.44,3943
kommun,1444,2022,RF,V,3.43,3792
kommun,1444,2022,RF,S,24.42,3792
kommun,1444,2022,RF,MP,2.35,3792
kommun,1444,2022,RF,C,12.39,3792
kommun,1444,2022,RF,L,3.35,3792
kommun,1444,2022,RF,KD,8.89,3792
kommun,1444,2022,RF,M,22.36,3792
kommun,1444,2022,RF,SD,20.81,3792
kommun,1445,2014,KF,V,3.64,3682
kommun,1445,2014,KF,S,29.74,3682
kommun,1445,2014,KF,MP,3.75,3682
kommun,1445,2014,KF,C,12.44,3682
kommun,1445,2014,KF,L,3.39,3682
kommun,1445,2014,KF,KD,4.7,3682
kommun,1445,2014,KF,M,34.55,3682
kommun,1445,2014,KF,SD,7.39,3682
kommun,1445,2014,RD,V,3.79,3692
kommun,1445,2014,RD,S,30.74,3692
kommun,1445,2014,RD,MP,4.14,3692
kommun,1445,2014,RD,C,11.43,3692
kommun,1445,2014,RD,L,2.84,3692
kommun,1445,2014,RD,KD,4.31,3692
kommun,1445,2014,RD,M,24.24,3692
kommun,1445,2014,RD,SD,15.98,3692
kommun,1445,2014,RF,V,5.3,3602
kommun,1445,2014,RF,S,32.43,3602
kommun,1445,2014,RF,MP,4.22,3602
kommun,1445,2014,RF,C,12.85,3602
kommun,1445,2014,RF,L,3.69,3602
kommun,1445,2014,RF,KD,6.25,3602
kommun,1445,2014,RF,M,25.07,3602
kommun,1445,2014,RF,SD,8.16,3602
kommun,1445,2018,KF,V,4.38,3768
kommun,1445,2018,KF,S,21.82,3768
kommun,1445,2018,KF,MP,2.12,3768
kommun,1445,2018,KF,C,11.97,3768
kommun,1445,2018,KF,L,2.31,3768
kommun,1445,2018,KF,KD,3.03,3768
kommun,1445,2018,KF,M,42.86,3768
kommun,1445,2018,KF,SD,11.39,3768
kommun,1445,2018,RD,V,5.77,3764
kommun,1445,2018,RD,S,25.77,3764
kommun,1445,2018,RD,MP,2.47,3764
kommun,1445,2018,RD,C,12.04,3764
kommun,1445,2018,RD,L,2.66,3764
kommun,1445,2018,RD,KD,6.77,3764
kommun,1445,2018,RD,M,20.48,3764
kommun,1445,2018,RD,SD,22.9,3764
kommun,1445,2018,RF,V,5.63,3656
kommun,1445,2018,RF,S,28.15,3656
kommun,1445,2018,RF,MP,1.97,3656
kommun,1445,2018,RF,C,12.39,3656
kommun,1445,2018,RF,L,3.61,3656
kommun,1445,2018,RF,KD,7.71,3656
kommun,1445,2018,RF,M,23.71,3656
kommun,1445,2018,RF,SD,15.51,3656
kommun,1445,2022,KF,V,3.97,3782
kommun,1445,2022,KF,S,20.81,3782
kommun,1445,2022,KF,MP,2.14,3782
kommun,1445,2022,KF,C,6.85,3782
kommun,1445,2022,KF,L,0.4,3782
kommun,1445,2022,KF,KD,2.46,3782
kommun,1445,2022,KF,M,46.8,3782
kommun,1445,2022,KF,SD,16.34,3782
kommun,1445,2022,RD,V,3.54,3788
kommun,1445,2022,RD,S,26.95,3788
kommun,1445,2022,RD,MP,2.46,3788
kommun,1445,2022,RD,C,8.16,3788
kommun,1445,2022,RD,L,1.87,3788
kommun,1445,2022,RD,KD,5.94,3788
kommun,1445,2022,RD,M,20.25,3788
kommun,1445,2022,RD,SD,29.91,3788
kommun,1445,2022,RF,V,4.23,3684
kommun,1445,2022,RF,S,26.93,3684
kommun,1445,2022,RF,MP,2.14,3684
kommun,1445,2022,RF,C,9.07,3684
kommun,1445,2022,RF,L,1.95,3684
kommun,1445,2022,RF,KD,8.22,3684
kommun,1445,2022,RF,M,24.57,3684
kommun,1445,2022,RF,SD,20.71,3684
kommun,1446,2014,KF,V,2.88,4787
kommun,1446,2014,KF,S,38.12,4787
kommun,1446,2014,KF,MP,3.59,4787
kommun,1446,2014,KF,C,22.06,4787
kommun,1446,2014,KF,L,8.13,4787
kommun,1446,2014,KF,KD,3.95,4787
kommun,1446,2014,KF,M,12.43,4787
kommun,1446,2014,KF,SD,8.61,4787
kommun,1446,2014,RD,V,3.17,4821
kommun,1446,2014,RD,S,35.03,4821
kommun,1446,2014,RD,MP,3.59,4821
kommun,1446,2014,RD,C,9.75,4821
kommun,1446,2014,RD,L,5.99,4821
kommun,1446,2014,RD,KD,5.77,4821
kommun,1446,2014,RD,M,17.15,4821
kommun,1446,2014,RD,SD,17.71,4821
kommun,1446,2014,RF,V,4.22,4665
kommun,1446,2014,RF,S,37.26,4665
kommun,1446,2014,RF,MP,4.24,4665
kommun,1446,2014,RF,C,11.73,4665
kommun,1446,2014,RF,L,7.27,4665
kommun,1446,2014,RF,KD,6.73,4665
kommun,1446,2014,RF,M,15.82,4665
kommun,1446,2014,RF,SD,11.98,4665
kommun,1446,2018,KF,V,3.64,4813
kommun,1446,2018,KF,S,31.08,4813
kommun,1446,2018,KF,MP,0.83,4813
kommun,1446,2018,KF,C,20.42,4813
kommun,1446,2018,KF,L,8.77,4813
kommun,1446,2018,KF,KD,4.55,4813
kommun,1446,2018,KF,M,15.85,4813
kommun,1446,2018,KF,SD,14.54,4813
kommun,1446,2018,RD,V,5.09,4856
kommun,1446,2018,RD,S,28.36,4856
kommun,1446,2018,RD,MP,2.22,4856
kommun,1446,2018,RD,C,10.71,4856
kommun,1446,2018,RD,L,5.31,4856
kommun,1446,2018,RD,KD,8.55,4856
kommun,1446,2018,RD,M,16.08,4856
kommun,1446,2018,RD,SD,22.51,4856
kommun,1446,2018,RF,V,4.97,4649
kommun,1446,2018,RF,S,30.67,4649
kommun,1446,2018,RF,MP,2.24,4649
kommun,1446,2018,RF,C,13.9,4649
kommun,1446,2018,RF,L,6.52,4649
kommun,1446,2018,RF,KD,9.08,4649
kommun,1446,2018,RF,M,15.23,4649
kommun,1446,2018,RF,SD,16.33,4649
kommun,1446,2022,KF,V,3.08,4805
kommun,1446,2022,KF,S,31.34,4805
kommun,1446,2022,KF,MP,0.52,4805
kommun,1446,2022,KF,C,15.21,4805
kommun,1446,2022,KF,L,7.22,4805
kommun,1446,2022,KF,KD,7.64,4805
kommun,1446,2022,KF,M,21.85,4805
kommun,1446,2022,KF,SD,12.9,4805
kommun,1446,2022,RD,V,3.48,4882
kommun,1446,2022,RD,S,30.44,4882
kommun,1446,2022,RD,MP,2.48,4882
kommun,1446,2022,RD,C,6.88,4882
kommun,1446,2022,RD,L,4.14,4882
kommun,1446,2022,RD,KD,8.34,4882
kommun,1446,2022,RD,M,16.65,4882
kommun,1446,2022,RD,SD,26.67,4882
kommun,1446,2022,RF,V,4.07,4717
kommun,1446,2022,RF,S,31.08,4717
kommun,1446,2022,RF,MP,1.74,4717
kommun,1446,2022,RF,C,8.99,4717
kommun,1446,2022,RF,L,4.71,4717
kommun,1446,2022,RF,KD,12.42,4717
kommun,1446,2022,RF,M,17.13,4717
kommun,1446,2022,RF,SD,17.26,4717
kommun,1447,2014,KF,V,1.31,3351
kommun,1447,2014,KF,S,43.3,3351
kommun,1447,2014,KF,MP,1.97,3351
kommun,1447,2014,KF,C,9.61,3351
kommun,1447,2014,KF,L,0.27,3351
kommun,1447,2014,KF,KD,0.84,3351
kommun,1447,2014,KF,M,24.53,3351
kommun,1447,2014,KF,SD,6.98,3351
kommun,1447,2014,RD,V,5.27,3394
kommun,1447,2014,RD,S,42.28,3394
kommun,1447,2014,RD,MP,3.12,3394
kommun,1447,2014,RD,C,7.9,3394
kommun,1447,2014,RD,L,2.39,3394
kommun,1447,2014,RD,KD,3.77,3394
kommun,1447,2014,RD,M,15.97,3394
kommun,1447,2014,RD,SD,16.38,3394
kommun,1447,2014,RF,V,5.75,3271
kommun,1447,2014,RF,S,46.1,3271
kommun,1447,2014,RF,MP,3.45,3271
kommun,1447,2014,RF,C,8.41,3271
kommun,1447,2014,RF,L,2.63,3271
kommun,1447,2014,RF,KD,4.59,3271
kommun,1447,2014,RF,M,17.4,3271
kommun,1447,2014,RF,SD,10.24,3271
kommun,1447,2018,KF,V,4.28,3456
kommun,1447,2018,KF,S,33.22,3456
kommun,1447,2018,KF,MP,1.24,3456
kommun,1447,2018,KF,C,9.98,3456
kommun,1447,2018,KF,L,3.76,3456
kommun,1447,2018,KF,KD,0.64,3456
kommun,1447,2018,KF,M,26.82,3456
kommun,1447,2018,KF,SD,9.55,3456
kommun,1447,2018,RD,V,5.9,3389
kommun,1447,2018,RD,S,35.47,3389
kommun,1447,2018,RD,MP,2.21,3389
kommun,1447,2018,RD,C,8.59,3389
kommun,1447,2018,RD,L,2.48,3389
kommun,1447,2018,RD,KD,5.43,3389
kommun,1447,2018,RD,M,13.87,3389
kommun,1447,2018,RD,SD,23.87,3389
kommun,1447,2018,RF,V,5.84,3356
kommun,1447,2018,RF,S,37.19,3356
kommun,1447,2018,RF,MP,2.12,3356
kommun,1447,2018,RF,C,9.45,3356
kommun,1447,2018,RF,L,3.9,3356
kommun,1447,2018,RF,KD,6.44,3356
kommun,1447,2018,RF,M,18.27,3356
kommun,1447,2018,RF,SD,14.63,3356
kommun,1447,2022,KF,V,4.47,3352
kommun,1447,2022,KF,S,31.98,3352
kommun,1447,2022,KF,MP,1.49,3352
kommun,1447,2022,KF,C,6.29,3352
kommun,1447,2022,KF,L,3.49,3352
kommun,1447,2022,KF,KD,2.09,3352
kommun,1447,2022,KF,M,30.46,3352
kommun,1447,2022,KF,SD,14.08,3352
kommun,1447,2022,RD,V,4.64,3299
kommun,1447,2022,RD,S,34.53,3299
kommun,1447,2022,RD,MP,2.24,3299
kommun,1447,2022,RD,C,5.91,3299
kommun,1447,2022,RD,L,2.24,3299
kommun,1447,2022,RD,KD,4.97,3299
kommun,1447,2022,RD,M,14.22,3299
kommun,1447,2022,RD,SD,29.43,3299
kommun,1447,2022,RF,V,5.5,3253
kommun,1447,2022,RF,S,35.66,3253
kommun,1447,2022,RF,MP,1.97,3253
kommun,1447,2022,RF,C,5.75,3253
kommun,1447,2022,RF,L,2.61,3253
kommun,1447,2022,RF,KD,8.12,3253
kommun,1447,2022,RF,M,18.26,3253
kommun,1447,2022,RF,SD,18.91,3253
kommun,1452,2014,KF,V,2.79,7567
kommun,1452,2014,KF,S,36.08,7567
kommun,1452,2014,KF,MP,5.72,7567
kommun,1452,2014,KF,C,22.85,7567
kommun,1452,2014,KF,L,2.78,7567
kommun,1452,2014,KF,KD,4.23,7567
kommun,1452,2014,KF,M,14.23,7567
kommun,1452,2014,KF,SD,10.85,7567
kommun,1452,2014,RD,V,3.2,7554
kommun,1452,2014,RD,S,33.28,7554
kommun,1452,2014,RD,MP,4.5,7554
kommun,1452,2014,RD,C,13.16,7554
kommun,1452,2014,RD,L,3.53,7554
kommun,1452,2014,RD,KD,4.13,7554
kommun,1452,2014,RD,M,20.37,7554
kommun,1452,2014,RD,SD,15.42,7554
kommun,1452,2014,RF,V,3.75,7473
kommun,1452,2014,RF,S,36.05,7473
kommun,1452,2014,RF,MP,5.08,7473
kommun,1452,2014,RF,C,17.03,7473
kommun,1452,2014,RF,L,3.83,7473
kommun,1452,2014,RF,KD,5.02,7473
kommun,1452,2014,RF,M,17.38,7473
kommun,1452,2014,RF,SD,11.08,7473
kommun,1452,2018,KF,V,4.03,7747
kommun,1452,2018,KF,S,33.42,7747
kommun,1452,2018,KF,MP,3.3,7747
kommun,1452,2018,KF,C,22.32,7747
kommun,1452,2018,KF,L,3.29,7747
kommun,1452,2018,KF,KD,6.0,7747
kommun,1452,2018,KF,M,14.15,7747
kommun,1452,2018,KF,SD,13.14,7747
kommun,1452,2018,RD,V,4.53,7682
kommun,1452,2018,RD,S,29.89,7682
kommun,1452,2018,RD,MP,2.73,7682
kommun,1452,2018,RD,C,14.02,7682
kommun,1452,2018,RD,L,3.81,7682
kommun,1452,2018,RD,KD,6.24,7682
kommun,1452,2018,RD,M,17.93,7682
kommun,1452,2018,RD,SD,19.77,7682
kommun,1452,2018,RF,V,5.07,7600
kommun,1452,2018,RF,S,33.08,7600
kommun,1452,2018,RF,MP,2.53,7600
kommun,1452,2018,RF,C,17.24,7600
kommun,1452,2018,RF,L,4.01,7600
kommun,1452,2018,RF,KD,7.16,7600
kommun,1452,2018,RF,M,16.97,7600
kommun,1452,2018,RF,SD,13.11,7600
kommun,1452,2022,KF,V,3.89,7559
kommun,1452,2022,KF,S,30.2,7559
kommun,1452,2022,KF,MP,2.87,7559
kommun,1452,2022,KF,C,20.85,7559
kommun,1452,2022,KF,L,3.07,7559
kommun,1452,2022,KF,KD,5.87,7559
kommun,1452,2022,KF,M,16.54,7559
kommun,1452,2022,KF,SD,16.43,7559
kommun,1452,2022,RD,V,4.06,7607
kommun,1452,2022,RD,S,29.97,7607
kommun,1452,2022,RD,MP,3.04,7607
kommun,1452,2022,RD,C,8.72,7607
kommun,1452,2022,RD,L,2.85,7607
kommun,1452,2022,RD,KD,6.52,7607
kommun,1452,2022,RD,M,19.13,7607
kommun,1452,2022,RD,SD,24.32,7607
kommun,1452,2022,RF,V,5.06,7465
kommun,1452,2022,RF,S,31.08,7465
kommun,1452,2022,RF,MP,2.22,7465
kommun,1452,2022,RF,C,12.81,7465
kommun,1452,2022,RF,L,2.95,7465
kommun,1452,2022,RF,KD,8.8,7465
kommun,1452,2022,RF,M,17.96,7465
kommun,1452,2022,RF,SD,16.99,7465
kommun,1460,2014,KF,V,3.52,6026
kommun,1460,2014,KF,S,43.59,6026
kommun,1460,2014,KF,MP,2.27,6026
kommun,1460,2014,KF,C,17.84,6026
kommun,1460,2014,KF,L,5.06,6026
kommun,1460,2014,KF,KD,3.45,6026
kommun,1460,2014,KF,M,15.28,6026
kommun,1460,2014,KF,SD,8.43,6026
kommun,1460,2014,RD,V,3.71,6058
kommun,1460,2014,RD,S,37.54,6058
kommun,1460,2014,RD,MP,3.3,6058
kommun,1460,2014,RD,C,9.61,6058
kommun,1460,2014,RD,L,3.02,6058
kommun,1460,2014,RD,KD,4.52,6058
kommun,1460,2014,RD,M,15.86,6058
kommun,1460,2014,RD,SD,19.25,6058
kommun,1460,2014,RF,V,3.95,5903
kommun,1460,2014,RF,S,38.29,5903
kommun,1460,2014,RF,MP,3.73,5903
kommun,1460,2014,RF,C,16.55,5903
kommun,1460,2014,RF,L,3.39,5903
kommun,1460,2014,RF,KD,6.98,5903
kommun,1460,2014,RF,M,14.23,5903
kommun,1460,2014,RF,SD,10.5,5903
kommun,1460,2018,KF,V,4.28,6219
kommun,1460,2018,KF,S,37.06,6219
kommun,1460,2018,KF,MP,1.08,6219
kommun,1460,2018,KF,C,17.09,6219
kommun,1460,2018,KF,L,3.65,6219
kommun,1460,2018,KF,KD,3.78,6219
kommun,1460,2018,KF,M,19.2,6219
kommun,1460,2018,KF,SD,13.68,6219
kommun,1460,2018,RD,V,5.32,6013
kommun,1460,2018,RD,S,31.76,6013
kommun,1460,2018,RD,MP,2.33,6013
kommun,1460,2018,RD,C,9.28,6013
kommun,1460,2018,RD,L,2.63,6013
kommun,1460,2018,RD,KD,7.42,6013
kommun,1460,2018,RD,M,14.29,6013
kommun,1460,2018,RD,SD,25.88,6013
kommun,1460,2018,RF,V,4.9,6096
kommun,1460,2018,RF,S,33.35,6096
kommun,1460,2018,RF,MP,2.33,6096
kommun,1460,2018,RF,C,15.45,6096
kommun,1460,2018,RF,L,2.92,6096
kommun,1460,2018,RF,KD,7.53,6096
kommun,1460,2018,RF,M,16.4,6096
kommun,1460,2018,RF,SD,16.04,6096
kommun,1460,2022,KF,V,4.31,5940
kommun,1460,2022,KF,S,31.7,5940
kommun,1460,2022,KF,MP,1.2,5940
kommun,1460,2022,KF,C,9.73,5940
kommun,1460,2022,KF,L,2.74,5940
kommun,1460,2022,KF,KD,3.55,5940
kommun,1460,2022,KF,M,32.0,5940
kommun,1460,2022,KF,SD,14.58,5940
kommun,1460,2022,RD,V,4.45,5840
kommun,1460,2022,RD,S,32.59,5840
kommun,1460,2022,RD,MP,3.29,5840
kommun,1460,2022,RD,C,5.94,5840
kommun,1460,2022,RD,L,2.41,5840
kommun,1460,2022,RD,KD,6.51,5840
kommun,1460,2022,RD,M,14.26,5840
kommun,1460,2022,RD,SD,29.71,5840
kommun,1460,2022,RF,V,5.75,5742
kommun,1460,2022,RF,S,33.59,5742
kommun,1460,2022,RF,MP,2.14,5742
kommun,1460,2022,RF,C,9.72,5742
kommun,1460,2022,RF,L,2.32,5742
kommun,1460,2022,RF,KD,8.12,5742
kommun,1460,2022,RF,M,17.73,5742
kommun,1460,2022,RF,SD,18.84,5742
kommun,1461,2014,KF,V,4.06,5661
kommun,1461,2014,KF,S,30.63,5661
kommun,1461,2014,KF,MP,5.09,5661
kommun,1461,2014,KF,C,23.46,5661
kommun,1461,2014,KF,L,3.64,5661
kommun,1461,2014,KF,KD,6.01,5661
kommun,1461,2014,KF,M,12.35,5661
kommun,1461,2014,KF,SD,10.19,5661
kommun,1461,2014,RD,V,3.66,5709
kommun,1461,2014,RD,S,30.62,5709
kommun,1461,2014,RD,MP,3.33,5709
kommun,1461,2014,RD,C,12.59,5709
kommun,1461,2014,RD,L,3.26,5709
kommun,1461,2014,RD,KD,4.83,5709
kommun,1461,2014,RD,M,18.44,5709
kommun,1461,2014,RD,SD,21.11,5709
kommun,1461,2014,RF,V,4.71,5563
kommun,1461,2014,RF,S,32.9,5563
kommun,1461,2014,RF,MP,4.46,5563
kommun,1461,2014,RF,C,16.65,5563
kommun,1461,2014,RF,L,4.24,5563
kommun,1461,2014,RF,KD,6.63,5563
kommun,1461,2014,RF,M,15.84,5563
kommun,1461,2014,RF,SD,13.25,5563
kommun,1461,2018,KF,V,3.41,5931
kommun,1461,2018,KF,S,26.25,5931
kommun,1461,2018,KF,MP,2.71,5931
kommun,1461,2018,KF,C,19.05,5931
kommun,1461,2018,KF,L,2.65,5931
kommun,1461,2018,KF,KD,5.51,5931
kommun,1461,2018,KF,M,14.13,5931
kommun,1461,2018,KF,SD,18.88,5931
kommun,1461,2018,RD,V,4.32,5783
kommun,1461,2018,RD,S,25.28,5783
kommun,1461,2018,RD,MP,2.52,5783
kommun,1461,2018,RD,C,11.97,5783
kommun,1461,2018,RD,L,2.75,5783
kommun,1461,2018,RD,KD,7.11,5783
kommun,1461,2018,RD,M,16.38,5783
kommun,1461,2018,RD,SD,28.55,5783
kommun,1461,2018,RF,V,3.9,5846
kommun,1461,2018,RF,S,27.01,5846
kommun,1461,2018,RF,MP,3.18,5846
kommun,1461,2018,RF,C,15.94,5846
kommun,1461,2018,RF,L,3.3,5846
kommun,1461,2018,RF,KD,8.74,5846
kommun,1461,2018,RF,M,14.75,5846
kommun,1461,2018,RF,SD,21.71,5846
kommun,1461,2022,KF,V,3.96,5827
kommun,1461,2022,KF,S,24.35,5827
kommun,1461,2022,KF,MP,1.2,5827
kommun,1461,2022,KF,C,16.13,5827
kommun,1461,2022,KF,L,0.88,5827
kommun,1461,2022,KF,KD,5.73,5827
kommun,1461,2022,KF,M,20.44,5827
kommun,1461,2022,KF,SD,21.83,5827
kommun,1461,2022,RD,V,3.38,5766
kommun,1461,2022,RD,S,26.03,5766
kommun,1461,2022,RD,MP,2.65,5766
kommun,1461,2022,RD,C,7.41,5766
kommun,1461,2022,RD,L,2.32,5766
kommun,1461,2022,RD,KD,6.78,5766
kommun,1461,2022,RD,M,17.22,5766
kommun,1461,2022,RD,SD,32.36,5766
kommun,1461,2022,RF,V,4.37,5765
kommun,1461,2022,RF,S,27.48,5765
kommun,1461,2022,RF,MP,1.77,5765
kommun,1461,2022,RF,C,10.06,5765
kommun,1461,2022,RF,L,1.72,5765
kommun,1461,2022,RF,KD,9.73,5765
kommun,1461,2022,RF,M,17.38,5765
kommun,1461,2022,RF,SD,24.48,5765
kommun,1462,2014,KF,V,8.02,8094
kommun,1462,2014,KF,S,33.77,8094
kommun,1462,2014,KF,MP,4.29,8094
kommun,1462,2014,KF,C,16.15,8094
kommun,1462,2014,KF,L,3.77,8094
kommun,1462,2014,KF,KD,2.2,8094
kommun,1462,2014,KF,M,14.74,8094
kommun,1462,2014,KF,SD,16.53,8094
kommun,1462,2014,RD,V,6.43,8076
kommun,1462,2014,RD,S,35.28,8076
kommun,1462,2014,RD,MP,4.19,8076
kommun,1462,2014,RD,C,6.29,8076
kommun,1462,2014,RD,L,3.48,8076
kommun,1462,2014,RD,KD,3.05,8076
kommun,1462,2014,RD,M,15.42,8076
kommun,1462,2014,RD,SD,22.73,8076
kommun,1462,2014,RF,V,8.6,7978
kommun,1462,2014,RF,S,37.08,7978
kommun,1462,2014,RF,MP,4.56,7978
kommun,1462,2014,RF,C,7.98,7978
kommun,1462,2014,RF,L,4.1,7978
kommun,1462,2014,RF,KD,4.26,7978
kommun,1462,2014,RF,M,13.55,7978
kommun,1462,2014,RF,SD,16.73,7978
kommun,1462,2018,KF,V,7.49,8714
kommun,1462,2018,KF,S,26.5,8714
kommun,1462,2018,KF,MP,2.04,8714
kommun,1462,2018,KF,C,18.43,8714
kommun,1462,2018,KF,L,3.0,8714
kommun,1462,2018,KF,KD,2.66,8714
kommun,1462,2018,KF,M,13.98,8714
kommun,1462,2018,KF,SD,25.51,8714
kommun,1462,2018,RD,V,7.29,8631
kommun,1462,2018,RD,S,28.71,8631
kommun,1462,2018,RD,MP,2.86,8631
kommun,1462,2018,RD,C,6.74,8631
kommun,1462,2018,RD,L,3.75,8631
kommun,1462,2018,RD,KD,5.16,8631
kommun,1462,2018,RD,M,14.36,8631
kommun,1462,2018,RD,SD,29.75,8631
kommun,1462,2018,RF,V,8.22,8573
kommun,1462,2018,RF,S,29.36,8573
kommun,1462,2018,RF,MP,2.25,8573
kommun,1462,2018,RF,C,8.4,8573
kommun,1462,2018,RF,L,4.18,8573
kommun,1462,2018,RF,KD,6.01,8573
kommun,1462,2018,RF,M,14.24,8573
kommun,1462,2018,RF,SD,24.88,8573
kommun,1462,2022,KF,V,7.25,8691
kommun,1462,2022,KF,S,22.02,8691
kommun,1462,2022,KF,MP,0.79,8691
kommun,1462,2022,KF,C,16.32,8691
kommun,1462,2022,KF,L,1.61,8691
kommun,1462,2022,KF,KD,3.65,8691
kommun,1462,2022,KF,M,12.53,8691
kommun,1462,2022,KF,SD,31.38,8691
kommun,1462,2022,RD,V,5.75,8684
kommun,1462,2022,RD,S,28.81,8684
kommun,1462,2022,RD,MP,2.26,8684
kommun,1462,2022,RD,C,4.87,8684
kommun,1462,2022,RD,L,2.52,8684
kommun,1462,2022,RD,KD,5.45,8684
kommun,1462,2022,RD,M,13.25,8684
kommun,1462,2022,RD,SD,35.28,8684
kommun,1462,2022,RF,V,7.6,8602
kommun,1462,2022,RF,S,27.57,8602
kommun,1462,2022,RF,MP,1.62,8602
kommun,1462,2022,RF,C,6.53,8602
kommun,1462,2022,RF,L,2.39,8602
kommun,1462,2022,RF,KD,6.61,8602
kommun,1462,2022,RF,M,13.46,8602
kommun,1462,2022,RF,SD,32.07,8602
kommun,1463,2014,KF,V,6.69,21956
kommun,1463,2014,KF,S,31.65,21956
kommun,1463,2014,KF,MP,4.53,21956
kommun,1463,2014,KF,C,11.4,21956
kommun,1463,2014,KF,L,4.82,21956
kommun,1463,2014,KF,KD,4.45,21956
kommun,1463,2014,KF,M,16.0,21956
kommun,1463,2014,KF,SD,9.45,21956
kommun,1463,2014,RD,V,5.61,22161
kommun,1463,2014,RD,S,33.18,22161
kommun,1463,2014,RD,MP,5.4,22161
kommun,1463,2014,RD,C,8.9,22161
kommun,1463,2014,RD,L,5.17,22161
kommun,1463,2014,RD,KD,5.18,22161
kommun,1463,2014,RD,M,18.92,22161
kommun,1463,2014,RD,SD,14.77,22161
kommun,1463,2014,RF,V,6.99,21616
kommun,1463,2014,RF,S,34.71,21616
kommun,1463,2014,RF,MP,5.29,21616
kommun,1463,2014,RF,C,10.36,21616
kommun,1463,2014,RF,L,5.46,21616
kommun,1463,2014,RF,KD,6.3,21616
kommun,1463,2014,RF,M,17.64,21616
kommun,1463,2014,RF,SD,10.41,21616
kommun,1463,2018,KF,V,7.78,22643
kommun,1463,2018,KF,S,28.91,22643
kommun,1463,2018,KF,MP,2.47,22643
kommun,1463,2018,KF,C,15.99,22643
kommun,1463,2018,KF,L,5.26,22643
kommun,1463,2018,KF,KD,6.59,22643
kommun,1463,2018,KF,M,17.11,22643
kommun,1463,2018,KF,SD,15.43,22643
kommun,1463,2018,RD,V,7.26,22770
kommun,1463,2018,RD,S,29.09,22770
kommun,1463,2018,RD,MP,3.31,22770
kommun,1463,2018,RD,C,10.65,22770
kommun,1463,2018,RD,L,5.46,22770
kommun,1463,2018,RD,KD,7.06,22770
kommun,1463,2018,RD,M,15.99,22770
kommun,1463,2018,RD,SD,19.83,22770
kommun,1463,2018,RF,V,7.97,22324
kommun,1463,2018,RF,S,30.27,22324
kommun,1463,2018,RF,MP,2.71,22324
kommun,1463,2018,RF,C,11.92,22324
kommun,1463,2018,RF,L,5.91,22324
kommun,1463,2018,RF,KD,8.59,22324
kommun,1463,2018,RF,M,15.65,22324
kommun,1463,2018,RF,SD,14.58,22324
kommun,1463,2022,KF,V,6.87,22389
kommun,1463,2022,KF,S,29.43,22389
kommun,1463,2022,KF,MP,2.57,22389
kommun,1463,2022,KF,C,11.46,22389
kommun,1463,2022,KF,L,2.79,22389
kommun,1463,2022,KF,KD,7.88,22389
kommun,1463,2022,KF,M,20.07,22389
kommun,1463,2022,KF,SD,18.59,22389
kommun,1463,2022,RD,V,5.36,22632
kommun,1463,2022,RD,S,30.53,22632
kommun,1463,2022,RD,MP,3.42,22632
kommun,1463,2022,RD,C,7.57,22632
kommun,1463,2022,RD,L,3.19,22632
kommun,1463,2022,RD,KD,6.88,22632
kommun,1463,2022,RD,M,16.49,22632
kommun,1463,2022,RD,SD,24.86,22632
kommun,1463,2022,RF,V,6.8,22248
kommun,1463,2022,RF,S,31.33,22248
kommun,1463,2022,RF,MP,2.28,22248
kommun,1463,2022,RF,C,8.27,22248
kommun,1463,2022,RF,L,3.09,22248
kommun,1463,2022,RF,KD,9.38,22248
kommun,1463,2022,RF,M,16.95,22248
kommun,1463,2022,RF,SD,19.08,22248
kommun,1465,2014,KF,V,1.17,6599
kommun,1465,2014,KF,S,30.6,6599
kommun,1465,2014,KF,MP,3.73,6599
kommun,1465,2014,KF,C,14.82,6599
kommun,1465,2014,KF,L,4.38,6599
kommun,1465,2014,KF,KD,2.71,6599
kommun,1465,2014,KF,M,15.21,6599
kommun,1465,2014,KF,SD,12.88,6599
kommun,1465,2014,RD,V,3.25,6619
kommun,1465,2014,RD,S,30.22,6619
kommun,1465,2014,RD,MP,3.52,6619
kommun,1465,2014,RD,C,11.41,6619
kommun,1465,2014,RD,L,3.99,6619
kommun,1465,2014,RD,KD,4.23,6619
kommun,1465,2014,RD,M,21.3,6619
kommun,1465,2014,RD,SD,18.98,6619
kommun,1465,2014,RF,V,3.61,6477
kommun,1465,2014,RF,S,32.65,6477
kommun,1465,2014,RF,MP,4.05,6477
kommun,1465,2014,RF,C,14.11,6477
kommun,1465,2014,RF,L,5.31,6477
kommun,1465,2014,RF,KD,5.19,6477
kommun,1465,2014,RF,M,19.58,6477
kommun,1465,2014,RF,SD,14.0,6477
kommun,1465,2018,KF,V,2.9,6929
kommun,1465,2018,KF,S,21.65,6929
kommun,1465,2018,KF,MP,2.15,6929
kommun,1465,2018,KF,C,20.57,6929
kommun,1465,2018,KF,L,3.19,6929
kommun,1465,2018,KF,KD,3.05,6929
kommun,1465,2018,KF,M,14.58,6929
kommun,1465,2018,KF,SD,17.13,6929
kommun,1465,2018,RD,V,4.11,6884
kommun,1465,2018,RD,S,25.77,6884
kommun,1465,2018,RD,MP,2.15,6884
kommun,1465,2018,RD,C,11.93,6884
kommun,1465,2018,RD,L,4.29,6884
kommun,1465,2018,RD,KD,6.77,6884
kommun,1465,2018,RD,M,17.42,6884
kommun,1465,2018,RD,SD,25.57,6884
kommun,1465,2018,RF,V,4.53,6732
kommun,1465,2018,RF,S,26.5,6732
kommun,1465,2018,RF,MP,2.42,6732
kommun,1465,2018,RF,C,15.95,6732
kommun,1465,2018,RF,L,4.9,6732
kommun,1465,2018,RF,KD,8.33,6732
kommun,1465,2018,RF,M,17.1,6732
kommun,1465,2018,RF,SD,18.81,6732
kommun,1465,2022,KF,V,3.8,6740
kommun,1465,2022,KF,S,24.61,6740
kommun,1465,2022,KF,MP,2.28,6740
kommun,1465,2022,KF,C,9.72,6740
kommun,1465,2022,KF,L,3.2,6740
kommun,1465,2022,KF,KD,5.86,6740
kommun,1465,2022,KF,M,18.74,6740
kommun,1465,2022,KF,SD,20.89,6740
kommun,1465,2022,RD,V,3.68,6768
kommun,1465,2022,RD,S,25.43,6768
kommun,1465,2022,RD,MP,2.73,6768
kommun,1465,2022,RD,C,6.72,6768
kommun,1465,2022,RD,L,3.09,6768
kommun,1465,2022,RD,KD,7.89,6768
kommun,1465,2022,RD,M,17.64,6768
kommun,1465,2022,RD,SD,31.68,6768
kommun,1465,2022,RF,V,4.87,6647
kommun,1465,2022,RF,S,26.28,6647
kommun,1465,2022,RF,MP,2.05,6647
kommun,1465,2022,RF,C,8.18,6647
kommun,1465,2022,RF,L,3.7,6647
kommun,1465,2022,RF,KD,11.46,6647
kommun,1465,2022,RF,M,17.38,6647
kommun,1465,2022,RF,SD,23.65,6647
kommun,1466,2014,KF,V,4.06,6210
kommun,1466,2014,KF,S,27.42,6210
kommun,1466,2014,KF,MP,2.83,6210
kommun,1466,2014,KF,C,15.52,6210
kommun,1466,2014,KF,L,10.55,6210
kommun,1466,2014,KF,KD,5.68,6210
kommun,1466,2014,KF,M,14.14,6210
kommun,1466,2014,KF,SD,10.11,6210
kommun,1466,2014,RD,V,4.3,6259
kommun,1466,2014,RD,S,28.42,6259
kommun,1466,2014,RD,MP,4.3,6259
kommun,1466,2014,RD,C,12.72,6259
kommun,1466,2014,RD,L,4.25,6259
kommun,1466,2014,RD,KD,7.01,6259
kommun,1466,2014,RD,M,18.9,6259
kommun,1466,2014,RD,SD,17.4,6259
kommun,1466,2014,RF,V,4.88,6104
kommun,1466,2014,RF,S,30.77,6104
kommun,1466,2014,RF,MP,4.11,6104
kommun,1466,2014,RF,C,13.91,6104
kommun,1466,2014,RF,L,6.05,6104
kommun,1466,2014,RF,KD,7.67,6104
kommun,1466,2014,RF,M,18.86,6104
kommun,1466,2014,RF,SD,11.91,6104
kommun,1466,2018,KF,V,5.2,6367
kommun,1466,2018,KF,S,21.45,6367
kommun,1466,2018,KF,MP,1.98,6367
kommun,1466,2018,KF,C,18.22,6367
kommun,1466,2018,KF,L,10.15,6367
kommun,1466,2018,KF,KD,7.48,6367
kommun,1466,2018,KF,M,13.82,6367
kommun,1466,2018,KF,SD,11.76,6367
kommun,1466,2018,RD,V,6.04,6362
kommun,1466,2018,RD,S,24.8,6362
kommun,1466,2018,RD,MP,2.75,6362
kommun,1466,2018,RD,C,12.37,6362
kommun,1466,2018,RD,L,4.89,6362
kommun,1466,2018,RD,KD,8.83,6362
kommun,1466,2018,RD,M,16.76,6362
kommun,1466,2018,RD,SD,21.83,6362
kommun,1466,2018,RF,V,6.3,6192
kommun,1466,2018,RF,S,26.36,6192
kommun,1466,2018,RF,MP,2.55,6192
kommun,1466,2018,RF,C,14.92,6192
kommun,1466,2018,RF,L,6.33,6192
kommun,1466,2018,RF,KD,10.19,6192
kommun,1466,2018,RF,M,17.25,6192
kommun,1466,2018,RF,SD,13.79,6192
kommun,1466,2022,KF,V,7.27,6202
kommun,1466,2022,KF,S,22.77,6202
kommun,1466,2022,KF,MP,1.92,6202
kommun,1466,2022,KF,C,19.04,6202
kommun,1466,2022,KF,L,3.87,6202
kommun,1466,2022,KF,KD,8.0,6202
kommun,1466,2022,KF,M,18.09,6202
kommun,1466,2022,KF,SD,18.7,6202
kommun,1466,2022,RD,V,4.67,6302
kommun,1466,2022,RD,S,25.99,6302
kommun,1466,2022,RD,MP,2.73,6302
kommun,1466,2022,RD,C,9.11,6302
kommun,1466,2022,RD,L,3.7,6302
kommun,1466,2022,RD,KD,9.39,6302
kommun,1466,2022,RD,M,16.33,6302
kommun,1466,2022,RD,SD,26.4,6302
kommun,1466,2022,RF,V,6.6,6120
kommun,1466,2022,RF,S,26.03,6120
kommun,1466,2022,RF,MP,1.85,6120
kommun,1466,2022,RF,C,11.11,6120
kommun,1466,2022,RF,L,4.22,6120
kommun,1466,2022,RF,KD,11.41,6120
kommun,1466,2022,RF,M,16.85,6120
kommun,1466,2022,RF,SD,19.3,6120
kommun,1470,2014,KF,V,4.15,10296
kommun,1470,2014,KF,S,34.92,10296
kommun,1470,2014,KF,MP,2.2,10296
kommun,1470,2014,KF,C,11.85,10296
kommun,1470,2014,KF,L,3.49,10296
kommun,1470,2014,KF,KD,2.61,10296
kommun,1470,2014,KF,M,29.92,10296
kommun,1470,2014,KF,SD,10.42,10296
kommun,1470,2014,RD,V,4.01,10382
kommun,1470,2014,RD,S,29.61,10382
kommun,1470,2014,RD,MP,3.37,10382
kommun,1470,2014,RD,C,11.04,10382
kommun,1470,2014,RD,L,3.3,10382
kommun,1470,2014,RD,KD,4.06,10382
kommun,1470,2014,RD,M,25.69,10382
kommun,1470,2014,RD,SD,17.08,10382
kommun,1470,2014,RF,V,5.06,10065
kommun,1470,2014,RF,S,31.79,10065
kommun,1470,2014,RF,MP,3.22,10065
kommun,1470,2014,RF,C,12.03,10065
kommun,1470,2014,RF,L,3.87,10065
kommun,1470,2014,RF,KD,4.34,10065
kommun,1470,2014,RF,M,28.78,10065
kommun,1470,2014,RF,SD,10.15,10065
kommun,1470,2018,KF,V,4.1,10411
kommun,1470,2018,KF,S,26.83,10411
kommun,1470,2018,KF,MP,0.97,10411
kommun,1470,2018,KF,C,10.41,10411
kommun,1470,2018,KF,L,3.88,10411
kommun,1470,2018,KF,KD,1.66,10411
kommun,1470,2018,KF,M,27.45,10411
kommun,1470,2018,KF,SD,14.62,10411
kommun,1470,2018,RD,V,4.87,10505
kommun,1470,2018,RD,S,24.94,10505
kommun,1470,2018,RD,MP,1.91,10505
kommun,1470,2018,RD,C,11.78,10505
kommun,1470,2018,RD,L,3.42,10505
kommun,1470,2018,RD,KD,6.55,10505
kommun,1470,2018,RD,M,21.53,10505
kommun,1470,2018,RD,SD,23.66,10505
kommun,1470,2018,RF,V,5.17,10141
kommun,1470,2018,RF,S,26.03,10141
kommun,1470,2018,RF,MP,1.53,10141
kommun,1470,2018,RF,C,12.12,10141
kommun,1470,2018,RF,L,4.01,10141
kommun,1470,2018,RF,KD,6.37,10141
kommun,1470,2018,RF,M,26.4,10141
kommun,1470,2018,RF,SD,17.06,10141
kommun,1470,2022,KF,V,4.05,10284
kommun,1470,2022,KF,S,23.55,10284
kommun,1470,2022,KF,MP,0.66,10284
kommun,1470,2022,KF,C,7.85,10284
kommun,1470,2022,KF,L,1.29,10284
kommun,1470,2022,KF,KD,2.56,10284
kommun,1470,2022,KF,M,31.75,10284
kommun,1470,2022,KF,SD,17.82,10284
kommun,1470,2022,RD,V,3.8,10329
kommun,1470,2022,RD,S,25.02,10329
kommun,1470,2022,RD,MP,1.83,10329
kommun,1470,2022,RD,C,7.5,10329
kommun,1470,2022,RD,L,2.64,10329
kommun,1470,2022,RD,KD,6.44,10329
kommun,1470,2022,RD,M,22.04,10329
kommun,1470,2022,RD,SD,29.9,10329
kommun,1470,2022,RF,V,4.69,10057
kommun,1470,2022,RF,S,25.24,10057
kommun,1470,2022,RF,MP,1.33,10057
kommun,1470,2022,RF,C,8.62,10057
kommun,1470,2022,RF,L,2.62,10057
kommun,1470,2022,RF,KD,7.52,10057
kommun,1470,2022,RF,M,25.67,10057
kommun,1470,2022,RF,SD,21.66,10057
kommun,1471,2014,KF,V,6.76,8731
kommun,1471,2014,KF,S,31.18,8731
kommun,1471,2014,KF,MP,4.04,8731
kommun,1471,2014,KF,C,12.31,8731
kommun,1471,2014,KF,L,4.96,8731
kommun,1471,2014,KF,KD,5.17,8731
kommun,1471,2014,KF,M,12.51,8731
kommun,1471,2014,KF,SD,6.8,8731
kommun,1471,2014,RD,V,5.19,8825
kommun,1471,2014,RD,S,35.95,8825
kommun,1471,2014,RD,MP,4.79,8825
kommun,1471,2014,RD,C,9.37,8825
kommun,1471,2014,RD,L,3.8,8825
kommun,1471,2014,RD,KD,6.23,8825
kommun,1471,2014,RD,M,18.91,8825
kommun,1471,2014,RD,SD,12.87,8825
kommun,1471,2014,RF,V,7.31,8591
kommun,1471,2014,RF,S,37.21,8591
kommun,1471,2014,RF,MP,5.25,8591
kommun,1471,2014,RF,C,10.39,8591
kommun,1471,2014,RF,L,5.21,8591
kommun,1471,2014,RF,KD,7.52,8591
kommun,1471,2014,RF,M,16.59,8591
kommun,1471,2014,RF,SD,8.72,8591
kommun,1471,2018,KF,V,6.68,8821
kommun,1471,2018,KF,S,26.09,8821
kommun,1471,2018,KF,MP,3.5,8821
kommun,1471,2018,KF,C,15.27,8821
kommun,1471,2018,KF,L,4.69,8821
kommun,1471,2018,KF,KD,6.84,8821
kommun,1471,2018,KF,M,13.5,8821
kommun,1471,2018,KF,SD,11.35,8821
kommun,1471,2018,RD,V,6.26,8860
kommun,1471,2018,RD,S,31.09,8860
kommun,1471,2018,RD,MP,3.59,8860
kommun,1471,2018,RD,C,10.1,8860
kommun,1471,2018,RD,L,3.98,8860
kommun,1471,2018,RD,KD,9.46,8860
kommun,1471,2018,RD,M,15.42,8860
kommun,1471,2018,RD,SD,18.91,8860
kommun,1471,2018,RF,V,7.11,8603
kommun,1471,2018,RF,S,31.14,8603
kommun,1471,2018,RF,MP,3.36,8603
kommun,1471,2018,RF,C,11.9,8603
kommun,1471,2018,RF,L,5.01,8603
kommun,1471,2018,RF,KD,10.89,8603
kommun,1471,2018,RF,M,15.65,8603
kommun,1471,2018,RF,SD,13.43,8603
kommun,1471,2022,KF,V,6.94,8834
kommun,1471,2022,KF,S,29.21,8834
kommun,1471,2022,KF,MP,2.3,8834
kommun,1471,2022,KF,C,10.35,8834
kommun,1471,2022,KF,L,2.78,8834
kommun,1471,2022,KF,KD,5.82,8834
kommun,1471,2022,KF,M,13.21,8834
kommun,1471,2022,KF,SD,14.74,8834
kommun,1471,2022,RD,V,4.4,8951
kommun,1471,2022,RD,S,32.22,8951
kommun,1471,2022,RD,MP,3.92,8951
kommun,1471,2022,RD,C,7.5,8951
kommun,1471,2022,RD,L,3.18,8951
kommun,1471,2022,RD,KD,8.07,8951
kommun,1471,2022,RD,M,16.1,8951
kommun,1471,2022,RD,SD,23.42,8951
kommun,1471,2022,RF,V,6.75,8725
kommun,1471,2022,RF,S,32.55,8725
kommun,1471,2022,RF,MP,2.33,8725
kommun,1471,2022,RF,C,8.24,8725
kommun,1471,2022,RF,L,4.1,8725
kommun,1471,2022,RF,KD,10.45,8725
kommun,1471,2022,RF,M,15.47,8725
kommun,1471,2022,RF,SD,17.52,8725
kommun,1472,2014,KF,V,3.13,7193
kommun,1472,2014,KF,S,38.3,7193
kommun,1472,2014,KF,MP,3.86,7193
kommun,1472,2014,KF,C,9.02,7193
kommun,1472,2014,KF,L,14.75,7193
kommun,1472,2014,KF,KD,8.31,7193
kommun,1472,2014,KF,M,11.58,7193
kommun,1472,2014,KF,SD,10.83,7193
kommun,1472,2014,RD,V,3.59,7235
kommun,1472,2014,RD,S,37.08,7235
kommun,1472,2014,RD,MP,4.42,7235
kommun,1472,2014,RD,C,7.33,7235
kommun,1472,2014,RD,L,4.67,7235
kommun,1472,2014,RD,KD,7.05,7235
kommun,1472,2014,RD,M,16.93,7235
kommun,1472,2014,RD,SD,16.78,7235
kommun,1472,2014,RF,V,4.3,7072
kommun,1472,2014,RF,S,39.35,7072
kommun,1472,2014,RF,MP,4.13,7072
kommun,1472,2014,RF,C,8.57,7072
kommun,1472,2014,RF,L,7.73,7072
kommun,1472,2014,RF,KD,8.46,7072
kommun,1472,2014,RF,M,14.88,7072
kommun,1472,2014,RF,SD,12.09,7072
kommun,1472,2018,KF,V,4.03,7276
kommun,1472,2018,KF,S,31.73,7276
kommun,1472,2018,KF,MP,0.88,7276
kommun,1472,2018,KF,C,9.06,7276
kommun,1472,2018,KF,L,11.38,7276
kommun,1472,2018,KF,KD,9.06,7276
kommun,1472,2018,KF,M,15.39,7276
kommun,1472,2018,KF,SD,18.28,7276
kommun,1472,2018,RD,V,4.64,7176
kommun,1472,2018,RD,S,31.22,7176
kommun,1472,2018,RD,MP,2.26,7176
kommun,1472,2018,RD,C,8.31,7176
kommun,1472,2018,RD,L,5.55,7176
kommun,1472,2018,RD,KD,9.67,7176
kommun,1472,2018,RD,M,16.28,7176
kommun,1472,2018,RD,SD,21.13,7176
kommun,1472,2018,RF,V,4.53,7086
kommun,1472,2018,RF,S,32.87,7086
kommun,1472,2018,RF,MP,2.02,7086
kommun,1472,2018,RF,C,8.51,7086
kommun,1472,2018,RF,L,8.62,7086
kommun,1472,2018,RF,KD,10.78,7086
kommun,1472,2018,RF,M,15.13,7086
kommun,1472,2018,RF,SD,16.89,7086
kommun,1472,2022,KF,V,3.45,7214
kommun,1472,2022,KF,S,31.37,7214
kommun,1472,2022,KF,MP,1.73,7214
kommun,1472,2022,KF,C,7.57,7214
kommun,1472,2022,KF,L,7.08,7214
kommun,1472,2022,KF,KD,8.76,7214
kommun,1472,2022,KF,M,16.65,7214
kommun,1472,2022,KF,SD,23.02,7214
kommun,1472,2022,RD,V,3.68,7223
kommun,1472,2022,RD,S,31.68,7223
kommun,1472,2022,RD,MP,2.4,7223
kommun,1472,2022,RD,C,6.26,7223
kommun,1472,2022,RD,L,4.32,7223
kommun,1472,2022,RD,KD,8.61,7223
kommun,1472,2022,RD,M,16.25,7223
kommun,1472,2022,RD,SD,25.56,7223
kommun,1472,2022,RF,V,4.45,7086
kommun,1472,2022,RF,S,32.47,7086
kommun,1472,2022,RF,MP,1.64,7086
kommun,1472,2022,RF,C,7.03,7086
kommun,1472,2022,RF,L,5.01,7086
kommun,1472,2022,RF,KD,11.18,7086
kommun,1472,2022,RF,M,15.45,7086
kommun,1472,2022,RF,SD,21.22,7086
kommun,1473,2014,KF,V,5.42,5862
kommun,1473,2014,KF,S,36.8,5862
kommun,1473,2014,KF,MP,2.71,5862
kommun,1473,2014,KF,C,19.26,5862
kommun,1473,2014,KF,L,2.73,5862
kommun,1473,2014,KF,KD,0.84,5862
kommun,1473,2014,KF,M,22.64,5862
kommun,1473,2014,KF,SD,9.31,5862
kommun,1473,2014,RD,V,4.07,5944
kommun,1473,2014,RD,S,35.62,5944
kommun,1473,2014,RD,MP,3.7,5944
kommun,1473,2014,RD,C,12.1,5944
kommun,1473,2014,RD,L,2.64,5944
kommun,1473,2014,RD,KD,3.94,5944
kommun,1473,2014,RD,M,18.41,5944
kommun,1473,2014,RD,SD,17.35,5944
kommun,1473,2014,RF,V,5.41,5765
kommun,1473,2014,RF,S,38.01,5765
kommun,1473,2014,RF,MP,3.9,5765
kommun,1473,2014,RF,C,14.29,5765
kommun,1473,2014,RF,L,3.04,5765
kommun,1473,2014,RF,KD,4.3,5765
kommun,1473,2014,RF,M,20.78,5765
kommun,1473,2014,RF,SD,8.67,5765
kommun,1473,2018,KF,V,4.61,6003
kommun,1473,2018,KF,S,31.07,6003
kommun,1473,2018,KF,MP,0.83,6003
kommun,1473,2018,KF,C,16.29,6003
kommun,1473,2018,KF,L,3.56,6003
kommun,1473,2018,KF,KD,1.53,6003
kommun,1473,2018,KF,M,28.27,6003
kommun,1473,2018,KF,SD,13.44,6003
kommun,1473,2018,RD,V,4.63,5938
kommun,1473,2018,RD,S,30.52,5938
kommun,1473,2018,RD,MP,2.0,5938
kommun,1473,2018,RD,C,10.88,5938
kommun,1473,2018,RD,L,3.1,5938
kommun,1473,2018,RD,KD,6.58,5938
kommun,1473,2018,RD,M,17.3,5938
kommun,1473,2018,RD,SD,23.11,5938
kommun,1473,2018,RF,V,4.59,5855
kommun,1473,2018,RF,S,33.15,5855
kommun,1473,2018,RF,MP,1.98,5855
kommun,1473,2018,RF,C,12.31,5855
kommun,1473,2018,RF,L,3.31,5855
kommun,1473,2018,RF,KD,6.37,5855
kommun,1473,2018,RF,M,21.25,5855
kommun,1473,2018,RF,SD,15.35,5855
kommun,1473,2022,KF,V,4.72,5827
kommun,1473,2022,KF,S,29.55,5827
kommun,1473,2022,KF,MP,0.69,5827
kommun,1473,2022,KF,C,13.21,5827
kommun,1473,2022,KF,L,2.59,5827
kommun,1473,2022,KF,KD,1.78,5827
kommun,1473,2022,KF,M,27.82,5827
kommun,1473,2022,KF,SD,19.32,5827
kommun,1473,2022,RD,V,3.88,5876
kommun,1473,2022,RD,S,29.92,5876
kommun,1473,2022,RD,MP,2.25,5876
kommun,1473,2022,RD,C,6.54,5876
kommun,1473,2022,RD,L,2.4,5876
kommun,1473,2022,RD,KD,5.65,5876
kommun,1473,2022,RD,M,17.34,5876
kommun,1473,2022,RD,SD,29.85,5876
kommun,1473,2022,RF,V,4.63,5703
kommun,1473,2022,RF,S,30.97,5703
kommun,1473,2022,RF,MP,1.37,5703
kommun,1473,2022,RF,C,8.5,5703
kommun,1473,2022,RF,L,1.95,5703
kommun,1473,2022,RF,KD,7.87,5703
kommun,1473,2022,RF,M,21.37,5703
kommun,1473,2022,RF,SD,20.52,5703
kommun,1480,2014,KF,V,9.44,333790
kommun,1480,2014,KF,S,22.39,333790
kommun,1480,2014,KF,MP,10.66,333790
kommun,1480,2014,KF,C,2.56,333790
kommun,1480,2014,KF,L,8.12,333790
kommun,1480,2014,KF,KD,3.95,333790
kommun,1480,2014,KF,M,22.33,333790
kommun,1480,2014,KF,SD,7.02,333790
kommun,1480,2014,RD,V,9.35,334294
kommun,1480,2014,RD,S,23.68,334294
kommun,1480,2014,RD,MP,9.83,334294
kommun,1480,2014,RD,C,3.8,334294
kommun,1480,2014,RD,L,7.22,334294
kommun,1480,2014,RD,KD,4.6,334294
kommun,1480,2014,RD,M,23.86,334294
kommun,1480,2014,RD,SD,9.64,334294
kommun,1480,2014,RF,V,12.69,329674
kommun,1480,2014,RF,S,24.21,329674
kommun,1480,2014,RF,MP,12.01,329674
kommun,1480,2014,RF,C,3.0,329674
kommun,1480,2014,RF,L,8.22,329674
kommun,1480,2014,RF,KD,4.71,329674
kommun,1480,2014,RF,M,23.28,329674
kommun,1480,2014,RF,SD,7.31,329674
kommun,1480,2018,KF,V,12.56,354160
kommun,1480,2018,KF,S,20.47,354160
kommun,1480,2018,KF,MP,6.94,354160
kommun,1480,2018,KF,C,3.95,354160
kommun,1480,2018,KF,L,7.23,354160
kommun,1480,2018,KF,KD,3.32,354160
kommun,1480,2018,KF,M,14.53,354160
kommun,1480,2018,KF,SD,8.29,354160
kommun,1480,2018,RD,V,14.0,349645
kommun,1480,2018,RD,S,23.77,349645
kommun,1480,2018,RD,MP,6.95,349645
kommun,1480,2018,RD,C,7.12,349645
kommun,1480,2018,RD,L,7.25,349645
kommun,1480,2018,RD,KD,5.52,349645
kommun,1480,2018,RD,M,19.86,349645
kommun,1480,2018,RD,SD,13.45,349645
kommun,1480,2018,RF,V,15.08,350850
kommun,1480,2018,RF,S,22.75,350850
kommun,1480,2018,RF,MP,6.53,350850
kommun,1480,2018,RF,C,5.11,350850
kommun,1480,2018,RF,L,7.71,350850
kommun,1480,2018,RF,KD,5.63,350850
kommun,1480,2018,RF,M,16.87,350850
kommun,1480,2018,RF,SD,9.41,350850
kommun,1480,2022,KF,V,15.82,350794
kommun,1480,2022,KF,S,26.44,350794
kommun,1480,2022,KF,MP,5.99,350794
kommun,1480,2022,KF,C,4.0,350794
kommun,1480,2022,KF,L,5.54,350794
kommun,1480,2022,KF,KD,4.15,350794
kommun,1480,2022,KF,M,17.12,350794
kommun,1480,2022,KF,SD,10.75,350794
kommun,1480,2022,RD,V,12.85,347103
kommun,1480,2022,RD,S,27.65,347103
kommun,1480,2022,RD,MP,7.92,347103
kommun,1480,2022,RD,C,5.86,347103
kommun,1480,2022,RD,L,5.85,347103
kommun,1480,2022,RD,KD,4.37,347103
kommun,1480,2022,RD,M,18.48,347103
kommun,1480,2022,RD,SD,14.66,347103
kommun,1480,2022,RF,V,16.61,349550
kommun,1480,2022,RF,S,27.91,349550
kommun,1480,2022,RF,MP,4.99,349550
kommun,1480,2022,RF,C,4.47,349550
kommun,1480,2022,RF,L,5.27,349550
kommun,1480,2022,RF,KD,5.6,349550
kommun,1480,2022,RF,M,16.99,349550
kommun,1480,2022,RF,SD,10.82,349550
kommun,1481,2014,KF,V,6.87,40547
kommun,1481,2014,KF,S,27.73,40547
kommun,1481,2014,KF,MP,11.15,40547
kommun,1481,2014,KF,C,4.36,40547
kommun,1481,2014,KF,L,10.05,40547
kommun,1481,2014,KF,KD,4.84,40547
kommun,1481,2014,KF,M,23.39,40547
kommun,1481,2014,KF,SD,10.24,40547
kommun,1481,2014,RD,V,5.75,40637
kommun,1481,2014,RD,S,25.26,40637
kommun,1481,2014,RD,MP,9.08,40637
kommun,1481,2014,RD,C,5.05,40637
kommun,1481,2014,RD,L,8.35,40637
kommun,1481,2014,RD,KD,5.33,40637
kommun,1481,2014,RD,M,25.52,40637
kommun,1481,2014,RD,SD,11.55,40637
kommun,1481,2014,RF,V,7.24,40296
kommun,1481,2014,RF,S,26.75,40296
kommun,1481,2014,RF,MP,10.08,40296
kommun,1481,2014,RF,C,4.26,40296
kommun,1481,2014,RF,L,9.51,40296
kommun,1481,2014,RF,KD,5.62,40296
kommun,1481,2014,RF,M,22.97,40296
kommun,1481,2014,RF,SD,9.24,40296
kommun,1481,2018,KF,V,8.28,43911
kommun,1481,2018,KF,S,24.48,43911
kommun,1481,2018,KF,MP,6.24,43911
kommun,1481,2018,KF,C,6.78,43911
kommun,1481,2018,KF,L,10.63,43911
kommun,1481,2018,KF,KD,5.32,43911
kommun,1481,2018,KF,M,23.64,43911
kommun,1481,2018,KF,SD,13.49,43911
kommun,1481,2018,RD,V,7.63,43933
kommun,1481,2018,RD,S,24.02,43933
kommun,1481,2018,RD,MP,5.77,43933
kommun,1481,2018,RD,C,8.06,43933
kommun,1481,2018,RD,L,8.24,43933
kommun,1481,2018,RD,KD,6.28,43933
kommun,1481,2018,RD,M,22.51,43933
kommun,1481,2018,RD,SD,15.84,43933
kommun,1481,2018,RF,V,8.81,43791
kommun,1481,2018,RF,S,24.27,43791
kommun,1481,2018,RF,MP,5.4,43791
kommun,1481,2018,RF,C,6.47,43791
kommun,1481,2018,RF,L,9.17,43791
kommun,1481,2018,RF,KD,6.75,43791
kommun,1481,2018,RF,M,20.87,43791
kommun,1481,2018,RF,SD,12.44,43791
kommun,1481,2022,KF,V,8.78,44235
kommun,1481,2022,KF,S,27.62,44235
kommun,1481,2022,KF,MP,5.73,44235
kommun,1481,2022,KF,C,7.08,44235
kommun,1481,2022,KF,L,7.83,44235
kommun,1481,2022,KF,KD,5.64,44235
kommun,1481,2022,KF,M,21.83,44235
kommun,1481,2022,KF,SD,14.08,44235
kommun,1481,2022,RD,V,6.97,44287
kommun,1481,2022,RD,S,28.22,44287
kommun,1481,2022,RD,MP,6.16,44287
kommun,1481,2022,RD,C,7.15,44287
kommun,1481,2022,RD,L,6.38,44287
kommun,1481,2022,RD,KD,4.86,44287
kommun,1481,2022,RD,M,21.22,44287
kommun,1481,2022,RD,SD,17.66,44287
kommun,1481,2022,RF,V,9.37,44126
kommun,1481,2022,RF,S,28.74,44126
kommun,1481,2022,RF,MP,4.45,44126
kommun,1481,2022,RF,C,6.0,44126
kommun,1481,2022,RF,L,6.49,44126
kommun,1481,2022,RF,KD,6.35,44126
kommun,1481,2022,RF,M,20.08,44126
kommun,1481,2022,RF,SD,13.57,44126
kommun,1482,2014,KF,V,4.45,28684
kommun,1482,2014,KF,S,30.11,28684
kommun,1482,2014,KF,MP,6.25,28684
kommun,1482,2014,KF,C,6.15,28684
kommun,1482,2014,KF,L,7.97,28684
kommun,1482,2014,KF,KD,5.28,28684
kommun,1482,2014,KF,M,19.7,28684
kommun,1482,2014,KF,SD,9.06,28684
kommun,1482,2014,RD,V,4.85,28818
kommun,1482,2014,RD,S,26.93,28818
kommun,1482,2014,RD,MP,6.42,28818
kommun,1482,2014,RD,C,6.61,28818
kommun,1482,2014,RD,L,6.63,28818
kommun,1482,2014,RD,KD,5.7,28818
kommun,1482,2014,RD,M,26.12,28818
kommun,1482,2014,RD,SD,13.61,28818
kommun,1482,2014,RF,V,5.46,28281
kommun,1482,2014,RF,S,29.89,28281
kommun,1482,2014,RF,MP,6.76,28281
kommun,1482,2014,RF,C,6.56,28281
kommun,1482,2014,RF,L,7.78,28281
kommun,1482,2014,RF,KD,6.55,28281
kommun,1482,2014,RF,M,22.81,28281
kommun,1482,2014,RF,SD,9.9,28281
kommun,1482,2018,KF,V,5.54,30198
kommun,1482,2018,KF,S,25.29,30198
kommun,1482,2018,KF,MP,3.52,30198
kommun,1482,2018,KF,C,7.56,30198
kommun,1482,2018,KF,L,7.59,30198
kommun,1482,2018,KF,KD,6.06,30198
kommun,1482,2018,KF,M,19.99,30198
kommun,1482,2018,KF,SD,13.46,30198
kommun,1482,2018,RD,V,6.2,30254
kommun,1482,2018,RD,S,25.13,30254
kommun,1482,2018,RD,MP,4.26,30254
kommun,1482,2018,RD,C,8.67,30254
kommun,1482,2018,RD,L,6.05,30254
kommun,1482,2018,RD,KD,7.69,30254
kommun,1482,2018,RD,M,22.15,30254
kommun,1482,2018,RD,SD,18.56,30254
kommun,1482,2018,RF,V,6.53,29908
kommun,1482,2018,RF,S,26.1,29908
kommun,1482,2018,RF,MP,3.81,29908
kommun,1482,2018,RF,C,7.9,29908
kommun,1482,2018,RF,L,7.66,29908
kommun,1482,2018,RF,KD,9.16,29908
kommun,1482,2018,RF,M,20.79,29908
kommun,1482,2018,RF,SD,14.23,29908
kommun,1482,2022,KF,V,6.03,32095
kommun,1482,2022,KF,S,28.05,32095
kommun,1482,2022,KF,MP,3.15,32095
kommun,1482,2022,KF,C,5.26,32095
kommun,1482,2022,KF,L,6.26,32095
kommun,1482,2022,KF,KD,6.47,32095
kommun,1482,2022,KF,M,18.79,32095
kommun,1482,2022,KF,SD,18.27,32095
kommun,1482,2022,RD,V,4.93,32340
kommun,1482,2022,RD,S,28.13,32340
kommun,1482,2022,RD,MP,4.29,32340
kommun,1482,2022,RD,C,6.27,32340
kommun,1482,2022,RD,L,5.07,32340
kommun,1482,2022,RD,KD,6.53,32340
kommun,1482,2022,RD,M,20.53,32340
kommun,1482,2022,RD,SD,22.76,32340
kommun,1482,2022,RF,V,6.69,31944
kommun,1482,2022,RF,S,29.05,31944
kommun,1482,2022,RF,MP,2.96,31944
kommun,1482,2022,RF,C,5.58,31944
kommun,1482,2022,RF,L,5.33,31944
kommun,1482,2022,RF,KD,8.9,31944
kommun,1482,2022,RF,M,19.11,31944
kommun,1482,2022,RF,SD,18.2,31944
kommun,1484,2014,KF,V,6.22,9624
kommun,1484,2014,KF,S,25.3,9624
kommun,1484,2014,KF,MP,5.13,9624
kommun,1484,2014,KF,C,4.66,9624
kommun,1484,2014,KF,L,8.74,9624
kommun,1484,2014,KF,KD,2.87,9624
kommun,1484,2014,KF,M,8.45,9624
kommun,1484,2014,KF,SD,9.07,9624
kommun,1484,2014,RD,V,6.09,9746
kommun,1484,2014,RD,S,35.41,9746
kommun,1484,2014,RD,MP,5.81,9746
kommun,1484,2014,RD,C,5.3,9746
kommun,1484,2014,RD,L,6.2,9746
kommun,1484,2014,RD,KD,4.23,9746
kommun,1484,2014,RD,M,18.0,9746
kommun,1484,2014,RD,SD,15.89,9746
kommun,1484,2014,RF,V,8.85,9184
kommun,1484,2014,RF,S,35.75,9184
kommun,1484,2014,RF,MP,6.2,9184
kommun,1484,2014,RF,C,4.95,9184
kommun,1484,2014,RF,L,8.53,9184
kommun,1484,2014,RF,KD,5.85,9184
kommun,1484,2014,RF,M,15.32,9184
kommun,1484,2014,RF,SD,11.0,9184
kommun,1484,2018,KF,V,4.89,9848
kommun,1484,2018,KF,S,24.66,9848
kommun,1484,2018,KF,MP,3.86,9848
kommun,1484,2018,KF,C,5.88,9848
kommun,1484,2018,KF,L,7.31,9848
kommun,1484,2018,KF,KD,0.96,9848
kommun,1484,2018,KF,M,10.28,9848
kommun,1484,2018,KF,SD,14.46,9848
kommun,1484,2018,RD,V,6.6,9885
kommun,1484,2018,RD,S,32.38,9885
kommun,1484,2018,RD,MP,4.3,9885
kommun,1484,2018,RD,C,7.06,9885
kommun,1484,2018,RD,L,5.43,9885
kommun,1484,2018,RD,KD,5.49,9885
kommun,1484,2018,RD,M,15.62,9885
kommun,1484,2018,RD,SD,21.78,9885
kommun,1484,2018,RF,V,7.93,9551
kommun,1484,2018,RF,S,32.56,9551
kommun,1484,2018,RF,MP,3.88,9551
kommun,1484,2018,RF,C,6.5,9551
kommun,1484,2018,RF,L,7.63,9551
kommun,1484,2018,RF,KD,7.45,9551
kommun,1484,2018,RF,M,13.74,9551
kommun,1484,2018,RF,SD,16.69,9551
kommun,1484,2022,KF,V,5.09,9528
kommun,1484,2022,KF,S,24.94,9528
kommun,1484,2022,KF,MP,4.31,9528
kommun,1484,2022,KF,C,4.28,9528
kommun,1484,2022,KF,L,5.97,9528
kommun,1484,2022,KF,KD,1.18,9528
kommun,1484,2022,KF,M,16.83,9528
kommun,1484,2022,KF,SD,16.54,9528
kommun,1484,2022,RD,V,5.05,9629
kommun,1484,2022,RD,S,33.48,9629
kommun,1484,2022,RD,MP,4.36,9629
kommun,1484,2022,RD,C,4.56,9629
kommun,1484,2022,RD,L,4.37,9629
kommun,1484,2022,RD,KD,5.21,9629
kommun,1484,2022,RD,M,16.26,9629
kommun,1484,2022,RD,SD,25.25,9629
kommun,1484,2022,RF,V,7.57,9316
kommun,1484,2022,RF,S,32.16,9316
kommun,1484,2022,RF,MP,3.52,9316
kommun,1484,2022,RF,C,4.73,9316
kommun,1484,2022,RF,L,5.71,9316
kommun,1484,2022,RF,KD,8.15,9316
kommun,1484,2022,RF,M,16.02,9316
kommun,1484,2022,RF,SD,18.77,9316
kommun,1485,2014,KF,V,9.1,34413
kommun,1485,2014,KF,S,32.79,34413
kommun,1485,2014,KF,MP,6.06,34413
kommun,1485,2014,KF,C,4.67,34413
kommun,1485,2014,KF,L,5.57,34413
kommun,1485,2014,KF,KD,6.44,34413
kommun,1485,2014,KF,M,15.78,34413
kommun,1485,2014,KF,SD,11.16,34413
kommun,1485,2014,RD,V,6.01,34683
kommun,1485,2014,RD,S,33.79,34683
kommun,1485,2014,RD,MP,6.04,34683
kommun,1485,2014,RD,C,4.84,34683
kommun,1485,2014,RD,L,4.76,34683
kommun,1485,2014,RD,KD,5.34,34683
kommun,1485,2014,RD,M,20.49,34683
kommun,1485,2014,RD,SD,15.42,34683
kommun,1485,2014,RF,V,8.04,33433
kommun,1485,2014,RF,S,33.42,33433
kommun,1485,2014,RF,MP,6.69,33433
kommun,1485,2014,RF,C,4.91,33433
kommun,1485,2014,RF,L,5.4,33433
kommun,1485,2014,RF,KD,7.5,33433
kommun,1485,2014,RF,M,19.74,33433
kommun,1485,2014,RF,SD,11.37,33433
kommun,1485,2018,KF,V,7.1,36131
kommun,1485,2018,KF,S,26.11,36131
kommun,1485,2018,KF,MP,4.42,36131
kommun,1485,2018,KF,C,6.93,36131
kommun,1485,2018,KF,L,5.83,36131
kommun,1485,2018,KF,KD,7.07,36131
kommun,1485,2018,KF,M,14.71,36131
kommun,1485,2018,KF,SD,14.3,36131
kommun,1485,2018,RD,V,6.76,35969
kommun,1485,2018,RD,S,30.32,35969
kommun,1485,2018,RD,MP,3.92,35969
kommun,1485,2018,RD,C,6.6,35969
kommun,1485,2018,RD,L,4.92,35969
kommun,1485,2018,RD,KD,7.08,35969
kommun,1485,2018,RD,M,18.34,35969
kommun,1485,2018,RD,SD,20.6,35969
kommun,1485,2018,RF,V,7.84,35560
kommun,1485,2018,RF,S,29.79,35560
kommun,1485,2018,RF,MP,3.98,35560
kommun,1485,2018,RF,C,6.34,35560
kommun,1485,2018,RF,L,5.62,35560
kommun,1485,2018,RF,KD,8.65,35560
kommun,1485,2018,RF,M,17.19,35560
kommun,1485,2018,RF,SD,15.62,35560
kommun,1485,2022,KF,V,7.05,35319
kommun,1485,2022,KF,S,27.54,35319
kommun,1485,2022,KF,MP,3.77,35319
kommun,1485,2022,KF,C,5.42,35319
kommun,1485,2022,KF,L,3.31,35319
kommun,1485,2022,KF,KD,7.7,35319
kommun,1485,2022,KF,M,16.37,35319
kommun,1485,2022,KF,SD,17.85,35319
kommun,1485,2022,RD,V,5.65,35755
kommun,1485,2022,RD,S,30.96,35755
kommun,1485,2022,RD,MP,4.01,35755
kommun,1485,2022,RD,C,5.05,35755
kommun,1485,2022,RD,L,3.65,35755
kommun,1485,2022,RD,KD,6.54,35755
kommun,1485,2022,RD,M,17.54,35755
kommun,1485,2022,RD,SD,24.58,35755
kommun,1485,2022,RF,V,7.49,35047
kommun,1485,2022,RF,S,30.84,35047
kommun,1485,2022,RF,MP,3.06,35047
kommun,1485,2022,RF,C,4.92,35047
kommun,1485,2022,RF,L,3.81,35047
kommun,1485,2022,RF,KD,9.9,35047
kommun,1485,2022,RF,M,16.84,35047
kommun,1485,2022,RF,SD,19.18,35047
kommun,1486,2014,KF,V,4.45,7257
kommun,1486,2014,KF,S,25.88,7257
kommun,1486,2014,KF,MP,9.38,7257
kommun,1486,2014,KF,C,23.88,7257
kommun,1486,2014,KF,L,14.07,7257
kommun,1486,2014,KF,KD,3.09,7257
kommun,1486,2014,KF,M,10.39,7257
kommun,1486,2014,KF,SD,8.58,7257
kommun,1486,2014,RD,V,4.59,6956
kommun,1486,2014,RD,S,26.97,6956
kommun,1486,2014,RD,MP,7.65,6956
kommun,1486,2014,RD,C,9.53,6956
kommun,1486,2014,RD,L,7.32,6956
kommun,1486,2014,RD,KD,4.11,6956
kommun,1486,2014,RD,M,23.03,6956
kommun,1486,2014,RD,SD,13.53,6956
kommun,1486,2014,RF,V,5.5,6950
kommun,1486,2014,RF,S,27.09,6950
kommun,1486,2014,RF,MP,8.73,6950
kommun,1486,2014,RF,C,15.54,6950
kommun,1486,2014,RF,L,10.13,6950
kommun,1486,2014,RF,KD,4.73,6950
kommun,1486,2014,RF,M,17.68,6950
kommun,1486,2014,RF,SD,9.19,6950
kommun,1486,2018,KF,V,5.04,7714
kommun,1486,2018,KF,S,27.46,7714
kommun,1486,2018,KF,MP,4.69,7714
kommun,1486,2018,KF,C,11.02,7714
kommun,1486,2018,KF,L,11.27,7714
kommun,1486,2018,KF,KD,6.6,7714
kommun,1486,2018,KF,M,16.05,7714
kommun,1486,2018,KF,SD,14.43,7714
kommun,1486,2018,RD,V,5.61,7328
kommun,1486,2018,RD,S,26.24,7328
kommun,1486,2018,RD,MP,4.41,7328
kommun,1486,2018,RD,C,8.41,7328
kommun,1486,2018,RD,L,6.62,7328
kommun,1486,2018,RD,KD,7.07,7328
kommun,1486,2018,RD,M,18.89,7328
kommun,1486,2018,RD,SD,20.92,7328
kommun,1486,2018,RF,V,6.01,7485
kommun,1486,2018,RF,S,25.52,7485
kommun,1486,2018,RF,MP,3.87,7485
kommun,1486,2018,RF,C,9.98,7485
kommun,1486,2018,RF,L,10.38,7485
kommun,1486,2018,RF,KD,8.03,7485
kommun,1486,2018,RF,M,16.65,7485
kommun,1486,2018,RF,SD,14.96,7485
kommun,1486,2022,KF,V,5.1,7601
kommun,1486,2022,KF,S,27.52,7601
kommun,1486,2022,KF,MP,4.6,7601
kommun,1486,2022,KF,C,8.92,7601
kommun,1486,2022,KF,L,8.26,7601
kommun,1486,2022,KF,KD,7.2,7601
kommun,1486,2022,KF,M,16.0,7601
kommun,1486,2022,KF,SD,17.6,7601
kommun,1486,2022,RD,V,4.92,7256
kommun,1486,2022,RD,S,29.12,7256
kommun,1486,2022,RD,MP,4.47,7256
kommun,1486,2022,RD,C,5.77,7256
kommun,1486,2022,RD,L,4.81,7256
kommun,1486,2022,RD,KD,6.48,7256
kommun,1486,2022,RD,M,17.28,7256
kommun,1486,2022,RD,SD,25.65,7256
kommun,1486,2022,RF,V,6.47,7424
kommun,1486,2022,RF,S,27.49,7424
kommun,1486,2022,RF,MP,3.21,7424
kommun,1486,2022,RF,C,8.18,7424
kommun,1486,2022,RF,L,7.13,7424
kommun,1486,2022,RF,KD,8.88,7424
kommun,1486,2022,RF,M,15.6,7424
kommun,1486,2022,RF,SD,19.22,7424
kommun,1487,2014,KF,V,11.67,24451
kommun,1487,2014,KF,S,29.93,24451
kommun,1487,2014,KF,MP,7.01,24451
kommun,1487,2014,KF,C,8.02,24451
kommun,1487,2014,KF,L,5.88,24451
kommun,1487,2014,KF,KD,3.65,24451
kommun,1487,2014,KF,M,19.01,24451
kommun,1487,2014,KF,SD,10.17,24451
kommun,1487,2014,RD,V,6.7,24725
kommun,1487,2014,RD,S,34.7,24725
kommun,1487,2014,RD,MP,6.19,24725
kommun,1487,2014,RD,C,6.5,24725
kommun,1487,2014,RD,L,4.84,24725
kommun,1487,2014,RD,KD,4.47,24725
kommun,1487,2014,RD,M,17.8,24725
kommun,1487,2014,RD,SD,15.95,24725
kommun,1487,2014,RF,V,8.96,24199
kommun,1487,2014,RF,S,36.57,24199
kommun,1487,2014,RF,MP,6.31,24199
kommun,1487,2014,RF,C,6.8,24199
kommun,1487,2014,RF,L,5.88,24199
kommun,1487,2014,RF,KD,5.46,24199
kommun,1487,2014,RF,M,16.96,24199
kommun,1487,2014,RF,SD,11.15,24199
kommun,1487,2018,KF,V,8.8,25387
kommun,1487,2018,KF,S,28.11,25387
kommun,1487,2018,KF,MP,3.82,25387
kommun,1487,2018,KF,C,8.45,25387
kommun,1487,2018,KF,L,5.09,25387
kommun,1487,2018,KF,KD,6.01,25387
kommun,1487,2018,KF,M,18.43,25387
kommun,1487,2018,KF,SD,17.36,25387
kommun,1487,2018,RD,V,6.86,25261
kommun,1487,2018,RD,S,31.65,25261
kommun,1487,2018,RD,MP,3.56,25261
kommun,1487,2018,RD,C,7.34,25261
kommun,1487,2018,RD,L,4.47,25261
kommun,1487,2018,RD,KD,6.72,25261
kommun,1487,2018,RD,M,15.99,25261
kommun,1487,2018,RD,SD,22.08,25261
kommun,1487,2018,RF,V,8.36,25100
kommun,1487,2018,RF,S,31.44,25100
kommun,1487,2018,RF,MP,3.77,25100
kommun,1487,2018,RF,C,7.49,25100
kommun,1487,2018,RF,L,4.97,25100
kommun,1487,2018,RF,KD,8.21,25100
kommun,1487,2018,RF,M,16.39,25100
kommun,1487,2018,RF,SD,17.28,25100
kommun,1487,2022,KF,V,8.59,25260
kommun,1487,2022,KF,S,29.33,25260
kommun,1487,2022,KF,MP,2.57,25260
kommun,1487,2022,KF,C,7.32,25260
kommun,1487,2022,KF,L,3.74,25260
kommun,1487,2022,KF,KD,5.72,25260
kommun,1487,2022,KF,M,17.25,25260
kommun,1487,2022,KF,SD,20.0,25260
kommun,1487,2022,RD,V,5.64,25419
kommun,1487,2022,RD,S,32.77,25419
kommun,1487,2022,RD,MP,3.4,25419
kommun,1487,2022,RD,C,5.63,25419
kommun,1487,2022,RD,L,3.71,25419
kommun,1487,2022,RD,KD,5.81,25419
kommun,1487,2022,RD,M,15.94,25419
kommun,1487,2022,RD,SD,25.87,25419
kommun,1487,2022,RF,V,7.52,24984
kommun,1487,2022,RF,S,32.93,24984
kommun,1487,2022,RF,MP,2.41,24984
kommun,1487,2022,RF,C,5.87,24984
kommun,1487,2022,RF,L,3.81,24984
kommun,1487,2022,RF,KD,8.84,24984
kommun,1487,2022,RF,M,15.77,24984
kommun,1487,2022,RF,SD,20.31,24984
kommun,1488,2014,KF,V,6.45,35983
kommun,1488,2014,KF,S,43.34,35983
kommun,1488,2014,KF,MP,6.14,35983
kommun,1488,2014,KF,C,5.39,35983
kommun,1488,2014,KF,L,6.88,35983
kommun,1488,2014,KF,KD,3.19,35983
kommun,1488,2014,KF,M,17.91,35983
kommun,1488,2014,KF,SD,10.08,35983
kommun,1488,2014,RD,V,5.78,35703
kommun,1488,2014,RD,S,40.56,35703
kommun,1488,2014,RD,MP,6.13,35703
kommun,1488,2014,RD,C,4.13,35703
kommun,1488,2014,RD,L,5.25,35703
kommun,1488,2014,RD,KD,3.66,35703
kommun,1488,2014,RD,M,17.88,35703
kommun,1488,2014,RD,SD,13.48,35703
kommun,1488,2014,RF,V,6.59,35627
kommun,1488,2014,RF,S,44.91,35627
kommun,1488,2014,RF,MP,6.42,35627
kommun,1488,2014,RF,C,4.25,35627
kommun,1488,2014,RF,L,5.85,35627
kommun,1488,2014,RF,KD,4.64,35627
kommun,1488,2014,RF,M,16.36,35627
kommun,1488,2014,RF,SD,9.3,35627
kommun,1488,2018,KF,V,6.83,37266
kommun,1488,2018,KF,S,37.91,37266
kommun,1488,2018,KF,MP,3.93,37266
kommun,1488,2018,KF,C,5.92,37266
kommun,1488,2018,KF,L,5.1,37266
kommun,1488,2018,KF,KD,3.39,37266
kommun,1488,2018,KF,M,20.58,37266
kommun,1488,2018,KF,SD,13.11,37266
kommun,1488,2018,RD,V,6.93,36609
kommun,1488,2018,RD,S,36.21,36609
kommun,1488,2018,RD,MP,4.35,36609
kommun,1488,2018,RD,C,6.11,36609
kommun,1488,2018,RD,L,4.98,36609
kommun,1488,2018,RD,KD,5.07,36609
kommun,1488,2018,RD,M,17.74,36609
kommun,1488,2018,RD,SD,17.38,36609
kommun,1488,2018,RF,V,7.62,36933
kommun,1488,2018,RF,S,37.74,36933
kommun,1488,2018,RF,MP,4.35,36933
kommun,1488,2018,RF,C,5.57,36933
kommun,1488,2018,RF,L,5.27,36933
kommun,1488,2018,RF,KD,5.92,36933
kommun,1488,2018,RF,M,18.06,36933
kommun,1488,2018,RF,SD,12.8,36933
kommun,1488,2022,KF,V,7.06,36313
kommun,1488,2022,KF,S,34.77,36313
kommun,1488,2022,KF,MP,2.63,36313
kommun,1488,2022,KF,C,5.61,36313
kommun,1488,2022,KF,L,2.51,36313
kommun,1488,2022,KF,KD,3.87,36313
kommun,1488,2022,KF,M,27.38,36313
kommun,1488,2022,KF,SD,15.39,36313
kommun,1488,2022,RD,V,6.13,36047
kommun,1488,2022,RD,S,35.71,36047
kommun,1488,2022,RD,MP,3.5,36047
kommun,1488,2022,RD,C,5.36,36047
kommun,1488,2022,RD,L,3.36,36047
kommun,1488,2022,RD,KD,4.77,36047
kommun,1488,2022,RD,M,19.01,36047
kommun,1488,2022,RD,SD,20.82,36047
kommun,1488,2022,RF,V,7.5,36012
kommun,1488,2022,RF,S,36.78,36012
kommun,1488,2022,RF,MP,2.34,36012
kommun,1488,2022,RF,C,5.23,36012
kommun,1488,2022,RF,L,3.02,36012
kommun,1488,2022,RF,KD,6.95,36012
kommun,1488,2022,RF,M,20.67,36012
kommun,1488,2022,RF,SD,15.36,36012
kommun,1489,2014,KF,V,6.85,26043
kommun,1489,2014,KF,S,29.19,26043
kommun,1489,2014,KF,MP,10.81,26043
kommun,1489,2014,KF,C,6.17,26043
kommun,1489,2014,KF,L,10.3,26043
kommun,1489,2014,KF,KD,6.44,26043
kommun,1489,2014,KF,M,21.58,26043
kommun,1489,2014,KF,SD,7.48,26043
kommun,1489,2014,RD,V,5.99,26316
kommun,1489,2014,RD,S,27.5,26316
kommun,1489,2014,RD,MP,8.88,26316
kommun,1489,2014,RD,C,6.69,26316
kommun,1489,2014,RD,L,6.88,26316
kommun,1489,2014,RD,KD,6.86,26316
kommun,1489,2014,RD,M,22.63,26316
kommun,1489,2014,RD,SD,10.81,26316
kommun,1489,2014,RF,V,7.45,25727
kommun,1489,2014,RF,S,29.77,25727
kommun,1489,2014,RF,MP,9.99,25727
kommun,1489,2014,RF,C,6.56,25727
kommun,1489,2014,RF,L,9.18,25727
kommun,1489,2014,RF,KD,8.03,25727
kommun,1489,2014,RF,M,20.25,25727
kommun,1489,2014,RF,SD,7.36,25727
kommun,1489,2018,KF,V,6.99,27413
kommun,1489,2018,KF,S,26.95,27413
kommun,1489,2018,KF,MP,6.1,27413
kommun,1489,2018,KF,C,12.55,27413
kommun,1489,2018,KF,L,11.08,27413
kommun,1489,2018,KF,KD,6.84,27413
kommun,1489,2018,KF,M,15.8,27413
kommun,1489,2018,KF,SD,12.4,27413
kommun,1489,2018,RD,V,7.79,27571
kommun,1489,2018,RD,S,26.36,27571
kommun,1489,2018,RD,MP,5.77,27571
kommun,1489,2018,RD,C,9.78,27571
kommun,1489,2018,RD,L,6.74,27571
kommun,1489,2018,RD,KD,8.59,27571
kommun,1489,2018,RD,M,18.31,27571
kommun,1489,2018,RD,SD,15.31,27571
kommun,1489,2018,RF,V,8.31,26992
kommun,1489,2018,RF,S,27.56,26992
kommun,1489,2018,RF,MP,5.55,26992
kommun,1489,2018,RF,C,9.18,26992
kommun,1489,2018,RF,L,9.53,26992
kommun,1489,2018,RF,KD,9.69,26992
kommun,1489,2018,RF,M,16.16,26992
kommun,1489,2018,RF,SD,12.1,26992
kommun,1489,2022,KF,V,9.81,27365
kommun,1489,2022,KF,S,27.05,27365
kommun,1489,2022,KF,MP,4.88,27365
kommun,1489,2022,KF,C,8.97,27365
kommun,1489,2022,KF,L,7.42,27365
kommun,1489,2022,KF,KD,7.74,27365
kommun,1489,2022,KF,M,18.76,27365
kommun,1489,2022,KF,SD,14.3,27365
kommun,1489,2022,RD,V,6.53,27734
kommun,1489,2022,RD,S,29.77,27734
kommun,1489,2022,RD,MP,5.79,27734
kommun,1489,2022,RD,C,6.96,27734
kommun,1489,2022,RD,L,5.11,27734
kommun,1489,2022,RD,KD,7.29,27734
kommun,1489,2022,RD,M,17.95,27734
kommun,1489,2022,RD,SD,19.09,27734
kommun,1489,2022,RF,V,9.35,27095
kommun,1489,2022,RF,S,29.45,27095
kommun,1489,2022,RF,MP,4.08,27095
kommun,1489,2022,RF,C,6.61,27095
kommun,1489,2022,RF,L,6.03,27095
kommun,1489,2022,RF,KD,9.93,27095
kommun,1489,2022,RF,M,16.99,27095
kommun,1489,2022,RF,SD,14.35,27095
kommun,1490,2014,KF,V,7.42,67519
kommun,1490,2014,KF,S,33.3,67519
kommun,1490,2014,KF,MP,7.0,67519
kommun,1490,2014,KF,C,5.63,67519
kommun,1490,2014,KF,L,6.32,67519
kommun,1490,2014,KF,KD,4.77,67519
kommun,1490,2014,KF,M,21.81,67519
kommun,1490,2014,KF,SD,11.33,67519
kommun,1490,2014,RD,V,5.76,67295
kommun,1490,2014,RD,S,31.4,67295
kommun,1490,2014,RD,MP,6.79,67295
kommun,1490,2014,RD,C,4.92,67295
kommun,1490,2014,RD,L,5.22,67295
kommun,1490,2014,RD,KD,5.15,67295
kommun,1490,2014,RD,M,23.3,67295
kommun,1490,2014,RD,SD,14.44,67295
kommun,1490,2014,RF,V,6.99,67146
kommun,1490,2014,RF,S,34.45,67146
kommun,1490,2014,RF,MP,7.17,67146
kommun,1490,2014,RF,C,5.29,67146
kommun,1490,2014,RF,L,6.26,67146
kommun,1490,2014,RF,KD,5.69,67146
kommun,1490,2014,RF,M,21.86,67146
kommun,1490,2014,RF,SD,10.89,67146
kommun,1490,2018,KF,V,7.9,70747
kommun,1490,2018,KF,S,30.86,70747
kommun,1490,2018,KF,MP,3.62,70747
kommun,1490,2018,KF,C,6.7,70747
kommun,1490,2018,KF,L,7.44,70747
kommun,1490,2018,KF,KD,6.62,70747
kommun,1490,2018,KF,M,20.67,70747
kommun,1490,2018,KF,SD,15.45,70747
kommun,1490,2018,RD,V,7.02,69904
kommun,1490,2018,RD,S,29.53,69904
kommun,1490,2018,RD,MP,3.66,69904
kommun,1490,2018,RD,C,7.26,69904
kommun,1490,2018,RD,L,5.7,69904
kommun,1490,2018,RD,KD,6.62,69904
kommun,1490,2018,RD,M,20.53,69904
kommun,1490,2018,RD,SD,18.37,69904
kommun,1490,2018,RF,V,7.88,70125
kommun,1490,2018,RF,S,31.58,70125
kommun,1490,2018,RF,MP,3.44,70125
kommun,1490,2018,RF,C,6.96,70125
kommun,1490,2018,RF,L,6.58,70125
kommun,1490,2018,RF,KD,7.68,70125
kommun,1490,2018,RF,M,20.64,70125
kommun,1490,2018,RF,SD,14.0,70125
kommun,1490,2022,KF,V,8.09,68595
kommun,1490,2022,KF,S,29.12,68595
kommun,1490,2022,KF,MP,3.15,68595
kommun,1490,2022,KF,C,5.95,68595
kommun,1490,2022,KF,L,5.29,68595
kommun,1490,2022,KF,KD,8.96,68595
kommun,1490,2022,KF,M,19.51,68595
kommun,1490,2022,KF,SD,18.57,68595
kommun,1490,2022,RD,V,6.15,68283
kommun,1490,2022,RD,S,30.35,68283
kommun,1490,2022,RD,MP,3.75,68283
kommun,1490,2022,RD,C,5.92,68283
kommun,1490,2022,RD,L,4.23,68283
kommun,1490,2022,RD,KD,6.3,68283
kommun,1490,2022,RD,M,20.14,68283
kommun,1490,2022,RD,SD,21.46,68283
kommun,1490,2022,RF,V,7.76,68430
kommun,1490,2022,RF,S,30.82,68430
kommun,1490,2022,RF,MP,2.77,68430
kommun,1490,2022,RF,C,5.77,68430
kommun,1490,2022,RF,L,4.41,68430
kommun,1490,2022,RF,KD,8.73,68430
kommun,1490,2022,RF,M,19.36,68430
kommun,1490,2022,RF,SD,17.62,68430
kommun,1491,2014,KF,V,4.99,15299
kommun,1491,2014,KF,S,26.01,15299
kommun,1491,2014,KF,MP,5.55,15299
kommun,1491,2014,KF,C,20.16,15299
kommun,1491,2014,KF,L,4.58,15299
kommun,1491,2014,KF,KD,3.91,15299
kommun,1491,2014,KF,M,19.59,15299
kommun,1491,2014,KF,SD,8.6,15299
kommun,1491,2014,RD,V,4.48,15461
kommun,1491,2014,RD,S,27.33,15461
kommun,1491,2014,RD,MP,5.75,15461
kommun,1491,2014,RD,C,12.49,15461
kommun,1491,2014,RD,L,4.44,15461
kommun,1491,2014,RD,KD,5.65,15461
kommun,1491,2014,RD,M,22.94,15461
kommun,1491,2014,RD,SD,14.8,15461
kommun,1491,2014,RF,V,5.51,15071
kommun,1491,2014,RF,S,28.82,15071
kommun,1491,2014,RF,MP,6.24,15071
kommun,1491,2014,RF,C,15.73,15071
kommun,1491,2014,RF,L,5.47,15071
kommun,1491,2014,RF,KD,6.62,15071
kommun,1491,2014,RF,M,21.07,15071
kommun,1491,2014,RF,SD,9.55,15071
kommun,1491,2018,KF,V,4.93,16051
kommun,1491,2018,KF,S,20.65,16051
kommun,1491,2018,KF,MP,3.03,16051
kommun,1491,2018,KF,C,16.1,16051
kommun,1491,2018,KF,L,4.57,16051
kommun,1491,2018,KF,KD,4.56,16051
kommun,1491,2018,KF,M,15.71,16051
kommun,1491,2018,KF,SD,12.63,16051
kommun,1491,2018,RD,V,5.54,16096
kommun,1491,2018,RD,S,24.74,16096
kommun,1491,2018,RD,MP,3.23,16096
kommun,1491,2018,RD,C,12.93,16096
kommun,1491,2018,RD,L,5.1,16096
kommun,1491,2018,RD,KD,7.94,16096
kommun,1491,2018,RD,M,19.68,16096
kommun,1491,2018,RD,SD,19.59,16096
kommun,1491,2018,RF,V,6.3,15609
kommun,1491,2018,RF,S,25.64,15609
kommun,1491,2018,RF,MP,3.15,15609
kommun,1491,2018,RF,C,15.13,15609
kommun,1491,2018,RF,L,5.81,15609
kommun,1491,2018,RF,KD,9.42,15609
kommun,1491,2018,RF,M,20.83,15609
kommun,1491,2018,RF,SD,12.93,15609
kommun,1491,2022,KF,V,5.07,16106
kommun,1491,2022,KF,S,18.21,16106
kommun,1491,2022,KF,MP,2.83,16106
kommun,1491,2022,KF,C,14.93,16106
kommun,1491,2022,KF,L,3.91,16106
kommun,1491,2022,KF,KD,5.64,16106
kommun,1491,2022,KF,M,17.88,16106
kommun,1491,2022,KF,SD,15.45,16106
kommun,1491,2022,RD,V,4.42,16163
kommun,1491,2022,RD,S,27.01,16163
kommun,1491,2022,RD,MP,3.49,16163
kommun,1491,2022,RD,C,9.0,16163
kommun,1491,2022,RD,L,4.01,16163
kommun,1491,2022,RD,KD,7.15,16163
kommun,1491,2022,RD,M,19.81,16163
kommun,1491,2022,RD,SD,23.88,16163
kommun,1491,2022,RF,V,5.57,15826
kommun,1491,2022,RF,S,26.12,15826
kommun,1491,2022,RF,MP,2.43,15826
kommun,1491,2022,RF,C,11.59,15826
kommun,1491,2022,RF,L,4.05,15826
kommun,1491,2022,RF,KD,9.42,15826
kommun,1491,2022,RF,M,21.36,15826
kommun,1491,2022,RF,SD,16.98,15826
kommun,1492,2014,KF,V,4.34,7783
kommun,1492,2014,KF,S,44.25,7783
kommun,1492,2014,KF,MP,5.42,7783
kommun,1492,2014,KF,C,17.51,7783
kommun,1492,2014,KF,L,7.8,7783
kommun,1492,2014,KF,KD,4.24,7783
kommun,1492,2014,KF,M,10.91,7783
kommun,1492,2014,KF,SD,4.33,7783
kommun,1492,2014,RD,V,5.12,7895
kommun,1492,2014,RD,S,39.08,7895
kommun,1492,2014,RD,MP,4.97,7895
kommun,1492,2014,RD,C,7.19,7895
kommun,1492,2014,RD,L,3.89,7895
kommun,1492,2014,RD,KD,3.56,7895
kommun,1492,2014,RD,M,16.64,7895
kommun,1492,2014,RD,SD,16.99,7895
kommun,1492,2014,RF,V,5.2,7545
kommun,1492,2014,RF,S,41.8,7545
kommun,1492,2014,RF,MP,5.22,7545
kommun,1492,2014,RF,C,10.44,7545
kommun,1492,2014,RF,L,5.47,7545
kommun,1492,2014,RF,KD,5.26,7545
kommun,1492,2014,RF,M,13.17,7545
kommun,1492,2014,RF,SD,10.26,7545
kommun,1492,2018,KF,V,4.67,8071
kommun,1492,2018,KF,S,44.12,8071
kommun,1492,2018,KF,MP,3.54,8071
kommun,1492,2018,KF,C,10.49,8071
kommun,1492,2018,KF,L,3.57,8071
kommun,1492,2018,KF,KD,5.04,8071
kommun,1492,2018,KF,M,10.77,8071
kommun,1492,2018,KF,SD,14.6,8071
kommun,1492,2018,RD,V,6.74,7909
kommun,1492,2018,RD,S,34.92,7909
kommun,1492,2018,RD,MP,3.06,7909
kommun,1492,2018,RD,C,7.54,7909
kommun,1492,2018,RD,L,3.4,7909
kommun,1492,2018,RD,KD,5.89,7909
kommun,1492,2018,RD,M,13.79,7909
kommun,1492,2018,RD,SD,23.2,7909
kommun,1492,2018,RF,V,7.02,7808
kommun,1492,2018,RF,S,39.97,7808
kommun,1492,2018,RF,MP,2.63,7808
kommun,1492,2018,RF,C,9.09,7808
kommun,1492,2018,RF,L,4.09,7808
kommun,1492,2018,RF,KD,8.07,7808
kommun,1492,2018,RF,M,11.48,7808
kommun,1492,2018,RF,SD,16.07,7808
kommun,1492,2022,KF,V,5.21,7893
kommun,1492,2022,KF,S,24.24,7893
kommun,1492,2022,KF,MP,4.64,7893
kommun,1492,2022,KF,C,10.77,7893
kommun,1492,2022,KF,L,3.67,7893
kommun,1492,2022,KF,KD,6.54,7893
kommun,1492,2022,KF,M,23.07,7893
kommun,1492,2022,KF,SD,21.16,7893
kommun,1492,2022,RD,V,5.23,7895
kommun,1492,2022,RD,S,33.01,7895
kommun,1492,2022,RD,MP,3.12,7895
kommun,1492,2022,RD,C,4.97,7895
kommun,1492,2022,RD,L,2.91,7895
kommun,1492,2022,RD,KD,5.73,7895
kommun,1492,2022,RD,M,15.66,7895
kommun,1492,2022,RD,SD,28.22,7895
kommun,1492,2022,RF,V,6.58,7731
kommun,1492,2022,RF,S,33.14,7731
kommun,1492,2022,RF,MP,2.54,7731
kommun,1492,2022,RF,C,6.86,7731
kommun,1492,2022,RF,L,2.98,7731
kommun,1492,2022,RF,KD,8.73,7731
kommun,1492,2022,RF,M,15.29,7731
kommun,1492,2022,RF,SD,21.11,7731
kommun,1493,2014,KF,V,7.42,15885
kommun,1493,2014,KF,S,31.76,15885
kommun,1493,2014,KF,MP,5.07,15885
kommun,1493,2014,KF,C,8.27,15885
kommun,1493,2014,KF,L,4.35,15885
kommun,1493,2014,KF,KD,3.9,15885
kommun,1493,2014,KF,M,28.67,15885
kommun,1493,2014,KF,SD,5.97,15885
kommun,1493,2014,RD,V,5.25,16065
kommun,1493,2014,RD,S,37.15,16065
kommun,1493,2014,RD,MP,5.1,16065
kommun,1493,2014,RD,C,6.42,16065
kommun,1493,2014,RD,L,3.62,16065
kommun,1493,2014,RD,KD,4.64,16065
kommun,1493,2014,RD,M,21.94,16065
kommun,1493,2014,RD,SD,13.56,16065
kommun,1493,2014,RF,V,6.34,15505
kommun,1493,2014,RF,S,38.94,15505
kommun,1493,2014,RF,MP,5.57,15505
kommun,1493,2014,RF,C,7.15,15505
kommun,1493,2014,RF,L,4.61,15505
kommun,1493,2014,RF,KD,5.51,15505
kommun,1493,2014,RF,M,22.33,15505
kommun,1493,2014,RF,SD,8.45,15505
kommun,1493,2018,KF,V,5.56,16354
kommun,1493,2018,KF,S,27.31,16354
kommun,1493,2018,KF,MP,2.28,16354
kommun,1493,2018,KF,C,7.55,16354
kommun,1493,2018,KF,L,3.31,16354
kommun,1493,2018,KF,KD,3.91,16354
kommun,1493,2018,KF,M,37.42,16354
kommun,1493,2018,KF,SD,7.76,16354
kommun,1493,2018,RD,V,5.95,16409
kommun,1493,2018,RD,S,33.0,16409
kommun,1493,2018,RD,MP,3.1,16409
kommun,1493,2018,RD,C,8.26,16409
kommun,1493,2018,RD,L,3.69,16409
kommun,1493,2018,RD,KD,7.31,16409
kommun,1493,2018,RD,M,19.9,16409
kommun,1493,2018,RD,SD,17.59,16409
kommun,1493,2018,RF,V,6.18,15915
kommun,1493,2018,RF,S,34.41,15915
kommun,1493,2018,RF,MP,2.85,15915
kommun,1493,2018,RF,C,7.91,15915
kommun,1493,2018,RF,L,4.4,15915
kommun,1493,2018,RF,KD,8.51,15915
kommun,1493,2018,RF,M,23.7,15915
kommun,1493,2018,RF,SD,10.72,15915
kommun,1493,2022,KF,V,6.84,16277
kommun,1493,2022,KF,S,28.45,16277
kommun,1493,2022,KF,MP,1.66,16277
kommun,1493,2022,KF,C,4.9,16277
kommun,1493,2022,KF,L,1.59,16277
kommun,1493,2022,KF,KD,2.92,16277
kommun,1493,2022,KF,M,43.43,16277
kommun,1493,2022,KF,SD,9.96,16277
kommun,1493,2022,RD,V,4.56,16463
kommun,1493,2022,RD,S,34.17,16463
kommun,1493,2022,RD,MP,3.16,16463
kommun,1493,2022,RD,C,5.53,16463
kommun,1493,2022,RD,L,2.42,16463
kommun,1493,2022,RD,KD,5.78,16463
kommun,1493,2022,RD,M,20.35,16463
kommun,1493,2022,RD,SD,22.91,16463
kommun,1493,2022,RF,V,6.31,15510
kommun,1493,2022,RF,S,34.47,15510
kommun,1493,2022,RF,MP,2.08,15510
kommun,1493,2022,RF,C,5.26,15510
kommun,1493,2022,RF,L,2.49,15510
kommun,1493,2022,RF,KD,10.15,15510
kommun,1493,2022,RF,M,24.2,15510
kommun,1493,2022,RF,SD,13.42,15510
kommun,1494,2014,KF,V,6.43,26408
kommun,1494,2014,KF,S,40.36,26408
kommun,1494,2014,KF,MP,5.12,26408
kommun,1494,2014,KF,C,8.53,26408
kommun,1494,2014,KF,L,6.76,26408
kommun,1494,2014,KF,KD,6.24,26408
kommun,1494,2014,KF,M,17.46,26408
kommun,1494,2014,KF,SD,6.7,26408
kommun,1494,2014,RD,V,5.64,26698
kommun,1494,2014,RD,S,36.11,26698
kommun,1494,2014,RD,MP,5.84,26698
kommun,1494,2014,RD,C,7.0,26698
kommun,1494,2014,RD,L,5.11,26698
kommun,1494,2014,RD,KD,5.37,26698
kommun,1494,2014,RD,M,19.78,26698
kommun,1494,2014,RD,SD,12.47,26698
kommun,1494,2014,RF,V,7.48,25994
kommun,1494,2014,RF,S,38.5,25994
kommun,1494,2014,RF,MP,5.97,25994
kommun,1494,2014,RF,C,7.44,25994
kommun,1494,2014,RF,L,6.21,25994
kommun,1494,2014,RF,KD,6.88,25994
kommun,1494,2014,RF,M,18.13,25994
kommun,1494,2014,RF,SD,8.05,25994
kommun,1494,2018,KF,V,6.22,27161
kommun,1494,2018,KF,S,36.42,27161
kommun,1494,2018,KF,MP,3.09,27161
kommun,1494,2018,KF,C,9.45,27161
kommun,1494,2018,KF,L,9.15,27161
kommun,1494,2018,KF,KD,5.29,27161
kommun,1494,2018,KF,M,18.63,27161
kommun,1494,2018,KF,SD,11.2,27161
kommun,1494,2018,RD,V,6.38,27303
kommun,1494,2018,RD,S,33.21,27303
kommun,1494,2018,RD,MP,3.59,27303
kommun,1494,2018,RD,C,8.9,27303
kommun,1494,2018,RD,L,4.91,27303
kommun,1494,2018,RD,KD,7.24,27303
kommun,1494,2018,RD,M,17.31,27303
kommun,1494,2018,RD,SD,17.3,27303
kommun,1494,2018,RF,V,7.18,26748
kommun,1494,2018,RF,S,34.88,26748
kommun,1494,2018,RF,MP,3.19,26748
kommun,1494,2018,RF,C,8.83,26748
kommun,1494,2018,RF,L,6.83,26748
kommun,1494,2018,RF,KD,8.27,26748
kommun,1494,2018,RF,M,17.49,26748
kommun,1494,2018,RF,SD,11.96,26748
kommun,1494,2022,KF,V,7.5,27135
kommun,1494,2022,KF,S,31.77,27135
kommun,1494,2022,KF,MP,3.15,27135
kommun,1494,2022,KF,C,8.21,27135
kommun,1494,2022,KF,L,6.78,27135
kommun,1494,2022,KF,KD,7.89,27135
kommun,1494,2022,KF,M,20.13,27135
kommun,1494,2022,KF,SD,14.35,27135
kommun,1494,2022,RD,V,4.96,27366
kommun,1494,2022,RD,S,34.08,27366
kommun,1494,2022,RD,MP,3.85,27366
kommun,1494,2022,RD,C,6.42,27366
kommun,1494,2022,RD,L,3.91,27366
kommun,1494,2022,RD,KD,6.57,27366
kommun,1494,2022,RD,M,17.61,27366
kommun,1494,2022,RD,SD,21.44,27366
kommun,1494,2022,RF,V,7.18,26823
kommun,1494,2022,RF,S,33.52,26823
kommun,1494,2022,RF,MP,2.47,26823
kommun,1494,2022,RF,C,6.65,26823
kommun,1494,2022,RF,L,6.85,26823
kommun,1494,2022,RF,KD,9.19,26823
kommun,1494,2022,RF,M,17.04,26823
kommun,1494,2022,RF,SD,15.04,26823
kommun,1495,2014,KF,V,4.88,12206
kommun,1495,2014,KF,S,35.51,12206
kommun,1495,2014,KF,MP,5.12,12206
kommun,1495,2014,KF,C,10.9,12206
kommun,1495,2014,KF,L,3.24,12206
kommun,1495,2014,KF,KD,3.29,12206
kommun,1495,2014,KF,M,24.75,12206
kommun,1495,2014,KF,SD,11.72,12206
kommun,1495,2014,RD,V,4.38,12332
kommun,1495,2014,RD,S,34.46,12332
kommun,1495,2014,RD,MP,5.35,12332
kommun,1495,2014,RD,C,7.74,12332
kommun,1495,2014,RD,L,3.56,12332
kommun,1495,2014,RD,KD,4.22,12332
kommun,1495,2014,RD,M,21.43,12332
kommun,1495,2014,RD,SD,16.02,12332
kommun,1495,2014,RF,V,5.58,12081
kommun,1495,2014,RF,S,36.3,12081
kommun,1495,2014,RF,MP,5.76,12081
kommun,1495,2014,RF,C,9.59,12081
kommun,1495,2014,RF,L,3.58,12081
kommun,1495,2014,RF,KD,4.44,12081
kommun,1495,2014,RF,M,21.74,12081
kommun,1495,2014,RF,SD,11.83,12081
kommun,1495,2018,KF,V,5.93,12285
kommun,1495,2018,KF,S,29.82,12285
kommun,1495,2018,KF,MP,3.45,12285
kommun,1495,2018,KF,C,8.83,12285
kommun,1495,2018,KF,L,2.96,12285
kommun,1495,2018,KF,KD,5.25,12285
kommun,1495,2018,KF,M,28.09,12285
kommun,1495,2018,KF,SD,15.12,12285
kommun,1495,2018,RD,V,5.97,12250
kommun,1495,2018,RD,S,30.42,12250
kommun,1495,2018,RD,MP,3.62,12250
kommun,1495,2018,RD,C,8.42,12250
kommun,1495,2018,RD,L,3.64,12250
kommun,1495,2018,RD,KD,6.88,12250
kommun,1495,2018,RD,M,19.35,12250
kommun,1495,2018,RD,SD,20.22,12250
kommun,1495,2018,RF,V,6.55,12174
kommun,1495,2018,RF,S,30.98,12174
kommun,1495,2018,RF,MP,3.34,12174
kommun,1495,2018,RF,C,8.53,12174
kommun,1495,2018,RF,L,3.86,12174
kommun,1495,2018,RF,KD,7.48,12174
kommun,1495,2018,RF,M,21.94,12174
kommun,1495,2018,RF,SD,15.7,12174
kommun,1495,2022,KF,V,6.07,11831
kommun,1495,2022,KF,S,30.01,11831
kommun,1495,2022,KF,MP,2.54,11831
kommun,1495,2022,KF,C,7.94,11831
kommun,1495,2022,KF,L,2.42,11831
kommun,1495,2022,KF,KD,6.63,11831
kommun,1495,2022,KF,M,24.5,11831
kommun,1495,2022,KF,SD,19.63,11831
kommun,1495,2022,RD,V,4.65,11904
kommun,1495,2022,RD,S,31.7,11904
kommun,1495,2022,RD,MP,3.49,11904
kommun,1495,2022,RD,C,6.54,11904
kommun,1495,2022,RD,L,3.15,11904
kommun,1495,2022,RD,KD,5.98,11904
kommun,1495,2022,RD,M,18.78,11904
kommun,1495,2022,RD,SD,24.5,11904
kommun,1495,2022,RF,V,6.27,11728
kommun,1495,2022,RF,S,31.5,11728
kommun,1495,2022,RF,MP,2.52,11728
kommun,1495,2022,RF,C,7.45,11728
kommun,1495,2022,RF,L,3.13,11728
kommun,1495,2022,RF,KD,8.52,11728
kommun,1495,2022,RF,M,19.29,11728
kommun,1495,2022,RF,SD,19.29,11728
kommun,1496,2014,KF,V,4.17,34924
kommun,1496,2014,KF,S,32.91,34924
kommun,1496,2014,KF,MP,6.75,34924
kommun,1496,2014,KF,C,10.39,34924
kommun,1496,2014,KF,L,6.95,34924
kommun,1496,2014,KF,KD,4.57,34924
kommun,1496,2014,KF,M,24.71,34924
kommun,1496,2014,KF,SD,8.99,34924
kommun,1496,2014,RD,V,3.97,35405
kommun,1496,2014,RD,S,32.81,35405
kommun,1496,2014,RD,MP,5.73,35405
kommun,1496,2014,RD,C,7.36,35405
kommun,1496,2014,RD,L,5.54,35405
kommun,1496,2014,RD,KD,4.95,35405
kommun,1496,2014,RD,M,23.72,35405
kommun,1496,2014,RD,SD,12.73,35405
kommun,1496,2014,RF,V,5.06,34579
kommun,1496,2014,RF,S,34.58,34579
kommun,1496,2014,RF,MP,6.17,34579
kommun,1496,2014,RF,C,7.77,34579
kommun,1496,2014,RF,L,6.45,34579
kommun,1496,2014,RF,KD,6.23,34579
kommun,1496,2014,RF,M,23.07,34579
kommun,1496,2014,RF,SD,8.97,34579
kommun,1496,2018,KF,V,5.12,36476
kommun,1496,2018,KF,S,29.73,36476
kommun,1496,2018,KF,MP,3.79,36476
kommun,1496,2018,KF,C,9.4,36476
kommun,1496,2018,KF,L,6.76,36476
kommun,1496,2018,KF,KD,6.77,36476
kommun,1496,2018,KF,M,24.6,36476
kommun,1496,2018,KF,SD,12.38,36476
kommun,1496,2018,RD,V,5.63,36654
kommun,1496,2018,RD,S,28.81,36654
kommun,1496,2018,RD,MP,3.4,36654
kommun,1496,2018,RD,C,8.8,36654
kommun,1496,2018,RD,L,5.64,36654
kommun,1496,2018,RD,KD,8.04,36654
kommun,1496,2018,RD,M,20.9,36654
kommun,1496,2018,RD,SD,16.94,36654
kommun,1496,2018,RF,V,6.2,36012
kommun,1496,2018,RF,S,30.47,36012
kommun,1496,2018,RF,MP,3.27,36012
kommun,1496,2018,RF,C,8.31,36012
kommun,1496,2018,RF,L,6.69,36012
kommun,1496,2018,RF,KD,9.71,36012
kommun,1496,2018,RF,M,20.69,36012
kommun,1496,2018,RF,SD,12.37,36012
kommun,1496,2022,KF,V,5.49,36469
kommun,1496,2022,KF,S,26.28,36469
kommun,1496,2022,KF,MP,2.65,36469
kommun,1496,2022,KF,C,6.53,36469
kommun,1496,2022,KF,L,3.61,36469
kommun,1496,2022,KF,KD,5.33,36469
kommun,1496,2022,KF,M,20.79,36469
kommun,1496,2022,KF,SD,14.49,36469
kommun,1496,2022,RD,V,4.73,36748
kommun,1496,2022,RD,S,31.24,36748
kommun,1496,2022,RD,MP,3.56,36748
kommun,1496,2022,RD,C,6.46,36748
kommun,1496,2022,RD,L,3.95,36748
kommun,1496,2022,RD,KD,7.04,36748
kommun,1496,2022,RD,M,20.85,36748
kommun,1496,2022,RD,SD,20.76,36748
kommun,1496,2022,RF,V,6.3,36059
kommun,1496,2022,RF,S,31.73,36059
kommun,1496,2022,RF,MP,2.4,36059
kommun,1496,2022,RF,C,6.58,36059
kommun,1496,2022,RF,L,4.26,36059
kommun,1496,2022,RF,KD,9.84,36059
kommun,1496,2022,RF,M,20.37,36059
kommun,1496,2022,RF,SD,15.91,36059
kommun,1497,2014,KF,V,6.2,6047
kommun,1497,2014,KF,S,27.55,6047
kommun,1497,2014,KF,MP,6.27,6047
kommun,1497,2014,KF,C,8.76,6047
kommun,1497,2014,KF,L,6.12,6047
kommun,1497,2014,KF,KD,5.19,6047
kommun,1497,2014,KF,M,29.88,6047
kommun,1497,2014,KF,SD,9.84,6047
kommun,1497,2014,RD,V,4.58,6093
kommun,1497,2014,RD,S,30.81,6093
kommun,1497,2014,RD,MP,5.5,6093
kommun,1497,2014,RD,C,7.76,6093
kommun,1497,2014,RD,L,5.1,6093
kommun,1497,2014,RD,KD,6.37,6093
kommun,1497,2014,RD,M,23.04,6093
kommun,1497,2014,RD,SD,14.49,6093
kommun,1497,2014,RF,V,5.66,5952
kommun,1497,2014,RF,S,31.97,5952
kommun,1497,2014,RF,MP,5.95,5952
kommun,1497,2014,RF,C,8.64,5952
kommun,1497,2014,RF,L,5.54,5952
kommun,1497,2014,RF,KD,7.63,5952
kommun,1497,2014,RF,M,22.88,5952
kommun,1497,2014,RF,SD,10.47,5952
kommun,1497,2018,KF,V,5.79,6221
kommun,1497,2018,KF,S,24.88,6221
kommun,1497,2018,KF,MP,1.03,6221
kommun,1497,2018,KF,C,10.06,6221
kommun,1497,2018,KF,L,4.66,6221
kommun,1497,2018,KF,KD,6.24,6221
kommun,1497,2018,KF,M,32.62,6221
kommun,1497,2018,KF,SD,14.43,6221
kommun,1497,2018,RD,V,6.21,6236
kommun,1497,2018,RD,S,27.41,6236
kommun,1497,2018,RD,MP,3.56,6236
kommun,1497,2018,RD,C,9.83,6236
kommun,1497,2018,RD,L,4.04,6236
kommun,1497,2018,RD,KD,9.62,6236
kommun,1497,2018,RD,M,18.63,6236
kommun,1497,2018,RD,SD,19.5,6236
kommun,1497,2018,RF,V,6.57,6085
kommun,1497,2018,RF,S,28.23,6085
kommun,1497,2018,RF,MP,3.32,6085
kommun,1497,2018,RF,C,9.37,6085
kommun,1497,2018,RF,L,4.68,6085
kommun,1497,2018,RF,KD,10.76,6085
kommun,1497,2018,RF,M,20.28,6085
kommun,1497,2018,RF,SD,15.41,6085
kommun,1497,2022,KF,V,4.75,6237
kommun,1497,2022,KF,S,24.53,6237
kommun,1497,2022,KF,MP,0.95,6237
kommun,1497,2022,KF,C,6.78,6237
kommun,1497,2022,KF,L,3.94,6237
kommun,1497,2022,KF,KD,6.49,6237
kommun,1497,2022,KF,M,36.91,6237
kommun,1497,2022,KF,SD,15.33,6237
kommun,1497,2022,RD,V,3.99,6262
kommun,1497,2022,RD,S,29.53,6262
kommun,1497,2022,RD,MP,4.44,6262
kommun,1497,2022,RD,C,6.63,6262
kommun,1497,2022,RD,L,3.47,6262
kommun,1497,2022,RD,KD,9.45,6262
kommun,1497,2022,RD,M,18.65,6262
kommun,1497,2022,RD,SD,22.6,6262
kommun,1497,2022,RF,V,5.35,6136
kommun,1497,2022,RF,S,28.98,6136
kommun,1497,2022,RF,MP,2.66,6136
kommun,1497,2022,RF,C,6.78,6136
kommun,1497,2022,RF,L,3.73,6136
kommun,1497,2022,RF,KD,11.91,6136
kommun,1497,2022,RF,M,21.59,6136
kommun,1497,2022,RF,SD,16.46,6136
kommun,1498,2014,KF,V,5.58,8458
kommun,1498,2014,KF,S,47.16,8458
kommun,1498,2014,KF,MP,5.47,8458
kommun,1498,2014,KF,C,6.8,8458
kommun,1498,2014,KF,L,6.23,8458
kommun,1498,2014,KF,KD,3.77,8458
kommun,1498,2014,KF,M,15.89,8458
kommun,1498,2014,KF,SD,8.61,8458
kommun,1498,2014,RD,V,4.6,8603
kommun,1498,2014,RD,S,43.75,8603
kommun,1498,2014,RD,MP,4.42,8603
kommun,1498,2014,RD,C,6.27,8603
kommun,1498,2014,RD,L,2.94,8603
kommun,1498,2014,RD,KD,4.18,8603
kommun,1498,2014,RD,M,15.19,8603
kommun,1498,2014,RD,SD,16.66,8603
kommun,1498,2014,RF,V,5.73,8325
kommun,1498,2014,RF,S,47.88,8325
kommun,1498,2014,RF,MP,5.06,8325
kommun,1498,2014,RF,C,6.74,8325
kommun,1498,2014,RF,L,3.93,8325
kommun,1498,2014,RF,KD,4.91,8325
kommun,1498,2014,RF,M,15.02,8325
kommun,1498,2014,RF,SD,9.86,8325
kommun,1498,2018,KF,V,5.11,8567
kommun,1498,2018,KF,S,43.35,8567
kommun,1498,2018,KF,MP,2.79,8567
kommun,1498,2018,KF,C,6.65,8567
kommun,1498,2018,KF,L,6.9,8567
kommun,1498,2018,KF,KD,4.77,8567
kommun,1498,2018,KF,M,18.02,8567
kommun,1498,2018,KF,SD,12.15,8567
kommun,1498,2018,RD,V,5.68,8589
kommun,1498,2018,RD,S,37.78,8589
kommun,1498,2018,RD,MP,2.58,8589
kommun,1498,2018,RD,C,7.38,8589
kommun,1498,2018,RD,L,3.43,8589
kommun,1498,2018,RD,KD,6.96,8589
kommun,1498,2018,RD,M,13.53,8589
kommun,1498,2018,RD,SD,21.52,8589
kommun,1498,2018,RF,V,5.77,8470
kommun,1498,2018,RF,S,41.53,8470
kommun,1498,2018,RF,MP,2.7,8470
kommun,1498,2018,RF,C,7.1,8470
kommun,1498,2018,RF,L,4.6,8470
kommun,1498,2018,RF,KD,7.83,8470
kommun,1498,2018,RF,M,15.03,8470
kommun,1498,2018,RF,SD,14.56,8470
kommun,1498,2022,KF,V,4.0,8368
kommun,1498,2022,KF,S,31.48,8368
kommun,1498,2022,KF,MP,2.17,8368
kommun,1498,2022,KF,C,4.21,8368
kommun,1498,2022,KF,L,9.32,8368
kommun,1498,2022,KF,KD,5.34,8368
kommun,1498,2022,KF,M,14.07,8368
kommun,1498,2022,KF,SD,13.66,8368
kommun,1498,2022,RD,V,4.01,8559
kommun,1498,2022,RD,S,35.09,8559
kommun,1498,2022,RD,MP,2.56,8559
kommun,1498,2022,RD,C,5.26,8559
kommun,1498,2022,RD,L,3.06,8559
kommun,1498,2022,RD,KD,7.59,8559
kommun,1498,2022,RD,M,13.7,8559
kommun,1498,2022,RD,SD,27.64,8559
kommun,1498,2022,RF,V,5.27,8220
kommun,1498,2022,RF,S,37.46,8220
kommun,1498,2022,RF,MP,1.98,8220
kommun,1498,2022,RF,C,5.46,8220
kommun,1498,2022,RF,L,4.59,8220
kommun,1498,2022,RF,KD,10.13,8220
kommun,1498,2022,RF,M,14.34,8220
kommun,1498,2022,RF,SD,19.12,8220
kommun,1499,2014,KF,V,4.21,21157
kommun,1499,2014,KF,S,31.86,21157
kommun,1499,2014,KF,MP,5.54,21157
kommun,1499,2014,KF,C,10.65,21157
kommun,1499,2014,KF,L,3.29,21157
kommun,1499,2014,KF,KD,6.66,21157
kommun,1499,2014,KF,M,16.34,21157
kommun,1499,2014,KF,SD,21.11,21157
kommun,1499,2014,RD,V,4.21,21103
kommun,1499,2014,RD,S,32.32,21103
kommun,1499,2014,RD,MP,4.93,21103
kommun,1499,2014,RD,C,9.19,21103
kommun,1499,2014,RD,L,3.35,21103
kommun,1499,2014,RD,KD,6.06,21103
kommun,1499,2014,RD,M,19.88,21103
kommun,1499,2014,RD,SD,17.51,21103
kommun,1499,2014,RF,V,5.02,21005
kommun,1499,2014,RF,S,33.33,21005
kommun,1499,2014,RF,MP,5.57,21005
kommun,1499,2014,RF,C,9.81,21005
kommun,1499,2014,RF,L,3.71,21005
kommun,1499,2014,RF,KD,7.63,21005
kommun,1499,2014,RF,M,17.61,21005
kommun,1499,2014,RF,SD,16.47,21005
kommun,1499,2018,KF,V,5.47,21362
kommun,1499,2018,KF,S,31.01,21362
kommun,1499,2018,KF,MP,2.65,21362
kommun,1499,2018,KF,C,13.82,21362
kommun,1499,2018,KF,L,3.34,21362
kommun,1499,2018,KF,KD,9.12,21362
kommun,1499,2018,KF,M,16.82,21362
kommun,1499,2018,KF,SD,17.24,21362
kommun,1499,2018,RD,V,5.92,21120
kommun,1499,2018,RD,S,29.23,21120
kommun,1499,2018,RD,MP,3.07,21120
kommun,1499,2018,RD,C,9.92,21120
kommun,1499,2018,RD,L,3.69,21120
kommun,1499,2018,RD,KD,9.1,21120
kommun,1499,2018,RD,M,16.79,21120
kommun,1499,2018,RD,SD,20.88,21120
kommun,1499,2018,RF,V,6.13,21177
kommun,1499,2018,RF,S,31.27,21177
kommun,1499,2018,RF,MP,2.75,21177
kommun,1499,2018,RF,C,11.1,21177
kommun,1499,2018,RF,L,3.81,21177
kommun,1499,2018,RF,KD,10.95,21177
kommun,1499,2018,RF,M,16.38,21177
kommun,1499,2018,RF,SD,16.58,21177
kommun,1499,2022,KF,V,5.81,21009
kommun,1499,2022,KF,S,29.87,21009
kommun,1499,2022,KF,MP,2.52,21009
kommun,1499,2022,KF,C,9.14,21009
kommun,1499,2022,KF,L,2.72,21009
kommun,1499,2022,KF,KD,7.16,21009
kommun,1499,2022,KF,M,22.15,21009
kommun,1499,2022,KF,SD,20.21,21009
kommun,1499,2022,RD,V,4.88,20933
kommun,1499,2022,RD,S,29.73,20933
kommun,1499,2022,RD,MP,3.45,20933
kommun,1499,2022,RD,C,7.12,20933
kommun,1499,2022,RD,L,3.16,20933
kommun,1499,2022,RD,KD,7.62,20933
kommun,1499,2022,RD,M,17.33,20933
kommun,1499,2022,RD,SD,25.12,20933
kommun,1499,2022,RF,V,6.16,20769
kommun,1499,2022,RF,S,31.13,20769
kommun,1499,2022,RF,MP,2.39,20769
kommun,1499,2022,RF,C,8.14,20769
kommun,1499,2022,RF,L,2.99,20769
kommun,1499,2022,RF,KD,9.96,20769
kommun,1499,2022,RF,M,17.61,20769
kommun,1499,2022,RF,SD,19.6,20769
kommun,1715,2014,KF,V,4.41,7886
kommun,1715,2014,KF,S,42.53,7886
kommun,1715,2014,KF,MP,5.02,7886
kommun,1715,2014,KF,C,16.71,7886
kommun,1715,2014,KF,L,2.52,7886
kommun,1715,2014,KF,KD,2.88,7886
kommun,1715,2014,KF,M,16.85,7886
kommun,1715,2014,KF,SD,8.66,7886
kommun,1715,2014,RD,V,5.22,7982
kommun,1715,2014,RD,S,38.76,7982
kommun,1715,2014,RD,MP,4.52,7982
kommun,1715,2014,RD,C,8.51,7982
kommun,1715,2014,RD,L,3.27,7982
kommun,1715,2014,RD,KD,4.18,7982
kommun,1715,2014,RD,M,18.73,7982
kommun,1715,2014,RD,SD,14.58,7982
kommun,1715,2014,RF,V,4.88,7770
kommun,1715,2014,RF,S,41.88,7770
kommun,1715,2014,RF,MP,4.89,7770
kommun,1715,2014,RF,C,9.95,7770
kommun,1715,2014,RF,L,3.26,7770
kommun,1715,2014,RF,KD,5.29,7770
kommun,1715,2014,RF,M,14.7,7770
kommun,1715,2014,RF,SD,9.11,7770
kommun,1715,2018,KF,V,5.51,7990
kommun,1715,2018,KF,S,33.19,7990
kommun,1715,2018,KF,MP,4.38,7990
kommun,1715,2018,KF,C,19.9,7990
kommun,1715,2018,KF,L,4.64,7990
kommun,1715,2018,KF,KD,1.43,7990
kommun,1715,2018,KF,M,14.99,7990
kommun,1715,2018,KF,SD,15.79,7990
kommun,1715,2018,RD,V,5.98,8060
kommun,1715,2018,RD,S,31.95,8060
kommun,1715,2018,RD,MP,3.14,8060
kommun,1715,2018,RD,C,10.21,8060
kommun,1715,2018,RD,L,4.57,8060
kommun,1715,2018,RD,KD,5.82,8060
kommun,1715,2018,RD,M,16.08,8060
kommun,1715,2018,RD,SD,21.29,8060
kommun,1715,2018,RF,V,5.61,7884
kommun,1715,2018,RF,S,33.79,7884
kommun,1715,2018,RF,MP,3.53,7884
kommun,1715,2018,RF,C,10.76,7884
kommun,1715,2018,RF,L,4.43,7884
kommun,1715,2018,RF,KD,6.01,7884
kommun,1715,2018,RF,M,13.85,7884
kommun,1715,2018,RF,SD,14.85,7884
kommun,1715,2022,KF,V,3.75,7953
kommun,1715,2022,KF,S,32.81,7953
kommun,1715,2022,KF,MP,4.9,7953
kommun,1715,2022,KF,C,12.9,7953
kommun,1715,2022,KF,L,3.61,7953
kommun,1715,2022,KF,KD,3.26,7953
kommun,1715,2022,KF,M,18.37,7953
kommun,1715,2022,KF,SD,20.21,7953
kommun,1715,2022,RD,V,3.84,8047
kommun,1715,2022,RD,S,32.35,8047
kommun,1715,2022,RD,MP,3.38,8047
kommun,1715,2022,RD,C,6.52,8047
kommun,1715,2022,RD,L,3.39,8047
kommun,1715,2022,RD,KD,5.54,8047
kommun,1715,2022,RD,M,16.48,8047
kommun,1715,2022,RD,SD,27.76,8047
kommun,1715,2022,RF,V,4.34,7864
kommun,1715,2022,RF,S,34.77,7864
kommun,1715,2022,RF,MP,3.32,7864
kommun,1715,2022,RF,C,6.74,7864
kommun,1715,2022,RF,L,3.15,7864
kommun,1715,2022,RF,KD,7.81,7864
kommun,1715,2022,RF,M,15.26,7864
kommun,1715,2022,RF,SD,20.19,7864
kommun,1730,2014,KF,V,7.21,4633
kommun,1730,2014,KF,S,28.9,4633
kommun,1730,2014,KF,MP,0.67,4633
kommun,1730,2014,KF,C,14.27,4633
kommun,1730,2014,KF,L,2.29,4633
kommun,1730,2014,KF,KD,2.85,4633
kommun,1730,2014,KF,M,9.82,4633
kommun,1730,2014,KF,SD,6.02,4633
kommun,1730,2014,RD,V,5.0,4344
kommun,1730,2014,RD,S,41.76,4344
kommun,1730,2014,RD,MP,1.98,4344
kommun,1730,2014,RD,C,11.16,4344
kommun,1730,2014,RD,L,2.37,4344
kommun,1730,2014,RD,KD,3.18,4344
kommun,1730,2014,RD,M,17.66,4344
kommun,1730,2014,RD,SD,15.22,4344
kommun,1730,2014,RF,V,4.92,4472
kommun,1730,2014,RF,S,41.84,4472
kommun,1730,2014,RF,MP,1.99,4472
kommun,1730,2014,RF,C,13.22,4472
kommun,1730,2014,RF,L,3.18,4472
kommun,1730,2014,RF,KD,3.38,4472
kommun,1730,2014,RF,M,12.57,4472
kommun,1730,2014,RF,SD,9.62,4472
kommun,1730,2018,KF,V,5.45,4640
kommun,1730,2018,KF,S,29.98,4640
kommun,1730,2018,KF,MP,0.28,4640
kommun,1730,2018,KF,C,18.75,4640
kommun,1730,2018,KF,L,3.38,4640
kommun,1730,2018,KF,KD,4.29,4640
kommun,1730,2018,KF,M,12.33,4640
kommun,1730,2018,KF,SD,11.92,4640
kommun,1730,2018,RD,V,5.8,4329
kommun,1730,2018,RD,S,33.66,4329
kommun,1730,2018,RD,MP,1.25,4329
kommun,1730,2018,RD,C,10.35,4329
kommun,1730,2018,RD,L,2.8,4329
kommun,1730,2018,RD,KD,7.42,4329
kommun,1730,2018,RD,M,14.37,4329
kommun,1730,2018,RD,SD,23.01,4329
kommun,1730,2018,RF,V,5.35,4540
kommun,1730,2018,RF,S,35.57,4540
kommun,1730,2018,RF,MP,1.04,4540
kommun,1730,2018,RF,C,12.18,4540
kommun,1730,2018,RF,L,3.26,4540
kommun,1730,2018,RF,KD,6.45,4540
kommun,1730,2018,RF,M,12.58,4540
kommun,1730,2018,RF,SD,14.58,4540
kommun,1730,2022,KF,V,4.38,4498
kommun,1730,2022,KF,S,25.37,4498
kommun,1730,2022,KF,MP,0.56,4498
kommun,1730,2022,KF,C,14.7,4498
kommun,1730,2022,KF,L,3.22,4498
kommun,1730,2022,KF,KD,8.14,4498
kommun,1730,2022,KF,M,14.7,4498
kommun,1730,2022,KF,SD,16.76,4498
kommun,1730,2022,RD,V,3.03,4320
kommun,1730,2022,RD,S,33.36,4320
kommun,1730,2022,RD,MP,1.37,4320
kommun,1730,2022,RD,C,6.18,4320
kommun,1730,2022,RD,L,2.13,4320
kommun,1730,2022,RD,KD,9.14,4320
kommun,1730,2022,RD,M,14.05,4320
kommun,1730,2022,RD,SD,29.91,4320
kommun,1730,2022,RF,V,3.98,4444
kommun,1730,2022,RF,S,32.7,4444
kommun,1730,2022,RF,MP,1.37,4444
kommun,1730,2022,RF,C,8.69,4444
kommun,1730,2022,RF,L,2.39,4444
kommun,1730,2022,RF,KD,10.49,4444
kommun,1730,2022,RF,M,13.7,4444
kommun,1730,2022,RF,SD,19.67,4444
kommun,1737,2014,KF,V,7.37,7691
kommun,1737,2014,KF,S,46.37,7691
kommun,1737,2014,KF,MP,2.25,7691
kommun,1737,2014,KF,C,12.61,7691
kommun,1737,2014,KF,L,2.37,7691
kommun,1737,2014,KF,KD,1.3,7691
kommun,1737,2014,KF,M,17.66,7691
kommun,1737,2014,KF,SD,9.61,7691
kommun,1737,2014,RD,V,5.79,7599
kommun,1737,2014,RD,S,43.49,7599
kommun,1737,2014,RD,MP,2.72,7599
kommun,1737,2014,RD,C,8.88,7599
kommun,1737,2014,RD,L,2.54,7599
kommun,1737,2014,RD,KD,2.83,7599
kommun,1737,2014,RD,M,17.34,7599
kommun,1737,2014,RD,SD,14.36,7599
kommun,1737,2014,RF,V,6.49,7617
kommun,1737,2014,RF,S,45.66,7617
kommun,1737,2014,RF,MP,2.55,7617
kommun,1737,2014,RF,C,10.5,7617
kommun,1737,2014,RF,L,2.61,7617
kommun,1737,2014,RF,KD,2.24,7617
kommun,1737,2014,RF,M,14.63,7617
kommun,1737,2014,RF,SD,9.28,7617
kommun,1737,2018,KF,V,7.51,7630
kommun,1737,2018,KF,S,37.25,7630
kommun,1737,2018,KF,MP,1.56,7630
kommun,1737,2018,KF,C,16.06,7630
kommun,1737,2018,KF,L,4.26,7630
kommun,1737,2018,KF,KD,2.5,7630
kommun,1737,2018,KF,M,15.73,7630
kommun,1737,2018,KF,SD,14.77,7630
kommun,1737,2018,RD,V,6.53,7509
kommun,1737,2018,RD,S,35.48,7509
kommun,1737,2018,RD,MP,1.85,7509
kommun,1737,2018,RD,C,11.21,7509
kommun,1737,2018,RD,L,3.08,7509
kommun,1737,2018,RD,KD,5.15,7509
kommun,1737,2018,RD,M,13.94,7509
kommun,1737,2018,RD,SD,21.44,7509
kommun,1737,2018,RF,V,6.38,7559
kommun,1737,2018,RF,S,36.51,7559
kommun,1737,2018,RF,MP,1.64,7559
kommun,1737,2018,RF,C,12.58,7559
kommun,1737,2018,RF,L,3.07,7559
kommun,1737,2018,RF,KD,4.51,7559
kommun,1737,2018,RF,M,13.0,7559
kommun,1737,2018,RF,SD,14.27,7559
kommun,1737,2022,KF,V,4.99,7253
kommun,1737,2022,KF,S,31.16,7253
kommun,1737,2022,KF,MP,1.27,7253
kommun,1737,2022,KF,C,10.12,7253
kommun,1737,2022,KF,L,0.7,7253
kommun,1737,2022,KF,KD,5.02,7253
kommun,1737,2022,KF,M,17.81,7253
kommun,1737,2022,KF,SD,15.1,7253
kommun,1737,2022,RD,V,4.17,7177
kommun,1737,2022,RD,S,32.8,7177
kommun,1737,2022,RD,MP,2.06,7177
kommun,1737,2022,RD,C,5.91,7177
kommun,1737,2022,RD,L,2.34,7177
kommun,1737,2022,RD,KD,6.41,7177
kommun,1737,2022,RD,M,16.22,7177
kommun,1737,2022,RD,SD,28.93,7177
kommun,1737,2022,RF,V,4.84,7122
kommun,1737,2022,RF,S,35.17,7122
kommun,1737,2022,RF,MP,1.45,7122
kommun,1737,2022,RF,C,8.1,7122
kommun,1737,2022,RF,L,1.9,7122
kommun,1737,2022,RF,KD,8.21,7122
kommun,1737,2022,RF,M,15.78,7122
kommun,1737,2022,RF,SD,18.94,7122
kommun,1760,2014,KF,V,12.8,2657
kommun,1760,2014,KF,S,43.66,2657
kommun,1760,2014,KF,MP,1.28,2657
kommun,1760,2014,KF,C,13.55,2657
kommun,1760,2014,KF,L,1.13,2657
kommun,1760,2014,KF,KD,2.33,2657
kommun,1760,2014,KF,M,12.04,2657
kommun,1760,2014,KF,SD,12.95,2657
kommun,1760,2014,RD,V,6.17,2627
kommun,1760,2014,RD,S,48.95,2627
kommun,1760,2014,RD,MP,2.25,2627
kommun,1760,2014,RD,C,6.51,2627
kommun,1760,2014,RD,L,1.75,2627
kommun,1760,2014,RD,KD,3.62,2627
kommun,1760,2014,RD,M,12.18,2627
kommun,1760,2014,RD,SD,17.47,2627
kommun,1760,2014,RF,V,7.25,2636
kommun,1760,2014,RF,S,49.85,2636
kommun,1760,2014,RF,MP,2.31,2636
kommun,1760,2014,RF,C,7.21,2636
kommun,1760,2014,RF,L,2.09,2636
kommun,1760,2014,RF,KD,3.91,2636
kommun,1760,2014,RF,M,9.86,2636
kommun,1760,2014,RF,SD,11.53,2636
kommun,1760,2018,KF,V,9.27,2665
kommun,1760,2018,KF,S,45.97,2665
kommun,1760,2018,KF,MP,0.41,2665
kommun,1760,2018,KF,C,14.82,2665
kommun,1760,2018,KF,L,0.98,2665
kommun,1760,2018,KF,KD,3.04,2665
kommun,1760,2018,KF,M,9.46,2665
kommun,1760,2018,KF,SD,10.47,2665
kommun,1760,2018,RD,V,6.86,2622
kommun,1760,2018,RD,S,40.69,2622
kommun,1760,2018,RD,MP,1.22,2622
kommun,1760,2018,RD,C,8.35,2622
kommun,1760,2018,RD,L,2.86,2622
kommun,1760,2018,RD,KD,5.34,2622
kommun,1760,2018,RD,M,10.72,2622
kommun,1760,2018,RD,SD,22.5,2622
kommun,1760,2018,RF,V,7.22,2630
kommun,1760,2018,RF,S,42.17,2630
kommun,1760,2018,RF,MP,1.06,2630
kommun,1760,2018,RF,C,9.58,2630
kommun,1760,2018,RF,L,2.66,2630
kommun,1760,2018,RF,KD,5.51,2630
kommun,1760,2018,RF,M,9.62,2630
kommun,1760,2018,RF,SD,13.27,2630
kommun,1760,2022,KF,V,8.02,2567
kommun,1760,2022,KF,S,32.06,2567
kommun,1760,2022,KF,MP,0.55,2567
kommun,1760,2022,KF,C,10.79,2567
kommun,1760,2022,KF,L,0.51,2567
kommun,1760,2022,KF,KD,3.39,2567
kommun,1760,2022,KF,M,25.71,2567
kommun,1760,2022,KF,SD,17.8,2567
kommun,1760,2022,RD,V,4.31,2597
kommun,1760,2022,RD,S,36.12,2597
kommun,1760,2022,RD,MP,2.08,2597
kommun,1760,2022,RD,C,4.62,2597
kommun,1760,2022,RD,L,2.04,2597
kommun,1760,2022,RD,KD,4.35,2597
kommun,1760,2022,RD,M,14.05,2597
kommun,1760,2022,RD,SD,30.88,2597
kommun,1760,2022,RF,V,5.84,2550
kommun,1760,2022,RF,S,37.18,2550
kommun,1760,2022,RF,MP,0.98,2550
kommun,1760,2022,RF,C,5.41,2550
kommun,1760,2022,RF,L,1.84,2550
kommun,1760,2022,RF,KD,6.08,2550
kommun,1760,2022,RF,M,16.55,2550
kommun,1760,2022,RF,SD,19.76,2550
kommun,1761,2014,KF,V,5.11,10178
kommun,1761,2014,KF,S,42.48,10178
kommun,1761,2014,KF,MP,7.36,10178
kommun,1761,2014,KF,C,5.01,10178
kommun,1761,2014,KF,L,5.9,10178
kommun,1761,2014,KF,KD,8.03,10178
kommun,1761,2014,KF,M,20.47,10178
kommun,1761,2014,KF,SD,5.37,10178
kommun,1761,2014,RD,V,4.57,10274
kommun,1761,2014,RD,S,37.73,10274
kommun,1761,2014,RD,MP,6.1,10274
kommun,1761,2014,RD,C,5.09,10274
kommun,1761,2014,RD,L,5.26,10274
kommun,1761,2014,RD,KD,4.77,10274
kommun,1761,2014,RD,M,25.8,10274
kommun,1761,2014,RD,SD,8.34,10274
kommun,1761,2014,RF,V,5.04,10090
kommun,1761,2014,RF,S,42.45,10090
kommun,1761,2014,RF,MP,5.25,10090
kommun,1761,2014,RF,C,4.53,10090
kommun,1761,2014,RF,L,5.62,10090
kommun,1761,2014,RF,KD,6.3,10090
kommun,1761,2014,RF,M,21.3,10090
kommun,1761,2014,RF,SD,5.33,10090
kommun,1761,2018,KF,V,5.82,10800
kommun,1761,2018,KF,S,35.68,10800
kommun,1761,2018,KF,MP,5.48,10800
kommun,1761,2018,KF,C,6.47,10800
kommun,1761,2018,KF,L,8.31,10800
kommun,1761,2018,KF,KD,6.99,10800
kommun,1761,2018,KF,M,22.04,10800
kommun,1761,2018,KF,SD,8.98,10800
kommun,1761,2018,RD,V,5.73,10916
kommun,1761,2018,RD,S,34.15,10916
kommun,1761,2018,RD,MP,4.11,10916
kommun,1761,2018,RD,C,8.79,10916
kommun,1761,2018,RD,L,6.6,10916
kommun,1761,2018,RD,KD,6.57,10916
kommun,1761,2018,RD,M,19.99,10916
kommun,1761,2018,RD,SD,13.16,10916
kommun,1761,2018,RF,V,5.76,10714
kommun,1761,2018,RF,S,37.2,10714
kommun,1761,2018,RF,MP,3.28,10714
kommun,1761,2018,RF,C,6.09,10714
kommun,1761,2018,RF,L,6.49,10714
kommun,1761,2018,RF,KD,7.63,10714
kommun,1761,2018,RF,M,18.8,10714
kommun,1761,2018,RF,SD,8.65,10714
kommun,1761,2022,KF,V,4.56,10926
kommun,1761,2022,KF,S,36.34,10926
kommun,1761,2022,KF,MP,5.72,10926
kommun,1761,2022,KF,C,5.41,10926
kommun,1761,2022,KF,L,6.4,10926
kommun,1761,2022,KF,KD,6.22,10926
kommun,1761,2022,KF,M,23.29,10926
kommun,1761,2022,KF,SD,9.78,10926
kommun,1761,2022,RD,V,3.37,11052
kommun,1761,2022,RD,S,37.22,11052
kommun,1761,2022,RD,MP,4.37,11052
kommun,1761,2022,RD,C,6.86,11052
kommun,1761,2022,RD,L,5.41,11052
kommun,1761,2022,RD,KD,5.24,11052
kommun,1761,2022,RD,M,20.53,11052
kommun,1761,2022,RD,SD,16.07,11052
kommun,1761,2022,RF,V,4.47,10832
kommun,1761,2022,RF,S,40.32,10832
kommun,1761,2022,RF,MP,2.97,10832
kommun,1761,2022,RF,C,5.17,10832
kommun,1761,2022,RF,L,5.1,10832
kommun,1761,2022,RF,KD,8.26,10832
kommun,1761,2022,RF,M,19.17,10832
kommun,1761,2022,RF,SD,10.52,10832
kommun,1762,2014,KF,V,4.28,2501
kommun,1762,2014,KF,S,57.46,2501
kommun,1762,2014,KF,MP,2.52,2501
kommun,1762,2014,KF,C,12.71,2501
kommun,1762,2014,KF,L,11.56,2501
kommun,1762,2014,KF,KD,0.24,2501
kommun,1762,2014,KF,M,4.32,2501
kommun,1762,2014,KF,SD,6.8,2501
kommun,1762,2014,RD,V,4.63,2463
kommun,1762,2014,RD,S,58.06,2463
kommun,1762,2014,RD,MP,2.07,2463
kommun,1762,2014,RD,C,6.17,2463
kommun,1762,2014,RD,L,3.53,2463
kommun,1762,2014,RD,KD,1.99,2463
kommun,1762,2014,RD,M,9.7,2463
kommun,1762,2014,RD,SD,11.37,2463
kommun,1762,2014,RF,V,4.99,2483
kommun,1762,2014,RF,S,61.78,2483
kommun,1762,2014,RF,MP,2.26,2483
kommun,1762,2014,RF,C,6.97,2483
kommun,1762,2014,RF,L,4.99,2483
kommun,1762,2014,RF,KD,1.45,2483
kommun,1762,2014,RF,M,6.2,2483
kommun,1762,2014,RF,SD,8.01,2483
kommun,1762,2018,KF,V,4.1,2391
kommun,1762,2018,KF,S,63.28,2391
kommun,1762,2018,KF,MP,0.29,2391
kommun,1762,2018,KF,C,16.35,2391
kommun,1762,2018,KF,L,2.17,2391
kommun,1762,2018,KF,KD,0.79,2391
kommun,1762,2018,KF,M,2.22,2391
kommun,1762,2018,KF,SD,8.82,2391
kommun,1762,2018,RD,V,6.11,2340
kommun,1762,2018,RD,S,52.18,2340
kommun,1762,2018,RD,MP,1.37,2340
kommun,1762,2018,RD,C,8.12,2340
kommun,1762,2018,RD,L,2.91,2340
kommun,1762,2018,RD,KD,3.93,2340
kommun,1762,2018,RD,M,8.33,2340
kommun,1762,2018,RD,SD,15.43,2340
kommun,1762,2018,RF,V,4.8,2373
kommun,1762,2018,RF,S,57.69,2373
kommun,1762,2018,RF,MP,1.1,2373
kommun,1762,2018,RF,C,7.63,2373
kommun,1762,2018,RF,L,3.41,2373
kommun,1762,2018,RF,KD,3.12,2373
kommun,1762,2018,RF,M,7.29,2373
kommun,1762,2018,RF,SD,9.78,2373
kommun,1762,2022,KF,V,7.0,2314
kommun,1762,2022,KF,S,58.34,2314
kommun,1762,2022,KF,MP,0.86,2314
kommun,1762,2022,KF,C,11.19,2314
kommun,1762,2022,KF,L,2.51,2314
kommun,1762,2022,KF,KD,1.08,2314
kommun,1762,2022,KF,M,2.94,2314
kommun,1762,2022,KF,SD,15.82,2314
kommun,1762,2022,RD,V,5.11,2250
kommun,1762,2022,RD,S,44.04,2250
kommun,1762,2022,RD,MP,2.09,2250
kommun,1762,2022,RD,C,5.56,2250
kommun,1762,2022,RD,L,2.44,2250
kommun,1762,2022,RD,KD,4.4,2250
kommun,1762,2022,RD,M,10.31,2250
kommun,1762,2022,RD,SD,24.89,2250
kommun,1762,2022,RF,V,5.95,2284
kommun,1762,2022,RF,S,50.79,2284
kommun,1762,2022,RF,MP,1.8,2284
kommun,1762,2022,RF,C,5.74,2284
kommun,1762,2022,RF,L,2.36,2284
kommun,1762,2022,RF,KD,5.34,2284
kommun,1762,2022,RF,M,6.17,2284
kommun,1762,2022,RF,SD,17.56,2284
kommun,1763,2014,KF,V,4.1,7580
kommun,1763,2014,KF,S,47.26,7580
kommun,1763,2014,KF,MP,3.83,7580
kommun,1763,2014,KF,C,13.28,7580
kommun,1763,2014,KF,L,2.72,7580
kommun,1763,2014,KF,KD,2.78,7580
kommun,1763,2014,KF,M,14.56,7580
kommun,1763,2014,KF,SD,9.21,7580
kommun,1763,2014,RD,V,4.82,7597
kommun,1763,2014,RD,S,46.94,7597
kommun,1763,2014,RD,MP,3.84,7597
kommun,1763,2014,RD,C,6.53,7597
kommun,1763,2014,RD,L,3.07,7597
kommun,1763,2014,RD,KD,3.5,7597
kommun,1763,2014,RD,M,14.94,7597
kommun,1763,2014,RD,SD,14.03,7597
kommun,1763,2014,RF,V,4.71,7487
kommun,1763,2014,RF,S,48.55,7487
kommun,1763,2014,RF,MP,3.71,7487
kommun,1763,2014,RF,C,7.28,7487
kommun,1763,2014,RF,L,3.61,7487
kommun,1763,2014,RF,KD,4.21,7487
kommun,1763,2014,RF,M,12.43,7487
kommun,1763,2014,RF,SD,9.24,7487
kommun,1763,2018,KF,V,5.45,7598
kommun,1763,2018,KF,S,42.18,7598
kommun,1763,2018,KF,MP,2.04,7598
kommun,1763,2018,KF,C,12.73,7598
kommun,1763,2018,KF,L,2.12,7598
kommun,1763,2018,KF,KD,3.86,7598
kommun,1763,2018,KF,M,14.6,7598
kommun,1763,2018,KF,SD,13.15,7598
kommun,1763,2018,RD,V,6.46,7600
kommun,1763,2018,RD,S,39.04,7600
kommun,1763,2018,RD,MP,2.54,7600
kommun,1763,2018,RD,C,7.88,7600
kommun,1763,2018,RD,L,2.79,7600
kommun,1763,2018,RD,KD,6.18,7600
kommun,1763,2018,RD,M,13.28,7600
kommun,1763,2018,RD,SD,20.47,7600
kommun,1763,2018,RF,V,6.4,7516
kommun,1763,2018,RF,S,41.01,7516
kommun,1763,2018,RF,MP,1.85,7516
kommun,1763,2018,RF,C,8.18,7516
kommun,1763,2018,RF,L,2.59,7516
kommun,1763,2018,RF,KD,6.77,7516
kommun,1763,2018,RF,M,11.68,7516
kommun,1763,2018,RF,SD,14.38,7516
kommun,1763,2022,KF,V,4.84,7555
kommun,1763,2022,KF,S,42.32,7555
kommun,1763,2022,KF,MP,1.81,7555
kommun,1763,2022,KF,C,7.52,7555
kommun,1763,2022,KF,L,2.91,7555
kommun,1763,2022,KF,KD,5.19,7555
kommun,1763,2022,KF,M,14.2,7555
kommun,1763,2022,KF,SD,18.29,7555
kommun,1763,2022,RD,V,4.25,7582
kommun,1763,2022,RD,S,37.73,7582
kommun,1763,2022,RD,MP,2.77,7582
kommun,1763,2022,RD,C,5.0,7582
kommun,1763,2022,RD,L,2.33,7582
kommun,1763,2022,RD,KD,5.91,7582
kommun,1763,2022,RD,M,14.23,7582
kommun,1763,2022,RD,SD,26.68,7582
kommun,1763,2022,RF,V,5.21,7489
kommun,1763,2022,RF,S,41.25,7489
kommun,1763,2022,RF,MP,1.59,7489
kommun,1763,2022,RF,C,4.87,7489
kommun,1763,2022,RF,L,2.31,7489
kommun,1763,2022,RF,KD,7.4,7489
kommun,1763,2022,RF,M,12.53,7489
kommun,1763,2022,RF,SD,19.9,7489
kommun,1764,2014,KF,V,4.12,5905
kommun,1764,2014,KF,S,50.96,5905
kommun,1764,2014,KF,MP,5.13,5905
kommun,1764,2014,KF,C,11.06,5905
kommun,1764,2014,KF,L,2.08,5905
kommun,1764,2014,KF,KD,0.93,5905
kommun,1764,2014,KF,M,16.29,5905
kommun,1764,2014,KF,SD,8.7,5905
kommun,1764,2014,RD,V,4.28,5935
kommun,1764,2014,RD,S,48.0,5935
kommun,1764,2014,RD,MP,2.86,5935
kommun,1764,2014,RD,C,7.4,5935
kommun,1764,2014,RD,L,2.36,5935
kommun,1764,2014,RD,KD,3.05,5935
kommun,1764,2014,RD,M,15.16,5935
kommun,1764,2014,RD,SD,14.91,5935
kommun,1764,2014,RF,V,4.46,5847
kommun,1764,2014,RF,S,48.54,5847
kommun,1764,2014,RF,MP,3.52,5847
kommun,1764,2014,RF,C,7.76,5847
kommun,1764,2014,RF,L,2.02,5847
kommun,1764,2014,RF,KD,3.01,5847
kommun,1764,2014,RF,M,13.22,5847
kommun,1764,2014,RF,SD,10.21,5847
kommun,1764,2018,KF,V,3.34,5921
kommun,1764,2018,KF,S,55.99,5921
kommun,1764,2018,KF,MP,3.06,5921
kommun,1764,2018,KF,C,8.93,5921
kommun,1764,2018,KF,L,0.73,5921
kommun,1764,2018,KF,KD,1.11,5921
kommun,1764,2018,KF,M,11.67,5921
kommun,1764,2018,KF,SD,14.96,5921
kommun,1764,2018,RD,V,5.51,5876
kommun,1764,2018,RD,S,41.22,5876
kommun,1764,2018,RD,MP,1.7,5876
kommun,1764,2018,RD,C,6.99,5876
kommun,1764,2018,RD,L,2.18,5876
kommun,1764,2018,RD,KD,4.65,5876
kommun,1764,2018,RD,M,12.76,5876
kommun,1764,2018,RD,SD,23.23,5876
kommun,1764,2018,RF,V,4.9,5831
kommun,1764,2018,RF,S,44.83,5831
kommun,1764,2018,RF,MP,2.14,5831
kommun,1764,2018,RF,C,6.98,5831
kommun,1764,2018,RF,L,2.13,5831
kommun,1764,2018,RF,KD,5.13,5831
kommun,1764,2018,RF,M,11.28,5831
kommun,1764,2018,RF,SD,15.57,5831
kommun,1764,2022,KF,V,3.76,5801
kommun,1764,2022,KF,S,46.47,5801
kommun,1764,2022,KF,MP,2.05,5801
kommun,1764,2022,KF,C,6.72,5801
kommun,1764,2022,KF,L,0.74,5801
kommun,1764,2022,KF,KD,1.53,5801
kommun,1764,2022,KF,M,19.13,5801
kommun,1764,2022,KF,SD,18.77,5801
kommun,1764,2022,RD,V,4.31,5749
kommun,1764,2022,RD,S,37.88,5749
kommun,1764,2022,RD,MP,1.81,5749
kommun,1764,2022,RD,C,5.11,5749
kommun,1764,2022,RD,L,1.77,5749
kommun,1764,2022,RD,KD,4.37,5749
kommun,1764,2022,RD,M,14.26,5749
kommun,1764,2022,RD,SD,29.45,5749
kommun,1764,2022,RF,V,4.03,5734
kommun,1764,2022,RF,S,42.62,5734
kommun,1764,2022,RF,MP,1.8,5734
kommun,1764,2022,RF,C,5.16,5734
kommun,1764,2022,RF,L,1.83,5734
kommun,1764,2022,RF,KD,5.42,5734
kommun,1764,2022,RF,M,14.0,5734
kommun,1764,2022,RF,SD,21.21,5734
kommun,1765,2014,KF,V,1.39,5845
kommun,1765,2014,KF,S,29.75,5845
kommun,1765,2014,KF,MP,2.46,5845
kommun,1765,2014,KF,C,24.5,5845
kommun,1765,2014,KF,L,11.0,5845
kommun,1765,2014,KF,KD,13.67,5845
kommun,1765,2014,KF,M,8.5,5845
kommun,1765,2014,KF,SD,7.24,5845
kommun,1765,2014,RD,V,3.16,5565
kommun,1765,2014,RD,S,29.49,5565
kommun,1765,2014,RD,MP,2.41,5565
kommun,1765,2014,RD,C,12.51,5565
kommun,1765,2014,RD,L,5.61,5565
kommun,1765,2014,RD,KD,8.01,5565
kommun,1765,2014,RD,M,18.98,5565
kommun,1765,2014,RD,SD,18.35,5565
kommun,1765,2014,RF,V,2.72,5578
kommun,1765,2014,RF,S,30.21,5578
kommun,1765,2014,RF,MP,2.72,5578
kommun,1765,2014,RF,C,16.48,5578
kommun,1765,2014,RF,L,10.74,5578
kommun,1765,2014,RF,KD,10.72,5578
kommun,1765,2014,RF,M,10.31,5578
kommun,1765,2014,RF,SD,9.72,5578
kommun,1765,2018,KF,V,1.92,5942
kommun,1765,2018,KF,S,35.39,5942
kommun,1765,2018,KF,MP,2.2,5942
kommun,1765,2018,KF,C,15.67,5942
kommun,1765,2018,KF,L,5.33,5942
kommun,1765,2018,KF,KD,19.57,5942
kommun,1765,2018,KF,M,8.89,5942
kommun,1765,2018,KF,SD,10.82,5942
kommun,1765,2018,RD,V,3.66,5626
kommun,1765,2018,RD,S,25.2,5626
kommun,1765,2018,RD,MP,1.8,5626
kommun,1765,2018,RD,C,9.97,5626
kommun,1765,2018,RD,L,3.48,5626
kommun,1765,2018,RD,KD,16.03,5626
kommun,1765,2018,RD,M,13.81,5626
kommun,1765,2018,RD,SD,25.08,5626
kommun,1765,2018,RF,V,3.04,5693
kommun,1765,2018,RF,S,27.74,5693
kommun,1765,2018,RF,MP,1.83,5693
kommun,1765,2018,RF,C,10.98,5693
kommun,1765,2018,RF,L,7.17,5693
kommun,1765,2018,RF,KD,17.95,5693
kommun,1765,2018,RF,M,10.1,5693
kommun,1765,2018,RF,SD,13.95,5693
kommun,1765,2022,KF,V,1.86,5752
kommun,1765,2022,KF,S,28.36,5752
kommun,1765,2022,KF,MP,2.75,5752
kommun,1765,2022,KF,C,13.44,5752
kommun,1765,2022,KF,L,3.84,5752
kommun,1765,2022,KF,KD,27.4,5752
kommun,1765,2022,KF,M,10.61,5752
kommun,1765,2022,KF,SD,11.74,5752
kommun,1765,2022,RD,V,2.51,5607
kommun,1765,2022,RD,S,23.92,5607
kommun,1765,2022,RD,MP,1.96,5607
kommun,1765,2022,RD,C,6.99,5607
kommun,1765,2022,RD,L,2.82,5607
kommun,1765,2022,RD,KD,17.8,5607
kommun,1765,2022,RD,M,12.61,5607
kommun,1765,2022,RD,SD,30.57,5607
kommun,1765,2022,RF,V,2.26,5587
kommun,1765,2022,RF,S,30.95,5587
kommun,1765,2022,RF,MP,1.61,5587
kommun,1765,2022,RF,C,7.95,5587
kommun,1765,2022,RF,L,3.56,5587
kommun,1765,2022,RF,KD,22.98,5587
kommun,1765,2022,RF,M,11.38,5587
kommun,1765,2022,RF,SD,16.31,5587
kommun,1766,2014,KF,V,2.65,8908
kommun,1766,2014,KF,S,29.1,8908
kommun,1766,2014,KF,MP,5.03,8908
kommun,1766,2014,KF,C,20.42,8908
kommun,1766,2014,KF,L,4.66,8908
kommun,1766,2014,KF,KD,1.3,8908
kommun,1766,2014,KF,M,14.93,8908
kommun,1766,2014,KF,SD,8.74,8908
kommun,1766,2014,RD,V,3.65,8866
kommun,1766,2014,RD,S,34.94,8866
kommun,1766,2014,RD,MP,3.59,8866
kommun,1766,2014,RD,C,13.75,8866
kommun,1766,2014,RD,L,4.03,8866
kommun,1766,2014,RD,KD,3.46,8866
kommun,1766,2014,RD,M,21.45,8866
kommun,1766,2014,RD,SD,12.63,8866
kommun,1766,2014,RF,V,3.74,8715
kommun,1766,2014,RF,S,34.54,8715
kommun,1766,2014,RF,MP,5.29,8715
kommun,1766,2014,RF,C,17.01,8715
kommun,1766,2014,RF,L,4.72,8715
kommun,1766,2014,RF,KD,3.43,8715
kommun,1766,2014,RF,M,15.7,8715
kommun,1766,2014,RF,SD,9.19,8715
kommun,1766,2018,KF,V,3.49,8908
kommun,1766,2018,KF,S,25.07,8908
kommun,1766,2018,KF,MP,2.46,8908
kommun,1766,2018,KF,C,26.91,8908
kommun,1766,2018,KF,L,6.22,8908
kommun,1766,2018,KF,KD,2.09,8908
kommun,1766,2018,KF,M,11.92,8908
kommun,1766,2018,KF,SD,12.46,8908
kommun,1766,2018,RD,V,4.82,8810
kommun,1766,2018,RD,S,28.65,8810
kommun,1766,2018,RD,MP,2.55,8810
kommun,1766,2018,RD,C,15.12,8810
kommun,1766,2018,RD,L,3.94,8810
kommun,1766,2018,RD,KD,7.19,8810
kommun,1766,2018,RD,M,17.6,8810
kommun,1766,2018,RD,SD,18.77,8810
kommun,1766,2018,RF,V,4.49,8707
kommun,1766,2018,RF,S,28.78,8707
kommun,1766,2018,RF,MP,2.73,8707
kommun,1766,2018,RF,C,18.3,8707
kommun,1766,2018,RF,L,5.32,8707
kommun,1766,2018,RF,KD,6.13,8707
kommun,1766,2018,RF,M,13.53,8707
kommun,1766,2018,RF,SD,13.12,8707
kommun,1766,2022,KF,V,3.63,8836
kommun,1766,2022,KF,S,21.36,8836
kommun,1766,2022,KF,MP,2.48,8836
kommun,1766,2022,KF,C,17.72,8836
kommun,1766,2022,KF,L,6.6,8836
kommun,1766,2022,KF,KD,4.36,8836
kommun,1766,2022,KF,M,21.4,8836
kommun,1766,2022,KF,SD,14.97,8836
kommun,1766,2022,RD,V,3.35,8797
kommun,1766,2022,RD,S,28.06,8797
kommun,1766,2022,RD,MP,3.09,8797
kommun,1766,2022,RD,C,9.54,8797
kommun,1766,2022,RD,L,3.51,8797
kommun,1766,2022,RD,KD,7.31,8797
kommun,1766,2022,RD,M,19.59,8797
kommun,1766,2022,RD,SD,24.44,8797
kommun,1766,2022,RF,V,4.37,8713
kommun,1766,2022,RF,S,27.01,8713
kommun,1766,2022,RF,MP,2.86,8713
kommun,1766,2022,RF,C,12.85,8713
kommun,1766,2022,RF,L,4.45,8713
kommun,1766,2022,RF,KD,8.93,8713
kommun,1766,2022,RF,M,17.97,8713
kommun,1766,2022,RF,SD,16.88,8713
kommun,1780,2014,KF,V,5.72,60235
kommun,1780,2014,KF,S,36.26,60235
kommun,1780,2014,KF,MP,8.92,60235
kommun,1780,2014,KF,C,5.83,60235
kommun,1780,2014,KF,L,5.53,60235
kommun,1780,2014,KF,KD,5.16,60235
kommun,1780,2014,KF,M,22.89,60235
kommun,1780,2014,KF,SD,6.72,60235
kommun,1780,2014,RD,V,5.45,61111
kommun,1780,2014,RD,S,34.67,61111
kommun,1780,2014,RD,MP,7.75,61111
kommun,1780,2014,RD,C,5.69,61111
kommun,1780,2014,RD,L,5.31,61111
kommun,1780,2014,RD,KD,4.52,61111
kommun,1780,2014,RD,M,23.28,61111
kommun,1780,2014,RD,SD,9.56,61111
kommun,1780,2014,RF,V,6.53,59827
kommun,1780,2014,RF,S,37.69,59827
kommun,1780,2014,RF,MP,7.53,59827
kommun,1780,2014,RF,C,5.07,59827
kommun,1780,2014,RF,L,5.35,59827
kommun,1780,2014,RF,KD,5.81,59827
kommun,1780,2014,RF,M,20.58,59827
kommun,1780,2014,RF,SD,6.37,59827
kommun,1780,2018,KF,V,8.55,63043
kommun,1780,2018,KF,S,29.24,63043
kommun,1780,2018,KF,MP,5.66,63043
kommun,1780,2018,KF,C,7.82,63043
kommun,1780,2018,KF,L,5.62,63043
kommun,1780,2018,KF,KD,5.59,63043
kommun,1780,2018,KF,M,19.45,63043
kommun,1780,2018,KF,SD,10.64,63043
kommun,1780,2018,RD,V,7.88,63334
kommun,1780,2018,RD,S,31.73,63334
kommun,1780,2018,RD,MP,4.84,63334
kommun,1780,2018,RD,C,8.46,63334
kommun,1780,2018,RD,L,5.66,63334
kommun,1780,2018,RD,KD,6.41,63334
kommun,1780,2018,RD,M,19.52,63334
kommun,1780,2018,RD,SD,14.05,63334
kommun,1780,2018,RF,V,8.37,62653
kommun,1780,2018,RF,S,32.52,62653
kommun,1780,2018,RF,MP,4.44,62653
kommun,1780,2018,RF,C,7.3,62653
kommun,1780,2018,RF,L,5.32,62653
kommun,1780,2018,RF,KD,7.41,62653
kommun,1780,2018,RF,M,17.12,62653
kommun,1780,2018,RF,SD,9.88,62653
kommun,1780,2022,KF,V,6.67,62509
kommun,1780,2022,KF,S,36.56,62509
kommun,1780,2022,KF,MP,4.45,62509
kommun,1780,2022,KF,C,5.73,62509
kommun,1780,2022,KF,L,5.12,62509
kommun,1780,2022,KF,KD,5.28,62509
kommun,1780,2022,KF,M,19.53,62509
kommun,1780,2022,KF,SD,12.81,62509
kommun,1780,2022,RD,V,6.16,63448
kommun,1780,2022,RD,S,34.78,63448
kommun,1780,2022,RD,MP,5.11,63448
kommun,1780,2022,RD,C,6.49,63448
kommun,1780,2022,RD,L,4.73,63448
kommun,1780,2022,RD,KD,4.79,63448
kommun,1780,2022,RD,M,19.56,63448
kommun,1780,2022,RD,SD,17.28,63448
kommun,1780,2022,RF,V,7.29,62389
kommun,1780,2022,RF,S,37.88,62389
kommun,1780,2022,RF,MP,3.58,62389
kommun,1780,2022,RF,C,5.59,62389
kommun,1780,2022,RF,L,4.62,62389
kommun,1780,2022,RF,KD,7.25,62389
kommun,1780,2022,RF,M,17.68,62389
kommun,1780,2022,RF,SD,12.59,62389
kommun,1781,2014,KF,V,7.41,15986
kommun,1781,2014,KF,S,37.84,15986
kommun,1781,2014,KF,MP,4.85,15986
kommun,1781,2014,KF,C,11.25,15986
kommun,1781,2014,KF,L,9.31,15986
kommun,1781,2014,KF,KD,3.41,15986
kommun,1781,2014,KF,M,17.1,15986
kommun,1781,2014,KF,SD,8.51,15986
kommun,1781,2014,RD,V,5.6,16173
kommun,1781,2014,RD,S,41.2,16173
kommun,1781,2014,RD,MP,5.07,16173
kommun,1781,2014,RD,C,6.29,16173
kommun,1781,2014,RD,L,4.8,16173
kommun,1781,2014,RD,KD,3.83,16173
kommun,1781,2014,RD,M,19.3,16173
kommun,1781,2014,RD,SD,11.41,16173
kommun,1781,2014,RF,V,6.06,15898
kommun,1781,2014,RF,S,35.95,15898
kommun,1781,2014,RF,MP,4.38,15898
kommun,1781,2014,RF,C,13.63,15898
kommun,1781,2014,RF,L,4.67,15898
kommun,1781,2014,RF,KD,3.56,15898
kommun,1781,2014,RF,M,14.94,15898
kommun,1781,2014,RF,SD,7.4,15898
kommun,1781,2018,KF,V,7.99,16150
kommun,1781,2018,KF,S,27.42,16150
kommun,1781,2018,KF,MP,3.13,16150
kommun,1781,2018,KF,C,15.88,16150
kommun,1781,2018,KF,L,11.4,16150
kommun,1781,2018,KF,KD,3.23,16150
kommun,1781,2018,KF,M,17.0,16150
kommun,1781,2018,KF,SD,13.68,16150
kommun,1781,2018,RD,V,7.55,16088
kommun,1781,2018,RD,S,34.08,16088
kommun,1781,2018,RD,MP,3.03,16088
kommun,1781,2018,RD,C,8.75,16088
kommun,1781,2018,RD,L,5.46,16088
kommun,1781,2018,RD,KD,5.92,16088
kommun,1781,2018,RD,M,15.96,16088
kommun,1781,2018,RD,SD,17.96,16088
kommun,1781,2018,RF,V,7.45,16064
kommun,1781,2018,RF,S,29.23,16064
kommun,1781,2018,RF,MP,2.53,16064
kommun,1781,2018,RF,C,13.32,16064
kommun,1781,2018,RF,L,6.93,16064
kommun,1781,2018,RF,KD,4.72,16064
kommun,1781,2018,RF,M,13.31,16064
kommun,1781,2018,RF,SD,12.85,16064
kommun,1781,2022,KF,V,7.4,15713
kommun,1781,2022,KF,S,33.5,15713
kommun,1781,2022,KF,MP,2.42,15713
kommun,1781,2022,KF,C,8.05,15713
kommun,1781,2022,KF,L,11.84,15713
kommun,1781,2022,KF,KD,3.38,15713
kommun,1781,2022,KF,M,16.6,15713
kommun,1781,2022,KF,SD,16.57,15713
kommun,1781,2022,RD,V,5.74,15890
kommun,1781,2022,RD,S,36.35,15890
kommun,1781,2022,RD,MP,3.21,15890
kommun,1781,2022,RD,C,5.95,15890
kommun,1781,2022,RD,L,4.59,15890
kommun,1781,2022,RD,KD,5.03,15890
kommun,1781,2022,RD,M,14.86,15890
kommun,1781,2022,RD,SD,23.22,15890
kommun,1781,2022,RF,V,6.49,15586
kommun,1781,2022,RF,S,34.87,15586
kommun,1781,2022,RF,MP,2.18,15586
kommun,1781,2022,RF,C,6.38,15586
kommun,1781,2022,RF,L,5.81,15586
kommun,1781,2022,RF,KD,6.13,15586
kommun,1781,2022,RF,M,14.01,15586
kommun,1781,2022,RF,SD,16.46,15586
kommun,1782,2014,KF,V,7.04,6694
kommun,1782,2014,KF,S,40.63,6694
kommun,1782,2014,KF,MP,2.44,6694
kommun,1782,2014,KF,C,4.62,6694
kommun,1782,2014,KF,L,3.14,6694
kommun,1782,2014,KF,KD,2.11,6694
kommun,1782,2014,KF,M,19.44,6694
kommun,1782,2014,KF,SD,17.57,6694
kommun,1782,2014,RD,V,6.69,6671
kommun,1782,2014,RD,S,46.18,6671
kommun,1782,2014,RD,MP,3.04,6671
kommun,1782,2014,RD,C,3.94,6671
kommun,1782,2014,RD,L,2.26,6671
kommun,1782,2014,RD,KD,2.11,6671
kommun,1782,2014,RD,M,12.31,6671
kommun,1782,2014,RD,SD,21.32,6671
kommun,1782,2014,RF,V,8.08,6573
kommun,1782,2014,RF,S,46.31,6573
kommun,1782,2014,RF,MP,2.74,6573
kommun,1782,2014,RF,C,4.82,6573
kommun,1782,2014,RF,L,2.89,6573
kommun,1782,2014,RF,KD,2.62,6573
kommun,1782,2014,RF,M,11.81,6573
kommun,1782,2014,RF,SD,15.64,6573
kommun,1782,2018,KF,V,7.07,6579
kommun,1782,2018,KF,S,43.03,6579
kommun,1782,2018,KF,MP,1.4,6579
kommun,1782,2018,KF,C,5.68,6579
kommun,1782,2018,KF,L,2.43,6579
kommun,1782,2018,KF,KD,1.58,6579
kommun,1782,2018,KF,M,22.66,6579
kommun,1782,2018,KF,SD,16.04,6579
kommun,1782,2018,RD,V,7.17,6392
kommun,1782,2018,RD,S,41.18,6392
kommun,1782,2018,RD,MP,1.42,6392
kommun,1782,2018,RD,C,4.88,6392
kommun,1782,2018,RD,L,2.39,6392
kommun,1782,2018,RD,KD,4.18,6392
kommun,1782,2018,RD,M,12.0,6392
kommun,1782,2018,RD,SD,25.59,6392
kommun,1782,2018,RF,V,6.95,6463
kommun,1782,2018,RF,S,44.1,6463
kommun,1782,2018,RF,MP,1.41,6463
kommun,1782,2018,RF,C,4.78,6463
kommun,1782,2018,RF,L,2.27,6463
kommun,1782,2018,RF,KD,3.59,6463
kommun,1782,2018,RF,M,13.68,6463
kommun,1782,2018,RF,SD,17.13,6463
kommun,1782,2022,KF,V,5.6,6235
kommun,1782,2022,KF,S,40.32,6235
kommun,1782,2022,KF,MP,1.06,6235
kommun,1782,2022,KF,C,3.38,6235
kommun,1782,2022,KF,L,6.09,6235
kommun,1782,2022,KF,KD,0.72,6235
kommun,1782,2022,KF,M,24.23,6235
kommun,1782,2022,KF,SD,18.46,6235
kommun,1782,2022,RD,V,5.14,6132
kommun,1782,2022,RD,S,36.68,6132
kommun,1782,2022,RD,MP,1.63,6132
kommun,1782,2022,RD,C,3.07,6132
kommun,1782,2022,RD,L,2.45,6132
kommun,1782,2022,RD,KD,4.94,6132
kommun,1782,2022,RD,M,14.53,6132
kommun,1782,2022,RD,SD,30.38,6132
kommun,1782,2022,RF,V,5.99,6129
kommun,1782,2022,RF,S,40.3,6129
kommun,1782,2022,RF,MP,1.14,6129
kommun,1782,2022,RF,C,3.3,6129
kommun,1782,2022,RF,L,2.84,6129
kommun,1782,2022,RF,KD,5.01,6129
kommun,1782,2022,RF,M,17.12,6129
kommun,1782,2022,RF,SD,19.99,6129
kommun,1783,2014,KF,V,8.65,7953
kommun,1783,2014,KF,S,50.6,7953
kommun,1783,2014,KF,MP,1.95,7953
kommun,1783,2014,KF,C,11.29,7953
kommun,1783,2014,KF,L,6.51,7953
kommun,1783,2014,KF,KD,0.59,7953
kommun,1783,2014,KF,M,6.45,7953
kommun,1783,2014,KF,SD,13.58,7953
kommun,1783,2014,RD,V,6.55,7943
kommun,1783,2014,RD,S,54.12,7943
kommun,1783,2014,RD,MP,1.85,7943
kommun,1783,2014,RD,C,6.61,7943
kommun,1783,2014,RD,L,2.08,7943
kommun,1783,2014,RD,KD,2.08,7943
kommun,1783,2014,RD,M,10.59,7943
kommun,1783,2014,RD,SD,14.34,7943
kommun,1783,2014,RF,V,6.99,7895
kommun,1783,2014,RF,S,53.78,7895
kommun,1783,2014,RF,MP,2.0,7895
kommun,1783,2014,RF,C,8.93,7895
kommun,1783,2014,RF,L,3.2,7895
kommun,1783,2014,RF,KD,2.01,7895
kommun,1783,2014,RF,M,7.69,7895
kommun,1783,2014,RF,SD,11.35,7895
kommun,1783,2018,KF,V,5.06,7773
kommun,1783,2018,KF,S,35.67,7773
kommun,1783,2018,KF,MP,0.81,7773
kommun,1783,2018,KF,C,8.43,7773
kommun,1783,2018,KF,L,2.68,7773
kommun,1783,2018,KF,KD,0.33,7773
kommun,1783,2018,KF,M,3.15,7773
kommun,1783,2018,KF,SD,7.33,7773
kommun,1783,2018,RD,V,8.27,7607
kommun,1783,2018,RD,S,47.46,7607
kommun,1783,2018,RD,MP,1.34,7607
kommun,1783,2018,RD,C,7.86,7607
kommun,1783,2018,RD,L,2.33,7607
kommun,1783,2018,RD,KD,4.51,7607
kommun,1783,2018,RD,M,9.27,7607
kommun,1783,2018,RD,SD,18.0,7607
kommun,1783,2018,RF,V,8.02,7598
kommun,1783,2018,RF,S,48.78,7598
kommun,1783,2018,RF,MP,1.34,7598
kommun,1783,2018,RF,C,9.94,7598
kommun,1783,2018,RF,L,2.7,7598
kommun,1783,2018,RF,KD,4.07,7598
kommun,1783,2018,RF,M,6.45,7598
kommun,1783,2018,RF,SD,11.79,7598
kommun,1783,2022,KF,V,3.32,7375
kommun,1783,2022,KF,S,38.94,7375
kommun,1783,2022,KF,MP,0.56,7375
kommun,1783,2022,KF,C,3.8,7375
kommun,1783,2022,KF,L,1.15,7375
kommun,1783,2022,KF,KD,0.42,7375
kommun,1783,2022,KF,M,2.48,7375
kommun,1783,2022,KF,SD,7.42,7375
kommun,1783,2022,RD,V,5.49,7210
kommun,1783,2022,RD,S,43.18,7210
kommun,1783,2022,RD,MP,1.76,7210
kommun,1783,2022,RD,C,4.26,7210
kommun,1783,2022,RD,L,2.11,7210
kommun,1783,2022,RD,KD,4.99,7210
kommun,1783,2022,RD,M,9.4,7210
kommun,1783,2022,RD,SD,27.64,7210
kommun,1783,2022,RF,V,5.61,7110
kommun,1783,2022,RF,S,49.0,7110
kommun,1783,2022,RF,MP,1.27,7110
kommun,1783,2022,RF,C,5.75,7110
kommun,1783,2022,RF,L,2.1,7110
kommun,1783,2022,RF,KD,6.75,7110
kommun,1783,2022,RF,M,8.44,7110
kommun,1783,2022,RF,SD,16.61,7110
kommun,1784,2014,KF,V,7.1,16731
kommun,1784,2014,KF,S,46.72,16731
kommun,1784,2014,KF,MP,5.37,16731
kommun,1784,2014,KF,C,10.44,16731
kommun,1784,2014,KF,L,4.41,16731
kommun,1784,2014,KF,KD,1.92,16731
kommun,1784,2014,KF,M,15.01,16731
kommun,1784,2014,KF,SD,8.58,16731
kommun,1784,2014,RD,V,6.08,16818
kommun,1784,2014,RD,S,39.37,16818
kommun,1784,2014,RD,MP,5.06,16818
kommun,1784,2014,RD,C,7.9,16818
kommun,1784,2014,RD,L,3.47,16818
kommun,1784,2014,RD,KD,3.73,16818
kommun,1784,2014,RD,M,17.61,16818
kommun,1784,2014,RD,SD,13.79,16818
kommun,1784,2014,RF,V,6.89,16435
kommun,1784,2014,RF,S,43.28,16435
kommun,1784,2014,RF,MP,5.15,16435
kommun,1784,2014,RF,C,9.91,16435
kommun,1784,2014,RF,L,4.41,16435
kommun,1784,2014,RF,KD,3.22,16435
kommun,1784,2014,RF,M,13.75,16435
kommun,1784,2014,RF,SD,8.86,16435
kommun,1784,2018,KF,V,6.75,17041
kommun,1784,2018,KF,S,39.18,17041
kommun,1784,2018,KF,MP,3.05,17041
kommun,1784,2018,KF,C,12.46,17041
kommun,1784,2018,KF,L,3.37,17041
kommun,1784,2018,KF,KD,2.84,17041
kommun,1784,2018,KF,M,18.36,17041
kommun,1784,2018,KF,SD,11.95,17041
kommun,1784,2018,RD,V,8.35,16961
kommun,1784,2018,RD,S,33.99,16961
kommun,1784,2018,RD,MP,3.58,16961
kommun,1784,2018,RD,C,9.44,16961
kommun,1784,2018,RD,L,3.57,16961
kommun,1784,2018,RD,KD,5.67,16961
kommun,1784,2018,RD,M,15.13,16961
kommun,1784,2018,RD,SD,18.54,16961
kommun,1784,2018,RF,V,8.01,16764
kommun,1784,2018,RF,S,36.76,16764
kommun,1784,2018,RF,MP,3.27,16764
kommun,1784,2018,RF,C,9.96,16764
kommun,1784,2018,RF,L,3.44,16764
kommun,1784,2018,RF,KD,4.72,16764
kommun,1784,2018,RF,M,14.53,16764
kommun,1784,2018,RF,SD,12.31,16764
kommun,1784,2022,KF,V,5.89,16591
kommun,1784,2022,KF,S,36.56,16591
kommun,1784,2022,KF,MP,3.06,16591
kommun,1784,2022,KF,C,6.74,16591
kommun,1784,2022,KF,L,2.44,16591
kommun,1784,2022,KF,KD,4.52,16591
kommun,1784,2022,KF,M,20.11,16591
kommun,1784,2022,KF,SD,13.37,16591
kommun,1784,2022,RD,V,5.43,16593
kommun,1784,2022,RD,S,34.93,16593
kommun,1784,2022,RD,MP,4.18,16593
kommun,1784,2022,RD,C,5.97,16593
kommun,1784,2022,RD,L,2.92,16593
kommun,1784,2022,RD,KD,5.54,16593
kommun,1784,2022,RD,M,16.9,16593
kommun,1784,2022,RD,SD,23.26,16593
kommun,1784,2022,RF,V,6.63,16344
kommun,1784,2022,RF,S,37.52,16344
kommun,1784,2022,RF,MP,3.03,16344
kommun,1784,2022,RF,C,5.7,16344
kommun,1784,2022,RF,L,2.5,16344
kommun,1784,2022,RF,KD,6.77,16344
kommun,1784,2022,RF,M,17.19,16344
kommun,1784,2022,RF,SD,15.02,16344
kommun,1785,2014,KF,V,2.35,10063
kommun,1785,2014,KF,S,25.45,10063
kommun,1785,2014,KF,MP,3.31,10063
kommun,1785,2014,KF,C,24.65,10063
kommun,1785,2014,KF,L,2.05,10063
kommun,1785,2014,KF,KD,2.12,10063
kommun,1785,2014,KF,M,11.9,10063
kommun,1785,2014,KF,SD,13.76,10063
kommun,1785,2014,RD,V,3.47,10109
kommun,1785,2014,RD,S,33.25,10109
kommun,1785,2014,RD,MP,3.33,10109
kommun,1785,2014,RD,C,13.57,10109
kommun,1785,2014,RD,L,3.35,10109
kommun,1785,2014,RD,KD,4.23,10109
kommun,1785,2014,RD,M,19.1,10109
kommun,1785,2014,RD,SD,17.86,10109
kommun,1785,2014,RF,V,2.84,9957
kommun,1785,2014,RF,S,24.5,9957
kommun,1785,2014,RF,MP,2.88,9957
kommun,1785,2014,RF,C,11.62,9957
kommun,1785,2014,RF,L,1.98,9957
kommun,1785,2014,RF,KD,3.0,9957
kommun,1785,2014,RF,M,12.59,9957
kommun,1785,2014,RF,SD,11.1,9957
kommun,1785,2018,KF,V,2.46,10043
kommun,1785,2018,KF,S,22.36,10043
kommun,1785,2018,KF,MP,1.83,10043
kommun,1785,2018,KF,C,30.4,10043
kommun,1785,2018,KF,L,2.08,10043
kommun,1785,2018,KF,KD,2.53,10043
kommun,1785,2018,KF,M,11.04,10043
kommun,1785,2018,KF,SD,18.16,10043
kommun,1785,2018,RD,V,4.58,9896
kommun,1785,2018,RD,S,27.68,9896
kommun,1785,2018,RD,MP,2.0,9896
kommun,1785,2018,RD,C,14.24,9896
kommun,1785,2018,RD,L,3.06,9896
kommun,1785,2018,RD,KD,6.78,9896
kommun,1785,2018,RD,M,15.57,9896
kommun,1785,2018,RD,SD,25.11,9896
kommun,1785,2018,RF,V,2.93,9909
kommun,1785,2018,RF,S,22.55,9909
kommun,1785,2018,RF,MP,1.71,9909
kommun,1785,2018,RF,C,13.62,9909
kommun,1785,2018,RF,L,2.07,9909
kommun,1785,2018,RF,KD,4.05,9909
kommun,1785,2018,RF,M,11.79,9909
kommun,1785,2018,RF,SD,17.18,9909
kommun,1785,2022,KF,V,3.2,9825
kommun,1785,2022,KF,S,21.49,9825
kommun,1785,2022,KF,MP,2.05,9825
kommun,1785,2022,KF,C,25.01,9825
kommun,1785,2022,KF,L,2.17,9825
kommun,1785,2022,KF,KD,5.75,9825
kommun,1785,2022,KF,M,14.28,9825
kommun,1785,2022,KF,SD,19.27,9825
kommun,1785,2022,RD,V,3.56,9786
kommun,1785,2022,RD,S,28.04,9786
kommun,1785,2022,RD,MP,2.07,9786
kommun,1785,2022,RD,C,9.06,9786
kommun,1785,2022,RD,L,2.72,9786
kommun,1785,2022,RD,KD,7.51,9786
kommun,1785,2022,RD,M,16.69,9786
kommun,1785,2022,RD,SD,29.32,9786
kommun,1785,2022,RF,V,3.69,9663
kommun,1785,2022,RF,S,24.75,9663
kommun,1785,2022,RF,MP,1.45,9663
kommun,1785,2022,RF,C,11.37,9663
kommun,1785,2022,RF,L,2.16,9663
kommun,1785,2022,RF,KD,8.21,9663
kommun,1785,2022,RF,M,14.89,9663
kommun,1785,2022,RF,SD,20.48,9663
kommun,1814,2014,KF,V,4.14,4877
kommun,1814,2014,KF,S,27.72,4877
kommun,1814,2014,KF,MP,3.98,4877
kommun,1814,2014,KF,C,24.69,4877
kommun,1814,2014,KF,L,2.93,4877
kommun,1814,2014,KF,KD,5.37,4877
kommun,1814,2014,KF,M,14.11,4877
kommun,1814,2014,KF,SD,10.52,4877
kommun,1814,2014,RD,V,4.25,4939
kommun,1814,2014,RD,S,29.97,4939
kommun,1814,2014,RD,MP,4.25,4939
kommun,1814,2014,RD,C,13.42,4939
kommun,1814,2014,RD,L,3.14,4939
kommun,1814,2014,RD,KD,6.76,4939
kommun,1814,2014,RD,M,16.91,4939
kommun,1814,2014,RD,SD,18.16,4939
kommun,1814,2014,RF,V,5.04,4820
kommun,1814,2014,RF,S,33.78,4820
kommun,1814,2014,RF,MP,4.44,4820
kommun,1814,2014,RF,C,15.6,4820
kommun,1814,2014,RF,L,3.59,4820
kommun,1814,2014,RF,KD,7.66,4820
kommun,1814,2014,RF,M,15.89,4820
kommun,1814,2014,RF,SD,12.43,4820
kommun,1814,2018,KF,V,3.64,5225
kommun,1814,2018,KF,S,19.98,5225
kommun,1814,2018,KF,MP,2.53,5225
kommun,1814,2018,KF,C,30.79,5225
kommun,1814,2018,KF,L,2.89,5225
kommun,1814,2018,KF,KD,4.78,5225
kommun,1814,2018,KF,M,13.15,5225
kommun,1814,2018,KF,SD,16.65,5225
kommun,1814,2018,RD,V,5.27,5293
kommun,1814,2018,RD,S,25.86,5293
kommun,1814,2018,RD,MP,2.72,5293
kommun,1814,2018,RD,C,13.19,5293
kommun,1814,2018,RD,L,3.02,5293
kommun,1814,2018,RD,KD,8.69,5293
kommun,1814,2018,RD,M,15.68,5293
kommun,1814,2018,RD,SD,23.88,5293
kommun,1814,2018,RF,V,4.99,5146
kommun,1814,2018,RF,S,27.19,5146
kommun,1814,2018,RF,MP,2.76,5146
kommun,1814,2018,RF,C,17.18,5146
kommun,1814,2018,RF,L,3.79,5146
kommun,1814,2018,RF,KD,9.23,5146
kommun,1814,2018,RF,M,15.76,5146
kommun,1814,2018,RF,SD,17.33,5146
kommun,1814,2022,KF,V,3.42,5580
kommun,1814,2022,KF,S,19.61,5580
kommun,1814,2022,KF,MP,2.29,5580
kommun,1814,2022,KF,C,15.48,5580
kommun,1814,2022,KF,L,4.48,5580
kommun,1814,2022,KF,KD,6.58,5580
kommun,1814,2022,KF,M,28.3,5580
kommun,1814,2022,KF,SD,14.28,5580
kommun,1814,2022,RD,V,3.55,5598
kommun,1814,2022,RD,S,25.33,5598
kommun,1814,2022,RD,MP,3.39,5598
kommun,1814,2022,RD,C,9.52,5598
kommun,1814,2022,RD,L,3.77,5598
kommun,1814,2022,RD,KD,8.06,5598
kommun,1814,2022,RD,M,17.24,5598
kommun,1814,2022,RD,SD,27.51,5598
kommun,1814,2022,RF,V,4.6,5518
kommun,1814,2022,RF,S,24.63,5518
kommun,1814,2022,RF,MP,2.74,5518
kommun,1814,2022,RF,C,12.09,5518
kommun,1814,2022,RF,L,3.44,5518
kommun,1814,2022,RF,KD,8.26,5518
kommun,1814,2022,RF,M,19.83,5518
kommun,1814,2022,RF,SD,16.98,5518
kommun,1860,2014,KF,V,10.91,3695
kommun,1860,2014,KF,S,32.1,3695
kommun,1860,2014,KF,MP,4.82,3695
kommun,1860,2014,KF,C,10.91,3695
kommun,1860,2014,KF,L,3.68,3695
kommun,1860,2014,KF,KD,18.38,3695
kommun,1860,2014,KF,M,13.75,3695
kommun,1860,2014,KF,SD,5.2,3695
kommun,1860,2014,RD,V,5.51,3760
kommun,1860,2014,RD,S,43.86,3760
kommun,1860,2014,RD,MP,3.24,3760
kommun,1860,2014,RD,C,5.56,3760
kommun,1860,2014,RD,L,2.93,3760
kommun,1860,2014,RD,KD,5.4,3760
kommun,1860,2014,RD,M,13.78,3760
kommun,1860,2014,RD,SD,18.06,3760
kommun,1860,2014,RF,V,7.59,3664
kommun,1860,2014,RF,S,43.8,3664
kommun,1860,2014,RF,MP,3.74,3664
kommun,1860,2014,RF,C,6.03,3664
kommun,1860,2014,RF,L,3.68,3664
kommun,1860,2014,RF,KD,10.4,3664
kommun,1860,2014,RF,M,12.09,3664
kommun,1860,2014,RF,SD,11.6,3664
kommun,1860,2018,KF,V,8.85,3659
kommun,1860,2018,KF,S,22.66,3659
kommun,1860,2018,KF,MP,3.12,3659
kommun,1860,2018,KF,C,8.17,3659
kommun,1860,2018,KF,L,0.38,3659
kommun,1860,2018,KF,KD,38.95,3659
kommun,1860,2018,KF,M,10.14,3659
kommun,1860,2018,KF,SD,7.38,3659
kommun,1860,2018,RD,V,6.9,3665
kommun,1860,2018,RD,S,35.47,3665
kommun,1860,2018,RD,MP,1.64,3665
kommun,1860,2018,RD,C,6.41,3665
kommun,1860,2018,RD,L,2.81,3665
kommun,1860,2018,RD,KD,9.44,3665
kommun,1860,2018,RD,M,12.01,3665
kommun,1860,2018,RD,SD,24.15,3665
kommun,1860,2018,RF,V,7.9,3568
kommun,1860,2018,RF,S,35.93,3568
kommun,1860,2018,RF,MP,2.52,3568
kommun,1860,2018,RF,C,6.87,3568
kommun,1860,2018,RF,L,3.08,3568
kommun,1860,2018,RF,KD,16.09,3568
kommun,1860,2018,RF,M,11.88,3568
kommun,1860,2018,RF,SD,14.1,3568
kommun,1860,2022,KF,V,10.27,3650
kommun,1860,2022,KF,S,21.67,3650
kommun,1860,2022,KF,MP,2.25,3650
kommun,1860,2022,KF,C,25.92,3650
kommun,1860,2022,KF,L,0.63,3650
kommun,1860,2022,KF,KD,16.0,3650
kommun,1860,2022,KF,M,12.11,3650
kommun,1860,2022,KF,SD,10.79,3650
kommun,1860,2022,RD,V,4.76,3633
kommun,1860,2022,RD,S,34.49,3633
kommun,1860,2022,RD,MP,2.12,3633
kommun,1860,2022,RD,C,5.12,3633
kommun,1860,2022,RD,L,2.89,3633
kommun,1860,2022,RD,KD,6.25,3633
kommun,1860,2022,RD,M,12.25,3633
kommun,1860,2022,RD,SD,30.69,3633
kommun,1860,2022,RF,V,7.22,3548
kommun,1860,2022,RF,S,32.84,3548
kommun,1860,2022,RF,MP,1.58,3548
kommun,1860,2022,RF,C,8.23,3548
kommun,1860,2022,RF,L,2.59,3548
kommun,1860,2022,RF,KD,10.4,3548
kommun,1860,2022,RF,M,13.3,3548
kommun,1860,2022,RF,SD,16.46,3548
kommun,1861,2014,KF,V,6.7,10288
kommun,1861,2014,KF,S,45.58,10288
kommun,1861,2014,KF,MP,4.15,10288
kommun,1861,2014,KF,C,7.94,10288
kommun,1861,2014,KF,L,3.71,10288
kommun,1861,2014,KF,KD,4.74,10288
kommun,1861,2014,KF,M,12.7,10288
kommun,1861,2014,KF,SD,13.83,10288
kommun,1861,2014,RD,V,5.05,10280
kommun,1861,2014,RD,S,43.63,10280
kommun,1861,2014,RD,MP,4.35,10280
kommun,1861,2014,RD,C,6.18,10280
kommun,1861,2014,RD,L,2.92,10280
kommun,1861,2014,RD,KD,4.34,10280
kommun,1861,2014,RD,M,14.64,10280
kommun,1861,2014,RD,SD,16.66,10280
kommun,1861,2014,RF,V,5.73,10220
kommun,1861,2014,RF,S,47.02,10220
kommun,1861,2014,RF,MP,4.35,10220
kommun,1861,2014,RF,C,6.55,10220
kommun,1861,2014,RF,L,3.77,10220
kommun,1861,2014,RF,KD,4.85,10220
kommun,1861,2014,RF,M,13.36,10220
kommun,1861,2014,RF,SD,13.1,10220
kommun,1861,2018,KF,V,6.68,10344
kommun,1861,2018,KF,S,40.05,10344
kommun,1861,2018,KF,MP,2.8,10344
kommun,1861,2018,KF,C,10.63,10344
kommun,1861,2018,KF,L,2.8,10344
kommun,1861,2018,KF,KD,4.86,10344
kommun,1861,2018,KF,M,15.13,10344
kommun,1861,2018,KF,SD,16.74,10344
kommun,1861,2018,RD,V,6.56,10200
kommun,1861,2018,RD,S,36.89,10200
kommun,1861,2018,RD,MP,2.59,10200
kommun,1861,2018,RD,C,7.92,10200
kommun,1861,2018,RD,L,3.19,10200
kommun,1861,2018,RD,KD,5.88,10200
kommun,1861,2018,RD,M,13.82,10200
kommun,1861,2018,RD,SD,21.71,10200
kommun,1861,2018,RF,V,6.72,10309
kommun,1861,2018,RF,S,40.21,10309
kommun,1861,2018,RF,MP,2.51,10309
kommun,1861,2018,RF,C,8.3,10309
kommun,1861,2018,RF,L,3.45,10309
kommun,1861,2018,RF,KD,6.34,10309
kommun,1861,2018,RF,M,14.48,10309
kommun,1861,2018,RF,SD,16.76,10309
kommun,1861,2022,KF,V,5.6,10089
kommun,1861,2022,KF,S,37.3,10089
kommun,1861,2022,KF,MP,2.18,10089
kommun,1861,2022,KF,C,8.18,10089
kommun,1861,2022,KF,L,2.8,10089
kommun,1861,2022,KF,KD,3.86,10089
kommun,1861,2022,KF,M,18.03,10089
kommun,1861,2022,KF,SD,21.73,10089
kommun,1861,2022,RD,V,4.77,10073
kommun,1861,2022,RD,S,35.49,10073
kommun,1861,2022,RD,MP,2.94,10073
kommun,1861,2022,RD,C,6.09,10073
kommun,1861,2022,RD,L,2.9,10073
kommun,1861,2022,RD,KD,4.62,10073
kommun,1861,2022,RD,M,14.69,10073
kommun,1861,2022,RD,SD,27.24,10073
kommun,1861,2022,RF,V,5.45,10083
kommun,1861,2022,RF,S,36.17,10083
kommun,1861,2022,RF,MP,2.12,10083
kommun,1861,2022,RF,C,6.43,10083
kommun,1861,2022,RF,L,2.95,10083
kommun,1861,2022,RF,KD,5.19,10083
kommun,1861,2022,RF,M,16.04,10083
kommun,1861,2022,RF,SD,19.59,10083
kommun,1862,2014,KF,V,41.91,6435
kommun,1862,2014,KF,S,31.17,6435
kommun,1862,2014,KF,MP,3.5,6435
kommun,1862,2014,KF,C,4.86,6435
kommun,1862,2014,KF,L,2.04,6435
kommun,1862,2014,KF,KD,2.86,6435
kommun,1862,2014,KF,M,6.76,6435
kommun,1862,2014,KF,SD,6.6,6435
kommun,1862,2014,RD,V,8.09,6426
kommun,1862,2014,RD,S,51.15,6426
kommun,1862,2014,RD,MP,4.03,6426
kommun,1862,2014,RD,C,4.17,6426
kommun,1862,2014,RD,L,1.91,6426
kommun,1862,2014,RD,KD,3.41,6426
kommun,1862,2014,RD,M,10.57,6426
kommun,1862,2014,RD,SD,14.43,6426
kommun,1862,2014,RF,V,15.39,6321
kommun,1862,2014,RF,S,51.94,6321
kommun,1862,2014,RF,MP,3.88,6321
kommun,1862,2014,RF,C,3.77,6321
kommun,1862,2014,RF,L,2.1,6321
kommun,1862,2014,RF,KD,4.24,6321
kommun,1862,2014,RF,M,9.0,6321
kommun,1862,2014,RF,SD,8.05,6321
kommun,1862,2018,KF,V,35.68,6474
kommun,1862,2018,KF,S,30.27,6474
kommun,1862,2018,KF,MP,1.53,6474
kommun,1862,2018,KF,C,5.22,6474
kommun,1862,2018,KF,L,2.53,6474
kommun,1862,2018,KF,KD,2.18,6474
kommun,1862,2018,KF,M,10.15,6474
kommun,1862,2018,KF,SD,12.19,6474
kommun,1862,2018,RD,V,10.18,6415
kommun,1862,2018,RD,S,44.07,6415
kommun,1862,2018,RD,MP,2.37,6415
kommun,1862,2018,RD,C,5.35,6415
kommun,1862,2018,RD,L,2.4,6415
kommun,1862,2018,RD,KD,4.01,6415
kommun,1862,2018,RD,M,10.65,6415
kommun,1862,2018,RD,SD,19.88,6415
kommun,1862,2018,RF,V,18.89,6338
kommun,1862,2018,RF,S,40.33,6338
kommun,1862,2018,RF,MP,2.37,6338
kommun,1862,2018,RF,C,4.99,6338
kommun,1862,2018,RF,L,2.35,6338
kommun,1862,2018,RF,KD,3.93,6338
kommun,1862,2018,RF,M,13.08,6338
kommun,1862,2018,RF,SD,13.46,6338
kommun,1862,2022,KF,V,30.27,6141
kommun,1862,2022,KF,S,22.6,6141
kommun,1862,2022,KF,MP,2.0,6141
kommun,1862,2022,KF,C,6.2,6141
kommun,1862,2022,KF,L,0.98,6141
kommun,1862,2022,KF,KD,4.77,6141
kommun,1862,2022,KF,M,13.91,6141
kommun,1862,2022,KF,SD,19.04,6141
kommun,1862,2022,RD,V,7.75,6261
kommun,1862,2022,RD,S,39.64,6261
kommun,1862,2022,RD,MP,2.36,6261
kommun,1862,2022,RD,C,3.9,6261
kommun,1862,2022,RD,L,2.28,6261
kommun,1862,2022,RD,KD,4.15,6261
kommun,1862,2022,RD,M,11.98,6261
kommun,1862,2022,RD,SD,26.61,6261
kommun,1862,2022,RF,V,16.95,6125
kommun,1862,2022,RF,S,30.16,6125
kommun,1862,2022,RF,MP,1.68,6125
kommun,1862,2022,RF,C,4.03,6125
kommun,1862,2022,RF,L,1.8,6125
kommun,1862,2022,RF,KD,5.24,6125
kommun,1862,2022,RF,M,16.34,6125
kommun,1862,2022,RF,SD,17.78,6125
kommun,1863,2014,KF,V,21.96,4376
kommun,1863,2014,KF,S,26.62,4376
kommun,1863,2014,KF,MP,1.28,4376
kommun,1863,2014,KF,C,9.94,4376
kommun,1863,2014,KF,L,1.97,4376
kommun,1863,2014,KF,KD,0.8,4376
kommun,1863,2014,KF,M,16.16,4376
kommun,1863,2014,KF,SD,9.1,4376
kommun,1863,2014,RD,V,6.57,4398
kommun,1863,2014,RD,S,47.25,4398
kommun,1863,2014,RD,MP,3.14,4398
kommun,1863,2014,RD,C,4.66,4398
kommun,1863,2014,RD,L,2.16,4398
kommun,1863,2014,RD,KD,2.09,4398
kommun,1863,2014,RD,M,12.91,4398
kommun,1863,2014,RD,SD,17.96,4398
kommun,1863,2014,RF,V,9.9,4344
kommun,1863,2014,RF,S,48.23,4344
kommun,1863,2014,RF,MP,3.13,4344
kommun,1863,2014,RF,C,6.93,4344
kommun,1863,2014,RF,L,2.69,4344
kommun,1863,2014,RF,KD,2.09,4344
kommun,1863,2014,RF,M,13.51,4344
kommun,1863,2014,RF,SD,11.97,4344
kommun,1863,2018,KF,V,20.99,4365
kommun,1863,2018,KF,S,28.2,4365
kommun,1863,2018,KF,MP,0.41,4365
kommun,1863,2018,KF,C,10.77,4365
kommun,1863,2018,KF,L,0.39,4365
kommun,1863,2018,KF,KD,1.47,4365
kommun,1863,2018,KF,M,18.49,4365
kommun,1863,2018,KF,SD,13.75,4365
kommun,1863,2018,RD,V,8.98,4289
kommun,1863,2018,RD,S,39.73,4289
kommun,1863,2018,RD,MP,1.84,4289
kommun,1863,2018,RD,C,6.04,4289
kommun,1863,2018,RD,L,2.1,4289
kommun,1863,2018,RD,KD,3.38,4289
kommun,1863,2018,RD,M,11.89,4289
kommun,1863,2018,RD,SD,24.67,4289
kommun,1863,2018,RF,V,13.88,4281
kommun,1863,2018,RF,S,39.01,4281
kommun,1863,2018,RF,MP,1.52,4281
kommun,1863,2018,RF,C,8.88,4281
kommun,1863,2018,RF,L,1.71,4281
kommun,1863,2018,RF,KD,4.02,4281
kommun,1863,2018,RF,M,14.37,4281
kommun,1863,2018,RF,SD,15.3,4281
kommun,1863,2022,KF,V,11.41,4102
kommun,1863,2022,KF,S,28.01,4102
kommun,1863,2022,KF,MP,0.56,4102
kommun,1863,2022,KF,C,10.07,4102
kommun,1863,2022,KF,L,0.59,4102
kommun,1863,2022,KF,KD,0.8,4102
kommun,1863,2022,KF,M,25.45,4102
kommun,1863,2022,KF,SD,16.8,4102
kommun,1863,2022,RD,V,5.9,4016
kommun,1863,2022,RD,S,38.27,4016
kommun,1863,2022,RD,MP,2.64,4016
kommun,1863,2022,RD,C,4.23,4016
kommun,1863,2022,RD,L,2.09,4016
kommun,1863,2022,RD,KD,3.14,4016
kommun,1863,2022,RD,M,13.05,4016
kommun,1863,2022,RD,SD,29.51,4016
kommun,1863,2022,RF,V,9.74,3992
kommun,1863,2022,RF,S,34.64,3992
kommun,1863,2022,RF,MP,1.75,3992
kommun,1863,2022,RF,C,7.84,3992
kommun,1863,2022,RF,L,1.85,3992
kommun,1863,2022,RF,KD,3.81,3992
kommun,1863,2022,RF,M,17.74,3992
kommun,1863,2022,RF,SD,18.94,3992
kommun,1864,2014,KF,V,6.83,3133
kommun,1864,2014,KF,S,37.47,3133
kommun,1864,2014,KF,MP,7.56,3133
kommun,1864,2014,KF,C,8.23,3133
kommun,1864,2014,KF,L,3.26,3133
kommun,1864,2014,KF,KD,0.57,3133
kommun,1864,2014,KF,M,11.91,3133
kommun,1864,2014,KF,SD,23.84,3133
kommun,1864,2014,RD,V,6.65,3130
kommun,1864,2014,RD,S,41.98,3130
kommun,1864,2014,RD,MP,3.29,3130
kommun,1864,2014,RD,C,5.14,3130
kommun,1864,2014,RD,L,2.3,3130
kommun,1864,2014,RD,KD,2.17,3130
kommun,1864,2014,RD,M,12.3,3130
kommun,1864,2014,RD,SD,23.74,3130
kommun,1864,2014,RF,V,7.23,3097
kommun,1864,2014,RF,S,44.01,3097
kommun,1864,2014,RF,MP,4.13,3097
kommun,1864,2014,RF,C,5.65,3097
kommun,1864,2014,RF,L,3.1,3097
kommun,1864,2014,RF,KD,2.49,3097
kommun,1864,2014,RF,M,11.69,3097
kommun,1864,2014,RF,SD,20.57,3097
kommun,1864,2018,KF,V,6.25,3074
kommun,1864,2018,KF,S,39.33,3074
kommun,1864,2018,KF,MP,3.81,3074
kommun,1864,2018,KF,C,7.03,3074
kommun,1864,2018,KF,L,4.07,3074
kommun,1864,2018,KF,KD,1.17,3074
kommun,1864,2018,KF,M,11.74,3074
kommun,1864,2018,KF,SD,26.28,3074
kommun,1864,2018,RD,V,6.97,3000
kommun,1864,2018,RD,S,33.83,3000
kommun,1864,2018,RD,MP,1.9,3000
kommun,1864,2018,RD,C,5.97,3000
kommun,1864,2018,RD,L,2.67,3000
kommun,1864,2018,RD,KD,4.2,3000
kommun,1864,2018,RD,M,11.33,3000
kommun,1864,2018,RD,SD,31.2,3000
kommun,1864,2018,RF,V,7.36,3018
kommun,1864,2018,RF,S,36.81,3018
kommun,1864,2018,RF,MP,2.42,3018
kommun,1864,2018,RF,C,6.36,3018
kommun,1864,2018,RF,L,3.11,3018
kommun,1864,2018,RF,KD,4.37,3018
kommun,1864,2018,RF,M,11.99,3018
kommun,1864,2018,RF,SD,25.71,3018
kommun,1864,2022,KF,V,6.67,2863
kommun,1864,2022,KF,S,41.32,2863
kommun,1864,2022,KF,MP,1.05,2863
kommun,1864,2022,KF,C,0.94,2863
kommun,1864,2022,KF,L,0.59,2863
kommun,1864,2022,KF,KD,1.01,2863
kommun,1864,2022,KF,M,18.86,2863
kommun,1864,2022,KF,SD,28.15,2863
kommun,1864,2022,RD,V,5.45,2845
kommun,1864,2022,RD,S,32.83,2845
kommun,1864,2022,RD,MP,1.93,2845
kommun,1864,2022,RD,C,3.02,2845
kommun,1864,2022,RD,L,1.76,2845
kommun,1864,2022,RD,KD,4.15,2845
kommun,1864,2022,RD,M,13.71,2845
kommun,1864,2022,RD,SD,34.87,2845
kommun,1864,2022,RF,V,7.29,2825
kommun,1864,2022,RF,S,33.2,2825
kommun,1864,2022,RF,MP,2.05,2825
kommun,1864,2022,RF,C,3.4,2825
kommun,1864,2022,RF,L,1.59,2825
kommun,1864,2022,RF,KD,4.28,2825
kommun,1864,2022,RF,M,15.68,2825
kommun,1864,2022,RF,SD,27.4,2825
kommun,1880,2014,KF,V,5.98,92333
kommun,1880,2014,KF,S,36.03,92333
kommun,1880,2014,KF,MP,8.04,92333
kommun,1880,2014,KF,C,5.81,92333
kommun,1880,2014,KF,L,6.54,92333
kommun,1880,2014,KF,KD,6.6,92333
kommun,1880,2014,KF,M,18.48,92333
kommun,1880,2014,KF,SD,8.62,92333
kommun,1880,2014,RD,V,5.71,92429
kommun,1880,2014,RD,S,32.41,92429
kommun,1880,2014,RD,MP,8.36,92429
kommun,1880,2014,RD,C,5.11,92429
kommun,1880,2014,RD,L,5.36,92429
kommun,1880,2014,RD,KD,6.21,92429
kommun,1880,2014,RD,M,20.98,92429
kommun,1880,2014,RD,SD,11.57,92429
kommun,1880,2014,RF,V,6.32,91812
kommun,1880,2014,RF,S,36.97,91812
kommun,1880,2014,RF,MP,7.87,91812
kommun,1880,2014,RF,C,4.72,91812
kommun,1880,2014,RF,L,6.46,91812
kommun,1880,2014,RF,KD,7.01,91812
kommun,1880,2014,RF,M,19.41,91812
kommun,1880,2014,RF,SD,8.34,91812
kommun,1880,2018,KF,V,8.13,98947
kommun,1880,2018,KF,S,32.0,98947
kommun,1880,2018,KF,MP,5.09,98947
kommun,1880,2018,KF,C,8.43,98947
kommun,1880,2018,KF,L,7.18,98947
kommun,1880,2018,KF,KD,7.73,98947
kommun,1880,2018,KF,M,17.62,98947
kommun,1880,2018,KF,SD,9.92,98947
kommun,1880,2018,RD,V,8.46,98428
kommun,1880,2018,RD,S,31.48,98428
kommun,1880,2018,RD,MP,4.77,98428
kommun,1880,2018,RD,C,8.05,98428
kommun,1880,2018,RD,L,5.65,98428
kommun,1880,2018,RD,KD,7.74,98428
kommun,1880,2018,RD,M,17.9,98428
kommun,1880,2018,RD,SD,14.38,98428
kommun,1880,2018,RF,V,8.74,98564
kommun,1880,2018,RF,S,33.25,98564
kommun,1880,2018,RF,MP,4.6,98564
kommun,1880,2018,RF,C,7.19,98564
kommun,1880,2018,RF,L,7.06,98564
kommun,1880,2018,RF,KD,8.65,98564
kommun,1880,2018,RF,M,17.88,98564
kommun,1880,2018,RF,SD,9.82,98564
kommun,1880,2022,KF,V,8.43,98232
kommun,1880,2022,KF,S,30.55,98232
kommun,1880,2022,KF,MP,3.72,98232
kommun,1880,2022,KF,C,7.48,98232
kommun,1880,2022,KF,L,6.8,98232
kommun,1880,2022,KF,KD,5.86,98232
kommun,1880,2022,KF,M,17.01,98232
kommun,1880,2022,KF,SD,10.7,98232
kommun,1880,2022,RD,V,7.33,98118
kommun,1880,2022,RD,S,32.58,98118
kommun,1880,2022,RD,MP,5.19,98118
kommun,1880,2022,RD,C,7.05,98118
kommun,1880,2022,RD,L,5.91,98118
kommun,1880,2022,RD,KD,5.62,98118
kommun,1880,2022,RD,M,17.52,98118
kommun,1880,2022,RD,SD,17.05,98118
kommun,1880,2022,RF,V,8.93,97667
kommun,1880,2022,RF,S,32.56,97667
kommun,1880,2022,RF,MP,3.65,97667
kommun,1880,2022,RF,C,6.78,97667
kommun,1880,2022,RF,L,6.27,97667
kommun,1880,2022,RF,KD,7.27,97667
kommun,1880,2022,RF,M,17.65,97667
kommun,1880,2022,RF,SD,11.69,97667
kommun,1881,2014,KF,V,5.15,13465
kommun,1881,2014,KF,S,39.86,13465
kommun,1881,2014,KF,MP,5.18,13465
kommun,1881,2014,KF,C,6.36,13465
kommun,1881,2014,KF,L,10.14,13465
kommun,1881,2014,KF,KD,5.38,13465
kommun,1881,2014,KF,M,16.97,13465
kommun,1881,2014,KF,SD,10.47,13465
kommun,1881,2014,RD,V,4.27,13529
kommun,1881,2014,RD,S,38.18,13529
kommun,1881,2014,RD,MP,4.97,13529
kommun,1881,2014,RD,C,5.06,13529
kommun,1881,2014,RD,L,4.99,13529
kommun,1881,2014,RD,KD,5.79,13529
kommun,1881,2014,RD,M,17.96,13529
kommun,1881,2014,RD,SD,16.25,13529
kommun,1881,2014,RF,V,5.05,13303
kommun,1881,2014,RF,S,41.72,13303
kommun,1881,2014,RF,MP,5.06,13303
kommun,1881,2014,RF,C,5.71,13303
kommun,1881,2014,RF,L,6.99,13303
kommun,1881,2014,RF,KD,6.36,13303
kommun,1881,2014,RF,M,16.9,13303
kommun,1881,2014,RF,SD,10.79,13303
kommun,1881,2018,KF,V,5.19,13961
kommun,1881,2018,KF,S,33.35,13961
kommun,1881,2018,KF,MP,2.69,13961
kommun,1881,2018,KF,C,9.2,13961
kommun,1881,2018,KF,L,10.81,13961
kommun,1881,2018,KF,KD,7.66,13961
kommun,1881,2018,KF,M,16.42,13961
kommun,1881,2018,KF,SD,14.46,13961
kommun,1881,2018,RD,V,5.61,13948
kommun,1881,2018,RD,S,32.55,13948
kommun,1881,2018,RD,MP,2.7,13948
kommun,1881,2018,RD,C,7.05,13948
kommun,1881,2018,RD,L,5.0,13948
kommun,1881,2018,RD,KD,7.98,13948
kommun,1881,2018,RD,M,16.87,13948
kommun,1881,2018,RD,SD,21.08,13948
kommun,1881,2018,RF,V,5.63,13881
kommun,1881,2018,RF,S,35.44,13881
kommun,1881,2018,RF,MP,2.77,13881
kommun,1881,2018,RF,C,7.27,13881
kommun,1881,2018,RF,L,7.01,13881
kommun,1881,2018,RF,KD,8.92,13881
kommun,1881,2018,RF,M,16.97,13881
kommun,1881,2018,RF,SD,14.89,13881
kommun,1881,2022,KF,V,5.28,14079
kommun,1881,2022,KF,S,33.01,14079
kommun,1881,2022,KF,MP,1.8,14079
kommun,1881,2022,KF,C,8.74,14079
kommun,1881,2022,KF,L,9.49,14079
kommun,1881,2022,KF,KD,4.98,14079
kommun,1881,2022,KF,M,18.12,14079
kommun,1881,2022,KF,SD,18.34,14079
kommun,1881,2022,RD,V,4.26,14141
kommun,1881,2022,RD,S,33.24,14141
kommun,1881,2022,RD,MP,2.56,14141
kommun,1881,2022,RD,C,5.57,14141
kommun,1881,2022,RD,L,4.74,14141
kommun,1881,2022,RD,KD,5.57,14141
kommun,1881,2022,RD,M,17.28,14141
kommun,1881,2022,RD,SD,25.59,14141
kommun,1881,2022,RF,V,5.29,14013
kommun,1881,2022,RF,S,33.6,14013
kommun,1881,2022,RF,MP,2.11,14013
kommun,1881,2022,RF,C,6.33,14013
kommun,1881,2022,RF,L,5.69,14013
kommun,1881,2022,RF,KD,6.79,14013
kommun,1881,2022,RF,M,17.34,14013
kommun,1881,2022,RF,SD,17.01,14013
kommun,1882,2014,KF,V,6.39,7576
kommun,1882,2014,KF,S,38.01,7576
kommun,1882,2014,KF,MP,4.82,7576
kommun,1882,2014,KF,C,9.4,7576
kommun,1882,2014,KF,L,3.22,7576
kommun,1882,2014,KF,KD,5.69,7576
kommun,1882,2014,KF,M,18.1,7576
kommun,1882,2014,KF,SD,12.34,7576
kommun,1882,2014,RD,V,4.41,7664
kommun,1882,2014,RD,S,37.92,7664
kommun,1882,2014,RD,MP,4.14,7664
kommun,1882,2014,RD,C,8.48,7664
kommun,1882,2014,RD,L,3.11,7664
kommun,1882,2014,RD,KD,4.37,7664
kommun,1882,2014,RD,M,17.35,7664
kommun,1882,2014,RD,SD,17.68,7664
kommun,1882,2014,RF,V,5.82,7489
kommun,1882,2014,RF,S,40.42,7489
kommun,1882,2014,RF,MP,4.29,7489
kommun,1882,2014,RF,C,8.41,7489
kommun,1882,2014,RF,L,3.93,7489
kommun,1882,2014,RF,KD,5.01,7489
kommun,1882,2014,RF,M,17.83,7489
kommun,1882,2014,RF,SD,13.17,7489
kommun,1882,2018,KF,V,6.56,7856
kommun,1882,2018,KF,S,32.82,7856
kommun,1882,2018,KF,MP,2.32,7856
kommun,1882,2018,KF,C,9.23,7856
kommun,1882,2018,KF,L,2.47,7856
kommun,1882,2018,KF,KD,6.03,7856
kommun,1882,2018,KF,M,23.94,7856
kommun,1882,2018,KF,SD,14.18,7856
kommun,1882,2018,RD,V,5.45,7818
kommun,1882,2018,RD,S,32.16,7818
kommun,1882,2018,RD,MP,2.3,7818
kommun,1882,2018,RD,C,9.18,7818
kommun,1882,2018,RD,L,3.04,7818
kommun,1882,2018,RD,KD,6.75,7818
kommun,1882,2018,RD,M,16.45,7818
kommun,1882,2018,RD,SD,23.29,7818
kommun,1882,2018,RF,V,5.95,7780
kommun,1882,2018,RF,S,34.1,7780
kommun,1882,2018,RF,MP,2.28,7780
kommun,1882,2018,RF,C,8.71,7780
kommun,1882,2018,RF,L,3.65,7780
kommun,1882,2018,RF,KD,7.8,7780
kommun,1882,2018,RF,M,19.15,7780
kommun,1882,2018,RF,SD,16.38,7780
kommun,1882,2022,KF,V,3.96,7810
kommun,1882,2022,KF,S,32.51,7810
kommun,1882,2022,KF,MP,2.14,7810
kommun,1882,2022,KF,C,7.44,7810
kommun,1882,2022,KF,L,2.1,7810
kommun,1882,2022,KF,KD,5.06,7810
kommun,1882,2022,KF,M,23.79,7810
kommun,1882,2022,KF,SD,20.72,7810
kommun,1882,2022,RD,V,3.35,7817
kommun,1882,2022,RD,S,32.03,7817
kommun,1882,2022,RD,MP,2.96,7817
kommun,1882,2022,RD,C,6.46,7817
kommun,1882,2022,RD,L,2.8,7817
kommun,1882,2022,RD,KD,5.6,7817
kommun,1882,2022,RD,M,15.65,7817
kommun,1882,2022,RD,SD,29.64,7817
kommun,1882,2022,RF,V,4.3,7714
kommun,1882,2022,RF,S,32.45,7714
kommun,1882,2022,RF,MP,2.24,7714
kommun,1882,2022,RF,C,6.59,7714
kommun,1882,2022,RF,L,2.48,7714
kommun,1882,2022,RF,KD,6.81,7714
kommun,1882,2022,RF,M,20.08,7714
kommun,1882,2022,RF,SD,19.9,7714
kommun,1883,2014,KF,V,6.45,19665
kommun,1883,2014,KF,S,41.65,19665
kommun,1883,2014,KF,MP,5.99,19665
kommun,1883,2014,KF,C,3.53,19665
kommun,1883,2014,KF,L,4.61,19665
kommun,1883,2014,KF,KD,3.15,19665
kommun,1883,2014,KF,M,23.63,19665
kommun,1883,2014,KF,SD,8.15,19665
kommun,1883,2014,RD,V,5.0,19877
kommun,1883,2014,RD,S,44.66,19877
kommun,1883,2014,RD,MP,4.76,19877
kommun,1883,2014,RD,C,3.43,19877
kommun,1883,2014,RD,L,3.29,19877
kommun,1883,2014,RD,KD,3.62,19877
kommun,1883,2014,RD,M,18.68,19877
kommun,1883,2014,RD,SD,14.38,19877
kommun,1883,2014,RF,V,6.0,19509
kommun,1883,2014,RF,S,45.98,19509
kommun,1883,2014,RF,MP,4.91,19509
kommun,1883,2014,RF,C,2.99,19509
kommun,1883,2014,RF,L,3.75,19509
kommun,1883,2014,RF,KD,3.54,19509
kommun,1883,2014,RF,M,21.57,19509
kommun,1883,2014,RF,SD,8.62,19509
kommun,1883,2018,KF,V,7.85,20026
kommun,1883,2018,KF,S,31.81,20026
kommun,1883,2018,KF,MP,3.42,20026
kommun,1883,2018,KF,C,5.51,20026
kommun,1883,2018,KF,L,4.44,20026
kommun,1883,2018,KF,KD,3.64,20026
kommun,1883,2018,KF,M,32.13,20026
kommun,1883,2018,KF,SD,9.98,20026
kommun,1883,2018,RD,V,7.16,19899
kommun,1883,2018,RD,S,37.53,19899
kommun,1883,2018,RD,MP,2.8,19899
kommun,1883,2018,RD,C,6.03,19899
kommun,1883,2018,RD,L,3.98,19899
kommun,1883,2018,RD,KD,4.84,19899
kommun,1883,2018,RD,M,17.98,19899
kommun,1883,2018,RD,SD,18.34,19899
kommun,1883,2018,RF,V,8.38,19863
kommun,1883,2018,RF,S,35.49,19863
kommun,1883,2018,RF,MP,3.03,19863
kommun,1883,2018,RF,C,5.08,19863
kommun,1883,2018,RF,L,3.67,19863
kommun,1883,2018,RF,KD,4.39,19863
kommun,1883,2018,RF,M,28.58,19863
kommun,1883,2018,RF,SD,10.84,19863
kommun,1883,2022,KF,V,5.72,19544
kommun,1883,2022,KF,S,32.35,19544
kommun,1883,2022,KF,MP,2.93,19544
kommun,1883,2022,KF,C,3.12,19544
kommun,1883,2022,KF,L,2.55,19544
kommun,1883,2022,KF,KD,3.32,19544
kommun,1883,2022,KF,M,37.06,19544
kommun,1883,2022,KF,SD,12.36,19544
kommun,1883,2022,RD,V,5.03,19604
kommun,1883,2022,RD,S,37.44,19604
kommun,1883,2022,RD,MP,2.62,19604
kommun,1883,2022,RD,C,4.06,19604
kommun,1883,2022,RD,L,3.02,19604
kommun,1883,2022,RD,KD,3.94,19604
kommun,1883,2022,RD,M,18.93,19604
kommun,1883,2022,RD,SD,23.69,19604
kommun,1883,2022,RF,V,6.33,19382
kommun,1883,2022,RF,S,31.1,19382
kommun,1883,2022,RF,MP,2.01,19382
kommun,1883,2022,RF,C,3.35,19382
kommun,1883,2022,RF,L,2.58,19382
kommun,1883,2022,RF,KD,4.65,19382
kommun,1883,2022,RF,M,27.17,19382
kommun,1883,2022,RF,SD,12.85,19382
kommun,1884,2014,KF,V,10.2,6841
kommun,1884,2014,KF,S,39.38,6841
kommun,1884,2014,KF,MP,4.41,6841
kommun,1884,2014,KF,C,8.96,6841
kommun,1884,2014,KF,L,2.81,6841
kommun,1884,2014,KF,KD,2.88,6841
kommun,1884,2014,KF,M,12.83,6841
kommun,1884,2014,KF,SD,7.98,6841
kommun,1884,2014,RD,V,5.44,6924
kommun,1884,2014,RD,S,39.49,6924
kommun,1884,2014,RD,MP,5.1,6924
kommun,1884,2014,RD,C,7.5,6924
kommun,1884,2014,RD,L,3.52,6924
kommun,1884,2014,RD,KD,3.87,6924
kommun,1884,2014,RD,M,16.35,6924
kommun,1884,2014,RD,SD,15.42,6924
kommun,1884,2014,RF,V,6.0,6788
kommun,1884,2014,RF,S,47.33,6788
kommun,1884,2014,RF,MP,4.35,6788
kommun,1884,2014,RF,C,6.97,6788
kommun,1884,2014,RF,L,3.57,6788
kommun,1884,2014,RF,KD,4.2,6788
kommun,1884,2014,RF,M,16.23,6788
kommun,1884,2014,RF,SD,9.59,6788
kommun,1884,2018,KF,V,6.54,6960
kommun,1884,2018,KF,S,34.05,6960
kommun,1884,2018,KF,MP,2.4,6960
kommun,1884,2018,KF,C,9.35,6960
kommun,1884,2018,KF,L,2.66,6960
kommun,1884,2018,KF,KD,3.52,6960
kommun,1884,2018,KF,M,13.92,6960
kommun,1884,2018,KF,SD,9.6,6960
kommun,1884,2018,RD,V,6.34,6922
kommun,1884,2018,RD,S,33.72,6922
kommun,1884,2018,RD,MP,3.38,6922
kommun,1884,2018,RD,C,8.87,6922
kommun,1884,2018,RD,L,3.61,6922
kommun,1884,2018,RD,KD,6.3,6922
kommun,1884,2018,RD,M,14.68,6922
kommun,1884,2018,RD,SD,21.41,6922
kommun,1884,2018,RF,V,6.6,6882
kommun,1884,2018,RF,S,37.88,6882
kommun,1884,2018,RF,MP,2.8,6882
kommun,1884,2018,RF,C,8.83,6882
kommun,1884,2018,RF,L,4.21,6882
kommun,1884,2018,RF,KD,6.73,6882
kommun,1884,2018,RF,M,16.25,6882
kommun,1884,2018,RF,SD,13.38,6882
kommun,1884,2022,KF,V,6.03,6983
kommun,1884,2022,KF,S,29.36,6983
kommun,1884,2022,KF,MP,3.44,6983
kommun,1884,2022,KF,C,5.76,6983
kommun,1884,2022,KF,L,1.63,6983
kommun,1884,2022,KF,KD,3.12,6983
kommun,1884,2022,KF,M,15.25,6983
kommun,1884,2022,KF,SD,11.9,6983
kommun,1884,2022,RD,V,4.72,7031
kommun,1884,2022,RD,S,32.94,7031
kommun,1884,2022,RD,MP,4.35,7031
kommun,1884,2022,RD,C,6.03,7031
kommun,1884,2022,RD,L,3.71,7031
kommun,1884,2022,RD,KD,5.63,7031
kommun,1884,2022,RD,M,14.96,7031
kommun,1884,2022,RD,SD,25.8,7031
kommun,1884,2022,RF,V,6.23,6946
kommun,1884,2022,RF,S,32.15,6946
kommun,1884,2022,RF,MP,3.38,6946
kommun,1884,2022,RF,C,6.65,6946
kommun,1884,2022,RF,L,3.35,6946
kommun,1884,2022,RF,KD,6.62,6946
kommun,1884,2022,RF,M,14.86,6946
kommun,1884,2022,RF,SD,15.06,6946
kommun,1885,2014,KF,V,4.48,15363
kommun,1885,2014,KF,S,38.55,15363
kommun,1885,2014,KF,MP,4.89,15363
kommun,1885,2014,KF,C,12.06,15363
kommun,1885,2014,KF,L,2.68,15363
kommun,1885,2014,KF,KD,3.24,15363
kommun,1885,2014,KF,M,15.5,15363
kommun,1885,2014,KF,SD,17.24,15363
kommun,1885,2014,RD,V,4.31,15348
kommun,1885,2014,RD,S,36.94,15348
kommun,1885,2014,RD,MP,4.65,15348
kommun,1885,2014,RD,C,7.45,15348
kommun,1885,2014,RD,L,2.82,15348
kommun,1885,2014,RD,KD,3.7,15348
kommun,1885,2014,RD,M,16.86,15348
kommun,1885,2014,RD,SD,20.88,15348
kommun,1885,2014,RF,V,4.61,15221
kommun,1885,2014,RF,S,41.98,15221
kommun,1885,2014,RF,MP,4.39,15221
kommun,1885,2014,RF,C,8.99,15221
kommun,1885,2014,RF,L,3.2,15221
kommun,1885,2014,RF,KD,4.25,15221
kommun,1885,2014,RF,M,15.24,15221
kommun,1885,2014,RF,SD,16.06,15221
kommun,1885,2018,KF,V,5.88,15415
kommun,1885,2018,KF,S,31.41,15415
kommun,1885,2018,KF,MP,2.88,15415
kommun,1885,2018,KF,C,12.07,15415
kommun,1885,2018,KF,L,2.98,15415
kommun,1885,2018,KF,KD,4.57,15415
kommun,1885,2018,KF,M,17.16,15415
kommun,1885,2018,KF,SD,20.03,15415
kommun,1885,2018,RD,V,6.08,15280
kommun,1885,2018,RD,S,31.56,15280
kommun,1885,2018,RD,MP,2.57,15280
kommun,1885,2018,RD,C,8.49,15280
kommun,1885,2018,RD,L,2.84,15280
kommun,1885,2018,RD,KD,6.05,15280
kommun,1885,2018,RD,M,15.76,15280
kommun,1885,2018,RD,SD,25.02,15280
kommun,1885,2018,RF,V,6.29,15281
kommun,1885,2018,RF,S,33.08,15281
kommun,1885,2018,RF,MP,2.41,15281
kommun,1885,2018,RF,C,9.99,15281
kommun,1885,2018,RF,L,3.02,15281
kommun,1885,2018,RF,KD,6.3,15281
kommun,1885,2018,RF,M,17.58,15281
kommun,1885,2018,RF,SD,19.25,15281
kommun,1885,2022,KF,V,6.68,14941
kommun,1885,2022,KF,S,29.06,14941
kommun,1885,2022,KF,MP,2.44,14941
kommun,1885,2022,KF,C,8.29,14941
kommun,1885,2022,KF,L,3.13,14941
kommun,1885,2022,KF,KD,4.34,14941
kommun,1885,2022,KF,M,19.07,14941
kommun,1885,2022,KF,SD,22.84,14941
kommun,1885,2022,RD,V,5.1,15053
kommun,1885,2022,RD,S,30.19,15053
kommun,1885,2022,RD,MP,3.25,15053
kommun,1885,2022,RD,C,5.99,15053
kommun,1885,2022,RD,L,2.69,15053
kommun,1885,2022,RD,KD,5.39,15053
kommun,1885,2022,RD,M,15.53,15053
kommun,1885,2022,RD,SD,30.12,15053
kommun,1885,2022,RF,V,6.7,14907
kommun,1885,2022,RF,S,27.91,14907
kommun,1885,2022,RF,MP,2.6,14907
kommun,1885,2022,RF,C,6.7,14907
kommun,1885,2022,RF,L,3.09,14907
kommun,1885,2022,RF,KD,5.33,14907
kommun,1885,2022,RF,M,18.47,14907
kommun,1885,2022,RF,SD,21.78,14907
kommun,1904,2014,KF,V,7.74,2946
kommun,1904,2014,KF,S,38.59,2946
kommun,1904,2014,KF,MP,3.16,2946
kommun,1904,2014,KF,C,6.11,2946
kommun,1904,2014,KF,L,29.87,2946
kommun,1904,2014,KF,KD,0.98,2946
kommun,1904,2014,KF,M,5.33,2946
kommun,1904,2014,KF,SD,7.74,2946
kommun,1904,2014,RD,V,6.36,2909
kommun,1904,2014,RD,S,42.8,2909
kommun,1904,2014,RD,MP,2.96,2909
kommun,1904,2014,RD,C,6.43,2909
kommun,1904,2014,RD,L,5.12,2909
kommun,1904,2014,RD,KD,2.41,2909
kommun,1904,2014,RD,M,13.34,2909
kommun,1904,2014,RD,SD,18.15,2909
kommun,1904,2014,RF,V,8.31,2875
kommun,1904,2014,RF,S,43.48,2875
kommun,1904,2014,RF,MP,2.64,2875
kommun,1904,2014,RF,C,6.3,2875
kommun,1904,2014,RF,L,8.35,2875
kommun,1904,2014,RF,KD,2.64,2875
kommun,1904,2014,RF,M,11.69,2875
kommun,1904,2014,RF,SD,11.03,2875
kommun,1904,2018,KF,V,5.04,2938
kommun,1904,2018,KF,S,41.12,2938
kommun,1904,2018,KF,MP,0.78,2938
kommun,1904,2018,KF,C,4.97,2938
kommun,1904,2018,KF,L,21.48,2938
kommun,1904,2018,KF,KD,1.43,2938
kommun,1904,2018,KF,M,5.58,2938
kommun,1904,2018,KF,SD,19.23,2938
kommun,1904,2018,RD,V,6.56,2865
kommun,1904,2018,RD,S,38.46,2865
kommun,1904,2018,RD,MP,2.02,2865
kommun,1904,2018,RD,C,6.67,2865
kommun,1904,2018,RD,L,4.89,2865
kommun,1904,2018,RD,KD,3.94,2865
kommun,1904,2018,RD,M,10.72,2865
kommun,1904,2018,RD,SD,25.24,2865
kommun,1904,2018,RF,V,6.84,2851
kommun,1904,2018,RF,S,42.41,2851
kommun,1904,2018,RF,MP,1.51,2851
kommun,1904,2018,RF,C,6.45,2851
kommun,1904,2018,RF,L,7.86,2851
kommun,1904,2018,RF,KD,4.21,2851
kommun,1904,2018,RF,M,9.4,2851
kommun,1904,2018,RF,SD,19.71,2851
kommun,1904,2022,KF,V,8.55,2818
kommun,1904,2022,KF,S,35.52,2818
kommun,1904,2022,KF,MP,0.32,2818
kommun,1904,2022,KF,C,3.76,2818
kommun,1904,2022,KF,L,19.06,2818
kommun,1904,2022,KF,KD,1.67,2818
kommun,1904,2022,KF,M,7.24,2818
kommun,1904,2022,KF,SD,23.78,2818
kommun,1904,2022,RD,V,5.2,2787
kommun,1904,2022,RD,S,34.37,2787
kommun,1904,2022,RD,MP,2.76,2787
kommun,1904,2022,RD,C,4.09,2787
kommun,1904,2022,RD,L,4.2,2787
kommun,1904,2022,RD,KD,5.27,2787
kommun,1904,2022,RD,M,11.63,2787
kommun,1904,2022,RD,SD,31.43,2787
kommun,1904,2022,RF,V,6.76,2735
kommun,1904,2022,RF,S,37.92,2735
kommun,1904,2022,RF,MP,1.13,2735
kommun,1904,2022,RF,C,4.02,2735
kommun,1904,2022,RF,L,6.95,2735
kommun,1904,2022,RF,KD,6.51,2735
kommun,1904,2022,RF,M,11.04,2735
kommun,1904,2022,RF,SD,25.3,2735
kommun,1907,2014,KF,V,11.52,6235
kommun,1907,2014,KF,S,37.95,6235
kommun,1907,2014,KF,MP,4.2,6235
kommun,1907,2014,KF,C,13.1,6235
kommun,1907,2014,KF,L,4.12,6235
kommun,1907,2014,KF,KD,2.87,6235
kommun,1907,2014,KF,M,14.02,6235
kommun,1907,2014,KF,SD,11.82,6235
kommun,1907,2014,RD,V,7.22,6245
kommun,1907,2014,RD,S,45.36,6245
kommun,1907,2014,RD,MP,3.41,6245
kommun,1907,2014,RD,C,3.71,6245
kommun,1907,2014,RD,L,3.41,6245
kommun,1907,2014,RD,KD,2.27,6245
kommun,1907,2014,RD,M,13.56,6245
kommun,1907,2014,RD,SD,18.43,6245
kommun,1907,2014,RF,V,9.32,6146
kommun,1907,2014,RF,S,45.98,6146
kommun,1907,2014,RF,MP,3.63,6146
kommun,1907,2014,RF,C,4.65,6146
kommun,1907,2014,RF,L,4.21,6146
kommun,1907,2014,RF,KD,2.98,6146
kommun,1907,2014,RF,M,12.82,6146
kommun,1907,2014,RF,SD,12.89,6146
kommun,1907,2018,KF,V,8.86,6285
kommun,1907,2018,KF,S,34.11,6285
kommun,1907,2018,KF,MP,1.67,6285
kommun,1907,2018,KF,C,7.72,6285
kommun,1907,2018,KF,L,3.5,6285
kommun,1907,2018,KF,KD,2.66,6285
kommun,1907,2018,KF,M,19.32,6285
kommun,1907,2018,KF,SD,21.8,6285
kommun,1907,2018,RD,V,8.19,6241
kommun,1907,2018,RD,S,36.4,6241
kommun,1907,2018,RD,MP,1.91,6241
kommun,1907,2018,RD,C,4.01,6241
kommun,1907,2018,RD,L,3.36,6241
kommun,1907,2018,RD,KD,4.17,6241
kommun,1907,2018,RD,M,12.96,6241
kommun,1907,2018,RD,SD,27.54,6241
kommun,1907,2018,RF,V,8.96,6184
kommun,1907,2018,RF,S,38.08,6184
kommun,1907,2018,RF,MP,1.79,6184
kommun,1907,2018,RF,C,3.99,6184
kommun,1907,2018,RF,L,3.99,6184
kommun,1907,2018,RF,KD,5.21,6184
kommun,1907,2018,RF,M,15.43,6184
kommun,1907,2018,RF,SD,21.8,6184
kommun,1907,2022,KF,V,5.05,6162
kommun,1907,2022,KF,S,35.39,6162
kommun,1907,2022,KF,MP,1.38,6162
kommun,1907,2022,KF,C,5.73,6162
kommun,1907,2022,KF,L,1.56,6162
kommun,1907,2022,KF,KD,2.74,6162
kommun,1907,2022,KF,M,21.97,6162
kommun,1907,2022,KF,SD,26.05,6162
kommun,1907,2022,RD,V,5.04,6185
kommun,1907,2022,RD,S,34.73,6185
kommun,1907,2022,RD,MP,1.92,6185
kommun,1907,2022,RD,C,2.75,6185
kommun,1907,2022,RD,L,2.51,6185
kommun,1907,2022,RD,KD,4.43,6185
kommun,1907,2022,RD,M,13.89,6185
kommun,1907,2022,RD,SD,33.73,6185
kommun,1907,2022,RF,V,5.9,6070
kommun,1907,2022,RF,S,36.77,6070
kommun,1907,2022,RF,MP,1.32,6070
kommun,1907,2022,RF,C,3.01,6070
kommun,1907,2022,RF,L,2.69,6070
kommun,1907,2022,RF,KD,5.5,6070
kommun,1907,2022,RF,M,17.31,6070
kommun,1907,2022,RF,SD,27.18,6070
kommun,1960,2014,KF,V,5.46,5315
kommun,1960,2014,KF,S,35.54,5315
kommun,1960,2014,KF,MP,3.88,5315
kommun,1960,2014,KF,C,12.85,5315
kommun,1960,2014,KF,L,8.67,5315
kommun,1960,2014,KF,KD,3.39,5315
kommun,1960,2014,KF,M,18.23,5315
kommun,1960,2014,KF,SD,11.59,5315
kommun,1960,2014,RD,V,5.03,5332
kommun,1960,2014,RD,S,36.31,5332
kommun,1960,2014,RD,MP,3.62,5332
kommun,1960,2014,RD,C,7.2,5332
kommun,1960,2014,RD,L,4.91,5332
kommun,1960,2014,RD,KD,4.41,5332
kommun,1960,2014,RD,M,18.72,5332
kommun,1960,2014,RD,SD,17.46,5332
kommun,1960,2014,RF,V,6.03,5238
kommun,1960,2014,RF,S,38.01,5238
kommun,1960,2014,RF,MP,3.91,5238
kommun,1960,2014,RF,C,9.09,5238
kommun,1960,2014,RF,L,6.2,5238
kommun,1960,2014,RF,KD,4.45,5238
kommun,1960,2014,RF,M,17.85,5238
kommun,1960,2014,RF,SD,12.71,5238
kommun,1960,2018,KF,V,4.87,5446
kommun,1960,2018,KF,S,35.75,5446
kommun,1960,2018,KF,MP,1.58,5446
kommun,1960,2018,KF,C,13.73,5446
kommun,1960,2018,KF,L,4.74,5446
kommun,1960,2018,KF,KD,3.56,5446
kommun,1960,2018,KF,M,17.1,5446
kommun,1960,2018,KF,SD,17.79,5446
kommun,1960,2018,RD,V,5.85,5370
kommun,1960,2018,RD,S,31.43,5370
kommun,1960,2018,RD,MP,2.09,5370
kommun,1960,2018,RD,C,8.55,5370
kommun,1960,2018,RD,L,4.41,5370
kommun,1960,2018,RD,KD,5.61,5370
kommun,1960,2018,RD,M,16.65,5370
kommun,1960,2018,RD,SD,23.91,5370
kommun,1960,2018,RF,V,6.38,5373
kommun,1960,2018,RF,S,34.86,5373
kommun,1960,2018,RF,MP,1.99,5373
kommun,1960,2018,RF,C,10.07,5373
kommun,1960,2018,RF,L,4.76,5373
kommun,1960,2018,RF,KD,5.88,5373
kommun,1960,2018,RF,M,16.99,5373
kommun,1960,2018,RF,SD,18.3,5373
kommun,1960,2022,KF,V,5.02,5423
kommun,1960,2022,KF,S,34.34,5423
kommun,1960,2022,KF,MP,1.25,5423
kommun,1960,2022,KF,C,11.43,5423
kommun,1960,2022,KF,L,3.78,5423
kommun,1960,2022,KF,KD,6.03,5423
kommun,1960,2022,KF,M,16.43,5423
kommun,1960,2022,KF,SD,21.5,5423
kommun,1960,2022,RD,V,4.47,5456
kommun,1960,2022,RD,S,32.02,5456
kommun,1960,2022,RD,MP,2.46,5456
kommun,1960,2022,RD,C,5.19,5456
kommun,1960,2022,RD,L,3.67,5456
kommun,1960,2022,RD,KD,5.96,5456
kommun,1960,2022,RD,M,16.2,5456
kommun,1960,2022,RD,SD,28.96,5456
kommun,1960,2022,RF,V,5.74,5345
kommun,1960,2022,RF,S,33.4,5345
kommun,1960,2022,RF,MP,1.48,5345
kommun,1960,2022,RF,C,6.96,5345
kommun,1960,2022,RF,L,4.58,5345
kommun,1960,2022,RF,KD,8.33,5345
kommun,1960,2022,RF,M,16.58,5345
kommun,1960,2022,RF,SD,22.39,5345
kommun,1961,2014,KF,V,9.0,9788
kommun,1961,2014,KF,S,47.25,9788
kommun,1961,2014,KF,MP,4.04,9788
kommun,1961,2014,KF,C,4.74,9788
kommun,1961,2014,KF,L,7.17,9788
kommun,1961,2014,KF,KD,3.46,9788
kommun,1961,2014,KF,M,12.29,9788
kommun,1961,2014,KF,SD,11.68,9788
kommun,1961,2014,RD,V,6.08,9655
kommun,1961,2014,RD,S,44.98,9655
kommun,1961,2014,RD,MP,4.03,9655
kommun,1961,2014,RD,C,3.82,9655
kommun,1961,2014,RD,L,3.83,9655
kommun,1961,2014,RD,KD,3.26,9655
kommun,1961,2014,RD,M,15.0,9655
kommun,1961,2014,RD,SD,16.63,9655
kommun,1961,2014,RF,V,7.77,9730
kommun,1961,2014,RF,S,47.41,9730
kommun,1961,2014,RF,MP,4.19,9730
kommun,1961,2014,RF,C,3.87,9730
kommun,1961,2014,RF,L,5.08,9730
kommun,1961,2014,RF,KD,4.19,9730
kommun,1961,2014,RF,M,14.21,9730
kommun,1961,2014,RF,SD,11.83,9730
kommun,1961,2018,KF,V,8.71,10244
kommun,1961,2018,KF,S,39.11,10244
kommun,1961,2018,KF,MP,2.64,10244
kommun,1961,2018,KF,C,5.71,10244
kommun,1961,2018,KF,L,7.03,10244
kommun,1961,2018,KF,KD,4.22,10244
kommun,1961,2018,KF,M,17.19,10244
kommun,1961,2018,KF,SD,14.77,10244
kommun,1961,2018,RD,V,7.97,10063
kommun,1961,2018,RD,S,36.15,10063
kommun,1961,2018,RD,MP,2.23,10063
kommun,1961,2018,RD,C,5.29,10063
kommun,1961,2018,RD,L,3.99,10063
kommun,1961,2018,RD,KD,5.08,10063
kommun,1961,2018,RD,M,14.69,10063
kommun,1961,2018,RD,SD,23.25,10063
kommun,1961,2018,RF,V,8.5,10138
kommun,1961,2018,RF,S,38.97,10138
kommun,1961,2018,RF,MP,2.08,10138
kommun,1961,2018,RF,C,5.28,10138
kommun,1961,2018,RF,L,5.36,10138
kommun,1961,2018,RF,KD,5.73,10138
kommun,1961,2018,RF,M,17.27,10138
kommun,1961,2018,RF,SD,16.1,10138
kommun,1961,2022,KF,V,8.1,10188
kommun,1961,2022,KF,S,37.74,10188
kommun,1961,2022,KF,MP,2.06,10188
kommun,1961,2022,KF,C,5.82,10188
kommun,1961,2022,KF,L,4.13,10188
kommun,1961,2022,KF,KD,4.39,10188
kommun,1961,2022,KF,M,16.35,10188
kommun,1961,2022,KF,SD,21.0,10188
kommun,1961,2022,RD,V,5.94,10125
kommun,1961,2022,RD,S,34.87,10125
kommun,1961,2022,RD,MP,2.61,10125
kommun,1961,2022,RD,C,4.32,10125
kommun,1961,2022,RD,L,2.89,10125
kommun,1961,2022,RD,KD,4.86,10125
kommun,1961,2022,RD,M,14.8,10125
kommun,1961,2022,RD,SD,28.17,10125
kommun,1961,2022,RF,V,7.65,10080
kommun,1961,2022,RF,S,36.26,10080
kommun,1961,2022,RF,MP,1.88,10080
kommun,1961,2022,RF,C,4.97,10080
kommun,1961,2022,RF,L,3.79,10080
kommun,1961,2022,RF,KD,6.43,10080
kommun,1961,2022,RF,M,16.63,10080
kommun,1961,2022,RF,SD,21.55,10080
kommun,1962,2014,KF,V,20.97,3738
kommun,1962,2014,KF,S,39.06,3738
kommun,1962,2014,KF,MP,2.27,3738
kommun,1962,2014,KF,C,5.32,3738
kommun,1962,2014,KF,L,3.08,3738
kommun,1962,2014,KF,KD,0.96,3738
kommun,1962,2014,KF,M,7.44,3738
kommun,1962,2014,KF,SD,12.31,3738
kommun,1962,2014,RD,V,8.87,3766
kommun,1962,2014,RD,S,38.42,3766
kommun,1962,2014,RD,MP,4.28,3766
kommun,1962,2014,RD,C,4.33,3766
kommun,1962,2014,RD,L,2.84,3766
kommun,1962,2014,RD,KD,2.26,3766
kommun,1962,2014,RD,M,14.21,3766
kommun,1962,2014,RD,SD,20.34,3766
kommun,1962,2014,RF,V,12.77,3658
kommun,1962,2014,RF,S,42.32,3658
kommun,1962,2014,RF,MP,2.98,3658
kommun,1962,2014,RF,C,3.88,3658
kommun,1962,2014,RF,L,2.65,3658
kommun,1962,2014,RF,KD,2.35,3658
kommun,1962,2014,RF,M,10.42,3658
kommun,1962,2014,RF,SD,13.31,3658
kommun,1962,2018,KF,V,10.52,3726
kommun,1962,2018,KF,S,40.61,3726
kommun,1962,2018,KF,MP,1.37,3726
kommun,1962,2018,KF,C,4.72,3726
kommun,1962,2018,KF,L,4.91,3726
kommun,1962,2018,KF,KD,1.74,3726
kommun,1962,2018,KF,M,7.86,3726
kommun,1962,2018,KF,SD,9.77,3726
kommun,1962,2018,RD,V,9.54,3742
kommun,1962,2018,RD,S,36.5,3742
kommun,1962,2018,RD,MP,2.51,3742
kommun,1962,2018,RD,C,5.72,3742
kommun,1962,2018,RD,L,3.77,3742
kommun,1962,2018,RD,KD,4.09,3742
kommun,1962,2018,RD,M,14.11,3742
kommun,1962,2018,RD,SD,21.62,3742
kommun,1962,2018,RF,V,10.24,3622
kommun,1962,2018,RF,S,44.62,3622
kommun,1962,2018,RF,MP,1.38,3622
kommun,1962,2018,RF,C,5.66,3622
kommun,1962,2018,RF,L,4.91,3622
kommun,1962,2018,RF,KD,4.64,3622
kommun,1962,2018,RF,M,12.87,3622
kommun,1962,2018,RF,SD,13.89,3622
kommun,1962,2022,KF,V,9.45,3398
kommun,1962,2022,KF,S,40.73,3398
kommun,1962,2022,KF,MP,0.26,3398
kommun,1962,2022,KF,C,0.85,3398
kommun,1962,2022,KF,L,5.5,3398
kommun,1962,2022,KF,KD,1.32,3398
kommun,1962,2022,KF,M,11.51,3398
kommun,1962,2022,KF,SD,0.0,3398
kommun,1962,2022,RD,V,7.69,3587
kommun,1962,2022,RD,S,36.91,3587
kommun,1962,2022,RD,MP,2.9,3587
kommun,1962,2022,RD,C,2.98,3587
kommun,1962,2022,RD,L,3.12,3587
kommun,1962,2022,RD,KD,4.6,3587
kommun,1962,2022,RD,M,14.27,3587
kommun,1962,2022,RD,SD,25.79,3587
kommun,1962,2022,RF,V,9.4,3458
kommun,1962,2022,RF,S,43.32,3458
kommun,1962,2022,RF,MP,1.19,3458
kommun,1962,2022,RF,C,3.27,3458
kommun,1962,2022,RF,L,4.68,3458
kommun,1962,2022,RF,KD,6.56,3458
kommun,1962,2022,RF,M,14.55,3458
kommun,1962,2022,RF,SD,16.37,3458
kommun,1980,2014,KF,V,6.22,91576
kommun,1980,2014,KF,S,34.4,91576
kommun,1980,2014,KF,MP,6.6,91576
kommun,1980,2014,KF,C,5.56,91576
kommun,1980,2014,KF,L,8.61,91576
kommun,1980,2014,KF,KD,3.82,91576
kommun,1980,2014,KF,M,24.49,91576
kommun,1980,2014,KF,SD,8.95,91576
kommun,1980,2014,RD,V,5.14,91781
kommun,1980,2014,RD,S,32.5,91781
kommun,1980,2014,RD,MP,5.89,91781
kommun,1980,2014,RD,C,4.5,91781
kommun,1980,2014,RD,L,6.46,91781
kommun,1980,2014,RD,KD,4.48,91781
kommun,1980,2014,RD,M,24.8,91781
kommun,1980,2014,RD,SD,12.95,91781
kommun,1980,2014,RF,V,6.68,91154
kommun,1980,2014,RF,S,34.98,91154
kommun,1980,2014,RF,MP,6.2,91154
kommun,1980,2014,RF,C,4.41,91154
kommun,1980,2014,RF,L,7.54,91154
kommun,1980,2014,RF,KD,4.97,91154
kommun,1980,2014,RF,M,25.08,91154
kommun,1980,2014,RF,SD,8.76,91154
kommun,1980,2018,KF,V,7.87,96573
kommun,1980,2018,KF,S,28.69,96573
kommun,1980,2018,KF,MP,3.46,96573
kommun,1980,2018,KF,C,6.15,96573
kommun,1980,2018,KF,L,11.06,96573
kommun,1980,2018,KF,KD,5.06,96573
kommun,1980,2018,KF,M,23.41,96573
kommun,1980,2018,KF,SD,13.38,96573
kommun,1980,2018,RD,V,7.15,96032
kommun,1980,2018,RD,S,29.12,96032
kommun,1980,2018,RD,MP,3.4,96032
kommun,1980,2018,RD,C,6.32,96032
kommun,1980,2018,RD,L,6.83,96032
kommun,1980,2018,RD,KD,6.17,96032
kommun,1980,2018,RD,M,22.19,96032
kommun,1980,2018,RD,SD,17.51,96032
kommun,1980,2018,RF,V,8.16,96159
kommun,1980,2018,RF,S,30.02,96159
kommun,1980,2018,RF,MP,3.18,96159
kommun,1980,2018,RF,C,5.8,96159
kommun,1980,2018,RF,L,8.5,96159
kommun,1980,2018,RF,KD,6.66,96159
kommun,1980,2018,RF,M,23.88,96159
kommun,1980,2018,RF,SD,12.98,96159
kommun,1980,2022,KF,V,8.37,95253
kommun,1980,2022,KF,S,30.11,95253
kommun,1980,2022,KF,MP,2.88,95253
kommun,1980,2022,KF,C,6.29,95253
kommun,1980,2022,KF,L,6.48,95253
kommun,1980,2022,KF,KD,4.94,95253
kommun,1980,2022,KF,M,24.69,95253
kommun,1980,2022,KF,SD,14.9,95253
kommun,1980,2022,RD,V,6.38,95133
kommun,1980,2022,RD,S,30.95,95133
kommun,1980,2022,RD,MP,3.65,95133
kommun,1980,2022,RD,C,5.82,95133
kommun,1980,2022,RD,L,5.08,95133
kommun,1980,2022,RD,KD,4.74,95133
kommun,1980,2022,RD,M,22.12,95133
kommun,1980,2022,RD,SD,19.93,95133
kommun,1980,2022,RF,V,8.56,94931
kommun,1980,2022,RF,S,31.29,94931
kommun,1980,2022,RF,MP,2.4,94931
kommun,1980,2022,RF,C,5.64,94931
kommun,1980,2022,RF,L,5.82,94931
kommun,1980,2022,RF,KD,6.82,94931
kommun,1980,2022,RF,M,23.88,94931
kommun,1980,2022,RF,SD,14.82,94931
kommun,1981,2014,KF,V,4.08,14425
kommun,1981,2014,KF,S,30.84,14425
kommun,1981,2014,KF,MP,3.75,14425
kommun,1981,2014,KF,C,20.19,14425
kommun,1981,2014,KF,L,3.04,14425
kommun,1981,2014,KF,KD,2.66,14425
kommun,1981,2014,KF,M,11.86,14425
kommun,1981,2014,KF,SD,10.22,14425
kommun,1981,2014,RD,V,4.61,14529
kommun,1981,2014,RD,S,33.5,14529
kommun,1981,2014,RD,MP,4.67,14529
kommun,1981,2014,RD,C,11.01,14529
kommun,1981,2014,RD,L,4.04,14529
kommun,1981,2014,RD,KD,3.59,14529
kommun,1981,2014,RD,M,19.88,14529
kommun,1981,2014,RD,SD,15.4,14529
kommun,1981,2014,RF,V,5.33,14154
kommun,1981,2014,RF,S,35.83,14154
kommun,1981,2014,RF,MP,4.59,14154
kommun,1981,2014,RF,C,13.76,14154
kommun,1981,2014,RF,L,4.01,14154
kommun,1981,2014,RF,KD,4.0,14154
kommun,1981,2014,RF,M,17.68,14154
kommun,1981,2014,RF,SD,10.56,14154
kommun,1981,2018,KF,V,4.42,15048
kommun,1981,2018,KF,S,28.41,15048
kommun,1981,2018,KF,MP,2.06,15048
kommun,1981,2018,KF,C,20.24,15048
kommun,1981,2018,KF,L,3.45,15048
kommun,1981,2018,KF,KD,3.32,15048
kommun,1981,2018,KF,M,10.89,15048
kommun,1981,2018,KF,SD,16.05,15048
kommun,1981,2018,RD,V,6.28,14958
kommun,1981,2018,RD,S,29.31,14958
kommun,1981,2018,RD,MP,2.63,14958
kommun,1981,2018,RD,C,11.77,14958
kommun,1981,2018,RD,L,4.06,14958
kommun,1981,2018,RD,KD,6.04,14958
kommun,1981,2018,RD,M,16.04,14958
kommun,1981,2018,RD,SD,22.24,14958
kommun,1981,2018,RF,V,6.25,14777
kommun,1981,2018,RF,S,31.79,14777
kommun,1981,2018,RF,MP,2.4,14777
kommun,1981,2018,RF,C,15.94,14777
kommun,1981,2018,RF,L,4.66,14777
kommun,1981,2018,RF,KD,5.97,14777
kommun,1981,2018,RF,M,15.09,14777
kommun,1981,2018,RF,SD,16.69,14777
kommun,1981,2022,KF,V,5.72,14852
kommun,1981,2022,KF,S,30.11,14852
kommun,1981,2022,KF,MP,2.01,14852
kommun,1981,2022,KF,C,12.18,14852
kommun,1981,2022,KF,L,2.08,14852
kommun,1981,2022,KF,KD,4.11,14852
kommun,1981,2022,KF,M,13.61,14852
kommun,1981,2022,KF,SD,20.13,14852
kommun,1981,2022,RD,V,5.34,14805
kommun,1981,2022,RD,S,30.52,14805
kommun,1981,2022,RD,MP,2.98,14805
kommun,1981,2022,RD,C,7.25,14805
kommun,1981,2022,RD,L,2.97,14805
kommun,1981,2022,RD,KD,5.59,14805
kommun,1981,2022,RD,M,16.8,14805
kommun,1981,2022,RD,SD,27.19,14805
kommun,1981,2022,RF,V,6.78,14590
kommun,1981,2022,RF,S,32.3,14590
kommun,1981,2022,RF,MP,1.88,14590
kommun,1981,2022,RF,C,10.27,14590
kommun,1981,2022,RF,L,3.61,14590
kommun,1981,2022,RF,KD,7.51,14590
kommun,1981,2022,RF,M,16.55,14590
kommun,1981,2022,RF,SD,20.53,14590
kommun,1982,2014,KF,V,29.46,7932
kommun,1982,2014,KF,S,38.35,7932
kommun,1982,2014,KF,MP,1.31,7932
kommun,1982,2014,KF,C,2.45,7932
kommun,1982,2014,KF,L,2.43,7932
kommun,1982,2014,KF,KD,0.77,7932
kommun,1982,2014,KF,M,12.39,7932
kommun,1982,2014,KF,SD,12.71,7932
kommun,1982,2014,RD,V,6.51,7809
kommun,1982,2014,RD,S,44.97,7809
kommun,1982,2014,RD,MP,4.17,7809
kommun,1982,2014,RD,C,2.5,7809
kommun,1982,2014,RD,L,2.65,7809
kommun,1982,2014,RD,KD,2.63,7809
kommun,1982,2014,RD,M,15.48,7809
kommun,1982,2014,RD,SD,18.63,7809
kommun,1982,2014,RF,V,8.78,7697
kommun,1982,2014,RF,S,40.78,7697
kommun,1982,2014,RF,MP,2.9,7697
kommun,1982,2014,RF,C,2.78,7697
kommun,1982,2014,RF,L,2.65,7697
kommun,1982,2014,RF,KD,2.33,7697
kommun,1982,2014,RF,M,11.23,7697
kommun,1982,2014,RF,SD,10.69,7697
kommun,1982,2018,KF,V,19.22,8131
kommun,1982,2018,KF,S,42.27,8131
kommun,1982,2018,KF,MP,0.9,8131
kommun,1982,2018,KF,C,1.53,8131
kommun,1982,2018,KF,L,2.91,8131
kommun,1982,2018,KF,KD,0.75,8131
kommun,1982,2018,KF,M,12.35,8131
kommun,1982,2018,KF,SD,15.77,8131
kommun,1982,2018,RD,V,7.95,7825
kommun,1982,2018,RD,S,39.4,7825
kommun,1982,2018,RD,MP,2.29,7825
kommun,1982,2018,RD,C,4.19,7825
kommun,1982,2018,RD,L,3.19,7825
kommun,1982,2018,RD,KD,4.69,7825
kommun,1982,2018,RD,M,14.13,7825
kommun,1982,2018,RD,SD,22.98,7825
kommun,1982,2018,RF,V,11.02,7856
kommun,1982,2018,RF,S,44.31,7856
kommun,1982,2018,RF,MP,1.9,7856
kommun,1982,2018,RF,C,3.17,7856
kommun,1982,2018,RF,L,4.06,7856
kommun,1982,2018,RF,KD,4.19,7856
kommun,1982,2018,RF,M,14.26,7856
kommun,1982,2018,RF,SD,15.99,7856
kommun,1982,2022,KF,V,26.48,7643
kommun,1982,2022,KF,S,27.93,7643
kommun,1982,2022,KF,MP,0.39,7643
kommun,1982,2022,KF,C,2.33,7643
kommun,1982,2022,KF,L,2.77,7643
kommun,1982,2022,KF,KD,1.37,7643
kommun,1982,2022,KF,M,15.84,7643
kommun,1982,2022,KF,SD,22.64,7643
kommun,1982,2022,RD,V,7.69,7634
kommun,1982,2022,RD,S,35.56,7634
kommun,1982,2022,RD,MP,2.44,7634
kommun,1982,2022,RD,C,3.3,7634
kommun,1982,2022,RD,L,2.48,7634
kommun,1982,2022,RD,KD,4.82,7634
kommun,1982,2022,RD,M,14.76,7634
kommun,1982,2022,RD,SD,27.86,7634
kommun,1982,2022,RF,V,13.51,7492
kommun,1982,2022,RF,S,35.25,7492
kommun,1982,2022,RF,MP,1.05,7492
kommun,1982,2022,RF,C,3.15,7492
kommun,1982,2022,RF,L,3.42,7492
kommun,1982,2022,RF,KD,6.27,7492
kommun,1982,2022,RF,M,15.59,7492
kommun,1982,2022,RF,SD,21.13,7492
kommun,1983,2014,KF,V,7.77,15991
kommun,1983,2014,KF,S,43.67,15991
kommun,1983,2014,KF,MP,3.94,15991
kommun,1983,2014,KF,C,8.81,15991
kommun,1983,2014,KF,L,4.93,15991
kommun,1983,2014,KF,KD,2.5,15991
kommun,1983,2014,KF,M,14.61,15991
kommun,1983,2014,KF,SD,13.46,15991
kommun,1983,2014,RD,V,5.56,15938
kommun,1983,2014,RD,S,40.7,15938
kommun,1983,2014,RD,MP,3.97,15938
kommun,1983,2014,RD,C,6.05,15938
kommun,1983,2014,RD,L,3.68,15938
kommun,1983,2014,RD,KD,3.12,15938
kommun,1983,2014,RD,M,17.4,15938
kommun,1983,2014,RD,SD,17.45,15938
kommun,1983,2014,RF,V,6.81,15828
kommun,1983,2014,RF,S,43.87,15828
kommun,1983,2014,RF,MP,3.8,15828
kommun,1983,2014,RF,C,7.14,15828
kommun,1983,2014,RF,L,4.21,15828
kommun,1983,2014,RF,KD,3.25,15828
kommun,1983,2014,RF,M,15.57,15828
kommun,1983,2014,RF,SD,12.12,15828
kommun,1983,2018,KF,V,7.58,16681
kommun,1983,2018,KF,S,35.83,16681
kommun,1983,2018,KF,MP,1.98,16681
kommun,1983,2018,KF,C,8.75,16681
kommun,1983,2018,KF,L,4.18,16681
kommun,1983,2018,KF,KD,4.93,16681
kommun,1983,2018,KF,M,15.46,16681
kommun,1983,2018,KF,SD,21.01,16681
kommun,1983,2018,RD,V,6.43,16390
kommun,1983,2018,RD,S,34.62,16390
kommun,1983,2018,RD,MP,2.25,16390
kommun,1983,2018,RD,C,6.74,16390
kommun,1983,2018,RD,L,3.33,16390
kommun,1983,2018,RD,KD,5.86,16390
kommun,1983,2018,RD,M,15.63,16390
kommun,1983,2018,RD,SD,23.94,16390
kommun,1983,2018,RF,V,6.88,16472
kommun,1983,2018,RF,S,37.51,16472
kommun,1983,2018,RF,MP,1.99,16472
kommun,1983,2018,RF,C,7.18,16472
kommun,1983,2018,RF,L,4.09,16472
kommun,1983,2018,RF,KD,6.28,16472
kommun,1983,2018,RF,M,15.68,16472
kommun,1983,2018,RF,SD,19.74,16472
kommun,1983,2022,KF,V,8.17,16154
kommun,1983,2022,KF,S,31.0,16154
kommun,1983,2022,KF,MP,1.53,16154
kommun,1983,2022,KF,C,6.74,16154
kommun,1983,2022,KF,L,2.4,16154
kommun,1983,2022,KF,KD,8.36,16154
kommun,1983,2022,KF,M,12.5,16154
kommun,1983,2022,KF,SD,25.88,16154
kommun,1983,2022,RD,V,6.32,15956
kommun,1983,2022,RD,S,32.53,15956
kommun,1983,2022,RD,MP,2.21,15956
kommun,1983,2022,RD,C,4.89,15956
kommun,1983,2022,RD,L,2.76,15956
kommun,1983,2022,RD,KD,6.37,15956
kommun,1983,2022,RD,M,14.67,15956
kommun,1983,2022,RD,SD,29.18,15956
kommun,1983,2022,RF,V,8.12,15962
kommun,1983,2022,RF,S,33.38,15962
kommun,1983,2022,RF,MP,1.41,15962
kommun,1983,2022,RF,C,5.76,15962
kommun,1983,2022,RF,L,3.01,15962
kommun,1983,2022,RF,KD,9.07,15962
kommun,1983,2022,RF,M,14.06,15962
kommun,1983,2022,RF,SD,24.63,15962
kommun,1984,2014,KF,V,5.77,8862
kommun,1984,2014,KF,S,39.04,8862
kommun,1984,2014,KF,MP,5.62,8862
kommun,1984,2014,KF,C,5.53,8862
kommun,1984,2014,KF,L,7.57,8862
kommun,1984,2014,KF,KD,4.08,8862
kommun,1984,2014,KF,M,20.54,8862
kommun,1984,2014,KF,SD,9.75,8862
kommun,1984,2014,RD,V,5.0,8975
kommun,1984,2014,RD,S,38.28,8975
kommun,1984,2014,RD,MP,5.23,8975
kommun,1984,2014,RD,C,5.55,8975
kommun,1984,2014,RD,L,3.89,8975
kommun,1984,2014,RD,KD,3.51,8975
kommun,1984,2014,RD,M,20.64,8975
kommun,1984,2014,RD,SD,15.45,8975
kommun,1984,2014,RF,V,6.03,8757
kommun,1984,2014,RF,S,40.79,8757
kommun,1984,2014,RF,MP,5.62,8757
kommun,1984,2014,RF,C,5.58,8757
kommun,1984,2014,RF,L,4.96,8757
kommun,1984,2014,RF,KD,3.93,8757
kommun,1984,2014,RF,M,21.65,8757
kommun,1984,2014,RF,SD,10.06,8757
kommun,1984,2018,KF,V,5.28,9191
kommun,1984,2018,KF,S,33.85,9191
kommun,1984,2018,KF,MP,2.83,9191
kommun,1984,2018,KF,C,5.54,9191
kommun,1984,2018,KF,L,6.67,9191
kommun,1984,2018,KF,KD,3.66,9191
kommun,1984,2018,KF,M,25.54,9191
kommun,1984,2018,KF,SD,14.09,9191
kommun,1984,2018,RD,V,5.75,9233
kommun,1984,2018,RD,S,33.76,9233
kommun,1984,2018,RD,MP,3.17,9233
kommun,1984,2018,RD,C,6.81,9233
kommun,1984,2018,RD,L,3.87,9233
kommun,1984,2018,RD,KD,5.12,9233
kommun,1984,2018,RD,M,18.67,9233
kommun,1984,2018,RD,SD,21.7,9233
kommun,1984,2018,RF,V,6.16,9080
kommun,1984,2018,RF,S,36.28,9080
kommun,1984,2018,RF,MP,2.9,9080
kommun,1984,2018,RF,C,6.19,9080
kommun,1984,2018,RF,L,5.2,9080
kommun,1984,2018,RF,KD,5.26,9080
kommun,1984,2018,RF,M,21.62,9080
kommun,1984,2018,RF,SD,15.74,9080
kommun,1984,2022,KF,V,5.06,9031
kommun,1984,2022,KF,S,38.39,9031
kommun,1984,2022,KF,MP,2.51,9031
kommun,1984,2022,KF,C,4.84,9031
kommun,1984,2022,KF,L,4.47,9031
kommun,1984,2022,KF,KD,3.82,9031
kommun,1984,2022,KF,M,19.7,9031
kommun,1984,2022,KF,SD,19.67,9031
kommun,1984,2022,RD,V,4.81,9081
kommun,1984,2022,RD,S,33.8,9081
kommun,1984,2022,RD,MP,3.48,9081
kommun,1984,2022,RD,C,5.22,9081
kommun,1984,2022,RD,L,3.57,9081
kommun,1984,2022,RD,KD,4.78,9081
kommun,1984,2022,RD,M,17.62,9081
kommun,1984,2022,RD,SD,25.59,9081
kommun,1984,2022,RF,V,6.27,8921
kommun,1984,2022,RF,S,36.37,8921
kommun,1984,2022,RF,MP,2.26,8921
kommun,1984,2022,RF,C,5.0,8921
kommun,1984,2022,RF,L,4.55,8921
kommun,1984,2022,RF,KD,6.04,8921
kommun,1984,2022,RF,M,19.02,8921
kommun,1984,2022,RF,SD,19.98,8921
kommun,2021,2014,KF,V,7.44,4420
kommun,2021,2014,KF,S,31.18,4420
kommun,2021,2014,KF,MP,1.4,4420
kommun,2021,2014,KF,C,33.85,4420
kommun,2021,2014,KF,L,2.24,4420
kommun,2021,2014,KF,KD,8.44,4420
kommun,2021,2014,KF,M,3.57,4420
kommun,2021,2014,KF,SD,4.39,4420
kommun,2021,2014,RD,V,5.7,4441
kommun,2021,2014,RD,S,36.55,4441
kommun,2021,2014,RD,MP,2.72,4441
kommun,2021,2014,RD,C,14.16,4441
kommun,2021,2014,RD,L,2.16,4441
kommun,2021,2014,RD,KD,5.92,4441
kommun,2021,2014,RD,M,14.41,4441
kommun,2021,2014,RD,SD,16.21,4441
kommun,2021,2014,RF,V,7.27,4303
kommun,2021,2014,RF,S,35.74,4303
kommun,2021,2014,RF,MP,2.49,4303
kommun,2021,2014,RF,C,19.08,4303
kommun,2021,2014,RF,L,2.56,4303
kommun,2021,2014,RF,KD,9.3,4303
kommun,2021,2014,RF,M,10.13,4303
kommun,2021,2014,RF,SD,9.06,4303
kommun,2021,2018,KF,V,7.09,4498
kommun,2021,2018,KF,S,23.83,4498
kommun,2021,2018,KF,MP,0.4,4498
kommun,2021,2018,KF,C,26.41,4498
kommun,2021,2018,KF,L,1.91,4498
kommun,2021,2018,KF,KD,13.92,4498
kommun,2021,2018,KF,M,9.8,4498
kommun,2021,2018,KF,SD,2.8,4498
kommun,2021,2018,RD,V,7.2,4501
kommun,2021,2018,RD,S,29.37,4501
kommun,2021,2018,RD,MP,1.24,4501
kommun,2021,2018,RD,C,14.6,4501
kommun,2021,2018,RD,L,2.13,4501
kommun,2021,2018,RD,KD,9.69,4501
kommun,2021,2018,RD,M,13.31,4501
kommun,2021,2018,RD,SD,20.82,4501
kommun,2021,2018,RF,V,6.9,4389
kommun,2021,2018,RF,S,26.45,4389
kommun,2021,2018,RF,MP,1.3,4389
kommun,2021,2018,RF,C,16.31,4389
kommun,2021,2018,RF,L,2.19,4389
kommun,2021,2018,RF,KD,16.59,4389
kommun,2021,2018,RF,M,11.05,4389
kommun,2021,2018,RF,SD,10.94,4389
kommun,2021,2022,KF,V,5.99,4391
kommun,2021,2022,KF,S,24.3,4391
kommun,2021,2022,KF,MP,0.16,4391
kommun,2021,2022,KF,C,20.13,4391
kommun,2021,2022,KF,L,1.55,4391
kommun,2021,2022,KF,KD,18.04,4391
kommun,2021,2022,KF,M,18.26,4391
kommun,2021,2022,KF,SD,10.89,4391
kommun,2021,2022,RD,V,4.81,4390
kommun,2021,2022,RD,S,28.68,4390
kommun,2021,2022,RD,MP,1.87,4390
kommun,2021,2022,RD,C,8.2,4390
kommun,2021,2022,RD,L,1.91,4390
kommun,2021,2022,RD,KD,10.66,4390
kommun,2021,2022,RD,M,14.08,4390
kommun,2021,2022,RD,SD,28.29,4390
kommun,2021,2022,RF,V,5.65,4268
kommun,2021,2022,RF,S,28.98,4268
kommun,2021,2022,RF,MP,1.01,4268
kommun,2021,2022,RF,C,11.34,4268
kommun,2021,2022,RF,L,1.43,4268
kommun,2021,2022,RF,KD,16.75,4268
kommun,2021,2022,RF,M,14.32,4268
kommun,2021,2022,RF,SD,14.71,4268
kommun,2023,2014,KF,V,9.66,6585
kommun,2023,2014,KF,S,37.3,6585
kommun,2023,2014,KF,MP,1.02,6585
kommun,2023,2014,KF,C,9.7,6585
kommun,2023,2014,KF,L,6.8,6585
kommun,2023,2014,KF,KD,0.97,6585
kommun,2023,2014,KF,M,24.43,6585
kommun,2023,2014,KF,SD,6.0,6585
kommun,2023,2014,RD,V,4.72,6674
kommun,2023,2014,RD,S,36.17,6674
kommun,2023,2014,RD,MP,2.71,6674
kommun,2023,2014,RD,C,8.62,6674
kommun,2023,2014,RD,L,3.7,6674
kommun,2023,2014,RD,KD,2.35,6674
kommun,2023,2014,RD,M,22.57,6674
kommun,2023,2014,RD,SD,17.29,6674
kommun,2023,2014,RF,V,10.22,6527
kommun,2023,2014,RF,S,34.07,6527
kommun,2023,2014,RF,MP,2.13,6527
kommun,2023,2014,RF,C,9.5,6527
kommun,2023,2014,RF,L,4.75,6527
kommun,2023,2014,RF,KD,1.99,6527
kommun,2023,2014,RF,M,23.62,6527
kommun,2023,2014,RF,SD,9.65,6527
kommun,2023,2018,KF,V,5.72,6805
kommun,2023,2018,KF,S,41.15,6805
kommun,2023,2018,KF,MP,0.4,6805
kommun,2023,2018,KF,C,7.69,6805
kommun,2023,2018,KF,L,5.53,6805
kommun,2023,2018,KF,KD,0.81,6805
kommun,2023,2018,KF,M,18.84,6805
kommun,2023,2018,KF,SD,16.25,6805
kommun,2023,2018,RD,V,6.08,6756
kommun,2023,2018,RD,S,28.98,6756
kommun,2023,2018,RD,MP,1.73,6756
kommun,2023,2018,RD,C,9.28,6756
kommun,2023,2018,RD,L,3.15,6756
kommun,2023,2018,RD,KD,5.94,6756
kommun,2023,2018,RD,M,18.98,6756
kommun,2023,2018,RD,SD,24.57,6756
kommun,2023,2018,RF,V,6.11,6614
kommun,2023,2018,RF,S,29.15,6614
kommun,2023,2018,RF,MP,1.35,6614
kommun,2023,2018,RF,C,9.4,6614
kommun,2023,2018,RF,L,3.46,6614
kommun,2023,2018,RF,KD,6.24,6614
kommun,2023,2018,RF,M,22.0,6614
kommun,2023,2018,RF,SD,14.06,6614
kommun,2023,2022,KF,V,5.4,6814
kommun,2023,2022,KF,S,35.98,6814
kommun,2023,2022,KF,MP,0.35,6814
kommun,2023,2022,KF,C,4.95,6814
kommun,2023,2022,KF,L,2.79,6814
kommun,2023,2022,KF,KD,0.82,6814
kommun,2023,2022,KF,M,23.98,6814
kommun,2023,2022,KF,SD,14.29,6814
kommun,2023,2022,RD,V,4.11,6786
kommun,2023,2022,RD,S,26.19,6786
kommun,2023,2022,RD,MP,1.89,6786
kommun,2023,2022,RD,C,5.42,6786
kommun,2023,2022,RD,L,3.27,6786
kommun,2023,2022,RD,KD,6.48,6786
kommun,2023,2022,RD,M,18.86,6786
kommun,2023,2022,RD,SD,32.12,6786
kommun,2023,2022,RF,V,5.23,6614
kommun,2023,2022,RF,S,29.1,6614
kommun,2023,2022,RF,MP,1.18,6614
kommun,2023,2022,RF,C,5.96,6614
kommun,2023,2022,RF,L,3.49,6614
kommun,2023,2022,RF,KD,6.12,6614
kommun,2023,2022,RF,M,24.12,6614
kommun,2023,2022,RF,SD,18.48,6614
kommun,2026,2014,KF,V,3.13,6713
kommun,2026,2014,KF,S,25.96,6713
kommun,2026,2014,KF,MP,5.08,6713
kommun,2026,2014,KF,C,21.7,6713
kommun,2026,2014,KF,L,2.19,6713
kommun,2026,2014,KF,KD,4.13,6713
kommun,2026,2014,KF,M,10.84,6713
kommun,2026,2014,KF,SD,7.52,6713
kommun,2026,2014,RD,V,5.14,6771
kommun,2026,2014,RD,S,32.7,6771
kommun,2026,2014,RD,MP,4.33,6771
kommun,2026,2014,RD,C,11.61,6771
kommun,2026,2014,RD,L,3.12,6771
kommun,2026,2014,RD,KD,4.19,6771
kommun,2026,2014,RD,M,18.09,6771
kommun,2026,2014,RD,SD,17.28,6771
kommun,2026,2014,RF,V,5.26,6584
kommun,2026,2014,RF,S,33.17,6584
kommun,2026,2014,RF,MP,4.74,6584
kommun,2026,2014,RF,C,15.37,6584
kommun,2026,2014,RF,L,3.54,6584
kommun,2026,2014,RF,KD,5.6,6584
kommun,2026,2014,RF,M,17.25,6584
kommun,2026,2014,RF,SD,9.78,6584
kommun,2026,2018,KF,V,3.83,6797
kommun,2026,2018,KF,S,22.07,6797
kommun,2026,2018,KF,MP,2.94,6797
kommun,2026,2018,KF,C,25.51,6797
kommun,2026,2018,KF,L,3.44,6797
kommun,2026,2018,KF,KD,11.71,6797
kommun,2026,2018,KF,M,12.28,6797
kommun,2026,2018,KF,SD,5.33,6797
kommun,2026,2018,RD,V,6.06,6901
kommun,2026,2018,RD,S,27.43,6901
kommun,2026,2018,RD,MP,2.77,6901
kommun,2026,2018,RD,C,13.71,6901
kommun,2026,2018,RD,L,3.75,6901
kommun,2026,2018,RD,KD,8.53,6901
kommun,2026,2018,RD,M,14.36,6901
kommun,2026,2018,RD,SD,21.76,6901
kommun,2026,2018,RF,V,5.27,6751
kommun,2026,2018,RF,S,24.28,6751
kommun,2026,2018,RF,MP,2.55,6751
kommun,2026,2018,RF,C,17.97,6751
kommun,2026,2018,RF,L,3.72,6751
kommun,2026,2018,RF,KD,12.25,6751
kommun,2026,2018,RF,M,14.71,6751
kommun,2026,2018,RF,SD,11.69,6751
kommun,2026,2022,KF,V,4.31,6965
kommun,2026,2022,KF,S,19.78,6965
kommun,2026,2022,KF,MP,2.76,6965
kommun,2026,2022,KF,C,21.15,6965
kommun,2026,2022,KF,L,3.04,6965
kommun,2026,2022,KF,KD,17.0,6965
kommun,2026,2022,KF,M,10.58,6965
kommun,2026,2022,KF,SD,12.28,6965
kommun,2026,2022,RD,V,4.87,6968
kommun,2026,2022,RD,S,27.04,6968
kommun,2026,2022,RD,MP,3.92,6968
kommun,2026,2022,RD,C,8.24,6968
kommun,2026,2022,RD,L,2.87,6968
kommun,2026,2022,RD,KD,9.0,6968
kommun,2026,2022,RD,M,15.3,6968
kommun,2026,2022,RD,SD,27.8,6968
kommun,2026,2022,RF,V,5.18,6833
kommun,2026,2022,RF,S,27.06,6833
kommun,2026,2022,RF,MP,2.34,6833
kommun,2026,2022,RF,C,13.48,6833
kommun,2026,2022,RF,L,2.55,6833
kommun,2026,2022,RF,KD,14.8,6833
kommun,2026,2022,RF,M,14.99,6833
kommun,2026,2022,RF,SD,15.15,6833
kommun,2029,2014,KF,V,5.23,10498
kommun,2029,2014,KF,S,23.79,10498
kommun,2029,2014,KF,MP,6.42,10498
kommun,2029,2014,KF,C,22.71,10498
kommun,2029,2014,KF,L,2.76,10498
kommun,2029,2014,KF,KD,12.51,10498
kommun,2029,2014,KF,M,12.97,10498
kommun,2029,2014,KF,SD,5.83,10498
kommun,2029,2014,RD,V,4.87,10584
kommun,2029,2014,RD,S,29.38,10584
kommun,2029,2014,RD,MP,5.8,10584
kommun,2029,2014,RD,C,9.98,10584
kommun,2029,2014,RD,L,3.81,10584
kommun,2029,2014,RD,KD,7.44,10584
kommun,2029,2014,RD,M,23.72,10584
kommun,2029,2014,RD,SD,11.78,10584
kommun,2029,2014,RF,V,6.54,10224
kommun,2029,2014,RF,S,27.01,10224
kommun,2029,2014,RF,MP,5.56,10224
kommun,2029,2014,RF,C,12.37,10224
kommun,2029,2014,RF,L,4.8,10224
kommun,2029,2014,RF,KD,9.88,10224
kommun,2029,2014,RF,M,21.14,10224
kommun,2029,2014,RF,SD,6.4,10224
kommun,2029,2018,KF,V,7.88,10921
kommun,2029,2018,KF,S,20.79,10921
kommun,2029,2018,KF,MP,1.07,10921
kommun,2029,2018,KF,C,29.13,10921
kommun,2029,2018,KF,L,2.33,10921
kommun,2029,2018,KF,KD,8.85,10921
kommun,2029,2018,KF,M,15.36,10921
kommun,2029,2018,KF,SD,7.73,10921
kommun,2029,2018,RD,V,7.04,10944
kommun,2029,2018,RD,S,26.13,10944
kommun,2029,2018,RD,MP,3.65,10944
kommun,2029,2018,RD,C,12.87,10944
kommun,2029,2018,RD,L,3.62,10944
kommun,2029,2018,RD,KD,9.48,10944
kommun,2029,2018,RD,M,19.57,10944
kommun,2029,2018,RD,SD,16.23,10944
kommun,2029,2018,RF,V,7.76,10690
kommun,2029,2018,RF,S,22.58,10690
kommun,2029,2018,RF,MP,2.68,10690
kommun,2029,2018,RF,C,14.89,10690
kommun,2029,2018,RF,L,3.53,10690
kommun,2029,2018,RF,KD,12.18,10690
kommun,2029,2018,RF,M,19.8,10690
kommun,2029,2018,RF,SD,8.46,10690
kommun,2029,2022,KF,V,11.13,11009
kommun,2029,2022,KF,S,18.7,11009
kommun,2029,2022,KF,MP,2.96,11009
kommun,2029,2022,KF,C,13.32,11009
kommun,2029,2022,KF,L,2.08,11009
kommun,2029,2022,KF,KD,7.09,11009
kommun,2029,2022,KF,M,15.82,11009
kommun,2029,2022,KF,SD,9.87,11009
kommun,2029,2022,RD,V,5.15,11018
kommun,2029,2022,RD,S,29.83,11018
kommun,2029,2022,RD,MP,4.25,11018
kommun,2029,2022,RD,C,7.94,11018
kommun,2029,2022,RD,L,3.57,11018
kommun,2029,2022,RD,KD,8.07,11018
kommun,2029,2022,RD,M,18.61,11018
kommun,2029,2022,RD,SD,21.4,11018
kommun,2029,2022,RF,V,7.18,10792
kommun,2029,2022,RF,S,27.83,10792
kommun,2029,2022,RF,MP,3.11,10792
kommun,2029,2022,RF,C,10.25,10792
kommun,2029,2022,RF,L,2.54,10792
kommun,2029,2022,RF,KD,11.31,10792
kommun,2029,2022,RF,M,18.31,10792
kommun,2029,2022,RF,SD,11.43,10792
kommun,2031,2014,KF,V,4.4,7401
kommun,2031,2014,KF,S,30.85,7401
kommun,2031,2014,KF,MP,5.51,7401
kommun,2031,2014,KF,C,33.21,7401
kommun,2031,2014,KF,L,2.31,7401
kommun,2031,2014,KF,KD,1.93,7401
kommun,2031,2014,KF,M,12.07,7401
kommun,2031,2014,KF,SD,7.61,7401
kommun,2031,2014,RD,V,4.52,7458
kommun,2031,2014,RD,S,31.67,7458
kommun,2031,2014,RD,MP,4.81,7458
kommun,2031,2014,RD,C,10.19,7458
kommun,2031,2014,RD,L,3.62,7458
kommun,2031,2014,RD,KD,3.45,7458
kommun,2031,2014,RD,M,21.36,7458
kommun,2031,2014,RD,SD,17.03,7458
kommun,2031,2014,RF,V,5.38,7194
kommun,2031,2014,RF,S,32.17,7194
kommun,2031,2014,RF,MP,4.8,7194
kommun,2031,2014,RF,C,14.61,7194
kommun,2031,2014,RF,L,3.89,7194
kommun,2031,2014,RF,KD,3.79,7194
kommun,2031,2014,RF,M,19.09,7194
kommun,2031,2014,RF,SD,8.83,7194
kommun,2031,2018,KF,V,3.94,7609
kommun,2031,2018,KF,S,25.51,7609
kommun,2031,2018,KF,MP,0.78,7609
kommun,2031,2018,KF,C,33.0,7609
kommun,2031,2018,KF,L,1.68,7609
kommun,2031,2018,KF,KD,4.3,7609
kommun,2031,2018,KF,M,15.22,7609
kommun,2031,2018,KF,SD,15.06,7609
kommun,2031,2018,RD,V,6.07,7644
kommun,2031,2018,RD,S,26.73,7644
kommun,2031,2018,RD,MP,2.98,7644
kommun,2031,2018,RD,C,12.21,7644
kommun,2031,2018,RD,L,3.1,7644
kommun,2031,2018,RD,KD,7.12,7644
kommun,2031,2018,RD,M,16.84,7644
kommun,2031,2018,RD,SD,23.38,7644
kommun,2031,2018,RF,V,5.18,7477
kommun,2031,2018,RF,S,23.27,7477
kommun,2031,2018,RF,MP,2.02,7477
kommun,2031,2018,RF,C,14.83,7477
kommun,2031,2018,RF,L,2.61,7477
kommun,2031,2018,RF,KD,7.66,7477
kommun,2031,2018,RF,M,20.06,7477
kommun,2031,2018,RF,SD,13.16,7477
kommun,2031,2022,KF,V,3.69,7679
kommun,2031,2022,KF,S,28.34,7679
kommun,2031,2022,KF,MP,0.78,7679
kommun,2031,2022,KF,C,23.47,7679
kommun,2031,2022,KF,L,1.21,7679
kommun,2031,2022,KF,KD,6.86,7679
kommun,2031,2022,KF,M,16.94,7679
kommun,2031,2022,KF,SD,18.26,7679
kommun,2031,2022,RD,V,3.66,7686
kommun,2031,2022,RD,S,28.64,7686
kommun,2031,2022,RD,MP,3.66,7686
kommun,2031,2022,RD,C,6.87,7686
kommun,2031,2022,RD,L,2.62,7686
kommun,2031,2022,RD,KD,7.44,7686
kommun,2031,2022,RD,M,16.52,7686
kommun,2031,2022,RD,SD,29.22,7686
kommun,2031,2022,RF,V,4.12,7501
kommun,2031,2022,RF,S,29.48,7501
kommun,2031,2022,RF,MP,2.01,7501
kommun,2031,2022,RF,C,10.55,7501
kommun,2031,2022,RF,L,1.71,7501
kommun,2031,2022,RF,KD,8.99,7501
kommun,2031,2022,RF,M,17.14,7501
kommun,2031,2022,RF,SD,18.5,7501
kommun,2034,2014,KF,V,6.41,4601
kommun,2034,2014,KF,S,26.99,4601
kommun,2034,2014,KF,MP,4.33,4601
kommun,2034,2014,KF,C,37.1,4601
kommun,2034,2014,KF,L,2.48,4601
kommun,2034,2014,KF,KD,2.91,4601
kommun,2034,2014,KF,M,4.15,4601
kommun,2034,2014,KF,SD,14.93,4601
kommun,2034,2014,RD,V,5.67,4607
kommun,2034,2014,RD,S,33.06,4607
kommun,2034,2014,RD,MP,4.99,4607
kommun,2034,2014,RD,C,10.7,4607
kommun,2034,2014,RD,L,2.76,4607
kommun,2034,2014,RD,KD,3.19,4607
kommun,2034,2014,RD,M,14.46,4607
kommun,2034,2014,RD,SD,20.75,4607
kommun,2034,2014,RF,V,7.51,4502
kommun,2034,2014,RF,S,28.65,4502
kommun,2034,2014,RF,MP,5.84,4502
kommun,2034,2014,RF,C,17.93,4502
kommun,2034,2014,RF,L,2.69,4502
kommun,2034,2014,RF,KD,5.82,4502
kommun,2034,2014,RF,M,9.82,4502
kommun,2034,2014,RF,SD,13.46,4502
kommun,2034,2018,KF,V,6.04,4617
kommun,2034,2018,KF,S,25.58,4617
kommun,2034,2018,KF,MP,3.31,4617
kommun,2034,2018,KF,C,41.8,4617
kommun,2034,2018,KF,L,1.93,4617
kommun,2034,2018,KF,KD,4.76,4617
kommun,2034,2018,KF,M,4.79,4617
kommun,2034,2018,KF,SD,10.87,4617
kommun,2034,2018,RD,V,8.06,4601
kommun,2034,2018,RD,S,27.93,4601
kommun,2034,2018,RD,MP,2.98,4601
kommun,2034,2018,RD,C,10.98,4601
kommun,2034,2018,RD,L,2.61,4601
kommun,2034,2018,RD,KD,7.24,4601
kommun,2034,2018,RD,M,11.45,4601
kommun,2034,2018,RD,SD,26.58,4601
kommun,2034,2018,RF,V,7.59,4503
kommun,2034,2018,RF,S,25.94,4503
kommun,2034,2018,RF,MP,2.8,4503
kommun,2034,2018,RF,C,16.01,4503
kommun,2034,2018,RF,L,2.55,4503
kommun,2034,2018,RF,KD,9.39,4503
kommun,2034,2018,RF,M,10.19,4503
kommun,2034,2018,RF,SD,12.9,4503
kommun,2034,2022,KF,V,5.68,4609
kommun,2034,2022,KF,S,21.22,4609
kommun,2034,2022,KF,MP,3.58,4609
kommun,2034,2022,KF,C,36.06,4609
kommun,2034,2022,KF,L,1.41,4609
kommun,2034,2022,KF,KD,5.58,4609
kommun,2034,2022,KF,M,9.59,4609
kommun,2034,2022,KF,SD,16.58,4609
kommun,2034,2022,RD,V,5.33,4598
kommun,2034,2022,RD,S,26.79,4598
kommun,2034,2022,RD,MP,3.68,4598
kommun,2034,2022,RD,C,6.5,4598
kommun,2034,2022,RD,L,2.76,4598
kommun,2034,2022,RD,KD,6.61,4598
kommun,2034,2022,RD,M,13.4,4598
kommun,2034,2022,RD,SD,32.88,4598
kommun,2034,2022,RF,V,6.68,4432
kommun,2034,2022,RF,S,27.48,4432
kommun,2034,2022,RF,MP,2.37,4432
kommun,2034,2022,RF,C,13.11,4432
kommun,2034,2022,RF,L,1.9,4432
kommun,2034,2022,RF,KD,8.62,4432
kommun,2034,2022,RF,M,12.79,4432
kommun,2034,2022,RF,SD,17.73,4432
kommun,2039,2014,KF,V,1.32,4698
kommun,2039,2014,KF,S,45.51,4698
kommun,2039,2014,KF,MP,2.36,4698
kommun,2039,2014,KF,C,23.05,4698
kommun,2039,2014,KF,L,1.83,4698
kommun,2039,2014,KF,KD,1.4,4698
kommun,2039,2014,KF,M,10.47,4698
kommun,2039,2014,KF,SD,7.56,4698
kommun,2039,2014,RD,V,4.48,4714
kommun,2039,2014,RD,S,41.47,4714
kommun,2039,2014,RD,MP,2.31,4714
kommun,2039,2014,RD,C,9.59,4714
kommun,2039,2014,RD,L,2.31,4714
kommun,2039,2014,RD,KD,2.23,4714
kommun,2039,2014,RD,M,13.53,4714
kommun,2039,2014,RD,SD,21.81,4714
kommun,2039,2014,RF,V,3.57,4599
kommun,2039,2014,RF,S,46.58,4599
kommun,2039,2014,RF,MP,1.96,4599
kommun,2039,2014,RF,C,13.44,4599
kommun,2039,2014,RF,L,2.2,4599
kommun,2039,2014,RF,KD,3.0,4599
kommun,2039,2014,RF,M,10.44,4599
kommun,2039,2014,RF,SD,10.92,4599
kommun,2039,2018,KF,V,3.13,4722
kommun,2039,2018,KF,S,28.84,4722
kommun,2039,2018,KF,MP,1.65,4722
kommun,2039,2018,KF,C,29.92,4722
kommun,2039,2018,KF,L,2.44,4722
kommun,2039,2018,KF,KD,0.66,4722
kommun,2039,2018,KF,M,9.49,4722
kommun,2039,2018,KF,SD,14.19,4722
kommun,2039,2018,RD,V,5.34,4696
kommun,2039,2018,RD,S,32.13,4696
kommun,2039,2018,RD,MP,1.62,4696
kommun,2039,2018,RD,C,11.78,4696
kommun,2039,2018,RD,L,2.58,4696
kommun,2039,2018,RD,KD,5.37,4696
kommun,2039,2018,RD,M,10.86,4696
kommun,2039,2018,RD,SD,28.53,4696
kommun,2039,2018,RF,V,3.56,4639
kommun,2039,2018,RF,S,34.34,4639
kommun,2039,2018,RF,MP,1.44,4639
kommun,2039,2018,RF,C,13.77,4639
kommun,2039,2018,RF,L,1.51,4639
kommun,2039,2018,RF,KD,5.28,4639
kommun,2039,2018,RF,M,10.26,4639
kommun,2039,2018,RF,SD,13.99,4639
kommun,2039,2022,KF,V,4.0,4599
kommun,2039,2022,KF,S,27.01,4599
kommun,2039,2022,KF,MP,0.46,4599
kommun,2039,2022,KF,C,25.94,4599
kommun,2039,2022,KF,L,0.33,4599
kommun,2039,2022,KF,KD,1.59,4599
kommun,2039,2022,KF,M,11.5,4599
kommun,2039,2022,KF,SD,20.42,4599
kommun,2039,2022,RD,V,3.51,4615
kommun,2039,2022,RD,S,28.67,4615
kommun,2039,2022,RD,MP,2.06,4615
kommun,2039,2022,RD,C,6.59,4615
kommun,2039,2022,RD,L,1.86,4615
kommun,2039,2022,RD,KD,8.02,4615
kommun,2039,2022,RD,M,10.6,4615
kommun,2039,2022,RD,SD,35.9,4615
kommun,2039,2022,RF,V,3.85,4520
kommun,2039,2022,RF,S,29.18,4520
kommun,2039,2022,RF,MP,1.26,4520
kommun,2039,2022,RF,C,11.5,4520
kommun,2039,2022,RF,L,1.15,4520
kommun,2039,2022,RF,KD,6.46,4520
kommun,2039,2022,RF,M,12.61,4520
kommun,2039,2022,RF,SD,21.44,4520
kommun,2061,2014,KF,V,6.04,7283
kommun,2061,2014,KF,S,42.81,7283
kommun,2061,2014,KF,MP,8.0,7283
kommun,2061,2014,KF,C,14.4,7283
kommun,2061,2014,KF,L,2.05,7283
kommun,2061,2014,KF,KD,0.49,7283
kommun,2061,2014,KF,M,16.85,7283
kommun,2061,2014,KF,SD,9.06,7283
kommun,2061,2014,RD,V,6.67,7391
kommun,2061,2014,RD,S,44.13,7391
kommun,2061,2014,RD,MP,3.64,7391
kommun,2061,2014,RD,C,5.43,7391
kommun,2061,2014,RD,L,1.88,7391
kommun,2061,2014,RD,KD,2.14,7391
kommun,2061,2014,RD,M,15.0,7391
kommun,2061,2014,RD,SD,18.47,7391
kommun,2061,2014,RF,V,7.42,7195
kommun,2061,2014,RF,S,41.42,7195
kommun,2061,2014,RF,MP,4.5,7195
kommun,2061,2014,RF,C,10.35,7195
kommun,2061,2014,RF,L,2.14,7195
kommun,2061,2014,RF,KD,1.67,7195
kommun,2061,2014,RF,M,16.8,7195
kommun,2061,2014,RF,SD,10.16,7195
kommun,2061,2018,KF,V,5.1,7412
kommun,2061,2018,KF,S,48.83,7412
kommun,2061,2018,KF,MP,3.39,7412
kommun,2061,2018,KF,C,10.02,7412
kommun,2061,2018,KF,L,2.06,7412
kommun,2061,2018,KF,KD,1.38,7412
kommun,2061,2018,KF,M,14.56,7412
kommun,2061,2018,KF,SD,14.4,7412
kommun,2061,2018,RD,V,7.57,7440
kommun,2061,2018,RD,S,38.98,7440
kommun,2061,2018,RD,MP,2.12,7440
kommun,2061,2018,RD,C,6.29,7440
kommun,2061,2018,RD,L,2.46,7440
kommun,2061,2018,RD,KD,4.5,7440
kommun,2061,2018,RD,M,13.94,7440
kommun,2061,2018,RD,SD,22.88,7440
kommun,2061,2018,RF,V,7.14,7310
kommun,2061,2018,RF,S,38.71,7310
kommun,2061,2018,RF,MP,2.33,7310
kommun,2061,2018,RF,C,7.65,7310
kommun,2061,2018,RF,L,2.27,7310
kommun,2061,2018,RF,KD,4.73,7310
kommun,2061,2018,RF,M,15.83,7310
kommun,2061,2018,RF,SD,13.87,7310
kommun,2061,2022,KF,V,4.01,7287
kommun,2061,2022,KF,S,55.67,7287
kommun,2061,2022,KF,MP,2.17,7287
kommun,2061,2022,KF,C,5.24,7287
kommun,2061,2022,KF,L,1.4,7287
kommun,2061,2022,KF,KD,1.7,7287
kommun,2061,2022,KF,M,13.67,7287
kommun,2061,2022,KF,SD,15.95,7287
kommun,2061,2022,RD,V,5.33,7368
kommun,2061,2022,RD,S,36.32,7368
kommun,2061,2022,RD,MP,2.44,7368
kommun,2061,2022,RD,C,4.07,7368
kommun,2061,2022,RD,L,1.94,7368
kommun,2061,2022,RD,KD,4.11,7368
kommun,2061,2022,RD,M,14.06,7368
kommun,2061,2022,RD,SD,30.52,7368
kommun,2061,2022,RF,V,4.97,7140
kommun,2061,2022,RF,S,42.51,7140
kommun,2061,2022,RF,MP,1.53,7140
kommun,2061,2022,RF,C,4.38,7140
kommun,2061,2022,RF,L,1.43,7140
kommun,2061,2022,RF,KD,4.59,7140
kommun,2061,2022,RF,M,18.04,7140
kommun,2061,2022,RF,SD,17.38,7140
kommun,2062,2014,KF,V,4.81,13231
kommun,2062,2014,KF,S,29.96,13231
kommun,2062,2014,KF,MP,4.41,13231
kommun,2062,2014,KF,C,26.12,13231
kommun,2062,2014,KF,L,2.15,13231
kommun,2062,2014,KF,KD,2.8,13231
kommun,2062,2014,KF,M,11.21,13231
kommun,2062,2014,KF,SD,7.6,13231
kommun,2062,2014,RD,V,4.5,13457
kommun,2062,2014,RD,S,35.49,13457
kommun,2062,2014,RD,MP,4.64,13457
kommun,2062,2014,RD,C,9.94,13457
kommun,2062,2014,RD,L,2.87,13457
kommun,2062,2014,RD,KD,3.09,13457
kommun,2062,2014,RD,M,19.54,13457
kommun,2062,2014,RD,SD,16.94,13457
kommun,2062,2014,RF,V,5.04,12939
kommun,2062,2014,RF,S,31.93,12939
kommun,2062,2014,RF,MP,4.24,12939
kommun,2062,2014,RF,C,14.41,12939
kommun,2062,2014,RF,L,3.2,12939
kommun,2062,2014,RF,KD,7.32,12939
kommun,2062,2014,RF,M,15.15,12939
kommun,2062,2014,RF,SD,8.51,12939
kommun,2062,2018,KF,V,4.8,13627
kommun,2062,2018,KF,S,23.2,13627
kommun,2062,2018,KF,MP,2.25,13627
kommun,2062,2018,KF,C,29.16,13627
kommun,2062,2018,KF,L,1.84,13627
kommun,2062,2018,KF,KD,4.62,13627
kommun,2062,2018,KF,M,9.37,13627
kommun,2062,2018,KF,SD,8.84,13627
kommun,2062,2018,RD,V,6.12,13748
kommun,2062,2018,RD,S,29.21,13748
kommun,2062,2018,RD,MP,2.89,13748
kommun,2062,2018,RD,C,11.81,13748
kommun,2062,2018,RD,L,3.38,13748
kommun,2062,2018,RD,KD,6.78,13748
kommun,2062,2018,RD,M,15.69,13748
kommun,2062,2018,RD,SD,22.54,13748
kommun,2062,2018,RF,V,5.71,13302
kommun,2062,2018,RF,S,25.06,13302
kommun,2062,2018,RF,MP,2.2,13302
kommun,2062,2018,RF,C,14.85,13302
kommun,2062,2018,RF,L,2.48,13302
kommun,2062,2018,RF,KD,10.82,13302
kommun,2062,2018,RF,M,13.35,13302
kommun,2062,2018,RF,SD,9.74,13302
kommun,2062,2022,KF,V,5.59,13585
kommun,2062,2022,KF,S,24.4,13585
kommun,2062,2022,KF,MP,0.78,13585
kommun,2062,2022,KF,C,19.84,13585
kommun,2062,2022,KF,L,1.46,13585
kommun,2062,2022,KF,KD,4.85,13585
kommun,2062,2022,KF,M,12.21,13585
kommun,2062,2022,KF,SD,12.53,13585
kommun,2062,2022,RD,V,4.33,13751
kommun,2062,2022,RD,S,29.63,13751
kommun,2062,2022,RD,MP,3.25,13751
kommun,2062,2022,RD,C,7.1,13751
kommun,2062,2022,RD,L,2.86,13751
kommun,2062,2022,RD,KD,6.49,13751
kommun,2062,2022,RD,M,16.04,13751
kommun,2062,2022,RD,SD,28.96,13751
kommun,2062,2022,RF,V,5.07,13294
kommun,2062,2022,RF,S,29.39,13294
kommun,2062,2022,RF,MP,1.67,13294
kommun,2062,2022,RF,C,9.18,13294
kommun,2062,2022,RF,L,2.11,13294
kommun,2062,2022,RF,KD,8.12,13294
kommun,2062,2022,RF,M,16.6,13294
kommun,2062,2022,RF,SD,14.86,13294
kommun,2080,2014,KF,V,8.1,37780
kommun,2080,2014,KF,S,31.18,37780
kommun,2080,2014,KF,MP,7.35,37780
kommun,2080,2014,KF,C,11.38,37780
kommun,2080,2014,KF,L,5.23,37780
kommun,2080,2014,KF,KD,2.64,37780
kommun,2080,2014,KF,M,21.46,37780
kommun,2080,2014,KF,SD,8.3,37780
kommun,2080,2014,RD,V,5.94,38251
kommun,2080,2014,RD,S,30.21,38251
kommun,2080,2014,RD,MP,7.19,38251
kommun,2080,2014,RD,C,7.99,38251
kommun,2080,2014,RD,L,4.47,38251
kommun,2080,2014,RD,KD,3.83,38251
kommun,2080,2014,RD,M,23.19,38251
kommun,2080,2014,RD,SD,12.84,38251
kommun,2080,2014,RF,V,8.64,37508
kommun,2080,2014,RF,S,29.3,37508
kommun,2080,2014,RF,MP,7.14,37508
kommun,2080,2014,RF,C,10.4,37508
kommun,2080,2014,RF,L,5.84,37508
kommun,2080,2014,RF,KD,3.75,37508
kommun,2080,2014,RF,M,23.82,37508
kommun,2080,2014,RF,SD,7.42,37508
kommun,2080,2018,KF,V,8.99,39153
kommun,2080,2018,KF,S,27.22,39153
kommun,2080,2018,KF,MP,4.86,39153
kommun,2080,2018,KF,C,14.75,39153
kommun,2080,2018,KF,L,5.41,39153
kommun,2080,2018,KF,KD,4.06,39153
kommun,2080,2018,KF,M,22.08,39153
kommun,2080,2018,KF,SD,9.72,39153
kommun,2080,2018,RD,V,8.18,39461
kommun,2080,2018,RD,S,28.02,39461
kommun,2080,2018,RD,MP,4.88,39461
kommun,2080,2018,RD,C,11.83,39461
kommun,2080,2018,RD,L,4.62,39461
kommun,2080,2018,RD,KD,5.98,39461
kommun,2080,2018,RD,M,19.71,39461
kommun,2080,2018,RD,SD,15.3,39461
kommun,2080,2018,RF,V,10.08,39017
kommun,2080,2018,RF,S,24.8,39017
kommun,2080,2018,RF,MP,4.38,39017
kommun,2080,2018,RF,C,12.79,39017
kommun,2080,2018,RF,L,5.11,39017
kommun,2080,2018,RF,KD,5.91,39017
kommun,2080,2018,RF,M,22.92,39017
kommun,2080,2018,RF,SD,9.2,39017
kommun,2080,2022,KF,V,8.14,39241
kommun,2080,2022,KF,S,32.39,39241
kommun,2080,2022,KF,MP,4.12,39241
kommun,2080,2022,KF,C,11.62,39241
kommun,2080,2022,KF,L,4.07,39241
kommun,2080,2022,KF,KD,6.2,39241
kommun,2080,2022,KF,M,19.81,39241
kommun,2080,2022,KF,SD,12.13,39241
kommun,2080,2022,RD,V,6.04,39594
kommun,2080,2022,RD,S,31.42,39594
kommun,2080,2022,RD,MP,6.18,39594
kommun,2080,2022,RD,C,8.12,39594
kommun,2080,2022,RD,L,3.96,39594
kommun,2080,2022,RD,KD,5.57,39594
kommun,2080,2022,RD,M,18.64,39594
kommun,2080,2022,RD,SD,18.57,39594
kommun,2080,2022,RF,V,8.13,39164
kommun,2080,2022,RF,S,33.71,39164
kommun,2080,2022,RF,MP,3.37,39164
kommun,2080,2022,RF,C,9.17,39164
kommun,2080,2022,RF,L,3.84,39164
kommun,2080,2022,RF,KD,6.28,39164
kommun,2080,2022,RF,M,19.55,39164
kommun,2080,2022,RF,SD,11.81,39164
kommun,2081,2014,KF,V,7.43,32205
kommun,2081,2014,KF,S,34.24,32205
kommun,2081,2014,KF,MP,5.75,32205
kommun,2081,2014,KF,C,6.55,32205
kommun,2081,2014,KF,L,3.86,32205
kommun,2081,2014,KF,KD,2.86,32205
kommun,2081,2014,KF,M,14.85,32205
kommun,2081,2014,KF,SD,18.77,32205
kommun,2081,2014,RD,V,6.15,31740
kommun,2081,2014,RD,S,37.26,31740
kommun,2081,2014,RD,MP,5.57,31740
kommun,2081,2014,RD,C,5.09,31740
kommun,2081,2014,RD,L,3.72,31740
kommun,2081,2014,RD,KD,3.15,31740
kommun,2081,2014,RD,M,18.0,31740
kommun,2081,2014,RD,SD,17.7,31740
kommun,2081,2014,RF,V,7.66,31988
kommun,2081,2014,RF,S,36.05,31988
kommun,2081,2014,RF,MP,6.58,31988
kommun,2081,2014,RF,C,6.39,31988
kommun,2081,2014,RF,L,4.1,31988
kommun,2081,2014,RF,KD,3.66,31988
kommun,2081,2014,RF,M,17.45,31988
kommun,2081,2014,RF,SD,14.23,31988
kommun,2081,2018,KF,V,7.14,33242
kommun,2081,2018,KF,S,32.25,33242
kommun,2081,2018,KF,MP,3.5,33242
kommun,2081,2018,KF,C,8.11,33242
kommun,2081,2018,KF,L,5.47,33242
kommun,2081,2018,KF,KD,4.44,33242
kommun,2081,2018,KF,M,19.28,33242
kommun,2081,2018,KF,SD,16.1,33242
kommun,2081,2018,RD,V,7.58,32460
kommun,2081,2018,RD,S,32.71,32460
kommun,2081,2018,RD,MP,3.92,32460
kommun,2081,2018,RD,C,7.43,32460
kommun,2081,2018,RD,L,4.38,32460
kommun,2081,2018,RD,KD,5.12,32460
kommun,2081,2018,RD,M,17.09,32460
kommun,2081,2018,RD,SD,20.31,32460
kommun,2081,2018,RF,V,8.11,33174
kommun,2081,2018,RF,S,30.52,33174
kommun,2081,2018,RF,MP,4.11,33174
kommun,2081,2018,RF,C,8.4,33174
kommun,2081,2018,RF,L,4.31,33174
kommun,2081,2018,RF,KD,5.94,33174
kommun,2081,2018,RF,M,19.23,33174
kommun,2081,2018,RF,SD,13.84,33174
kommun,2081,2022,KF,V,6.6,32052
kommun,2081,2022,KF,S,33.43,32052
kommun,2081,2022,KF,MP,2.57,32052
kommun,2081,2022,KF,C,7.51,32052
kommun,2081,2022,KF,L,4.82,32052
kommun,2081,2022,KF,KD,6.02,32052
kommun,2081,2022,KF,M,17.86,32052
kommun,2081,2022,KF,SD,18.67,32052
kommun,2081,2022,RD,V,6.02,31848
kommun,2081,2022,RD,S,34.01,31848
kommun,2081,2022,RD,MP,3.67,31848
kommun,2081,2022,RD,C,5.27,31848
kommun,2081,2022,RD,L,3.53,31848
kommun,2081,2022,RD,KD,4.76,31848
kommun,2081,2022,RD,M,16.74,31848
kommun,2081,2022,RD,SD,24.47,31848
kommun,2081,2022,RF,V,7.03,31813
kommun,2081,2022,RF,S,34.16,31813
kommun,2081,2022,RF,MP,3.02,31813
kommun,2081,2022,RF,C,5.96,31813
kommun,2081,2022,RF,L,3.4,31813
kommun,2081,2022,RF,KD,7.1,31813
kommun,2081,2022,RF,M,17.91,31813
kommun,2081,2022,RF,SD,17.54,31813
kommun,2082,2014,KF,V,4.43,7307
kommun,2082,2014,KF,S,41.12,7307
kommun,2082,2014,KF,MP,3.5,7307
kommun,2082,2014,KF,C,17.78,7307
kommun,2082,2014,KF,L,5.64,7307
kommun,2082,2014,KF,KD,2.3,7307
kommun,2082,2014,KF,M,14.33,7307
kommun,2082,2014,KF,SD,10.47,7307
kommun,2082,2014,RD,V,5.37,7405
kommun,2082,2014,RD,S,33.61,7405
kommun,2082,2014,RD,MP,3.84,7405
kommun,2082,2014,RD,C,10.43,7405
kommun,2082,2014,RD,L,2.93,7405
kommun,2082,2014,RD,KD,3.23,7405
kommun,2082,2014,RD,M,18.58,7405
kommun,2082,2014,RD,SD,18.81,7405
kommun,2082,2014,RF,V,5.52,7228
kommun,2082,2014,RF,S,35.81,7228
kommun,2082,2014,RF,MP,3.8,7228
kommun,2082,2014,RF,C,13.39,7228
kommun,2082,2014,RF,L,4.48,7228
kommun,2082,2014,RF,KD,3.53,7228
kommun,2082,2014,RF,M,17.68,7228
kommun,2082,2014,RF,SD,11.43,7228
kommun,2082,2018,KF,V,5.11,7521
kommun,2082,2018,KF,S,32.4,7521
kommun,2082,2018,KF,MP,2.19,7521
kommun,2082,2018,KF,C,21.78,7521
kommun,2082,2018,KF,L,3.55,7521
kommun,2082,2018,KF,KD,3.88,7521
kommun,2082,2018,KF,M,18.35,7521
kommun,2082,2018,KF,SD,12.41,7521
kommun,2082,2018,RD,V,6.27,7610
kommun,2082,2018,RD,S,29.79,7610
kommun,2082,2018,RD,MP,2.54,7610
kommun,2082,2018,RD,C,12.42,7610
kommun,2082,2018,RD,L,3.14,7610
kommun,2082,2018,RD,KD,6.16,7610
kommun,2082,2018,RD,M,16.95,7610
kommun,2082,2018,RD,SD,21.66,7610
kommun,2082,2018,RF,V,6.19,7463
kommun,2082,2018,RF,S,29.53,7463
kommun,2082,2018,RF,MP,2.02,7463
kommun,2082,2018,RF,C,14.55,7463
kommun,2082,2018,RF,L,3.22,7463
kommun,2082,2018,RF,KD,6.35,7463
kommun,2082,2018,RF,M,19.2,7463
kommun,2082,2018,RF,SD,12.15,7463
kommun,2082,2022,KF,V,4.55,7496
kommun,2082,2022,KF,S,34.14,7496
kommun,2082,2022,KF,MP,2.09,7496
kommun,2082,2022,KF,C,15.35,7496
kommun,2082,2022,KF,L,3.05,7496
kommun,2082,2022,KF,KD,5.0,7496
kommun,2082,2022,KF,M,20.96,7496
kommun,2082,2022,KF,SD,14.66,7496
kommun,2082,2022,RD,V,4.55,7563
kommun,2082,2022,RD,S,30.9,7563
kommun,2082,2022,RD,MP,3.03,7563
kommun,2082,2022,RD,C,7.85,7563
kommun,2082,2022,RD,L,2.59,7563
kommun,2082,2022,RD,KD,6.53,7563
kommun,2082,2022,RD,M,16.61,7563
kommun,2082,2022,RD,SD,26.67,7563
kommun,2082,2022,RF,V,5.06,7449
kommun,2082,2022,RF,S,34.77,7449
kommun,2082,2022,RF,MP,1.81,7449
kommun,2082,2022,RF,C,9.41,7449
kommun,2082,2022,RF,L,2.0,7449
kommun,2082,2022,RF,KD,7.1,7449
kommun,2082,2022,RF,M,18.69,7449
kommun,2082,2022,RF,SD,15.6,7449
kommun,2083,2014,KF,V,5.79,9764
kommun,2083,2014,KF,S,30.83,9764
kommun,2083,2014,KF,MP,5.31,9764
kommun,2083,2014,KF,C,15.38,9764
kommun,2083,2014,KF,L,2.64,9764
kommun,2083,2014,KF,KD,1.61,9764
kommun,2083,2014,KF,M,17.1,9764
kommun,2083,2014,KF,SD,10.07,9764
kommun,2083,2014,RD,V,6.1,9923
kommun,2083,2014,RD,S,35.05,9923
kommun,2083,2014,RD,MP,4.48,9923
kommun,2083,2014,RD,C,9.27,9923
kommun,2083,2014,RD,L,2.8,9923
kommun,2083,2014,RD,KD,3.08,9923
kommun,2083,2014,RD,M,17.7,9923
kommun,2083,2014,RD,SD,17.45,9923
kommun,2083,2014,RF,V,7.39,9615
kommun,2083,2014,RF,S,35.06,9615
kommun,2083,2014,RF,MP,5.07,9615
kommun,2083,2014,RF,C,11.59,9615
kommun,2083,2014,RF,L,3.2,9615
kommun,2083,2014,RF,KD,3.12,9615
kommun,2083,2014,RF,M,18.1,9615
kommun,2083,2014,RF,SD,11.55,9615
kommun,2083,2018,KF,V,5.6,9900
kommun,2083,2018,KF,S,28.7,9900
kommun,2083,2018,KF,MP,2.36,9900
kommun,2083,2018,KF,C,15.46,9900
kommun,2083,2018,KF,L,2.35,9900
kommun,2083,2018,KF,KD,2.96,9900
kommun,2083,2018,KF,M,16.95,9900
kommun,2083,2018,KF,SD,13.31,9900
kommun,2083,2018,RD,V,7.46,9824
kommun,2083,2018,RD,S,30.58,9824
kommun,2083,2018,RD,MP,2.9,9824
kommun,2083,2018,RD,C,9.97,9824
kommun,2083,2018,RD,L,2.66,9824
kommun,2083,2018,RD,KD,6.92,9824
kommun,2083,2018,RD,M,15.25,9824
kommun,2083,2018,RD,SD,22.53,9824
kommun,2083,2018,RF,V,7.57,9762
kommun,2083,2018,RF,S,29.86,9762
kommun,2083,2018,RF,MP,2.49,9762
kommun,2083,2018,RF,C,10.94,9762
kommun,2083,2018,RF,L,3.22,9762
kommun,2083,2018,RF,KD,6.61,9762
kommun,2083,2018,RF,M,17.85,9762
kommun,2083,2018,RF,SD,13.78,9762
kommun,2083,2022,KF,V,5.61,9641
kommun,2083,2022,KF,S,25.87,9641
kommun,2083,2022,KF,MP,2.31,9641
kommun,2083,2022,KF,C,11.23,9641
kommun,2083,2022,KF,L,1.3,9641
kommun,2083,2022,KF,KD,4.1,9641
kommun,2083,2022,KF,M,22.02,9641
kommun,2083,2022,KF,SD,16.72,9641
kommun,2083,2022,RD,V,5.63,9743
kommun,2083,2022,RD,S,29.63,9743
kommun,2083,2022,RD,MP,3.5,9743
kommun,2083,2022,RD,C,6.24,9743
kommun,2083,2022,RD,L,2.07,9743
kommun,2083,2022,RD,KD,6.24,9743
kommun,2083,2022,RD,M,16.11,9743
kommun,2083,2022,RD,SD,28.84,9743
kommun,2083,2022,RF,V,6.35,9499
kommun,2083,2022,RF,S,30.42,9499
kommun,2083,2022,RF,MP,2.48,9499
kommun,2083,2022,RF,C,7.96,9499
kommun,2083,2022,RF,L,1.49,9499
kommun,2083,2022,RF,KD,6.16,9499
kommun,2083,2022,RF,M,20.59,9499
kommun,2083,2022,RF,SD,18.15,9499
kommun,2084,2014,KF,V,4.82,14582
kommun,2084,2014,KF,S,49.05,14582
kommun,2084,2014,KF,MP,2.74,14582
kommun,2084,2014,KF,C,8.22,14582
kommun,2084,2014,KF,L,2.7,14582
kommun,2084,2014,KF,KD,2.08,14582
kommun,2084,2014,KF,M,12.9,14582
kommun,2084,2014,KF,SD,9.98,14582
kommun,2084,2014,RD,V,5.6,14654
kommun,2084,2014,RD,S,41.77,14654
kommun,2084,2014,RD,MP,3.58,14654
kommun,2084,2014,RD,C,5.63,14654
kommun,2084,2014,RD,L,3.09,14654
kommun,2084,2014,RD,KD,3.0,14654
kommun,2084,2014,RD,M,15.45,14654
kommun,2084,2014,RD,SD,19.36,14654
kommun,2084,2014,RF,V,6.2,14282
kommun,2084,2014,RF,S,43.28,14282
kommun,2084,2014,RF,MP,3.28,14282
kommun,2084,2014,RF,C,7.88,14282
kommun,2084,2014,RF,L,5.76,14282
kommun,2084,2014,RF,KD,3.23,14282
kommun,2084,2014,RF,M,14.77,14282
kommun,2084,2014,RF,SD,10.45,14282
kommun,2084,2018,KF,V,4.39,14934
kommun,2084,2018,KF,S,46.48,14934
kommun,2084,2018,KF,MP,1.69,14934
kommun,2084,2018,KF,C,6.72,14934
kommun,2084,2018,KF,L,2.3,14934
kommun,2084,2018,KF,KD,2.6,14934
kommun,2084,2018,KF,M,21.33,14934
kommun,2084,2018,KF,SD,14.19,14934
kommun,2084,2018,RD,V,6.52,14573
kommun,2084,2018,RD,S,34.8,14573
kommun,2084,2018,RD,MP,2.22,14573
kommun,2084,2018,RD,C,6.75,14573
kommun,2084,2018,RD,L,2.92,14573
kommun,2084,2018,RD,KD,5.02,14573
kommun,2084,2018,RD,M,15.77,14573
kommun,2084,2018,RD,SD,24.68,14573
kommun,2084,2018,RF,V,5.98,14728
kommun,2084,2018,RF,S,36.49,14728
kommun,2084,2018,RF,MP,1.81,14728
kommun,2084,2018,RF,C,6.29,14728
kommun,2084,2018,RF,L,3.65,14728
kommun,2084,2018,RF,KD,4.66,14728
kommun,2084,2018,RF,M,21.6,14728
kommun,2084,2018,RF,SD,13.38,14728
kommun,2084,2022,KF,V,4.33,14310
kommun,2084,2022,KF,S,41.73,14310
kommun,2084,2022,KF,MP,1.5,14310
kommun,2084,2022,KF,C,5.9,14310
kommun,2084,2022,KF,L,1.84,14310
kommun,2084,2022,KF,KD,3.79,14310
kommun,2084,2022,KF,M,21.9,14310
kommun,2084,2022,KF,SD,17.67,14310
kommun,2084,2022,RD,V,4.58,14344
kommun,2084,2022,RD,S,35.71,14344
kommun,2084,2022,RD,MP,2.2,14344
kommun,2084,2022,RD,C,4.86,14344
kommun,2084,2022,RD,L,2.59,14344
kommun,2084,2022,RD,KD,5.4,14344
kommun,2084,2022,RD,M,15.31,14344
kommun,2084,2022,RD,SD,27.93,14344
kommun,2084,2022,RF,V,4.76,14189
kommun,2084,2022,RF,S,39.1,14189
kommun,2084,2022,RF,MP,1.25,14189
kommun,2084,2022,RF,C,4.94,14189
kommun,2084,2022,RF,L,1.69,14189
kommun,2084,2022,RF,KD,5.04,14189
kommun,2084,2022,RF,M,20.86,14189
kommun,2084,2022,RF,SD,17.07,14189
kommun,2085,2014,KF,V,7.94,16885
kommun,2085,2014,KF,S,34.97,16885
kommun,2085,2014,KF,MP,7.33,16885
kommun,2085,2014,KF,C,6.15,16885
kommun,2085,2014,KF,L,2.92,16885
kommun,2085,2014,KF,KD,1.29,16885
kommun,2085,2014,KF,M,20.72,16885
kommun,2085,2014,KF,SD,13.81,16885
kommun,2085,2014,RD,V,7.64,16841
kommun,2085,2014,RD,S,40.59,16841
kommun,2085,2014,RD,MP,4.63,16841
kommun,2085,2014,RD,C,4.1,16841
kommun,2085,2014,RD,L,3.1,16841
kommun,2085,2014,RD,KD,2.39,16841
kommun,2085,2014,RD,M,15.38,16841
kommun,2085,2014,RD,SD,19.97,16841
kommun,2085,2014,RF,V,9.0,16598
kommun,2085,2014,RF,S,34.9,16598
kommun,2085,2014,RF,MP,5.51,16598
kommun,2085,2014,RF,C,6.6,16598
kommun,2085,2014,RF,L,3.25,16598
kommun,2085,2014,RF,KD,2.2,16598
kommun,2085,2014,RF,M,22.35,16598
kommun,2085,2014,RF,SD,11.19,16598
kommun,2085,2018,KF,V,8.18,17276
kommun,2085,2018,KF,S,32.26,17276
kommun,2085,2018,KF,MP,4.86,17276
kommun,2085,2018,KF,C,8.82,17276
kommun,2085,2018,KF,L,2.61,17276
kommun,2085,2018,KF,KD,2.32,17276
kommun,2085,2018,KF,M,21.24,17276
kommun,2085,2018,KF,SD,15.69,17276
kommun,2085,2018,RD,V,8.25,16868
kommun,2085,2018,RD,S,35.41,16868
kommun,2085,2018,RD,MP,2.9,16868
kommun,2085,2018,RD,C,6.55,16868
kommun,2085,2018,RD,L,3.5,16868
kommun,2085,2018,RD,KD,4.52,16868
kommun,2085,2018,RD,M,14.09,16868
kommun,2085,2018,RD,SD,23.21,16868
kommun,2085,2018,RF,V,8.66,17052
kommun,2085,2018,RF,S,31.46,17052
kommun,2085,2018,RF,MP,3.72,17052
kommun,2085,2018,RF,C,7.25,17052
kommun,2085,2018,RF,L,2.76,17052
kommun,2085,2018,RF,KD,4.64,17052
kommun,2085,2018,RF,M,18.71,17052
kommun,2085,2018,RF,SD,15.01,17052
kommun,2085,2022,KF,V,9.01,16295
kommun,2085,2022,KF,S,29.7,16295
kommun,2085,2022,KF,MP,3.89,16295
kommun,2085,2022,KF,C,8.59,16295
kommun,2085,2022,KF,L,2.85,16295
kommun,2085,2022,KF,KD,3.55,16295
kommun,2085,2022,KF,M,21.22,16295
kommun,2085,2022,KF,SD,15.15,16295
kommun,2085,2022,RD,V,6.16,16327
kommun,2085,2022,RD,S,35.21,16327
kommun,2085,2022,RD,MP,2.82,16327
kommun,2085,2022,RD,C,4.62,16327
kommun,2085,2022,RD,L,2.92,16327
kommun,2085,2022,RD,KD,4.71,16327
kommun,2085,2022,RD,M,14.09,16327
kommun,2085,2022,RD,SD,28.11,16327
kommun,2085,2022,RF,V,7.48,16116
kommun,2085,2022,RF,S,33.95,16116
kommun,2085,2022,RF,MP,2.76,16116
kommun,2085,2022,RF,C,5.58,16116
kommun,2085,2022,RF,L,2.17,16116
kommun,2085,2022,RF,KD,5.36,16116
kommun,2085,2022,RF,M,20.32,16116
kommun,2085,2022,RF,SD,16.67,16116
kommun,2101,2014,KF,V,4.49,3874
kommun,2101,2014,KF,S,46.46,3874
kommun,2101,2014,KF,MP,3.98,3874
kommun,2101,2014,KF,C,15.02,3874
kommun,2101,2014,KF,L,4.98,3874
kommun,2101,2014,KF,KD,1.99,3874
kommun,2101,2014,KF,M,6.97,3874
kommun,2101,2014,KF,SD,15.8,3874
kommun,2101,2014,RD,V,5.9,3881
kommun,2101,2014,RD,S,38.37,3881
kommun,2101,2014,RD,MP,3.66,3881
kommun,2101,2014,RD,C,11.34,3881
kommun,2101,2014,RD,L,2.14,3881
kommun,2101,2014,RD,KD,2.22,3881
kommun,2101,2014,RD,M,12.93,3881
kommun,2101,2014,RD,SD,20.72,3881
kommun,2101,2014,RF,V,6.63,3830
kommun,2101,2014,RF,S,40.16,3830
kommun,2101,2014,RF,MP,3.94,3830
kommun,2101,2014,RF,C,12.51,3830
kommun,2101,2014,RF,L,2.82,3830
kommun,2101,2014,RF,KD,2.43,3830
kommun,2101,2014,RF,M,10.5,3830
kommun,2101,2014,RF,SD,15.14,3830
kommun,2101,2018,KF,V,4.87,3959
kommun,2101,2018,KF,S,40.62,3959
kommun,2101,2018,KF,MP,2.7,3959
kommun,2101,2018,KF,C,15.94,3959
kommun,2101,2018,KF,L,0.91,3959
kommun,2101,2018,KF,KD,2.63,3959
kommun,2101,2018,KF,M,6.74,3959
kommun,2101,2018,KF,SD,25.26,3959
kommun,2101,2018,RD,V,7.49,3818
kommun,2101,2018,RD,S,31.74,3818
kommun,2101,2018,RD,MP,2.83,3818
kommun,2101,2018,RD,C,11.39,3818
kommun,2101,2018,RD,L,1.96,3818
kommun,2101,2018,RD,KD,4.95,3818
kommun,2101,2018,RD,M,11.29,3818
kommun,2101,2018,RD,SD,27.29,3818
kommun,2101,2018,RF,V,6.26,3900
kommun,2101,2018,RF,S,33.97,3900
kommun,2101,2018,RF,MP,2.41,3900
kommun,2101,2018,RF,C,11.82,3900
kommun,2101,2018,RF,L,1.85,3900
kommun,2101,2018,RF,KD,3.62,3900
kommun,2101,2018,RF,M,8.95,3900
kommun,2101,2018,RF,SD,22.1,3900
kommun,2101,2022,KF,V,4.08,3873
kommun,2101,2022,KF,S,40.43,3873
kommun,2101,2022,KF,MP,3.05,3873
kommun,2101,2022,KF,C,11.41,3873
kommun,2101,2022,KF,L,0.65,3873
kommun,2101,2022,KF,KD,2.56,3873
kommun,2101,2022,KF,M,8.0,3873
kommun,2101,2022,KF,SD,29.72,3873
kommun,2101,2022,RD,V,5.24,3800
kommun,2101,2022,RD,S,33.16,3800
kommun,2101,2022,RD,MP,3.42,3800
kommun,2101,2022,RD,C,7.26,3800
kommun,2101,2022,RD,L,1.87,3800
kommun,2101,2022,RD,KD,5.0,3800
kommun,2101,2022,RD,M,12.26,3800
kommun,2101,2022,RD,SD,30.79,3800
kommun,2101,2022,RF,V,5.69,3864
kommun,2101,2022,RF,S,34.86,3864
kommun,2101,2022,RF,MP,2.67,3864
kommun,2101,2022,RF,C,8.54,3864
kommun,2101,2022,RF,L,1.68,3864
kommun,2101,2022,RF,KD,4.84,3864
kommun,2101,2022,RF,M,10.04,3864
kommun,2101,2022,RF,SD,27.46,3864
kommun,2104,2014,KF,V,12.4,6161
kommun,2104,2014,KF,S,36.28,6161
kommun,2104,2014,KF,MP,2.03,6161
kommun,2104,2014,KF,C,5.34,6161
kommun,2104,2014,KF,L,6.14,6161
kommun,2104,2014,KF,KD,1.75,6161
kommun,2104,2014,KF,M,8.86,6161
kommun,2104,2014,KF,SD,9.11,6161
kommun,2104,2014,RD,V,10.82,6100
kommun,2104,2014,RD,S,47.43,6100
kommun,2104,2014,RD,MP,2.98,6100
kommun,2104,2014,RD,C,4.49,6100
kommun,2104,2014,RD,L,2.8,6100
kommun,2104,2014,RD,KD,1.74,6100
kommun,2104,2014,RD,M,11.16,6100
kommun,2104,2014,RD,SD,15.98,6100
kommun,2104,2014,RF,V,13.11,6005
kommun,2104,2014,RF,S,42.6,6005
kommun,2104,2014,RF,MP,3.33,6005
kommun,2104,2014,RF,C,4.5,6005
kommun,2104,2014,RF,L,3.71,6005
kommun,2104,2014,RF,KD,3.83,6005
kommun,2104,2014,RF,M,10.12,6005
kommun,2104,2014,RF,SD,9.91,6005
kommun,2104,2018,KF,V,10.18,6219
kommun,2104,2018,KF,S,32.45,6219
kommun,2104,2018,KF,MP,0.9,6219
kommun,2104,2018,KF,C,6.79,6219
kommun,2104,2018,KF,L,8.22,6219
kommun,2104,2018,KF,KD,2.35,6219
kommun,2104,2018,KF,M,9.13,6219
kommun,2104,2018,KF,SD,12.22,6219
kommun,2104,2018,RD,V,11.78,6118
kommun,2104,2018,RD,S,39.36,6118
kommun,2104,2018,RD,MP,1.91,6118
kommun,2104,2018,RD,C,5.23,6118
kommun,2104,2018,RD,L,3.51,6118
kommun,2104,2018,RD,KD,3.97,6118
kommun,2104,2018,RD,M,11.29,6118
kommun,2104,2018,RD,SD,21.84,6118
kommun,2104,2018,RF,V,12.7,6111
kommun,2104,2018,RF,S,36.59,6111
kommun,2104,2018,RF,MP,1.78,6111
kommun,2104,2018,RF,C,6.17,6111
kommun,2104,2018,RF,L,5.45,6111
kommun,2104,2018,RF,KD,4.65,6111
kommun,2104,2018,RF,M,10.21,6111
kommun,2104,2018,RF,SD,14.91,6111
kommun,2104,2022,KF,V,10.07,5979
kommun,2104,2022,KF,S,31.41,5979
kommun,2104,2022,KF,MP,0.45,5979
kommun,2104,2022,KF,C,5.08,5979
kommun,2104,2022,KF,L,5.0,5979
kommun,2104,2022,KF,KD,4.21,5979
kommun,2104,2022,KF,M,14.35,5979
kommun,2104,2022,KF,SD,17.23,5979
kommun,2104,2022,RD,V,8.31,6006
kommun,2104,2022,RD,S,36.43,6006
kommun,2104,2022,RD,MP,2.15,6006
kommun,2104,2022,RD,C,3.93,6006
kommun,2104,2022,RD,L,2.31,6006
kommun,2104,2022,RD,KD,4.41,6006
kommun,2104,2022,RD,M,13.55,6006
kommun,2104,2022,RD,SD,27.82,6006
kommun,2104,2022,RF,V,9.97,5886
kommun,2104,2022,RF,S,35.54,5886
kommun,2104,2022,RF,MP,1.1,5886
kommun,2104,2022,RF,C,4.2,5886
kommun,2104,2022,RF,L,3.3,5886
kommun,2104,2022,RF,KD,6.27,5886
kommun,2104,2022,RF,M,13.59,5886
kommun,2104,2022,RF,SD,19.89,5886
kommun,2121,2014,KF,V,3.36,7628
kommun,2121,2014,KF,S,34.82,7628
kommun,2121,2014,KF,MP,3.29,7628
kommun,2121,2014,KF,C,27.79,7628
kommun,2121,2014,KF,L,2.19,7628
kommun,2121,2014,KF,KD,10.34,7628
kommun,2121,2014,KF,M,7.35,7628
kommun,2121,2014,KF,SD,10.58,7628
kommun,2121,2014,RD,V,3.79,7684
kommun,2121,2014,RD,S,36.47,7684
kommun,2121,2014,RD,MP,3.51,7684
kommun,2121,2014,RD,C,13.38,7684
kommun,2121,2014,RD,L,2.17,7684
kommun,2121,2014,RD,KD,8.22,7684
kommun,2121,2014,RD,M,14.42,7684
kommun,2121,2014,RD,SD,15.98,7684
kommun,2121,2014,RF,V,4.1,7481
kommun,2121,2014,RF,S,31.47,7481
kommun,2121,2014,RF,MP,2.99,7481
kommun,2121,2014,RF,C,17.27,7481
kommun,2121,2014,RF,L,2.73,7481
kommun,2121,2014,RF,KD,10.75,7481
kommun,2121,2014,RF,M,9.42,7481
kommun,2121,2014,RF,SD,9.61,7481
kommun,2121,2018,KF,V,3.17,7737
kommun,2121,2018,KF,S,33.0,7737
kommun,2121,2018,KF,MP,1.82,7737
kommun,2121,2018,KF,C,29.04,7737
kommun,2121,2018,KF,L,2.38,7737
kommun,2121,2018,KF,KD,10.25,7737
kommun,2121,2018,KF,M,9.2,7737
kommun,2121,2018,KF,SD,10.95,7737
kommun,2121,2018,RD,V,4.8,7645
kommun,2121,2018,RD,S,32.33,7645
kommun,2121,2018,RD,MP,1.77,7645
kommun,2121,2018,RD,C,16.97,7645
kommun,2121,2018,RD,L,2.69,7645
kommun,2121,2018,RD,KD,10.07,7645
kommun,2121,2018,RD,M,12.49,7645
kommun,2121,2018,RD,SD,17.82,7645
kommun,2121,2018,RF,V,3.96,7592
kommun,2121,2018,RF,S,30.35,7592
kommun,2121,2018,RF,MP,1.65,7592
kommun,2121,2018,RF,C,18.69,7592
kommun,2121,2018,RF,L,2.61,7592
kommun,2121,2018,RF,KD,11.74,7592
kommun,2121,2018,RF,M,9.73,7592
kommun,2121,2018,RF,SD,11.93,7592
kommun,2121,2022,KF,V,4.11,7538
kommun,2121,2022,KF,S,28.69,7538
kommun,2121,2022,KF,MP,1.68,7538
kommun,2121,2022,KF,C,20.15,7538
kommun,2121,2022,KF,L,2.31,7538
kommun,2121,2022,KF,KD,15.39,7538
kommun,2121,2022,KF,M,10.33,7538
kommun,2121,2022,KF,SD,17.23,7538
kommun,2121,2022,RD,V,3.61,7510
kommun,2121,2022,RD,S,31.46,7510
kommun,2121,2022,RD,MP,2.46,7510
kommun,2121,2022,RD,C,9.95,7510
kommun,2121,2022,RD,L,2.05,7510
kommun,2121,2022,RD,KD,11.5,7510
kommun,2121,2022,RD,M,13.89,7510
kommun,2121,2022,RD,SD,24.23,7510
kommun,2121,2022,RF,V,4.93,7385
kommun,2121,2022,RF,S,28.67,7385
kommun,2121,2022,RF,MP,1.52,7385
kommun,2121,2022,RF,C,12.0,7385
kommun,2121,2022,RF,L,2.15,7385
kommun,2121,2022,RF,KD,16.32,7385
kommun,2121,2022,RF,M,11.32,7385
kommun,2121,2022,RF,SD,17.4,7385
kommun,2132,2014,KF,V,5.03,6183
kommun,2132,2014,KF,S,36.07,6183
kommun,2132,2014,KF,MP,4.69,6183
kommun,2132,2014,KF,C,15.36,6183
kommun,2132,2014,KF,L,7.02,6183
kommun,2132,2014,KF,KD,3.56,6183
kommun,2132,2014,KF,M,12.34,6183
kommun,2132,2014,KF,SD,15.62,6183
kommun,2132,2014,RD,V,5.75,6204
kommun,2132,2014,RD,S,38.65,6204
kommun,2132,2014,RD,MP,3.68,6204
kommun,2132,2014,RD,C,9.4,6204
kommun,2132,2014,RD,L,3.42,6204
kommun,2132,2014,RD,KD,3.66,6204
kommun,2132,2014,RD,M,14.62,6204
kommun,2132,2014,RD,SD,18.17,6204
kommun,2132,2014,RF,V,6.87,6072
kommun,2132,2014,RF,S,36.22,6072
kommun,2132,2014,RF,MP,3.66,6072
kommun,2132,2014,RF,C,10.72,6072
kommun,2132,2014,RF,L,4.25,6072
kommun,2132,2014,RF,KD,4.89,6072
kommun,2132,2014,RF,M,11.26,6072
kommun,2132,2014,RF,SD,12.99,6072
kommun,2132,2018,KF,V,9.11,6047
kommun,2132,2018,KF,S,30.0,6047
kommun,2132,2018,KF,MP,1.52,6047
kommun,2132,2018,KF,C,14.52,6047
kommun,2132,2018,KF,L,4.47,6047
kommun,2132,2018,KF,KD,5.13,6047
kommun,2132,2018,KF,M,13.94,6047
kommun,2132,2018,KF,SD,16.87,6047
kommun,2132,2018,RD,V,9.63,6084
kommun,2132,2018,RD,S,32.51,6084
kommun,2132,2018,RD,MP,1.92,6084
kommun,2132,2018,RD,C,11.79,6084
kommun,2132,2018,RD,L,2.5,6084
kommun,2132,2018,RD,KD,6.87,6084
kommun,2132,2018,RD,M,11.72,6084
kommun,2132,2018,RD,SD,21.48,6084
kommun,2132,2018,RF,V,9.19,5985
kommun,2132,2018,RF,S,30.93,5985
kommun,2132,2018,RF,MP,2.04,5985
kommun,2132,2018,RF,C,12.25,5985
kommun,2132,2018,RF,L,3.21,5985
kommun,2132,2018,RF,KD,6.48,5985
kommun,2132,2018,RF,M,11.33,5985
kommun,2132,2018,RF,SD,17.13,5985
kommun,2132,2022,KF,V,8.21,5944
kommun,2132,2022,KF,S,27.86,5944
kommun,2132,2022,KF,MP,1.77,5944
kommun,2132,2022,KF,C,10.57,5944
kommun,2132,2022,KF,L,2.22,5944
kommun,2132,2022,KF,KD,3.95,5944
kommun,2132,2022,KF,M,18.62,5944
kommun,2132,2022,KF,SD,17.85,5944
kommun,2132,2022,RD,V,6.2,6017
kommun,2132,2022,RD,S,31.61,6017
kommun,2132,2022,RD,MP,2.91,6017
kommun,2132,2022,RD,C,7.1,6017
kommun,2132,2022,RD,L,2.21,6017
kommun,2132,2022,RD,KD,6.48,6017
kommun,2132,2022,RD,M,13.08,6017
kommun,2132,2022,RD,SD,29.02,6017
kommun,2132,2022,RF,V,7.88,5841
kommun,2132,2022,RF,S,29.4,5841
kommun,2132,2022,RF,MP,1.8,5841
kommun,2132,2022,RF,C,8.3,5841
kommun,2132,2022,RF,L,1.99,5841
kommun,2132,2022,RF,KD,7.36,5841
kommun,2132,2022,RF,M,15.31,5841
kommun,2132,2022,RF,SD,20.07,5841
kommun,2161,2014,KF,V,9.5,11820
kommun,2161,2014,KF,S,29.51,11820
kommun,2161,2014,KF,MP,7.14,11820
kommun,2161,2014,KF,C,11.51,11820
kommun,2161,2014,KF,L,6.57,11820
kommun,2161,2014,KF,KD,2.19,11820
kommun,2161,2014,KF,M,16.83,11820
kommun,2161,2014,KF,SD,12.13,11820
kommun,2161,2014,RD,V,5.58,12119
kommun,2161,2014,RD,S,36.47,12119
kommun,2161,2014,RD,MP,4.88,12119
kommun,2161,2014,RD,C,8.59,12119
kommun,2161,2014,RD,L,3.16,12119
kommun,2161,2014,RD,KD,2.4,12119
kommun,2161,2014,RD,M,18.8,12119
kommun,2161,2014,RD,SD,16.58,12119
kommun,2161,2014,RF,V,7.15,11716
kommun,2161,2014,RF,S,32.31,11716
kommun,2161,2014,RF,MP,5.43,11716
kommun,2161,2014,RF,C,9.54,11716
kommun,2161,2014,RF,L,3.82,11716
kommun,2161,2014,RF,KD,2.46,11716
kommun,2161,2014,RF,M,17.4,11716
kommun,2161,2014,RF,SD,11.59,11716
kommun,2161,2018,KF,V,6.89,11896
kommun,2161,2018,KF,S,33.5,11896
kommun,2161,2018,KF,MP,3.58,11896
kommun,2161,2018,KF,C,14.74,11896
kommun,2161,2018,KF,L,3.83,11896
kommun,2161,2018,KF,KD,2.93,11896
kommun,2161,2018,KF,M,13.01,11896
kommun,2161,2018,KF,SD,12.09,11896
kommun,2161,2018,RD,V,6.9,12065
kommun,2161,2018,RD,S,33.99,12065
kommun,2161,2018,RD,MP,2.75,12065
kommun,2161,2018,RD,C,12.27,12065
kommun,2161,2018,RD,L,3.36,12065
kommun,2161,2018,RD,KD,5.11,12065
kommun,2161,2018,RD,M,14.41,12065
kommun,2161,2018,RD,SD,19.97,12065
kommun,2161,2018,RF,V,6.89,11676
kommun,2161,2018,RF,S,31.99,11676
kommun,2161,2018,RF,MP,3.39,11676
kommun,2161,2018,RF,C,10.89,11676
kommun,2161,2018,RF,L,3.4,11676
kommun,2161,2018,RF,KD,3.68,11676
kommun,2161,2018,RF,M,16.86,11676
kommun,2161,2018,RF,SD,13.51,11676
kommun,2161,2022,KF,V,4.83,11720
kommun,2161,2022,KF,S,29.22,11720
kommun,2161,2022,KF,MP,3.84,11720
kommun,2161,2022,KF,C,9.27,11720
kommun,2161,2022,KF,L,7.53,11720
kommun,2161,2022,KF,KD,3.33,11720
kommun,2161,2022,KF,M,16.42,11720
kommun,2161,2022,KF,SD,16.02,11720
kommun,2161,2022,RD,V,4.59,12043
kommun,2161,2022,RD,S,32.06,12043
kommun,2161,2022,RD,MP,3.51,12043
kommun,2161,2022,RD,C,7.95,12043
kommun,2161,2022,RD,L,3.01,12043
kommun,2161,2022,RD,KD,5.58,12043
kommun,2161,2022,RD,M,15.98,12043
kommun,2161,2022,RD,SD,26.21,12043
kommun,2161,2022,RF,V,6.04,11520
kommun,2161,2022,RF,S,29.33,11520
kommun,2161,2022,RF,MP,2.83,11520
kommun,2161,2022,RF,C,8.35,11520
kommun,2161,2022,RF,L,3.24,11520
kommun,2161,2022,RF,KD,4.85,11520
kommun,2161,2022,RF,M,18.29,11520
kommun,2161,2022,RF,SD,18.19,11520
kommun,2180,2014,KF,V,8.8,64230
kommun,2180,2014,KF,S,30.0,64230
kommun,2180,2014,KF,MP,7.57,64230
kommun,2180,2014,KF,C,4.5,64230
kommun,2180,2014,KF,L,7.53,64230
kommun,2180,2014,KF,KD,3.04,64230
kommun,2180,2014,KF,M,25.22,64230
kommun,2180,2014,KF,SD,12.93,64230
kommun,2180,2014,RD,V,6.7,64299
kommun,2180,2014,RD,S,34.08,64299
kommun,2180,2014,RD,MP,6.21,64299
kommun,2180,2014,RD,C,4.28,64299
kommun,2180,2014,RD,L,5.05,64299
kommun,2180,2014,RD,KD,3.25,64299
kommun,2180,2014,RD,M,21.0,64299
kommun,2180,2014,RD,SD,15.82,64299
kommun,2180,2014,RF,V,8.54,64004
kommun,2180,2014,RF,S,29.57,64004
kommun,2180,2014,RF,MP,6.6,64004
kommun,2180,2014,RF,C,4.14,64004
kommun,2180,2014,RF,L,6.05,64004
kommun,2180,2014,RF,KD,3.4,64004
kommun,2180,2014,RF,M,23.31,64004
kommun,2180,2014,RF,SD,11.69,64004
kommun,2180,2018,KF,V,8.98,66582
kommun,2180,2018,KF,S,31.96,66582
kommun,2180,2018,KF,MP,4.61,66582
kommun,2180,2018,KF,C,5.69,66582
kommun,2180,2018,KF,L,7.05,66582
kommun,2180,2018,KF,KD,4.54,66582
kommun,2180,2018,KF,M,18.97,66582
kommun,2180,2018,KF,SD,17.22,66582
kommun,2180,2018,RD,V,8.47,66241
kommun,2180,2018,RD,S,32.09,66241
kommun,2180,2018,RD,MP,3.88,66241
kommun,2180,2018,RD,C,6.32,66241
kommun,2180,2018,RD,L,5.36,66241
kommun,2180,2018,RD,KD,4.92,66241
kommun,2180,2018,RD,M,18.17,66241
kommun,2180,2018,RD,SD,19.46,66241
kommun,2180,2018,RF,V,8.77,66452
kommun,2180,2018,RF,S,30.12,66452
kommun,2180,2018,RF,MP,3.94,66452
kommun,2180,2018,RF,C,5.6,66452
kommun,2180,2018,RF,L,6.04,66452
kommun,2180,2018,RF,KD,4.85,66452
kommun,2180,2018,RF,M,18.07,66452
kommun,2180,2018,RF,SD,15.59,66452
kommun,2180,2022,KF,V,8.1,65253
kommun,2180,2022,KF,S,32.08,65253
kommun,2180,2022,KF,MP,3.9,65253
kommun,2180,2022,KF,C,4.81,65253
kommun,2180,2022,KF,L,4.04,65253
kommun,2180,2022,KF,KD,4.55,65253
kommun,2180,2022,KF,M,21.26,65253
kommun,2180,2022,KF,SD,19.49,65253
kommun,2180,2022,RD,V,6.48,65558
kommun,2180,2022,RD,S,33.35,65558
kommun,2180,2022,RD,MP,4.01,65558
kommun,2180,2022,RD,C,5.01,65558
kommun,2180,2022,RD,L,3.76,65558
kommun,2180,2022,RD,KD,4.28,65558
kommun,2180,2022,RD,M,19.16,65558
kommun,2180,2022,RD,SD,22.57,65558
kommun,2180,2022,RF,V,8.64,65055
kommun,2180,2022,RF,S,30.93,65055
kommun,2180,2022,RF,MP,3.1,65055
kommun,2180,2022,RF,C,4.99,65055
kommun,2180,2022,RF,L,3.57,65055
kommun,2180,2022,RF,KD,5.43,65055
kommun,2180,2022,RF,M,20.34,65055
kommun,2180,2022,RF,SD,18.53,65055
kommun,2181,2014,KF,V,8.75,24709
kommun,2181,2014,KF,S,41.4,24709
kommun,2181,2014,KF,MP,4.16,24709
kommun,2181,2014,KF,C,5.94,24709
kommun,2181,2014,KF,L,4.97,24709
kommun,2181,2014,KF,KD,2.22,24709
kommun,2181,2014,KF,M,15.21,24709
kommun,2181,2014,KF,SD,12.4,24709
kommun,2181,2014,RD,V,7.13,24741
kommun,2181,2014,RD,S,43.72,24741
kommun,2181,2014,RD,MP,3.88,24741
kommun,2181,2014,RD,C,5.15,24741
kommun,2181,2014,RD,L,3.72,24741
kommun,2181,2014,RD,KD,2.74,24741
kommun,2181,2014,RD,M,15.48,24741
kommun,2181,2014,RD,SD,15.31,24741
kommun,2181,2014,RF,V,8.62,24497
kommun,2181,2014,RF,S,41.05,24497
kommun,2181,2014,RF,MP,3.99,24497
kommun,2181,2014,RF,C,5.23,24497
kommun,2181,2014,RF,L,3.93,24497
kommun,2181,2014,RF,KD,2.87,24497
kommun,2181,2014,RF,M,15.59,24497
kommun,2181,2014,RF,SD,10.85,24497
kommun,2181,2018,KF,V,8.2,25270
kommun,2181,2018,KF,S,35.52,25270
kommun,2181,2018,KF,MP,2.15,25270
kommun,2181,2018,KF,C,8.69,25270
kommun,2181,2018,KF,L,7.11,25270
kommun,2181,2018,KF,KD,3.27,25270
kommun,2181,2018,KF,M,15.12,25270
kommun,2181,2018,KF,SD,18.6,25270
kommun,2181,2018,RD,V,8.39,24794
kommun,2181,2018,RD,S,36.96,24794
kommun,2181,2018,RD,MP,2.25,24794
kommun,2181,2018,RD,C,6.7,24794
kommun,2181,2018,RD,L,4.3,24794
kommun,2181,2018,RD,KD,4.48,24794
kommun,2181,2018,RD,M,14.35,24794
kommun,2181,2018,RD,SD,21.42,24794
kommun,2181,2018,RF,V,8.57,25127
kommun,2181,2018,RF,S,35.04,25127
kommun,2181,2018,RF,MP,2.15,25127
kommun,2181,2018,RF,C,6.75,25127
kommun,2181,2018,RF,L,5.23,25127
kommun,2181,2018,RF,KD,4.19,25127
kommun,2181,2018,RF,M,13.89,25127
kommun,2181,2018,RF,SD,17.18,25127
kommun,2181,2022,KF,V,7.06,24533
kommun,2181,2022,KF,S,34.14,24533
kommun,2181,2022,KF,MP,2.24,24533
kommun,2181,2022,KF,C,6.73,24533
kommun,2181,2022,KF,L,4.14,24533
kommun,2181,2022,KF,KD,3.52,24533
kommun,2181,2022,KF,M,19.07,24533
kommun,2181,2022,KF,SD,22.48,24533
kommun,2181,2022,RD,V,5.8,24374
kommun,2181,2022,RD,S,37.06,24374
kommun,2181,2022,RD,MP,2.57,24374
kommun,2181,2022,RD,C,4.79,24374
kommun,2181,2022,RD,L,2.96,24374
kommun,2181,2022,RD,KD,4.1,24374
kommun,2181,2022,RD,M,15.58,24374
kommun,2181,2022,RD,SD,25.98,24374
kommun,2181,2022,RF,V,7.42,24384
kommun,2181,2022,RF,S,34.74,24384
kommun,2181,2022,RF,MP,1.87,24384
kommun,2181,2022,RF,C,5.28,24384
kommun,2181,2022,RF,L,3.06,24384
kommun,2181,2022,RF,KD,4.71,24384
kommun,2181,2022,RF,M,16.63,24384
kommun,2181,2022,RF,SD,21.38,24384
kommun,2182,2014,KF,V,8.47,16945
kommun,2182,2014,KF,S,36.64,16945
kommun,2182,2014,KF,MP,4.34,16945
kommun,2182,2014,KF,C,15.13,16945
kommun,2182,2014,KF,L,3.2,16945
kommun,2182,2014,KF,KD,2.88,16945
kommun,2182,2014,KF,M,10.36,16945
kommun,2182,2014,KF,SD,15.41,16945
kommun,2182,2014,RD,V,6.24,16967
kommun,2182,2014,RD,S,43.57,16967
kommun,2182,2014,RD,MP,4.07,16967
kommun,2182,2014,RD,C,6.93,16967
kommun,2182,2014,RD,L,2.61,16967
kommun,2182,2014,RD,KD,2.77,16967
kommun,2182,2014,RD,M,15.05,16967
kommun,2182,2014,RD,SD,15.84,16967
kommun,2182,2014,RF,V,7.67,16767
kommun,2182,2014,RF,S,38.72,16767
kommun,2182,2014,RF,MP,4.23,16767
kommun,2182,2014,RF,C,8.99,16767
kommun,2182,2014,RF,L,2.87,16767
kommun,2182,2014,RF,KD,3.11,16767
kommun,2182,2014,RF,M,11.96,16767
kommun,2182,2014,RF,SD,11.95,16767
kommun,2182,2018,KF,V,8.7,16995
kommun,2182,2018,KF,S,27.51,16995
kommun,2182,2018,KF,MP,2.12,16995
kommun,2182,2018,KF,C,22.57,16995
kommun,2182,2018,KF,L,3.05,16995
kommun,2182,2018,KF,KD,4.79,16995
kommun,2182,2018,KF,M,12.77,16995
kommun,2182,2018,KF,SD,15.09,16995
kommun,2182,2018,RD,V,8.26,16776
kommun,2182,2018,RD,S,36.53,16776
kommun,2182,2018,RD,MP,2.4,16776
kommun,2182,2018,RD,C,9.91,16776
kommun,2182,2018,RD,L,2.98,16776
kommun,2182,2018,RD,KD,5.03,16776
kommun,2182,2018,RD,M,14.35,16776
kommun,2182,2018,RD,SD,19.58,16776
kommun,2182,2018,RF,V,8.71,16792
kommun,2182,2018,RF,S,30.43,16792
kommun,2182,2018,RF,MP,2.47,16792
kommun,2182,2018,RF,C,15.34,16792
kommun,2182,2018,RF,L,2.82,16792
kommun,2182,2018,RF,KD,4.81,16792
kommun,2182,2018,RF,M,12.95,16792
kommun,2182,2018,RF,SD,14.57,16792
kommun,2182,2022,KF,V,7.06,15959
kommun,2182,2022,KF,S,29.51,15959
kommun,2182,2022,KF,MP,1.66,15959
kommun,2182,2022,KF,C,15.77,15959
kommun,2182,2022,KF,L,2.49,15959
kommun,2182,2022,KF,KD,5.99,15959
kommun,2182,2022,KF,M,16.0,15959
kommun,2182,2022,KF,SD,19.46,15959
kommun,2182,2022,RD,V,5.11,15899
kommun,2182,2022,RD,S,37.48,15899
kommun,2182,2022,RD,MP,2.87,15899
kommun,2182,2022,RD,C,6.3,15899
kommun,2182,2022,RD,L,2.34,15899
kommun,2182,2022,RD,KD,4.87,15899
kommun,2182,2022,RD,M,14.78,15899
kommun,2182,2022,RD,SD,24.92,15899
kommun,2182,2022,RF,V,7.27,15797
kommun,2182,2022,RF,S,32.84,15797
kommun,2182,2022,RF,MP,1.91,15797
kommun,2182,2022,RF,C,10.43,15797
kommun,2182,2022,RF,L,1.89,15797
kommun,2182,2022,RF,KD,6.34,15797
kommun,2182,2022,RF,M,16.06,15797
kommun,2182,2022,RF,SD,19.43,15797
kommun,2183,2014,KF,V,5.57,17140
kommun,2183,2014,KF,S,31.55,17140
kommun,2183,2014,KF,MP,3.77,17140
kommun,2183,2014,KF,C,11.86,17140
kommun,2183,2014,KF,L,3.76,17140
kommun,2183,2014,KF,KD,3.1,17140
kommun,2183,2014,KF,M,9.39,17140
kommun,2183,2014,KF,SD,12.32,17140
kommun,2183,2014,RD,V,5.89,17170
kommun,2183,2014,RD,S,38.86,17170
kommun,2183,2014,RD,MP,4.19,17170
kommun,2183,2014,RD,C,8.41,17170
kommun,2183,2014,RD,L,3.06,17170
kommun,2183,2014,RD,KD,3.18,17170
kommun,2183,2014,RD,M,15.21,17170
kommun,2183,2014,RD,SD,18.58,17170
kommun,2183,2014,RF,V,6.91,16840
kommun,2183,2014,RF,S,33.78,16840
kommun,2183,2014,RF,MP,3.98,16840
kommun,2183,2014,RF,C,12.04,16840
kommun,2183,2014,RF,L,4.47,16840
kommun,2183,2014,RF,KD,3.72,16840
kommun,2183,2014,RF,M,11.81,16840
kommun,2183,2014,RF,SD,12.33,16840
kommun,2183,2018,KF,V,5.62,17512
kommun,2183,2018,KF,S,29.82,17512
kommun,2183,2018,KF,MP,2.16,17512
kommun,2183,2018,KF,C,11.18,17512
kommun,2183,2018,KF,L,9.77,17512
kommun,2183,2018,KF,KD,3.0,17512
kommun,2183,2018,KF,M,8.74,17512
kommun,2183,2018,KF,SD,11.78,17512
kommun,2183,2018,RD,V,7.65,17173
kommun,2183,2018,RD,S,34.6,17173
kommun,2183,2018,RD,MP,2.5,17173
kommun,2183,2018,RD,C,11.34,17173
kommun,2183,2018,RD,L,3.41,17173
kommun,2183,2018,RD,KD,5.92,17173
kommun,2183,2018,RD,M,13.98,17173
kommun,2183,2018,RD,SD,19.57,17173
kommun,2183,2018,RF,V,7.33,17179
kommun,2183,2018,RF,S,32.08,17179
kommun,2183,2018,RF,MP,2.46,17179
kommun,2183,2018,RF,C,13.02,17179
kommun,2183,2018,RF,L,4.72,17179
kommun,2183,2018,RF,KD,5.11,17179
kommun,2183,2018,RF,M,12.52,17179
kommun,2183,2018,RF,SD,13.15,17179
kommun,2183,2022,KF,V,5.47,16940
kommun,2183,2022,KF,S,31.31,16940
kommun,2183,2022,KF,MP,1.92,16940
kommun,2183,2022,KF,C,10.66,16940
kommun,2183,2022,KF,L,3.58,16940
kommun,2183,2022,KF,KD,6.09,16940
kommun,2183,2022,KF,M,11.2,16940
kommun,2183,2022,KF,SD,17.04,16940
kommun,2183,2022,RD,V,5.14,16939
kommun,2183,2022,RD,S,36.01,16939
kommun,2183,2022,RD,MP,3.02,16939
kommun,2183,2022,RD,C,7.46,16939
kommun,2183,2022,RD,L,2.62,16939
kommun,2183,2022,RD,KD,6.18,16939
kommun,2183,2022,RD,M,13.92,16939
kommun,2183,2022,RD,SD,24.62,16939
kommun,2183,2022,RF,V,6.84,16700
kommun,2183,2022,RF,S,33.61,16700
kommun,2183,2022,RF,MP,2.04,16700
kommun,2183,2022,RF,C,10.06,16700
kommun,2183,2022,RF,L,2.9,16700
kommun,2183,2022,RF,KD,7.56,16700
kommun,2183,2022,RF,M,14.16,16700
kommun,2183,2022,RF,SD,17.83,16700
kommun,2184,2014,KF,V,10.59,24019
kommun,2184,2014,KF,S,37.14,24019
kommun,2184,2014,KF,MP,6.5,24019
kommun,2184,2014,KF,C,15.31,24019
kommun,2184,2014,KF,L,2.35,24019
kommun,2184,2014,KF,KD,3.03,24019
kommun,2184,2014,KF,M,14.83,24019
kommun,2184,2014,KF,SD,9.46,24019
kommun,2184,2014,RD,V,6.97,24350
kommun,2184,2014,RD,S,38.41,24350
kommun,2184,2014,RD,MP,6.0,24350
kommun,2184,2014,RD,C,9.17,24350
kommun,2184,2014,RD,L,2.82,24350
kommun,2184,2014,RD,KD,3.32,24350
kommun,2184,2014,RD,M,16.18,24350
kommun,2184,2014,RD,SD,13.75,24350
kommun,2184,2014,RF,V,9.53,23789
kommun,2184,2014,RF,S,35.42,23789
kommun,2184,2014,RF,MP,6.18,23789
kommun,2184,2014,RF,C,10.18,23789
kommun,2184,2014,RF,L,2.69,23789
kommun,2184,2014,RF,KD,5.4,23789
kommun,2184,2014,RF,M,13.99,23789
kommun,2184,2014,RF,SD,9.16,23789
kommun,2184,2018,KF,V,10.39,24461
kommun,2184,2018,KF,S,31.36,24461
kommun,2184,2018,KF,MP,4.25,24461
kommun,2184,2018,KF,C,20.34,24461
kommun,2184,2018,KF,L,2.05,24461
kommun,2184,2018,KF,KD,3.73,24461
kommun,2184,2018,KF,M,15.65,24461
kommun,2184,2018,KF,SD,11.71,24461
kommun,2184,2018,RD,V,9.32,24699
kommun,2184,2018,RD,S,34.69,24699
kommun,2184,2018,RD,MP,3.6,24699
kommun,2184,2018,RD,C,12.62,24699
kommun,2184,2018,RD,L,2.78,24699
kommun,2184,2018,RD,KD,5.34,24699
kommun,2184,2018,RD,M,13.79,24699
kommun,2184,2018,RD,SD,16.29,24699
kommun,2184,2018,RF,V,10.04,24217
kommun,2184,2018,RF,S,31.5,24217
kommun,2184,2018,RF,MP,3.62,24217
kommun,2184,2018,RF,C,15.1,24217
kommun,2184,2018,RF,L,2.61,24217
kommun,2184,2018,RF,KD,5.25,24217
kommun,2184,2018,RF,M,13.95,24217
kommun,2184,2018,RF,SD,11.69,24217
kommun,2184,2022,KF,V,9.59,24091
kommun,2184,2022,KF,S,29.68,24091
kommun,2184,2022,KF,MP,3.25,24091
kommun,2184,2022,KF,C,19.0,24091
kommun,2184,2022,KF,L,0.95,24091
kommun,2184,2022,KF,KD,5.39,24091
kommun,2184,2022,KF,M,16.94,24091
kommun,2184,2022,KF,SD,14.85,24091
kommun,2184,2022,RD,V,6.31,24441
kommun,2184,2022,RD,S,36.36,24441
kommun,2184,2022,RD,MP,4.27,24441
kommun,2184,2022,RD,C,8.35,24441
kommun,2184,2022,RD,L,2.46,24441
kommun,2184,2022,RD,KD,5.29,24441
kommun,2184,2022,RD,M,14.57,24441
kommun,2184,2022,RD,SD,21.16,24441
kommun,2184,2022,RF,V,9.29,23781
kommun,2184,2022,RF,S,31.91,23781
kommun,2184,2022,RF,MP,3.08,23781
kommun,2184,2022,RF,C,11.4,23781
kommun,2184,2022,RF,L,1.68,23781
kommun,2184,2022,RF,KD,6.25,23781
kommun,2184,2022,RF,M,15.79,23781
kommun,2184,2022,RF,SD,14.8,23781
kommun,2260,2014,KF,V,4.72,6413
kommun,2260,2014,KF,S,50.82,6413
kommun,2260,2014,KF,MP,1.12,6413
kommun,2260,2014,KF,C,7.05,6413
kommun,2260,2014,KF,L,0.89,6413
kommun,2260,2014,KF,KD,4.58,6413
kommun,2260,2014,KF,M,8.62,6413
kommun,2260,2014,KF,SD,8.11,6413
kommun,2260,2014,RD,V,5.75,6464
kommun,2260,2014,RD,S,49.72,6464
kommun,2260,2014,RD,MP,1.95,6464
kommun,2260,2014,RD,C,7.47,6464
kommun,2260,2014,RD,L,1.45,6464
kommun,2260,2014,RD,KD,2.69,6464
kommun,2260,2014,RD,M,11.37,6464
kommun,2260,2014,RD,SD,16.15,6464
kommun,2260,2014,RF,V,6.1,6275
kommun,2260,2014,RF,S,55.7,6275
kommun,2260,2014,RF,MP,1.91,6275
kommun,2260,2014,RF,C,8.05,6275
kommun,2260,2014,RF,L,1.71,6275
kommun,2260,2014,RF,KD,6.02,6275
kommun,2260,2014,RF,M,9.47,6275
kommun,2260,2014,RF,SD,10.45,6275
kommun,2260,2018,KF,V,4.25,6304
kommun,2260,2018,KF,S,45.81,6304
kommun,2260,2018,KF,MP,0.21,6304
kommun,2260,2018,KF,C,6.44,6304
kommun,2260,2018,KF,L,0.59,6304
kommun,2260,2018,KF,KD,2.87,6304
kommun,2260,2018,KF,M,12.47,6304
kommun,2260,2018,KF,SD,12.91,6304
kommun,2260,2018,RD,V,6.83,6280
kommun,2260,2018,RD,S,41.88,6280
kommun,2260,2018,RD,MP,1.08,6280
kommun,2260,2018,RD,C,8.55,6280
kommun,2260,2018,RD,L,1.59,6280
kommun,2260,2018,RD,KD,4.87,6280
kommun,2260,2018,RD,M,11.26,6280
kommun,2260,2018,RD,SD,22.13,6280
kommun,2260,2018,RF,V,6.3,6141
kommun,2260,2018,RF,S,43.84,6141
kommun,2260,2018,RF,MP,0.88,6141
kommun,2260,2018,RF,C,7.34,6141
kommun,2260,2018,RF,L,1.58,6141
kommun,2260,2018,RF,KD,8.65,6141
kommun,2260,2018,RF,M,11.19,6141
kommun,2260,2018,RF,SD,15.63,6141
kommun,2260,2022,KF,V,4.6,6085
kommun,2260,2022,KF,S,40.44,6085
kommun,2260,2022,KF,MP,0.26,6085
kommun,2260,2022,KF,C,5.11,6085
kommun,2260,2022,KF,L,0.28,6085
kommun,2260,2022,KF,KD,4.39,6085
kommun,2260,2022,KF,M,10.71,6085
kommun,2260,2022,KF,SD,17.35,6085
kommun,2260,2022,RD,V,4.79,6090
kommun,2260,2022,RD,S,37.19,6090
kommun,2260,2022,RD,MP,1.49,6090
kommun,2260,2022,RD,C,5.5,6090
kommun,2260,2022,RD,L,1.74,6090
kommun,2260,2022,RD,KD,6.03,6090
kommun,2260,2022,RD,M,12.33,6090
kommun,2260,2022,RD,SD,29.82,6090
kommun,2260,2022,RF,V,4.84,5991
kommun,2260,2022,RF,S,36.32,5991
kommun,2260,2022,RF,MP,0.72,5991
kommun,2260,2022,RF,C,5.26,5991
kommun,2260,2022,RF,L,1.14,5991
kommun,2260,2022,RF,KD,7.19,5991
kommun,2260,2022,RF,M,11.67,5991
kommun,2260,2022,RF,SD,18.78,5991
kommun,2262,2014,KF,V,6.61,11769
kommun,2262,2014,KF,S,49.2,11769
kommun,2262,2014,KF,MP,3.23,11769
kommun,2262,2014,KF,C,5.91,11769
kommun,2262,2014,KF,L,6.12,11769
kommun,2262,2014,KF,KD,2.18,11769
kommun,2262,2014,KF,M,10.14,11769
kommun,2262,2014,KF,SD,9.15,11769
kommun,2262,2014,RD,V,6.68,11804
kommun,2262,2014,RD,S,50.3,11804
kommun,2262,2014,RD,MP,3.0,11804
kommun,2262,2014,RD,C,4.82,11804
kommun,2262,2014,RD,L,3.46,11804
kommun,2262,2014,RD,KD,2.64,11804
kommun,2262,2014,RD,M,12.98,11804
kommun,2262,2014,RD,SD,13.89,11804
kommun,2262,2014,RF,V,8.01,11570
kommun,2262,2014,RF,S,53.15,11570
kommun,2262,2014,RF,MP,3.35,11570
kommun,2262,2014,RF,C,5.19,11570
kommun,2262,2014,RF,L,5.27,11570
kommun,2262,2014,RF,KD,3.13,11570
kommun,2262,2014,RF,M,11.23,11570
kommun,2262,2014,RF,SD,10.22,11570
kommun,2262,2018,KF,V,7.08,12068
kommun,2262,2018,KF,S,44.88,12068
kommun,2262,2018,KF,MP,1.64,12068
kommun,2262,2018,KF,C,7.01,12068
kommun,2262,2018,KF,L,3.72,12068
kommun,2262,2018,KF,KD,3.45,12068
kommun,2262,2018,KF,M,9.73,12068
kommun,2262,2018,KF,SD,13.42,12068
kommun,2262,2018,RD,V,7.97,12032
kommun,2262,2018,RD,S,43.13,12032
kommun,2262,2018,RD,MP,1.86,12032
kommun,2262,2018,RD,C,6.8,12032
kommun,2262,2018,RD,L,3.06,12032
kommun,2262,2018,RD,KD,4.96,12032
kommun,2262,2018,RD,M,11.91,12032
kommun,2262,2018,RD,SD,19.41,12032
kommun,2262,2018,RF,V,8.55,11880
kommun,2262,2018,RF,S,43.91,11880
kommun,2262,2018,RF,MP,1.7,11880
kommun,2262,2018,RF,C,6.4,11880
kommun,2262,2018,RF,L,3.64,11880
kommun,2262,2018,RF,KD,5.51,11880
kommun,2262,2018,RF,M,10.82,11880
kommun,2262,2018,RF,SD,14.32,11880
kommun,2262,2022,KF,V,5.82,11733
kommun,2262,2022,KF,S,42.42,11733
kommun,2262,2022,KF,MP,1.16,11733
kommun,2262,2022,KF,C,4.88,11733
kommun,2262,2022,KF,L,1.93,11733
kommun,2262,2022,KF,KD,3.78,11733
kommun,2262,2022,KF,M,11.85,11733
kommun,2262,2022,KF,SD,16.53,11733
kommun,2262,2022,RD,V,5.11,11810
kommun,2262,2022,RD,S,41.01,11810
kommun,2262,2022,RD,MP,2.07,11810
kommun,2262,2022,RD,C,5.0,11810
kommun,2262,2022,RD,L,2.17,11810
kommun,2262,2022,RD,KD,4.89,11810
kommun,2262,2022,RD,M,12.62,11810
kommun,2262,2022,RD,SD,26.27,11810
kommun,2262,2022,RF,V,5.82,11608
kommun,2262,2022,RF,S,37.36,11608
kommun,2262,2022,RF,MP,1.07,11608
kommun,2262,2022,RF,C,4.19,11608
kommun,2262,2022,RF,L,1.89,11608
kommun,2262,2022,RF,KD,5.32,11608
kommun,2262,2022,RF,M,12.1,11608
kommun,2262,2022,RF,SD,16.26,11608
kommun,2280,2014,KF,V,7.34,16134
kommun,2280,2014,KF,S,43.78,16134
kommun,2280,2014,KF,MP,10.71,16134
kommun,2280,2014,KF,C,7.04,16134
kommun,2280,2014,KF,L,3.51,16134
kommun,2280,2014,KF,KD,2.6,16134
kommun,2280,2014,KF,M,16.56,16134
kommun,2280,2014,KF,SD,6.79,16134
kommun,2280,2014,RD,V,6.38,16338
kommun,2280,2014,RD,S,43.23,16338
kommun,2280,2014,RD,MP,6.95,16338
kommun,2280,2014,RD,C,6.46,16338
kommun,2280,2014,RD,L,3.29,16338
kommun,2280,2014,RD,KD,3.34,16338
kommun,2280,2014,RD,M,15.49,16338
kommun,2280,2014,RD,SD,11.01,16338
kommun,2280,2014,RF,V,8.36,15971
kommun,2280,2014,RF,S,46.37,15971
kommun,2280,2014,RF,MP,8.16,15971
kommun,2280,2014,RF,C,7.43,15971
kommun,2280,2014,RF,L,3.77,15971
kommun,2280,2014,RF,KD,3.4,15971
kommun,2280,2014,RF,M,14.14,15971
kommun,2280,2014,RF,SD,7.25,15971
kommun,2280,2018,KF,V,9.49,16468
kommun,2280,2018,KF,S,32.34,16468
kommun,2280,2018,KF,MP,6.35,16468
kommun,2280,2018,KF,C,12.1,16468
kommun,2280,2018,KF,L,4.1,16468
kommun,2280,2018,KF,KD,3.63,16468
kommun,2280,2018,KF,M,18.33,16468
kommun,2280,2018,KF,SD,11.73,16468
kommun,2280,2018,RD,V,8.86,16284
kommun,2280,2018,RD,S,36.67,16284
kommun,2280,2018,RD,MP,4.31,16284
kommun,2280,2018,RD,C,9.94,16284
kommun,2280,2018,RD,L,3.21,16284
kommun,2280,2018,RD,KD,5.29,16284
kommun,2280,2018,RD,M,13.09,16284
kommun,2280,2018,RD,SD,16.84,16284
kommun,2280,2018,RF,V,12.54,16376
kommun,2280,2018,RF,S,30.37,16376
kommun,2280,2018,RF,MP,4.42,16376
kommun,2280,2018,RF,C,10.05,16376
kommun,2280,2018,RF,L,3.44,16376
kommun,2280,2018,RF,KD,4.89,16376
kommun,2280,2018,RF,M,13.09,16376
kommun,2280,2018,RF,SD,11.06,16376
kommun,2280,2022,KF,V,7.76,15800
kommun,2280,2022,KF,S,38.51,15800
kommun,2280,2022,KF,MP,6.89,15800
kommun,2280,2022,KF,C,10.22,15800
kommun,2280,2022,KF,L,3.15,15800
kommun,2280,2022,KF,KD,4.03,15800
kommun,2280,2022,KF,M,16.04,15800
kommun,2280,2022,KF,SD,13.14,15800
kommun,2280,2022,RD,V,6.38,15950
kommun,2280,2022,RD,S,39.61,15950
kommun,2280,2022,RD,MP,5.97,15950
kommun,2280,2022,RD,C,7.61,15950
kommun,2280,2022,RD,L,2.56,15950
kommun,2280,2022,RD,KD,4.66,15950
kommun,2280,2022,RD,M,12.27,15950
kommun,2280,2022,RD,SD,19.71,15950
kommun,2280,2022,RF,V,7.65,15798
kommun,2280,2022,RF,S,33.74,15798
kommun,2280,2022,RF,MP,3.57,15798
kommun,2280,2022,RF,C,8.6,15798
kommun,2280,2022,RF,L,2.18,15798
kommun,2280,2022,RF,KD,4.29,15798
kommun,2280,2022,RF,M,10.03,15798
kommun,2280,2022,RF,SD,11.13,15798
kommun,2281,2014,KF,V,5.7,64054
kommun,2281,2014,KF,S,45.02,64054
kommun,2281,2014,KF,MP,4.85,64054
kommun,2281,2014,KF,C,5.3,64054
kommun,2281,2014,KF,L,6.97,64054
kommun,2281,2014,KF,KD,3.06,64054
kommun,2281,2014,KF,M,17.87,64054
kommun,2281,2014,KF,SD,9.27,64054
kommun,2281,2014,RD,V,5.59,64556
kommun,2281,2014,RD,S,41.23,64556
kommun,2281,2014,RD,MP,5.14,64556
kommun,2281,2014,RD,C,5.26,64556
kommun,2281,2014,RD,L,4.48,64556
kommun,2281,2014,RD,KD,3.38,64556
kommun,2281,2014,RD,M,19.66,64556
kommun,2281,2014,RD,SD,11.74,64556
kommun,2281,2014,RF,V,6.85,63405
kommun,2281,2014,RF,S,45.29,63405
kommun,2281,2014,RF,MP,4.79,63405
kommun,2281,2014,RF,C,5.1,63405
kommun,2281,2014,RF,L,6.11,63405
kommun,2281,2014,RF,KD,3.61,63405
kommun,2281,2014,RF,M,18.59,63405
kommun,2281,2014,RF,SD,9.06,63405
kommun,2281,2018,KF,V,6.86,65727
kommun,2281,2018,KF,S,38.85,65727
kommun,2281,2018,KF,MP,2.99,65727
kommun,2281,2018,KF,C,7.63,65727
kommun,2281,2018,KF,L,6.14,65727
kommun,2281,2018,KF,KD,4.75,65727
kommun,2281,2018,KF,M,18.24,65727
kommun,2281,2018,KF,SD,11.9,65727
kommun,2281,2018,RD,V,7.46,65922
kommun,2281,2018,RD,S,37.67,65922
kommun,2281,2018,RD,MP,3.21,65922
kommun,2281,2018,RD,C,8.26,65922
kommun,2281,2018,RD,L,4.77,65922
kommun,2281,2018,RD,KD,5.01,65922
kommun,2281,2018,RD,M,16.56,65922
kommun,2281,2018,RD,SD,15.63,65922
kommun,2281,2018,RF,V,7.69,65197
kommun,2281,2018,RF,S,38.93,65197
kommun,2281,2018,RF,MP,2.86,65197
kommun,2281,2018,RF,C,7.28,65197
kommun,2281,2018,RF,L,5.66,65197
kommun,2281,2018,RF,KD,5.89,65197
kommun,2281,2018,RF,M,16.72,65197
kommun,2281,2018,RF,SD,11.7,65197
kommun,2281,2022,KF,V,7.0,63915
kommun,2281,2022,KF,S,39.35,63915
kommun,2281,2022,KF,MP,2.62,63915
kommun,2281,2022,KF,C,6.12,63915
kommun,2281,2022,KF,L,4.44,63915
kommun,2281,2022,KF,KD,6.22,63915
kommun,2281,2022,KF,M,19.09,63915
kommun,2281,2022,KF,SD,14.59,63915
kommun,2281,2022,RD,V,5.65,64770
kommun,2281,2022,RD,S,37.81,64770
kommun,2281,2022,RD,MP,3.8,64770
kommun,2281,2022,RD,C,6.36,64770
kommun,2281,2022,RD,L,3.64,64770
kommun,2281,2022,RD,KD,4.96,64770
kommun,2281,2022,RD,M,16.67,64770
kommun,2281,2022,RD,SD,20.05,64770
kommun,2281,2022,RF,V,6.42,64033
kommun,2281,2022,RF,S,34.39,64033
kommun,2281,2022,RF,MP,1.87,64033
kommun,2281,2022,RF,C,5.06,64033
kommun,2281,2022,RF,L,3.31,64033
kommun,2281,2022,RF,KD,6.07,64033
kommun,2281,2022,RF,M,17.72,64033
kommun,2281,2022,RF,SD,13.24,64033
kommun,2282,2014,KF,V,10.12,12310
kommun,2282,2014,KF,S,48.81,12310
kommun,2282,2014,KF,MP,3.55,12310
kommun,2282,2014,KF,C,17.16,12310
kommun,2282,2014,KF,L,2.36,12310
kommun,2282,2014,KF,KD,2.06,12310
kommun,2282,2014,KF,M,9.31,12310
kommun,2282,2014,KF,SD,6.33,12310
kommun,2282,2014,RD,V,7.47,12448
kommun,2282,2014,RD,S,51.79,12448
kommun,2282,2014,RD,MP,3.32,12448
kommun,2282,2014,RD,C,9.54,12448
kommun,2282,2014,RD,L,1.67,12448
kommun,2282,2014,RD,KD,2.39,12448
kommun,2282,2014,RD,M,11.33,12448
kommun,2282,2014,RD,SD,9.71,12448
kommun,2282,2014,RF,V,9.17,12206
kommun,2282,2014,RF,S,51.62,12206
kommun,2282,2014,RF,MP,3.58,12206
kommun,2282,2014,RF,C,12.13,12206
kommun,2282,2014,RF,L,2.33,12206
kommun,2282,2014,RF,KD,2.64,12206
kommun,2282,2014,RF,M,9.0,12206
kommun,2282,2014,RF,SD,6.55,12206
kommun,2282,2018,KF,V,14.24,12195
kommun,2282,2018,KF,S,37.99,12195
kommun,2282,2018,KF,MP,1.71,12195
kommun,2282,2018,KF,C,19.56,12195
kommun,2282,2018,KF,L,2.2,12195
kommun,2282,2018,KF,KD,2.97,12195
kommun,2282,2018,KF,M,7.55,12195
kommun,2282,2018,KF,SD,12.52,12195
kommun,2282,2018,RD,V,11.79,12066
kommun,2282,2018,RD,S,41.07,12066
kommun,2282,2018,RD,MP,1.87,12066
kommun,2282,2018,RD,C,12.46,12066
kommun,2282,2018,RD,L,2.05,12066
kommun,2282,2018,RD,KD,3.98,12066
kommun,2282,2018,RD,M,9.32,12066
kommun,2282,2018,RD,SD,15.76,12066
kommun,2282,2018,RF,V,18.13,12188
kommun,2282,2018,RF,S,27.68,12188
kommun,2282,2018,RF,MP,1.51,12188
kommun,2282,2018,RF,C,13.26,12188
kommun,2282,2018,RF,L,1.58,12188
kommun,2282,2018,RF,KD,3.2,12188
kommun,2282,2018,RF,M,7.0,12188
kommun,2282,2018,RF,SD,10.36,12188
kommun,2282,2022,KF,V,10.24,11533
kommun,2282,2022,KF,S,41.74,11533
kommun,2282,2022,KF,MP,1.74,11533
kommun,2282,2022,KF,C,15.33,11533
kommun,2282,2022,KF,L,1.58,11533
kommun,2282,2022,KF,KD,3.9,11533
kommun,2282,2022,KF,M,8.64,11533
kommun,2282,2022,KF,SD,16.54,11533
kommun,2282,2022,RD,V,7.94,11550
kommun,2282,2022,RD,S,41.62,11550
kommun,2282,2022,RD,MP,3.09,11550
kommun,2282,2022,RD,C,8.33,11550
kommun,2282,2022,RD,L,1.58,11550
kommun,2282,2022,RD,KD,4.64,11550
kommun,2282,2022,RD,M,9.52,11550
kommun,2282,2022,RD,SD,21.9,11550
kommun,2282,2022,RF,V,8.64,11595
kommun,2282,2022,RF,S,31.25,11595
kommun,2282,2022,RF,MP,1.27,11595
kommun,2282,2022,RF,C,10.06,11595
kommun,2282,2022,RF,L,0.98,11595
kommun,2282,2022,RF,KD,3.43,11595
kommun,2282,2022,RF,M,5.97,11595
kommun,2282,2022,RF,SD,11.84,11595
kommun,2283,2014,KF,V,6.35,13025
kommun,2283,2014,KF,S,45.17,13025
kommun,2283,2014,KF,MP,3.1,13025
kommun,2283,2014,KF,C,9.06,13025
kommun,2283,2014,KF,L,2.39,13025
kommun,2283,2014,KF,KD,1.34,13025
kommun,2283,2014,KF,M,10.01,13025
kommun,2283,2014,KF,SD,5.06,13025
kommun,2283,2014,RD,V,6.6,13108
kommun,2283,2014,RD,S,53.68,13108
kommun,2283,2014,RD,MP,3.07,13108
kommun,2283,2014,RD,C,6.54,13108
kommun,2283,2014,RD,L,2.06,13108
kommun,2283,2014,RD,KD,2.04,13108
kommun,2283,2014,RD,M,10.51,13108
kommun,2283,2014,RD,SD,12.82,13108
kommun,2283,2014,RF,V,6.22,12926
kommun,2283,2014,RF,S,47.61,12926
kommun,2283,2014,RF,MP,2.41,12926
kommun,2283,2014,RF,C,6.88,12926
kommun,2283,2014,RF,L,1.88,12926
kommun,2283,2014,RF,KD,1.62,12926
kommun,2283,2014,RF,M,8.31,12926
kommun,2283,2014,RF,SD,5.28,12926
kommun,2283,2018,KF,V,11.92,12889
kommun,2283,2018,KF,S,34.03,12889
kommun,2283,2018,KF,MP,0.98,12889
kommun,2283,2018,KF,C,19.6,12889
kommun,2283,2018,KF,L,0.76,12889
kommun,2283,2018,KF,KD,1.32,12889
kommun,2283,2018,KF,M,5.38,12889
kommun,2283,2018,KF,SD,7.16,12889
kommun,2283,2018,RD,V,15.3,12631
kommun,2283,2018,RD,S,35.25,12631
kommun,2283,2018,RD,MP,1.5,12631
kommun,2283,2018,RD,C,12.84,12631
kommun,2283,2018,RD,L,1.6,12631
kommun,2283,2018,RD,KD,4.35,12631
kommun,2283,2018,RD,M,8.96,12631
kommun,2283,2018,RD,SD,18.66,12631
kommun,2283,2018,RF,V,26.33,12799
kommun,2283,2018,RF,S,13.95,12799
kommun,2283,2018,RF,MP,0.92,12799
kommun,2283,2018,RF,C,10.78,12799
kommun,2283,2018,RF,L,0.91,12799
kommun,2283,2018,RF,KD,2.18,12799
kommun,2283,2018,RF,M,5.05,12799
kommun,2283,2018,RF,SD,6.92,12799
kommun,2283,2022,KF,V,7.28,12093
kommun,2283,2022,KF,S,25.76,12093
kommun,2283,2022,KF,MP,1.11,12093
kommun,2283,2022,KF,C,39.29,12093
kommun,2283,2022,KF,L,0.58,12093
kommun,2283,2022,KF,KD,2.04,12093
kommun,2283,2022,KF,M,2.74,12093
kommun,2283,2022,KF,SD,7.81,12093
kommun,2283,2022,RD,V,8.31,11981
kommun,2283,2022,RD,S,39.07,11981
kommun,2283,2022,RD,MP,2.3,11981
kommun,2283,2022,RD,C,8.81,11981
kommun,2283,2022,RD,L,1.49,11981
kommun,2283,2022,RD,KD,6.0,11981
kommun,2283,2022,RD,M,7.42,11981
kommun,2283,2022,RD,SD,25.1,11981
kommun,2283,2022,RF,V,7.33,12026
kommun,2283,2022,RF,S,18.01,12026
kommun,2283,2022,RF,MP,0.86,12026
kommun,2283,2022,RF,C,13.06,12026
kommun,2283,2022,RF,L,0.57,12026
kommun,2283,2022,RF,KD,2.86,12026
kommun,2283,2022,RF,M,2.51,12026
kommun,2283,2022,RF,SD,7.4,12026
kommun,2284,2014,KF,V,5.69,36749
kommun,2284,2014,KF,S,45.06,36749
kommun,2284,2014,KF,MP,3.71,36749
kommun,2284,2014,KF,C,16.6,36749
kommun,2284,2014,KF,L,3.17,36749
kommun,2284,2014,KF,KD,6.82,36749
kommun,2284,2014,KF,M,12.6,36749
kommun,2284,2014,KF,SD,4.33,36749
kommun,2284,2014,RD,V,4.28,37394
kommun,2284,2014,RD,S,49.9,37394
kommun,2284,2014,RD,MP,3.54,37394
kommun,2284,2014,RD,C,9.03,37394
kommun,2284,2014,RD,L,2.75,37394
kommun,2284,2014,RD,KD,6.2,37394
kommun,2284,2014,RD,M,14.87,37394
kommun,2284,2014,RD,SD,7.0,37394
kommun,2284,2014,RF,V,5.63,36075
kommun,2284,2014,RF,S,49.21,36075
kommun,2284,2014,RF,MP,3.64,36075
kommun,2284,2014,RF,C,11.55,36075
kommun,2284,2014,RF,L,3.6,36075
kommun,2284,2014,RF,KD,7.62,36075
kommun,2284,2014,RF,M,12.68,36075
kommun,2284,2014,RF,SD,4.52,36075
kommun,2284,2018,KF,V,7.07,37626
kommun,2284,2018,KF,S,40.46,37626
kommun,2284,2018,KF,MP,1.92,37626
kommun,2284,2018,KF,C,19.3,37626
kommun,2284,2018,KF,L,2.56,37626
kommun,2284,2018,KF,KD,7.38,37626
kommun,2284,2018,KF,M,11.45,37626
kommun,2284,2018,KF,SD,7.13,37626
kommun,2284,2018,RD,V,5.91,37786
kommun,2284,2018,RD,S,44.59,37786
kommun,2284,2018,RD,MP,2.22,37786
kommun,2284,2018,RD,C,12.07,37786
kommun,2284,2018,RD,L,2.69,37786
kommun,2284,2018,RD,KD,7.19,37786
kommun,2284,2018,RD,M,12.74,37786
kommun,2284,2018,RD,SD,11.45,37786
kommun,2284,2018,RF,V,8.49,37244
kommun,2284,2018,RF,S,37.4,37244
kommun,2284,2018,RF,MP,1.71,37244
kommun,2284,2018,RF,C,13.64,37244
kommun,2284,2018,RF,L,2.48,37244
kommun,2284,2018,RF,KD,7.84,37244
kommun,2284,2018,RF,M,10.48,37244
kommun,2284,2018,RF,SD,7.18,37244
kommun,2284,2022,KF,V,6.6,36185
kommun,2284,2022,KF,S,37.26,36185
kommun,2284,2022,KF,MP,1.47,36185
kommun,2284,2022,KF,C,19.05,36185
kommun,2284,2022,KF,L,1.48,36185
kommun,2284,2022,KF,KD,8.87,36185
kommun,2284,2022,KF,M,15.23,36185
kommun,2284,2022,KF,SD,8.82,36185
kommun,2284,2022,RD,V,4.47,36572
kommun,2284,2022,RD,S,41.45,36572
kommun,2284,2022,RD,MP,2.88,36572
kommun,2284,2022,RD,C,9.69,36572
kommun,2284,2022,RD,L,2.35,36572
kommun,2284,2022,RD,KD,6.66,36572
kommun,2284,2022,RD,M,14.2,36572
kommun,2284,2022,RD,SD,17.08,36572
kommun,2284,2022,RF,V,5.04,36064
kommun,2284,2022,RF,S,33.22,36064
kommun,2284,2022,RF,MP,1.18,36064
kommun,2284,2022,RF,C,11.44,36064
kommun,2284,2022,RF,L,1.43,36064
kommun,2284,2022,RF,KD,7.16,36064
kommun,2284,2022,RF,M,11.8,36064
kommun,2284,2022,RF,SD,8.31,36064
kommun,2303,2014,KF,V,7.09,3486
kommun,2303,2014,KF,S,51.12,3486
kommun,2303,2014,KF,MP,1.09,3486
kommun,2303,2014,KF,C,17.47,3486
kommun,2303,2014,KF,L,0.77,3486
kommun,2303,2014,KF,KD,1.92,3486
kommun,2303,2014,KF,M,1.81,3486
kommun,2303,2014,KF,SD,4.16,3486
kommun,2303,2014,RD,V,7.18,3551
kommun,2303,2014,RD,S,48.41,3551
kommun,2303,2014,RD,MP,2.73,3551
kommun,2303,2014,RD,C,12.79,3551
kommun,2303,2014,RD,L,1.21,3551
kommun,2303,2014,RD,KD,1.63,3551
kommun,2303,2014,RD,M,9.38,3551
kommun,2303,2014,RD,SD,13.83,3551
kommun,2303,2014,RF,V,8.73,3424
kommun,2303,2014,RF,S,50.67,3424
kommun,2303,2014,RF,MP,3.12,3424
kommun,2303,2014,RF,C,15.36,3424
kommun,2303,2014,RF,L,0.99,3424
kommun,2303,2014,RF,KD,1.81,3424
kommun,2303,2014,RF,M,10.19,3424
kommun,2303,2014,RF,SD,8.88,3424
kommun,2303,2018,KF,V,3.42,3482
kommun,2303,2018,KF,S,35.58,3482
kommun,2303,2018,KF,MP,0.34,3482
kommun,2303,2018,KF,C,30.01,3482
kommun,2303,2018,KF,L,0.43,3482
kommun,2303,2018,KF,KD,3.88,3482
kommun,2303,2018,KF,M,1.55,3482
kommun,2303,2018,KF,SD,11.14,3482
kommun,2303,2018,RD,V,9.23,3446
kommun,2303,2018,RD,S,37.52,3446
kommun,2303,2018,RD,MP,1.54,3446
kommun,2303,2018,RD,C,14.8,3446
kommun,2303,2018,RD,L,1.65,3446
kommun,2303,2018,RD,KD,3.98,3446
kommun,2303,2018,RD,M,7.89,3446
kommun,2303,2018,RD,SD,20.89,3446
kommun,2303,2018,RF,V,7.97,3363
kommun,2303,2018,RF,S,37.5,3363
kommun,2303,2018,RF,MP,1.75,3363
kommun,2303,2018,RF,C,22.9,3363
kommun,2303,2018,RF,L,1.55,3363
kommun,2303,2018,RF,KD,5.47,3363
kommun,2303,2018,RF,M,7.85,3363
kommun,2303,2018,RF,SD,13.5,3363
kommun,2303,2022,KF,V,4.43,3321
kommun,2303,2022,KF,S,37.94,3321
kommun,2303,2022,KF,MP,0.36,3321
kommun,2303,2022,KF,C,24.3,3321
kommun,2303,2022,KF,L,0.12,3321
kommun,2303,2022,KF,KD,3.52,3321
kommun,2303,2022,KF,M,6.02,3321
kommun,2303,2022,KF,SD,13.37,3321
kommun,2303,2022,RD,V,5.42,3324
kommun,2303,2022,RD,S,38.66,3324
kommun,2303,2022,RD,MP,2.47,3324
kommun,2303,2022,RD,C,8.66,3324
kommun,2303,2022,RD,L,1.14,3324
kommun,2303,2022,RD,KD,5.87,3324
kommun,2303,2022,RD,M,9.27,3324
kommun,2303,2022,RD,SD,27.14,3324
kommun,2303,2022,RF,V,6.66,3227
kommun,2303,2022,RF,S,41.43,3227
kommun,2303,2022,RF,MP,1.27,3227
kommun,2303,2022,RF,C,15.06,3227
kommun,2303,2022,RF,L,1.24,3227
kommun,2303,2022,RF,KD,6.97,3227
kommun,2303,2022,RF,M,8.99,3227
kommun,2303,2022,RF,SD,17.23,3227
kommun,2305,2014,KF,V,5.61,4262
kommun,2305,2014,KF,S,36.81,4262
kommun,2305,2014,KF,MP,2.18,4262
kommun,2305,2014,KF,C,26.79,4262
kommun,2305,2014,KF,L,2.06,4262
kommun,2305,2014,KF,KD,0.54,4262
kommun,2305,2014,KF,M,10.42,4262
kommun,2305,2014,KF,SD,7.3,4262
kommun,2305,2014,RD,V,6.15,4226
kommun,2305,2014,RD,S,47.37,4226
kommun,2305,2014,RD,MP,2.84,4226
kommun,2305,2014,RD,C,11.64,4226
kommun,2305,2014,RD,L,2.04,4226
kommun,2305,2014,RD,KD,1.35,4226
kommun,2305,2014,RD,M,13.04,4226
kommun,2305,2014,RD,SD,12.61,4226
kommun,2305,2014,RF,V,7.86,4187
kommun,2305,2014,RF,S,45.04,4187
kommun,2305,2014,RF,MP,3.44,4187
kommun,2305,2014,RF,C,15.21,4187
kommun,2305,2014,RF,L,2.22,4187
kommun,2305,2014,RF,KD,1.79,4187
kommun,2305,2014,RF,M,15.83,4187
kommun,2305,2014,RF,SD,8.12,4187
kommun,2305,2018,KF,V,4.5,4131
kommun,2305,2018,KF,S,35.05,4131
kommun,2305,2018,KF,MP,1.94,4131
kommun,2305,2018,KF,C,35.92,4131
kommun,2305,2018,KF,L,0.46,4131
kommun,2305,2018,KF,KD,0.99,4131
kommun,2305,2018,KF,M,10.65,4131
kommun,2305,2018,KF,SD,8.06,4131
kommun,2305,2018,RD,V,7.43,4131
kommun,2305,2018,RD,S,38.15,4131
kommun,2305,2018,RD,MP,1.4,4131
kommun,2305,2018,RD,C,14.19,4131
kommun,2305,2018,RD,L,1.45,4131
kommun,2305,2018,RD,KD,3.9,4131
kommun,2305,2018,RD,M,12.44,4131
kommun,2305,2018,RD,SD,19.2,4131
kommun,2305,2018,RF,V,7.13,4039
kommun,2305,2018,RF,S,36.99,4039
kommun,2305,2018,RF,MP,1.73,4039
kommun,2305,2018,RF,C,21.74,4039
kommun,2305,2018,RF,L,1.76,4039
kommun,2305,2018,RF,KD,4.56,4039
kommun,2305,2018,RF,M,13.79,4039
kommun,2305,2018,RF,SD,10.82,4039
kommun,2305,2022,KF,V,4.58,3885
kommun,2305,2022,KF,S,35.8,3885
kommun,2305,2022,KF,MP,0.49,3885
kommun,2305,2022,KF,C,22.68,3885
kommun,2305,2022,KF,L,0.23,3885
kommun,2305,2022,KF,KD,2.16,3885
kommun,2305,2022,KF,M,13.95,3885
kommun,2305,2022,KF,SD,14.18,3885
kommun,2305,2022,RD,V,4.61,3930
kommun,2305,2022,RD,S,36.79,3930
kommun,2305,2022,RD,MP,2.52,3930
kommun,2305,2022,RD,C,8.14,3930
kommun,2305,2022,RD,L,1.22,3930
kommun,2305,2022,RD,KD,4.76,3930
kommun,2305,2022,RD,M,13.13,3930
kommun,2305,2022,RD,SD,27.63,3930
kommun,2305,2022,RF,V,5.51,3777
kommun,2305,2022,RF,S,38.84,3777
kommun,2305,2022,RF,MP,1.4,3777
kommun,2305,2022,RF,C,14.69,3777
kommun,2305,2022,RF,L,1.22,3777
kommun,2305,2022,RF,KD,6.49,3777
kommun,2305,2022,RF,M,14.56,3777
kommun,2305,2022,RF,SD,16.39,3777
kommun,2309,2014,KF,V,9.28,9086
kommun,2309,2014,KF,S,34.37,9086
kommun,2309,2014,KF,MP,5.26,9086
kommun,2309,2014,KF,C,28.26,9086
kommun,2309,2014,KF,L,1.41,9086
kommun,2309,2014,KF,KD,2.03,9086
kommun,2309,2014,KF,M,12.5,9086
kommun,2309,2014,KF,SD,6.65,9086
kommun,2309,2014,RD,V,6.65,9253
kommun,2309,2014,RD,S,36.97,9253
kommun,2309,2014,RD,MP,4.67,9253
kommun,2309,2014,RD,C,15.59,9253
kommun,2309,2014,RD,L,2.33,9253
kommun,2309,2014,RD,KD,2.8,9253
kommun,2309,2014,RD,M,17.63,9253
kommun,2309,2014,RD,SD,10.68,9253
kommun,2309,2014,RF,V,8.76,8971
kommun,2309,2014,RF,S,35.27,8971
kommun,2309,2014,RF,MP,5.29,8971
kommun,2309,2014,RF,C,18.6,8971
kommun,2309,2014,RF,L,2.4,8971
kommun,2309,2014,RF,KD,3.59,8971
kommun,2309,2014,RF,M,19.41,8971
kommun,2309,2014,RF,SD,6.44,8971
kommun,2309,2018,KF,V,8.14,9389
kommun,2309,2018,KF,S,30.96,9389
kommun,2309,2018,KF,MP,2.56,9389
kommun,2309,2018,KF,C,28.55,9389
kommun,2309,2018,KF,L,1.19,9389
kommun,2309,2018,KF,KD,3.24,9389
kommun,2309,2018,KF,M,12.81,9389
kommun,2309,2018,KF,SD,9.23,9389
kommun,2309,2018,RD,V,8.32,9391
kommun,2309,2018,RD,S,31.09,9391
kommun,2309,2018,RD,MP,3.12,9391
kommun,2309,2018,RD,C,18.71,9391
kommun,2309,2018,RD,L,2.32,9391
kommun,2309,2018,RD,KD,5.62,9391
kommun,2309,2018,RD,M,14.11,9391
kommun,2309,2018,RD,SD,15.58,9391
kommun,2309,2018,RF,V,9.29,9214
kommun,2309,2018,RF,S,29.76,9214
kommun,2309,2018,RF,MP,2.67,9214
kommun,2309,2018,RF,C,22.66,9214
kommun,2309,2018,RF,L,2.4,9214
kommun,2309,2018,RF,KD,8.22,9214
kommun,2309,2018,RF,M,14.45,9214
kommun,2309,2018,RF,SD,9.98,9214
kommun,2309,2022,KF,V,6.89,9607
kommun,2309,2022,KF,S,28.91,9607
kommun,2309,2022,KF,MP,3.45,9607
kommun,2309,2022,KF,C,23.17,9607
kommun,2309,2022,KF,L,1.06,9607
kommun,2309,2022,KF,KD,4.82,9607
kommun,2309,2022,KF,M,15.68,9607
kommun,2309,2022,KF,SD,12.48,9607
kommun,2309,2022,RD,V,5.31,9805
kommun,2309,2022,RD,S,32.95,9805
kommun,2309,2022,RD,MP,5.06,9805
kommun,2309,2022,RD,C,10.72,9805
kommun,2309,2022,RD,L,1.99,9805
kommun,2309,2022,RD,KD,6.06,9805
kommun,2309,2022,RD,M,15.54,9805
kommun,2309,2022,RD,SD,21.25,9805
kommun,2309,2022,RF,V,7.42,9474
kommun,2309,2022,RF,S,33.0,9474
kommun,2309,2022,RF,MP,3.19,9474
kommun,2309,2022,RF,C,15.43,9474
kommun,2309,2022,RF,L,1.93,9474
kommun,2309,2022,RF,KD,9.95,9474
kommun,2309,2022,RF,M,15.32,9474
kommun,2309,2022,RF,SD,13.17,9474
kommun,2313,2014,KF,V,8.94,7733
kommun,2313,2014,KF,S,47.33,7733
kommun,2313,2014,KF,MP,2.33,7733
kommun,2313,2014,KF,C,12.57,7733
kommun,2313,2014,KF,L,0.5,7733
kommun,2313,2014,KF,KD,0.53,7733
kommun,2313,2014,KF,M,12.34,7733
kommun,2313,2014,KF,SD,8.92,7733
kommun,2313,2014,RD,V,7.17,7755
kommun,2313,2014,RD,S,49.75,7755
kommun,2313,2014,RD,MP,2.21,7755
kommun,2313,2014,RD,C,10.16,7755
kommun,2313,2014,RD,L,1.07,7755
kommun,2313,2014,RD,KD,2.06,7755
kommun,2313,2014,RD,M,11.5,7755
kommun,2313,2014,RD,SD,14.08,7755
kommun,2313,2014,RF,V,8.86,7629
kommun,2313,2014,RF,S,49.06,7629
kommun,2313,2014,RF,MP,2.46,7629
kommun,2313,2014,RF,C,12.5,7629
kommun,2313,2014,RF,L,1.45,7629
kommun,2313,2014,RF,KD,2.01,7629
kommun,2313,2014,RF,M,14.46,7629
kommun,2313,2014,RF,SD,8.91,7629
kommun,2313,2018,KF,V,6.69,7543
kommun,2313,2018,KF,S,45.17,7543
kommun,2313,2018,KF,MP,1.33,7543
kommun,2313,2018,KF,C,19.04,7543
kommun,2313,2018,KF,L,0.46,7543
kommun,2313,2018,KF,KD,0.97,7543
kommun,2313,2018,KF,M,10.67,7543
kommun,2313,2018,KF,SD,10.38,7543
kommun,2313,2018,RD,V,7.71,7475
kommun,2313,2018,RD,S,41.08,7475
kommun,2313,2018,RD,MP,1.43,7475
kommun,2313,2018,RD,C,12.66,7475
kommun,2313,2018,RD,L,1.07,7475
kommun,2313,2018,RD,KD,4.11,7475
kommun,2313,2018,RD,M,10.22,7475
kommun,2313,2018,RD,SD,20.76,7475
kommun,2313,2018,RF,V,7.62,7392
kommun,2313,2018,RF,S,41.73,7392
kommun,2313,2018,RF,MP,1.38,7392
kommun,2313,2018,RF,C,18.34,7392
kommun,2313,2018,RF,L,1.56,7392
kommun,2313,2018,RF,KD,4.48,7392
kommun,2313,2018,RF,M,11.38,7392
kommun,2313,2018,RF,SD,13.19,7392
kommun,2313,2022,KF,V,6.04,7280
kommun,2313,2022,KF,S,36.76,7280
kommun,2313,2022,KF,MP,0.59,7280
kommun,2313,2022,KF,C,12.55,7280
kommun,2313,2022,KF,L,0.33,7280
kommun,2313,2022,KF,KD,1.99,7280
kommun,2313,2022,KF,M,21.57,7280
kommun,2313,2022,KF,SD,15.78,7280
kommun,2313,2022,RD,V,5.31,7195
kommun,2313,2022,RD,S,38.11,7195
kommun,2313,2022,RD,MP,1.92,7195
kommun,2313,2022,RD,C,6.88,7195
kommun,2313,2022,RD,L,1.49,7195
kommun,2313,2022,RD,KD,5.66,7195
kommun,2313,2022,RD,M,12.01,7195
kommun,2313,2022,RD,SD,27.46,7195
kommun,2313,2022,RF,V,6.75,7144
kommun,2313,2022,RF,S,38.37,7144
kommun,2313,2022,RF,MP,1.46,7144
kommun,2313,2022,RF,C,10.99,7144
kommun,2313,2022,RF,L,1.19,7144
kommun,2313,2022,RF,KD,6.28,7144
kommun,2313,2022,RF,M,16.18,7144
kommun,2313,2022,RF,SD,18.11,7144
kommun,2321,2014,KF,V,2.55,6781
kommun,2321,2014,KF,S,29.83,6781
kommun,2321,2014,KF,MP,8.79,6781
kommun,2321,2014,KF,C,18.98,6781
kommun,2321,2014,KF,L,3.11,6781
kommun,2321,2014,KF,KD,2.23,6781
kommun,2321,2014,KF,M,16.38,6781
kommun,2321,2014,KF,SD,3.17,6781
kommun,2321,2014,RD,V,4.88,6806
kommun,2321,2014,RD,S,31.6,6806
kommun,2321,2014,RD,MP,8.83,6806
kommun,2321,2014,RD,C,13.69,6806
kommun,2321,2014,RD,L,3.06,6806
kommun,2321,2014,RD,KD,3.97,6806
kommun,2321,2014,RD,M,21.55,6806
kommun,2321,2014,RD,SD,9.4,6806
kommun,2321,2014,RF,V,5.07,6613
kommun,2321,2014,RF,S,33.95,6613
kommun,2321,2014,RF,MP,9.35,6613
kommun,2321,2014,RF,C,18.28,6613
kommun,2321,2014,RF,L,3.64,6613
kommun,2321,2014,RF,KD,4.4,6613
kommun,2321,2014,RF,M,20.4,6613
kommun,2321,2014,RF,SD,4.75,6613
kommun,2321,2018,KF,V,3.04,7401
kommun,2321,2018,KF,S,21.48,7401
kommun,2321,2018,KF,MP,8.74,7401
kommun,2321,2018,KF,C,27.51,7401
kommun,2321,2018,KF,L,0.97,7401
kommun,2321,2018,KF,KD,2.38,7401
kommun,2321,2018,KF,M,11.5,7401
kommun,2321,2018,KF,SD,5.63,7401
kommun,2321,2018,RD,V,8.25,7297
kommun,2321,2018,RD,S,26.19,7297
kommun,2321,2018,RD,MP,6.18,7297
kommun,2321,2018,RD,C,21.61,7297
kommun,2321,2018,RD,L,2.7,7297
kommun,2321,2018,RD,KD,4.77,7297
kommun,2321,2018,RD,M,15.44,7297
kommun,2321,2018,RD,SD,13.16,7297
kommun,2321,2018,RF,V,6.53,7194
kommun,2321,2018,RF,S,26.81,7194
kommun,2321,2018,RF,MP,6.57,7194
kommun,2321,2018,RF,C,28.69,7194
kommun,2321,2018,RF,L,2.47,7194
kommun,2321,2018,RF,KD,6.59,7194
kommun,2321,2018,RF,M,13.84,7194
kommun,2321,2018,RF,SD,7.51,7194
kommun,2321,2022,KF,V,4.3,7792
kommun,2321,2022,KF,S,25.94,7792
kommun,2321,2022,KF,MP,10.63,7792
kommun,2321,2022,KF,C,16.3,7792
kommun,2321,2022,KF,L,0.83,7792
kommun,2321,2022,KF,KD,2.67,7792
kommun,2321,2022,KF,M,11.18,7792
kommun,2321,2022,KF,SD,7.39,7792
kommun,2321,2022,RD,V,5.46,7779
kommun,2321,2022,RD,S,32.1,7779
kommun,2321,2022,RD,MP,8.52,7779
kommun,2321,2022,RD,C,11.83,7779
kommun,2321,2022,RD,L,3.61,7779
kommun,2321,2022,RD,KD,4.88,7779
kommun,2321,2022,RD,M,15.82,7779
kommun,2321,2022,RD,SD,16.58,7779
kommun,2321,2022,RF,V,6.83,7614
kommun,2321,2022,RF,S,33.45,7614
kommun,2321,2022,RF,MP,7.22,7614
kommun,2321,2022,RF,C,16.06,7614
kommun,2321,2022,RF,L,3.06,7614
kommun,2321,2022,RF,KD,7.59,7614
kommun,2321,2022,RF,M,15.13,7614
kommun,2321,2022,RF,SD,9.97,7614
kommun,2326,2014,KF,V,1.85,4653
kommun,2326,2014,KF,S,38.75,4653
kommun,2326,2014,KF,MP,5.48,4653
kommun,2326,2014,KF,C,21.53,4653
kommun,2326,2014,KF,L,1.4,4653
kommun,2326,2014,KF,KD,1.33,4653
kommun,2326,2014,KF,M,21.75,4653
kommun,2326,2014,KF,SD,7.54,4653
kommun,2326,2014,RD,V,4.54,4757
kommun,2326,2014,RD,S,39.0,4757
kommun,2326,2014,RD,MP,3.76,4757
kommun,2326,2014,RD,C,15.6,4757
kommun,2326,2014,RD,L,1.77,4757
kommun,2326,2014,RD,KD,1.72,4757
kommun,2326,2014,RD,M,17.01,4757
kommun,2326,2014,RD,SD,14.11,4757
kommun,2326,2014,RF,V,5.57,4562
kommun,2326,2014,RF,S,37.51,4562
kommun,2326,2014,RF,MP,4.93,4562
kommun,2326,2014,RF,C,17.47,4562
kommun,2326,2014,RF,L,1.71,4562
kommun,2326,2014,RF,KD,2.63,4562
kommun,2326,2014,RF,M,21.24,4562
kommun,2326,2014,RF,SD,8.53,4562
kommun,2326,2018,KF,V,5.32,4604
kommun,2326,2018,KF,S,40.6,4604
kommun,2326,2018,KF,MP,0.61,4604
kommun,2326,2018,KF,C,17.27,4604
kommun,2326,2018,KF,L,0.87,4604
kommun,2326,2018,KF,KD,1.87,4604
kommun,2326,2018,KF,M,22.22,4604
kommun,2326,2018,KF,SD,11.06,4604
kommun,2326,2018,RD,V,6.29,4610
kommun,2326,2018,RD,S,32.0,4610
kommun,2326,2018,RD,MP,2.23,4610
kommun,2326,2018,RD,C,16.9,4610
kommun,2326,2018,RD,L,1.67,4610
kommun,2326,2018,RD,KD,4.56,4610
kommun,2326,2018,RD,M,15.27,4610
kommun,2326,2018,RD,SD,19.65,4610
kommun,2326,2018,RF,V,6.34,4513
kommun,2326,2018,RF,S,31.97,4513
kommun,2326,2018,RF,MP,1.77,4513
kommun,2326,2018,RF,C,16.77,4513
kommun,2326,2018,RF,L,1.75,4513
kommun,2326,2018,RF,KD,5.03,4513
kommun,2326,2018,RF,M,23.24,4513
kommun,2326,2018,RF,SD,12.14,4513
kommun,2326,2022,KF,V,3.73,4536
kommun,2326,2022,KF,S,39.66,4536
kommun,2326,2022,KF,MP,0.66,4536
kommun,2326,2022,KF,C,10.96,4536
kommun,2326,2022,KF,L,0.62,4536
kommun,2326,2022,KF,KD,1.43,4536
kommun,2326,2022,KF,M,26.41,4536
kommun,2326,2022,KF,SD,12.9,4536
kommun,2326,2022,RD,V,4.35,4554
kommun,2326,2022,RD,S,32.41,4554
kommun,2326,2022,RD,MP,3.36,4554
kommun,2326,2022,RD,C,9.53,4554
kommun,2326,2022,RD,L,1.38,4554
kommun,2326,2022,RD,KD,5.71,4554
kommun,2326,2022,RD,M,17.3,4554
kommun,2326,2022,RD,SD,24.48,4554
kommun,2326,2022,RF,V,5.25,4439
kommun,2326,2022,RF,S,33.5,4439
kommun,2326,2022,RF,MP,2.03,4439
kommun,2326,2022,RF,C,11.22,4439
kommun,2326,2022,RF,L,0.83,4439
kommun,2326,2022,RF,KD,6.4,4439
kommun,2326,2022,RF,M,26.51,4439
kommun,2326,2022,RF,SD,13.7,4439
kommun,2361,2014,KF,V,5.52,6719
kommun,2361,2014,KF,S,36.85,6719
kommun,2361,2014,KF,MP,1.18,6719
kommun,2361,2014,KF,C,17.7,6719
kommun,2361,2014,KF,L,2.07,6719
kommun,2361,2014,KF,KD,1.4,6719
kommun,2361,2014,KF,M,16.18,6719
kommun,2361,2014,KF,SD,7.25,6719
kommun,2361,2014,RD,V,5.16,6765
kommun,2361,2014,RD,S,42.91,6765
kommun,2361,2014,RD,MP,2.96,6765
kommun,2361,2014,RD,C,10.45,6765
kommun,2361,2014,RD,L,2.1,6765
kommun,2361,2014,RD,KD,1.92,6765
kommun,2361,2014,RD,M,17.15,6765
kommun,2361,2014,RD,SD,15.18,6765
kommun,2361,2014,RF,V,6.02,6525
kommun,2361,2014,RF,S,42.61,6525
kommun,2361,2014,RF,MP,2.79,6525
kommun,2361,2014,RF,C,12.72,6525
kommun,2361,2014,RF,L,2.84,6525
kommun,2361,2014,RF,KD,2.47,6525
kommun,2361,2014,RF,M,21.06,6525
kommun,2361,2014,RF,SD,9.07,6525
kommun,2361,2018,KF,V,6.38,6677
kommun,2361,2018,KF,S,33.32,6677
kommun,2361,2018,KF,MP,0.69,6677
kommun,2361,2018,KF,C,20.65,6677
kommun,2361,2018,KF,L,4.04,6677
kommun,2361,2018,KF,KD,2.02,6677
kommun,2361,2018,KF,M,12.85,6677
kommun,2361,2018,KF,SD,5.15,6677
kommun,2361,2018,RD,V,7.11,6697
kommun,2361,2018,RD,S,34.93,6697
kommun,2361,2018,RD,MP,1.88,6697
kommun,2361,2018,RD,C,13.93,6697
kommun,2361,2018,RD,L,2.78,6697
kommun,2361,2018,RD,KD,4.3,6697
kommun,2361,2018,RD,M,13.98,6697
kommun,2361,2018,RD,SD,18.78,6697
kommun,2361,2018,RF,V,6.71,6517
kommun,2361,2018,RF,S,34.72,6517
kommun,2361,2018,RF,MP,1.7,6517
kommun,2361,2018,RF,C,19.75,6517
kommun,2361,2018,RF,L,3.61,6517
kommun,2361,2018,RF,KD,4.4,6517
kommun,2361,2018,RF,M,14.55,6517
kommun,2361,2018,RF,SD,9.02,6517
kommun,2361,2022,KF,V,5.86,6609
kommun,2361,2022,KF,S,27.63,6609
kommun,2361,2022,KF,MP,0.88,6609
kommun,2361,2022,KF,C,12.27,6609
kommun,2361,2022,KF,L,7.79,6609
kommun,2361,2022,KF,KD,3.07,6609
kommun,2361,2022,KF,M,15.04,6609
kommun,2361,2022,KF,SD,12.13,6609
kommun,2361,2022,RD,V,5.53,6688
kommun,2361,2022,RD,S,33.39,6688
kommun,2361,2022,RD,MP,3.04,6688
kommun,2361,2022,RD,C,8.0,6688
kommun,2361,2022,RD,L,3.02,6688
kommun,2361,2022,RD,KD,6.76,6688
kommun,2361,2022,RD,M,13.41,6688
kommun,2361,2022,RD,SD,25.54,6688
kommun,2361,2022,RF,V,6.37,6390
kommun,2361,2022,RF,S,33.76,6390
kommun,2361,2022,RF,MP,2.24,6390
kommun,2361,2022,RF,C,12.16,6390
kommun,2361,2022,RF,L,5.43,6390
kommun,2361,2022,RF,KD,6.98,6390
kommun,2361,2022,RF,M,15.95,6390
kommun,2361,2022,RF,SD,16.49,6390
kommun,2380,2014,KF,V,7.77,39786
kommun,2380,2014,KF,S,35.48,39786
kommun,2380,2014,KF,MP,8.53,39786
kommun,2380,2014,KF,C,13.61,39786
kommun,2380,2014,KF,L,6.79,39786
kommun,2380,2014,KF,KD,2.04,39786
kommun,2380,2014,KF,M,19.51,39786
kommun,2380,2014,KF,SD,5.91,39786
kommun,2380,2014,RD,V,6.57,40601
kommun,2380,2014,RD,S,37.92,40601
kommun,2380,2014,RD,MP,7.29,40601
kommun,2380,2014,RD,C,9.68,40601
kommun,2380,2014,RD,L,3.71,40601
kommun,2380,2014,RD,KD,2.72,40601
kommun,2380,2014,RD,M,18.89,40601
kommun,2380,2014,RD,SD,9.32,40601
kommun,2380,2014,RF,V,7.98,39574
kommun,2380,2014,RF,S,35.8,39574
kommun,2380,2014,RF,MP,7.73,39574
kommun,2380,2014,RF,C,11.3,39574
kommun,2380,2014,RF,L,5.18,39574
kommun,2380,2014,RF,KD,3.89,39574
kommun,2380,2014,RF,M,22.01,39574
kommun,2380,2014,RF,SD,5.7,39574
kommun,2380,2018,KF,V,8.17,41843
kommun,2380,2018,KF,S,29.63,41843
kommun,2380,2018,KF,MP,4.57,41843
kommun,2380,2018,KF,C,22.28,41843
kommun,2380,2018,KF,L,5.37,41843
kommun,2380,2018,KF,KD,5.68,41843
kommun,2380,2018,KF,M,15.49,41843
kommun,2380,2018,KF,SD,7.85,41843
kommun,2380,2018,RD,V,9.08,42176
kommun,2380,2018,RD,S,33.31,42176
kommun,2380,2018,RD,MP,4.41,42176
kommun,2380,2018,RD,C,14.22,42176
kommun,2380,2018,RD,L,3.71,42176
kommun,2380,2018,RD,KD,5.07,42176
kommun,2380,2018,RD,M,15.59,42176
kommun,2380,2018,RD,SD,13.29,42176
kommun,2380,2018,RF,V,9.35,41467
kommun,2380,2018,RF,S,29.09,41467
kommun,2380,2018,RF,MP,4.23,41467
kommun,2380,2018,RF,C,19.02,41467
kommun,2380,2018,RF,L,4.72,41467
kommun,2380,2018,RF,KD,8.93,41467
kommun,2380,2018,RF,M,15.95,41467
kommun,2380,2018,RF,SD,8.13,41467
kommun,2380,2022,KF,V,7.12,41325
kommun,2380,2022,KF,S,37.83,41325
kommun,2380,2022,KF,MP,4.06,41325
kommun,2380,2022,KF,C,14.33,41325
kommun,2380,2022,KF,L,3.17,41325
kommun,2380,2022,KF,KD,7.52,41325
kommun,2380,2022,KF,M,15.24,41325
kommun,2380,2022,KF,SD,10.12,41325
kommun,2380,2022,RD,V,5.97,41749
kommun,2380,2022,RD,S,37.74,41749
kommun,2380,2022,RD,MP,5.83,41749
kommun,2380,2022,RD,C,8.93,41749
kommun,2380,2022,RD,L,3.14,41749
kommun,2380,2022,RD,KD,5.03,41749
kommun,2380,2022,RD,M,15.44,41749
kommun,2380,2022,RD,SD,16.61,41749
kommun,2380,2022,RF,V,7.86,41027
kommun,2380,2022,RF,S,38.61,41027
kommun,2380,2022,RF,MP,3.42,41027
kommun,2380,2022,RF,C,11.46,41027
kommun,2380,2022,RF,L,2.75,41027
kommun,2380,2022,RF,KD,10.02,41027
kommun,2380,2022,RF,M,14.98,41027
kommun,2380,2022,RF,SD,10.25,41027
kommun,2401,2014,KF,V,8.08,4557
kommun,2401,2014,KF,S,28.22,4557
kommun,2401,2014,KF,MP,1.54,4557
kommun,2401,2014,KF,C,36.12,4557
kommun,2401,2014,KF,L,9.74,4557
kommun,2401,2014,KF,KD,4.41,4557
kommun,2401,2014,KF,M,8.91,4557
kommun,2401,2014,KF,SD,2.72,4557
kommun,2401,2014,RD,V,9.15,4644
kommun,2401,2014,RD,S,42.98,4644
kommun,2401,2014,RD,MP,2.3,4644
kommun,2401,2014,RD,C,11.35,4644
kommun,2401,2014,RD,L,5.12,4644
kommun,2401,2014,RD,KD,4.61,4644
kommun,2401,2014,RD,M,13.59,4644
kommun,2401,2014,RD,SD,9.32,4644
kommun,2401,2014,RF,V,10.85,4516
kommun,2401,2014,RF,S,38.42,4516
kommun,2401,2014,RF,MP,1.97,4516
kommun,2401,2014,RF,C,16.39,4516
kommun,2401,2014,RF,L,10.63,4516
kommun,2401,2014,RF,KD,4.83,4516
kommun,2401,2014,RF,M,11.25,4516
kommun,2401,2014,RF,SD,4.65,4516
kommun,2401,2018,KF,V,6.78,4702
kommun,2401,2018,KF,S,20.95,4702
kommun,2401,2018,KF,MP,0.32,4702
kommun,2401,2018,KF,C,42.45,4702
kommun,2401,2018,KF,L,3.62,4702
kommun,2401,2018,KF,KD,4.27,4702
kommun,2401,2018,KF,M,5.93,4702
kommun,2401,2018,KF,SD,8.21,4702
kommun,2401,2018,RD,V,9.15,4656
kommun,2401,2018,RD,S,35.91,4656
kommun,2401,2018,RD,MP,1.7,4656
kommun,2401,2018,RD,C,13.57,4656
kommun,2401,2018,RD,L,3.26,4656
kommun,2401,2018,RD,KD,5.86,4656
kommun,2401,2018,RD,M,12.95,4656
kommun,2401,2018,RD,SD,16.32,4656
kommun,2401,2018,RF,V,10.56,4535
kommun,2401,2018,RF,S,33.05,4535
kommun,2401,2018,RF,MP,1.15,4535
kommun,2401,2018,RF,C,18.15,4535
kommun,2401,2018,RF,L,7.56,4535
kommun,2401,2018,RF,KD,6.15,4535
kommun,2401,2018,RF,M,12.22,4535
kommun,2401,2018,RF,SD,10.36,4535
kommun,2401,2022,KF,V,8.34,4534
kommun,2401,2022,KF,S,26.11,4534
kommun,2401,2022,KF,MP,1.41,4534
kommun,2401,2022,KF,C,31.45,4534
kommun,2401,2022,KF,L,5.32,4534
kommun,2401,2022,KF,KD,6.93,4534
kommun,2401,2022,KF,M,11.49,4534
kommun,2401,2022,KF,SD,8.73,4534
kommun,2401,2022,RD,V,5.71,4605
kommun,2401,2022,RD,S,37.44,4605
kommun,2401,2022,RD,MP,2.56,4605
kommun,2401,2022,RD,C,9.25,4605
kommun,2401,2022,RD,L,2.65,4605
kommun,2401,2022,RD,KD,6.12,4605
kommun,2401,2022,RD,M,13.64,4605
kommun,2401,2022,RD,SD,21.59,4605
kommun,2401,2022,RF,V,8.4,4463
kommun,2401,2022,RF,S,33.36,4463
kommun,2401,2022,RF,MP,1.37,4463
kommun,2401,2022,RF,C,12.44,4463
kommun,2401,2022,RF,L,7.86,4463
kommun,2401,2022,RF,KD,8.58,4463
kommun,2401,2022,RF,M,15.1,4463
kommun,2401,2022,RF,SD,12.41,4463
kommun,2403,2014,KF,V,3.28,1615
kommun,2403,2014,KF,S,35.98,1615
kommun,2403,2014,KF,MP,0.37,1615
kommun,2403,2014,KF,C,14.37,1615
kommun,2403,2014,KF,L,6.5,1615
kommun,2403,2014,KF,KD,4.15,1615
kommun,2403,2014,KF,M,32.32,1615
kommun,2403,2014,KF,SD,2.91,1615
kommun,2403,2014,RD,V,4.92,1607
kommun,2403,2014,RD,S,37.15,1607
kommun,2403,2014,RD,MP,1.74,1607
kommun,2403,2014,RD,C,12.07,1607
kommun,2403,2014,RD,L,5.54,1607
kommun,2403,2014,RD,KD,6.1,1607
kommun,2403,2014,RD,M,21.03,1607
kommun,2403,2014,RD,SD,10.08,1607
kommun,2403,2014,RF,V,4.83,1594
kommun,2403,2014,RF,S,35.76,1594
kommun,2403,2014,RF,MP,1.51,1594
kommun,2403,2014,RF,C,15.75,1594
kommun,2403,2014,RF,L,8.47,1594
kommun,2403,2014,RF,KD,6.84,1594
kommun,2403,2014,RF,M,20.77,1594
kommun,2403,2014,RF,SD,5.08,1594
kommun,2403,2018,KF,V,2.77,1624
kommun,2403,2018,KF,S,31.53,1624
kommun,2403,2018,KF,MP,0.37,1624
kommun,2403,2018,KF,C,18.53,1624
kommun,2403,2018,KF,L,7.57,1624
kommun,2403,2018,KF,KD,5.17,1624
kommun,2403,2018,KF,M,24.2,1624
kommun,2403,2018,KF,SD,9.67,1624
kommun,2403,2018,RD,V,5.04,1587
kommun,2403,2018,RD,S,29.24,1587
kommun,2403,2018,RD,MP,1.45,1587
kommun,2403,2018,RD,C,14.68,1587
kommun,2403,2018,RD,L,4.98,1587
kommun,2403,2018,RD,KD,7.62,1587
kommun,2403,2018,RD,M,17.9,1587
kommun,2403,2018,RD,SD,18.65,1587
kommun,2403,2018,RF,V,4.36,1581
kommun,2403,2018,RF,S,30.61,1581
kommun,2403,2018,RF,MP,1.08,1581
kommun,2403,2018,RF,C,16.76,1581
kommun,2403,2018,RF,L,7.08,1581
kommun,2403,2018,RF,KD,7.53,1581
kommun,2403,2018,RF,M,20.43,1581
kommun,2403,2018,RF,SD,11.64,1581
kommun,2403,2022,KF,V,2.33,1502
kommun,2403,2022,KF,S,30.43,1502
kommun,2403,2022,KF,MP,0.33,1502
kommun,2403,2022,KF,C,12.12,1502
kommun,2403,2022,KF,L,0.93,1502
kommun,2403,2022,KF,KD,13.85,1502
kommun,2403,2022,KF,M,27.23,1502
kommun,2403,2022,KF,SD,12.78,1502
kommun,2403,2022,RD,V,2.8,1500
kommun,2403,2022,RD,S,29.8,1500
kommun,2403,2022,RD,MP,1.93,1500
kommun,2403,2022,RD,C,8.07,1500
kommun,2403,2022,RD,L,3.0,1500
kommun,2403,2022,RD,KD,9.13,1500
kommun,2403,2022,RD,M,20.07,1500
kommun,2403,2022,RD,SD,24.27,1500
kommun,2403,2022,RF,V,4.19,1480
kommun,2403,2022,RF,S,30.34,1480
kommun,2403,2022,RF,MP,0.74,1480
kommun,2403,2022,RF,C,10.34,1480
kommun,2403,2022,RF,L,3.51,1480
kommun,2403,2022,RF,KD,9.53,1480
kommun,2403,2022,RF,M,24.66,1480
kommun,2403,2022,RF,SD,16.01,1480
kommun,2404,2014,KF,V,6.79,3551
kommun,2404,2014,KF,S,42.16,3551
kommun,2404,2014,KF,MP,2.08,3551
kommun,2404,2014,KF,C,19.01,3551
kommun,2404,2014,KF,L,3.77,3551
kommun,2404,2014,KF,KD,7.1,3551
kommun,2404,2014,KF,M,14.45,3551
kommun,2404,2014,KF,SD,4.11,3551
kommun,2404,2014,RD,V,7.89,3563
kommun,2404,2014,RD,S,39.91,3563
kommun,2404,2014,RD,MP,3.03,3563
kommun,2404,2014,RD,C,11.0,3563
kommun,2404,2014,RD,L,3.68,3563
kommun,2404,2014,RD,KD,6.01,3563
kommun,2404,2014,RD,M,15.32,3563
kommun,2404,2014,RD,SD,9.68,3563
kommun,2404,2014,RF,V,8.28,3513
kommun,2404,2014,RF,S,39.0,3513
kommun,2404,2014,RF,MP,2.5,3513
kommun,2404,2014,RF,C,13.86,3513
kommun,2404,2014,RF,L,4.04,3513
kommun,2404,2014,RF,KD,12.13,3513
kommun,2404,2014,RF,M,13.04,3513
kommun,2404,2014,RF,SD,5.1,3513
kommun,2404,2018,KF,V,5.64,3441
kommun,2404,2018,KF,S,38.68,3441
kommun,2404,2018,KF,MP,0.78,3441
kommun,2404,2018,KF,C,20.92,3441
kommun,2404,2018,KF,L,0.61,3441
kommun,2404,2018,KF,KD,7.18,3441
kommun,2404,2018,KF,M,17.55,3441
kommun,2404,2018,KF,SD,8.37,3441
kommun,2404,2018,RD,V,8.13,3431
kommun,2404,2018,RD,S,32.44,3431
kommun,2404,2018,RD,MP,2.01,3431
kommun,2404,2018,RD,C,14.57,3431
kommun,2404,2018,RD,L,2.68,3431
kommun,2404,2018,RD,KD,7.34,3431
kommun,2404,2018,RD,M,14.84,3431
kommun,2404,2018,RD,SD,16.03,3431
kommun,2404,2018,RF,V,7.5,3412
kommun,2404,2018,RF,S,33.06,3412
kommun,2404,2018,RF,MP,1.58,3412
kommun,2404,2018,RF,C,20.63,3412
kommun,2404,2018,RF,L,3.02,3412
kommun,2404,2018,RF,KD,8.62,3412
kommun,2404,2018,RF,M,14.8,3412
kommun,2404,2018,RF,SD,9.73,3412
kommun,2404,2022,KF,V,4.91,3420
kommun,2404,2022,KF,S,38.95,3420
kommun,2404,2022,KF,MP,1.64,3420
kommun,2404,2022,KF,C,15.15,3420
kommun,2404,2022,KF,L,0.44,3420
kommun,2404,2022,KF,KD,8.01,3420
kommun,2404,2022,KF,M,23.07,3420
kommun,2404,2022,KF,SD,7.51,3420
kommun,2404,2022,RD,V,5.28,3389
kommun,2404,2022,RD,S,33.99,3389
kommun,2404,2022,RD,MP,2.86,3389
kommun,2404,2022,RD,C,9.62,3389
kommun,2404,2022,RD,L,2.54,3389
kommun,2404,2022,RD,KD,6.26,3389
kommun,2404,2022,RD,M,16.64,3389
kommun,2404,2022,RD,SD,21.69,3389
kommun,2404,2022,RF,V,6.76,3375
kommun,2404,2022,RF,S,32.44,3375
kommun,2404,2022,RF,MP,1.99,3375
kommun,2404,2022,RF,C,14.76,3375
kommun,2404,2022,RF,L,2.37,3375
kommun,2404,2022,RF,KD,8.39,3375
kommun,2404,2022,RF,M,21.1,3375
kommun,2404,2022,RF,SD,11.64,3375
kommun,2409,2014,KF,V,4.88,4469
kommun,2409,2014,KF,S,52.29,4469
kommun,2409,2014,KF,MP,2.01,4469
kommun,2409,2014,KF,C,26.09,4469
kommun,2409,2014,KF,L,2.62,4469
kommun,2409,2014,KF,KD,4.18,4469
kommun,2409,2014,KF,M,4.81,4469
kommun,2409,2014,KF,SD,1.59,4469
kommun,2409,2014,RD,V,8.94,4507
kommun,2409,2014,RD,S,42.31,4507
kommun,2409,2014,RD,MP,3.42,4507
kommun,2409,2014,RD,C,16.77,4507
kommun,2409,2014,RD,L,2.88,4507
kommun,2409,2014,RD,KD,4.59,4507
kommun,2409,2014,RD,M,11.14,4507
kommun,2409,2014,RD,SD,6.81,4507
kommun,2409,2014,RF,V,8.99,4392
kommun,2409,2014,RF,S,43.78,4392
kommun,2409,2014,RF,MP,2.6,4392
kommun,2409,2014,RF,C,20.33,4392
kommun,2409,2014,RF,L,4.08,4392
kommun,2409,2014,RF,KD,5.92,4392
kommun,2409,2014,RF,M,8.86,4392
kommun,2409,2014,RF,SD,3.51,4392
kommun,2409,2018,KF,V,4.71,4501
kommun,2409,2018,KF,S,47.57,4501
kommun,2409,2018,KF,MP,0.87,4501
kommun,2409,2018,KF,C,30.55,4501
kommun,2409,2018,KF,L,1.51,4501
kommun,2409,2018,KF,KD,3.53,4501
kommun,2409,2018,KF,M,4.91,4501
kommun,2409,2018,KF,SD,4.75,4501
kommun,2409,2018,RD,V,10.34,4489
kommun,2409,2018,RD,S,37.94,4489
kommun,2409,2018,RD,MP,2.7,4489
kommun,2409,2018,RD,C,18.51,4489
kommun,2409,2018,RD,L,2.38,4489
kommun,2409,2018,RD,KD,5.03,4489
kommun,2409,2018,RD,M,10.54,4489
kommun,2409,2018,RD,SD,10.92,4489
kommun,2409,2018,RF,V,9.55,4428
kommun,2409,2018,RF,S,39.27,4428
kommun,2409,2018,RF,MP,1.92,4428
kommun,2409,2018,RF,C,23.44,4428
kommun,2409,2018,RF,L,3.25,4428
kommun,2409,2018,RF,KD,6.12,4428
kommun,2409,2018,RF,M,9.26,4428
kommun,2409,2018,RF,SD,6.01,4428
kommun,2409,2022,KF,V,4.81,4303
kommun,2409,2022,KF,S,42.71,4303
kommun,2409,2022,KF,MP,1.67,4303
kommun,2409,2022,KF,C,26.98,4303
kommun,2409,2022,KF,L,0.67,4303
kommun,2409,2022,KF,KD,3.79,4303
kommun,2409,2022,KF,M,9.9,4303
kommun,2409,2022,KF,SD,7.92,4303
kommun,2409,2022,RD,V,6.32,4302
kommun,2409,2022,RD,S,39.59,4302
kommun,2409,2022,RD,MP,4.28,4302
kommun,2409,2022,RD,C,12.92,4302
kommun,2409,2022,RD,L,2.09,4302
kommun,2409,2022,RD,KD,5.09,4302
kommun,2409,2022,RD,M,13.18,4302
kommun,2409,2022,RD,SD,15.36,4302
kommun,2409,2022,RF,V,8.21,4253
kommun,2409,2022,RF,S,39.2,4253
kommun,2409,2022,RF,MP,2.4,4253
kommun,2409,2022,RF,C,17.82,4253
kommun,2409,2022,RF,L,1.86,4253
kommun,2409,2022,RF,KD,5.76,4253
kommun,2409,2022,RF,M,14.34,4253
kommun,2409,2022,RF,SD,9.66,4253
kommun,2417,2014,KF,V,10.61,2610
kommun,2417,2014,KF,S,51.46,2610
kommun,2417,2014,KF,MP,0.42,2610
kommun,2417,2014,KF,C,13.68,2610
kommun,2417,2014,KF,L,7.36,2610
kommun,2417,2014,KF,KD,11.57,2610
kommun,2417,2014,KF,M,2.15,2610
kommun,2417,2014,KF,SD,2.61,2610
kommun,2417,2014,RD,V,12.26,2634
kommun,2417,2014,RD,S,50.23,2634
kommun,2417,2014,RD,MP,1.25,2634
kommun,2417,2014,RD,C,8.31,2634
kommun,2417,2014,RD,L,3.61,2634
kommun,2417,2014,RD,KD,4.94,2634
kommun,2417,2014,RD,M,8.62,2634
kommun,2417,2014,RD,SD,9.68,2634
kommun,2417,2014,RF,V,11.09,2570
kommun,2417,2014,RF,S,48.99,2570
kommun,2417,2014,RF,MP,1.48,2570
kommun,2417,2014,RF,C,10.12,2570
kommun,2417,2014,RF,L,5.06,2570
kommun,2417,2014,RF,KD,11.63,2570
kommun,2417,2014,RF,M,5.02,2570
kommun,2417,2014,RF,SD,5.49,2570
kommun,2417,2018,KF,V,7.89,2584
kommun,2417,2018,KF,S,45.12,2584
kommun,2417,2018,KF,MP,0.19,2584
kommun,2417,2018,KF,C,9.21,2584
kommun,2417,2018,KF,L,8.13,2584
kommun,2417,2018,KF,KD,25.81,2584
kommun,2417,2018,KF,M,1.24,2584
kommun,2417,2018,KF,SD,2.32,2584
kommun,2417,2018,RD,V,10.05,2558
kommun,2417,2018,RD,S,42.18,2558
kommun,2417,2018,RD,MP,1.06,2558
kommun,2417,2018,RD,C,10.79,2558
kommun,2417,2018,RD,L,4.03,2558
kommun,2417,2018,RD,KD,9.23,2558
kommun,2417,2018,RD,M,7.9,2558
kommun,2417,2018,RD,SD,12.98,2558
kommun,2417,2018,RF,V,8.8,2535
kommun,2417,2018,RF,S,43.79,2535
kommun,2417,2018,RF,MP,0.83,2535
kommun,2417,2018,RF,C,11.12,2535
kommun,2417,2018,RF,L,6.82,2535
kommun,2417,2018,RF,KD,15.78,2535
kommun,2417,2018,RF,M,6.47,2535
kommun,2417,2018,RF,SD,5.96,2535
kommun,2417,2022,KF,V,7.04,2513
kommun,2417,2022,KF,S,44.97,2513
kommun,2417,2022,KF,MP,0.24,2513
kommun,2417,2022,KF,C,1.11,2513
kommun,2417,2022,KF,L,6.01,2513
kommun,2417,2022,KF,KD,17.35,2513
kommun,2417,2022,KF,M,17.51,2513
kommun,2417,2022,KF,SD,5.73,2513
kommun,2417,2022,RD,V,6.39,2504
kommun,2417,2022,RD,S,41.29,2504
kommun,2417,2022,RD,MP,1.2,2504
kommun,2417,2022,RD,C,6.11,2504
kommun,2417,2022,RD,L,3.63,2504
kommun,2417,2022,RD,KD,8.55,2504
kommun,2417,2022,RD,M,13.38,2504
kommun,2417,2022,RD,SD,18.41,2504
kommun,2417,2022,RF,V,7.9,2419
kommun,2417,2022,RF,S,41.13,2419
kommun,2417,2022,RF,MP,0.7,2419
kommun,2417,2022,RF,C,6.86,2419
kommun,2417,2022,RF,L,4.26,2419
kommun,2417,2022,RF,KD,14.06,2419
kommun,2417,2022,RF,M,15.67,2419
kommun,2417,2022,RF,SD,8.85,2419
kommun,2418,2014,KF,V,13.3,2037
kommun,2418,2014,KF,S,36.33,2037
kommun,2418,2014,KF,MP,0.29,2037
kommun,2418,2014,KF,C,4.37,2037
kommun,2418,2014,KF,L,13.99,2037
kommun,2418,2014,KF,KD,1.18,2037
kommun,2418,2014,KF,M,0.93,2037
kommun,2418,2014,KF,SD,1.37,2037
kommun,2418,2014,RD,V,12.98,2050
kommun,2418,2014,RD,S,50.78,2050
kommun,2418,2014,RD,MP,2.29,2050
kommun,2418,2014,RD,C,4.68,2050
kommun,2418,2014,RD,L,4.59,2050
kommun,2418,2014,RD,KD,3.02,2050
kommun,2418,2014,RD,M,8.63,2050
kommun,2418,2014,RD,SD,10.63,2050
kommun,2418,2014,RF,V,18.4,1957
kommun,2418,2014,RF,S,44.76,1957
kommun,2418,2014,RF,MP,1.69,1957
kommun,2418,2014,RF,C,7.51,1957
kommun,2418,2014,RF,L,11.8,1957
kommun,2418,2014,RF,KD,3.47,1957
kommun,2418,2014,RF,M,6.85,1957
kommun,2418,2014,RF,SD,4.5,1957
kommun,2418,2018,KF,V,32.44,1976
kommun,2418,2018,KF,S,30.92,1976
kommun,2418,2018,KF,MP,0.0,1976
kommun,2418,2018,KF,C,3.74,1976
kommun,2418,2018,KF,L,11.23,1976
kommun,2418,2018,KF,KD,0.91,1976
kommun,2418,2018,KF,M,1.32,1976
kommun,2418,2018,KF,SD,3.44,1976
kommun,2418,2018,RD,V,14.18,1961
kommun,2418,2018,RD,S,42.99,1961
kommun,2418,2018,RD,MP,1.02,1961
kommun,2418,2018,RD,C,8.01,1961
kommun,2418,2018,RD,L,3.88,1961
kommun,2418,2018,RD,KD,5.61,1961
kommun,2418,2018,RD,M,8.98,1961
kommun,2418,2018,RD,SD,14.43,1961
kommun,2418,2018,RF,V,14.68,1900
kommun,2418,2018,RF,S,43.47,1900
kommun,2418,2018,RF,MP,0.84,1900
kommun,2418,2018,RF,C,7.26,1900
kommun,2418,2018,RF,L,11.0,1900
kommun,2418,2018,RF,KD,6.68,1900
kommun,2418,2018,RF,M,7.68,1900
kommun,2418,2018,RF,SD,7.95,1900
kommun,2418,2022,KF,V,29.93,1794
kommun,2418,2022,KF,S,28.71,1794
kommun,2418,2022,KF,MP,0.11,1794
kommun,2418,2022,KF,C,0.89,1794
kommun,2418,2022,KF,L,14.38,1794
kommun,2418,2022,KF,KD,1.11,1794
kommun,2418,2022,KF,M,3.23,1794
kommun,2418,2022,KF,SD,5.52,1794
kommun,2418,2022,RD,V,9.02,1807
kommun,2418,2022,RD,S,40.07,1807
kommun,2418,2022,RD,MP,1.44,1807
kommun,2418,2022,RD,C,4.37,1807
kommun,2418,2022,RD,L,4.76,1807
kommun,2418,2022,RD,KD,5.81,1807
kommun,2418,2022,RD,M,9.46,1807
kommun,2418,2022,RD,SD,24.41,1807
kommun,2418,2022,RF,V,15.11,1740
kommun,2418,2022,RF,S,38.16,1740
kommun,2418,2022,RF,MP,1.26,1740
kommun,2418,2022,RF,C,4.02,1740
kommun,2418,2022,RF,L,10.06,1740
kommun,2418,2022,RF,KD,6.9,1740
kommun,2418,2022,RF,M,12.3,1740
kommun,2418,2022,RF,SD,12.07,1740
kommun,2421,2014,KF,V,12.7,3827
kommun,2421,2014,KF,S,29.97,3827
kommun,2421,2014,KF,MP,1.07,3827
kommun,2421,2014,KF,C,30.94,3827
kommun,2421,2014,KF,L,5.7,3827
kommun,2421,2014,KF,KD,5.7,3827
kommun,2421,2014,KF,M,7.19,3827
kommun,2421,2014,KF,SD,3.4,3827
kommun,2421,2014,RD,V,10.23,3881
kommun,2421,2014,RD,S,40.38,3881
kommun,2421,2014,RD,MP,3.01,3881
kommun,2421,2014,RD,C,9.4,3881
kommun,2421,2014,RD,L,3.99,3881
kommun,2421,2014,RD,KD,6.54,3881
kommun,2421,2014,RD,M,13.14,3881
kommun,2421,2014,RD,SD,11.59,3881
kommun,2421,2014,RF,V,12.21,3743
kommun,2421,2014,RF,S,37.43,3743
kommun,2421,2014,RF,MP,1.79,3743
kommun,2421,2014,RF,C,18.3,3743
kommun,2421,2014,RF,L,6.12,3743
kommun,2421,2014,RF,KD,7.48,3743
kommun,2421,2014,RF,M,10.63,3743
kommun,2421,2014,RF,SD,5.13,3743
kommun,2421,2018,KF,V,12.35,3807
kommun,2421,2018,KF,S,24.48,3807
kommun,2421,2018,KF,MP,0.68,3807
kommun,2421,2018,KF,C,31.34,3807
kommun,2421,2018,KF,L,6.02,3807
kommun,2421,2018,KF,KD,5.86,3807
kommun,2421,2018,KF,M,6.09,3807
kommun,2421,2018,KF,SD,9.19,3807
kommun,2421,2018,RD,V,10.87,3800
kommun,2421,2018,RD,S,34.39,3800
kommun,2421,2018,RD,MP,2.05,3800
kommun,2421,2018,RD,C,10.95,3800
kommun,2421,2018,RD,L,3.47,3800
kommun,2421,2018,RD,KD,7.87,3800
kommun,2421,2018,RD,M,12.08,3800
kommun,2421,2018,RD,SD,16.97,3800
kommun,2421,2018,RF,V,12.69,3697
kommun,2421,2018,RF,S,32.16,3697
kommun,2421,2018,RF,MP,1.76,3697
kommun,2421,2018,RF,C,17.47,3697
kommun,2421,2018,RF,L,5.0,3697
kommun,2421,2018,RF,KD,9.25,3697
kommun,2421,2018,RF,M,10.79,3697
kommun,2421,2018,RF,SD,10.2,3697
kommun,2421,2022,KF,V,16.76,3603
kommun,2421,2022,KF,S,28.62,3603
kommun,2421,2022,KF,MP,1.11,3603
kommun,2421,2022,KF,C,12.6,3603
kommun,2421,2022,KF,L,8.63,3603
kommun,2421,2022,KF,KD,7.41,3603
kommun,2421,2022,KF,M,9.49,3603
kommun,2421,2022,KF,SD,11.3,3603
kommun,2421,2022,RD,V,7.15,3624
kommun,2421,2022,RD,S,34.44,3624
kommun,2421,2022,RD,MP,3.17,3624
kommun,2421,2022,RD,C,6.4,3624
kommun,2421,2022,RD,L,3.92,3624
kommun,2421,2022,RD,KD,7.95,3624
kommun,2421,2022,RD,M,13.08,3624
kommun,2421,2022,RD,SD,23.07,3624
kommun,2421,2022,RF,V,13.43,3492
kommun,2421,2022,RF,S,30.24,3492
kommun,2421,2022,RF,MP,2.43,3492
kommun,2421,2022,RF,C,9.36,3492
kommun,2421,2022,RF,L,4.78,3492
kommun,2421,2022,RF,KD,10.51,3492
kommun,2421,2022,RF,M,14.92,3492
kommun,2421,2022,RF,SD,14.12,3492
kommun,2422,2014,KF,V,26.17,1532
kommun,2422,2014,KF,S,35.7,1532
kommun,2422,2014,KF,MP,0.98,1532
kommun,2422,2014,KF,C,17.36,1532
kommun,2422,2014,KF,L,0.26,1532
kommun,2422,2014,KF,KD,6.2,1532
kommun,2422,2014,KF,M,6.85,1532
kommun,2422,2014,KF,SD,6.4,1532
kommun,2422,2014,RD,V,13.5,1548
kommun,2422,2014,RD,S,39.53,1548
kommun,2422,2014,RD,MP,3.04,1548
kommun,2422,2014,RD,C,9.63,1548
kommun,2422,2014,RD,L,1.68,1548
kommun,2422,2014,RD,KD,5.94,1548
kommun,2422,2014,RD,M,11.3,1548
kommun,2422,2014,RD,SD,13.18,1548
kommun,2422,2014,RF,V,16.98,1508
kommun,2422,2014,RF,S,35.28,1508
kommun,2422,2014,RF,MP,1.99,1508
kommun,2422,2014,RF,C,18.44,1508
kommun,2422,2014,RF,L,2.25,1508
kommun,2422,2014,RF,KD,6.3,1508
kommun,2422,2014,RF,M,10.08,1508
kommun,2422,2014,RF,SD,7.43,1508
kommun,2422,2018,KF,V,36.45,1517
kommun,2422,2018,KF,S,38.17,1517
kommun,2422,2018,KF,MP,0.26,1517
kommun,2422,2018,KF,C,14.04,1517
kommun,2422,2018,KF,L,0.26,1517
kommun,2422,2018,KF,KD,0.4,1517
kommun,2422,2018,KF,M,6.79,1517
kommun,2422,2018,KF,SD,3.3,1517
kommun,2422,2018,RD,V,12.75,1514
kommun,2422,2018,RD,S,35.67,1514
kommun,2422,2018,RD,MP,1.98,1514
kommun,2422,2018,RD,C,12.22,1514
kommun,2422,2018,RD,L,1.92,1514
kommun,2422,2018,RD,KD,6.94,1514
kommun,2422,2018,RD,M,10.96,1514
kommun,2422,2018,RD,SD,15.46,1514
kommun,2422,2018,RF,V,13.89,1469
kommun,2422,2018,RF,S,35.33,1469
kommun,2422,2018,RF,MP,1.63,1469
kommun,2422,2018,RF,C,20.49,1469
kommun,2422,2018,RF,L,3.06,1469
kommun,2422,2018,RF,KD,6.6,1469
kommun,2422,2018,RF,M,10.01,1469
kommun,2422,2018,RF,SD,8.65,1469
kommun,2422,2022,KF,V,35.86,1450
kommun,2422,2022,KF,S,35.52,1450
kommun,2422,2022,KF,MP,0.28,1450
kommun,2422,2022,KF,C,11.66,1450
kommun,2422,2022,KF,L,0.62,1450
kommun,2422,2022,KF,KD,1.45,1450
kommun,2422,2022,KF,M,14.41,1450
kommun,2422,2022,KF,SD,0.0,1450
kommun,2422,2022,RD,V,7.34,1457
kommun,2422,2022,RD,S,39.19,1457
kommun,2422,2022,RD,MP,2.26,1457
kommun,2422,2022,RD,C,7.76,1457
kommun,2422,2022,RD,L,2.2,1457
kommun,2422,2022,RD,KD,7.07,1457
kommun,2422,2022,RD,M,11.39,1457
kommun,2422,2022,RD,SD,21.76,1457
kommun,2422,2022,RF,V,13.34,1417
kommun,2422,2022,RF,S,34.65,1417
kommun,2422,2022,RF,MP,1.69,1417
kommun,2422,2022,RF,C,14.54,1417
kommun,2422,2022,RF,L,1.62,1417
kommun,2422,2022,RF,KD,9.17,1417
kommun,2422,2022,RF,M,14.04,1417
kommun,2422,2022,RF,SD,10.59,1417
kommun,2425,2014,KF,V,4.74,1858
kommun,2425,2014,KF,S,22.44,1858
kommun,2425,2014,KF,MP,1.83,1858
kommun,2425,2014,KF,C,10.6,1858
kommun,2425,2014,KF,L,16.42,1858
kommun,2425,2014,KF,KD,3.23,1858
kommun,2425,2014,KF,M,0.86,1858
kommun,2425,2014,KF,SD,0.7,1858
kommun,2425,2014,RD,V,10.68,1872
kommun,2425,2014,RD,S,49.2,1872
kommun,2425,2014,RD,MP,1.6,1872
kommun,2425,2014,RD,C,10.9,1872
kommun,2425,2014,RD,L,6.62,1872
kommun,2425,2014,RD,KD,2.67,1872
kommun,2425,2014,RD,M,6.89,1872
kommun,2425,2014,RD,SD,9.56,1872
kommun,2425,2014,RF,V,10.06,1848
kommun,2425,2014,RF,S,24.51,1848
kommun,2425,2014,RF,MP,1.68,1848
kommun,2425,2014,RF,C,29.17,1848
kommun,2425,2014,RF,L,23.86,1848
kommun,2425,2014,RF,KD,3.73,1848
kommun,2425,2014,RF,M,3.95,1848
kommun,2425,2014,RF,SD,2.71,1848
kommun,2425,2018,KF,V,4.9,1654
kommun,2425,2018,KF,S,32.35,1654
kommun,2425,2018,KF,MP,0.36,1654
kommun,2425,2018,KF,C,18.2,1654
kommun,2425,2018,KF,L,16.26,1654
kommun,2425,2018,KF,KD,2.84,1654
kommun,2425,2018,KF,M,0.67,1654
kommun,2425,2018,KF,SD,5.56,1654
kommun,2425,2018,RD,V,10.64,1720
kommun,2425,2018,RD,S,43.78,1720
kommun,2425,2018,RD,MP,1.22,1720
kommun,2425,2018,RD,C,14.88,1720
kommun,2425,2018,RD,L,3.6,1720
kommun,2425,2018,RD,KD,4.88,1720
kommun,2425,2018,RD,M,6.16,1720
kommun,2425,2018,RD,SD,12.33,1720
kommun,2425,2018,RF,V,9.62,1653
kommun,2425,2018,RF,S,35.33,1653
kommun,2425,2018,RF,MP,0.85,1653
kommun,2425,2018,RF,C,25.77,1653
kommun,2425,2018,RF,L,12.64,1653
kommun,2425,2018,RF,KD,4.3,1653
kommun,2425,2018,RF,M,3.75,1653
kommun,2425,2018,RF,SD,6.84,1653
kommun,2425,2022,KF,V,5.51,1452
kommun,2425,2022,KF,S,35.95,1452
kommun,2425,2022,KF,MP,0.69,1452
kommun,2425,2022,KF,C,14.53,1452
kommun,2425,2022,KF,L,17.36,1452
kommun,2425,2022,KF,KD,3.1,1452
kommun,2425,2022,KF,M,0.69,1452
kommun,2425,2022,KF,SD,22.04,1452
kommun,2425,2022,RD,V,8.6,1523
kommun,2425,2022,RD,S,42.09,1523
kommun,2425,2022,RD,MP,1.71,1523
kommun,2425,2022,RD,C,7.62,1523
kommun,2425,2022,RD,L,3.81,1523
kommun,2425,2022,RD,KD,5.12,1523
kommun,2425,2022,RD,M,6.83,1523
kommun,2425,2022,RD,SD,23.05,1523
kommun,2425,2022,RF,V,8.38,1456
kommun,2425,2022,RF,S,36.68,1456
kommun,2425,2022,RF,MP,1.03,1456
kommun,2425,2022,RF,C,13.6,1456
kommun,2425,2022,RF,L,8.79,1456
kommun,2425,2022,RF,KD,5.98,1456
kommun,2425,2022,RF,M,6.32,1456
kommun,2425,2022,RF,SD,19.09,1456
kommun,2460,2014,KF,V,13.25,5538
kommun,2460,2014,KF,S,36.76,5538
kommun,2460,2014,KF,MP,6.34,5538
kommun,2460,2014,KF,C,22.73,5538
kommun,2460,2014,KF,L,3.65,5538
kommun,2460,2014,KF,KD,5.09,5538
kommun,2460,2014,KF,M,8.47,5538
kommun,2460,2014,KF,SD,3.34,5538
kommun,2460,2014,RD,V,12.3,5594
kommun,2460,2014,RD,S,39.83,5594
kommun,2460,2014,RD,MP,4.31,5594
kommun,2460,2014,RD,C,10.62,5594
kommun,2460,2014,RD,L,3.38,5594
kommun,2460,2014,RD,KD,4.7,5594
kommun,2460,2014,RD,M,12.82,5594
kommun,2460,2014,RD,SD,8.49,5594
kommun,2460,2014,RF,V,13.99,5510
kommun,2460,2014,RF,S,38.02,5510
kommun,2460,2014,RF,MP,4.19,5510
kommun,2460,2014,RF,C,13.97,5510
kommun,2460,2014,RF,L,5.39,5510
kommun,2460,2014,RF,KD,6.48,5510
kommun,2460,2014,RF,M,10.58,5510
kommun,2460,2014,RF,SD,5.26,5510
kommun,2460,2018,KF,V,12.84,5621
kommun,2460,2018,KF,S,30.6,5621
kommun,2460,2018,KF,MP,4.07,5621
kommun,2460,2018,KF,C,26.56,5621
kommun,2460,2018,KF,L,3.01,5621
kommun,2460,2018,KF,KD,5.8,5621
kommun,2460,2018,KF,M,9.45,5621
kommun,2460,2018,KF,SD,7.21,5621
kommun,2460,2018,RD,V,13.13,5615
kommun,2460,2018,RD,S,34.62,5615
kommun,2460,2018,RD,MP,3.08,5615
kommun,2460,2018,RD,C,13.05,5615
kommun,2460,2018,RD,L,2.81,5615
kommun,2460,2018,RD,KD,6.02,5615
kommun,2460,2018,RD,M,12.72,5615
kommun,2460,2018,RD,SD,13.18,5615
kommun,2460,2018,RF,V,14.0,5549
kommun,2460,2018,RF,S,32.96,5549
kommun,2460,2018,RF,MP,3.35,5549
kommun,2460,2018,RF,C,15.86,5549
kommun,2460,2018,RF,L,4.69,5549
kommun,2460,2018,RF,KD,8.06,5549
kommun,2460,2018,RF,M,11.89,5549
kommun,2460,2018,RF,SD,8.34,5549
kommun,2460,2022,KF,V,9.81,5535
kommun,2460,2022,KF,S,35.32,5535
kommun,2460,2022,KF,MP,4.28,5535
kommun,2460,2022,KF,C,17.16,5535
kommun,2460,2022,KF,L,1.7,5535
kommun,2460,2022,KF,KD,7.19,5535
kommun,2460,2022,KF,M,14.67,5535
kommun,2460,2022,KF,SD,9.68,5535
kommun,2460,2022,RD,V,7.99,5594
kommun,2460,2022,RD,S,36.63,5594
kommun,2460,2022,RD,MP,4.47,5594
kommun,2460,2022,RD,C,9.1,5594
kommun,2460,2022,RD,L,2.2,5594
kommun,2460,2022,RD,KD,4.88,5594
kommun,2460,2022,RD,M,14.98,5594
kommun,2460,2022,RD,SD,18.39,5594
kommun,2460,2022,RF,V,11.09,5454
kommun,2460,2022,RF,S,33.7,5454
kommun,2460,2022,RF,MP,3.61,5454
kommun,2460,2022,RF,C,11.04,5454
kommun,2460,2022,RF,L,2.77,5454
kommun,2460,2022,RF,KD,8.56,5454
kommun,2460,2022,RF,M,17.33,5454
kommun,2460,2022,RF,SD,11.18,5454
kommun,2462,2014,KF,V,8.37,4406
kommun,2462,2014,KF,S,37.83,4406
kommun,2462,2014,KF,MP,0.86,4406
kommun,2462,2014,KF,C,19.72,4406
kommun,2462,2014,KF,L,2.02,4406
kommun,2462,2014,KF,KD,10.19,4406
kommun,2462,2014,KF,M,5.27,4406
kommun,2462,2014,KF,SD,3.54,4406
kommun,2462,2014,RD,V,11.02,4428
kommun,2462,2014,RD,S,45.89,4428
kommun,2462,2014,RD,MP,2.53,4428
kommun,2462,2014,RD,C,8.02,4428
kommun,2462,2014,RD,L,2.6,4428
kommun,2462,2014,RD,KD,5.51,4428
kommun,2462,2014,RD,M,9.03,4428
kommun,2462,2014,RD,SD,12.69,4428
kommun,2462,2014,RF,V,11.93,4332
kommun,2462,2014,RF,S,39.36,4332
kommun,2462,2014,RF,MP,1.69,4332
kommun,2462,2014,RF,C,21.01,4332
kommun,2462,2014,RF,L,3.81,4332
kommun,2462,2014,RF,KD,8.17,4332
kommun,2462,2014,RF,M,5.63,4332
kommun,2462,2014,RF,SD,6.28,4332
kommun,2462,2018,KF,V,5.96,4347
kommun,2462,2018,KF,S,36.19,4347
kommun,2462,2018,KF,MP,0.3,4347
kommun,2462,2018,KF,C,29.24,4347
kommun,2462,2018,KF,L,0.25,4347
kommun,2462,2018,KF,KD,10.95,4347
kommun,2462,2018,KF,M,3.08,4347
kommun,2462,2018,KF,SD,5.11,4347
kommun,2462,2018,RD,V,10.79,4376
kommun,2462,2018,RD,S,37.29,4376
kommun,2462,2018,RD,MP,1.12,4376
kommun,2462,2018,RD,C,14.24,4376
kommun,2462,2018,RD,L,1.81,4376
kommun,2462,2018,RD,KD,7.29,4376
kommun,2462,2018,RD,M,7.47,4376
kommun,2462,2018,RD,SD,16.27,4376
kommun,2462,2018,RF,V,9.81,4270
kommun,2462,2018,RF,S,33.68,4270
kommun,2462,2018,RF,MP,1.1,4270
kommun,2462,2018,RF,C,25.36,4270
kommun,2462,2018,RF,L,1.8,4270
kommun,2462,2018,RF,KD,12.32,4270
kommun,2462,2018,RF,M,5.39,4270
kommun,2462,2018,RF,SD,8.22,4270
kommun,2462,2022,KF,V,10.87,3991
kommun,2462,2022,KF,S,27.86,3991
kommun,2462,2022,KF,MP,0.33,3991
kommun,2462,2022,KF,C,11.0,3991
kommun,2462,2022,KF,L,0.38,3991
kommun,2462,2022,KF,KD,22.38,3991
kommun,2462,2022,KF,M,9.17,3991
kommun,2462,2022,KF,SD,10.92,3991
kommun,2462,2022,RD,V,7.82,4080
kommun,2462,2022,RD,S,35.25,4080
kommun,2462,2022,RD,MP,2.03,4080
kommun,2462,2022,RD,C,6.5,4080
kommun,2462,2022,RD,L,1.45,4080
kommun,2462,2022,RD,KD,8.92,4080
kommun,2462,2022,RD,M,10.54,4080
kommun,2462,2022,RD,SD,25.76,4080
kommun,2462,2022,RF,V,11.02,3958
kommun,2462,2022,RF,S,28.98,3958
kommun,2462,2022,RF,MP,1.44,3958
kommun,2462,2022,RF,C,11.8,3958
kommun,2462,2022,RF,L,2.83,3958
kommun,2462,2022,RF,KD,17.74,3958
kommun,2462,2022,RF,M,10.89,3958
kommun,2462,2022,RF,SD,14.38,3958
kommun,2463,2014,KF,V,5.99,1903
kommun,2463,2014,KF,S,26.22,1903
kommun,2463,2014,KF,MP,0.37,1903
kommun,2463,2014,KF,C,7.78,1903
kommun,2463,2014,KF,L,4.31,1903
kommun,2463,2014,KF,KD,0.84,1903
kommun,2463,2014,KF,M,0.47,1903
kommun,2463,2014,KF,SD,2.15,1903
kommun,2463,2014,RD,V,9.09,1893
kommun,2463,2014,RD,S,44.8,1893
kommun,2463,2014,RD,MP,1.9,1893
kommun,2463,2014,RD,C,10.62,1893
kommun,2463,2014,RD,L,5.18,1893
kommun,2463,2014,RD,KD,3.43,1893
kommun,2463,2014,RD,M,11.67,1893
kommun,2463,2014,RD,SD,10.94,1893
kommun,2463,2014,RF,V,11.41,1885
kommun,2463,2014,RF,S,28.7,1885
kommun,2463,2014,RF,MP,1.64,1885
kommun,2463,2014,RF,C,28.12,1885
kommun,2463,2014,RF,L,11.35,1885
kommun,2463,2014,RF,KD,3.29,1885
kommun,2463,2014,RF,M,9.66,1885
kommun,2463,2014,RF,SD,5.04,1885
kommun,2463,2018,KF,V,6.83,1815
kommun,2463,2018,KF,S,37.63,1815
kommun,2463,2018,KF,MP,0.28,1815
kommun,2463,2018,KF,C,28.48,1815
kommun,2463,2018,KF,L,3.31,1815
kommun,2463,2018,KF,KD,1.93,1815
kommun,2463,2018,KF,M,1.43,1815
kommun,2463,2018,KF,SD,2.42,1815
kommun,2463,2018,RD,V,8.64,1805
kommun,2463,2018,RD,S,40.28,1805
kommun,2463,2018,RD,MP,1.11,1805
kommun,2463,2018,RD,C,16.68,1805
kommun,2463,2018,RD,L,2.66,1805
kommun,2463,2018,RD,KD,4.76,1805
kommun,2463,2018,RD,M,8.7,1805
kommun,2463,2018,RD,SD,15.51,1805
kommun,2463,2018,RF,V,8.61,1812
kommun,2463,2018,RF,S,34.99,1812
kommun,2463,2018,RF,MP,0.94,1812
kommun,2463,2018,RF,C,25.72,1812
kommun,2463,2018,RF,L,6.57,1812
kommun,2463,2018,RF,KD,4.69,1812
kommun,2463,2018,RF,M,8.61,1812
kommun,2463,2018,RF,SD,9.16,1812
kommun,2463,2022,KF,V,6.85,1621
kommun,2463,2022,KF,S,41.27,1621
kommun,2463,2022,KF,MP,0.19,1621
kommun,2463,2022,KF,C,19.99,1621
kommun,2463,2022,KF,L,8.88,1621
kommun,2463,2022,KF,KD,0.93,1621
kommun,2463,2022,KF,M,2.28,1621
kommun,2463,2022,KF,SD,0.0,1621
kommun,2463,2022,RD,V,5.39,1725
kommun,2463,2022,RD,S,37.74,1725
kommun,2463,2022,RD,MP,1.74,1725
kommun,2463,2022,RD,C,10.03,1725
kommun,2463,2022,RD,L,3.19,1725
kommun,2463,2022,RD,KD,5.33,1725
kommun,2463,2022,RD,M,12.87,1725
kommun,2463,2022,RD,SD,22.38,1725
kommun,2463,2022,RF,V,6.16,1672
kommun,2463,2022,RF,S,34.81,1672
kommun,2463,2022,RF,MP,1.08,1672
kommun,2463,2022,RF,C,16.27,1672
kommun,2463,2022,RF,L,5.74,1672
kommun,2463,2022,RF,KD,7.54,1672
kommun,2463,2022,RF,M,15.97,1672
kommun,2463,2022,RF,SD,12.26,1672
kommun,2480,2014,KF,V,13.07,79654
kommun,2480,2014,KF,S,36.75,79654
kommun,2480,2014,KF,MP,7.37,79654
kommun,2480,2014,KF,C,5.89,79654
kommun,2480,2014,KF,L,6.06,79654
kommun,2480,2014,KF,KD,3.9,79654
kommun,2480,2014,KF,M,16.29,79654
kommun,2480,2014,KF,SD,3.24,79654
kommun,2480,2014,RD,V,12.34,80308
kommun,2480,2014,RD,S,36.15,80308
kommun,2480,2014,RD,MP,8.12,80308
kommun,2480,2014,RD,C,5.54,80308
kommun,2480,2014,RD,L,4.93,80308
kommun,2480,2014,RD,KD,3.82,80308
kommun,2480,2014,RD,M,16.5,80308
kommun,2480,2014,RD,SD,5.65,80308
kommun,2480,2014,RF,V,14.27,78954
kommun,2480,2014,RF,S,36.46,78954
kommun,2480,2014,RF,MP,6.89,78954
kommun,2480,2014,RF,C,5.83,78954
kommun,2480,2014,RF,L,8.22,78954
kommun,2480,2014,RF,KD,4.39,78954
kommun,2480,2014,RF,M,14.96,78954
kommun,2480,2014,RF,SD,3.08,78954
kommun,2480,2018,KF,V,16.24,84530
kommun,2480,2018,KF,S,30.35,84530
kommun,2480,2018,KF,MP,5.43,84530
kommun,2480,2018,KF,C,9.98,84530
kommun,2480,2018,KF,L,5.76,84530
kommun,2480,2018,KF,KD,3.79,84530
kommun,2480,2018,KF,M,17.29,84530
kommun,2480,2018,KF,SD,5.31,84530
kommun,2480,2018,RD,V,15.66,84574
kommun,2480,2018,RD,S,34.53,84574
kommun,2480,2018,RD,MP,5.46,84574
kommun,2480,2018,RD,C,9.51,84574
kommun,2480,2018,RD,L,4.7,84574
kommun,2480,2018,RD,KD,4.48,84574
kommun,2480,2018,RD,M,15.36,84574
kommun,2480,2018,RD,SD,8.58,84574
kommun,2480,2018,RF,V,17.3,84070
kommun,2480,2018,RF,S,31.25,84070
kommun,2480,2018,RF,MP,4.69,84070
kommun,2480,2018,RF,C,9.43,84070
kommun,2480,2018,RF,L,8.53,84070
kommun,2480,2018,RF,KD,4.64,84070
kommun,2480,2018,RF,M,15.8,84070
kommun,2480,2018,RF,SD,5.25,84070
kommun,2480,2022,KF,V,13.28,85655
kommun,2480,2022,KF,S,36.48,85655
kommun,2480,2022,KF,MP,6.41,85655
kommun,2480,2022,KF,C,7.94,85655
kommun,2480,2022,KF,L,3.77,85655
kommun,2480,2022,KF,KD,3.46,85655
kommun,2480,2022,KF,M,17.64,85655
kommun,2480,2022,KF,SD,6.47,85655
kommun,2480,2022,RD,V,10.55,85994
kommun,2480,2022,RD,S,39.81,85994
kommun,2480,2022,RD,MP,7.64,85994
kommun,2480,2022,RD,C,7.94,85994
kommun,2480,2022,RD,L,3.57,85994
kommun,2480,2022,RD,KD,3.61,85994
kommun,2480,2022,RD,M,14.91,85994
kommun,2480,2022,RD,SD,10.85,85994
kommun,2480,2022,RF,V,14.72,85239
kommun,2480,2022,RF,S,35.97,85239
kommun,2480,2022,RF,MP,5.21,85239
kommun,2480,2022,RF,C,7.64,85239
kommun,2480,2022,RF,L,4.86,85239
kommun,2480,2022,RF,KD,4.73,85239
kommun,2480,2022,RF,M,17.93,85239
kommun,2480,2022,RF,SD,6.75,85239
kommun,2481,2014,KF,V,9.67,7842
kommun,2481,2014,KF,S,41.25,7842
kommun,2481,2014,KF,MP,1.85,7842
kommun,2481,2014,KF,C,4.85,7842
kommun,2481,2014,KF,L,8.75,7842
kommun,2481,2014,KF,KD,10.27,7842
kommun,2481,2014,KF,M,18.69,7842
kommun,2481,2014,KF,SD,4.46,7842
kommun,2481,2014,RD,V,10.34,7971
kommun,2481,2014,RD,S,46.0,7971
kommun,2481,2014,RD,MP,2.32,7971
kommun,2481,2014,RD,C,4.1,7971
kommun,2481,2014,RD,L,3.73,7971
kommun,2481,2014,RD,KD,7.21,7971
kommun,2481,2014,RD,M,14.14,7971
kommun,2481,2014,RD,SD,10.46,7971
kommun,2481,2014,RF,V,10.23,7807
kommun,2481,2014,RF,S,44.56,7807
kommun,2481,2014,RF,MP,1.75,7807
kommun,2481,2014,RF,C,6.83,7807
kommun,2481,2014,RF,L,6.85,7807
kommun,2481,2014,RF,KD,9.15,7807
kommun,2481,2014,RF,M,14.21,7807
kommun,2481,2014,RF,SD,5.28,7807
kommun,2481,2018,KF,V,7.22,7802
kommun,2481,2018,KF,S,35.17,7802
kommun,2481,2018,KF,MP,1.14,7802
kommun,2481,2018,KF,C,5.97,7802
kommun,2481,2018,KF,L,7.74,7802
kommun,2481,2018,KF,KD,17.62,7802
kommun,2481,2018,KF,M,18.71,7802
kommun,2481,2018,KF,SD,6.0,7802
kommun,2481,2018,RD,V,9.45,7787
kommun,2481,2018,RD,S,38.94,7787
kommun,2481,2018,RD,MP,1.44,7787
kommun,2481,2018,RD,C,7.31,7787
kommun,2481,2018,RD,L,3.81,7787
kommun,2481,2018,RD,KD,9.67,7787
kommun,2481,2018,RD,M,14.41,7787
kommun,2481,2018,RD,SD,13.79,7787
kommun,2481,2018,RF,V,8.17,7737
kommun,2481,2018,RF,S,38.26,7737
kommun,2481,2018,RF,MP,1.14,7737
kommun,2481,2018,RF,C,6.97,7737
kommun,2481,2018,RF,L,5.76,7737
kommun,2481,2018,RF,KD,15.14,7737
kommun,2481,2018,RF,M,16.65,7737
kommun,2481,2018,RF,SD,7.41,7737
kommun,2481,2022,KF,V,5.15,7591
kommun,2481,2022,KF,S,35.34,7591
kommun,2481,2022,KF,MP,1.33,7591
kommun,2481,2022,KF,C,4.18,7591
kommun,2481,2022,KF,L,4.22,7591
kommun,2481,2022,KF,KD,30.08,7591
kommun,2481,2022,KF,M,13.66,7591
kommun,2481,2022,KF,SD,5.93,7591
kommun,2481,2022,RD,V,5.35,7555
kommun,2481,2022,RD,S,40.42,7555
kommun,2481,2022,RD,MP,2.16,7555
kommun,2481,2022,RD,C,5.24,7555
kommun,2481,2022,RD,L,2.86,7555
kommun,2481,2022,RD,KD,10.27,7555
kommun,2481,2022,RD,M,14.71,7555
kommun,2481,2022,RD,SD,18.19,7555
kommun,2481,2022,RF,V,6.64,7504
kommun,2481,2022,RF,S,37.26,7504
kommun,2481,2022,RF,MP,1.53,7504
kommun,2481,2022,RF,C,4.42,7504
kommun,2481,2022,RF,L,3.65,7504
kommun,2481,2022,RF,KD,20.99,7504
kommun,2481,2022,RF,M,16.48,7504
kommun,2481,2022,RF,SD,8.69,7504
kommun,2482,2014,KF,V,9.16,48122
kommun,2482,2014,KF,S,51.35,48122
kommun,2482,2014,KF,MP,5.49,48122
kommun,2482,2014,KF,C,8.02,48122
kommun,2482,2014,KF,L,7.72,48122
kommun,2482,2014,KF,KD,3.85,48122
kommun,2482,2014,KF,M,9.92,48122
kommun,2482,2014,KF,SD,4.16,48122
kommun,2482,2014,RD,V,9.33,48779
kommun,2482,2014,RD,S,50.16,48779
kommun,2482,2014,RD,MP,5.28,48779
kommun,2482,2014,RD,C,5.81,48779
kommun,2482,2014,RD,L,3.82,48779
kommun,2482,2014,RD,KD,3.98,48779
kommun,2482,2014,RD,M,10.68,48779
kommun,2482,2014,RD,SD,7.81,48779
kommun,2482,2014,RF,V,10.42,47600
kommun,2482,2014,RF,S,50.0,47600
kommun,2482,2014,RF,MP,4.46,47600
kommun,2482,2014,RF,C,7.05,47600
kommun,2482,2014,RF,L,9.01,47600
kommun,2482,2014,RF,KD,4.32,47600
kommun,2482,2014,RF,M,8.93,47600
kommun,2482,2014,RF,SD,4.06,47600
kommun,2482,2018,KF,V,8.62,48830
kommun,2482,2018,KF,S,44.26,48830
kommun,2482,2018,KF,MP,3.47,48830
kommun,2482,2018,KF,C,10.25,48830
kommun,2482,2018,KF,L,6.58,48830
kommun,2482,2018,KF,KD,3.65,48830
kommun,2482,2018,KF,M,14.16,48830
kommun,2482,2018,KF,SD,8.04,48830
kommun,2482,2018,RD,V,9.76,48964
kommun,2482,2018,RD,S,45.31,48964
kommun,2482,2018,RD,MP,3.03,48964
kommun,2482,2018,RD,C,8.83,48964
kommun,2482,2018,RD,L,3.38,48964
kommun,2482,2018,RD,KD,4.88,48964
kommun,2482,2018,RD,M,11.95,48964
kommun,2482,2018,RD,SD,11.66,48964
kommun,2482,2018,RF,V,9.98,48223
kommun,2482,2018,RF,S,42.67,48223
kommun,2482,2018,RF,MP,2.63,48223
kommun,2482,2018,RF,C,9.29,48223
kommun,2482,2018,RF,L,9.3,48223
kommun,2482,2018,RF,KD,5.11,48223
kommun,2482,2018,RF,M,12.42,48223
kommun,2482,2018,RF,SD,7.86,48223
kommun,2482,2022,KF,V,8.33,47557
kommun,2482,2022,KF,S,42.78,47557
kommun,2482,2022,KF,MP,3.74,47557
kommun,2482,2022,KF,C,8.9,47557
kommun,2482,2022,KF,L,2.99,47557
kommun,2482,2022,KF,KD,5.48,47557
kommun,2482,2022,KF,M,17.14,47557
kommun,2482,2022,KF,SD,10.1,47557
kommun,2482,2022,RD,V,6.65,47884
kommun,2482,2022,RD,S,45.21,47884
kommun,2482,2022,RD,MP,3.97,47884
kommun,2482,2022,RD,C,7.38,47884
kommun,2482,2022,RD,L,2.64,47884
kommun,2482,2022,RD,KD,4.43,47884
kommun,2482,2022,RD,M,13.34,47884
kommun,2482,2022,RD,SD,15.32,47884
kommun,2482,2022,RF,V,9.19,47018
kommun,2482,2022,RF,S,41.42,47018
kommun,2482,2022,RF,MP,2.97,47018
kommun,2482,2022,RF,C,8.47,47018
kommun,2482,2022,RF,L,3.67,47018
kommun,2482,2022,RF,KD,7.13,47018
kommun,2482,2022,RF,M,16.21,47018
kommun,2482,2022,RF,SD,10.28,47018
kommun,2505,2014,KF,V,14.52,4298
kommun,2505,2014,KF,S,40.69,4298
kommun,2505,2014,KF,MP,0.44,4298
kommun,2505,2014,KF,C,30.01,4298
kommun,2505,2014,KF,L,4.79,4298
kommun,2505,2014,KF,KD,0.26,4298
kommun,2505,2014,KF,M,3.75,4298
kommun,2505,2014,KF,SD,5.37,4298
kommun,2505,2014,RD,V,10.17,4326
kommun,2505,2014,RD,S,52.13,4326
kommun,2505,2014,RD,MP,1.64,4326
kommun,2505,2014,RD,C,6.24,4326
kommun,2505,2014,RD,L,3.07,4326
kommun,2505,2014,RD,KD,1.78,4326
kommun,2505,2014,RD,M,10.15,4326
kommun,2505,2014,RD,SD,13.06,4326
kommun,2505,2014,RF,V,7.93,4239
kommun,2505,2014,RF,S,38.0,4239
kommun,2505,2014,RF,MP,1.3,4239
kommun,2505,2014,RF,C,9.44,4239
kommun,2505,2014,RF,L,3.18,4239
kommun,2505,2014,RF,KD,0.61,4239
kommun,2505,2014,RF,M,5.1,4239
kommun,2505,2014,RF,SD,4.77,4239
kommun,2505,2018,KF,V,13.22,4160
kommun,2505,2018,KF,S,36.68,4160
kommun,2505,2018,KF,MP,0.19,4160
kommun,2505,2018,KF,C,34.33,4160
kommun,2505,2018,KF,L,8.68,4160
kommun,2505,2018,KF,KD,0.29,4160
kommun,2505,2018,KF,M,4.09,4160
kommun,2505,2018,KF,SD,2.36,4160
kommun,2505,2018,RD,V,10.56,4175
kommun,2505,2018,RD,S,44.65,4175
kommun,2505,2018,RD,MP,0.93,4175
kommun,2505,2018,RD,C,9.34,4175
kommun,2505,2018,RD,L,3.59,4175
kommun,2505,2018,RD,KD,3.9,4175
kommun,2505,2018,RD,M,9.29,4175
kommun,2505,2018,RD,SD,16.43,4175
kommun,2505,2018,RF,V,7.92,4115
kommun,2505,2018,RF,S,30.26,4115
kommun,2505,2018,RF,MP,0.56,4115
kommun,2505,2018,RF,C,8.7,4115
kommun,2505,2018,RF,L,2.45,4115
kommun,2505,2018,RF,KD,1.22,4115
kommun,2505,2018,RF,M,3.48,4115
kommun,2505,2018,RF,SD,4.54,4115
kommun,2505,2022,KF,V,14.33,3977
kommun,2505,2022,KF,S,41.09,3977
kommun,2505,2022,KF,MP,0.23,3977
kommun,2505,2022,KF,C,19.71,3977
kommun,2505,2022,KF,L,4.5,3977
kommun,2505,2022,KF,KD,1.28,3977
kommun,2505,2022,KF,M,5.41,3977
kommun,2505,2022,KF,SD,13.4,3977
kommun,2505,2022,RD,V,7.12,4002
kommun,2505,2022,RD,S,42.0,4002
kommun,2505,2022,RD,MP,1.27,4002
kommun,2505,2022,RD,C,5.65,4002
kommun,2505,2022,RD,L,3.25,4002
kommun,2505,2022,RD,KD,5.07,4002
kommun,2505,2022,RD,M,10.77,4002
kommun,2505,2022,RD,SD,23.99,4002
kommun,2505,2022,RF,V,9.01,3853
kommun,2505,2022,RF,S,44.43,3853
kommun,2505,2022,RF,MP,0.55,3853
kommun,2505,2022,RF,C,10.51,3853
kommun,2505,2022,RF,L,2.31,3853
kommun,2505,2022,RF,KD,3.79,3853
kommun,2505,2022,RF,M,7.81,3853
kommun,2505,2022,RF,SD,13.44,3853
kommun,2506,2014,KF,V,24.24,1865
kommun,2506,2014,KF,S,36.89,1865
kommun,2506,2014,KF,MP,3.06,1865
kommun,2506,2014,KF,C,21.82,1865
kommun,2506,2014,KF,L,9.28,1865
kommun,2506,2014,KF,KD,0.64,1865
kommun,2506,2014,KF,M,0.7,1865
kommun,2506,2014,KF,SD,3.16,1865
kommun,2506,2014,RD,V,11.99,1851
kommun,2506,2014,RD,S,44.19,1851
kommun,2506,2014,RD,MP,3.46,1851
kommun,2506,2014,RD,C,6.86,1851
kommun,2506,2014,RD,L,3.3,1851
kommun,2506,2014,RD,KD,3.46,1851
kommun,2506,2014,RD,M,9.83,1851
kommun,2506,2014,RD,SD,14.75,1851
kommun,2506,2014,RF,V,9.53,1836
kommun,2506,2014,RF,S,30.45,1836
kommun,2506,2014,RF,MP,1.91,1836
kommun,2506,2014,RF,C,7.63,1836
kommun,2506,2014,RF,L,4.14,1836
kommun,2506,2014,RF,KD,2.29,1836
kommun,2506,2014,RF,M,2.83,1836
kommun,2506,2014,RF,SD,4.74,1836
kommun,2506,2018,KF,V,27.09,1794
kommun,2506,2018,KF,S,39.63,1794
kommun,2506,2018,KF,MP,0.5,1794
kommun,2506,2018,KF,C,18.78,1794
kommun,2506,2018,KF,L,9.92,1794
kommun,2506,2018,KF,KD,0.78,1794
kommun,2506,2018,KF,M,0.61,1794
kommun,2506,2018,KF,SD,2.56,1794
kommun,2506,2018,RD,V,14.3,1839
kommun,2506,2018,RD,S,35.18,1839
kommun,2506,2018,RD,MP,2.07,1839
kommun,2506,2018,RD,C,7.72,1839
kommun,2506,2018,RD,L,2.88,1839
kommun,2506,2018,RD,KD,7.18,1839
kommun,2506,2018,RD,M,8.86,1839
kommun,2506,2018,RD,SD,20.28,1839
kommun,2506,2018,RF,V,8.39,1823
kommun,2506,2018,RF,S,22.38,1823
kommun,2506,2018,RF,MP,1.87,1823
kommun,2506,2018,RF,C,5.43,1823
kommun,2506,2018,RF,L,3.13,1823
kommun,2506,2018,RF,KD,2.19,1823
kommun,2506,2018,RF,M,2.8,1823
kommun,2506,2018,RF,SD,4.72,1823
kommun,2506,2022,KF,V,8.52,1667
kommun,2506,2022,KF,S,40.07,1667
kommun,2506,2022,KF,MP,0.36,1667
kommun,2506,2022,KF,C,7.98,1667
kommun,2506,2022,KF,L,11.4,1667
kommun,2506,2022,KF,KD,0.96,1667
kommun,2506,2022,KF,M,1.02,1667
kommun,2506,2022,KF,SD,0.0,1667
kommun,2506,2022,RD,V,7.8,1717
kommun,2506,2022,RD,S,37.91,1717
kommun,2506,2022,RD,MP,3.44,1717
kommun,2506,2022,RD,C,4.48,1717
kommun,2506,2022,RD,L,2.97,1717
kommun,2506,2022,RD,KD,8.79,1717
kommun,2506,2022,RD,M,9.03,1717
kommun,2506,2022,RD,SD,24.81,1717
kommun,2506,2022,RF,V,10.13,1639
kommun,2506,2022,RF,S,39.66,1639
kommun,2506,2022,RF,MP,1.77,1639
kommun,2506,2022,RF,C,4.7,1639
kommun,2506,2022,RF,L,5.49,1639
kommun,2506,2022,RF,KD,6.47,1639
kommun,2506,2022,RF,M,6.53,1639
kommun,2506,2022,RF,SD,11.47,1639
kommun,2510,2014,KF,V,6.5,3291
kommun,2510,2014,KF,S,43.27,3291
kommun,2510,2014,KF,MP,13.83,3291
kommun,2510,2014,KF,C,0.97,3291
kommun,2510,2014,KF,L,7.23,3291
kommun,2510,2014,KF,KD,0.33,3291
kommun,2510,2014,KF,M,3.19,3291
kommun,2510,2014,KF,SD,3.46,3291
kommun,2510,2014,RD,V,9.71,3296
kommun,2510,2014,RD,S,48.45,3296
kommun,2510,2014,RD,MP,9.47,3296
kommun,2510,2014,RD,C,2.43,3296
kommun,2510,2014,RD,L,3.19,3296
kommun,2510,2014,RD,KD,1.33,3296
kommun,2510,2014,RD,M,9.07,3296
kommun,2510,2014,RD,SD,12.77,3296
kommun,2510,2014,RF,V,7.03,3242
kommun,2510,2014,RF,S,41.12,3242
kommun,2510,2014,RF,MP,11.41,3242
kommun,2510,2014,RF,C,1.14,3242
kommun,2510,2014,RF,L,3.76,3242
kommun,2510,2014,RF,KD,0.96,3242
kommun,2510,2014,RF,M,4.13,3242
kommun,2510,2014,RF,SD,5.0,3242
kommun,2510,2018,KF,V,6.78,3302
kommun,2510,2018,KF,S,39.82,3302
kommun,2510,2018,KF,MP,13.6,3302
kommun,2510,2018,KF,C,0.51,3302
kommun,2510,2018,KF,L,1.79,3302
kommun,2510,2018,KF,KD,0.24,3302
kommun,2510,2018,KF,M,5.03,3302
kommun,2510,2018,KF,SD,6.75,3302
kommun,2510,2018,RD,V,14.59,3228
kommun,2510,2018,RD,S,40.3,3228
kommun,2510,2018,RD,MP,7.09,3228
kommun,2510,2018,RD,C,5.2,3228
kommun,2510,2018,RD,L,2.66,3228
kommun,2510,2018,RD,KD,3.87,3228
kommun,2510,2018,RD,M,8.33,3228
kommun,2510,2018,RD,SD,16.82,3228
kommun,2510,2018,RF,V,7.92,3244
kommun,2510,2018,RF,S,32.03,3244
kommun,2510,2018,RF,MP,7.46,3244
kommun,2510,2018,RF,C,2.16,3244
kommun,2510,2018,RF,L,1.97,3244
kommun,2510,2018,RF,KD,1.2,3244
kommun,2510,2018,RF,M,4.69,3244
kommun,2510,2018,RF,SD,5.98,3244
kommun,2510,2022,KF,V,7.82,3043
kommun,2510,2022,KF,S,28.49,3043
kommun,2510,2022,KF,MP,15.35,3043
kommun,2510,2022,KF,C,0.36,3043
kommun,2510,2022,KF,L,1.18,3043
kommun,2510,2022,KF,KD,0.49,3043
kommun,2510,2022,KF,M,11.57,3043
kommun,2510,2022,KF,SD,7.99,3043
kommun,2510,2022,RD,V,9.19,3026
kommun,2510,2022,RD,S,34.2,3026
kommun,2510,2022,RD,MP,11.8,3026
kommun,2510,2022,RD,C,4.43,3026
kommun,2510,2022,RD,L,1.98,3026
kommun,2510,2022,RD,KD,4.46,3026
kommun,2510,2022,RD,M,9.91,3026
kommun,2510,2022,RD,SD,22.54,3026
kommun,2510,2022,RF,V,10.02,2974
kommun,2510,2022,RF,S,40.08,2974
kommun,2510,2022,RF,MP,10.89,2974
kommun,2510,2022,RF,C,3.46,2974
kommun,2510,2022,RF,L,1.85,2974
kommun,2510,2022,RF,KD,3.53,2974
kommun,2510,2022,RF,M,10.66,2974
kommun,2510,2022,RF,SD,11.06,2974
kommun,2513,2014,KF,V,23.43,2369
kommun,2513,2014,KF,S,42.25,2369
kommun,2513,2014,KF,MP,2.2,2369
kommun,2513,2014,KF,C,22.71,2369
kommun,2513,2014,KF,L,2.15,2369
kommun,2513,2014,KF,KD,0.17,2369
kommun,2513,2014,KF,M,4.85,2369
kommun,2513,2014,KF,SD,2.2,2369
kommun,2513,2014,RD,V,10.5,2382
kommun,2513,2014,RD,S,52.48,2382
kommun,2513,2014,RD,MP,2.18,2382
kommun,2513,2014,RD,C,8.86,2382
kommun,2513,2014,RD,L,1.76,2382
kommun,2513,2014,RD,KD,1.13,2382
kommun,2513,2014,RD,M,8.14,2382
kommun,2513,2014,RD,SD,13.01,2382
kommun,2513,2014,RF,V,10.56,2367
kommun,2513,2014,RF,S,39.33,2367
kommun,2513,2014,RF,MP,1.27,2367
kommun,2513,2014,RF,C,9.0,2367
kommun,2513,2014,RF,L,1.77,2367
kommun,2513,2014,RF,KD,0.59,2367
kommun,2513,2014,RF,M,4.48,2367
kommun,2513,2014,RF,SD,4.44,2367
kommun,2513,2018,KF,V,12.19,2248
kommun,2513,2018,KF,S,53.2,2248
kommun,2513,2018,KF,MP,0.98,2248
kommun,2513,2018,KF,C,16.46,2248
kommun,2513,2018,KF,L,1.33,2248
kommun,2513,2018,KF,KD,0.18,2248
kommun,2513,2018,KF,M,9.03,2248
kommun,2513,2018,KF,SD,6.54,2248
kommun,2513,2018,RD,V,10.49,2241
kommun,2513,2018,RD,S,46.68,2241
kommun,2513,2018,RD,MP,1.07,2241
kommun,2513,2018,RD,C,8.79,2241
kommun,2513,2018,RD,L,2.1,2241
kommun,2513,2018,RD,KD,3.44,2241
kommun,2513,2018,RD,M,7.81,2241
kommun,2513,2018,RD,SD,18.34,2241
kommun,2513,2018,RF,V,6.11,2257
kommun,2513,2018,RF,S,36.91,2257
kommun,2513,2018,RF,MP,0.84,2257
kommun,2513,2018,RF,C,6.56,2257
kommun,2513,2018,RF,L,1.2,2257
kommun,2513,2018,RF,KD,0.84,2257
kommun,2513,2018,RF,M,4.3,2257
kommun,2513,2018,RF,SD,4.87,2257
kommun,2513,2022,KF,V,9.4,2043
kommun,2513,2022,KF,S,51.3,2043
kommun,2513,2022,KF,MP,0.24,2043
kommun,2513,2022,KF,C,19.38,2043
kommun,2513,2022,KF,L,0.69,2043
kommun,2513,2022,KF,KD,0.78,2043
kommun,2513,2022,KF,M,6.95,2043
kommun,2513,2022,KF,SD,10.92,2043
kommun,2513,2022,RD,V,7.75,2077
kommun,2513,2022,RD,S,42.9,2077
kommun,2513,2022,RD,MP,1.49,2077
kommun,2513,2022,RD,C,5.83,2077
kommun,2513,2022,RD,L,1.83,2077
kommun,2513,2022,RD,KD,5.73,2077
kommun,2513,2022,RD,M,10.11,2077
kommun,2513,2022,RD,SD,23.3,2077
kommun,2513,2022,RF,V,8.7,2057
kommun,2513,2022,RF,S,47.54,2057
kommun,2513,2022,RF,MP,0.83,2057
kommun,2513,2022,RF,C,8.02,2057
kommun,2513,2022,RF,L,1.75,2057
kommun,2513,2022,RF,KD,3.26,2057
kommun,2513,2022,RF,M,8.26,2057
kommun,2513,2022,RF,SD,12.45,2057
kommun,2514,2014,KF,V,5.68,10954
kommun,2514,2014,KF,S,45.67,10954
kommun,2514,2014,KF,MP,10.08,10954
kommun,2514,2014,KF,C,7.58,10954
kommun,2514,2014,KF,L,4.6,10954
kommun,2514,2014,KF,KD,1.13,10954
kommun,2514,2014,KF,M,16.19,10954
kommun,2514,2014,KF,SD,4.41,10954
kommun,2514,2014,RD,V,6.3,10979
kommun,2514,2014,RD,S,55.68,10979
kommun,2514,2014,RD,MP,4.09,10979
kommun,2514,2014,RD,C,4.74,10979
kommun,2514,2014,RD,L,2.44,10979
kommun,2514,2014,RD,KD,2.1,10979
kommun,2514,2014,RD,M,11.54,10979
kommun,2514,2014,RD,SD,11.49,10979
kommun,2514,2014,RF,V,3.85,10989
kommun,2514,2014,RF,S,29.57,10989
kommun,2514,2014,RF,MP,3.28,10989
kommun,2514,2014,RF,C,8.0,10989
kommun,2514,2014,RF,L,2.25,10989
kommun,2514,2014,RF,KD,0.96,10989
kommun,2514,2014,RF,M,7.13,10989
kommun,2514,2014,RF,SD,3.79,10989
kommun,2514,2018,KF,V,6.89,10950
kommun,2514,2018,KF,S,40.76,10950
kommun,2514,2018,KF,MP,4.24,10950
kommun,2514,2018,KF,C,7.42,10950
kommun,2514,2018,KF,L,5.22,10950
kommun,2514,2018,KF,KD,0.58,10950
kommun,2514,2018,KF,M,20.7,10950
kommun,2514,2018,KF,SD,8.23,10950
kommun,2514,2018,RD,V,7.88,10971
kommun,2514,2018,RD,S,45.37,10971
kommun,2514,2018,RD,MP,2.79,10971
kommun,2514,2018,RD,C,6.42,10971
kommun,2514,2018,RD,L,2.87,10971
kommun,2514,2018,RD,KD,3.58,10971
kommun,2514,2018,RD,M,11.71,10971
kommun,2514,2018,RD,SD,18.37,10971
kommun,2514,2018,RF,V,4.42,11072
kommun,2514,2018,RF,S,24.31,11072
kommun,2514,2018,RF,MP,1.86,11072
kommun,2514,2018,RF,C,5.26,11072
kommun,2514,2018,RF,L,1.8,11072
kommun,2514,2018,RF,KD,0.79,11072
kommun,2514,2018,RF,M,8.52,11072
kommun,2514,2018,RF,SD,5.52,11072
kommun,2514,2022,KF,V,4.58,10242
kommun,2514,2022,KF,S,42.65,10242
kommun,2514,2022,KF,MP,3.62,10242
kommun,2514,2022,KF,C,5.15,10242
kommun,2514,2022,KF,L,4.66,10242
kommun,2514,2022,KF,KD,0.89,10242
kommun,2514,2022,KF,M,21.97,10242
kommun,2514,2022,KF,SD,10.74,10242
kommun,2514,2022,RD,V,4.38,10355
kommun,2514,2022,RD,S,43.86,10355
kommun,2514,2022,RD,MP,2.63,10355
kommun,2514,2022,RD,C,5.04,10355
kommun,2514,2022,RD,L,2.04,10355
kommun,2514,2022,RD,KD,4.46,10355
kommun,2514,2022,RD,M,12.55,10355
kommun,2514,2022,RD,SD,24.17,10355
kommun,2514,2022,RF,V,5.12,10186
kommun,2514,2022,RF,S,40.17,10186
kommun,2514,2022,RF,MP,2.34,10186
kommun,2514,2022,RF,C,4.1,10186
kommun,2514,2022,RF,L,2.02,10186
kommun,2514,2022,RF,KD,2.63,10186
kommun,2514,2022,RF,M,18.39,10186
kommun,2514,2022,RF,SD,11.76,10186
kommun,2518,2014,KF,V,7.65,2914
kommun,2518,2014,KF,S,32.7,2914
kommun,2518,2014,KF,MP,0.41,2914
kommun,2518,2014,KF,C,21.93,2914
kommun,2518,2014,KF,L,0.17,2914
kommun,2518,2014,KF,KD,3.71,2914
kommun,2518,2014,KF,M,2.33,2914
kommun,2518,2014,KF,SD,3.33,2914
kommun,2518,2014,RD,V,10.06,2733
kommun,2518,2014,RD,S,47.16,2733
kommun,2518,2014,RD,MP,2.78,2733
kommun,2518,2014,RD,C,11.05,2733
kommun,2518,2014,RD,L,2.16,2733
kommun,2518,2014,RD,KD,3.59,2733
kommun,2518,2014,RD,M,10.65,2733
kommun,2518,2014,RD,SD,11.01,2733
kommun,2518,2014,RF,V,8.33,2870
kommun,2518,2014,RF,S,29.48,2870
kommun,2518,2014,RF,MP,2.37,2870
kommun,2518,2014,RF,C,10.87,2870
kommun,2518,2014,RF,L,1.67,2870
kommun,2518,2014,RF,KD,3.21,2870
kommun,2518,2014,RF,M,4.04,2870
kommun,2518,2014,RF,SD,4.43,2870
kommun,2518,2018,KF,V,5.82,2783
kommun,2518,2018,KF,S,36.76,2783
kommun,2518,2018,KF,MP,0.14,2783
kommun,2518,2018,KF,C,24.04,2783
kommun,2518,2018,KF,L,0.07,2783
kommun,2518,2018,KF,KD,7.94,2783
kommun,2518,2018,KF,M,0.65,2783
kommun,2518,2018,KF,SD,7.08,2783
kommun,2518,2018,RD,V,9.38,2633
kommun,2518,2018,RD,S,39.5,2633
kommun,2518,2018,RD,MP,1.33,2633
kommun,2518,2018,RD,C,16.29,2633
kommun,2518,2018,RD,L,1.71,2633
kommun,2518,2018,RD,KD,5.39,2633
kommun,2518,2018,RD,M,9.61,2633
kommun,2518,2018,RD,SD,16.18,2633
kommun,2518,2018,RF,V,6.34,2744
kommun,2518,2018,RF,S,27.62,2744
kommun,2518,2018,RF,MP,0.66,2744
kommun,2518,2018,RF,C,9.44,2744
kommun,2518,2018,RF,L,0.8,2744
kommun,2518,2018,RF,KD,3.53,2744
kommun,2518,2018,RF,M,2.84,2744
kommun,2518,2018,RF,SD,5.87,2744
kommun,2518,2022,KF,V,5.64,2482
kommun,2518,2022,KF,S,19.98,2482
kommun,2518,2022,KF,MP,0.12,2482
kommun,2518,2022,KF,C,27.72,2482
kommun,2518,2022,KF,L,0.16,2482
kommun,2518,2022,KF,KD,10.39,2482
kommun,2518,2022,KF,M,1.29,2482
kommun,2518,2022,KF,SD,0.0,2482
kommun,2518,2022,RD,V,6.83,2473
kommun,2518,2022,RD,S,37.44,2473
kommun,2518,2022,RD,MP,1.62,2473
kommun,2518,2022,RD,C,12.21,2473
kommun,2518,2022,RD,L,1.7,2473
kommun,2518,2022,RD,KD,8.86,2473
kommun,2518,2022,RD,M,10.51,2473
kommun,2518,2022,RD,SD,19.81,2473
kommun,2518,2022,RF,V,8.33,2485
kommun,2518,2022,RF,S,35.09,2485
kommun,2518,2022,RF,MP,0.72,2485
kommun,2518,2022,RF,C,14.0,2485
kommun,2518,2022,RF,L,0.76,2485
kommun,2518,2022,RF,KD,9.54,2485
kommun,2518,2022,RF,M,7.77,2485
kommun,2518,2022,RF,SD,8.09,2485
kommun,2521,2014,KF,V,19.35,4056
kommun,2521,2014,KF,S,46.03,4056
kommun,2521,2014,KF,MP,0.54,4056
kommun,2521,2014,KF,C,3.03,4056
kommun,2521,2014,KF,L,2.91,4056
kommun,2521,2014,KF,KD,10.01,4056
kommun,2521,2014,KF,M,8.95,4056
kommun,2521,2014,KF,SD,2.74,4056
kommun,2521,2014,RD,V,17.94,4024
kommun,2521,2014,RD,S,46.2,4024
kommun,2521,2014,RD,MP,2.29,4024
kommun,2521,2014,RD,C,3.31,4024
kommun,2521,2014,RD,L,1.57,4024
kommun,2521,2014,RD,KD,5.27,4024
kommun,2521,2014,RD,M,9.52,4024
kommun,2521,2014,RD,SD,11.36,4024
kommun,2521,2014,RF,V,16.84,4020
kommun,2521,2014,RF,S,34.23,4020
kommun,2521,2014,RF,MP,1.67,4020
kommun,2521,2014,RF,C,2.44,4020
kommun,2521,2014,RF,L,1.69,4020
kommun,2521,2014,RF,KD,6.64,4020
kommun,2521,2014,RF,M,5.55,4020
kommun,2521,2014,RF,SD,4.0,4020
kommun,2521,2018,KF,V,18.14,3803
kommun,2521,2018,KF,S,29.21,3803
kommun,2521,2018,KF,MP,0.32,3803
kommun,2521,2018,KF,C,2.34,3803
kommun,2521,2018,KF,L,1.39,3803
kommun,2521,2018,KF,KD,14.17,3803
kommun,2521,2018,KF,M,7.28,3803
kommun,2521,2018,KF,SD,2.02,3803
kommun,2521,2018,RD,V,20.01,3808
kommun,2521,2018,RD,S,37.66,3808
kommun,2521,2018,RD,MP,1.44,3808
kommun,2521,2018,RD,C,5.07,3808
kommun,2521,2018,RD,L,1.5,3808
kommun,2521,2018,RD,KD,7.38,3808
kommun,2521,2018,RD,M,9.43,3808
kommun,2521,2018,RD,SD,16.47,3808
kommun,2521,2018,RF,V,15.89,3827
kommun,2521,2018,RF,S,23.62,3827
kommun,2521,2018,RF,MP,0.97,3827
kommun,2521,2018,RF,C,2.61,3827
kommun,2521,2018,RF,L,1.07,3827
kommun,2521,2018,RF,KD,6.45,3827
kommun,2521,2018,RF,M,5.25,3827
kommun,2521,2018,RF,SD,4.89,3827
kommun,2521,2022,KF,V,16.98,3674
kommun,2521,2022,KF,S,28.03,3674
kommun,2521,2022,KF,MP,0.44,3674
kommun,2521,2022,KF,C,5.04,3674
kommun,2521,2022,KF,L,0.33,3674
kommun,2521,2022,KF,KD,13.8,3674
kommun,2521,2022,KF,M,6.78,3674
kommun,2521,2022,KF,SD,6.64,3674
kommun,2521,2022,RD,V,15.07,3669
kommun,2521,2022,RD,S,35.3,3669
kommun,2521,2022,RD,MP,2.13,3669
kommun,2521,2022,RD,C,3.46,3669
kommun,2521,2022,RD,L,1.5,3669
kommun,2521,2022,RD,KD,8.34,3669
kommun,2521,2022,RD,M,9.57,3669
kommun,2521,2022,RD,SD,23.3,3669
kommun,2521,2022,RF,V,20.99,3593
kommun,2521,2022,RF,S,33.48,3593
kommun,2521,2022,RF,MP,0.72,3593
kommun,2521,2022,RF,C,3.87,3593
kommun,2521,2022,RF,L,1.25,3593
kommun,2521,2022,RF,KD,12.25,3593
kommun,2521,2022,RF,M,7.77,3593
kommun,2521,2022,RF,SD,9.49,3593
kommun,2523,2014,KF,V,17.02,12015
kommun,2523,2014,KF,S,41.05,12015
kommun,2523,2014,KF,MP,9.51,12015
kommun,2523,2014,KF,C,0.47,12015
kommun,2523,2014,KF,L,1.1,12015
kommun,2523,2014,KF,KD,0.42,12015
kommun,2523,2014,KF,M,16.8,12015
kommun,2523,2014,KF,SD,4.92,12015
kommun,2523,2014,RD,V,11.62,12108
kommun,2523,2014,RD,S,50.52,12108
kommun,2523,2014,RD,MP,4.15,12108
kommun,2523,2014,RD,C,1.76,12108
kommun,2523,2014,RD,L,1.44,12108
kommun,2523,2014,RD,KD,2.25,12108
kommun,2523,2014,RD,M,10.83,12108
kommun,2523,2014,RD,SD,15.22,12108
kommun,2523,2014,RF,V,13.06,11834
kommun,2523,2014,RF,S,38.16,11834
kommun,2523,2014,RF,MP,4.24,11834
kommun,2523,2014,RF,C,1.23,11834
kommun,2523,2014,RF,L,1.32,11834
kommun,2523,2014,RF,KD,1.5,11834
kommun,2523,2014,RF,M,9.3,11834
kommun,2523,2014,RF,SD,5.74,11834
kommun,2523,2018,KF,V,12.79,11426
kommun,2523,2018,KF,S,34.33,11426
kommun,2523,2018,KF,MP,11.93,11426
kommun,2523,2018,KF,C,0.84,11426
kommun,2523,2018,KF,L,0.62,11426
kommun,2523,2018,KF,KD,0.39,11426
kommun,2523,2018,KF,M,17.46,11426
kommun,2523,2018,KF,SD,12.26,11426
kommun,2523,2018,RD,V,12.86,11464
kommun,2523,2018,RD,S,41.95,11464
kommun,2523,2018,RD,MP,2.47,11464
kommun,2523,2018,RD,C,3.68,11464
kommun,2523,2018,RD,L,2.03,11464
kommun,2523,2018,RD,KD,3.3,11464
kommun,2523,2018,RD,M,12.23,11464
kommun,2523,2018,RD,SD,20.42,11464
kommun,2523,2018,RF,V,9.76,11313
kommun,2523,2018,RF,S,31.11,11313
kommun,2523,2018,RF,MP,2.7,11313
kommun,2523,2018,RF,C,1.39,11313
kommun,2523,2018,RF,L,1.19,11313
kommun,2523,2018,RF,KD,1.46,11313
kommun,2523,2018,RF,M,9.64,11313
kommun,2523,2018,RF,SD,10.12,11313
kommun,2523,2022,KF,V,10.33,10882
kommun,2523,2022,KF,S,26.93,10882
kommun,2523,2022,KF,MP,13.28,10882
kommun,2523,2022,KF,C,0.47,10882
kommun,2523,2022,KF,L,0.71,10882
kommun,2523,2022,KF,KD,0.43,10882
kommun,2523,2022,KF,M,30.18,10882
kommun,2523,2022,KF,SD,15.42,10882
kommun,2523,2022,RD,V,8.16,10959
kommun,2523,2022,RD,S,38.5,10959
kommun,2523,2022,RD,MP,3.6,10959
kommun,2523,2022,RD,C,2.76,10959
kommun,2523,2022,RD,L,1.38,10959
kommun,2523,2022,RD,KD,4.33,10959
kommun,2523,2022,RD,M,12.97,10959
kommun,2523,2022,RD,SD,27.17,10959
kommun,2523,2022,RF,V,10.49,10704
kommun,2523,2022,RF,S,37.22,10704
kommun,2523,2022,RF,MP,6.44,10704
kommun,2523,2022,RF,C,1.95,10704
kommun,2523,2022,RF,L,1.2,10704
kommun,2523,2022,RF,KD,2.96,10704
kommun,2523,2022,RF,M,16.8,10704
kommun,2523,2022,RF,SD,16.2,10704
kommun,2560,2014,KF,V,11.34,5397
kommun,2560,2014,KF,S,47.6,5397
kommun,2560,2014,KF,MP,0.33,5397
kommun,2560,2014,KF,C,14.6,5397
kommun,2560,2014,KF,L,6.91,5397
kommun,2560,2014,KF,KD,2.41,5397
kommun,2560,2014,KF,M,1.15,5397
kommun,2560,2014,KF,SD,11.56,5397
kommun,2560,2014,RD,V,9.23,5416
kommun,2560,2014,RD,S,53.45,5416
kommun,2560,2014,RD,MP,2.16,5416
kommun,2560,2014,RD,C,6.09,5416
kommun,2560,2014,RD,L,2.66,5416
kommun,2560,2014,RD,KD,3.16,5416
kommun,2560,2014,RD,M,8.14,5416
kommun,2560,2014,RD,SD,12.78,5416
kommun,2560,2014,RF,V,8.62,5346
kommun,2560,2014,RF,S,44.33,5346
kommun,2560,2014,RF,MP,1.37,5346
kommun,2560,2014,RF,C,6.14,5346
kommun,2560,2014,RF,L,4.98,5346
kommun,2560,2014,RF,KD,2.62,5346
kommun,2560,2014,RF,M,2.82,5346
kommun,2560,2014,RF,SD,7.91,5346
kommun,2560,2018,KF,V,10.03,5354
kommun,2560,2018,KF,S,39.56,5354
kommun,2560,2018,KF,MP,0.28,5354
kommun,2560,2018,KF,C,18.7,5354
kommun,2560,2018,KF,L,10.33,5354
kommun,2560,2018,KF,KD,5.29,5354
kommun,2560,2018,KF,M,1.48,5354
kommun,2560,2018,KF,SD,9.62,5354
kommun,2560,2018,RD,V,10.74,5306
kommun,2560,2018,RD,S,44.82,5306
kommun,2560,2018,RD,MP,1.23,5306
kommun,2560,2018,RD,C,9.03,5306
kommun,2560,2018,RD,L,3.02,5306
kommun,2560,2018,RD,KD,4.64,5306
kommun,2560,2018,RD,M,8.56,5306
kommun,2560,2018,RD,SD,16.62,5306
kommun,2560,2018,RF,V,7.73,5307
kommun,2560,2018,RF,S,35.07,5307
kommun,2560,2018,RF,MP,0.7,5307
kommun,2560,2018,RF,C,7.18,5307
kommun,2560,2018,RF,L,4.13,5307
kommun,2560,2018,RF,KD,3.49,5307
kommun,2560,2018,RF,M,3.22,5307
kommun,2560,2018,RF,SD,7.91,5307
kommun,2560,2022,KF,V,6.88,5076
kommun,2560,2022,KF,S,38.26,5076
kommun,2560,2022,KF,MP,0.32,5076
kommun,2560,2022,KF,C,14.26,5076
kommun,2560,2022,KF,L,4.71,5076
kommun,2560,2022,KF,KD,5.0,5076
kommun,2560,2022,KF,M,19.6,5076
kommun,2560,2022,KF,SD,10.52,5076
kommun,2560,2022,RD,V,6.13,5110
kommun,2560,2022,RD,S,43.23,5110
kommun,2560,2022,RD,MP,1.55,5110
kommun,2560,2022,RD,C,6.61,5110
kommun,2560,2022,RD,L,2.25,5110
kommun,2560,2022,RD,KD,5.4,5110
kommun,2560,2022,RD,M,13.31,5110
kommun,2560,2022,RD,SD,20.47,5110
kommun,2560,2022,RF,V,7.83,5019
kommun,2560,2022,RF,S,43.71,5019
kommun,2560,2022,RF,MP,0.82,5019
kommun,2560,2022,RF,C,7.77,5019
kommun,2560,2022,RF,L,2.77,5019
kommun,2560,2022,RF,KD,5.5,5019
kommun,2560,2022,RF,M,12.63,5019
kommun,2560,2022,RF,SD,11.5,5019
kommun,2580,2014,KF,V,5.88,51373
kommun,2580,2014,KF,S,48.74,51373
kommun,2580,2014,KF,MP,6.4,51373
kommun,2580,2014,KF,C,4.38,51373
kommun,2580,2014,KF,L,4.37,51373
kommun,2580,2014,KF,KD,2.68,51373
kommun,2580,2014,KF,M,13.36,51373
kommun,2580,2014,KF,SD,4.88,51373
kommun,2580,2014,RD,V,7.46,51682
kommun,2580,2014,RD,S,44.68,51682
kommun,2580,2014,RD,MP,6.64,51682
kommun,2580,2014,RD,C,4.61,51682
kommun,2580,2014,RD,L,4.41,51682
kommun,2580,2014,RD,KD,3.22,51682
kommun,2580,2014,RD,M,15.92,51682
kommun,2580,2014,RD,SD,8.84,51682
kommun,2580,2014,RF,V,6.81,51173
kommun,2580,2014,RF,S,43.04,51173
kommun,2580,2014,RF,MP,6.26,51173
kommun,2580,2014,RF,C,4.59,51173
kommun,2580,2014,RF,L,5.23,51173
kommun,2580,2014,RF,KD,2.76,51173
kommun,2580,2014,RF,M,12.01,51173
kommun,2580,2014,RF,SD,4.66,51173
kommun,2580,2018,KF,V,10.26,53001
kommun,2580,2018,KF,S,37.54,53001
kommun,2580,2018,KF,MP,3.73,53001
kommun,2580,2018,KF,C,7.52,53001
kommun,2580,2018,KF,L,5.16,53001
kommun,2580,2018,KF,KD,3.82,53001
kommun,2580,2018,KF,M,14.81,53001
kommun,2580,2018,KF,SD,6.98,53001
kommun,2580,2018,RD,V,10.47,53182
kommun,2580,2018,RD,S,38.97,53182
kommun,2580,2018,RD,MP,3.57,53182
kommun,2580,2018,RD,C,7.53,53182
kommun,2580,2018,RD,L,4.37,53182
kommun,2580,2018,RD,KD,4.78,53182
kommun,2580,2018,RD,M,15.38,53182
kommun,2580,2018,RD,SD,13.36,53182
kommun,2580,2018,RF,V,9.24,52867
kommun,2580,2018,RF,S,32.57,52867
kommun,2580,2018,RF,MP,3.16,52867
kommun,2580,2018,RF,C,5.6,52867
kommun,2580,2018,RF,L,5.09,52867
kommun,2580,2018,RF,KD,2.98,52867
kommun,2580,2018,RF,M,11.5,52867
kommun,2580,2018,RF,SD,5.9,52867
kommun,2580,2022,KF,V,8.51,51752
kommun,2580,2022,KF,S,37.43,51752
kommun,2580,2022,KF,MP,3.17,51752
kommun,2580,2022,KF,C,6.8,51752
kommun,2580,2022,KF,L,5.25,51752
kommun,2580,2022,KF,KD,6.29,51752
kommun,2580,2022,KF,M,15.64,51752
kommun,2580,2022,KF,SD,9.95,51752
kommun,2580,2022,RD,V,7.19,52524
kommun,2580,2022,RD,S,39.49,52524
kommun,2580,2022,RD,MP,4.34,52524
kommun,2580,2022,RD,C,5.89,52524
kommun,2580,2022,RD,L,3.62,52524
kommun,2580,2022,RD,KD,5.29,52524
kommun,2580,2022,RD,M,15.7,52524
kommun,2580,2022,RD,SD,17.37,52524
kommun,2580,2022,RF,V,10.07,51522
kommun,2580,2022,RF,S,40.6,51522
kommun,2580,2022,RF,MP,2.65,51522
kommun,2580,2022,RF,C,6.03,51522
kommun,2580,2022,RF,L,3.55,51522
kommun,2580,2022,RF,KD,6.12,51522
kommun,2580,2022,RF,M,15.26,51522
kommun,2580,2022,RF,SD,10.71,51522
kommun,2581,2014,KF,V,10.33,28668
kommun,2581,2014,KF,S,44.53,28668
kommun,2581,2014,KF,MP,5.02,28668
kommun,2581,2014,KF,C,9.1,28668
kommun,2581,2014,KF,L,3.86,28668
kommun,2581,2014,KF,KD,3.51,28668
kommun,2581,2014,KF,M,10.58,28668
kommun,2581,2014,KF,SD,4.29,28668
kommun,2581,2014,RD,V,8.01,29203
kommun,2581,2014,RD,S,53.61,29203
kommun,2581,2014,RD,MP,4.63,29203
kommun,2581,2014,RD,C,4.96,29203
kommun,2581,2014,RD,L,2.93,29203
kommun,2581,2014,RD,KD,3.51,29203
kommun,2581,2014,RD,M,11.6,29203
kommun,2581,2014,RD,SD,7.6,29203
kommun,2581,2014,RF,V,7.78,28622
kommun,2581,2014,RF,S,40.92,28622
kommun,2581,2014,RF,MP,4.57,28622
kommun,2581,2014,RF,C,5.48,28622
kommun,2581,2014,RF,L,3.14,28622
kommun,2581,2014,RF,KD,2.9,28622
kommun,2581,2014,RF,M,8.18,28622
kommun,2581,2014,RF,SD,3.87,28622
kommun,2581,2018,KF,V,11.42,29286
kommun,2581,2018,KF,S,37.63,29286
kommun,2581,2018,KF,MP,2.67,29286
kommun,2581,2018,KF,C,10.95,29286
kommun,2581,2018,KF,L,2.47,29286
kommun,2581,2018,KF,KD,3.53,29286
kommun,2581,2018,KF,M,11.91,29286
kommun,2581,2018,KF,SD,6.46,29286
kommun,2581,2018,RD,V,10.56,29523
kommun,2581,2018,RD,S,47.48,29523
kommun,2581,2018,RD,MP,2.42,29523
kommun,2581,2018,RD,C,7.49,29523
kommun,2581,2018,RD,L,2.52,29523
kommun,2581,2018,RD,KD,4.8,29523
kommun,2581,2018,RD,M,11.82,29523
kommun,2581,2018,RD,SD,11.81,29523
kommun,2581,2018,RF,V,8.48,29251
kommun,2581,2018,RF,S,34.84,29251
kommun,2581,2018,RF,MP,1.94,29251
kommun,2581,2018,RF,C,6.07,29251
kommun,2581,2018,RF,L,2.17,29251
kommun,2581,2018,RF,KD,2.86,29251
kommun,2581,2018,RF,M,8.07,29251
kommun,2581,2018,RF,SD,5.32,29251
kommun,2581,2022,KF,V,8.97,28682
kommun,2581,2022,KF,S,42.27,28682
kommun,2581,2022,KF,MP,2.15,28682
kommun,2581,2022,KF,C,9.01,28682
kommun,2581,2022,KF,L,1.94,28682
kommun,2581,2022,KF,KD,3.82,28682
kommun,2581,2022,KF,M,15.94,28682
kommun,2581,2022,KF,SD,9.58,28682
kommun,2581,2022,RD,V,6.93,29052
kommun,2581,2022,RD,S,48.04,29052
kommun,2581,2022,RD,MP,2.98,29052
kommun,2581,2022,RD,C,5.99,29052
kommun,2581,2022,RD,L,2.03,29052
kommun,2581,2022,RD,KD,4.0,29052
kommun,2581,2022,RD,M,12.84,29052
kommun,2581,2022,RD,SD,16.13,29052
kommun,2581,2022,RF,V,8.9,28490
kommun,2581,2022,RF,S,46.75,28490
kommun,2581,2022,RF,MP,1.86,28490
kommun,2581,2022,RF,C,7.31,28490
kommun,2581,2022,RF,L,1.81,28490
kommun,2581,2022,RF,KD,4.2,28490
kommun,2581,2022,RF,M,12.94,28490
kommun,2581,2022,RF,SD,10.01,28490
kommun,2582,2014,KF,V,7.53,18862
kommun,2582,2014,KF,S,36.84,18862
kommun,2582,2014,KF,MP,4.39,18862
kommun,2582,2014,KF,C,2.83,18862
kommun,2582,2014,KF,L,2.6,18862
kommun,2582,2014,KF,KD,2.59,18862
kommun,2582,2014,KF,M,26.8,18862
kommun,2582,2014,KF,SD,11.44,18862
kommun,2582,2014,RD,V,6.64,18890
kommun,2582,2014,RD,S,46.47,18890
kommun,2582,2014,RD,MP,3.64,18890
kommun,2582,2014,RD,C,3.67,18890
kommun,2582,2014,RD,L,4.07,18890
kommun,2582,2014,RD,KD,2.84,18890
kommun,2582,2014,RD,M,15.37,18890
kommun,2582,2014,RD,SD,14.66,18890
kommun,2582,2014,RF,V,6.04,18739
kommun,2582,2014,RF,S,35.46,18739
kommun,2582,2014,RF,MP,3.96,18739
kommun,2582,2014,RF,C,2.89,18739
kommun,2582,2014,RF,L,3.79,18739
kommun,2582,2014,RF,KD,2.35,18739
kommun,2582,2014,RF,M,12.01,18739
kommun,2582,2014,RF,SD,7.12,18739
kommun,2582,2018,KF,V,6.4,19186
kommun,2582,2018,KF,S,34.17,19186
kommun,2582,2018,KF,MP,2.12,19186
kommun,2582,2018,KF,C,5.36,19186
kommun,2582,2018,KF,L,2.96,19186
kommun,2582,2018,KF,KD,1.7,19186
kommun,2582,2018,KF,M,16.03,19186
kommun,2582,2018,KF,SD,9.41,19186
kommun,2582,2018,RD,V,8.1,19110
kommun,2582,2018,RD,S,41.76,19110
kommun,2582,2018,RD,MP,2.22,19110
kommun,2582,2018,RD,C,6.23,19110
kommun,2582,2018,RD,L,3.61,19110
kommun,2582,2018,RD,KD,4.61,19110
kommun,2582,2018,RD,M,14.32,19110
kommun,2582,2018,RD,SD,17.76,19110
kommun,2582,2018,RF,V,5.86,19067
kommun,2582,2018,RF,S,30.86,19067
kommun,2582,2018,RF,MP,1.91,19067
kommun,2582,2018,RF,C,3.55,19067
kommun,2582,2018,RF,L,3.03,19067
kommun,2582,2018,RF,KD,2.38,19067
kommun,2582,2018,RF,M,9.05,19067
kommun,2582,2018,RF,SD,7.28,19067
kommun,2582,2022,KF,V,5.21,18480
kommun,2582,2022,KF,S,48.17,18480
kommun,2582,2022,KF,MP,1.85,18480
kommun,2582,2022,KF,C,5.36,18480
kommun,2582,2022,KF,L,1.72,18480
kommun,2582,2022,KF,KD,2.43,18480
kommun,2582,2022,KF,M,13.93,18480
kommun,2582,2022,KF,SD,13.08,18480
kommun,2582,2022,RD,V,5.25,18574
kommun,2582,2022,RD,S,42.16,18574
kommun,2582,2022,RD,MP,2.48,18574
kommun,2582,2022,RD,C,4.82,18574
kommun,2582,2022,RD,L,2.35,18574
kommun,2582,2022,RD,KD,4.49,18574
kommun,2582,2022,RD,M,14.71,18574
kommun,2582,2022,RD,SD,22.68,18574
kommun,2582,2022,RF,V,6.48,18223
kommun,2582,2022,RF,S,45.38,18223
kommun,2582,2022,RF,MP,1.65,18223
kommun,2582,2022,RF,C,4.85,18223
kommun,2582,2022,RF,L,1.9,18223
kommun,2582,2022,RF,KD,4.1,18223
kommun,2582,2022,RF,M,15.01,18223
kommun,2582,2022,RF,SD,13.58,18223
kommun,2583,2014,KF,V,5.96,4762
kommun,2583,2014,KF,S,46.58,4762
kommun,2583,2014,KF,MP,1.28,4762
kommun,2583,2014,KF,C,23.81,4762
kommun,2583,2014,KF,L,0.52,4762
kommun,2583,2014,KF,KD,2.54,4762
kommun,2583,2014,KF,M,15.22,4762
kommun,2583,2014,KF,SD,3.7,4762
kommun,2583,2014,RD,V,4.83,4323
kommun,2583,2014,RD,S,50.31,4323
kommun,2583,2014,RD,MP,2.91,4323
kommun,2583,2014,RD,C,8.4,4323
kommun,2583,2014,RD,L,1.76,4323
kommun,2583,2014,RD,KD,2.73,4323
kommun,2583,2014,RD,M,13.25,4323
kommun,2583,2014,RD,SD,13.46,4323
kommun,2583,2014,RF,V,4.44,4735
kommun,2583,2014,RF,S,33.96,4735
kommun,2583,2014,RF,MP,2.03,4735
kommun,2583,2014,RF,C,11.83,4735
kommun,2583,2014,RF,L,0.93,4735
kommun,2583,2014,RF,KD,1.92,4735
kommun,2583,2014,RF,M,8.45,4735
kommun,2583,2014,RF,SD,4.88,4735
kommun,2583,2018,KF,V,3.62,4863
kommun,2583,2018,KF,S,33.72,4863
kommun,2583,2018,KF,MP,0.68,4863
kommun,2583,2018,KF,C,21.51,4863
kommun,2583,2018,KF,L,0.25,4863
kommun,2583,2018,KF,KD,5.72,4863
kommun,2583,2018,KF,M,11.25,4863
kommun,2583,2018,KF,SD,3.52,4863
kommun,2583,2018,RD,V,5.91,4402
kommun,2583,2018,RD,S,36.69,4402
kommun,2583,2018,RD,MP,1.77,4402
kommun,2583,2018,RD,C,9.61,4402
kommun,2583,2018,RD,L,1.86,4402
kommun,2583,2018,RD,KD,5.32,4402
kommun,2583,2018,RD,M,12.79,4402
kommun,2583,2018,RD,SD,24.47,4402
kommun,2583,2018,RF,V,3.5,4880
kommun,2583,2018,RF,S,24.12,4880
kommun,2583,2018,RF,MP,1.0,4880
kommun,2583,2018,RF,C,7.66,4880
kommun,2583,2018,RF,L,0.51,4880
kommun,2583,2018,RF,KD,2.23,4880
kommun,2583,2018,RF,M,5.8,4880
kommun,2583,2018,RF,SD,6.19,4880
kommun,2583,2022,KF,V,3.74,4621
kommun,2583,2022,KF,S,38.26,4621
kommun,2583,2022,KF,MP,0.32,4621
kommun,2583,2022,KF,C,18.03,4621
kommun,2583,2022,KF,L,0.78,4621
kommun,2583,2022,KF,KD,5.22,4621
kommun,2583,2022,KF,M,11.64,4621
kommun,2583,2022,KF,SD,14.28,4621
kommun,2583,2022,RD,V,3.79,4220
kommun,2583,2022,RD,S,35.88,4220
kommun,2583,2022,RD,MP,1.92,4220
kommun,2583,2022,RD,C,6.16,4220
kommun,2583,2022,RD,L,1.73,4220
kommun,2583,2022,RD,KD,5.14,4220
kommun,2583,2022,RD,M,13.53,4220
kommun,2583,2022,RD,SD,30.88,4220
kommun,2583,2022,RF,V,4.31,4481
kommun,2583,2022,RF,S,35.35,4481
kommun,2583,2022,RF,MP,0.91,4481
kommun,2583,2022,RF,C,9.35,4481
kommun,2583,2022,RF,L,0.89,4481
kommun,2583,2022,RF,KD,4.89,4481
kommun,2583,2022,RF,M,11.4,4481
kommun,2583,2022,RF,SD,15.78,4481
kommun,2584,2014,KF,V,9.45,15052
kommun,2584,2014,KF,S,32.47,15052
kommun,2584,2014,KF,MP,1.99,15052
kommun,2584,2014,KF,C,28.55,15052
kommun,2584,2014,KF,L,1.18,15052
kommun,2584,2014,KF,KD,1.85,15052
kommun,2584,2014,KF,M,4.09,15052
kommun,2584,2014,KF,SD,2.11,15052
kommun,2584,2014,RD,V,11.61,14964
kommun,2584,2014,RD,S,47.38,14964
kommun,2584,2014,RD,MP,5.21,14964
kommun,2584,2014,RD,C,2.95,14964
kommun,2584,2014,RD,L,2.27,14964
kommun,2584,2014,RD,KD,3.39,14964
kommun,2584,2014,RD,M,10.29,14964
kommun,2584,2014,RD,SD,13.21,14964
kommun,2584,2014,RF,V,6.11,15005
kommun,2584,2014,RF,S,13.74,15005
kommun,2584,2014,RF,MP,2.05,15005
kommun,2584,2014,RF,C,9.14,15005
kommun,2584,2014,RF,L,1.31,15005
kommun,2584,2014,RF,KD,1.63,15005
kommun,2584,2014,RF,M,3.02,15005
kommun,2584,2014,RF,SD,2.12,15005
kommun,2584,2018,KF,V,6.95,14957
kommun,2584,2018,KF,S,25.17,14957
kommun,2584,2018,KF,MP,1.28,14957
kommun,2584,2018,KF,C,32.89,14957
kommun,2584,2018,KF,L,1.24,14957
kommun,2584,2018,KF,KD,2.77,14957
kommun,2584,2018,KF,M,6.57,14957
kommun,2584,2018,KF,SD,3.2,14957
kommun,2584,2018,RD,V,13.46,14796
kommun,2584,2018,RD,S,38.23,14796
kommun,2584,2018,RD,MP,2.83,14796
kommun,2584,2018,RD,C,5.38,14796
kommun,2584,2018,RD,L,2.51,14796
kommun,2584,2018,RD,KD,4.91,14796
kommun,2584,2018,RD,M,10.71,14796
kommun,2584,2018,RD,SD,19.69,14796
kommun,2584,2018,RF,V,5.08,14951
kommun,2584,2018,RF,S,11.31,14951
kommun,2584,2018,RF,MP,1.06,14951
kommun,2584,2018,RF,C,4.05,14951
kommun,2584,2018,RF,L,1.02,14951
kommun,2584,2018,RF,KD,1.28,14951
kommun,2584,2018,RF,M,2.64,14951
kommun,2584,2018,RF,SD,3.14,14951
kommun,2584,2022,KF,V,7.9,13850
kommun,2584,2022,KF,S,40.69,13850
kommun,2584,2022,KF,MP,0.44,13850
kommun,2584,2022,KF,C,9.71,13850
kommun,2584,2022,KF,L,0.3,13850
kommun,2584,2022,KF,KD,11.55,13850
kommun,2584,2022,KF,M,10.77,13850
kommun,2584,2022,KF,SD,5.38,13850
kommun,2584,2022,RD,V,8.12,13698
kommun,2584,2022,RD,S,41.93,13698
kommun,2584,2022,RD,MP,3.76,13698
kommun,2584,2022,RD,C,2.86,13698
kommun,2584,2022,RD,L,1.77,13698
kommun,2584,2022,RD,KD,6.77,13698
kommun,2584,2022,RD,M,11.14,13698
kommun,2584,2022,RD,SD,22.11,13698
kommun,2584,2022,RF,V,10.22,13474
kommun,2584,2022,RF,S,37.58,13474
kommun,2584,2022,RF,MP,1.98,13474
kommun,2584,2022,RF,C,4.15,13474
kommun,2584,2022,RF,L,0.76,13474
kommun,2584,2022,RF,KD,6.81,13474
kommun,2584,2022,RF,M,8.68,13474
kommun,2584,2022,RF,SD,7.55,13474
lan,01,2014,KF,V,6.61,1360792
lan,01,2014,KF,S,23.98,1360792
lan,01,2014,KF,MP,11.34,1360792
lan,01,2014,KF,C,5.29,1360792
lan,01,2014,KF,L,8.51,1360792
lan,01,2014,KF,KD,3.7,1360792
lan,01,2014,KF,M,28.48,1360792
lan,01,2014,KF,SD,6.03,1360792
lan,01,2014,RD,V,5.99,1341760
lan,01,2014,RD,S,22.99,1341760
lan,01,2014,RD,MP,9.24,1341760
lan,01,2014,RD,C,5.0,1341760
lan,01,2014,RD,L,7.39,1341760
lan,01,2014,RD,KD,4.86,1341760
lan,01,2014,RD,M,30.54,1341760
lan,01,2014,RD,SD,8.38,1341760
lan,01,2014,RF,V,7.71,1355612
lan,01,2014,RF,S,26.43,1355612
lan,01,2014,RF,MP,10.03,1355612
lan,01,2014,RF,C,4.35,1355612
lan,01,2014,RF,L,8.24,1355612
lan,01,2014,RF,KD,5.57,1355612
lan,01,2014,RF,M,28.15,1355612
lan,01,2014,RF,SD,5.86,1355612
lan,01,2018,KF,V,9.16,1450392
lan,01,2018,KF,S,22.63,1450392
lan,01,2018,KF,MP,6.54,1450392
lan,01,2018,KF,C,7.83,1450392
lan,01,2018,KF,L,9.1,1450392
lan,01,2018,KF,KD,5.33,1450392
lan,01,2018,KF,M,24.16,1450392
lan,01,2018,KF,SD,9.78,1450392
lan,01,2018,RD,V,9.58,1426237
lan,01,2018,RD,S,23.36,1426237
lan,01,2018,RD,MP,6.04,1426237
lan,01,2018,RD,C,8.78,1426237
lan,01,2018,RD,L,7.33,1426237
lan,01,2018,RD,KD,6.08,1426237
lan,01,2018,RD,M,24.24,1426237
lan,01,2018,RD,SD,12.93,1426237
lan,01,2018,RF,V,10.57,1444787
lan,01,2018,RF,S,26.23,1444787
lan,01,2018,RF,MP,5.63,1444787
lan,01,2018,RF,C,8.01,1444787
lan,01,2018,RF,L,8.01,1444787
lan,01,2018,RF,KD,7.74,1444787
lan,01,2018,RF,M,22.27,1444787
lan,01,2018,RF,SD,9.74,1444787
lan,01,2022,KF,V,10.45,1448599
lan,01,2022,KF,S,27.74,1448599
lan,01,2022,KF,MP,4.8,1448599
lan,01,2022,KF,C,6.76,1448599
lan,01,2022,KF,L,7.01,1448599
lan,01,2022,KF,KD,4.41,1448599
lan,01,2022,KF,M,22.87,1448599
lan,01,2022,KF,SD,10.36,1448599
lan,01,2022,RD,V,8.59,1429266
lan,01,2022,RD,S,27.52,1429266
lan,01,2022,RD,MP,7.21,1429266
lan,01,2022,RD,C,7.85,1429266
lan,01,2022,RD,L,6.34,1429266
lan,01,2022,RD,KD,4.16,1429266
lan,01,2022,RD,M,21.91,1429266
lan,01,2022,RD,SD,14.63,1429266
lan,01,2022,RF,V,11.58,1444006
lan,01,2022,RF,S,33.0,1444006
lan,01,2022,RF,MP,3.78,1444006
lan,01,2022,RF,C,5.85,1444006
lan,01,2022,RF,L,6.02,1444006
lan,01,2022,RF,KD,6.61,1444006
lan,01,2022,RF,M,20.18,1444006
lan,01,2022,RF,SD,10.72,1444006
lan,03,2014,KF,V,7.03,227052
lan,03,2014,KF,S,30.07,227052
lan,03,2014,KF,MP,10.09,227052
lan,03,2014,KF,C,8.94,227052
lan,03,2014,KF,L,6.32,227052
lan,03,2014,KF,KD,4.69,227052
lan,03,2014,KF,M,18.68,227052
lan,03,2014,KF,SD,8.17,227052
lan,03,2014,RD,V,6.37,225474
lan,03,2014,RD,S,29.24,225474
lan,03,2014,RD,MP,8.46,225474
lan,03,2014,RD,C,7.02,225474
lan,03,2014,RD,L,6.27,225474
lan,03,2014,RD,KD,4.78,225474
lan,03,2014,RD,M,23.09,225474
lan,03,2014,RD,SD,10.68,225474
lan,03,2014,RF,V,8.11,225454
lan,03,2014,RF,S,33.01,225454
lan,03,2014,RF,MP,8.89,225454
lan,03,2014,RF,C,7.07,225454
lan,03,2014,RF,L,7.1,225454
lan,03,2014,RF,KD,5.42,225454
lan,03,2014,RF,M,19.58,225454
lan,03,2014,RF,SD,8.11,225454
lan,03,2018,KF,V,8.34,244247
lan,03,2018,KF,S,25.98,244247
lan,03,2018,KF,MP,5.56,244247
lan,03,2018,KF,C,11.18,244247
lan,03,2018,KF,L,7.11,244247
lan,03,2018,KF,KD,6.44,244247
lan,03,2018,KF,M,17.43,244247
lan,03,2018,KF,SD,11.82,244247
lan,03,2018,RD,V,8.74,241489
lan,03,2018,RD,S,26.99,241489
lan,03,2018,RD,MP,5.55,241489
lan,03,2018,RD,C,9.21,241489
lan,03,2018,RD,L,6.24,241489
lan,03,2018,RD,KD,6.9,241489
lan,03,2018,RD,M,18.96,241489
lan,03,2018,RD,SD,15.44,241489
lan,03,2018,RF,V,10.21,242635
lan,03,2018,RF,S,27.15,242635
lan,03,2018,RF,MP,5.05,242635
lan,03,2018,RF,C,9.3,242635
lan,03,2018,RF,L,7.48,242635
lan,03,2018,RF,KD,8.7,242635
lan,03,2018,RF,M,17.98,242635
lan,03,2018,RF,SD,11.86,242635
lan,03,2022,KF,V,10.03,250621
lan,03,2022,KF,S,26.76,250621
lan,03,2022,KF,MP,5.02,250621
lan,03,2022,KF,C,8.46,250621
lan,03,2022,KF,L,4.58,250621
lan,03,2022,KF,KD,6.93,250621
lan,03,2022,KF,M,17.4,250621
lan,03,2022,KF,SD,12.81,250621
lan,03,2022,RD,V,7.85,248891
lan,03,2022,RD,S,29.13,248891
lan,03,2022,RD,MP,6.73,248891
lan,03,2022,RD,C,7.25,248891
lan,03,2022,RD,L,5.01,248891
lan,03,2022,RD,KD,5.93,248891
lan,03,2022,RD,M,18.26,248891
lan,03,2022,RD,SD,18.18,248891
lan,03,2022,RF,V,11.66,249206
lan,03,2022,RF,S,29.75,249206
lan,03,2022,RF,MP,4.38,249206
lan,03,2022,RF,C,7.25,249206
lan,03,2022,RF,L,4.55,249206
lan,03,2022,RF,KD,9.07,249206
lan,03,2022,RF,M,16.95,249206
lan,03,2022,RF,SD,13.27,249206
lan,04,2014,KF,V,6.17,178955
lan,04,2014,KF,S,35.15,178955
lan,04,2014,KF,MP,7.03,178955
lan,04,2014,KF,C,6.76,178955
lan,04,2014,KF,L,5.06,178955
lan,04,2014,KF,KD,3.35,178955
lan,04,2014,KF,M,22.13,178955
lan,04,2014,KF,SD,12.52,178955
lan,04,2014,RD,V,5.09,178632
lan,04,2014,RD,S,34.62,178632
lan,04,2014,RD,MP,6.25,178632
lan,04,2014,RD,C,5.47,178632
lan,04,2014,RD,L,4.35,178632
lan,04,2014,RD,KD,3.86,178632
lan,04,2014,RD,M,22.39,178632
lan,04,2014,RD,SD,15.05,178632
lan,04,2014,RF,V,5.62,177750
lan,04,2014,RF,S,33.33,177750
lan,04,2014,RF,MP,5.85,177750
lan,04,2014,RF,C,4.65,177750
lan,04,2014,RF,L,4.64,177750
lan,04,2014,RF,KD,3.64,177750
lan,04,2014,RF,M,19.41,177750
lan,04,2014,RF,SD,10.77,177750
lan,04,2018,KF,V,7.04,185764
lan,04,2018,KF,S,33.17,185764
lan,04,2018,KF,MP,4.14,185764
lan,04,2018,KF,C,7.67,185764
lan,04,2018,KF,L,4.74,185764
lan,04,2018,KF,KD,4.39,185764
lan,04,2018,KF,M,22.3,185764
lan,04,2018,KF,SD,15.37,185764
lan,04,2018,RD,V,6.63,183449
lan,04,2018,RD,S,31.4,183449
lan,04,2018,RD,MP,3.69,183449
lan,04,2018,RD,C,7.4,183449
lan,04,2018,RD,L,4.34,183449
lan,04,2018,RD,KD,5.5,183449
lan,04,2018,RD,M,20.39,183449
lan,04,2018,RD,SD,19.32,183449
lan,04,2018,RF,V,6.01,184959
lan,04,2018,RF,S,28.73,184959
lan,04,2018,RF,MP,2.87,184959
lan,04,2018,RF,C,5.36,184959
lan,04,2018,RF,L,3.83,184959
lan,04,2018,RF,KD,4.65,184959
lan,04,2018,RF,M,16.58,184959
lan,04,2018,RF,SD,13.07,184959
lan,04,2022,KF,V,6.83,185664
lan,04,2022,KF,S,32.67,185664
lan,04,2022,KF,MP,3.51,185664
lan,04,2022,KF,C,6.4,185664
lan,04,2022,KF,L,3.46,185664
lan,04,2022,KF,KD,4.51,185664
lan,04,2022,KF,M,22.61,185664
lan,04,2022,KF,SD,18.17,185664
lan,04,2022,RD,V,5.2,184883
lan,04,2022,RD,S,32.93,184883
lan,04,2022,RD,MP,4.01,184883
lan,04,2022,RD,C,5.94,184883
lan,04,2022,RD,L,3.59,184883
lan,04,2022,RD,KD,4.74,184883
lan,04,2022,RD,M,19.21,184883
lan,04,2022,RD,SD,23.01,184883
lan,04,2022,RF,V,6.15,184527
lan,04,2022,RF,S,30.19,184527
lan,04,2022,RF,MP,2.43,184527
lan,04,2022,RF,C,4.92,184527
lan,04,2022,RF,L,2.83,184527
lan,04,2022,RF,KD,5.69,184527
lan,04,2022,RF,M,17.83,184527
lan,04,2022,RF,SD,16.7,184527
lan,05,2014,KF,V,5.17,289244
lan,05,2014,KF,S,34.81,289244
lan,05,2014,KF,MP,6.87,289244
lan,05,2014,KF,C,6.89,289244
lan,05,2014,KF,L,6.36,289244
lan,05,2014,KF,KD,4.46,289244
lan,05,2014,KF,M,22.45,289244
lan,05,2014,KF,SD,9.81,289244
lan,05,2014,RD,V,4.81,291484
lan,05,2014,RD,S,32.56,291484
lan,05,2014,RD,MP,6.59,291484
lan,05,2014,RD,C,5.98,291484
lan,05,2014,RD,L,5.1,291484
lan,05,2014,RD,KD,5.06,291484
lan,05,2014,RD,M,22.26,291484
lan,05,2014,RD,SD,14.39,291484
lan,05,2014,RF,V,6.09,286693
lan,05,2014,RF,S,36.43,286693
lan,05,2014,RF,MP,6.71,286693
lan,05,2014,RF,C,5.86,286693
lan,05,2014,RF,L,6.05,286693
lan,05,2014,RF,KD,5.81,286693
lan,05,2014,RF,M,21.96,286693
lan,05,2014,RF,SD,9.67,286693
lan,05,2018,KF,V,6.87,301561
lan,05,2018,KF,S,29.09,301561
lan,05,2018,KF,MP,4.28,301561
lan,05,2018,KF,C,8.81,301561
lan,05,2018,KF,L,6.98,301561
lan,05,2018,KF,KD,6.35,301561
lan,05,2018,KF,M,21.86,301561
lan,05,2018,KF,SD,13.3,301561
lan,05,2018,RD,V,6.77,300778
lan,05,2018,RD,S,29.07,300778
lan,05,2018,RD,MP,4.19,300778
lan,05,2018,RD,C,8.37,300778
lan,05,2018,RD,L,5.35,300778
lan,05,2018,RD,KD,6.67,300778
lan,05,2018,RD,M,20.4,300778
lan,05,2018,RD,SD,17.63,300778
lan,05,2018,RF,V,8.07,299089
lan,05,2018,RF,S,29.99,299089
lan,05,2018,RF,MP,3.93,299089
lan,05,2018,RF,C,7.89,299089
lan,05,2018,RF,L,6.33,299089
lan,05,2018,RF,KD,7.47,299089
lan,05,2018,RF,M,22.01,299089
lan,05,2018,RF,SD,13.1,299089
lan,05,2022,KF,V,7.07,298759
lan,05,2022,KF,S,29.27,298759
lan,05,2022,KF,MP,3.78,298759
lan,05,2022,KF,C,6.65,298759
lan,05,2022,KF,L,4.48,298759
lan,05,2022,KF,KD,5.72,298759
lan,05,2022,KF,M,22.12,298759
lan,05,2022,KF,SD,15.42,298759
lan,05,2022,RD,V,5.62,300600
lan,05,2022,RD,S,30.55,300600
lan,05,2022,RD,MP,4.63,300600
lan,05,2022,RD,C,6.48,300600
lan,05,2022,RD,L,4.41,300600
lan,05,2022,RD,KD,5.97,300600
lan,05,2022,RD,M,19.83,300600
lan,05,2022,RD,SD,21.2,300600
lan,05,2022,RF,V,8.32,296733
lan,05,2022,RF,S,31.32,296733
lan,05,2022,RF,MP,3.18,296733
lan,05,2022,RF,C,6.1,296733
lan,05,2022,RF,L,4.56,296733
lan,05,2022,RF,KD,8.31,296733
lan,05,2022,RF,M,21.39,296733
lan,05,2022,RF,SD,15.79,296733
lan,06,2014,KF,V,4.21,222980
lan,06,2014,KF,S,31.57,222980
lan,06,2014,KF,MP,5.91,222980
lan,06,2014,KF,C,9.77,222980
lan,06,2014,KF,L,4.11,222980
lan,06,2014,KF,KD,11.44,222980
lan,06,2014,KF,M,18.42,222980
lan,06,2014,KF,SD,11.37,222980
lan,06,2014,RD,V,3.87,224596
lan,06,2014,RD,S,31.83,224596
lan,06,2014,RD,MP,5.39,224596
lan,06,2014,RD,C,7.93,224596
lan,06,2014,RD,L,3.6,224596
lan,06,2014,RD,KD,10.38,224596
lan,06,2014,RD,M,20.3,224596
lan,06,2014,RD,SD,14.61,224596
lan,06,2014,RF,V,4.84,220929
lan,06,2014,RF,S,34.25,220929
lan,06,2014,RF,MP,5.39,220929
lan,06,2014,RF,C,9.0,220929
lan,06,2014,RF,L,4.06,220929
lan,06,2014,RF,KD,12.39,220929
lan,06,2014,RF,M,18.62,220929
lan,06,2014,RF,SD,10.9,220929
lan,06,2018,KF,V,4.42,230121
lan,06,2018,KF,S,27.32,230121
lan,06,2018,KF,MP,3.61,230121
lan,06,2018,KF,C,11.51,230121
lan,06,2018,KF,L,4.64,230121
lan,06,2018,KF,KD,13.44,230121
lan,06,2018,KF,M,16.69,230121
lan,06,2018,KF,SD,14.08,230121
lan,06,2018,RD,V,4.91,229580
lan,06,2018,RD,S,27.78,229580
lan,06,2018,RD,MP,3.22,229580
lan,06,2018,RD,C,10.05,229580
lan,06,2018,RD,L,3.96,229580
lan,06,2018,RD,KD,11.95,229580
lan,06,2018,RD,M,17.66,229580
lan,06,2018,RD,SD,19.26,229580
lan,06,2018,RF,V,4.91,228895
lan,06,2018,RF,S,26.45,228895
lan,06,2018,RF,MP,3.29,228895
lan,06,2018,RF,C,9.47,228895
lan,06,2018,RF,L,3.89,228895
lan,06,2018,RF,KD,12.67,228895
lan,06,2018,RF,M,15.47,228895
lan,06,2018,RF,SD,13.6,228895
lan,06,2022,KF,V,4.65,228389
lan,06,2022,KF,S,26.98,228389
lan,06,2022,KF,MP,2.5,228389
lan,06,2022,KF,C,9.45,228389
lan,06,2022,KF,L,3.7,228389
lan,06,2022,KF,KD,12.21,228389
lan,06,2022,KF,M,18.24,228389
lan,06,2022,KF,SD,16.65,228389
lan,06,2022,RD,V,3.96,229125
lan,06,2022,RD,S,29.05,229125
lan,06,2022,RD,MP,3.22,229125
lan,06,2022,RD,C,7.45,229125
lan,06,2022,RD,L,3.7,229125
lan,06,2022,RD,KD,9.31,229125
lan,06,2022,RD,M,18.73,229125
lan,06,2022,RD,SD,23.28,229125
lan,06,2022,RF,V,5.33,227026
lan,06,2022,RF,S,26.24,227026
lan,06,2022,RF,MP,2.3,227026
lan,06,2022,RF,C,6.96,227026
lan,06,2022,RF,L,3.28,227026
lan,06,2022,RF,KD,12.04,227026
lan,06,2022,RF,M,16.53,227026
lan,06,2022,RF,SD,16.74,227026
lan,07,2014,KF,V,6.11,120797
lan,07,2014,KF,S,31.97,120797
lan,07,2014,KF,MP,5.21,120797
lan,07,2014,KF,C,12.62,120797
lan,07,2014,KF,L,2.87,120797
lan,07,2014,KF,KD,5.68,120797
lan,07,2014,KF,M,22.3,120797
lan,07,2014,KF,SD,9.79,120797
lan,07,2014,RD,V,4.52,120775
lan,07,2014,RD,S,32.44,120775
lan,07,2014,RD,MP,5.43,120775
lan,07,2014,RD,C,9.1,120775
lan,07,2014,RD,L,3.4,120775
lan,07,2014,RD,KD,4.95,120775
lan,07,2014,RD,M,21.9,120775
lan,07,2014,RD,SD,15.58,120775
lan,07,2014,RF,V,7.96,119341
lan,07,2014,RF,S,35.17,119341
lan,07,2014,RF,MP,5.43,119341
lan,07,2014,RF,C,11.08,119341
lan,07,2014,RF,L,3.83,119341
lan,07,2014,RF,KD,5.54,119341
lan,07,2014,RF,M,20.93,119341
lan,07,2014,RF,SD,9.58,119341
lan,07,2018,KF,V,6.54,126213
lan,07,2018,KF,S,29.75,126213
lan,07,2018,KF,MP,3.08,126213
lan,07,2018,KF,C,11.54,126213
lan,07,2018,KF,L,3.14,126213
lan,07,2018,KF,KD,6.98,126213
lan,07,2018,KF,M,23.48,126213
lan,07,2018,KF,SD,12.1,126213
lan,07,2018,RD,V,6.05,124570
lan,07,2018,RD,S,29.56,124570
lan,07,2018,RD,MP,3.23,124570
lan,07,2018,RD,C,9.4,124570
lan,07,2018,RD,L,3.52,124570
lan,07,2018,RD,KD,7.56,124570
lan,07,2018,RD,M,19.18,124570
lan,07,2018,RD,SD,20.28,124570
lan,07,2018,RF,V,7.26,124729
lan,07,2018,RF,S,31.0,124729
lan,07,2018,RF,MP,2.93,124729
lan,07,2018,RF,C,10.93,124729
lan,07,2018,RF,L,4.04,124729
lan,07,2018,RF,KD,7.53,124729
lan,07,2018,RF,M,22.67,124729
lan,07,2018,RF,SD,12.68,124729
lan,07,2022,KF,V,6.59,125814
lan,07,2022,KF,S,31.54,125814
lan,07,2022,KF,MP,2.34,125814
lan,07,2022,KF,C,8.2,125814
lan,07,2022,KF,L,2.32,125814
lan,07,2022,KF,KD,7.31,125814
lan,07,2022,KF,M,24.1,125814
lan,07,2022,KF,SD,15.09,125814
lan,07,2022,RD,V,5.03,124992
lan,07,2022,RD,S,30.97,124992
lan,07,2022,RD,MP,3.47,124992
lan,07,2022,RD,C,6.05,124992
lan,07,2022,RD,L,3.12,124992
lan,07,2022,RD,KD,6.76,124992
lan,07,2022,RD,M,19.51,124992
lan,07,2022,RD,SD,23.61,124992
lan,07,2022,RF,V,7.59,124596
lan,07,2022,RF,S,33.07,124596
lan,07,2022,RF,MP,2.09,124596
lan,07,2022,RF,C,6.76,124596
lan,07,2022,RF,L,4.25,124596
lan,07,2022,RF,KD,8.28,124596
lan,07,2022,RF,M,21.6,124596
lan,07,2022,RF,SD,15.58,124596
lan,08,2014,KF,V,5.56,157581
lan,08,2014,KF,S,37.5,157581
lan,08,2014,KF,MP,4.24,157581
lan,08,2014,KF,C,14.73,157581
lan,08,2014,KF,L,4.69,157581
lan,08,2014,KF,KD,3.97,157581
lan,08,2014,KF,M,16.15,157581
lan,08,2014,KF,SD,10.32,157581
lan,08,2014,RD,V,4.56,158822
lan,08,2014,RD,S,35.49,158822
lan,08,2014,RD,MP,4.68,158822
lan,08,2014,RD,C,8.73,158822
lan,08,2014,RD,L,3.53,158822
lan,08,2014,RD,KD,4.69,158822
lan,08,2014,RD,M,20.35,158822
lan,08,2014,RD,SD,15.27,158822
lan,08,2014,RF,V,5.77,155481
lan,08,2014,RF,S,40.88,155481
lan,08,2014,RF,MP,4.16,155481
lan,08,2014,RF,C,10.33,155481
lan,08,2014,RF,L,4.53,155481
lan,08,2014,RF,KD,7.7,155481
lan,08,2014,RF,M,15.74,155481
lan,08,2014,RF,SD,10.1,155481
lan,08,2018,KF,V,5.94,161505
lan,08,2018,KF,S,34.11,161505
lan,08,2018,KF,MP,2.37,161505
lan,08,2018,KF,C,15.77,161505
lan,08,2018,KF,L,4.45,161505
lan,08,2018,KF,KD,5.48,161505
lan,08,2018,KF,M,14.78,161505
lan,08,2018,KF,SD,13.77,161505
lan,08,2018,RD,V,6.12,160864
lan,08,2018,RD,S,31.19,160864
lan,08,2018,RD,MP,2.89,160864
lan,08,2018,RD,C,9.81,160864
lan,08,2018,RD,L,3.75,160864
lan,08,2018,RD,KD,7.2,160864
lan,08,2018,RD,M,17.24,160864
lan,08,2018,RD,SD,20.56,160864
lan,08,2018,RF,V,6.33,159333
lan,08,2018,RF,S,34.57,159333
lan,08,2018,RF,MP,2.59,159333
lan,08,2018,RF,C,11.81,159333
lan,08,2018,RF,L,4.87,159333
lan,08,2018,RF,KD,10.34,159333
lan,08,2018,RF,M,14.6,159333
lan,08,2018,RF,SD,14.16,159333
lan,08,2022,KF,V,6.03,161131
lan,08,2022,KF,S,33.59,161131
lan,08,2022,KF,MP,2.04,161131
lan,08,2022,KF,C,11.42,161131
lan,08,2022,KF,L,2.5,161131
lan,08,2022,KF,KD,6.82,161131
lan,08,2022,KF,M,18.56,161131
lan,08,2022,KF,SD,16.03,161131
lan,08,2022,RD,V,4.64,161267
lan,08,2022,RD,S,31.74,161267
lan,08,2022,RD,MP,3.37,161267
lan,08,2022,RD,C,6.53,161267
lan,08,2022,RD,L,3.18,161267
lan,08,2022,RD,KD,6.96,161267
lan,08,2022,RD,M,17.78,161267
lan,08,2022,RD,SD,24.5,161267
lan,08,2022,RF,V,6.46,159429
lan,08,2022,RF,S,34.11,159429
lan,08,2022,RF,MP,2.14,159429
lan,08,2022,RF,C,8.1,159429
lan,08,2022,RF,L,2.82,159429
lan,08,2022,RF,KD,11.08,159429
lan,08,2022,RF,M,17.61,159429
lan,08,2022,RF,SD,16.89,159429
lan,09,2014,KF,V,8.29,38893
lan,09,2014,KF,S,29.74,38893
lan,09,2014,KF,MP,9.71,38893
lan,09,2014,KF,C,19.77,38893
lan,09,2014,KF,L,4.93,38893
lan,09,2014,KF,KD,2.13,38893
lan,09,2014,KF,M,17.41,38893
lan,09,2014,KF,SD,5.28,38893
lan,09,2014,RD,V,5.82,39655
lan,09,2014,RD,S,32.21,39655
lan,09,2014,RD,MP,7.21,39655
lan,09,2014,RD,C,13.41,39655
lan,09,2014,RD,L,3.77,39655
lan,09,2014,RD,KD,2.76,39655
lan,09,2014,RD,M,21.31,39655
lan,09,2014,RD,SD,8.22,39655
lan,09,2018,KF,V,9.37,40476
lan,09,2018,KF,S,25.87,40476
lan,09,2018,KF,MP,6.2,40476
lan,09,2018,KF,C,25.07,40476
lan,09,2018,KF,L,4.62,40476
lan,09,2018,KF,KD,2.34,40476
lan,09,2018,KF,M,15.36,40476
lan,09,2018,KF,SD,8.4,40476
lan,09,2018,RD,V,9.01,41129
lan,09,2018,RD,S,29.79,41129
lan,09,2018,RD,MP,4.95,41129
lan,09,2018,RD,C,17.2,41129
lan,09,2018,RD,L,3.74,41129
lan,09,2018,RD,KD,4.13,41129
lan,09,2018,RD,M,16.59,41129
lan,09,2018,RD,SD,12.71,41129
lan,09,2022,KF,V,8.75,40505
lan,09,2022,KF,S,31.25,40505
lan,09,2022,KF,MP,5.37,40505
lan,09,2022,KF,C,18.54,40505
lan,09,2022,KF,L,2.59,40505
lan,09,2022,KF,KD,2.93,40505
lan,09,2022,KF,M,18.1,40505
lan,09,2022,KF,SD,10.52,40505
lan,09,2022,RD,V,6.37,41459
lan,09,2022,RD,S,34.64,41459
lan,09,2022,RD,MP,6.47,41459
lan,09,2022,RD,C,11.72,41459
lan,09,2022,RD,L,2.82,41459
lan,09,2022,RD,KD,3.97,41459
lan,09,2022,RD,M,16.81,41459
lan,09,2022,RD,SD,15.69,41459
lan,10,2014,KF,V,5.08,101884
lan,10,2014,KF,S,39.46,101884
lan,10,2014,KF,MP,5.38,101884
lan,10,2014,KF,C,6.89,101884
lan,10,2014,KF,L,4.35,101884
lan,10,2014,KF,KD,2.67,101884
lan,10,2014,KF,M,18.39,101884
lan,10,2014,KF,SD,15.07,101884
lan,10,2014,RD,V,4.64,102225
lan,10,2014,RD,S,37.15,102225
lan,10,2014,RD,MP,4.86,102225
lan,10,2014,RD,C,5.67,102225
lan,10,2014,RD,L,3.9,102225
lan,10,2014,RD,KD,3.41,102225
lan,10,2014,RD,M,19.39,102225
lan,10,2014,RD,SD,18.55,102225
lan,10,2014,RF,V,5.39,101153
lan,10,2014,RF,S,39.34,101153
lan,10,2014,RF,MP,5.03,101153
lan,10,2014,RF,C,5.8,101153
lan,10,2014,RF,L,5.26,101153
lan,10,2014,RF,KD,3.54,101153
lan,10,2014,RF,M,19.03,101153
lan,10,2014,RF,SD,14.14,101153
lan,10,2018,KF,V,5.12,105251
lan,10,2018,KF,S,33.12,105251
lan,10,2018,KF,MP,2.8,105251
lan,10,2018,KF,C,8.28,105251
lan,10,2018,KF,L,4.38,105251
lan,10,2018,KF,KD,4.17,105251
lan,10,2018,KF,M,18.93,105251
lan,10,2018,KF,SD,21.12,105251
lan,10,2018,RD,V,5.45,104514
lan,10,2018,RD,S,31.41,104514
lan,10,2018,RD,MP,2.89,104514
lan,10,2018,RD,C,6.79,104514
lan,10,2018,RD,L,4.02,104514
lan,10,2018,RD,KD,5.7,104514
lan,10,2018,RD,M,17.26,104514
lan,10,2018,RD,SD,25.2,104514
lan,10,2018,RF,V,5.7,104593
lan,10,2018,RF,S,32.48,104593
lan,10,2018,RF,MP,2.8,104593
lan,10,2018,RF,C,7.59,104593
lan,10,2018,RF,L,4.81,104593
lan,10,2018,RF,KD,5.11,104593
lan,10,2018,RF,M,20.05,104593
lan,10,2018,RF,SD,20.56,104593
lan,10,2022,KF,V,5.39,103344
lan,10,2022,KF,S,30.73,103344
lan,10,2022,KF,MP,2.59,103344
lan,10,2022,KF,C,6.41,103344
lan,10,2022,KF,L,3.32,103344
lan,10,2022,KF,KD,5.31,103344
lan,10,2022,KF,M,19.52,103344
lan,10,2022,KF,SD,24.66,103344
lan,10,2022,RD,V,4.44,103580
lan,10,2022,RD,S,31.14,103580
lan,10,2022,RD,MP,2.91,103580
lan,10,2022,RD,C,4.84,103580
lan,10,2022,RD,L,3.51,103580
lan,10,2022,RD,KD,5.54,103580
lan,10,2022,RD,M,17.86,103580
lan,10,2022,RD,SD,28.53,103580
lan,10,2022,RF,V,5.49,102557
lan,10,2022,RF,S,33.74,102557
lan,10,2022,RF,MP,2.22,102557
lan,10,2022,RF,C,5.68,102557
lan,10,2022,RF,L,2.92,102557
lan,10,2022,RF,KD,7.07,102557
lan,10,2022,RF,M,18.12,102557
lan,10,2022,RF,SD,23.85,102557
lan,12,2014,KF,V,4.79,801492
lan,12,2014,KF,S,29.31,801492
lan,12,2014,KF,MP,7.47,801492
lan,12,2014,KF,C,4.83,801492
lan,12,2014,KF,L,7.32,801492
lan,12,2014,KF,KD,2.4,801492
lan,12,2014,KF,M,22.67,801492
lan,12,2014,KF,SD,15.03,801492
lan,12,2014,RD,V,4.42,797657
lan,12,2014,RD,S,28.28,797657
lan,12,2014,RD,MP,6.84,797657
lan,12,2014,RD,C,4.74,797657
lan,12,2014,RD,L,5.66,797657
lan,12,2014,RD,KD,3.38,797657
lan,12,2014,RD,M,24.73,797657
lan,12,2014,RD,SD,17.89,797657
lan,12,2014,RF,V,5.32,795988
lan,12,2014,RF,S,32.38,795988
lan,12,2014,RF,MP,6.66,795988
lan,12,2014,RF,C,4.22,795988
lan,12,2014,RF,L,5.93,795988
lan,12,2014,RF,KD,3.28,795988
lan,12,2014,RF,M,22.32,795988
lan,12,2014,RF,SD,14.54,795988
lan,12,2018,KF,V,5.77,850049
lan,12,2018,KF,S,25.33,850049
lan,12,2018,KF,MP,4.6,850049
lan,12,2018,KF,C,6.38,850049
lan,12,2018,KF,L,8.04,850049
lan,12,2018,KF,KD,3.3,850049
lan,12,2018,KF,M,22.87,850049
lan,12,2018,KF,SD,19.07,850049
lan,12,2018,RD,V,6.4,840110
lan,12,2018,RD,S,25.24,840110
lan,12,2018,RD,MP,4.26,840110
lan,12,2018,RD,C,6.8,840110
lan,12,2018,RD,L,5.65,840110
lan,12,2018,RD,KD,5.28,840110
lan,12,2018,RD,M,21.36,840110
lan,12,2018,RD,SD,23.43,840110
lan,12,2018,RF,V,6.72,844602
lan,12,2018,RF,S,27.31,844602
lan,12,2018,RF,MP,4.08,844602
lan,12,2018,RF,C,6.32,844602
lan,12,2018,RF,L,6.33,844602
lan,12,2018,RF,KD,5.41,844602
lan,12,2018,RF,M,22.6,844602
lan,12,2018,RF,SD,19.68,844602
lan,12,2022,KF,V,6.99,854798
lan,12,2022,KF,S,25.9,854798
lan,12,2022,KF,MP,4.05,854798
lan,12,2022,KF,C,5.12,854798
lan,12,2022,KF,L,7.63,854798
lan,12,2022,KF,KD,3.72,854798
lan,12,2022,KF,M,22.2,854798
lan,12,2022,KF,SD,19.59,854798
lan,12,2022,RD,V,6.34,846071
lan,12,2022,RD,S,26.72,846071
lan,12,2022,RD,MP,4.91,846071
lan,12,2022,RD,C,5.59,846071
lan,12,2022,RD,L,4.83,846071
lan,12,2022,RD,KD,4.68,846071
lan,12,2022,RD,M,19.99,846071
lan,12,2022,RD,SD,25.11,846071
lan,12,2022,RF,V,7.58,850762
lan,12,2022,RF,S,29.15,850762
lan,12,2022,RF,MP,3.66,850762
lan,12,2022,RF,C,4.67,850762
lan,12,2022,RF,L,5.23,850762
lan,12,2022,RF,KD,5.83,850762
lan,12,2022,RF,M,21.79,850762
lan,12,2022,RF,SD,19.94,850762
lan,13,2014,KF,V,4.19,204403
lan,13,2014,KF,S,29.15,204403
lan,13,2014,KF,MP,6.26,204403
lan,13,2014,KF,C,12.54,204403
lan,13,2014,KF,L,6.12,204403
lan,13,2014,KF,KD,3.27,204403
lan,13,2014,KF,M,24.49,204403
lan,13,2014,KF,SD,9.73,204403
lan,13,2014,RD,V,3.77,206559
lan,13,2014,RD,S,28.35,206559
lan,13,2014,RD,MP,5.9,206559
lan,13,2014,RD,C,8.41,206559
lan,13,2014,RD,L,5.72,206559
lan,13,2014,RD,KD,4.35,206559
lan,13,2014,RD,M,27.72,206559
lan,13,2014,RD,SD,12.86,206559
lan,13,2014,RF,V,4.58,202352
lan,13,2014,RF,S,30.39,202352
lan,13,2014,RF,MP,6.0,202352
lan,13,2014,RF,C,9.93,202352
lan,13,2014,RF,L,6.51,202352
lan,13,2014,RF,KD,4.33,202352
lan,13,2014,RF,M,25.86,202352
lan,13,2014,RF,SD,9.38,202352
lan,13,2018,KF,V,4.61,216323
lan,13,2018,KF,S,26.18,216323
lan,13,2018,KF,MP,3.38,216323
lan,13,2018,KF,C,13.44,216323
lan,13,2018,KF,L,6.65,216323
lan,13,2018,KF,KD,5.58,216323
lan,13,2018,KF,M,22.4,216323
lan,13,2018,KF,SD,13.82,216323
lan,13,2018,RD,V,4.84,216982
lan,13,2018,RD,S,25.82,216982
lan,13,2018,RD,MP,3.54,216982
lan,13,2018,RD,C,10.12,216982
lan,13,2018,RD,L,5.74,216982
lan,13,2018,RD,KD,7.1,216982
lan,13,2018,RD,M,22.87,216982
lan,13,2018,RD,SD,18.62,216982
lan,13,2018,RF,V,5.3,214036
lan,13,2018,RF,S,26.68,214036
lan,13,2018,RF,MP,3.26,214036
lan,13,2018,RF,C,11.58,214036
lan,13,2018,RF,L,7.16,214036
lan,13,2018,RF,KD,7.58,214036
lan,13,2018,RF,M,23.23,214036
lan,13,2018,RF,SD,14.08,214036
lan,13,2022,KF,V,4.53,219822
lan,13,2022,KF,S,27.39,219822
lan,13,2022,KF,MP,2.75,219822
lan,13,2022,KF,C,9.98,219822
lan,13,2022,KF,L,4.88,219822
lan,13,2022,KF,KD,5.88,219822
lan,13,2022,KF,M,21.93,219822
lan,13,2022,KF,SD,15.83,219822
lan,13,2022,RD,V,4.04,221675
lan,13,2022,RD,S,28.27,221675
lan,13,2022,RD,MP,3.59,221675
lan,13,2022,RD,C,7.03,221675
lan,13,2022,RD,L,4.84,221675
lan,13,2022,RD,KD,6.01,221675
lan,13,2022,RD,M,22.47,221675
lan,13,2022,RD,SD,22.58,221675
lan,13,2022,RF,V,5.12,217741
lan,13,2022,RF,S,28.75,217741
lan,13,2022,RF,MP,2.65,217741
lan,13,2022,RF,C,8.86,217741
lan,13,2022,RF,L,4.93,217741
lan,13,2022,RF,KD,8.31,217741
lan,13,2022,RF,M,23.23,217741
lan,13,2022,RF,SD,16.57,217741
lan,14,2014,KF,V,7.02,1043541
lan,14,2014,KF,S,28.79,1043541
lan,14,2014,KF,MP,7.97,1043541
lan,14,2014,KF,C,7.0,1043541
lan,14,2014,KF,L,7.34,1043541
lan,14,2014,KF,KD,4.49,1043541
lan,14,2014,KF,M,21.24,1043541
lan,14,2014,KF,SD,8.96,1043541
lan,14,2014,RD,V,6.46,1047629
lan,14,2014,RD,S,28.66,1047629
lan,14,2014,RD,MP,7.28,1047629
lan,14,2014,RD,C,6.0,1047629
lan,14,2014,RD,L,6.04,1047629
lan,14,2014,RD,KD,5.08,1047629
lan,14,2014,RD,M,22.93,1047629
lan,14,2014,RD,SD,12.91,1047629
lan,14,2014,RF,V,8.34,1029112
lan,14,2014,RF,S,30.16,1029112
lan,14,2014,RF,MP,8.36,1029112
lan,14,2014,RF,C,6.22,1029112
lan,14,2014,RF,L,7.11,1029112
lan,14,2014,RF,KD,5.72,1029112
lan,14,2014,RF,M,21.68,1029112
lan,14,2014,RF,SD,9.3,1029112
lan,14,2018,KF,V,8.26,1094627
lan,14,2018,KF,S,25.27,1094627
lan,14,2018,KF,MP,4.92,1094627
lan,14,2018,KF,C,8.15,1094627
lan,14,2018,KF,L,6.92,1094627
lan,14,2018,KF,KD,5.04,1094627
lan,14,2018,KF,M,18.79,1094627
lan,14,2018,KF,SD,12.2,1094627
lan,14,2018,RD,V,8.81,1088002
lan,14,2018,RD,S,26.61,1088002
lan,14,2018,RD,MP,4.88,1088002
lan,14,2018,RD,C,8.17,1088002
lan,14,2018,RD,L,6.02,1088002
lan,14,2018,RD,KD,6.77,1088002
lan,14,2018,RD,M,19.57,1088002
lan,14,2018,RD,SD,17.56,1088002
lan,14,2018,RF,V,9.63,1080529
lan,14,2018,RF,S,26.95,1080529
lan,14,2018,RF,MP,4.63,1080529
lan,14,2018,RF,C,7.62,1080529
lan,14,2018,RF,L,6.88,1080529
lan,14,2018,RF,KD,7.55,1080529
lan,14,2018,RF,M,18.55,1080529
lan,14,2018,RF,SD,12.82,1080529
lan,14,2022,KF,V,9.5,1088113
lan,14,2022,KF,S,27.2,1088113
lan,14,2022,KF,MP,4.21,1088113
lan,14,2022,KF,C,6.67,1088113
lan,14,2022,KF,L,5.02,1088113
lan,14,2022,KF,KD,5.72,1088113
lan,14,2022,KF,M,20.25,1088113
lan,14,2022,KF,SD,14.9,1088113
lan,14,2022,RD,V,7.64,1087053
lan,14,2022,RD,S,29.12,1087053
lan,14,2022,RD,MP,5.28,1087053
lan,14,2022,RD,C,6.25,1087053
lan,14,2022,RD,L,4.73,1087053
lan,14,2022,RD,KD,5.85,1087053
lan,14,2022,RD,M,18.85,1087053
lan,14,2022,RD,SD,20.57,1087053
lan,14,2022,RF,V,10.04,1078962
lan,14,2022,RF,S,29.45,1078962
lan,14,2022,RF,MP,3.56,1078962
lan,14,2022,RF,C,5.94,1078962
lan,14,2022,RF,L,4.78,1078962
lan,14,2022,RF,KD,7.93,1078962
lan,14,2022,RF,M,18.44,1078962
lan,14,2022,RF,SD,15.43,1078962
lan,17,2014,KF,V,5.68,181446
lan,17,2014,KF,S,39.19,181446
lan,17,2014,KF,MP,5.69,181446
lan,17,2014,KF,C,10.91,181446
lan,17,2014,KF,L,5.12,181446
lan,17,2014,KF,KD,3.8,181446
lan,17,2014,KF,M,17.41,181446
lan,17,2014,KF,SD,8.63,181446
lan,17,2014,RD,V,5.23,182077
lan,17,2014,RD,S,39.09,182077
lan,17,2014,RD,MP,5.16,182077
lan,17,2014,RD,C,7.43,182077
lan,17,2014,RD,L,4.14,182077
lan,17,2014,RD,KD,3.99,182077
lan,17,2014,RD,M,19.6,182077
lan,17,2014,RD,SD,12.62,182077
lan,17,2014,RF,V,5.79,179280
lan,17,2014,RF,S,40.16,179280
lan,17,2014,RF,MP,5.06,179280
lan,17,2014,RF,C,8.58,179280
lan,17,2014,RF,L,4.49,179280
lan,17,2014,RF,KD,4.52,179280
lan,17,2014,RF,M,15.96,179280
lan,17,2014,RF,SD,8.36,179280
lan,17,2018,KF,V,6.6,185114
lan,17,2018,KF,S,33.34,185114
lan,17,2018,KF,MP,3.62,185114
lan,17,2018,KF,C,12.8,185114
lan,17,2018,KF,L,5.1,185114
lan,17,2018,KF,KD,4.31,185114
lan,17,2018,KF,M,16.22,185114
lan,17,2018,KF,SD,12.12,185114
lan,17,2018,RD,V,6.95,183966
lan,17,2018,RD,S,33.9,183966
lan,17,2018,RD,MP,3.33,183966
lan,17,2018,RD,C,9.28,183966
lan,17,2018,RD,L,4.44,183966
lan,17,2018,RD,KD,6.34,183966
lan,17,2018,RD,M,16.43,183966
lan,17,2018,RD,SD,18.0,183966
lan,17,2018,RF,V,6.86,182898
lan,17,2018,RF,S,34.61,182898
lan,17,2018,RF,MP,3.04,182898
lan,17,2018,RF,C,9.56,182898
lan,17,2018,RF,L,4.56,182898
lan,17,2018,RF,KD,6.37,182898
lan,17,2018,RF,M,14.33,182898
lan,17,2018,RF,SD,12.23,182898
lan,17,2022,KF,V,5.48,181703
lan,17,2022,KF,S,34.81,181703
lan,17,2022,KF,MP,3.18,181703
lan,17,2022,KF,C,8.67,181703
lan,17,2022,KF,L,4.66,181703
lan,17,2022,KF,KD,5.2,181703
lan,17,2022,KF,M,17.95,181703
lan,17,2022,KF,SD,14.44,181703
lan,17,2022,RD,V,5.01,182237
lan,17,2022,RD,S,34.59,182237
lan,17,2022,RD,MP,3.64,182237
lan,17,2022,RD,C,6.34,182237
lan,17,2022,RD,L,3.71,182237
lan,17,2022,RD,KD,5.81,182237
lan,17,2022,RD,M,17.05,182237
lan,17,2022,RD,SD,22.8,182237
lan,17,2022,RF,V,5.85,179840
lan,17,2022,RF,S,36.88,179840
lan,17,2022,RF,MP,2.64,179840
lan,17,2022,RF,C,6.49,179840
lan,17,2022,RF,L,3.74,179840
lan,17,2022,RF,KD,7.75,179840
lan,17,2022,RF,M,15.92,179840
lan,17,2022,RF,SD,15.68,179840
lan,18,2014,KF,V,7.72,188047
lan,18,2014,KF,S,37.17,188047
lan,18,2014,KF,MP,6.4,188047
lan,18,2014,KF,C,7.19,188047
lan,18,2014,KF,L,5.39,188047
lan,18,2014,KF,KD,5.44,188047
lan,18,2014,KF,M,17.36,188047
lan,18,2014,KF,SD,10.0,188047
lan,18,2014,RD,V,5.4,188704
lan,18,2014,RD,S,36.89,188704
lan,18,2014,RD,MP,6.37,188704
lan,18,2014,RD,C,5.59,188704
lan,18,2014,RD,L,4.27,188704
lan,18,2014,RD,KD,5.18,188704
lan,18,2014,RD,M,18.58,188704
lan,18,2014,RD,SD,14.37,188704
lan,18,2014,RF,V,6.39,186588
lan,18,2014,RF,S,40.66,186588
lan,18,2014,RF,MP,6.13,186588
lan,18,2014,RF,C,5.63,186588
lan,18,2014,RF,L,5.18,186588
lan,18,2014,RF,KD,5.87,186588
lan,18,2014,RF,M,17.75,186588
lan,18,2014,RF,SD,10.12,186588
lan,18,2018,KF,V,8.58,196306
lan,18,2018,KF,S,32.04,196306
lan,18,2018,KF,MP,3.9,196306
lan,18,2018,KF,C,9.17,196306
lan,18,2018,KF,L,5.66,196306
lan,18,2018,KF,KD,6.77,196306
lan,18,2018,KF,M,18.39,196306
lan,18,2018,KF,SD,12.11,196306
lan,18,2018,RD,V,7.57,195157
lan,18,2018,RD,S,33.13,195157
lan,18,2018,RD,MP,3.68,195157
lan,18,2018,RD,C,7.82,195157
lan,18,2018,RD,L,4.55,195157
lan,18,2018,RD,KD,6.93,195157
lan,18,2018,RD,M,16.64,195157
lan,18,2018,RD,SD,18.19,195157
lan,18,2018,RF,V,8.31,194911
lan,18,2018,RF,S,34.49,194911
lan,18,2018,RF,MP,3.61,194911
lan,18,2018,RF,C,7.59,194911
lan,18,2018,RF,L,5.48,194911
lan,18,2018,RF,KD,7.65,194911
lan,18,2018,RF,M,18.2,194911
lan,18,2018,RF,SD,12.54,194911
lan,18,2022,KF,V,8.0,194014
lan,18,2022,KF,S,30.56,194014
lan,18,2022,KF,MP,3.02,194014
lan,18,2022,KF,C,7.66,194014
lan,18,2022,KF,L,5.11,194014
lan,18,2022,KF,KD,5.19,194014
lan,18,2022,KF,M,19.87,194014
lan,18,2022,KF,SD,14.13,194014
lan,18,2022,RD,V,6.11,194190
lan,18,2022,RD,S,33.25,194190
lan,18,2022,RD,MP,4.05,194190
lan,18,2022,RD,C,6.26,194190
lan,18,2022,RD,L,4.55,194190
lan,18,2022,RD,KD,5.34,194190
lan,18,2022,RD,M,16.74,194190
lan,18,2022,RD,SD,22.09,194190
lan,18,2022,RF,V,7.86,192720
lan,18,2022,RF,S,32.06,192720
lan,18,2022,RF,MP,2.95,192720
lan,18,2022,RF,C,6.43,192720
lan,18,2022,RF,L,4.73,192720
lan,18,2022,RF,KD,6.58,192720
lan,18,2022,RF,M,18.47,192720
lan,18,2022,RF,SD,14.65,192720
lan,19,2014,KF,V,7.96,166808
lan,19,2014,KF,S,36.52,166808
lan,19,2014,KF,MP,5.31,166808
lan,19,2014,KF,C,7.46,166808
lan,19,2014,KF,L,7.43,166808
lan,19,2014,KF,KD,3.28,166808
lan,19,2014,KF,M,19.64,166808
lan,19,2014,KF,SD,10.12,166808
lan,19,2014,RD,V,5.42,166939
lan,19,2014,RD,S,35.9,166939
lan,19,2014,RD,MP,5.12,166939
lan,19,2014,RD,C,5.22,166939
lan,19,2014,RD,L,5.25,166939
lan,19,2014,RD,KD,3.89,166939
lan,19,2014,RD,M,21.38,166939
lan,19,2014,RD,SD,14.81,166939
lan,19,2014,RF,V,6.94,165237
lan,19,2014,RF,S,38.03,165237
lan,19,2014,RF,MP,5.23,165237
lan,19,2014,RF,C,5.61,165237
lan,19,2014,RF,L,6.15,165237
lan,19,2014,RF,KD,4.31,165237
lan,19,2014,RF,M,20.83,165237
lan,19,2014,RF,SD,9.99,165237
lan,19,2018,KF,V,7.94,174263
lan,19,2018,KF,S,31.75,174263
lan,19,2018,KF,MP,2.79,174263
lan,19,2018,KF,C,7.59,174263
lan,19,2018,KF,L,8.47,174263
lan,19,2018,KF,KD,4.3,174263
lan,19,2018,KF,M,19.82,174263
lan,19,2018,KF,SD,15.03,174263
lan,19,2018,RD,V,7.05,172719
lan,19,2018,RD,S,31.43,172719
lan,19,2018,RD,MP,2.96,172719
lan,19,2018,RD,C,6.68,172719
lan,19,2018,RD,L,5.47,172719
lan,19,2018,RD,KD,5.77,172719
lan,19,2018,RD,M,19.18,172719
lan,19,2018,RD,SD,20.11,172719
lan,19,2018,RF,V,7.92,172512
lan,19,2018,RF,S,33.34,172512
lan,19,2018,RF,MP,2.71,172512
lan,19,2018,RF,C,6.75,172512
lan,19,2018,RF,L,6.82,172512
lan,19,2018,RF,KD,6.17,172512
lan,19,2018,RF,M,20.41,172512
lan,19,2018,RF,SD,15.02,172512
lan,19,2022,KF,V,8.54,170922
lan,19,2022,KF,S,31.61,170922
lan,19,2022,KF,MP,2.3,170922
lan,19,2022,KF,C,6.56,170922
lan,19,2022,KF,L,5.22,170922
lan,19,2022,KF,KD,4.77,170922
lan,19,2022,KF,M,20.51,170922
lan,19,2022,KF,SD,17.81,170922
lan,19,2022,RD,V,6.13,170749
lan,19,2022,RD,S,32.0,170749
lan,19,2022,RD,MP,3.2,170749
lan,19,2022,RD,C,5.4,170749
lan,19,2022,RD,L,4.16,170749
lan,19,2022,RD,KD,5.01,170749
lan,19,2022,RD,M,19.13,170749
lan,19,2022,RD,SD,23.67,170749
lan,19,2022,RF,V,8.21,169584
lan,19,2022,RF,S,32.92,169584
lan,19,2022,RF,MP,2.05,169584
lan,19,2022,RF,C,5.74,169584
lan,19,2022,RF,L,4.91,169584
lan,19,2022,RF,KD,7.0,169584
lan,19,2022,RF,M,20.41,169584
lan,19,2022,RF,SD,18.07,169584
lan,20,2014,KF,V,6.45,183953
lan,20,2014,KF,S,34.08,183953
lan,20,2014,KF,MP,5.47,183953
lan,20,2014,KF,C,14.77,183953
lan,20,2014,KF,L,3.57,183953
lan,20,2014,KF,KD,3.01,183953
lan,20,2014,KF,M,15.84,183953
lan,20,2014,KF,SD,10.71,183953
lan,20,2014,RD,V,5.77,184911
lan,20,2014,RD,S,35.45,184911
lan,20,2014,RD,MP,5.06,184911
lan,20,2014,RD,C,7.77,184911
lan,20,2014,RD,L,3.43,184911
lan,20,2014,RD,KD,3.48,184911
lan,20,2014,RD,M,18.98,184911
lan,20,2014,RD,SD,16.79,184911
lan,20,2014,RF,V,7.31,181286
lan,20,2014,RF,S,34.21,181286
lan,20,2014,RF,MP,5.31,181286
lan,20,2014,RF,C,10.51,181286
lan,20,2014,RF,L,4.25,181286
lan,20,2014,RF,KD,4.2,181286
lan,20,2014,RF,M,18.81,181286
lan,20,2014,RF,SD,10.21,181286
lan,20,2018,KF,V,6.61,189034
lan,20,2018,KF,S,30.72,189034
lan,20,2018,KF,MP,3.05,189034
lan,20,2018,KF,C,16.59,189034
lan,20,2018,KF,L,3.66,189034
lan,20,2018,KF,KD,4.33,189034
lan,20,2018,KF,M,17.66,189034
lan,20,2018,KF,SD,12.31,189034
lan,20,2018,RD,V,7.26,188027
lan,20,2018,RD,S,30.73,188027
lan,20,2018,RD,MP,3.32,188027
lan,20,2018,RD,C,10.01,188027
lan,20,2018,RD,L,3.64,188027
lan,20,2018,RD,KD,6.13,188027
lan,20,2018,RD,M,16.66,188027
lan,20,2018,RD,SD,20.76,188027
lan,20,2018,RF,V,7.62,186871
lan,20,2018,RF,S,28.61,186871
lan,20,2018,RF,MP,3.09,186871
lan,20,2018,RF,C,11.37,186871
lan,20,2018,RF,L,3.65,186871
lan,20,2018,RF,KD,7.05,186871
lan,20,2018,RF,M,18.89,186871
lan,20,2018,RF,SD,12.09,186871
lan,20,2022,KF,V,6.57,185973
lan,20,2022,KF,S,31.19,185973
lan,20,2022,KF,MP,2.54,185973
lan,20,2022,KF,C,12.55,185973
lan,20,2022,KF,L,2.9,185973
lan,20,2022,KF,KD,5.76,185973
lan,20,2022,KF,M,18.08,185973
lan,20,2022,KF,SD,14.96,185973
lan,20,2022,RD,V,5.33,186599
lan,20,2022,RD,S,31.66,186599
lan,20,2022,RD,MP,3.8,186599
lan,20,2022,RD,C,6.5,186599
lan,20,2022,RD,L,3.1,186599
lan,20,2022,RD,KD,6.02,186599
lan,20,2022,RD,M,16.43,186599
lan,20,2022,RD,SD,25.69,186599
lan,20,2022,RF,V,6.43,183624
lan,20,2022,RF,S,32.82,183624
lan,20,2022,RF,MP,2.47,183624
lan,20,2022,RF,C,8.1,183624
lan,20,2022,RF,L,2.64,183624
lan,20,2022,RF,KD,7.36,183624
lan,20,2022,RF,M,18.55,183624
lan,20,2022,RF,SD,15.62,183624
lan,21,2014,KF,V,8.42,182709
lan,21,2014,KF,S,34.18,182709
lan,21,2014,KF,MP,5.74,182709
lan,21,2014,KF,C,9.83,182709
lan,21,2014,KF,L,5.35,182709
lan,21,2014,KF,KD,3.12,182709
lan,21,2014,KF,M,16.98,182709
lan,21,2014,KF,SD,12.45,182709
lan,21,2014,RD,V,6.57,183515
lan,21,2014,RD,S,38.23,183515
lan,21,2014,RD,MP,5.03,183515
lan,21,2014,RD,C,6.67,183515
lan,21,2014,RD,L,3.73,183515
lan,21,2014,RD,KD,3.23,183515
lan,21,2014,RD,M,17.39,183515
lan,21,2014,RD,SD,15.98,183515
lan,21,2014,RF,V,8.23,181001
lan,21,2014,RF,S,34.27,181001
lan,21,2014,RF,MP,5.24,181001
lan,21,2014,RF,C,7.57,181001
lan,21,2014,RF,L,4.39,181001
lan,21,2014,RF,KD,3.88,181001
lan,21,2014,RF,M,16.85,181001
lan,21,2014,RF,SD,11.29,181001
lan,21,2018,KF,V,8.3,186678
lan,21,2018,KF,S,32.03,186678
lan,21,2018,KF,MP,3.33,186678
lan,21,2018,KF,C,12.15,186678
lan,21,2018,KF,L,5.72,186678
lan,21,2018,KF,KD,4.18,186678
lan,21,2018,KF,M,14.95,186678
lan,21,2018,KF,SD,15.39,186678
lan,21,2018,RD,V,8.35,185413
lan,21,2018,RD,S,34.1,185413
lan,21,2018,RD,MP,3.05,185413
lan,21,2018,RD,C,9.07,185413
lan,21,2018,RD,L,4.01,185413
lan,21,2018,RD,KD,5.28,185413
lan,21,2018,RD,M,15.28,185413
lan,21,2018,RD,SD,19.59,185413
lan,21,2018,RF,V,8.54,185031
lan,21,2018,RF,S,31.63,185031
lan,21,2018,RF,MP,3.09,185031
lan,21,2018,RF,C,9.81,185031
lan,21,2018,RF,L,4.56,185031
lan,21,2018,RF,KD,5.06,185031
lan,21,2018,RF,M,14.89,185031
lan,21,2018,RF,SD,14.86,185031
lan,21,2022,KF,V,7.43,181830
lan,21,2022,KF,S,31.44,181830
lan,21,2022,KF,MP,2.91,181830
lan,21,2022,KF,C,9.72,181830
lan,21,2022,KF,L,3.52,181830
lan,21,2022,KF,KD,5.09,181830
lan,21,2022,KF,M,17.63,181830
lan,21,2022,KF,SD,18.82,181830
lan,21,2022,RD,V,5.91,182587
lan,21,2022,RD,S,34.73,182587
lan,21,2022,RD,MP,3.45,182587
lan,21,2022,RD,C,6.25,182587
lan,21,2022,RD,L,2.99,182587
lan,21,2022,RD,KD,5.1,182587
lan,21,2022,RD,M,16.24,182587
lan,21,2022,RD,SD,24.09,182587
lan,21,2022,RF,V,7.91,180213
lan,21,2022,RF,S,31.98,180213
lan,21,2022,RF,MP,2.53,180213
lan,21,2022,RF,C,7.48,180213
lan,21,2022,RF,L,2.86,180213
lan,21,2022,RF,KD,6.2,180213
lan,21,2022,RF,M,17.19,180213
lan,21,2022,RF,SD,18.66,180213
lan,22,2014,KF,V,6.28,160454
lan,22,2014,KF,S,45.75,160454
lan,22,2014,KF,MP,4.67,160454
lan,22,2014,KF,C,9.39,160454
lan,22,2014,KF,L,4.72,160454
lan,22,2014,KF,KD,3.65,160454
lan,22,2014,KF,M,14.3,160454
lan,22,2014,KF,SD,7.27,160454
lan,22,2014,RD,V,5.68,162112
lan,22,2014,RD,S,46.25,162112
lan,22,2014,RD,MP,4.36,162112
lan,22,2014,RD,C,6.74,162112
lan,22,2014,RD,L,3.36,162112
lan,22,2014,RD,KD,3.76,162112
lan,22,2014,RD,M,15.94,162112
lan,22,2014,RD,SD,10.84,162112
lan,22,2014,RF,V,6.91,158428
lan,22,2014,RF,S,47.96,158428
lan,22,2014,RF,MP,4.36,158428
lan,22,2014,RF,C,7.61,158428
lan,22,2014,RF,L,4.43,158428
lan,22,2014,RF,KD,4.32,158428
lan,22,2014,RF,M,14.32,158428
lan,22,2014,RF,SD,7.48,158428
lan,22,2018,KF,V,8.04,163277
lan,22,2018,KF,S,38.83,163277
lan,22,2018,KF,MP,2.62,163277
lan,22,2018,KF,C,12.51,163277
lan,22,2018,KF,L,4.0,163277
lan,22,2018,KF,KD,4.67,163277
lan,22,2018,KF,M,14.02,163277
lan,22,2018,KF,SD,10.61,163277
lan,22,2018,RD,V,8.18,163001
lan,22,2018,RD,S,39.8,163001
lan,22,2018,RD,MP,2.68,163001
lan,22,2018,RD,C,9.88,163001
lan,22,2018,RD,L,3.44,163001
lan,22,2018,RD,KD,5.41,163001
lan,22,2018,RD,M,13.65,163001
lan,22,2018,RD,SD,15.56,163001
lan,22,2018,RF,V,10.64,161825
lan,22,2018,RF,S,35.44,161825
lan,22,2018,RF,MP,2.34,161825
lan,22,2018,RF,C,9.69,161825
lan,22,2018,RF,L,3.72,161825
lan,22,2018,RF,KD,5.82,161825
lan,22,2018,RF,M,12.62,161825
lan,22,2018,RF,SD,10.46,161825
lan,22,2022,KF,V,7.06,157344
lan,22,2022,KF,S,38.18,157344
lan,22,2022,KF,MP,2.4,157344
lan,22,2022,KF,C,12.6,157344
lan,22,2022,KF,L,2.77,157344
lan,22,2022,KF,KD,5.87,157344
lan,22,2022,KF,M,15.01,157344
lan,22,2022,KF,SD,12.99,157344
lan,22,2022,RD,V,5.75,158723
lan,22,2022,RD,S,39.42,158723
lan,22,2022,RD,MP,3.43,158723
lan,22,2022,RD,C,7.45,158723
lan,22,2022,RD,L,2.74,158723
lan,22,2022,RD,KD,5.41,158723
lan,22,2022,RD,M,13.97,158723
lan,22,2022,RD,SD,20.68,158723
lan,22,2022,RF,V,6.36,157115
lan,22,2022,RF,S,32.87,157115
lan,22,2022,RF,MP,1.66,157115
lan,22,2022,RF,C,7.8,157115
lan,22,2022,RF,L,2.19,157115
lan,22,2022,RF,KD,5.69,157115
lan,22,2022,RF,M,12.91,157115
lan,22,2022,RF,SD,11.78,157115
lan,23,2014,KF,V,6.96,82506
lan,23,2014,KF,S,37.03,82506
lan,23,2014,KF,MP,6.2,82506
lan,23,2014,KF,C,17.19,82506
lan,23,2014,KF,L,4.12,82506
lan,23,2014,KF,KD,1.74,82506
lan,23,2014,KF,M,16.44,82506
lan,23,2014,KF,SD,6.25,82506
lan,23,2014,RD,V,6.27,83714
lan,23,2014,RD,S,39.78,83714
lan,23,2014,RD,MP,5.69,83714
lan,23,2014,RD,C,11.33,83714
lan,23,2014,RD,L,2.83,83714
lan,23,2014,RD,KD,2.53,83714
lan,23,2014,RD,M,17.34,83714
lan,23,2014,RD,SD,11.02,83714
lan,23,2014,RF,V,7.65,81485
lan,23,2014,RF,S,38.57,81485
lan,23,2014,RF,MP,6.13,81485
lan,23,2014,RF,C,13.61,81485
lan,23,2014,RF,L,3.69,81485
lan,23,2014,RF,KD,3.34,81485
lan,23,2014,RF,M,19.95,81485
lan,23,2014,RF,SD,6.69,81485
lan,23,2018,KF,V,6.92,85070
lan,23,2018,KF,S,31.84,85070
lan,23,2018,KF,MP,3.6,85070
lan,23,2018,KF,C,23.72,85070
lan,23,2018,KF,L,3.31,85070
lan,23,2018,KF,KD,3.91,85070
lan,23,2018,KF,M,13.77,85070
lan,23,2018,KF,SD,8.14,85070
lan,23,2018,RD,V,8.42,85223
lan,23,2018,RD,S,33.6,85223
lan,23,2018,RD,MP,3.58,85223
lan,23,2018,RD,C,15.36,85223
lan,23,2018,RD,L,2.86,85223
lan,23,2018,RD,KD,4.83,85223
lan,23,2018,RD,M,14.34,85223
lan,23,2018,RD,SD,15.56,85223
lan,23,2018,RF,V,8.42,83699
lan,23,2018,RF,S,31.4,83699
lan,23,2018,RF,MP,3.46,83699
lan,23,2018,RF,C,20.42,83699
lan,23,2018,RF,L,3.47,83699
lan,23,2018,RF,KD,7.34,83699
lan,23,2018,RF,M,15.06,83699
lan,23,2018,RF,SD,9.36,83699
lan,23,2022,KF,V,6.24,84355
lan,23,2022,KF,S,34.83,84355
lan,23,2022,KF,MP,3.55,84355
lan,23,2022,KF,C,15.8,84355
lan,23,2022,KF,L,2.44,84355
lan,23,2022,KF,KD,5.21,84355
lan,23,2022,KF,M,15.62,84355
lan,23,2022,KF,SD,11.25,84355
lan,23,2022,RD,V,5.59,85024
lan,23,2022,RD,S,36.07,85024
lan,23,2022,RD,MP,5.02,85024
lan,23,2022,RD,C,9.14,85024
lan,23,2022,RD,L,2.64,85024
lan,23,2022,RD,KD,5.38,85024
lan,23,2022,RD,M,14.79,85024
lan,23,2022,RD,SD,20.11,85024
lan,23,2022,RF,V,7.21,83092
lan,23,2022,RF,S,36.95,83092
lan,23,2022,RF,MP,3.23,83092
lan,23,2022,RF,C,12.62,83092
lan,23,2022,RF,L,2.53,83092
lan,23,2022,RF,KD,8.76,83092
lan,23,2022,RF,M,15.57,83092
lan,23,2022,RF,SD,12.45,83092
lan,24,2014,KF,V,11.06,173521
lan,24,2014,KF,S,41.1,173521
lan,24,2014,KF,MP,5.42,173521
lan,24,2014,KF,C,9.81,173521
lan,24,2014,KF,L,6.57,173521
lan,24,2014,KF,KD,4.56,173521
lan,24,2014,KF,M,12.71,173521
lan,24,2014,KF,SD,3.48,173521
lan,24,2014,RD,V,10.96,175279
lan,24,2014,RD,S,42.03,175279
lan,24,2014,RD,MP,5.9,175279
lan,24,2014,RD,C,6.65,175279
lan,24,2014,RD,L,4.34,175279
lan,24,2014,RD,KD,4.27,175279
lan,24,2014,RD,M,13.78,175279
lan,24,2014,RD,SD,7.4,175279
lan,24,2014,RF,V,12.42,171729
lan,24,2014,RF,S,41.07,171729
lan,24,2014,RF,MP,4.98,171729
lan,24,2014,RF,C,8.72,171729
lan,24,2014,RF,L,8.15,171729
lan,24,2014,RF,KD,5.14,171729
lan,24,2014,RF,M,12.08,171729
lan,24,2014,RF,SD,3.87,171729
lan,24,2018,KF,V,12.49,178751
lan,24,2018,KF,S,35.12,178751
lan,24,2018,KF,MP,3.77,178751
lan,24,2018,KF,C,13.2,178751
lan,24,2018,KF,L,5.73,178751
lan,24,2018,KF,KD,4.95,178751
lan,24,2018,KF,M,14.31,178751
lan,24,2018,KF,SD,6.28,178751
lan,24,2018,RD,V,12.69,178837
lan,24,2018,RD,S,38.13,178837
lan,24,2018,RD,MP,3.87,178837
lan,24,2018,RD,C,10.11,178837
lan,24,2018,RD,L,3.94,178837
lan,24,2018,RD,KD,5.24,178837
lan,24,2018,RD,M,13.5,178837
lan,24,2018,RD,SD,10.94,178837
lan,24,2018,RF,V,13.52,176871
lan,24,2018,RF,S,35.5,176871
lan,24,2018,RF,MP,3.33,176871
lan,24,2018,RF,C,11.31,176871
lan,24,2018,RF,L,7.96,176871
lan,24,2018,RF,KD,5.99,176871
lan,24,2018,RF,M,13.75,176871
lan,24,2018,RF,SD,6.74,176871
lan,24,2022,KF,V,11.06,176521
lan,24,2022,KF,S,37.69,176521
lan,24,2022,KF,MP,4.47,176521
lan,24,2022,KF,C,9.76,176521
lan,24,2022,KF,L,3.68,176521
lan,24,2022,KF,KD,6.18,176521
lan,24,2022,KF,M,16.27,176521
lan,24,2022,KF,SD,7.89,176521
lan,24,2022,RD,V,8.5,177543
lan,24,2022,RD,S,40.73,177543
lan,24,2022,RD,MP,5.44,177543
lan,24,2022,RD,C,7.79,177543
lan,24,2022,RD,L,3.12,177543
lan,24,2022,RD,KD,4.71,177543
lan,24,2022,RD,M,14.15,177543
lan,24,2022,RD,SD,14.46,177543
lan,24,2022,RF,V,11.87,174940
lan,24,2022,RF,S,37.12,174940
lan,24,2022,RF,MP,3.79,174940
lan,24,2022,RF,C,8.63,174940
lan,24,2022,RF,L,4.38,174940
lan,24,2022,RF,KD,7.06,174940
lan,24,2022,RF,M,16.89,174940
lan,24,2022,RF,SD,8.89,174940
lan,25,2014,KF,V,9.19,165876
lan,25,2014,KF,S,43.43,165876
lan,25,2014,KF,MP,5.31,165876
lan,25,2014,KF,C,9.36,165876
lan,25,2014,KF,L,3.52,165876
lan,25,2014,KF,KD,2.49,165876
lan,25,2014,KF,M,12.64,165876
lan,25,2014,KF,SD,5.28,165876
lan,25,2014,RD,V,8.56,166177
lan,25,2014,RD,S,48.73,166177
lan,25,2014,RD,MP,4.88,166177
lan,25,2014,RD,C,4.52,166177
lan,25,2014,RD,L,3.23,166177
lan,25,2014,RD,KD,3.04,166177
lan,25,2014,RD,M,12.9,166177
lan,25,2014,RD,SD,10.97,166177
lan,25,2014,RF,V,7.46,165017
lan,25,2014,RF,S,36.87,165017
lan,25,2014,RF,MP,4.37,165017
lan,25,2014,RF,C,5.42,165017
lan,25,2014,RF,L,3.45,165017
lan,25,2014,RF,KD,2.37,165017
lan,25,2014,RF,M,8.77,165017
lan,25,2014,RF,SD,4.69,165017
lan,25,2018,KF,V,9.79,167113
lan,25,2018,KF,S,36.06,167113
lan,25,2018,KF,MP,3.43,167113
lan,25,2018,KF,C,11.37,167113
lan,25,2018,KF,L,3.65,167113
lan,25,2018,KF,KD,3.15,167113
lan,25,2018,KF,M,12.64,167113
lan,25,2018,KF,SD,6.97,167113
lan,25,2018,RD,V,10.69,166678
lan,25,2018,RD,S,41.69,166678
lan,25,2018,RD,MP,2.76,166678
lan,25,2018,RD,C,7.05,166678
lan,25,2018,RD,L,3.21,166678
lan,25,2018,RD,KD,4.64,166678
lan,25,2018,RD,M,12.78,166678
lan,25,2018,RD,SD,15.76,166678
lan,25,2018,RF,V,7.84,166718
lan,25,2018,RF,S,29.64,166718
lan,25,2018,RF,MP,2.24,166718
lan,25,2018,RF,C,5.13,166718
lan,25,2018,RF,L,2.97,166718
lan,25,2018,RF,KD,2.46,166718
lan,25,2018,RF,M,8.26,166718
lan,25,2018,RF,SD,5.96,166718
lan,25,2022,KF,V,8.13,160471
lan,25,2022,KF,S,39.13,160471
lan,25,2022,KF,MP,3.13,160471
lan,25,2022,KF,C,7.96,160471
lan,25,2022,KF,L,3.05,160471
lan,25,2022,KF,KD,4.92,160471
lan,25,2022,KF,M,15.46,160471
lan,25,2022,KF,SD,10.14,160471
lan,25,2022,RD,V,6.98,161456
lan,25,2022,RD,S,41.64,161456
lan,25,2022,RD,MP,3.44,161456
lan,25,2022,RD,C,5.29,161456
lan,25,2022,RD,L,2.54,161456
lan,25,2022,RD,KD,5.12,161456
lan,25,2022,RD,M,13.57,161456
lan,25,2022,RD,SD,20.3,161456
lan,25,2022,RF,V,9.11,158700
lan,25,2022,RF,S,41.61,158700
lan,25,2022,RF,MP,2.46,158700
lan,25,2022,RF,C,5.86,158700
lan,25,2022,RF,L,2.29,158700
lan,25,2022,RF,KD,5.16,158700
lan,25,2022,RF,M,13.63,158700
lan,25,2022,RF,SD,11.29,158700
riket,00,2014,KF,V,6.44,6232934
riket,00,2014,KF,S,31.24,6232934
riket,00,2014,KF,MP,7.76,6232934
riket,00,2014,KF,C,7.85,6232934
riket,00,2014,KF,L,6.55,6232934
riket,00,2014,KF,KD,3.98,6232934
riket,00,2014,KF,M,21.56,6232934
riket,00,2014,KF,SD,9.33,6232934
riket,00,2014,RD,V,5.72,6228696
riket,00,2014,RD,S,31.03,6228696
riket,00,2014,RD,MP,6.89,6228696
riket,00,2014,RD,C,6.12,6228696
riket,00,2014,RD,L,5.42,6228696
riket,00,2014,RD,KD,4.57,6228696
riket,00,2014,RD,M,23.34,6228696
riket,00,2014,RD,SD,12.86,6228696
riket,00,2014,RF,V,7.08,6139916
riket,00,2014,RF,S,32.91,6139916
riket,00,2014,RF,MP,7.21,6139916
riket,00,2014,RF,C,6.31,6139916
riket,00,2014,RF,L,6.29,6139916
riket,00,2014,RF,KD,5.17,6139916
riket,00,2014,RF,M,21.52,6139916
riket,00,2014,RF,SD,9.15,6139916
riket,00,2018,KF,V,7.69,6532135
riket,00,2018,KF,S,27.58,6532135
riket,00,2018,KF,MP,4.62,6532135
riket,00,2018,KF,C,9.67,6532135
riket,00,2018,KF,L,6.81,6532135
riket,00,2018,KF,KD,5.2,6532135
riket,00,2018,KF,M,20.06,6532135
riket,00,2018,KF,SD,12.74,6532135
riket,00,2018,RD,V,8.0,6476725
riket,00,2018,RD,S,28.26,6476725
riket,00,2018,RD,MP,4.41,6476725
riket,00,2018,RD,C,8.61,6476725
riket,00,2018,RD,L,5.49,6476725
riket,00,2018,RD,KD,6.32,6476725
riket,00,2018,RD,M,19.84,6476725
riket,00,2018,RD,SD,17.53,6476725
riket,00,2018,RF,V,8.62,6439523
riket,00,2018,RF,S,28.74,6439523
riket,00,2018,RF,MP,4.12,6439523
riket,00,2018,RF,C,8.37,6439523
riket,00,2018,RF,L,6.27,6439523
riket,00,2018,RF,KD,7.11,6439523
riket,00,2018,RF,M,19.28,6439523
riket,00,2018,RF,SD,12.86,6439523
riket,00,2022,KF,V,8.25,6498692
riket,00,2022,KF,S,29.31,6498692
riket,00,2022,KF,MP,3.82,6498692
riket,00,2022,KF,C,7.69,6498692
riket,00,2022,KF,L,5.24,6498692
riket,00,2022,KF,KD,5.36,6498692
riket,00,2022,KF,M,20.51,6498692
riket,00,2022,KF,SD,14.55,6498692
riket,00,2022,RD,V,6.75,6477970
riket,00,2022,RD,S,30.33,6477970
riket,00,2022,RD,MP,5.08,6477970
riket,00,2022,RD,C,6.71,6477970
riket,00,2022,RD,L,4.61,6477970
riket,00,2022,RD,KD,5.34,6477970
riket,00,2022,RD,M,19.1,6477970
riket,00,2022,RD,SD,20.54,6477970
riket,00,2022,RF,V,8.89,6415373
riket,00,2022,RF,S,31.68,6415373
riket,00,2022,RF,MP,3.23,6415373
riket,00,2022,RF,C,6.32,6415373
riket,00,2022,RF,L,4.6,6415373
riket,00,2022,RF,KD,7.31,6415373
riket,00,2022,RF,M,19.08,6415373
riket,00,2022,RF,SD,14.94,6415373
