giltiga,kommun_namn,lan_namn,V,S,MP,C,L,KD,M,SD
5031,Stockholm,Stockholms län,599,1376,626,430,332,164,915,524
1087,Stockholm,Stockholms län,101,262,152,84,90,45,207,133
1066,Stockholm,Stockholms län,79,244,110,124,108,45,228,113
1385,Stockholm,Stockholms län,92,338,101,133,104,70,356,165
4314,Stockholm,Stockholms län,341,901,390,474,441,156,1113,431
6102,Stockholm,Stockholms län,320,1041,442,594,640,287,2046,637
3231,Stockholm,Stockholms län,569,940,340,188,137,83,495,398
809,Stockholm,Stockholms län,33,157,46,88,86,41,256,89
1214,Stockholm,Stockholms län,60,290,101,167,123,38,318,109
1067,Stockholm,Stockholms län,51,245,83,121,117,42,300,97
1261,Stockholm,Stockholms län,80,291,91,145,117,47,332,143
1248,Stockholm,Stockholms län,30,229,72,131,165,62,435,117
1110,Stockholm,Stockholms län,37,233,70,136,139,32,362,93
851,Stockholm,Stockholms län,54,189,68,93,78,33,230,95
617,Stockholm,Stockholms län,29,110,35,66,66,33,204,70
4008,Stockholm,Stockholms län,619,1135,431,286,209,116,689,435
1020,Stockholm,Stockholms län,41,194,83,100,146,40,331,79
1071,Stockholm,Stockholms län,62,233,67,115,107,41,304,129
1030,Stockholm,Stockholms län,48,206,63,120,109,63,298,111
998,Stockholm,Stockholms län,59,224,68,90,125,41,263,121
855,Stockholm,Stockholms län,27,174,50,117,98,28,275,79
928,Stockholm,Stockholms län,57,222,69,105,96,44,241,89
3969,Stockholm,Stockholms län,745,1338,220,235,143,127,548,380
1166,Stockholm,Stockholms län,122,290,98,142,105,45,243,105
1160,Stockholm,Stockholms län,56,236,73,112,141,55,360,114
1201,Stockholm,Stockholms län,57,297,114,128,120,47,327,98
1139,Stockholm,Stockholms län,66,259,95,145,104,37,321,101
1088,Stockholm,Stockholms län,47,264,97,128,113,41,283,106
1270,Stockholm,Stockholms län,87,299,95,150,156,32,337,97
1100,Stockholm,Stockholms län,56,220,81,128,141,42,304,117
1139,Stockholm,Stockholms län,48,246,71,120,130,42,358,114
1229,Stockholm,Stockholms län,55,257,82,158,145,48,374,98
1336,Stockholm,Stockholms län,76,293,104,146,135,52,367,154
1239,Stockholm,Stockholms län,72,278,80,148,141,44,338,130
927,Stockholm,Stockholms län,44,201,73,125,88,34,258,90
1144,Stockholm,Stockholms län,48,216,76,138,159,67,334,99
1049,Stockholm,Stockholms län,66,272,111,137,119,24,213,94
637,Stockholm,Stockholms län,38,143,42,73,66,26,181,55
1234,Stockholm,Stockholms län,50,247,84,168,133,53,377,105
792,Stockholm,Stockholms län,55,191,64,107,81,24,204,56
1384,Stockholm,Stockholms län,73,269,93,181,169,56,387,140
1149,Stockholm,Stockholms län,51,218,75,151,140,34,374,99
1189,Stockholm,Stockholms län,48,239,78,135,146,49,381,105
1147,Stockholm,Stockholms län,43,224,78,148,142,48,360,94
1017,Stockholm,Stockholms län,42,216,79,148,121,34,286,79
1131,Stockholm,Stockholms län,62,233,88,118,144,46,338,95
1127,Stockholm,Stockholms län,41,265,86,172,115,48,293,93
1214,Stockholm,Stockholms län,53,250,103,199,133,38,340,83
1170,Stockholm,Stockholms län,95,282,112,144,121,44,261,96
1158,Stockholm,Stockholms län,68,273,91,123,123,48,294,128
1173,Stockholm,Stockholms län,67,298,122,127,118,39,274,116
1104,Stockholm,Stockholms län,45,224,51,143,127,48,373,84
1284,Stockholm,Stockholms län,33,154,49,112,134,75,503,200
1194,Stockholm,Stockholms län,29,126,37,105,159,81,500,147
711,Stockholm,Stockholms län,48,153,57,70,72,31,169,100
1273,Stockholm,Stockholms län,24,154,48,100,173,71,556,135
1274,Stockholm,Stockholms län,29,131,50,109,151,108,535,147
1394,Stockholm,Stockholms län,28,156,62,146,205,87,556,144
1015,Stockholm,Stockholms län,39,197,51,115,113,46,351,99
984,Stockholm,Stockholms län,115,251,116,84,83,33,164,120
995,Stockholm,Stockholms län,111,274,146,85,79,27,145,111
677,Stockholm,Stockholms län,42,175,67,90,66,27,136,72
520,Stockholm,Stockholms län,70,134,71,65,55,21,61,35
592,Stockholm,Stockholms län,62,162,83,56,43,16,110,56
1071,Stockholm,Stockholms län,42,206,87,128,107,45,336,110
1046,Stockholm,Stockholms län,30,186,66,137,159,58,316,84
1158,Stockholm,Stockholms län,56,258,127,144,142,40,287,95
1134,Stockholm,Stockholms län,75,243,104,127,124,58,271,114
900,Stockholm,Stockholms län,96,218,95,102,78,32,180,77
1022,Stockholm,Stockholms län,44,186,86,146,134,46,266,101
527,Stockholm,Stockholms län,115,134,78,41,49,9,67,24
1125,Stockholm,Stockholms län,19,111,44,93,143,66,515,127
1122,Stockholm,Stockholms län,27,134,51,82,134,71,473,141
943,Stockholm,Stockholms län,22,135,34,72,111,47,394,123
957,Stockholm,Stockholms län,27,119,28,75,112,47,399,140
878,Stockholm,Stockholms län,24,104,28,72,104,56,355,122
1020,Stockholm,Stockholms län,15,137,60,69,116,59,401,155
920,Stockholm,Stockholms län,28,130,31,81,101,54,381,111
937,Stockholm,Stockholms län,10,122,33,77,109,66,390,116
548,Stockholm,Stockholms län,34,112,43,55,49,26,155,65
953,Stockholm,Stockholms län,7,75,21,58,110,64,498,118
1137,Stockholm,Stockholms län,24,100,26,81,99,76,557,170
1249,Stockholm,Stockholms län,19,141,38,115,141,85,549,149
1021,Stockholm,Stockholms län,22,101,37,88,94,51,478,143
1286,Stockholm,Stockholms län,27,131,41,107,178,85,530,180
1223,Stockholm,Stockholms län,28,128,52,80,129,72,552,166
1175,Stockholm,Stockholms län,35,162,56,85,134,65,433,200
1277,Stockholm,Stockholms län,28,265,92,94,147,57,425,161
966,Stockholm,Stockholms län,16,78,23,73,119,54,483,115
1092,Stockholm,Stockholms län,33,186,58,112,141,52,360,138
1070,Stockholm,Stockholms län,37,206,69,115,112,48,362,113
1077,Stockholm,Stockholms län,41,223,89,129,121,49,298,116
1100,Stockholm,Stockholms län,41,152,71,126,136,47,356,156
968,Stockholm,Stockholms län,44,228,86,85,96,40,269,106
1109,Stockholm,Stockholms län,46,198,68,131,135,46,328,139
1146,Stockholm,Stockholms län,33,200,74,144,143,56,400,90
1021,Stockholm,Stockholms län,97,187,78,116,109,37,287,98
1044,Stockholm,Stockholms län,123,265,99,98,65,36,202,138
992,Stockholm,Stockholms län,43,214,86,115,115,44,225,134
873,Stockholm,Stockholms län,13,126,51,121,116,49,338,57
1168,Stockholm,Stockholms län,64,268,125,133,140,44,274,104
1093,Stockholm,Stockholms län,39,176,57,96,128,58,409,119
1125,Stockholm,Stockholms län,31,147,48,93,154,62,444,136
1026,Stockholm,Stockholms län,55,215,82,120,112,47,262,123
984,Stockholm,Stockholms län,24,148,62,104,103,45,362,123
1071,Stockholm,Stockholms län,127,310,170,114,75,17,160,89
1019,Stockholm,Stockholms län,116,295,157,114,79,16,150,82
1083,Stockholm,Stockholms län,176,325,151,87,76,17,149,85
1127,Stockholm,Stockholms län,149,351,184,129,68,18,119,103
1240,Stockholm,Stockholms län,139,387,197,141,78,26,179,79
914,Stockholm,Stockholms län,102,269,137,103,57,20,162,60
1038,Stockholm,Stockholms län,98,322,138,93,75,32,170,98
1065,Stockholm,Stockholms län,157,326,164,87,69,20,128,102
920,Stockholm,Stockholms län,148,284,156,75,36,18,114,83
1194,Stockholm,Stockholms län,112,350,158,100,103,33,227,100
1070,Stockholm,Stockholms län,118,356,149,72,65,25,152,125
1035,Stockholm,Stockholms län,119,301,171,108,62,22,153,87
932,Stockholm,Stockholms län,131,293,165,77,54,16,111,74
781,Stockholm,Stockholms län,99,224,215,63,36,7,80,48
1082,Stockholm,Stockholms län,94,366,266,70,56,37,131,57
1151,Stockholm,Stockholms län,127,311,185,126,94,33,169,92
1022,Stockholm,Stockholms län,108,299,216,134,69,14,132,43
982,Stockholm,Stockholms län,178,249,174,83,67,21,107,86
769,Stockholm,Stockholms län,124,224,136,72,41,14,95,57
1327,Stockholm,Stockholms län,218,362,168,109,86,23,186,155
1020,Stockholm,Stockholms län,164,314,148,93,57,14,114,100
1366,Stockholm,Stockholms län,176,398,254,150,105,26,148,93
1305,Stockholm,Stockholms län,214,467,207,95,64,25,107,115
987,Stockholm,Stockholms län,187,295,121,46,37,18,131,137
945,Stockholm,Stockholms län,104,300,155,96,65,22,115,80
1026,Stockholm,Stockholms län,100,317,139,105,72,34,171,81
964,Stockholm,Stockholms län,118,307,192,88,72,27,102,49
829,Stockholm,Stockholms län,146,259,131,52,45,14,81,84
1036,Stockholm,Stockholms län,143,363,123,60,42,20,131,132
997,Stockholm,Stockholms län,154,296,144,86,58,20,138,89
946,Stockholm,Stockholms län,137,312,143,71,76,11,82,99
868,Stockholm,Stockholms län,95,267,161,95,70,14,107,55
941,Stockholm,Stockholms län,184,270,147,85,50,22,113,62
982,Stockholm,Stockholms län,110,316,200,75,70,17,126,60
1068,Stockholm,Stockholms län,140,320,150,124,76,17,156,75
1291,Stockholm,Stockholms län,151,403,166,124,91,25,211,111
1188,Stockholm,Stockholms län,120,342,162,127,98,34,166,125
1162,Stockholm,Stockholms län,135,365,161,107,88,28,182,81
1192,Stockholm,Stockholms län,157,397,192,88,68,20,169,91
1090,Stockholm,Stockholms län,142,329,158,116,63,10,167,93
1330,Stockholm,Stockholms län,160,413,196,138,93,23,191,110
752,Stockholm,Stockholms län,153,258,90,31,21,10,59,113
1096,Stockholm,Stockholms län,207,275,148,97,76,30,174,73
1096,Stockholm,Stockholms län,154,306,188,94,65,20,156,107
1217,Stockholm,Stockholms län,160,365,215,104,60,26,152,117
1280,Stockholm,Stockholms län,199,414,199,98,86,28,154,91
1213,Stockholm,Stockholms län,196,402,147,73,58,26,161,131
1264,Stockholm,Stockholms län,187,427,177,59,68,29,159,145
1275,Stockholm,Stockholms län,170,407,181,129,89,25,149,114
1023,Stockholm,Stockholms län,174,296,99,68,64,40,142,128
1334,Stockholm,Stockholms län,161,406,213,126,64,22,184,146
1168,Stockholm,Stockholms län,130,343,184,109,86,32,175,94
1032,Stockholm,Stockholms län,139,353,143,83,57,23,130,89
1390,Stockholm,Stockholms län,190,440,181,158,82,30,179,102
1084,Stockholm,Stockholms län,141,353,124,80,59,31,146,140
993,Stockholm,Stockholms län,152,302,138,72,67,19,118,114
1270,Stockholm,Stockholms län,61,401,203,141,110,33,214,98
1070,Stockholm,Stockholms län,197,319,183,65,55,29,116,89
1233,Stockholm,Stockholms län,167,370,196,111,79,22,177,93
1181,Stockholm,Stockholms län,155,363,175,97,98,20,152,109
1192,Stockholm,Stockholms län,187,370,192,85,78,21,150,101
1171,Stockholm,Stockholms län,105,325,147,164,89,28,221,80
1062,Stockholm,Stockholms län,188,295,175,104,59,18,123,89
940,Stockholm,Stockholms län,59,261,92,94,55,30,224,114
1360,Stockholm,Stockholms län,154,452,193,116,76,41,200,123
1147,Stockholm,Stockholms län,63,422,195,111,96,33,160,62
1261,Stockholm,Stockholms län,223,369,237,85,48,26,132,128
805,Stockholm,Stockholms län,70,244,69,84,54,25,168,81
1091,Stockholm,Stockholms län,28,317,121,116,111,32,262,99
1252,Stockholm,Stockholms län,106,344,127,131,97,36,263,138
1331,Stockholm,Stockholms län,71,372,125,181,96,40,327,111
1035,Stockholm,Stockholms län,69,280,113,129,75,28,216,115
1368,Stockholm,Stockholms län,86,407,127,150,85,47,305,138
860,Stockholm,Stockholms län,135,254,109,72,52,15,115,98
1159,Stockholm,Stockholms län,166,384,219,81,58,15,131,94
1136,Stockholm,Stockholms län,168,349,223,105,62,29,118,75
1088,Stockholm,Stockholms län,60,325,124,112,85,36,238,95
1195,Stockholm,Stockholms län,90,395,132,86,89,23,244,123
882,Stockholm,Stockholms län,46,197,71,103,88,36,243,95
1028,Stockholm,Stockholms län,48,289,108,116,76,27,272,88
1148,Stockholm,Stockholms län,68,268,113,139,110,56,282,101
1064,Stockholm,Stockholms län,48,236,87,136,106,45,293,107
1126,Stockholm,Stockholms län,82,254,80,133,126,45,305,92
1355,Stockholm,Stockholms län,36,308,111,183,155,55,396,102
1020,Stockholm,Stockholms län,61,222,112,121,92,37,242,121
936,Stockholm,Stockholms län,36,236,67,109,111,36,234,97
998,Stockholm,Stockholms län,41,207,49,120,142,56,276,103
1381,Stockholm,Stockholms län,66,281,110,160,161,49,424,118
1234,Stockholm,Stockholms län,63,289,92,124,112,50,354,137
1012,Stockholm,Stockholms län,31,252,94,108,105,34,279,103
1098,Stockholm,Stockholms län,52,266,91,144,132,38,261,106
1063,Stockholm,Stockholms län,61,222,99,132,100,38,292,113
1081,Stockholm,Stockholms län,52,254,64,110,121,47,311,115
948,Stockholm,Stockholms län,99,278,90,86,75,17,170,121
1029,Stockholm,Stockholms län,79,266,106,122,105,31,219,90
1057,Stockholm,Stockholms län,70,279,126,116,98,38,191,125
1110,Stockholm,Stockholms län,94,292,97,119,89,37,243,125
1036,Stockholm,Stockholms län,27,204,76,136,103,66,321,98
934,Stockholm,Stockholms län,52,303,75,95,65,44,200,95
1091,Stockholm,Stockholms län,77,258,114,102,119,43,266,95
1022,Stockholm,Stockholms län,93,259,118,118,91,33,209,87
973,Stockholm,Stockholms län,115,313,75,80,64,39,145,132
1228,Stockholm,Stockholms län,60,302,120,171,119,32,298,119
1219,Stockholm,Stockholms län,61,313,95,167,127,44,301,101
997,Stockholm,Stockholms län,55,260,79,131,108,33,242,78
1479,Stockholm,Stockholms län,114,369,166,181,121,54,336,122
1294,Stockholm,Stockholms län,64,272,95,159,114,46,363,170
1135,Stockholm,Stockholms län,69,252,112,137,114,41,297,104
1148,Stockholm,Stockholms län,40,257,85,150,132,52,311,105
976,Stockholm,Stockholms län,41,229,73,128,132,37,259,74
1203,Stockholm,Stockholms län,100,322,93,113,108,35,273,147
1075,Stockholm,Stockholms län,36,258,65,112,94,44,358,96
1172,Stockholm,Stockholms län,71,267,100,145,121,52,275,131
1016,Stockholm,Stockholms län,77,281,100,156,94,32,200,64
1067,Stockholm,Stockholms län,94,278,85,128,99,28,244,100
1029,Stockholm,Stockholms län,66,277,71,99,85,39,262,114
1087,Stockholm,Stockholms län,102,300,99,112,85,42,191,130
1207,Stockholm,Stockholms län,62,282,102,150,98,56,329,116
977,Stockholm,Stockholms län,55,206,66,111,81,50,287,108
1169,Stockholm,Stockholms län,188,438,173,64,40,20,127,110
1127,Stockholm,Stockholms län,214,362,118,48,27,31,126,175
1130,Stockholm,Stockholms län,211,374,112,53,43,24,130,154
1004,Stockholm,Stockholms län,173,338,103,35,26,17,105,177
1200,Stockholm,Stockholms län,150,436,83,59,61,33,158,201
1259,Stockholm,Stockholms län,200,433,123,69,47,45,144,172
808,Stockholm,Stockholms län,128,289,67,52,32,24,120,85
890,Stockholm,Stockholms län,134,323,79,43,36,25,121,111
1160,Stockholm,Stockholms län,41,282,94,134,114,39,333,121
1117,Stockholm,Stockholms län,75,388,86,95,78,35,230,123
986,Stockholm,Stockholms län,35,256,117,121,84,35,223,104
922,Stockholm,Stockholms län,109,317,53,76,41,40,130,134
1267,Stockholm,Stockholms län,61,355,143,165,129,43,234,125
1220,Stockholm,Stockholms län,64,370,114,98,92,47,284,146
1136,Stockholm,Stockholms län,90,321,109,105,59,42,218,174
786,Stockholm,Stockholms län,86,225,74,78,58,31,159,60
972,Stockholm,Stockholms län,170,314,57,54,33,30,108,176
1063,Stockholm,Stockholms län,153,349,103,82,20,30,134,173
907,Stockholm,Stockholms län,150,306,65,63,30,32,100,147
992,Stockholm,Stockholms län,81,340,91,76,65,28,188,118
1265,Stockholm,Stockholms län,115,390,103,87,74,48,257,179
753,Stockholm,Stockholms län,171,281,36,33,20,22,85,78
1043,Stockholm,Stockholms län,145,363,76,56,46,22,131,187
795,Stockholm,Stockholms län,158,302,37,37,9,43,103,80
1213,Stockholm,Stockholms län,50,347,151,163,90,28,266,107
927,Stockholm,Stockholms län,48,269,99,89,78,31,213,96
1009,Stockholm,Stockholms län,139,311,75,73,35,29,195,135
1116,Stockholm,Stockholms län,167,342,102,64,52,45,166,153
919,Stockholm,Stockholms län,136,317,82,69,47,39,136,84
902,Stockholm,Stockholms län,141,309,42,62,31,28,171,105
990,Stockholm,Stockholms län,165,311,78,63,52,25,206,76
986,Stockholm,Stockholms län,96,295,122,119,71,23,154,97
962,Stockholm,Stockholms län,131,286,112,67,54,36,136,122
1142,Stockholm,Stockholms län,76,327,118,158,102,36,237,81
1176,Stockholm,Stockholms län,113,330,152,125,96,33,195,117
1057,Stockholm,Stockholms län,211,353,116,56,35,17,120,132
857,Stockholm,Stockholms län,198,285,96,24,22,19,76,113
981,Stockholm,Stockholms län,202,278,89,43,39,28,134,155
757,Stockholm,Stockholms län,176,269,50,19,10,15,59,135
732,Stockholm,Stockholms län,176,248,51,26,11,12,56,133
925,Stockholm,Stockholms län,168,320,107,43,38,20,105,102
740,Stockholm,Stockholms län,180,270,49,21,15,12,61,117
840,Stockholm,Stockholms län,172,250,68,29,26,19,113,147
991,Stockholm,Stockholms län,66,278,59,95,55,31,238,161
1246,Stockholm,Stockholms län,58,339,120,151,98,44,301,131
1129,Stockholm,Stockholms län,68,300,90,124,61,36,274,169
717,Stockholm,Stockholms län,224,267,31,15,5,17,41,80
589,Stockholm,Stockholms län,163,194,37,17,9,10,47,90
524,Stockholm,Stockholms län,142,206,28,13,6,6,34,51
711,Stockholm,Stockholms län,146,283,31,30,16,24,65,93
636,Stockholm,Stockholms län,179,220,31,24,11,26,48,71
661,Stockholm,Stockholms län,116,220,38,32,22,18,84,117
744,Stockholm,Stockholms län,161,255,39,23,15,15,86,114
653,Stockholm,Stockholms län,151,248,35,29,12,21,48,89
873,Stockholm,Stockholms län,106,324,62,44,38,28,111,150
730,Stockholm,Stockholms län,117,278,40,33,15,22,84,122
718,Stockholm,Stockholms län,198,265,25,23,15,12,52,91
1011,Stockholm,Stockholms län,219,303,102,52,31,27,114,148
622,Stockholm,Stockholms län,167,208,31,18,9,11,60,86
936,Stockholm,Stockholms län,230,281,78,53,36,21,110,117
647,Stockholm,Stockholms län,115,232,39,27,22,18,82,89
845,Stockholm,Stockholms län,233,241,70,57,28,12,100,90
947,Stockholm,Stockholms län,132,350,96,59,44,15,113,121
1230,Stockholm,Stockholms län,98,403,180,117,54,43,200,125
997,Stockholm,Stockholms län,189,302,116,70,33,27,123,124
893,Stockholm,Stockholms län,121,306,76,50,55,16,117,146
1087,Stockholm,Stockholms län,100,355,133,107,79,21,173,114
1055,Stockholm,Stockholms län,167,333,128,67,53,21,145,120
937,Stockholm,Stockholms län,166,310,94,60,37,25,117,117
859,Stockholm,Stockholms län,152,300,110,46,23,18,71,125
726,Stockholm,Stockholms län,158,229,106,25,12,18,46,121
895,Stockholm,Stockholms län,218,311,70,39,28,27,83,105
890,Stockholm,Stockholms län,224,248,110,37,23,22,91,113
879,Stockholm,Stockholms län,230,256,122,28,23,9,68,117
815,Stockholm,Stockholms län,187,241,122,27,15,16,44,146
672,Stockholm,Stockholms län,103,215,47,39,35,25,109,81
1150,Stockholm,Stockholms län,202,350,133,65,63,33,162,125
1205,Stockholm,Stockholms län,131,458,121,71,60,29,157,158
904,Stockholm,Stockholms län,149,370,62,32,26,20,90,138
930,Stockholm,Stockholms län,165,377,56,30,17,25,90,141
725,Stockholm,Stockholms län,96,207,65,55,39,25,126,94
670,Stockholm,Stockholms län,124,260,25,19,12,13,78,119
614,Stockholm,Stockholms län,142,173,44,29,20,27,89,80
948,Stockholm,Stockholms län,135,374,49,43,25,25,132,147
674,Stockholm,Stockholms län,113,253,54,29,16,16,73,103
642,Stockholm,Stockholms län,116,249,47,18,18,19,85,77
1210,Stockholm,Stockholms län,160,385,167,76,58,25,179,143
1352,Stockholm,Stockholms län,127,430,159,87,72,41,211,206
1060,Stockholm,Stockholms län,86,333,98,104,70,33,216,110
1060,Stockholm,Stockholms län,102,329,99,67,67,37,165,177
865,Stockholm,Stockholms län,74,289,84,72,58,29,168,82
1051,Stockholm,Stockholms län,131,320,72,35,40,37,160,235
873,Stockholm,Stockholms län,163,321,56,42,24,29,127,99
627,Stockholm,Stockholms län,132,238,25,19,9,21,49,117
795,Stockholm,Stockholms län,151,304,58,34,22,26,99,90
592,Stockholm,Stockholms län,90,201,47,49,35,15,81,67
892,Stockholm,Stockholms län,157,301,61,49,25,23,108,147
955,Stockholm,Stockholms län,248,268,88,44,26,20,81,157
776,Stockholm,Stockholms län,60,280,92,101,52,17,116,48
806,Stockholm,Stockholms län,208,238,62,23,19,18,51,168
844,Stockholm,Stockholms län,156,283,108,45,39,17,84,102
712,Stockholm,Stockholms län,118,261,52,27,27,18,85,107
1090,Stockholm,Stockholms län,111,283,130,88,66,23,197,171
999,Stockholm,Stockholms län,91,278,101,87,74,23,176,145
1190,Stockholm,Stockholms län,114,358,166,90,78,33,201,133
682,Stockholm,Stockholms län,66,187,57,61,51,14,148,88
622,Stockholm,Stockholms län,66,175,64,57,49,24,108,71
1110,Stockholm,Stockholms län,92,332,68,103,67,39,238,155
1032,Stockholm,Stockholms län,82,245,103,111,94,42,227,112
958,Stockholm,Stockholms län,15,144,75,126,116,35,361,84
719,Stockholm,Stockholms län,23,118,45,102,91,21,254,57
1031,Stockholm,Stockholms län,74,321,60,84,78,29,240,135
855,Stockholm,Stockholms län,15,193,65,142,103,41,213,74
922,Stockholm,Stockholms län,45,193,107,125,99,75,205,63
1056,Stockholm,Stockholms län,120,287,100,111,93,31,195,106
774,Stockholm,Stockholms län,128,261,89,41,21,20,83,105
1020,Stockholm,Stockholms län,132,326,123,74,49,23,143,127
671,Stockholm,Stockholms län,74,228,77,44,25,15,109,85
909,Stockholm,Stockholms län,133,314,97,58,38,39,85,107
1113,Stockholm,Stockholms län,14,135,75,183,180,34,412,80
748,Stockholm,Stockholms län,77,255,64,31,43,21,115,127
967,Stockholm,Stockholms län,93,301,98,81,52,25,172,135
507,Stockholm,Stockholms län,22,132,26,48,40,20,142,72
1131,Stockholm,Stockholms län,59,317,85,124,83,62,266,127
1100,Stockholm,Stockholms län,73,295,73,127,76,42,269,131
956,Stockholm,Stockholms län,133,321,87,53,53,28,140,124
1124,Stockholm,Stockholms län,33,241,98,154,135,41,340,78
1112,Stockholm,Stockholms län,76,344,97,82,76,39,232,144
594,Stockholm,Stockholms län,17,156,28,72,70,26,158,59
1266,Stockholm,Stockholms län,88,366,59,106,84,49,327,163
1169,Stockholm,Stockholms län,118,328,69,76,79,37,317,129
1070,Stockholm,Stockholms län,80,352,71,79,72,41,218,133
910,Stockholm,Stockholms län,145,282,114,66,47,27,72,140
1274,Stockholm,Stockholms län,92,368,84,124,68,72,291,151
1068,Stockholm,Stockholms län,70,275,62,105,82,49,287,110
1093,Stockholm,Stockholms län,88,318,90,123,79,29,229,126
1042,Stockholm,Stockholms län,117,261,101,104,83,25,215,101
921,Stockholm,Stockholms län,68,198,114,90,72,34,238,98
1067,Stockholm,Stockholms län,66,267,126,119,99,48,225,109
930,Stockholm,Stockholms län,75,235,83,121,85,36,180,103
1236,Stockholm,Stockholms län,35,285,79,189,110,55,341,132
830,Stockholm,Stockholms län,13,105,39,97,131,37,347,54
1252,Stockholm,Stockholms län,27,190,77,176,210,44,466,59
1190,Stockholm,Stockholms län,29,155,77,147,177,58,446,88
1108,Stockholm,Stockholms län,91,251,118,125,103,42,269,98
1024,Stockholm,Stockholms län,81,336,111,94,68,22,184,114
1103,Stockholm,Stockholms län,101,295,120,103,83,43,217,130
1032,Stockholm,Stockholms län,93,289,105,98,60,36,212,129
1014,Stockholm,Stockholms län,41,351,97,101,68,39,230,76
756,Stockholm,Stockholms län,45,153,53,106,104,26,178,85
1089,Stockholm,Stockholms län,54,245,95,115,125,54,268,117
1127,Stockholm,Stockholms län,42,235,79,148,140,46,311,114
1173,Stockholm,Stockholms län,23,146,67,129,173,62,451,119
1075,Stockholm,Stockholms län,28,211,99,120,158,47,302,98
1318,Stockholm,Stockholms län,13,154,82,179,192,66,513,111
1017,Stockholm,Stockholms län,17,110,45,142,181,49,410,60
1130,Stockholm,Stockholms län,24,150,60,151,182,51,426,82
1045,Stockholm,Stockholms län,62,328,96,110,67,40,205,126
891,Stockholm,Stockholms län,66,256,87,83,72,23,178,115
845,Stockholm,Stockholms län,23,142,59,103,118,32,301,64
1008,Stockholm,Stockholms län,91,314,172,114,45,29,134,103
861,Stockholm,Stockholms län,117,285,73,53,45,34,103,126
772,Stockholm,Stockholms län,134,240,47,41,19,16,107,135
846,Stockholm,Stockholms län,122,304,59,49,29,32,81,136
663,Stockholm,Stockholms län,140,250,25,30,10,12,55,112
603,Stockholm,Stockholms län,114,235,40,18,17,23,61,75
917,Stockholm,Stockholms län,141,286,78,49,33,28,124,159
968,Stockholm,Stockholms län,128,351,72,50,33,30,105,172
1022,Stockholm,Stockholms län,122,324,96,64,38,39,155,153
861,Stockholm,Stockholms län,30,259,60,88,63,42,229,66
1170,Stockholm,Stockholms län,79,312,85,108,85,51,256,160
681,Stockholm,Stockholms län,147,246,39,30,12,24,61,96
1053,Stockholm,Stockholms län,48,325,65,89,62,41,241,153
865,Stockholm,Stockholms län,69,287,43,56,50,28,201,96
980,Stockholm,Stockholms län,55,294,39,85,57,41,226,149
737,Stockholm,Stockholms län,68,196,31,55,36,44,165,108
806,Stockholm,Stockholms län,118,248,74,48,29,21,127,114
819,Stockholm,Stockholms län,50,234,63,79,63,39,162,113
922,Stockholm,Stockholms län,157,337,43,53,27,24,112,121
529,Stockholm,Stockholms län,80,171,22,27,30,20,90,72
875,Stockholm,Stockholms län,112,262,61,82,50,32,155,106
912,Stockholm,Stockholms län,88,252,57,76,54,35,226,112
1119,Stockholm,Stockholms län,156,374,173,79,53,20,131,123
1207,Stockholm,Stockholms län,173,370,220,63,69,27,164,105
1189,Stockholm,Stockholms län,152,387,192,76,65,35,143,126
1026,Stockholm,Stockholms län,174,322,192,73,40,14,107,91
1090,Stockholm,Stockholms län,191,370,117,62,49,28,119,131
1141,Stockholm,Stockholms län,224,397,125,53,31,32,122,138
1190,Stockholm,Stockholms län,184,380,237,88,56,24,123,80
1006,Stockholm,Stockholms län,129,356,169,71,44,26,107,94
1064,Stockholm,Stockholms län,156,352,164,80,55,18,130,95
1095,Stockholm,Stockholms län,197,363,152,77,64,20,129,77
1144,Stockholm,Stockholms län,139,342,132,102,75,31,174,130
1121,Stockholm,Stockholms län,197,327,97,85,45,20,150,183
1059,Stockholm,Stockholms län,171,315,90,54,50,48,165,142
1049,Stockholm,Stockholms län,137,322,99,83,75,31,146,140
1293,Stockholm,Stockholms län,189,365,209,119,78,22,164,123
869,Stockholm,Stockholms län,80,269,109,79,66,17,155,87
983,Stockholm,Stockholms län,55,292,116,124,77,28,192,92
1149,Stockholm,Stockholms län,75,335,169,154,92,33,197,84
1144,Stockholm,Stockholms län,87,323,169,132,101,32,187,105
967,Stockholm,Stockholms län,113,278,122,92,63,25,179,82
819,Stockholm,Stockholms län,187,289,75,40,26,19,72,90
746,Stockholm,Stockholms län,145,259,99,27,27,12,88,77
828,Stockholm,Stockholms län,91,296,105,74,48,19,119,67
729,Stockholm,Stockholms län,148,265,67,38,20,21,76,67
1117,Stockholm,Stockholms län,181,368,204,59,42,19,91,142
1074,Stockholm,Stockholms län,151,363,133,72,59,19,164,102
1050,Stockholm,Stockholms län,295,292,214,48,25,20,56,81
1257,Stockholm,Stockholms län,270,367,369,58,34,13,65,75
909,Stockholm,Stockholms län,212,276,200,35,23,17,55,72
1038,Stockholm,Stockholms län,324,287,196,34,16,16,55,88
769,Stockholm,Stockholms län,217,281,54,19,7,16,52,99
924,Stockholm,Stockholms län,254,262,121,35,29,27,64,108
1095,Stockholm,Stockholms län,92,356,292,113,74,12,108,41
877,Stockholm,Stockholms län,66,255,154,104,66,26,154,45
1138,Stockholm,Stockholms län,275,366,190,45,22,12,78,130
1165,Stockholm,Stockholms län,236,383,223,53,37,21,83,114
1005,Stockholm,Stockholms län,177,290,272,68,37,11,49,87
1183,Stockholm,Stockholms län,213,361,272,71,49,19,95,94
1042,Stockholm,Stockholms län,175,318,249,62,38,15,89,75
986,Stockholm,Stockholms län,155,325,166,75,45,17,85,100
1073,Stockholm,Stockholms län,144,344,170,102,53,10,133,96
897,Stockholm,Stockholms län,160,263,153,76,45,20,88,80
1019,Stockholm,Stockholms län,164,312,129,74,71,15,130,103
1089,Stockholm,Stockholms län,206,408,172,58,27,19,92,94
1016,Stockholm,Stockholms län,232,331,170,46,22,29,74,101
913,Stockholm,Stockholms län,260,275,97,38,24,28,61,98
1111,Stockholm,Stockholms län,193,359,193,62,38,20,104,113
1111,Stockholm,Stockholms län,155,360,196,81,54,23,116,107
929,Stockholm,Stockholms län,230,319,118,38,27,15,79,83
916,Stockholm,Stockholms län,225,290,179,30,17,12,59,81
854,Stockholm,Stockholms län,81,272,143,105,50,17,107,69
1006,Stockholm,Stockholms län,202,325,197,42,28,17,85,95
1214,Stockholm,Stockholms län,213,377,315,66,39,9,85,94
1013,Stockholm,Stockholms län,148,328,157,74,47,35,124,86
1088,Stockholm,Stockholms län,87,340,85,102,84,32,240,110
913,Stockholm,Stockholms län,131,339,53,30,29,29,75,182
810,Stockholm,Stockholms län,72,248,73,49,54,28,131,132
735,Stockholm,Stockholms län,109,273,27,29,21,22,95,141
808,Stockholm,Stockholms län,113,310,53,38,27,18,107,120
691,Stockholm,Stockholms län,153,233,44,25,13,15,49,135
784,Stockholm,Stockholms län,143,260,52,36,29,29,63,145
805,Stockholm,Stockholms län,151,240,44,41,16,15,105,167
785,Stockholm,Stockholms län,152,307,21,25,18,23,76,128
891,Stockholm,Stockholms län,108,302,74,52,27,36,139,126
1058,Stockholm,Stockholms län,53,257,59,109,71,69,300,128
1052,Stockholm,Stockholms län,24,279,39,119,88,51,300,136
1047,Stockholm,Stockholms län,62,261,65,103,83,56,259,141
1130,Stockholm,Stockholms län,90,364,64,74,64,44,202,213
1250,Stockholm,Stockholms län,69,343,61,75,80,68,317,204
1198,Stockholm,Stockholms län,55,349,34,79,81,39,330,216
1082,Stockholm,Stockholms län,72,331,37,71,54,47,252,193
864,Stockholm,Stockholms län,107,281,29,40,36,33,194,112
720,Stockholm,Stockholms län,115,244,12,32,36,37,117,101
1206,Stockholm,Stockholms län,50,256,88,120,100,53,375,153
716,Stockholm,Stockholms län,160,261,30,38,18,15,60,88
689,Stockholm,Stockholms län,125,256,32,27,18,23,81,97
757,Stockholm,Stockholms län,142,273,72,35,26,19,89,87
547,Stockholm,Stockholms län,129,161,58,34,23,9,59,63
1078,Stockholm,Stockholms län,155,363,228,73,49,20,105,74
989,Stockholm,Stockholms län,142,268,231,94,42,19,102,82
1265,Stockholm,Stockholms län,169,365,172,120,70,39,201,111
1300,Stockholm,Stockholms län,194,384,202,73,78,28,156,173
1312,Stockholm,Stockholms län,162,420,275,106,73,22,146,100
1145,Stockholm,Stockholms län,219,353,217,62,49,21,99,101
812,Stockholm,Stockholms län,127,299,166,57,31,19,52,50
967,Stockholm,Stockholms län,181,300,194,56,31,18,77,92
845,Stockholm,Stockholms län,147,286,179,36,33,13,53,84
1165,Stockholm,Stockholms län,203,353,202,83,52,18,107,134
884,Stockholm,Stockholms län,129,283,131,97,49,12,135,41
1070,Stockholm,Stockholms län,198,328,170,73,52,24,122,93
1189,Stockholm,Stockholms län,254,403,187,74,46,27,97,81
1041,Stockholm,Stockholms län,220,330,152,64,58,20,99,88
978,Stockholm,Stockholms län,163,285,123,56,57,18,149,113
1246,Stockholm,Stockholms län,116,326,127,166,102,36,261,104
1103,Stockholm,Stockholms län,229,327,125,58,50,26,126,140
1009,Stockholm,Stockholms län,194,294,128,64,55,21,124,122
940,Stockholm,Stockholms län,156,315,140,53,35,18,117,96
959,Stockholm,Stockholms län,175,284,111,68,47,19,130,110
1226,Stockholm,Stockholms län,146,403,265,104,67,24,133,70
1090,Stockholm,Stockholms län,139,353,144,64,50,32,162,137
1038,Stockholm,Stockholms län,61,303,153,113,79,35,189,99
1048,Stockholm,Stockholms län,59,285,120,140,96,23,220,100
1400,Stockholm,Stockholms län,74,325,202,187,130,62,299,110
1373,Stockholm,Stockholms län,83,395,152,145,101,42,283,159
1238,Stockholm,Stockholms län,72,409,127,135,95,31,260,98
1079,Stockholm,Stockholms län,128,353,159,101,68,33,162,62
1015,Stockholm,Stockholms län,58,306,88,112,86,29,264,64
1231,Stockholm,Stockholms län,84,386,124,145,107,35,253,85
841,Stockholm,Stockholms län,171,262,178,48,24,9,52,81
759,Stockholm,Stockholms län,115,206,97,66,35,17,116,92
1093,Stockholm,Stockholms län,232,327,140,86,48,9,126,113
1002,Stockholm,Stockholms län,229,307,88,48,30,18,98,155
1157,Stockholm,Stockholms län,190,388,133,85,67,27,139,108
970,Stockholm,Stockholms län,193,313,165,59,38,18,73,99
925,Stockholm,Stockholms län,105,274,98,92,72,27,163,82
1042,Stockholm,Stockholms län,198,303,117,77,56,36,132,104
1061,Stockholm,Stockholms län,200,306,237,86,51,17,83,76
1438,Stockholm,Stockholms län,56,411,106,180,128,53,387,109
1046,Stockholm,Stockholms län,175,350,149,51,40,23,111,135
1091,Stockholm,Stockholms län,103,348,124,123,70,31,199,84
1110,Stockholm,Stockholms län,257,335,186,83,67,26,101,45
893,Stockholm,Stockholms län,218,311,93,36,15,26,82,77
814,Stockholm,Stockholms län,262,267,77,11,10,15,57,73
726,Stockholm,Stockholms län,162,284,50,25,18,14,70,81
1113,Stockholm,Stockholms län,289,372,129,41,27,20,108,96
664,Stockholm,Stockholms län,190,207,47,23,14,11,88,53
651,Stockholm,Stockholms län,148,250,30,19,14,20,70,73
783,Stockholm,Stockholms län,152,277,53,24,20,22,91,111
885,Stockholm,Stockholms län,189,387,35,36,9,20,91,84
756,Stockholm,Stockholms län,212,273,38,18,14,16,48,107
649,Stockholm,Stockholms län,171,253,17,29,4,8,58,56
763,Stockholm,Stockholms län,198,299,23,24,6,17,73,61
628,Stockholm,Stockholms län,93,237,24,34,7,21,99,71
864,Stockholm,Stockholms län,159,307,39,39,29,34,136,79
512,Stockholm,Stockholms län,97,189,15,15,4,17,57,86
460,Stockholm,Stockholms län,102,163,15,15,11,9,51,58
538,Stockholm,Stockholms län,137,205,21,17,7,10,59,43
881,Stockholm,Stockholms län,147,259,56,71,39,23,181,79
1049,Stockholm,Stockholms län,165,337,105,54,37,27,189,100
488,Stockholm,Stockholms län,110,212,10,10,5,7,53,43
501,Stockholm,Stockholms län,121,203,23,16,12,4,39,53
298,Stockholm,Stockholms län,78,119,9,8,1,4,32,29
806,Stockholm,Stockholms län,43,165,37,69,62,25,250,146
1409,Stockholm,Stockholms län,69,316,78,153,107,62,388,219
1100,Stockholm,Stockholms län,49,274,94,122,105,47,262,134
1297,Stockholm,Stockholms län,36,336,96,154,109,48,344,143
1288,Stockholm,Stockholms län,47,344,109,132,97,60,358,133
839,Stockholm,Stockholms län,103,255,66,66,52,38,139,79
993,Stockholm,Stockholms län,111,280,77,87,48,53,183,125
770,Stockholm,Stockholms län,92,246,40,51,32,32,132,115
808,Stockholm,Stockholms län,29,199,59,52,66,47,228,110
660,Stockholm,Stockholms län,226,217,28,26,7,9,27,27
714,Stockholm,Stockholms län,226,227,39,20,11,13,48,59
502,Stockholm,Stockholms län,112,197,12,13,9,14,46,34
831,Stockholm,Stockholms län,305,245,33,23,7,18,42,15
644,Stockholm,Stockholms län,234,217,22,21,1,8,37,33
597,Stockholm,Stockholms län,181,200,16,23,10,31,43,29
662,Stockholm,Stockholms län,224,206,34,29,4,16,30,28
544,Stockholm,Stockholms län,131,185,23,15,3,4,34,24
629,Stockholm,Stockholms län,200,224,35,25,3,9,19,17
597,Stockholm,Stockholms län,158,206,16,23,16,22,53,33
684,Stockholm,Stockholms län,197,220,25,33,1,10,49,25
681,Stockholm,Stockholms län,194,231,23,19,5,8,33,18
399,Stockholm,Stockholms län,114,143,16,7,2,5,14,16
655,Stockholm,Stockholms län,207,212,26,21,2,3,20,20
704,Stockholm,Stockholms län,140,241,28,36,18,32,83,58
661,Stockholm,Stockholms län,214,223,28,28,8,13,37,41
927,Stockholm,Stockholms län,125,301,48,67,45,41,166,103
717,Stockholm,Stockholms län,202,220,28,24,0,6,34,12
545,Stockholm,Stockholms län,59,190,35,28,21,24,75,84
616,Stockholm,Stockholms län,39,140,25,49,49,47,181,78
557,Stockholm,Stockholms län,130,209,18,13,11,13,48,52
569,Stockholm,Stockholms län,182,216,12,13,3,14,53,35
595,Stockholm,Stockholms län,136,224,29,23,7,19,68,60
809,Stockholm,Stockholms län,138,327,55,44,28,22,82,88
730,Stockholm,Stockholms län,145,267,36,34,19,20,86,77
555,Stockholm,Stockholms län,137,217,12,16,10,13,69,45
525,Stockholm,Stockholms län,188,175,14,18,8,10,20,34
474,Stockholm,Stockholms län,141,163,10,21,7,4,29,33
724,Stockholm,Stockholms län,232,241,33,21,7,12,35,43
478,Stockholm,Stockholms län,128,165,20,20,3,7,44,46
610,Stockholm,Stockholms län,187,219,22,22,2,7,21,25
663,Stockholm,Stockholms län,112,242,29,36,28,20,99,60
301,Stockholm,Stockholms län,68,98,13,25,15,7,38,22
716,Stockholm,Stockholms län,138,255,39,38,23,20,93,70
528,Stockholm,Stockholms län,109,189,26,22,6,25,57,57
649,Stockholm,Stockholms län,141,220,23,43,14,19,103,39
715,Stockholm,Stockholms län,124,281,34,31,26,21,99,74
718,Stockholm,Stockholms län,145,244,56,33,25,12,88,82
397,Stockholm,Stockholms län,74,140,15,21,16,6,71,32
545,Stockholm,Stockholms län,152,214,17,15,8,9,44,50
567,Stockholm,Stockholms län,128,206,46,27,9,14,59,51
1214,Upplands Väsby,Stockholms län,160,376,43,63,29,59,242,188
1027,Upplands Väsby,Stockholms län,78,314,69,73,58,47,177,198
883,Upplands Väsby,Stockholms län,48,266,62,54,56,38,166,183
989,Upplands Väsby,Stockholms län,78,306,57,58,47,56,199,165
853,Upplands Väsby,Stockholms län,68,275,45,56,32,41,130,193
900,Upplands Väsby,Stockholms län,92,275,37,43,21,33,139,234
939,Upplands Väsby,Stockholms län,77,285,41,69,52,46,178,176
812,Upplands Väsby,Stockholms län,53,198,23,39,37,51,186,219
627,Upplands Väsby,Stockholms län,104,213,21,34,13,20,80,109
1008,Upplands Väsby,Stockholms län,47,260,47,50,60,53,254,224
518,Upplands Väsby,Stockholms län,77,175,9,15,15,19,51,139
1215,Upplands Väsby,Stockholms län,106,399,56,84,51,57,239,200
916,Upplands Väsby,Stockholms län,69,294,24,38,45,29,180,219
777,Upplands Väsby,Stockholms län,68,247,19,29,19,31,88,253
950,Upplands Väsby,Stockholms län,97,338,25,44,36,34,160,196
613,Upplands Väsby,Stockholms län,78,229,21,24,20,34,63,129
954,Upplands Väsby,Stockholms län,55,233,28,53,38,39,229,262
675,Upplands Väsby,Stockholms län,74,246,23,27,20,44,102,122
587,Upplands Väsby,Stockholms län,79,227,19,23,6,21,65,115
819,Upplands Väsby,Stockholms län,64,287,33,50,32,51,120,173
501,Upplands Väsby,Stockholms län,45,200,17,18,15,19,73,98
481,Upplands Väsby,Stockholms län,73,172,15,19,8,23,62,85
926,Upplands Väsby,Stockholms län,58,233,18,73,41,49,242,203
1254,Upplands Väsby,Stockholms län,33,293,37,106,83,80,404,205
985,Upplands Väsby,Stockholms län,27,317,25,65,50,47,278,173
1463,Upplands Väsby,Stockholms län,55,425,39,105,72,99,370,286
959,Upplands Väsby,Stockholms län,33,230,28,82,55,56,254,215
929,Upplands Väsby,Stockholms län,39,246,30,54,57,44,257,196
1134,Upplands Väsby,Stockholms län,40,250,27,79,56,72,328,266
875,Vallentuna,Stockholms län,62,189,47,70,59,46,222,164
766,Vallentuna,Stockholms län,23,123,27,60,38,51,250,189
1135,Vallentuna,Stockholms län,29,267,69,133,56,55,275,238
1289,Vallentuna,Stockholms län,30,337,49,112,94,72,358,220
1137,Vallentuna,Stockholms län,37,306,60,83,59,66,279,233
1218,Vallentuna,Stockholms län,39,321,75,86,58,60,321,244
1526,Vallentuna,Stockholms län,49,319,80,112,98,93,435,322
743,Vallentuna,Stockholms län,49,228,16,45,34,32,137,193
1217,Vallentuna,Stockholms län,68,398,69,88,53,52,245,229
1076,Vallentuna,Stockholms län,56,347,55,79,61,51,181,224
1465,Vallentuna,Stockholms län,56,359,82,105,106,72,439,233
1288,Vallentuna,Stockholms län,28,285,68,87,89,72,402,249
1277,Vallentuna,Stockholms län,40,262,75,97,68,68,341,311
1163,Vallentuna,Stockholms län,20,227,48,134,102,63,393,160
1477,Vallentuna,Stockholms län,61,350,80,110,106,84,397,275
1358,Vallentuna,Stockholms län,37,341,68,108,96,52,385,263
936,Vallentuna,Stockholms län,39,211,49,82,35,35,199,271
1347,Vallentuna,Stockholms län,60,257,97,99,67,80,282,382
1167,Österåker,Stockholms län,62,270,67,89,78,39,311,222
1280,Österåker,Stockholms län,81,454,36,48,55,44,273,268
1157,Österåker,Stockholms län,83,371,51,75,61,35,232,228
1011,Österåker,Stockholms län,43,288,44,62,52,49,249,211
1210,Österåker,Stockholms län,22,252,68,103,78,52,365,254
1030,Österåker,Stockholms län,33,230,33,91,49,37,274,279
1294,Österåker,Stockholms län,42,254,67,131,111,73,415,175
864,Österåker,Stockholms län,72,262,30,44,35,49,173,180
783,Österåker,Stockholms län,57,242,43,64,39,32,157,144
1469,Österåker,Stockholms län,34,340,58,82,72,74,388,399
1176,Österåker,Stockholms län,29,225,53,98,95,60,433,174
1441,Österåker,Stockholms län,43,341,60,99,76,76,330,400
1170,Österåker,Stockholms län,63,332,50,62,47,55,280,266
906,Österåker,Stockholms län,12,191,51,104,77,38,263,164
1164,Österåker,Stockholms län,39,313,50,96,62,76,308,209
1137,Österåker,Stockholms län,22,204,32,76,85,69,400,234
963,Österåker,Stockholms län,27,247,60,76,65,50,252,179
1488,Österåker,Stockholms län,29,256,66,123,118,80,533,267
765,Österåker,Stockholms län,19,177,45,64,49,44,196,160
1461,Österåker,Stockholms län,73,425,70,105,90,62,363,256
979,Österåker,Stockholms län,62,293,54,50,51,38,220,202
1183,Österåker,Stockholms län,45,327,52,75,70,58,336,207
991,Österåker,Stockholms län,35,283,57,84,67,48,237,164
1156,Österåker,Stockholms län,51,354,61,112,67,51,238,206
1502,Österåker,Stockholms län,23,306,76,125,148,70,535,210
1250,Österåker,Stockholms län,11,231,72,118,122,62,475,151
943,Värmdö,Stockholms län,57,190,61,73,53,47,238,198
1056,Värmdö,Stockholms län,44,224,45,74,56,57,249,293
914,Värmdö,Stockholms län,26,185,34,69,68,40,288,194
1552,Värmdö,Stockholms län,68,370,107,113,99,66,388,326
746,Värmdö,Stockholms län,45,231,38,33,14,39,150,182
1212,Värmdö,Stockholms län,27,283,61,149,93,64,378,150
1421,Värmdö,Stockholms län,44,359,56,86,58,76,342,387
1097,Värmdö,Stockholms län,30,271,70,137,72,41,310,155
1191,Värmdö,Stockholms län,31,240,65,96,76,58,371,250
753,Värmdö,Stockholms län,21,196,38,37,25,31,183,212
799,Värmdö,Stockholms län,36,209,40,34,46,40,176,212
1220,Värmdö,Stockholms län,70,284,79,87,70,77,259,273
1305,Värmdö,Stockholms län,37,299,76,120,86,77,348,246
1111,Värmdö,Stockholms län,42,260,65,68,48,52,276,283
1223,Värmdö,Stockholms län,34,273,35,98,84,65,363,266
1201,Värmdö,Stockholms län,62,296,99,92,59,47,282,248
1257,Värmdö,Stockholms län,94,443,92,73,30,55,190,265
1265,Värmdö,Stockholms län,92,429,110,86,55,44,201,234
1008,Värmdö,Stockholms län,101,343,51,48,32,33,122,257
1015,Värmdö,Stockholms län,60,361,125,91,52,29,159,128
1004,Värmdö,Stockholms län,69,339,68,65,51,42,183,182
898,Värmdö,Stockholms län,23,178,69,116,82,37,234,158
821,Värmdö,Stockholms län,52,254,114,90,47,37,164,58
1164,Värmdö,Stockholms län,28,279,78,144,86,36,376,132
915,Värmdö,Stockholms län,41,285,44,68,40,33,212,179
870,Värmdö,Stockholms län,38,286,58,78,50,41,183,129
939,Värmdö,Stockholms län,61,291,54,91,36,41,213,141
684,Värmdö,Stockholms län,50,183,49,52,26,22,181,114
2916,Järfälla,Stockholms län,388,851,140,179,150,124,573,413
1012,Järfälla,Stockholms län,102,387,48,52,44,33,126,195
1320,Järfälla,Stockholms län,78,317,76,103,71,60,370,223
994,Järfälla,Stockholms län,46,233,40,70,65,45,311,159
973,Järfälla,Stockholms län,62,278,48,81,65,39,232,158
1184,Järfälla,Stockholms län,56,329,59,98,73,45,319,181
1011,Järfälla,Stockholms län,47,206,43,58,69,64,305,200
1452,Järfälla,Stockholms län,209,419,87,115,62,43,303,177
1150,Järfälla,Stockholms län,172,355,55,77,49,49,207,148
705,Järfälla,Stockholms län,78,225,26,47,20,30,196,66
1092,Järfälla,Stockholms län,40,354,56,78,50,52,259,191
1254,Järfälla,Stockholms län,69,388,58,82,81,53,289,213
1143,Järfälla,Stockholms län,57,292,48,79,68,61,307,216
1345,Järfälla,Stockholms län,63,452,47,78,58,67,324,241
975,Järfälla,Stockholms län,58,284,25,69,52,46,223,207
1289,Järfälla,Stockholms län,51,349,67,92,77,71,366,205
1159,Järfälla,Stockholms län,94,391,38,40,49,46,211,259
1180,Järfälla,Stockholms län,59,343,60,77,72,59,297,194
523,Järfälla,Stockholms län,114,184,10,19,17,22,42,65
1260,Järfälla,Stockholms län,67,306,56,107,88,60,369,183
810,Järfälla,Stockholms län,68,291,37,48,52,32,135,119
856,Järfälla,Stockholms län,81,276,52,48,37,38,154,149
919,Järfälla,Stockholms län,39,260,66,78,57,35,241,129
560,Järfälla,Stockholms län,121,213,7,23,13,14,53,62
460,Järfälla,Stockholms län,102,172,17,20,23,17,37,48
1092,Järfälla,Stockholms län,136,402,46,48,41,38,142,199
673,Järfälla,Stockholms län,104,235,28,23,39,23,78,115
678,Järfälla,Stockholms län,100,237,27,34,43,28,86,108
1189,Järfälla,Stockholms län,185,474,31,27,67,39,128,206
1037,Järfälla,Stockholms län,167,383,38,56,64,53,115,135
481,Järfälla,Stockholms län,53,170,17,20,24,30,68,82
1154,Järfälla,Stockholms län,107,301,74,89,77,55,273,160
1470,Järfälla,Stockholms län,114,394,56,82,89,77,385,250
675,Järfälla,Stockholms län,79,202,28,48,31,24,144,96
532,Järfälla,Stockholms län,104,193,18,15,20,21,53,80
1204,Järfälla,Stockholms län,123,438,70,47,42,39,186,238
1299,Järfälla,Stockholms län,125,428,119,70,54,59,205,209
1144,Järfälla,Stockholms län,94,455,47,54,46,39,178,211
698,Järfälla,Stockholms län,62,190,63,38,32,23,136,138
1140,Järfälla,Stockholms län,74,313,67,70,56,37,259,244
1484,Järfälla,Stockholms län,70,351,75,102,68,66,441,286
1369,Järfälla,Stockholms län,52,399,96,100,69,64,356,205
548,Järfälla,Stockholms län,76,226,16,23,6,12,72,92
523,Ekerö,Stockholms län,45,103,32,41,42,23,149,79
810,Ekerö,Stockholms län,30,164,30,67,32,52,182,243
519,Ekerö,Stockholms län,21,132,37,37,21,32,83,151
1078,Ekerö,Stockholms län,38,243,63,129,80,56,314,149
1057,Ekerö,Stockholms län,65,347,47,71,54,55,207,182
1227,Ekerö,Stockholms län,50,349,71,95,83,77,279,211
1041,Ekerö,Stockholms län,16,197,59,149,95,48,354,113
1231,Ekerö,Stockholms län,21,276,69,136,99,75,376,170
1072,Ekerö,Stockholms län,23,223,61,110,87,66,328,169
1162,Ekerö,Stockholms län,30,242,78,107,75,71,315,238
532,Ekerö,Stockholms län,39,178,43,33,25,21,82,105
599,Ekerö,Stockholms län,18,119,43,51,51,35,170,105
897,Ekerö,Stockholms län,11,174,46,99,69,58,314,125
638,Ekerö,Stockholms län,28,130,71,67,55,29,147,101
1020,Ekerö,Stockholms län,38,215,67,73,44,76,224,274
887,Ekerö,Stockholms län,44,219,68,54,48,57,197,189
694,Ekerö,Stockholms län,32,134,63,55,34,30,177,160
1156,Ekerö,Stockholms län,42,284,58,91,58,60,288,262
1108,Ekerö,Stockholms län,52,272,43,91,53,68,233,277
935,Ekerö,Stockholms län,43,186,63,106,45,41,239,200
2806,Huddinge,Stockholms län,405,771,160,164,109,100,607,422
1258,Huddinge,Stockholms län,48,343,104,120,81,43,304,206
1318,Huddinge,Stockholms län,52,377,76,150,71,67,365,145
920,Huddinge,Stockholms län,53,270,87,74,58,36,205,132
1486,Huddinge,Stockholms län,76,394,77,137,79,67,394,250
931,Huddinge,Stockholms län,49,273,61,79,49,38,223,145
1424,Huddinge,Stockholms län,57,382,99,99,79,59,376,260
805,Huddinge,Stockholms län,54,286,33,48,32,27,139,174
761,Huddinge,Stockholms län,41,219,26,50,39,52,205,121
1132,Huddinge,Stockholms län,34,345,89,87,64,51,263,182
906,Huddinge,Stockholms län,42,266,87,87,79,35,161,145
856,Huddinge,Stockholms län,28,252,66,103,62,27,185,123
942,Huddinge,Stockholms län,35,205,51,46,30,35,190,338
1045,Huddinge,Stockholms län,49,294,67,73,48,57,262,183
1351,Huddinge,Stockholms län,59,365,146,145,110,49,272,186
1088,Huddinge,Stockholms län,46,315,83,96,77,42,271,148
1004,Huddinge,Stockholms län,28,277,62,80,77,34,279,161
900,Huddinge,Stockholms län,90,284,31,39,40,33,149,210
994,Huddinge,Stockholms län,87,351,63,52,41,32,148,203
848,Huddinge,Stockholms län,59,237,42,73,41,31,200,144
836,Huddinge,Stockholms län,100,330,27,31,26,24,109,165
1082,Huddinge,Stockholms län,59,315,84,102,64,39,260,150
1067,Huddinge,Stockholms län,90,315,53,60,58,51,221,201
1211,Huddinge,Stockholms län,72,303,82,117,55,50,300,220
941,Huddinge,Stockholms län,54,279,82,69,47,29,205,161
871,Huddinge,Stockholms län,47,302,43,45,49,46,190,142
1025,Huddinge,Stockholms län,36,264,67,102,70,43,305,132
886,Huddinge,Stockholms län,43,190,66,61,40,44,183,248
992,Huddinge,Stockholms län,84,297,51,63,40,32,186,228
964,Huddinge,Stockholms län,111,334,34,33,33,30,156,217
1006,Huddinge,Stockholms län,45,225,66,94,60,36,276,194
771,Huddinge,Stockholms län,112,279,34,16,21,22,93,164
801,Huddinge,Stockholms län,124,307,33,31,15,20,87,139
527,Huddinge,Stockholms län,95,188,13,24,17,15,57,73
536,Huddinge,Stockholms län,71,194,23,26,16,17,63,93
850,Huddinge,Stockholms län,74,293,35,28,34,38,148,174
1164,Huddinge,Stockholms län,94,338,77,58,63,44,231,236
1003,Huddinge,Stockholms län,69,318,63,53,42,48,214,181
1303,Huddinge,Stockholms län,55,387,75,102,82,51,324,213
1069,Huddinge,Stockholms län,38,230,53,118,82,41,348,146
1349,Huddinge,Stockholms län,53,319,35,105,76,52,389,290
1092,Huddinge,Stockholms län,72,321,47,64,49,46,296,178
1070,Huddinge,Stockholms län,68,292,92,87,62,36,255,167
1329,Huddinge,Stockholms län,63,358,67,137,75,55,346,210
694,Huddinge,Stockholms län,151,309,17,24,6,15,46,79
688,Huddinge,Stockholms län,166,279,17,20,6,22,55,84
536,Huddinge,Stockholms län,58,211,22,32,17,11,91,60
618,Huddinge,Stockholms län,105,244,17,27,7,14,59,115
502,Huddinge,Stockholms län,94,172,15,21,7,22,67,80
995,Huddinge,Stockholms län,45,307,55,60,49,35,239,195
1202,Huddinge,Stockholms län,44,269,77,95,69,41,384,215
1051,Huddinge,Stockholms län,80,266,39,73,63,42,290,190
799,Huddinge,Stockholms län,70,221,41,60,35,30,182,139
423,Huddinge,Stockholms län,78,217,10,14,4,9,38,36
621,Huddinge,Stockholms län,118,276,13,17,5,6,73,45
615,Huddinge,Stockholms län,127,215,33,29,12,19,74,73
406,Huddinge,Stockholms län,77,182,4,10,9,6,46,47
641,Huddinge,Stockholms län,89,274,28,23,10,10,83,97
793,Huddinge,Stockholms län,186,291,27,19,11,24,65,131
593,Huddinge,Stockholms län,133,162,42,41,17,26,78,69
673,Huddinge,Stockholms län,59,192,32,37,28,38,136,133
551,Huddinge,Stockholms län,141,179,53,39,10,17,58,31
419,Huddinge,Stockholms län,65,151,21,17,10,11,48,82
823,Huddinge,Stockholms län,59,217,37,44,29,48,235,144
771,Huddinge,Stockholms län,58,165,28,50,39,39,234,144
1895,Botkyrka,Stockholms län,277,620,65,85,52,98,302,320
667,Botkyrka,Stockholms län,22,162,62,69,33,38,164,108
827,Botkyrka,Stockholms län,62,272,51,54,43,31,157,136
1047,Botkyrka,Stockholms län,91,364,55,58,37,52,172,204
1200,Botkyrka,Stockholms län,65,318,74,92,79,56,265,237
987,Botkyrka,Stockholms län,78,323,46,52,42,44,152,232
682,Botkyrka,Stockholms län,46,224,55,41,39,29,125,115
1151,Botkyrka,Stockholms län,66,446,71,71,54,47,199,189
909,Botkyrka,Stockholms län,39,273,69,73,42,41,194,169
1451,Botkyrka,Stockholms län,98,384,63,102,69,85,336,294
962,Botkyrka,Stockholms län,43,229,64,86,67,42,235,188
1061,Botkyrka,Stockholms län,38,281,59,78,84,44,247,215
716,Botkyrka,Stockholms län,35,159,39,67,38,44,174,149
691,Botkyrka,Stockholms län,69,234,25,11,17,28,94,190
1022,Botkyrka,Stockholms län,71,214,19,29,35,80,284,264
889,Botkyrka,Stockholms län,100,275,45,52,33,51,136,172
929,Botkyrka,Stockholms län,55,294,37,46,36,61,211,166
1073,Botkyrka,Stockholms län,39,245,48,82,73,53,288,230
937,Botkyrka,Stockholms län,48,280,35,41,38,63,211,208
1318,Botkyrka,Stockholms län,101,382,28,53,45,104,304,262
687,Botkyrka,Stockholms län,125,231,17,22,10,41,94,109
942,Botkyrka,Stockholms län,134,363,38,30,11,63,107,165
633,Botkyrka,Stockholms län,79,226,19,22,11,22,70,162
1208,Botkyrka,Stockholms län,74,409,58,83,29,74,256,193
785,Botkyrka,Stockholms län,111,287,27,23,23,22,74,196
1017,Botkyrka,Stockholms län,57,307,39,57,42,86,222,166
677,Botkyrka,Stockholms län,48,223,30,31,14,32,118,171
1019,Botkyrka,Stockholms län,62,323,37,43,27,62,172,275
1316,Botkyrka,Stockholms län,53,253,63,65,51,76,241,506
579,Botkyrka,Stockholms län,28,136,15,26,22,28,150,170
792,Botkyrka,Stockholms län,112,301,21,19,14,41,128,87
661,Botkyrka,Stockholms län,124,298,27,13,4,31,50,56
691,Botkyrka,Stockholms län,77,259,26,16,14,58,108,89
340,Botkyrka,Stockholms län,91,126,13,22,5,8,39,26
394,Botkyrka,Stockholms län,71,180,3,10,3,12,35,57
644,Botkyrka,Stockholms län,143,260,30,28,8,15,50,79
687,Botkyrka,Stockholms län,124,317,29,21,5,19,68,61
543,Botkyrka,Stockholms län,128,235,17,12,5,19,44,45
549,Botkyrka,Stockholms län,126,238,13,9,1,14,47,39
633,Botkyrka,Stockholms län,150,266,20,19,1,22,56,59
596,Botkyrka,Stockholms län,110,227,11,20,2,25,93,38
690,Botkyrka,Stockholms län,78,216,18,29,11,92,126,98
666,Botkyrka,Stockholms län,71,209,7,19,8,114,100,114
591,Botkyrka,Stockholms län,82,191,9,23,12,53,82,119
536,Botkyrka,Stockholms län,82,204,8,13,7,41,70,80
832,Botkyrka,Stockholms län,86,281,4,12,5,126,128,153
761,Botkyrka,Stockholms län,41,193,2,24,17,213,130,122
585,Botkyrka,Stockholms län,82,242,12,17,7,73,59,53
732,Botkyrka,Stockholms län,120,279,12,9,6,125,62,74
610,Botkyrka,Stockholms län,135,215,14,8,5,55,56,84
686,Botkyrka,Stockholms län,127,250,24,14,9,25,63,138
766,Botkyrka,Stockholms län,94,236,24,26,13,59,131,150
812,Salem,Stockholms län,64,211,35,39,26,57,188,162
1171,Salem,Stockholms län,29,269,81,109,94,51,299,224
1008,Salem,Stockholms län,30,280,84,115,82,42,260,104
1020,Salem,Stockholms län,79,306,29,46,44,64,210,229
1036,Salem,Stockholms län,44,348,24,55,38,62,234,217
943,Salem,Stockholms län,43,264,29,43,26,63,233,229
1006,Salem,Stockholms län,42,284,57,78,57,71,226,176
920,Salem,Stockholms län,50,308,28,40,35,46,183,209
1155,Salem,Stockholms län,73,283,34,45,41,79,291,292
999,Salem,Stockholms län,31,253,98,104,70,42,271,127
927,Haninge,Stockholms län,112,250,35,65,24,36,210,168
1205,Haninge,Stockholms län,36,296,72,79,64,56,349,236
1692,Haninge,Stockholms län,52,424,81,145,94,76,469,340
1216,Haninge,Stockholms län,57,390,38,52,64,53,298,247
1325,Haninge,Stockholms län,41,338,37,96,37,59,412,282
1240,Haninge,Stockholms län,75,344,60,64,63,53,257,300
1131,Haninge,Stockholms län,44,320,65,63,50,54,279,238
1304,Haninge,Stockholms län,62,391,46,73,70,67,331,251
888,Haninge,Stockholms län,28,263,28,66,50,30,256,160
1074,Haninge,Stockholms län,40,322,42,69,64,67,232,230
926,Haninge,Stockholms län,51,271,26,23,34,44,232,234
1447,Haninge,Stockholms län,84,361,52,97,70,69,404,278
1103,Haninge,Stockholms län,80,342,34,62,21,40,231,272
850,Haninge,Stockholms län,140,303,15,27,9,20,83,223
897,Haninge,Stockholms län,81,356,22,31,21,27,133,194
932,Haninge,Stockholms län,18,241,40,85,81,39,249,169
556,Haninge,Stockholms län,63,212,19,6,12,22,83,123
508,Haninge,Stockholms län,69,195,10,13,12,6,57,116
922,Haninge,Stockholms län,97,299,30,48,36,35,176,165
506,Haninge,Stockholms län,19,174,15,21,20,27,109,111
1233,Haninge,Stockholms län,131,456,43,50,32,44,156,285
681,Haninge,Stockholms län,86,221,27,25,26,17,101,163
793,Haninge,Stockholms län,94,264,29,38,36,25,138,145
1283,Haninge,Stockholms län,86,307,43,79,46,65,391,250
895,Haninge,Stockholms län,85,336,20,49,36,42,149,162
1116,Haninge,Stockholms län,78,305,49,87,55,38,294,192
529,Haninge,Stockholms län,95,219,11,13,12,12,43,99
606,Haninge,Stockholms län,127,266,18,13,4,11,31,98
647,Haninge,Stockholms län,114,259,24,16,10,21,53,113
588,Haninge,Stockholms län,92,247,28,20,7,16,38,120
674,Haninge,Stockholms län,54,230,29,46,13,24,126,134
1147,Haninge,Stockholms län,132,397,47,59,39,42,156,235
599,Haninge,Stockholms län,60,217,14,29,23,15,104,121
918,Haninge,Stockholms län,98,291,21,42,29,17,164,221
1224,Haninge,Stockholms län,160,419,49,61,37,47,200,207
824,Haninge,Stockholms län,58,339,22,47,24,21,132,150
898,Haninge,Stockholms län,121,230,48,57,30,38,157,190
1410,Haninge,Stockholms län,49,271,63,89,83,86,440,314
1065,Haninge,Stockholms län,43,236,42,53,38,55,246,339
957,Haninge,Stockholms län,42,226,44,39,45,50,203,293
1366,Haninge,Stockholms län,85,391,61,81,63,65,251,345
1150,Haninge,Stockholms län,42,266,44,49,37,44,241,410
1110,Haninge,Stockholms län,102,384,26,23,28,52,158,319
820,Haninge,Stockholms län,70,258,29,27,21,25,116,254
1671,Haninge,Stockholms län,75,471,64,100,71,97,401,359
743,Haninge,Stockholms län,47,147,32,50,42,38,171,204
984,Haninge,Stockholms län,44,287,36,49,30,39,216,262
1165,Haninge,Stockholms län,50,295,43,80,43,54,259,326
1500,Haninge,Stockholms län,49,362,44,86,51,66,300,517
704,Haninge,Stockholms län,55,208,38,29,29,36,127,169
540,Haninge,Stockholms län,22,148,14,33,18,31,113,155
949,Tyresö,Stockholms län,65,261,55,80,49,43,196,176
1013,Tyresö,Stockholms län,71,384,36,45,45,34,173,214
1334,Tyresö,Stockholms län,71,533,70,77,53,45,224,247
1236,Tyresö,Stockholms län,67,487,57,55,61,37,242,218
914,Tyresö,Stockholms län,109,336,31,22,20,42,107,229
1118,Tyresö,Stockholms län,46,364,101,98,65,36,263,132
1025,Tyresö,Stockholms län,34,368,56,57,51,40,237,170
1309,Tyresö,Stockholms län,68,463,64,56,76,50,268,251
1130,Tyresö,Stockholms län,38,355,75,87,63,47,257,200
1303,Tyresö,Stockholms län,34,334,94,116,81,62,348,223
848,Tyresö,Stockholms län,21,163,48,79,67,22,314,128
1192,Tyresö,Stockholms län,32,343,102,112,84,44,295,171
1407,Tyresö,Stockholms län,39,301,98,86,83,58,391,331
1237,Tyresö,Stockholms län,36,284,79,83,58,47,355,279
1298,Tyresö,Stockholms län,19,286,68,117,109,51,445,195
1185,Tyresö,Stockholms län,37,308,78,94,80,64,321,197
1154,Tyresö,Stockholms län,59,370,50,80,71,41,266,209
1549,Tyresö,Stockholms län,64,397,64,130,93,73,412,302
1282,Tyresö,Stockholms län,54,330,53,99,76,46,377,235
1377,Tyresö,Stockholms län,33,365,62,112,102,59,400,236
1122,Tyresö,Stockholms län,64,310,47,68,62,44,287,223
1330,Tyresö,Stockholms län,139,407,57,70,49,46,197,344
861,Tyresö,Stockholms län,116,325,24,28,14,28,100,194
1170,Tyresö,Stockholms län,76,375,53,58,60,36,278,221
1258,Tyresö,Stockholms län,101,389,59,58,46,58,241,281
721,Tyresö,Stockholms län,63,200,34,28,45,29,174,132
761,Upplands-Bro,Stockholms län,112,196,25,50,26,34,153,125
776,Upplands-Bro,Stockholms län,76,231,25,43,36,43,123,172
960,Upplands-Bro,Stockholms län,132,334,24,31,20,39,120,232
838,Upplands-Bro,Stockholms län,139,294,29,28,21,44,97,159
1408,Upplands-Bro,Stockholms län,65,354,41,76,68,83,348,354
681,Upplands-Bro,Stockholms län,19,153,41,59,28,33,166,179
526,Upplands-Bro,Stockholms län,47,118,31,46,29,32,102,105
843,Upplands-Bro,Stockholms län,51,278,34,36,47,42,185,154
1388,Upplands-Bro,Stockholms län,68,395,64,88,61,76,341,282
1116,Upplands-Bro,Stockholms län,53,349,47,56,59,55,211,266
958,Upplands-Bro,Stockholms län,62,219,27,53,61,50,284,196
1224,Upplands-Bro,Stockholms län,99,360,40,68,61,94,250,223
1157,Upplands-Bro,Stockholms län,59,312,24,49,47,62,315,274
1109,Upplands-Bro,Stockholms län,38,313,21,56,39,59,250,317
747,Upplands-Bro,Stockholms län,53,250,26,32,19,49,137,162
841,Upplands-Bro,Stockholms län,47,273,26,55,47,46,191,151
1138,Upplands-Bro,Stockholms län,32,223,31,51,48,69,255,408
505,Nykvarn,Stockholms län,15,100,11,35,23,31,123,165
1241,Nykvarn,Stockholms län,21,290,41,88,52,66,323,353
965,Nykvarn,Stockholms län,21,273,30,45,60,45,272,217
1397,Nykvarn,Stockholms län,41,328,26,69,52,78,402,391
1301,Nykvarn,Stockholms län,27,342,44,68,76,70,355,313
831,Nykvarn,Stockholms län,32,250,17,28,29,36,141,288
1036,Nykvarn,Stockholms län,25,228,17,54,31,58,247,363
826,Täby,Stockholms län,47,124,48,75,98,44,277,96
1069,Täby,Stockholms län,19,201,58,118,107,68,353,134
1244,Täby,Stockholms län,25,297,68,131,123,58,369,165
1371,Täby,Stockholms län,15,251,61,154,103,66,512,196
1333,Täby,Stockholms län,31,327,88,138,119,58,381,180
1127,Täby,Stockholms län,28,178,36,103,95,56,446,177
1109,Täby,Stockholms län,23,240,54,93,113,54,388,133
965,Täby,Stockholms län,14,179,65,124,87,50,313,122
1079,Täby,Stockholms län,19,215,57,122,100,58,370,130
1411,Täby,Stockholms län,14,250,63,154,166,79,503,174
1531,Täby,Stockholms län,23,241,62,158,180,90,598,169
1248,Täby,Stockholms län,34,235,53,132,135,61,429,160
961,Täby,Stockholms län,18,169,37,120,108,40,350,109
1233,Täby,Stockholms län,22,251,44,140,146,58,426,134
1049,Täby,Stockholms län,11,194,80,157,138,39,327,90
1209,Täby,Stockholms län,48,246,64,115,103,59,419,136
790,Täby,Stockholms län,15,238,26,44,55,48,208,147
915,Täby,Stockholms län,20,183,29,69,89,53,338,119
894,Täby,Stockholms län,38,242,43,70,93,50,214,135
940,Täby,Stockholms län,33,157,50,111,118,55,321,90
1092,Täby,Stockholms län,46,179,47,97,80,75,400,153
725,Täby,Stockholms län,12,131,36,91,59,43,252,91
930,Täby,Stockholms län,13,150,61,92,84,65,350,110
1427,Täby,Stockholms län,35,280,68,141,142,71,479,193
782,Täby,Stockholms län,59,231,29,40,36,38,191,150
1203,Täby,Stockholms län,56,326,43,73,91,58,325,220
1023,Täby,Stockholms län,54,284,51,61,79,43,257,178
1292,Täby,Stockholms län,27,286,59,125,151,48,442,147
814,Täby,Stockholms län,45,220,31,65,54,42,196,149
1349,Täby,Stockholms län,58,348,58,116,108,67,381,199
914,Täby,Stockholms län,60,193,37,97,78,45,271,124
877,Täby,Stockholms län,34,234,43,58,61,51,250,136
1186,Täby,Stockholms län,10,185,71,145,132,64,472,98
1227,Täby,Stockholms län,76,339,70,95,78,64,248,238
1562,Täby,Stockholms län,21,230,70,201,198,88,591,152
1218,Täby,Stockholms län,49,233,49,120,100,67,424,155
1279,Täby,Stockholms län,25,241,55,108,114,61,499,160
1192,Täby,Stockholms län,10,117,38,135,158,65,565,98
1413,Täby,Stockholms län,23,214,47,133,128,78,594,176
1268,Täby,Stockholms län,26,238,43,110,117,79,474,167
761,Täby,Stockholms län,8,98,37,103,100,44,285,77
839,Täby,Stockholms län,15,75,18,105,123,50,375,76
1056,Täby,Stockholms län,63,198,46,110,101,53,329,132
1190,Danderyd,Stockholms län,57,162,75,110,124,61,454,136
1082,Danderyd,Stockholms län,13,146,38,136,158,73,430,79
977,Danderyd,Stockholms län,19,137,39,95,146,61,348,117
1159,Danderyd,Stockholms län,24,141,51,145,170,62,455,102
1135,Danderyd,Stockholms län,35,204,53,95,111,59,415,151
1111,Danderyd,Stockholms län,44,227,66,107,105,49,319,181
1206,Danderyd,Stockholms län,40,193,40,133,129,56,438,154
767,Danderyd,Stockholms län,19,148,35,74,76,40,256,108
1119,Danderyd,Stockholms län,2,119,38,138,184,68,478,85
1094,Danderyd,Stockholms län,16,165,43,149,161,50,392,112
960,Danderyd,Stockholms län,9,79,27,58,104,84,455,138
888,Danderyd,Stockholms län,7,54,27,53,105,61,481,95
958,Danderyd,Stockholms län,17,112,42,95,110,53,394,126
1035,Danderyd,Stockholms län,22,88,51,112,131,73,451,103
1001,Danderyd,Stockholms län,16,82,44,119,135,74,437,86
943,Danderyd,Stockholms län,2,64,23,65,103,59,500,126
902,Danderyd,Stockholms län,10,30,19,61,89,74,527,88
1006,Danderyd,Stockholms län,6,70,31,79,150,41,512,109
1055,Danderyd,Stockholms län,21,97,52,114,136,54,478,95
893,Danderyd,Stockholms län,72,197,47,88,72,54,241,107
1177,Danderyd,Stockholms län,14,193,58,137,165,79,414,107
1822,Sollentuna,Stockholms län,187,449,139,152,117,73,462,190
1060,Sollentuna,Stockholms län,49,288,79,128,62,44,257,148
1172,Sollentuna,Stockholms län,25,305,78,111,79,75,318,164
714,Sollentuna,Stockholms län,85,249,35,35,24,27,82,148
454,Sollentuna,Stockholms län,42,138,21,23,13,16,80,106
718,Sollentuna,Stockholms län,61,177,29,38,33,43,156,164
741,Sollentuna,Stockholms län,40,244,30,58,44,23,151,143
1176,Sollentuna,Stockholms län,21,275,98,125,118,43,333,151
1236,Sollentuna,Stockholms län,50,340,89,129,89,60,315,155
982,Sollentuna,Stockholms län,35,298,57,83,59,45,245,146
1175,Sollentuna,Stockholms län,63,360,78,98,105,54,273,136
1102,Sollentuna,Stockholms län,52,273,73,138,94,40,285,139
979,Sollentuna,Stockholms län,55,256,44,102,99,40,265,106
1142,Sollentuna,Stockholms län,45,268,77,133,106,44,325,134
822,Sollentuna,Stockholms län,40,206,48,92,57,41,242,87
950,Sollentuna,Stockholms län,41,296,49,73,71,50,235,122
1090,Sollentuna,Stockholms län,77,361,48,72,61,59,206,187
1103,Sollentuna,Stockholms län,36,309,96,129,95,53,258,119
976,Sollentuna,Stockholms län,35,194,59,98,124,48,293,114
851,Sollentuna,Stockholms län,74,215,61,73,62,41,200,115
816,Sollentuna,Stockholms län,79,252,49,54,46,35,136,136
833,Sollentuna,Stockholms län,92,300,35,55,32,30,122,138
717,Sollentuna,Stockholms län,93,258,43,35,24,17,88,131
801,Sollentuna,Stockholms län,62,259,51,63,30,41,152,125
711,Sollentuna,Stockholms län,65,214,39,46,41,29,146,114
1192,Sollentuna,Stockholms län,59,319,64,114,89,66,320,141
1172,Sollentuna,Stockholms län,64,296,50,117,115,56,345,114
940,Sollentuna,Stockholms län,78,247,53,108,90,41,213,95
493,Sollentuna,Stockholms län,90,194,17,19,16,20,49,59
788,Sollentuna,Stockholms län,138,318,38,31,27,21,96,85
964,Sollentuna,Stockholms län,46,240,59,124,91,44,251,102
1256,Sollentuna,Stockholms län,33,203,74,198,136,58,410,142
1001,Sollentuna,Stockholms län,81,304,43,77,89,45,241,109
1021,Sollentuna,Stockholms län,90,371,47,82,46,35,213,110
531,Sollentuna,Stockholms län,117,197,9,21,9,12,58,56
1049,Sollentuna,Stockholms län,19,191,53,116,109,50,391,108
924,Sollentuna,Stockholms län,31,200,57,87,95,42,290,118
892,Sollentuna,Stockholms län,38,202,47,71,83,55,251,133
906,Sollentuna,Stockholms län,58,249,52,77,64,45,190,160
1241,Sollentuna,Stockholms län,28,233,105,157,128,60,402,121
1003,Sollentuna,Stockholms län,61,223,56,103,89,50,271,131
889,Sollentuna,Stockholms län,120,281,40,57,50,30,176,115
1085,Sollentuna,Stockholms län,26,275,74,127,77,68,302,128
1237,Sollentuna,Stockholms län,27,199,56,165,157,64,423,134
1304,Sollentuna,Stockholms län,26,278,66,164,140,51,463,103
1432,Södertälje,Stockholms län,136,353,87,66,70,102,305,271
865,Södertälje,Stockholms län,92,261,38,40,36,51,114,222
780,Södertälje,Stockholms län,61,245,18,22,22,45,143,209
561,Södertälje,Stockholms län,79,163,13,11,22,46,93,121
990,Södertälje,Stockholms län,55,298,14,36,32,80,213,248
809,Södertälje,Stockholms län,50,226,38,43,35,53,148,207
937,Södertälje,Stockholms län,63,268,20,37,28,109,255,140
1007,Södertälje,Stockholms län,74,313,35,68,52,51,205,195
816,Södertälje,Stockholms län,81,244,40,31,25,46,169,169
860,Södertälje,Stockholms län,74,288,26,26,24,83,166,144
1117,Södertälje,Stockholms län,84,350,49,50,42,60,212,252
658,Södertälje,Stockholms län,55,210,33,23,13,46,139,131
435,Södertälje,Stockholms län,37,139,9,12,13,23,70,123
1106,Södertälje,Stockholms län,68,383,43,43,35,75,202,247
509,Södertälje,Stockholms län,68,157,9,17,22,48,69,102
615,Södertälje,Stockholms län,58,162,14,15,21,96,134,103
1140,Södertälje,Stockholms län,47,177,10,34,47,258,400,157
1491,Södertälje,Stockholms län,76,430,94,105,64,103,358,243
572,Södertälje,Stockholms län,65,187,14,22,18,41,104,100
1113,Södertälje,Stockholms län,61,324,56,58,50,70,269,207
853,Södertälje,Stockholms län,60,273,28,42,34,40,154,210
838,Södertälje,Stockholms län,63,283,45,29,21,41,153,190
1162,Södertälje,Stockholms län,76,329,51,58,29,86,276,237
828,Södertälje,Stockholms län,86,224,37,27,28,43,148,216
872,Södertälje,Stockholms län,62,276,19,30,33,81,160,196
522,Södertälje,Stockholms län,43,183,9,17,17,49,72,126
802,Södertälje,Stockholms län,48,290,23,26,28,62,127,185
619,Södertälje,Stockholms län,69,243,15,15,13,62,90,97
888,Södertälje,Stockholms län,21,205,33,60,36,63,224,236
1006,Södertälje,Stockholms län,26,208,15,40,32,193,308,174
734,Södertälje,Stockholms län,36,192,22,30,31,96,176,142
1463,Södertälje,Stockholms län,48,375,61,88,91,109,382,295
396,Södertälje,Stockholms län,54,165,4,8,24,30,51,46
446,Södertälje,Stockholms län,42,172,9,12,30,46,72,50
812,Södertälje,Stockholms län,59,196,25,42,37,88,181,168
945,Södertälje,Stockholms län,36,252,39,51,37,45,213,268
1072,Södertälje,Stockholms län,36,278,47,90,34,42,269,267
1271,Södertälje,Stockholms län,111,317,176,67,32,54,208,287
1480,Södertälje,Stockholms län,112,409,178,81,44,50,260,319
784,Södertälje,Stockholms län,114,227,92,25,12,28,59,191
1089,Södertälje,Stockholms län,84,336,85,62,24,60,184,233
1028,Södertälje,Stockholms län,29,241,29,55,42,47,344,230
1315,Södertälje,Stockholms län,100,240,280,64,38,40,222,287
864,Södertälje,Stockholms län,55,247,115,69,24,25,145,161
1481,Södertälje,Stockholms län,76,381,70,102,40,70,300,427
812,Södertälje,Stockholms län,25,230,4,14,34,119,210,165
636,Södertälje,Stockholms län,60,225,7,9,28,100,102,94
639,Södertälje,Stockholms län,53,171,7,17,46,95,149,92
625,Södertälje,Stockholms län,42,225,11,20,1,119,116,79
371,Södertälje,Stockholms län,39,146,5,9,10,65,49,35
795,Södertälje,Stockholms län,70,221,14,27,33,87,135,191
718,Södertälje,Stockholms län,40,226,14,27,19,117,124,136
807,Södertälje,Stockholms län,39,191,21,25,29,121,230,141
1168,Nacka,Stockholms län,65,249,112,119,99,50,316,143
1487,Nacka,Stockholms län,51,406,127,161,148,78,388,116
903,Nacka,Stockholms län,153,299,90,40,32,25,118,127
1007,Nacka,Stockholms län,104,328,85,93,57,39,177,110
1228,Nacka,Stockholms län,29,346,97,150,91,73,330,98
1529,Nacka,Stockholms län,137,493,134,101,81,67,280,209
882,Nacka,Stockholms län,45,239,110,101,77,33,207,62
1413,Nacka,Stockholms län,60,394,180,178,102,37,307,142
1392,Nacka,Stockholms län,51,380,168,173,130,42,334,98
1139,Nacka,Stockholms län,98,352,51,79,70,40,278,153
833,Nacka,Stockholms län,68,249,68,53,55,23,175,127
1008,Nacka,Stockholms län,86,328,83,82,54,31,185,145
1295,Nacka,Stockholms län,62,377,79,130,90,56,332,156
1226,Nacka,Stockholms län,33,268,108,164,143,49,349,104
995,Nacka,Stockholms län,27,253,89,153,79,41,271,78
1160,Nacka,Stockholms län,113,326,68,117,70,34,264,149
1043,Nacka,Stockholms län,83,347,162,100,52,29,153,107
1351,Nacka,Stockholms län,45,245,104,170,178,57,422,118
1063,Nacka,Stockholms län,35,235,121,140,117,36,317,58
822,Nacka,Stockholms län,50,220,69,82,64,28,200,99
1178,Nacka,Stockholms län,29,232,83,192,122,43,381,91
1267,Nacka,Stockholms län,36,305,142,136,110,44,348,136
1304,Nacka,Stockholms län,48,375,118,155,100,60,290,151
992,Nacka,Stockholms län,81,388,62,49,32,38,145,184
769,Nacka,Stockholms län,91,287,23,29,28,24,97,166
1258,Nacka,Stockholms län,33,370,141,145,97,41,290,130
1081,Nacka,Stockholms län,44,297,102,108,65,44,268,142
864,Nacka,Stockholms län,23,262,70,115,74,28,225,62
883,Nacka,Stockholms län,153,307,59,40,23,36,118,100
638,Nacka,Stockholms län,133,254,26,23,4,21,49,74
872,Nacka,Stockholms län,95,298,46,50,37,29,166,118
643,Nacka,Stockholms län,132,249,23,33,8,17,54,93
876,Nacka,Stockholms län,48,218,66,106,65,43,230,93
1350,Nacka,Stockholms län,32,255,76,183,127,51,474,135
1264,Nacka,Stockholms län,44,245,59,164,97,62,451,130
1238,Nacka,Stockholms län,82,248,77,122,119,45,379,147
1220,Nacka,Stockholms län,19,181,68,151,124,64,463,135
1139,Nacka,Stockholms län,15,156,56,137,135,51,459,116
1167,Nacka,Stockholms län,52,310,69,79,64,73,333,172
985,Nacka,Stockholms län,19,110,58,105,126,53,416,90
1317,Nacka,Stockholms län,15,146,69,122,125,66,613,152
1174,Nacka,Stockholms län,14,101,38,101,126,71,590,123
1426,Nacka,Stockholms län,49,259,106,180,133,63,461,164
1197,Nacka,Stockholms län,82,333,57,110,76,54,278,194
1349,Nacka,Stockholms län,26,282,80,168,139,56,439,146
1483,Nacka,Stockholms län,24,299,82,196,132,60,488,195
1143,Nacka,Stockholms län,28,193,71,178,103,32,420,112
1523,Nacka,Stockholms län,38,313,64,197,131,59,538,163
1367,Nacka,Stockholms län,84,479,84,77,73,54,267,228
690,Nacka,Stockholms län,62,199,51,43,35,25,124,140
874,Nacka,Stockholms län,91,351,47,53,21,19,125,145
817,Nacka,Stockholms län,92,295,40,44,31,23,111,168
1347,Nacka,Stockholms län,80,435,102,149,90,40,289,149
1203,Nacka,Stockholms län,29,241,94,131,95,44,392,167
1165,Nacka,Stockholms län,39,251,72,131,83,56,334,195
1184,Nacka,Stockholms län,44,266,56,129,92,45,384,153
994,Nacka,Stockholms län,53,239,73,104,68,52,288,103
1261,Nacka,Stockholms län,39,270,56,158,84,58,448,142
1635,Nacka,Stockholms län,61,321,189,212,124,60,415,241
1970,Sundbyberg,Stockholms län,224,527,124,193,129,63,434,234
1189,Sundbyberg,Stockholms län,110,375,79,77,82,42,219,186
1280,Sundbyberg,Stockholms län,83,420,78,121,88,42,272,161
1100,Sundbyberg,Stockholms län,104,323,72,80,70,38,254,145
934,Sundbyberg,Stockholms län,72,262,69,74,59,32,210,147
1362,Sundbyberg,Stockholms län,107,391,90,131,93,49,321,168
787,Sundbyberg,Stockholms län,84,210,56,75,47,27,159,119
998,Sundbyberg,Stockholms län,91,315,68,66,64,35,194,153
780,Sundbyberg,Stockholms län,71,236,54,62,51,31,165,102
1159,Sundbyberg,Stockholms län,104,363,80,100,90,40,229,141
1099,Sundbyberg,Stockholms län,81,335,87,91,85,27,249,132
978,Sundbyberg,Stockholms län,88,299,57,82,57,29,207,145
1047,Sundbyberg,Stockholms län,129,373,68,36,34,34,133,220
1096,Sundbyberg,Stockholms län,168,386,60,40,38,36,142,199
924,Sundbyberg,Stockholms län,148,339,48,52,39,38,133,100
673,Sundbyberg,Stockholms län,139,271,23,20,24,20,82,67
585,Sundbyberg,Stockholms län,119,246,16,18,20,27,60,62
892,Sundbyberg,Stockholms län,66,223,82,75,73,29,220,114
864,Sundbyberg,Stockholms län,40,202,64,88,89,34,257,87
1161,Sundbyberg,Stockholms län,231,420,57,41,45,39,173,124
752,Sundbyberg,Stockholms län,135,302,32,27,22,33,92,98
804,Sundbyberg,Stockholms län,154,323,34,28,21,20,92,109
1084,Sundbyberg,Stockholms län,206,322,55,67,38,38,172,147
814,Sundbyberg,Stockholms län,50,226,51,82,63,27,231,68
1070,Sundbyberg,Stockholms län,62,309,74,125,78,40,291,82
1072,Sundbyberg,Stockholms län,83,317,97,89,93,33,198,151
825,Sundbyberg,Stockholms län,99,277,42,81,35,30,165,79
661,Sundbyberg,Stockholms län,106,201,32,54,22,17,114,90
1064,Sundbyberg,Stockholms län,46,302,79,89,81,53,309,100
1080,Sundbyberg,Stockholms län,131,346,69,93,48,55,223,101
640,Sundbyberg,Stockholms län,26,187,39,61,47,30,164,81
2966,Solna,Stockholms län,314,700,230,297,201,109,722,336
1153,Solna,Stockholms län,84,348,45,105,80,53,304,121
1044,Solna,Stockholms län,107,287,58,87,97,47,226,113
662,Solna,Stockholms län,140,144,82,73,68,14,94,33
956,Solna,Stockholms län,82,280,88,83,74,39,190,104
685,Solna,Stockholms län,59,182,67,74,45,35,135,71
1036,Solna,Stockholms län,86,286,63,128,74,48,221,115
1029,Solna,Stockholms län,80,339,74,83,69,35,210,129
1195,Solna,Stockholms län,92,415,70,105,76,37,234,148
1056,Solna,Stockholms län,97,337,62,90,58,34,213,152
964,Solna,Stockholms län,92,294,55,61,56,48,172,168
918,Solna,Stockholms län,100,305,56,65,40,41,167,132
1020,Solna,Stockholms län,92,330,68,55,55,43,182,182
1221,Solna,Stockholms län,34,300,64,125,121,54,374,137
1152,Solna,Stockholms län,42,280,67,128,90,63,349,119
910,Solna,Stockholms län,109,301,76,63,67,36,129,117
1141,Solna,Stockholms län,79,368,136,110,83,48,203,102
1046,Solna,Stockholms län,114,302,172,81,72,36,171,76
644,Solna,Stockholms län,91,166,73,59,51,16,124,50
1168,Solna,Stockholms län,118,398,71,104,54,45,203,159
749,Solna,Stockholms län,90,246,49,53,29,34,117,117
962,Solna,Stockholms län,96,311,43,69,57,37,171,157
1313,Solna,Stockholms län,48,342,77,162,111,62,398,101
1051,Solna,Stockholms län,63,303,65,97,77,45,250,136
1089,Solna,Stockholms län,85,349,67,83,72,39,226,150
976,Solna,Stockholms län,108,311,45,67,42,26,169,189
1114,Solna,Stockholms län,98,397,94,58,76,47,186,145
1080,Solna,Stockholms län,98,328,53,81,71,33,245,149
1159,Solna,Stockholms län,87,384,66,77,72,44,241,168
1174,Solna,Stockholms län,88,386,57,84,73,41,258,166
1011,Solna,Stockholms län,57,269,59,123,96,46,251,101
1281,Solna,Stockholms län,129,360,85,109,85,44,269,183
1295,Solna,Stockholms län,58,395,101,138,141,48,286,120
1286,Solna,Stockholms län,90,357,120,139,108,43,297,113
1005,Solna,Stockholms län,76,246,52,86,59,45,314,114
1098,Solna,Stockholms län,92,307,62,91,60,29,257,177
1155,Solna,Stockholms län,98,342,74,117,65,32,256,143
716,Solna,Stockholms län,55,206,48,62,48,21,157,109
867,Solna,Stockholms län,137,287,52,51,27,27,124,115
1097,Solna,Stockholms län,117,332,68,71,55,44,202,173
843,Solna,Stockholms län,95,318,56,40,41,27,143,110
997,Solna,Stockholms län,127,317,52,74,66,52,174,118
1268,Solna,Stockholms län,90,338,124,113,100,49,274,166
1257,Solna,Stockholms län,93,328,79,112,99,40,300,183
1251,Solna,Stockholms län,100,326,97,103,111,35,277,173
1001,Solna,Stockholms län,151,334,48,72,55,32,151,127
1500,Lidingö,Stockholms län,72,242,99,148,152,73,509,184
1317,Lidingö,Stockholms län,3,127,44,148,169,94,571,151
1348,Lidingö,Stockholms län,21,156,72,166,160,79,543,137
976,Lidingö,Stockholms län,56,244,78,102,92,34,250,111
1243,Lidingö,Stockholms län,32,262,90,142,130,60,376,137
1209,Lidingö,Stockholms län,12,128,50,146,161,60,540,107
1183,Lidingö,Stockholms län,35,230,86,143,162,62,317,134
1051,Lidingö,Stockholms län,13,144,69,135,106,53,425,101
1172,Lidingö,Stockholms län,15,152,42,118,158,72,503,105
1078,Lidingö,Stockholms län,35,191,73,118,101,65,330,149
1342,Lidingö,Stockholms län,25,177,62,123,183,69,530,160
1263,Lidingö,Stockholms län,13,150,64,141,163,69,545,107
992,Lidingö,Stockholms län,45,252,58,106,71,41,242,166
1018,Lidingö,Stockholms län,48,233,70,84,87,38,255,182
1395,Lidingö,Stockholms län,38,260,121,178,153,69,413,156
806,Lidingö,Stockholms län,47,305,42,58,40,25,140,133
1238,Lidingö,Stockholms län,101,389,72,90,66,43,241,220
961,Lidingö,Stockholms län,75,289,57,48,67,41,204,163
1347,Lidingö,Stockholms län,33,235,73,190,147,83,444,124
1126,Lidingö,Stockholms län,42,236,71,116,138,54,327,126
797,Lidingö,Stockholms län,10,124,43,97,95,34,327,62
1254,Lidingö,Stockholms län,27,176,71,127,153,79,479,135
1219,Lidingö,Stockholms län,18,125,56,115,151,68,544,136
1210,Lidingö,Stockholms län,9,118,24,125,137,87,580,128
987,Lidingö,Stockholms län,29,165,44,98,99,46,362,133
750,Lidingö,Stockholms län,81,199,32,40,28,42,151,160
1465,Lidingö,Stockholms län,39,246,51,143,162,97,541,169
396,Vaxholm,Stockholms län,25,75,40,34,23,15,103,77
1148,Vaxholm,Stockholms län,31,260,80,82,97,75,349,163
1282,Vaxholm,Stockholms län,37,354,79,132,89,53,327,203
1306,Vaxholm,Stockholms län,45,379,77,105,82,46,304,257
1583,Vaxholm,Stockholms län,33,281,110,228,143,100,460,214
1082,Vaxholm,Stockholms län,16,195,44,129,98,71,387,131
1313,Vaxholm,Stockholms län,49,270,78,107,109,64,396,223
1087,Norrtälje,Stockholms län,74,255,76,67,50,52,228,253
1166,Norrtälje,Stockholms län,33,338,100,100,86,61,290,146
965,Norrtälje,Stockholms län,89,310,50,41,46,35,205,173
937,Norrtälje,Stockholms län,69,319,38,56,41,35,202,168
1415,Norrtälje,Stockholms län,82,496,60,69,62,47,317,265
801,Norrtälje,Stockholms län,43,253,42,67,36,22,177,157
803,Norrtälje,Stockholms län,36,238,30,48,52,36,187,169
1409,Norrtälje,Stockholms län,41,480,61,91,64,61,307,293
1264,Norrtälje,Stockholms län,43,425,41,84,65,63,284,251
952,Norrtälje,Stockholms län,48,309,43,74,48,41,229,155
915,Norrtälje,Stockholms län,68,367,24,29,24,37,106,247
1492,Norrtälje,Stockholms län,91,439,62,102,79,53,345,303
1060,Norrtälje,Stockholms län,74,368,49,66,49,45,189,210
439,Norrtälje,Stockholms län,21,135,34,27,18,19,94,83
633,Norrtälje,Stockholms län,9,172,24,46,36,28,187,125
719,Norrtälje,Stockholms län,35,183,35,61,28,30,131,208
888,Norrtälje,Stockholms län,28,242,33,81,41,32,203,222
1193,Norrtälje,Stockholms län,48,352,49,79,53,51,217,329
677,Norrtälje,Stockholms län,36,269,13,29,11,16,65,231
781,Norrtälje,Stockholms län,46,298,15,17,18,26,79,262
718,Norrtälje,Stockholms län,34,248,30,36,26,19,97,221
1049,Norrtälje,Stockholms län,33,369,19,43,28,41,179,332
1032,Norrtälje,Stockholms län,54,319,34,70,30,36,141,332
822,Norrtälje,Stockholms län,34,215,29,47,25,54,147,267
754,Norrtälje,Stockholms län,45,177,25,54,31,61,128,223
1156,Norrtälje,Stockholms län,69,356,23,45,42,70,221,311
955,Norrtälje,Stockholms län,46,300,25,51,34,44,175,270
902,Norrtälje,Stockholms län,60,169,28,70,34,71,178,278
852,Norrtälje,Stockholms län,48,291,14,40,30,44,134,239
1514,Norrtälje,Stockholms län,65,376,79,95,69,87,325,399
1016,Norrtälje,Stockholms län,46,182,32,61,33,64,195,384
738,Norrtälje,Stockholms län,13,195,25,34,34,53,165,209
1199,Norrtälje,Stockholms län,41,313,50,90,46,69,279,291
745,Norrtälje,Stockholms län,28,206,37,60,23,37,133,217
1119,Norrtälje,Stockholms län,47,268,48,101,39,64,249,289
831,Norrtälje,Stockholms län,28,272,28,54,27,46,168,202
1579,Norrtälje,Stockholms län,48,386,65,99,62,83,386,436
916,Norrtälje,Stockholms län,20,238,43,54,36,42,252,226
1312,Norrtälje,Stockholms län,47,338,54,78,65,74,338,313
868,Norrtälje,Stockholms län,45,245,33,54,41,30,237,172
1495,Norrtälje,Stockholms län,51,395,59,99,83,65,326,399
769,Norrtälje,Stockholms län,33,184,34,58,30,39,179,203
967,Norrtälje,Stockholms län,43,215,40,57,29,52,184,338
1065,Sigtuna,Stockholms län,137,276,44,63,43,52,205,184
1208,Sigtuna,Stockholms län,22,226,39,100,94,77,389,250
1458,Sigtuna,Stockholms län,41,289,78,91,115,83,445,298
1198,Sigtuna,Stockholms län,60,238,89,80,71,75,336,228
553,Sigtuna,Stockholms län,22,76,25,48,37,44,168,126
1057,Sigtuna,Stockholms län,25,272,44,70,66,70,312,182
880,Sigtuna,Stockholms län,19,161,25,64,69,72,286,173
928,Sigtuna,Stockholms län,34,170,23,35,51,91,263,243
798,Sigtuna,Stockholms län,31,180,26,48,27,76,229,163
1307,Sigtuna,Stockholms län,58,409,44,59,50,62,294,302
770,Sigtuna,Stockholms län,87,272,17,34,16,30,98,162
836,Sigtuna,Stockholms län,77,288,16,40,20,31,127,205
847,Sigtuna,Stockholms län,69,300,23,32,27,26,124,226
787,Sigtuna,Stockholms län,35,231,33,32,28,48,182,183
931,Sigtuna,Stockholms län,94,303,33,47,19,53,159,202
975,Sigtuna,Stockholms län,74,297,33,31,21,45,173,271
570,Sigtuna,Stockholms län,65,236,20,24,5,10,52,117
902,Sigtuna,Stockholms län,35,180,26,47,42,71,218,271
557,Sigtuna,Stockholms län,59,215,11,25,11,26,73,117
890,Sigtuna,Stockholms län,23,165,19,75,37,43,226,288
856,Sigtuna,Stockholms län,39,234,33,49,29,42,203,216
820,Sigtuna,Stockholms län,25,175,28,59,15,54,150,306
585,Sigtuna,Stockholms län,77,224,14,14,13,20,88,93
680,Sigtuna,Stockholms län,85,261,17,24,13,20,69,136
612,Sigtuna,Stockholms län,66,231,17,17,10,42,71,128
1200,Sigtuna,Stockholms län,75,366,31,65,48,98,290,205
1288,Sigtuna,Stockholms län,80,399,35,48,39,100,306,262
722,Sigtuna,Stockholms län,71,300,9,17,13,42,91,109
494,Nynäshamn,Stockholms län,39,136,28,21,20,21,96,125
722,Nynäshamn,Stockholms län,33,263,32,21,20,51,143,152
923,Nynäshamn,Stockholms län,37,298,44,51,35,49,207,193
933,Nynäshamn,Stockholms län,59,326,62,42,32,46,165,189
1293,Nynäshamn,Stockholms län,77,501,48,53,53,75,212,266
557,Nynäshamn,Stockholms län,44,208,22,9,19,21,65,158
1260,Nynäshamn,Stockholms län,76,492,54,55,43,53,197,274
775,Nynäshamn,Stockholms län,38,257,35,23,26,40,137,204
859,Nynäshamn,Stockholms län,110,324,38,21,20,34,87,206
1132,Nynäshamn,Stockholms län,67,376,34,42,42,64,158,318
768,Nynäshamn,Stockholms län,34,278,32,35,27,41,155,155
1151,Nynäshamn,Stockholms län,42,307,35,45,35,57,219,402
1157,Nynäshamn,Stockholms län,24,272,27,81,39,69,210,411
1406,Nynäshamn,Stockholms län,48,307,58,72,40,78,248,538
454,Nynäshamn,Stockholms län,9,110,32,25,12,22,114,128
976,Nynäshamn,Stockholms län,59,325,22,27,30,44,156,300
827,Nynäshamn,Stockholms län,49,280,32,32,30,30,144,221
943,Nynäshamn,Stockholms län,42,266,21,59,28,45,171,294
1046,Nynäshamn,Stockholms län,34,231,53,83,46,56,248,285
382,Håbo,Uppsala län,39,68,21,21,20,21,107,73
1164,Håbo,Uppsala län,62,389,22,52,39,56,164,358
1282,Håbo,Uppsala län,37,284,40,64,70,78,354,341
1164,Håbo,Uppsala län,27,317,28,56,52,77,306,287
1256,Håbo,Uppsala län,34,278,30,65,80,75,360,328
1194,Håbo,Uppsala län,53,297,40,66,37,64,276,350
1372,Håbo,Uppsala län,30,358,45,79,58,84,359,348
1134,Håbo,Uppsala län,48,361,24,53,45,65,210,314
1241,Håbo,Uppsala län,40,348,28,60,44,71,312,328
1272,Håbo,Uppsala län,55,230,44,98,50,89,291,402
1362,Håbo,Uppsala län,52,303,32,68,66,78,342,403
1169,Håbo,Uppsala län,61,199,33,49,48,79,249,436
464,Älvkarleby,Uppsala län,33,145,16,16,20,21,73,134
393,Älvkarleby,Uppsala län,20,138,25,26,6,18,45,112
1120,Älvkarleby,Uppsala län,30,392,36,46,27,60,189,332
653,Älvkarleby,Uppsala län,36,188,27,21,23,20,84,247
1153,Älvkarleby,Uppsala län,41,416,24,23,29,43,195,359
1243,Älvkarleby,Uppsala län,89,473,31,37,20,56,128,387
1062,Älvkarleby,Uppsala län,34,412,15,34,23,46,167,316
708,Knivsta,Uppsala län,42,185,45,38,47,60,132,143
1175,Knivsta,Uppsala län,45,257,53,89,49,133,262,279
958,Knivsta,Uppsala län,29,199,77,83,53,80,217,205
902,Knivsta,Uppsala län,44,215,51,70,40,84,203,181
1068,Knivsta,Uppsala län,33,230,49,83,98,92,337,135
897,Knivsta,Uppsala län,19,193,39,94,57,70,267,151
734,Knivsta,Uppsala län,56,205,30,34,46,61,136,138
730,Knivsta,Uppsala län,61,197,48,46,33,73,103,152
1111,Knivsta,Uppsala län,36,314,96,90,76,86,224,174
1084,Knivsta,Uppsala län,60,298,56,75,54,76,216,230
1030,Knivsta,Uppsala län,47,331,97,89,53,84,159,150
919,Knivsta,Uppsala län,65,260,93,78,54,60,142,157
749,Knivsta,Uppsala län,25,136,14,70,20,66,144,263
185,Heby,Uppsala län,20,37,8,10,7,7,34,57
1545,Heby,Uppsala län,93,472,43,123,37,97,254,399
1427,Heby,Uppsala län,59,376,41,119,30,119,234,427
1632,Heby,Uppsala län,129,446,69,107,51,118,242,448
1327,Heby,Uppsala län,47,365,24,126,31,93,138,478
1926,Heby,Uppsala län,54,569,47,150,43,185,291,558
1107,Heby,Uppsala län,46,263,32,91,21,132,162,343
287,Tierp,Uppsala län,26,90,14,11,12,14,31,83
1240,Tierp,Uppsala län,60,438,31,83,39,71,216,292
964,Tierp,Uppsala län,57,389,25,64,18,34,119,234
936,Tierp,Uppsala län,39,334,17,76,24,42,188,208
998,Tierp,Uppsala län,44,404,20,88,18,55,143,215
765,Tierp,Uppsala län,55,285,42,42,22,41,81,183
835,Tierp,Uppsala län,71,282,46,46,25,55,93,207
726,Tierp,Uppsala län,30,141,30,78,29,68,115,227
695,Tierp,Uppsala län,38,209,34,44,17,41,75,227
748,Tierp,Uppsala län,22,172,15,76,18,53,143,238
866,Tierp,Uppsala län,27,214,38,84,22,56,155,254
1297,Tierp,Uppsala län,61,549,31,54,24,63,146,355
1275,Tierp,Uppsala län,49,488,24,67,27,81,146,376
1221,Tierp,Uppsala län,40,386,55,89,31,90,176,347
747,Tierp,Uppsala län,23,260,23,67,21,41,126,178
6056,Uppsala,Uppsala län,864,1653,568,502,386,261,1041,598
948,Uppsala,Uppsala län,66,209,85,83,106,54,249,87
1035,Uppsala,Uppsala län,135,247,177,114,89,29,177,54
862,Uppsala,Uppsala län,87,193,131,70,94,34,179,61
841,Uppsala,Uppsala län,95,181,119,95,83,39,150,66
828,Uppsala,Uppsala län,52,200,81,83,80,26,202,95
1175,Uppsala,Uppsala län,107,334,101,87,115,58,223,132
706,Uppsala,Uppsala län,70,176,49,56,43,34,174,96
841,Uppsala,Uppsala län,64,221,76,69,71,53,174,105
924,Uppsala,Uppsala län,78,278,81,78,80,59,161,102
1024,Uppsala,Uppsala län,86,278,116,98,72,51,206,105
905,Uppsala,Uppsala län,73,300,69,56,61,38,196,104
1013,Uppsala,Uppsala län,86,261,118,94,99,45,200,94
932,Uppsala,Uppsala län,51,289,78,67,83,58,218,80
1098,Uppsala,Uppsala län,120,346,90,100,60,50,229,94
992,Uppsala,Uppsala län,105,304,80,101,58,34,217,83
1242,Uppsala,Uppsala län,59,346,100,109,98,57,346,120
1059,Uppsala,Uppsala län,148,301,80,97,66,45,193,112
1303,Uppsala,Uppsala län,140,440,127,83,112,44,197,139
839,Uppsala,Uppsala län,114,295,94,48,42,34,129,74
893,Uppsala,Uppsala län,130,339,61,31,33,30,78,169
1474,Uppsala,Uppsala län,84,545,130,109,82,65,258,179
1441,Uppsala,Uppsala län,119,457,152,116,98,80,248,157
1218,Uppsala,Uppsala län,86,392,63,91,80,51,314,132
1313,Uppsala,Uppsala län,82,439,92,99,71,62,302,151
646,Uppsala,Uppsala län,127,189,62,53,40,21,86,50
1011,Uppsala,Uppsala län,183,285,103,104,53,35,158,70
951,Uppsala,Uppsala län,243,265,90,74,61,28,109,59
987,Uppsala,Uppsala län,106,301,90,110,71,39,196,66
836,Uppsala,Uppsala län,143,330,42,49,24,24,88,105
990,Uppsala,Uppsala län,197,320,78,65,35,27,123,105
1063,Uppsala,Uppsala län,129,364,40,70,44,45,176,168
929,Uppsala,Uppsala län,143,288,49,56,40,53,149,130
746,Uppsala,Uppsala län,172,306,33,29,8,21,42,58
777,Uppsala,Uppsala län,128,261,50,45,18,45,114,77
875,Uppsala,Uppsala län,142,401,48,50,28,20,77,87
732,Uppsala,Uppsala län,143,268,29,34,14,32,75,111
1062,Uppsala,Uppsala län,119,469,69,61,33,47,111,131
626,Uppsala,Uppsala län,74,197,33,37,25,30,76,130
602,Uppsala,Uppsala län,36,179,39,56,46,28,136,73
815,Uppsala,Uppsala län,69,305,40,54,41,57,121,116
1122,Uppsala,Uppsala län,132,448,37,62,44,48,141,176
1194,Uppsala,Uppsala län,74,298,70,105,87,83,283,186
858,Uppsala,Uppsala län,86,228,66,71,63,50,193,93
1029,Uppsala,Uppsala län,78,256,129,111,124,37,206,76
907,Uppsala,Uppsala län,180,232,159,91,79,13,107,29
965,Uppsala,Uppsala län,216,219,178,95,74,31,91,43
1015,Uppsala,Uppsala län,173,243,159,108,94,44,132,45
987,Uppsala,Uppsala län,109,277,140,107,94,45,151,56
1170,Uppsala,Uppsala län,108,296,195,115,108,38,212,80
820,Uppsala,Uppsala län,112,252,93,53,50,37,129,83
1008,Uppsala,Uppsala län,133,311,87,99,58,32,154,118
1187,Uppsala,Uppsala län,87,343,173,113,100,44,221,99
1119,Uppsala,Uppsala län,165,339,178,86,71,31,164,74
1099,Uppsala,Uppsala län,113,321,89,110,56,73,189,129
1261,Uppsala,Uppsala län,180,380,134,96,62,50,196,140
1129,Uppsala,Uppsala län,152,412,97,90,52,60,111,117
856,Uppsala,Uppsala län,119,298,83,66,47,26,116,83
763,Uppsala,Uppsala län,203,277,42,49,20,19,77,51
960,Uppsala,Uppsala län,90,271,103,90,66,44,196,81
1043,Uppsala,Uppsala län,109,267,130,109,87,46,195,88
1448,Uppsala,Uppsala län,143,462,120,118,117,66,246,155
1329,Uppsala,Uppsala län,104,349,137,118,105,65,306,128
860,Uppsala,Uppsala län,80,312,46,67,30,47,123,130
908,Uppsala,Uppsala län,90,318,67,59,43,47,154,113
933,Uppsala,Uppsala län,101,286,61,74,42,76,148,128
640,Uppsala,Uppsala län,108,228,47,16,13,24,48,139
1026,Uppsala,Uppsala län,89,383,46,64,41,53,150,189
946,Uppsala,Uppsala län,165,315,57,32,21,42,85,199
836,Uppsala,Uppsala län,100,231,45,65,48,51,168,109
1302,Uppsala,Uppsala län,129,474,62,79,53,62,202,221
979,Uppsala,Uppsala län,63,349,35,50,36,80,156,192
759,Uppsala,Uppsala län,43,264,20,25,38,76,129,145
1066,Uppsala,Uppsala län,89,383,45,44,31,96,159,202
1044,Uppsala,Uppsala län,45,345,66,88,73,62,217,137
1151,Uppsala,Uppsala län,72,349,47,73,49,136,242,167
746,Uppsala,Uppsala län,147,273,86,30,32,30,63,70
1255,Uppsala,Uppsala län,169,352,153,127,105,49,223,63
1005,Uppsala,Uppsala län,103,315,246,73,83,22,86,68
549,Uppsala,Uppsala län,140,169,55,37,24,17,43,44
908,Uppsala,Uppsala län,288,194,166,59,54,17,64,43
1054,Uppsala,Uppsala län,148,283,140,105,78,37,157,81
1094,Uppsala,Uppsala län,72,228,132,132,132,46,275,65
1109,Uppsala,Uppsala län,120,293,232,91,84,34,146,98
857,Uppsala,Uppsala län,146,258,152,46,45,16,74,96
1023,Uppsala,Uppsala län,188,282,182,65,55,39,96,87
718,Uppsala,Uppsala län,159,241,87,19,17,18,34,108
1280,Uppsala,Uppsala län,55,313,162,147,130,70,266,120
1375,Uppsala,Uppsala län,88,362,259,148,126,44,234,104
1030,Uppsala,Uppsala län,168,291,232,60,47,31,86,95
1515,Uppsala,Uppsala län,66,399,113,155,104,98,407,165
1595,Uppsala,Uppsala län,57,490,124,171,121,94,388,138
751,Uppsala,Uppsala län,90,236,53,39,34,51,118,117
1122,Uppsala,Uppsala län,158,394,67,66,32,62,142,164
860,Uppsala,Uppsala län,128,305,60,57,36,44,96,99
793,Uppsala,Uppsala län,95,160,120,76,72,32,161,63
825,Uppsala,Uppsala län,110,236,89,91,76,22,126,66
1218,Uppsala,Uppsala län,138,313,185,122,90,48,220,84
524,Uppsala,Uppsala län,76,131,90,78,26,17,64,34
916,Uppsala,Uppsala län,96,264,145,86,72,42,119,79
714,Uppsala,Uppsala län,118,255,56,62,27,24,108,43
1308,Uppsala,Uppsala län,110,366,211,118,121,51,207,99
539,Uppsala,Uppsala län,91,188,44,39,24,18,55,59
347,Uppsala,Uppsala län,87,164,10,12,2,4,12,18
1377,Uppsala,Uppsala län,55,337,175,157,121,64,327,133
628,Uppsala,Uppsala län,149,246,28,44,7,9,30,58
605,Uppsala,Uppsala län,172,231,24,24,4,12,27,48
719,Uppsala,Uppsala län,127,281,55,26,24,23,64,89
551,Uppsala,Uppsala län,143,205,40,24,5,10,20,56
902,Uppsala,Uppsala län,213,348,77,45,15,30,60,78
1006,Uppsala,Uppsala län,34,230,127,103,114,31,260,91
753,Uppsala,Uppsala län,36,174,63,76,72,36,229,52
1072,Uppsala,Uppsala län,37,249,108,123,95,53,287,112
966,Uppsala,Uppsala län,42,226,72,105,100,46,278,91
1118,Uppsala,Uppsala län,50,325,37,65,47,86,249,244
1131,Uppsala,Uppsala län,44,367,50,75,43,81,253,206
860,Uppsala,Uppsala län,38,190,30,76,23,82,176,231
454,Uppsala,Uppsala län,26,93,22,47,15,36,83,124
973,Uppsala,Uppsala län,87,322,77,52,49,103,141,131
674,Uppsala,Uppsala län,22,207,54,39,46,57,154,86
987,Uppsala,Uppsala län,56,344,41,59,40,100,164,166
1104,Uppsala,Uppsala län,46,350,64,77,71,108,221,161
1375,Uppsala,Uppsala län,73,318,66,82,63,143,270,342
1090,Uppsala,Uppsala län,53,356,89,79,61,60,190,195
1197,Uppsala,Uppsala län,65,338,53,72,32,85,218,311
684,Uppsala,Uppsala län,20,152,51,83,26,53,154,143
1252,Uppsala,Uppsala län,62,403,49,90,46,83,276,234
870,Uppsala,Uppsala län,32,225,39,38,35,82,168,242
1067,Uppsala,Uppsala län,43,338,43,55,66,56,269,190
840,Uppsala,Uppsala län,26,279,37,58,45,49,201,133
672,Uppsala,Uppsala län,13,164,25,61,25,47,144,184
577,Uppsala,Uppsala län,20,127,26,38,18,44,83,212
1150,Uppsala,Uppsala län,87,336,73,84,74,67,306,115
999,Uppsala,Uppsala län,46,218,57,96,51,85,236,200
773,Uppsala,Uppsala län,32,158,47,58,21,90,145,205
853,Uppsala,Uppsala län,20,226,29,48,32,71,192,222
551,Uppsala,Uppsala län,22,107,27,45,15,42,103,181
568,Uppsala,Uppsala län,23,134,26,39,17,55,123,147
645,Uppsala,Uppsala län,31,153,30,39,22,86,103,177
715,Uppsala,Uppsala län,20,149,24,64,37,87,181,141
798,Uppsala,Uppsala län,45,192,44,61,39,109,162,131
1026,Uppsala,Uppsala län,46,237,98,80,45,133,198,176
646,Uppsala,Uppsala län,39,158,43,39,42,54,117,146
1254,Uppsala,Uppsala län,42,316,61,66,43,99,225,378
446,Uppsala,Uppsala län,11,90,16,27,17,35,81,151
942,Uppsala,Uppsala län,41,225,27,42,30,71,209,270
691,Uppsala,Uppsala län,18,116,71,74,56,49,218,82
1115,Uppsala,Uppsala län,54,240,118,114,46,92,228,208
1027,Uppsala,Uppsala län,57,255,66,99,31,82,217,207
767,Uppsala,Uppsala län,58,264,47,48,44,47,130,121
837,Uppsala,Uppsala län,45,200,59,70,32,60,175,186
666,Uppsala,Uppsala län,34,169,44,36,17,60,116,186
813,Uppsala,Uppsala län,33,227,30,35,18,63,131,251
820,Enköping,Uppsala län,64,203,42,64,35,47,164,181
1344,Enköping,Uppsala län,59,427,40,75,61,78,314,275
1570,Enköping,Uppsala län,69,476,52,95,70,101,386,305
961,Enköping,Uppsala län,66,382,26,52,28,49,150,167
1096,Enköping,Uppsala län,62,351,23,51,44,75,211,266
1334,Enköping,Uppsala län,61,420,46,77,48,77,311,281
1032,Enköping,Uppsala län,60,407,24,52,36,41,203,188
1176,Enköping,Uppsala län,26,340,38,88,54,64,332,225
1254,Enköping,Uppsala län,60,363,43,78,43,74,297,284
831,Enköping,Uppsala län,39,233,22,50,35,50,241,150
1140,Enköping,Uppsala län,24,256,29,78,44,92,387,223
1368,Enköping,Uppsala län,73,350,55,93,59,83,309,323
1003,Enköping,Uppsala län,68,353,39,43,32,55,145,250
878,Enköping,Uppsala län,60,314,21,38,13,55,131,227
1047,Enköping,Uppsala län,77,406,30,47,19,42,119,255
978,Enköping,Uppsala län,14,215,29,85,26,86,240,276
966,Enköping,Uppsala län,27,254,34,56,46,66,227,241
1189,Enköping,Uppsala län,51,293,25,85,39,79,238,370
1518,Enköping,Uppsala län,33,355,58,125,49,107,356,421
1376,Enköping,Uppsala län,48,326,29,98,56,94,291,415
1165,Enköping,Uppsala län,25,223,43,95,64,71,250,387
1392,Enköping,Uppsala län,45,350,66,109,53,103,301,344
1406,Enköping,Uppsala län,51,334,82,89,44,105,307,377
1213,Enköping,Uppsala län,38,289,22,111,36,86,192,424
1136,Enköping,Uppsala län,32,226,60,120,31,78,223,351
347,Östhammar,Uppsala län,29,87,12,29,14,22,61,83
1001,Östhammar,Uppsala län,32,362,26,51,48,48,211,217
840,Östhammar,Uppsala län,40,294,20,37,37,37,161,206
917,Östhammar,Uppsala län,32,241,15,83,29,103,162,243
1038,Östhammar,Uppsala län,38,327,28,52,56,86,216,229
1238,Östhammar,Uppsala län,31,363,37,61,37,117,272,315
1032,Östhammar,Uppsala län,32,349,21,36,42,65,248,233
936,Östhammar,Uppsala län,54,303,31,38,43,44,186,227
1512,Östhammar,Uppsala län,56,412,44,77,31,156,293,426
1440,Östhammar,Uppsala län,36,297,55,128,47,181,227,452
964,Östhammar,Uppsala län,50,336,23,26,22,69,150,280
1058,Östhammar,Uppsala län,24,373,19,58,15,67,178,314
1065,Östhammar,Uppsala län,37,317,27,45,34,90,175,317
1271,Östhammar,Uppsala län,53,389,30,68,36,81,174,422
233,Vingåker,Södermanlands län,19,76,14,5,8,7,54,49
816,Vingåker,Södermanlands län,66,303,21,29,12,44,102,223
925,Vingåker,Södermanlands län,35,328,24,38,28,56,178,228
1115,Vingåker,Södermanlands län,32,398,34,54,22,65,203,300
1048,Vingåker,Södermanlands län,48,338,35,45,12,47,149,359
852,Vingåker,Södermanlands län,39,265,22,45,17,49,145,259
914,Vingåker,Södermanlands län,25,247,45,82,27,41,160,281
612,Gnesta,Södermanlands län,44,173,53,37,20,25,110,134
1007,Gnesta,Södermanlands län,89,305,98,58,31,39,197,174
1180,Gnesta,Södermanlands län,72,312,65,108,40,55,254,266
1114,Gnesta,Södermanlands län,99,426,52,57,24,43,159,239
1285,Gnesta,Södermanlands län,83,338,73,103,45,59,283,282
716,Gnesta,Södermanlands län,42,173,45,54,17,42,148,184
880,Gnesta,Södermanlands län,41,250,39,86,22,41,181,208
566,Gnesta,Södermanlands län,35,164,31,54,18,15,96,144
711,Nyköping,Södermanlands län,57,201,41,51,26,38,138,140
1048,Nyköping,Södermanlands län,74,324,57,68,58,41,230,175
813,Nyköping,Södermanlands län,60,264,31,49,49,35,162,151
702,Nyköping,Södermanlands län,40,245,30,49,29,29,165,103
1254,Nyköping,Södermanlands län,66,386,70,80,62,77,315,187
1077,Nyköping,Södermanlands län,62,356,74,61,40,36,207,231
922,Nyköping,Södermanlands län,32,393,35,62,27,34,182,146
1075,Nyköping,Södermanlands län,101,478,35,51,30,43,157,163
1096,Nyköping,Södermanlands län,42,331,67,91,55,56,303,143
1050,Nyköping,Södermanlands län,39,398,53,68,30,66,160,226
1049,Nyköping,Södermanlands län,38,428,33,49,21,42,153,263
1151,Nyköping,Södermanlands län,63,388,52,65,68,50,224,231
1389,Nyköping,Södermanlands län,88,451,72,103,56,78,278,250
1188,Nyköping,Södermanlands län,84,399,74,89,56,53,194,219
763,Nyköping,Södermanlands län,61,365,60,46,18,23,84,74
666,Nyköping,Södermanlands län,31,272,27,33,18,41,111,110
752,Nyköping,Södermanlands län,51,388,35,34,18,20,71,119
1191,Nyköping,Södermanlands län,65,399,52,75,61,67,247,207
1220,Nyköping,Södermanlands län,68,448,32,77,40,47,219,264
998,Nyköping,Södermanlands län,49,413,46,73,43,50,149,160
1429,Nyköping,Södermanlands län,52,443,54,104,72,76,400,217
1074,Nyköping,Södermanlands län,33,364,55,99,64,41,277,139
1089,Nyköping,Södermanlands län,42,479,54,56,44,46,190,174
881,Nyköping,Södermanlands län,30,261,44,57,40,49,199,194
907,Nyköping,Södermanlands län,43,342,34,62,50,37,173,163
1013,Nyköping,Södermanlands län,44,275,44,83,34,37,260,232
1319,Nyköping,Södermanlands län,62,364,55,136,33,76,201,373
535,Nyköping,Södermanlands län,19,185,35,56,18,18,88,116
746,Nyköping,Södermanlands län,49,262,43,32,22,47,103,187
970,Nyköping,Södermanlands län,36,287,40,73,44,32,214,226
1026,Nyköping,Södermanlands län,34,372,45,52,30,48,201,236
792,Nyköping,Södermanlands län,21,212,29,62,21,54,123,258
863,Nyköping,Södermanlands län,40,233,36,68,24,50,155,251
881,Nyköping,Södermanlands län,23,318,36,39,24,48,169,212
1062,Nyköping,Södermanlands län,47,288,52,78,30,50,184,328
812,Nyköping,Södermanlands län,33,238,26,67,23,52,165,195
479,Nyköping,Södermanlands län,16,148,16,29,13,24,87,141
975,Nyköping,Södermanlands län,37,225,60,94,31,65,191,262
190,Oxelösund,Södermanlands län,22,67,6,5,7,4,31,42
851,Oxelösund,Södermanlands län,86,336,16,20,6,21,88,251
1048,Oxelösund,Södermanlands län,119,409,21,18,15,29,124,269
1379,Oxelösund,Södermanlands län,75,513,59,75,50,39,281,273
838,Oxelösund,Södermanlands län,63,359,13,22,20,24,95,219
1113,Oxelösund,Södermanlands län,50,481,36,33,33,48,221,198
1034,Oxelösund,Södermanlands län,55,400,32,47,21,45,185,233
1031,Oxelösund,Södermanlands län,45,358,32,56,39,41,245,200
267,Flen,Södermanlands län,23,68,12,17,10,19,47,62
693,Flen,Södermanlands län,40,300,29,27,20,29,101,143
968,Flen,Södermanlands län,43,388,24,39,26,52,157,230
805,Flen,Södermanlands län,37,269,23,52,40,30,131,205
603,Flen,Södermanlands län,72,303,20,18,14,12,45,95
637,Flen,Södermanlands län,51,319,18,25,17,22,74,105
1049,Flen,Södermanlands län,46,300,55,85,46,50,181,275
867,Flen,Södermanlands län,23,239,34,72,34,62,163,232
1165,Flen,Södermanlands län,42,383,57,80,28,60,197,311
854,Flen,Södermanlands län,35,256,47,68,27,45,134,235
917,Flen,Södermanlands län,50,376,31,31,14,49,91,267
1012,Flen,Södermanlands län,44,227,54,102,26,69,185,292
659,Katrineholm,Södermanlands län,51,256,37,29,14,22,117,102
821,Katrineholm,Södermanlands län,60,315,41,36,14,46,111,186
832,Katrineholm,Södermanlands län,81,316,26,50,16,37,102,192
911,Katrineholm,Södermanlands län,44,407,31,50,29,39,129,169
1292,Katrineholm,Södermanlands län,66,591,31,73,46,56,176,237
899,Katrineholm,Södermanlands län,61,391,23,29,27,29,110,216
1299,Katrineholm,Södermanlands län,62,537,35,56,42,52,196,307
1012,Katrineholm,Södermanlands län,32,358,32,83,35,48,237,174
1621,Katrineholm,Södermanlands län,45,645,58,73,54,70,395,267
1000,Katrineholm,Södermanlands län,33,262,26,117,27,51,180,292
1263,Katrineholm,Södermanlands län,34,410,45,98,33,87,190,353
888,Katrineholm,Södermanlands län,42,256,52,75,30,42,110,266
1119,Katrineholm,Södermanlands län,51,310,57,81,30,75,193,312
1096,Katrineholm,Södermanlands län,26,338,36,64,32,68,205,317
1107,Katrineholm,Södermanlands län,27,389,43,84,46,46,265,200
926,Katrineholm,Södermanlands län,37,291,38,90,33,57,143,226
792,Katrineholm,Södermanlands län,46,409,35,17,23,28,90,131
660,Katrineholm,Södermanlands län,41,325,29,32,8,17,76,125
807,Katrineholm,Södermanlands län,24,360,30,45,28,37,147,126
1092,Katrineholm,Södermanlands län,77,408,43,54,30,52,199,212
1219,Katrineholm,Södermanlands län,61,485,47,66,49,38,226,235
967,Eskilstuna,Södermanlands län,133,284,59,47,26,44,158,186
1061,Eskilstuna,Södermanlands län,76,319,28,54,48,50,262,198
587,Eskilstuna,Södermanlands län,74,208,27,22,13,33,73,122
727,Eskilstuna,Södermanlands län,88,290,31,24,14,50,66,142
988,Eskilstuna,Södermanlands län,80,336,36,54,44,30,190,204
558,Eskilstuna,Södermanlands län,73,169,35,21,23,24,69,127
894,Eskilstuna,Södermanlands län,87,356,20,38,14,36,88,243
797,Eskilstuna,Södermanlands län,98,302,27,40,23,41,87,150
753,Eskilstuna,Södermanlands län,67,257,34,26,26,32,104,194
786,Eskilstuna,Södermanlands län,73,380,49,14,20,36,70,108
608,Eskilstuna,Södermanlands län,59,322,43,16,12,13,27,89
830,Eskilstuna,Södermanlands län,93,391,21,22,14,102,58,86
1026,Eskilstuna,Södermanlands län,56,376,50,55,35,70,213,165
1300,Eskilstuna,Södermanlands län,64,469,64,56,47,63,239,283
1231,Eskilstuna,Södermanlands län,48,418,40,75,48,47,221,322
943,Eskilstuna,Södermanlands län,69,305,28,37,31,58,178,215
1239,Eskilstuna,Södermanlands län,45,490,33,51,59,60,253,236
1059,Eskilstuna,Södermanlands län,92,372,44,65,39,44,172,214
1118,Eskilstuna,Södermanlands län,84,407,48,45,40,30,219,237
936,Eskilstuna,Södermanlands län,60,276,30,51,24,34,171,276
1106,Eskilstuna,Södermanlands län,78,389,40,64,46,55,202,213
1243,Eskilstuna,Södermanlands län,114,341,31,68,46,52,265,312
862,Eskilstuna,Södermanlands län,68,314,48,41,38,48,131,154
561,Eskilstuna,Södermanlands län,77,236,6,15,10,17,47,139
407,Eskilstuna,Södermanlands län,89,197,4,8,8,20,22,40
1218,Eskilstuna,Södermanlands län,67,427,46,58,48,47,247,261
1178,Eskilstuna,Södermanlands län,43,415,31,52,56,68,287,218
672,Eskilstuna,Södermanlands län,37,223,9,24,15,40,163,154
754,Eskilstuna,Södermanlands län,66,267,17,24,35,38,123,168
716,Eskilstuna,Södermanlands län,77,265,16,30,24,42,105,138
654,Eskilstuna,Södermanlands län,40,244,14,21,20,22,101,179
854,Eskilstuna,Södermanlands län,40,294,38,25,27,37,142,244
1022,Eskilstuna,Södermanlands län,55,286,47,57,49,54,223,237
848,Eskilstuna,Södermanlands län,56,246,20,48,27,31,180,228
868,Eskilstuna,Södermanlands län,48,336,25,34,18,28,150,217
1101,Eskilstuna,Södermanlands län,83,323,55,58,44,38,234,256
1065,Eskilstuna,Södermanlands län,48,338,50,62,38,38,174,292
957,Eskilstuna,Södermanlands län,66,363,30,55,34,19,143,232
1052,Eskilstuna,Södermanlands län,46,369,54,67,43,33,201,222
855,Eskilstuna,Södermanlands län,83,364,27,29,28,21,82,206
1364,Eskilstuna,Södermanlands län,51,406,45,74,68,68,327,310
1037,Eskilstuna,Södermanlands län,39,409,33,44,34,49,211,211
937,Eskilstuna,Södermanlands län,24,287,26,46,34,37,220,253
750,Eskilstuna,Södermanlands län,64,246,23,21,15,39,80,248
1079,Eskilstuna,Södermanlands län,40,442,33,33,30,46,131,314
1010,Eskilstuna,Södermanlands län,57,330,37,41,30,52,167,289
1136,Eskilstuna,Södermanlands län,43,433,36,40,46,48,193,283
1133,Eskilstuna,Södermanlands län,17,262,36,83,62,60,353,256
1306,Eskilstuna,Södermanlands län,37,401,31,64,51,72,270,371
1073,Eskilstuna,Södermanlands län,41,384,34,35,31,32,221,290
1236,Eskilstuna,Södermanlands län,28,255,41,77,77,67,345,331
1168,Eskilstuna,Södermanlands län,30,232,37,99,41,79,238,396
824,Eskilstuna,Södermanlands län,26,238,31,51,42,38,188,201
781,Eskilstuna,Södermanlands län,18,219,26,60,41,44,189,181
1063,Eskilstuna,Södermanlands län,28,276,27,113,35,53,151,368
729,Eskilstuna,Södermanlands län,40,182,30,87,23,36,113,217
1072,Eskilstuna,Södermanlands län,36,381,42,54,36,44,227,248
899,Eskilstuna,Södermanlands län,33,307,30,50,39,42,218,172
984,Eskilstuna,Södermanlands län,46,323,38,34,31,47,164,293
846,Eskilstuna,Södermanlands län,23,227,18,46,21,41,191,270
1520,Eskilstuna,Södermanlands län,51,396,35,94,46,126,244,514
1076,Eskilstuna,Södermanlands län,21,298,29,93,39,49,242,295
1051,Eskilstuna,Södermanlands län,40,202,24,80,40,63,250,341
996,Eskilstuna,Södermanlands län,30,226,29,69,46,37,232,320
842,Eskilstuna,Södermanlands län,32,258,32,39,33,35,200,211
544,Strängnäs,Södermanlands län,34,109,43,42,32,28,144,100
860,Strängnäs,Södermanlands län,42,271,29,43,21,52,215,165
1231,Strängnäs,Södermanlands län,49,387,38,73,59,55,275,271
1035,Strängnäs,Södermanlands län,38,296,37,76,58,53,253,214
1227,Strängnäs,Södermanlands län,59,311,46,64,87,55,375,219
799,Strängnäs,Södermanlands län,53,270,38,43,38,34,179,130
1383,Strängnäs,Södermanlands län,48,495,53,76,57,60,326,256
1014,Strängnäs,Södermanlands län,37,281,31,52,30,42,234,287
940,Strängnäs,Södermanlands län,43,303,27,37,35,56,215,204
692,Strängnäs,Södermanlands län,34,156,29,43,27,38,198,157
1015,Strängnäs,Södermanlands län,33,233,52,77,38,49,292,237
997,Strängnäs,Södermanlands län,33,289,65,65,62,53,276,141
984,Strängnäs,Södermanlands län,54,254,51,66,39,41,272,194
1103,Strängnäs,Södermanlands län,39,310,79,104,62,44,271,187
1087,Strängnäs,Södermanlands län,42,293,44,70,56,49,227,292
1057,Strängnäs,Södermanlands län,23,248,59,99,62,62,272,215
1138,Strängnäs,Södermanlands län,48,246,69,113,68,58,306,224
489,Strängnäs,Södermanlands län,7,110,12,22,23,33,95,182
1010,Strängnäs,Södermanlands län,42,283,22,42,30,50,157,371
1238,Strängnäs,Södermanlands län,46,372,19,57,40,61,216,412
1417,Strängnäs,Södermanlands län,50,331,41,115,79,83,340,364
1175,Strängnäs,Södermanlands län,61,297,52,97,43,44,247,319
651,Strängnäs,Södermanlands län,14,178,29,40,18,34,113,214
967,Strängnäs,Södermanlands län,32,218,33,91,33,54,224,271
369,Trosa,Södermanlands län,20,85,25,24,16,19,85,89
965,Trosa,Södermanlands län,32,245,53,58,37,52,293,187
764,Trosa,Södermanlands län,23,195,62,70,44,37,213,116
931,Trosa,Södermanlands län,17,213,42,61,63,58,304,170
977,Trosa,Södermanlands län,43,293,41,53,31,39,229,234
859,Trosa,Södermanlands län,19,225,47,79,45,41,231,158
1021,Trosa,Södermanlands län,24,277,35,59,34,59,278,243
738,Trosa,Södermanlands län,25,202,32,41,29,26,137,237
885,Trosa,Södermanlands län,29,265,32,62,31,41,202,215
654,Trosa,Södermanlands län,27,219,27,29,17,35,116,171
747,Trosa,Södermanlands län,31,250,18,24,14,33,116,259
740,Trosa,Södermanlands län,36,168,40,72,36,44,161,174
333,Ödeshög,Östergötlands län,12,87,14,29,8,28,63,88
526,Ödeshög,Östergötlands län,18,111,23,43,11,92,67,155
935,Ödeshög,Östergötlands län,20,270,28,54,12,120,163,249
929,Ödeshög,Östergötlands län,21,242,31,67,17,125,154,258
812,Ödeshög,Östergötlands län,27,151,41,84,28,90,172,202
60,Ydre,Östergötlands län,2,13,5,5,6,4,8,17
709,Ydre,Östergötlands län,17,191,31,106,34,72,105,139
371,Ydre,Östergötlands län,12,82,11,47,8,44,62,103
978,Ydre,Östergötlands län,27,271,34,97,21,106,161,250
456,Ydre,Östergötlands län,17,110,22,34,15,52,80,122
266,Kinda,Östergötlands län,16,60,19,30,9,26,41,59
1047,Kinda,Östergötlands län,42,381,22,48,24,64,170,290
1008,Kinda,Östergötlands län,48,332,30,50,16,70,139,309
1046,Kinda,Östergötlands län,32,317,35,95,18,102,169,272
1025,Kinda,Östergötlands län,28,238,24,114,18,101,150,307
1247,Kinda,Östergötlands län,47,358,75,107,51,95,249,253
1139,Kinda,Östergötlands län,53,326,99,97,35,96,198,222
106,Boxholm,Östergötlands län,6,29,6,6,2,5,22,25
1328,Boxholm,Östergötlands län,49,540,30,70,39,76,183,324
1381,Boxholm,Östergötlands län,61,544,25,48,28,57,196,402
934,Boxholm,Östergötlands län,38,234,37,98,24,88,157,248
411,Åtvidaberg,Östergötlands län,17,104,14,38,13,26,75,118
1480,Åtvidaberg,Östergötlands län,68,548,46,70,41,89,222,384
1659,Åtvidaberg,Östergötlands län,44,671,43,65,56,110,282,379
1401,Åtvidaberg,Östergötlands län,51,483,37,108,33,91,171,413
1302,Åtvidaberg,Östergötlands län,57,471,30,65,24,72,160,403
1599,Åtvidaberg,Östergötlands län,50,457,71,138,70,107,365,328
257,Finspång,Östergötlands län,23,68,12,12,11,14,43,61
793,Finspång,Östergötlands län,61,317,18,35,29,32,94,193
786,Finspång,Östergötlands län,42,310,26,37,28,42,117,172
881,Finspång,Östergötlands län,46,336,22,26,33,37,145,222
998,Finspång,Östergötlands län,30,330,35,64,31,56,191,247
1053,Finspång,Östergötlands län,67,411,25,49,36,47,152,256
960,Finspång,Östergötlands län,56,398,21,31,26,51,109,257
1002,Finspång,Östergötlands län,76,402,28,30,32,36,118,272
757,Finspång,Östergötlands län,28,216,30,44,30,37,139,225
868,Finspång,Östergötlands län,50,319,24,46,31,35,142,202
1000,Finspång,Östergötlands län,56,394,26,48,28,54,175,204
837,Finspång,Östergötlands län,50,340,14,35,17,40,125,202
383,Finspång,Östergötlands län,17,117,9,23,16,30,57,109
666,Finspång,Östergötlands län,28,243,18,45,11,39,98,175
325,Finspång,Östergötlands län,14,99,6,17,10,30,48,95
615,Finspång,Östergötlands län,26,171,14,29,20,70,94,186
396,Finspång,Östergötlands län,19,90,15,23,14,31,54,143
375,Finspång,Östergötlands län,20,96,23,22,9,23,65,108
695,Finspång,Östergötlands län,33,226,12,28,20,36,97,233
352,Finspång,Östergötlands län,10,82,23,29,11,34,66,94
392,Valdemarsvik,Östergötlands län,20,124,13,24,10,24,74,98
1070,Valdemarsvik,Östergötlands län,42,429,17,54,27,51,176,260
774,Valdemarsvik,Östergötlands län,35,298,12,35,11,49,127,202
889,Valdemarsvik,Östergötlands län,37,178,22,69,35,78,141,320
1041,Valdemarsvik,Östergötlands län,47,337,15,43,18,83,161,316
567,Valdemarsvik,Östergötlands län,12,117,16,61,29,41,117,166
552,Valdemarsvik,Östergötlands län,25,93,13,53,11,62,107,181
962,Linköping,Östergötlands län,101,275,60,81,77,43,197,105
1253,Linköping,Östergötlands län,69,346,78,109,95,58,285,199
1168,Linköping,Östergötlands län,84,347,93,85,83,67,228,167
1005,Linköping,Östergötlands län,62,265,52,92,65,53,244,151
956,Linköping,Östergötlands län,95,336,44,48,32,47,134,199
1148,Linköping,Östergötlands län,62,282,62,104,80,51,322,173
1162,Linköping,Östergötlands län,59,316,85,122,89,66,272,136
1250,Linköping,Östergötlands län,73,341,84,100,89,68,317,157
1025,Linköping,Östergötlands län,109,354,110,72,45,40,146,139
1055,Linköping,Östergötlands län,121,321,65,83,48,43,171,181
960,Linköping,Östergötlands län,92,241,86,84,73,51,211,112
777,Linköping,Östergötlands län,36,185,110,108,74,24,171,61
1166,Linköping,Östergötlands län,73,359,99,102,85,52,243,141
1036,Linköping,Östergötlands län,73,365,83,70,52,38,178,158
1108,Linköping,Östergötlands län,42,285,129,144,96,58,238,99
919,Linköping,Östergötlands län,72,267,93,98,76,31,166,92
1055,Linköping,Östergötlands län,97,314,126,91,65,43,191,111
1228,Linköping,Östergötlands län,78,342,78,72,69,63,288,221
1231,Linköping,Östergötlands län,58,305,62,123,96,63,343,164
905,Linköping,Östergötlands län,45,297,77,86,74,42,179,98
1333,Linköping,Östergötlands län,103,268,114,172,148,46,368,92
553,Linköping,Östergötlands län,28,111,43,62,47,16,183,53
937,Linköping,Östergötlands län,66,223,76,126,103,36,231,62
1482,Linköping,Östergötlands län,116,432,107,141,96,84,270,207
1098,Linköping,Östergötlands län,92,310,60,73,59,66,206,211
898,Linköping,Östergötlands län,62,244,40,42,78,53,231,138
1098,Linköping,Östergötlands län,65,270,89,93,80,59,240,190
1207,Linköping,Östergötlands län,64,311,64,83,66,55,355,196
1083,Linköping,Östergötlands län,79,289,55,74,70,50,231,225
985,Linköping,Östergötlands län,58,281,56,87,54,38,208,179
922,Linköping,Östergötlands län,46,277,47,65,69,41,228,140
871,Linköping,Östergötlands län,52,293,54,52,53,41,190,124
926,Linköping,Östergötlands län,50,282,50,77,77,36,205,135
1246,Linköping,Östergötlands län,22,321,89,117,99,59,352,181
1027,Linköping,Östergötlands län,73,374,41,61,42,55,166,198
1122,Linköping,Östergötlands län,28,354,38,81,79,58,313,157
1171,Linköping,Östergötlands län,55,463,66,63,67,43,201,202
1049,Linköping,Östergötlands län,59,395,36,39,43,47,144,272
1064,Linköping,Östergötlands län,26,265,50,114,82,68,340,108
1116,Linköping,Östergötlands län,49,398,68,63,58,49,240,174
1394,Linköping,Östergötlands län,56,433,105,111,113,77,295,195
1302,Linköping,Östergötlands län,34,378,71,120,85,91,337,177
888,Linköping,Östergötlands län,95,275,84,52,42,44,140,133
1178,Linköping,Östergötlands län,78,376,97,92,75,78,253,119
1110,Linköping,Östergötlands län,55,340,88,101,72,66,229,149
1014,Linköping,Östergötlands län,91,361,83,62,43,64,136,154
917,Linköping,Östergötlands län,111,307,83,85,29,48,116,118
738,Linköping,Östergötlands län,27,231,45,44,36,43,126,177
906,Linköping,Östergötlands län,33,313,48,49,64,58,178,152
955,Linköping,Östergötlands län,27,346,33,62,54,59,216,150
1044,Linköping,Östergötlands län,45,416,40,50,44,41,184,218
679,Linköping,Östergötlands län,17,130,46,67,24,52,207,131
1121,Linköping,Östergötlands län,42,366,79,86,64,56,235,185
1395,Linköping,Östergötlands län,46,457,58,89,68,86,353,229
1365,Linköping,Östergötlands län,52,373,79,132,65,101,342,217
1301,Linköping,Östergötlands län,54,287,83,157,68,99,247,292
1467,Linköping,Östergötlands län,37,350,79,160,60,128,296,337
276,Linköping,Östergötlands län,13,62,14,15,4,23,48,94
518,Linköping,Östergötlands län,23,123,25,48,28,44,114,111
665,Linköping,Östergötlands län,15,133,18,69,19,58,151,193
1019,Linköping,Östergötlands län,32,297,38,61,51,50,224,260
1395,Linköping,Östergötlands län,32,356,91,118,70,103,302,310
1314,Linköping,Östergötlands län,42,304,78,92,102,83,370,226
1222,Linköping,Östergötlands län,38,389,81,102,58,67,219,248
1100,Linköping,Östergötlands län,34,330,47,107,66,68,227,210
1189,Linköping,Östergötlands län,40,419,56,94,43,70,224,233
1013,Linköping,Östergötlands län,28,351,37,82,44,48,175,238
996,Linköping,Östergötlands län,29,277,57,92,46,56,201,226
608,Linköping,Östergötlands län,27,151,44,61,25,37,117,135
690,Linköping,Östergötlands län,16,157,28,56,28,50,182,163
955,Linköping,Östergötlands län,31,245,27,54,49,49,267,225
1213,Linköping,Östergötlands län,38,407,37,66,56,67,312,221
1621,Linköping,Östergötlands län,23,325,66,163,136,105,561,230
1361,Linköping,Östergötlands län,37,338,58,111,75,125,305,299
460,Linköping,Östergötlands län,21,118,12,48,14,44,93,102
927,Linköping,Östergötlands län,25,205,45,101,46,105,194,202
784,Linköping,Östergötlands län,35,182,34,73,41,67,185,161
1493,Linköping,Östergötlands län,53,416,64,131,66,92,372,279
1080,Linköping,Östergötlands län,86,329,66,89,82,47,232,128
776,Linköping,Östergötlands län,98,340,57,37,16,15,75,111
735,Linköping,Östergötlands län,106,323,62,34,20,16,69,82
952,Linköping,Östergötlands län,47,308,70,99,72,30,210,103
941,Linköping,Östergötlands län,19,246,83,102,96,62,242,87
950,Linköping,Östergötlands län,103,315,48,52,52,31,163,161
995,Linköping,Östergötlands län,29,423,55,48,56,50,176,150
913,Linköping,Östergötlands län,56,346,65,52,30,35,133,189
785,Linköping,Östergötlands län,37,257,65,80,49,66,147,81
1195,Linköping,Östergötlands län,58,408,67,111,81,65,258,130
1072,Linköping,Östergötlands län,64,322,62,92,63,51,268,134
1208,Linköping,Östergötlands län,55,325,105,124,91,62,265,163
756,Linköping,Östergötlands län,53,272,60,40,36,28,93,149
940,Linköping,Östergötlands län,52,367,43,46,51,40,170,154
1111,Linköping,Östergötlands län,47,349,111,113,85,47,225,124
1081,Linköping,Östergötlands län,69,394,74,75,54,45,174,173
969,Linköping,Östergötlands län,63,283,49,85,51,47,227,156
698,Linköping,Östergötlands län,85,360,20,26,7,27,46,100
732,Linköping,Östergötlands län,106,321,32,33,19,35,72,91
753,Linköping,Östergötlands län,108,293,20,31,18,31,65,163
579,Linköping,Östergötlands län,85,263,29,24,4,25,36,84
602,Linköping,Östergötlands län,75,269,27,25,12,25,50,98
1102,Linköping,Östergötlands län,103,308,110,106,89,60,209,99
982,Linköping,Östergötlands län,131,281,88,56,63,48,154,138
624,Linköping,Östergötlands län,115,196,51,41,23,31,60,78
742,Linköping,Östergötlands län,139,275,62,42,15,24,55,97
841,Linköping,Östergötlands län,118,196,64,87,87,27,184,52
2460,Norrköping,Östergötlands län,233,738,158,126,83,134,470,439
1203,Norrköping,Östergötlands län,59,383,41,49,52,76,230,301
1319,Norrköping,Östergötlands län,46,339,79,93,60,76,351,263
1045,Norrköping,Östergötlands län,81,340,34,31,32,44,152,310
1187,Norrköping,Östergötlands län,50,361,48,67,49,63,298,238
1148,Norrköping,Östergötlands län,41,279,54,58,50,68,266,318
956,Norrköping,Östergötlands län,31,254,37,49,43,76,247,209
1129,Norrköping,Östergötlands län,31,337,41,78,54,56,280,240
1050,Norrköping,Östergötlands län,55,406,25,28,20,44,174,287
973,Norrköping,Östergötlands län,26,282,40,63,51,65,273,171
1004,Norrköping,Östergötlands län,73,289,49,50,53,60,187,230
932,Norrköping,Östergötlands län,69,228,49,48,36,69,256,166
964,Norrköping,Östergötlands län,58,336,36,33,35,48,158,254
922,Norrköping,Östergötlands län,96,251,43,68,49,52,206,145
778,Norrköping,Östergötlands län,101,237,47,34,32,29,168,122
861,Norrköping,Östergötlands län,114,274,55,48,27,31,139,153
1021,Norrköping,Östergötlands län,157,309,62,53,44,50,169,164
1011,Norrköping,Östergötlands län,61,300,45,55,50,53,262,181
1014,Norrköping,Östergötlands län,45,268,51,57,26,95,229,220
667,Norrköping,Östergötlands län,50,257,14,18,6,52,140,120
567,Norrköping,Östergötlands län,84,202,46,24,19,28,54,93
549,Norrköping,Östergötlands län,76,220,17,14,7,41,46,106
410,Norrköping,Östergötlands län,46,184,4,14,6,34,36,75
1253,Norrköping,Östergötlands län,51,357,60,66,49,71,299,286
1099,Norrköping,Östergötlands län,43,290,34,46,41,125,327,187
1429,Norrköping,Östergötlands län,29,310,58,115,46,108,388,364
1294,Norrköping,Östergötlands län,34,215,49,141,35,123,297,388
1407,Norrköping,Östergötlands län,40,317,58,120,38,114,294,411
1212,Norrköping,Östergötlands län,43,237,32,86,37,124,211,425
1238,Norrköping,Östergötlands län,20,251,31,85,69,80,484,215
874,Norrköping,Östergötlands län,103,313,35,32,21,36,118,193
1080,Norrköping,Östergötlands län,77,367,47,52,53,49,171,254
1099,Norrköping,Östergötlands län,105,365,66,42,32,70,185,225
1061,Norrköping,Östergötlands län,46,238,60,71,73,50,296,220
1099,Norrköping,Östergötlands län,48,351,48,39,46,84,192,270
1177,Norrköping,Östergötlands län,54,284,36,51,42,80,267,352
903,Norrköping,Östergötlands län,54,235,38,50,37,55,184,244
1292,Norrköping,Östergötlands län,43,457,34,59,27,69,234,361
1272,Norrköping,Östergötlands län,53,381,30,33,42,70,223,433
1202,Norrköping,Östergötlands län,46,281,30,84,36,93,192,423
1238,Norrköping,Östergötlands län,51,343,67,59,49,71,265,318
1011,Norrköping,Östergötlands län,32,235,47,60,36,87,206,301
1148,Norrköping,Östergötlands län,28,305,75,71,62,77,335,188
793,Norrköping,Östergötlands län,78,264,27,13,9,61,76,253
754,Norrköping,Östergötlands län,126,327,24,16,7,57,47,125
973,Norrköping,Östergötlands län,130,300,71,40,31,45,127,207
941,Norrköping,Östergötlands län,52,335,26,35,22,53,135,274
502,Norrköping,Östergötlands län,72,212,10,14,2,43,60,82
488,Norrköping,Östergötlands län,54,206,8,15,6,44,41,93
968,Norrköping,Östergötlands län,34,253,38,43,37,68,219,255
1020,Norrköping,Östergötlands län,43,263,66,77,40,57,208,253
1195,Norrköping,Östergötlands län,48,364,62,47,56,81,245,282
1027,Norrköping,Östergötlands län,42,307,33,35,29,70,242,256
1230,Norrköping,Östergötlands län,33,358,32,74,66,73,306,284
664,Norrköping,Östergötlands län,10,131,23,66,37,47,205,136
1071,Norrköping,Östergötlands län,32,243,49,76,43,54,255,311
899,Norrköping,Östergötlands län,70,270,28,33,22,45,135,283
1002,Norrköping,Östergötlands län,69,337,28,37,25,54,134,299
588,Norrköping,Östergötlands län,107,187,51,29,14,35,55,85
787,Norrköping,Östergötlands län,74,236,43,31,34,41,124,193
1073,Norrköping,Östergötlands län,130,315,91,59,49,47,199,169
765,Norrköping,Östergötlands län,141,245,47,30,19,25,111,130
1104,Norrköping,Östergötlands län,122,363,56,46,39,55,241,169
975,Norrköping,Östergötlands län,123,307,59,62,50,39,162,158
1089,Norrköping,Östergötlands län,107,289,76,92,60,59,243,152
902,Norrköping,Östergötlands län,139,268,50,42,35,43,146,172
736,Norrköping,Östergötlands län,110,259,40,28,16,24,119,123
1126,Norrköping,Östergötlands län,79,306,61,64,49,47,237,268
1116,Norrköping,Östergötlands län,119,306,45,75,50,53,213,229
1148,Norrköping,Östergötlands län,90,299,66,61,70,53,257,243
987,Norrköping,Östergötlands län,94,312,54,39,38,48,186,202
772,Norrköping,Östergötlands län,78,193,62,45,42,48,180,111
705,Norrköping,Östergötlands län,103,178,44,30,47,31,126,124
793,Norrköping,Östergötlands län,111,211,63,48,46,27,164,109
1162,Norrköping,Östergötlands län,29,367,27,55,47,83,291,248
1271,Norrköping,Östergötlands län,39,354,39,72,68,103,346,248
1178,Norrköping,Östergötlands län,24,210,33,74,54,93,458,225
1183,Norrköping,Östergötlands län,21,227,44,84,73,77,440,211
1290,Norrköping,Östergötlands län,109,538,53,42,40,69,182,244
925,Norrköping,Östergötlands län,84,291,38,43,38,48,177,192
740,Norrköping,Östergötlands län,85,251,21,23,13,34,109,189
1026,Norrköping,Östergötlands län,51,373,19,31,22,52,147,322
1059,Norrköping,Östergötlands län,54,411,22,36,26,47,116,338
1020,Norrköping,Östergötlands län,55,396,34,28,28,52,155,258
1045,Norrköping,Östergötlands län,66,357,44,40,31,53,212,227
1062,Norrköping,Östergötlands län,77,342,28,39,16,101,189,249
910,Norrköping,Östergötlands län,71,289,30,20,20,70,143,249
166,Söderköping,Östergötlands län,7,40,7,14,12,9,34,39
1232,Söderköping,Östergötlands län,53,315,62,79,64,78,273,287
1223,Söderköping,Östergötlands län,57,364,50,76,70,91,226,275
938,Söderköping,Östergötlands län,56,268,32,56,34,59,179,244
1487,Söderköping,Östergötlands län,58,345,77,110,74,118,342,351
1272,Söderköping,Östergötlands län,46,348,24,73,65,73,263,366
1333,Söderköping,Östergötlands län,50,298,40,86,54,78,307,404
703,Söderköping,Östergötlands län,29,143,29,68,19,69,115,228
1040,Söderköping,Östergötlands län,39,213,29,69,19,81,251,329
632,Söderköping,Östergötlands län,15,116,19,84,29,52,159,152
917,Motala,Östergötlands län,48,250,32,57,33,54,183,252
1077,Motala,Östergötlands län,57,457,18,47,32,59,152,243
1187,Motala,Östergötlands län,56,439,30,38,41,71,213,281
1015,Motala,Östergötlands län,60,377,17,22,24,56,169,280
1105,Motala,Östergötlands län,36,390,25,53,42,59,238,252
1133,Motala,Östergötlands län,48,370,49,47,47,55,241,265
1290,Motala,Östergötlands län,42,551,24,46,43,50,228,299
1448,Motala,Östergötlands län,64,456,47,62,75,81,314,340
1298,Motala,Östergötlands län,34,456,32,42,70,60,296,302
1379,Motala,Östergötlands län,42,425,28,58,55,66,335,354
889,Motala,Östergötlands län,62,343,39,37,21,41,112,218
1081,Motala,Östergötlands län,54,514,22,36,22,41,138,247
1302,Motala,Östergötlands län,53,423,33,48,52,71,248,365
1282,Motala,Östergötlands län,64,429,17,37,30,71,270,359
1129,Motala,Östergötlands län,49,335,33,59,51,51,246,295
752,Motala,Östergötlands län,70,394,18,30,11,21,39,149
1465,Motala,Östergötlands län,50,550,51,66,58,62,311,309
746,Motala,Östergötlands län,62,306,15,29,13,31,113,153
1236,Motala,Östergötlands län,50,379,39,75,44,70,236,336
467,Motala,Östergötlands län,25,112,9,58,15,44,70,129
1525,Motala,Östergötlands län,39,510,58,136,78,106,302,281
1412,Motala,Östergötlands län,63,406,68,115,50,103,276,319
1400,Motala,Östergötlands län,58,321,34,107,30,96,287,459
745,Motala,Östergötlands län,33,204,11,59,15,65,95,252
824,Motala,Östergötlands län,26,214,13,69,36,63,147,250
279,Vadstena,Östergötlands län,17,81,29,14,11,11,58,58
924,Vadstena,Östergötlands län,50,284,74,54,52,44,232,125
931,Vadstena,Östergötlands län,50,364,36,40,36,45,140,213
1399,Vadstena,Östergötlands län,57,501,49,77,61,81,277,291
1202,Vadstena,Östergötlands län,48,321,59,118,37,93,277,245
699,Vadstena,Östergötlands län,25,170,32,66,14,68,167,148
607,Mjölby,Östergötlands län,38,156,17,47,28,35,142,142
1029,Mjölby,Östergötlands län,40,396,28,46,40,44,167,260
813,Mjölby,Östergötlands län,39,353,17,20,20,40,100,209
1009,Mjölby,Östergötlands län,48,395,31,47,25,50,151,248
1107,Mjölby,Östergötlands län,45,350,33,69,39,78,225,247
1298,Mjölby,Östergötlands län,55,480,35,62,65,70,255,266
822,Mjölby,Östergötlands län,39,274,26,47,49,42,161,176
1197,Mjölby,Östergötlands län,51,375,24,85,54,69,310,225
813,Mjölby,Östergötlands län,61,242,36,32,31,31,159,205
1106,Mjölby,Östergötlands län,43,391,19,49,32,64,241,256
919,Mjölby,Östergötlands län,47,308,20,31,25,47,158,274
811,Mjölby,Östergötlands län,32,200,20,51,22,61,169,253
891,Mjölby,Östergötlands län,31,320,12,41,21,41,153,263
670,Mjölby,Östergötlands län,13,118,29,59,31,63,180,170
1072,Mjölby,Östergötlands län,22,277,23,90,36,81,244,289
1070,Mjölby,Östergötlands län,31,227,44,91,38,105,209,316
1191,Mjölby,Östergötlands län,38,330,45,78,81,74,282,256
871,Mjölby,Östergötlands län,25,259,30,52,42,67,180,209
1082,Mjölby,Östergötlands län,33,389,29,59,59,52,223,232
380,Aneby,Jönköpings län,15,81,11,20,17,41,55,133
1556,Aneby,Jönköpings län,38,322,52,184,51,192,284,406
1359,Aneby,Jönköpings län,34,421,34,89,53,136,206,360
1170,Aneby,Jönköpings län,32,291,25,121,33,142,204,304
87,Gnosjö,Jönköpings län,6,18,4,5,2,13,17,20
854,Gnosjö,Jönköpings län,26,168,22,97,35,89,166,246
1136,Gnosjö,Jönköpings län,35,280,15,110,23,179,207,283
748,Gnosjö,Jönköpings län,3,120,5,58,21,114,148,272
727,Gnosjö,Jönköpings län,19,206,10,44,21,82,165,175
935,Gnosjö,Jönköpings län,16,241,17,40,28,123,232,234
1031,Gnosjö,Jönköpings län,38,325,19,45,36,116,204,234
263,Mullsjö,Jönköpings län,15,61,20,14,12,21,54,62
807,Mullsjö,Jönköpings län,36,210,23,56,14,61,158,236
1224,Mullsjö,Jönköpings län,43,352,33,49,38,174,203,315
1255,Mullsjö,Jönköpings län,56,319,51,57,36,173,197,355
1354,Mullsjö,Jönköpings län,41,332,61,104,56,183,193,358
514,Habo,Jönköpings län,20,122,25,40,19,48,133,93
1387,Habo,Jönköpings län,44,376,50,114,58,160,306,257
1055,Habo,Jönköpings län,39,329,28,76,26,125,160,258
896,Habo,Jönköpings län,32,172,21,76,25,101,176,279
1160,Habo,Jönköpings län,22,258,37,57,44,118,186,421
1062,Habo,Jönköpings län,28,345,44,67,45,116,198,214
1157,Habo,Jönköpings län,29,346,42,75,52,100,255,245
1025,Habo,Jönköpings län,15,225,22,75,47,152,276,198
351,Gislaved,Jönköpings län,28,116,9,22,11,16,65,71
876,Gislaved,Jönköpings län,44,358,16,37,28,40,139,201
698,Gislaved,Jönköpings län,36,377,13,37,14,21,94,100
952,Gislaved,Jönköpings län,39,353,21,32,31,49,200,217
1160,Gislaved,Jönköpings län,38,384,10,59,31,77,262,287
855,Gislaved,Jönköpings län,57,302,23,33,26,45,128,237
806,Gislaved,Jönköpings län,48,289,22,11,12,50,112,254
579,Gislaved,Jönköpings län,13,143,11,57,25,48,109,170
1009,Gislaved,Jönköpings län,24,262,21,57,37,84,253,266
1110,Gislaved,Jönköpings län,39,328,14,48,35,95,224,320
912,Gislaved,Jönköpings län,33,247,18,57,27,85,197,231
1177,Gislaved,Jönköpings län,30,345,23,72,34,89,267,310
1165,Gislaved,Jönköpings län,27,309,11,107,36,101,231,331
873,Gislaved,Jönköpings län,25,205,16,67,24,70,147,309
837,Gislaved,Jönköpings län,26,215,19,78,23,54,149,268
578,Gislaved,Jönköpings län,14,105,8,42,20,69,83,232
682,Gislaved,Jönköpings län,15,100,6,104,11,66,145,234
1266,Gislaved,Jönköpings län,29,254,18,165,34,114,250,389
1288,Gislaved,Jönköpings län,33,290,38,131,56,161,266,305
377,Vaggeryd,Jönköpings län,23,103,14,27,14,33,59,92
972,Vaggeryd,Jönköpings län,19,316,31,74,35,84,203,199
1236,Vaggeryd,Jönköpings län,47,445,32,60,45,106,174,305
1375,Vaggeryd,Jönköpings län,58,532,31,88,49,121,205,265
958,Vaggeryd,Jönköpings län,32,172,11,104,31,115,137,343
1378,Vaggeryd,Jönköpings län,36,369,40,111,58,172,281,294
1242,Vaggeryd,Jönköpings län,50,485,26,65,32,85,169,308
771,Vaggeryd,Jönköpings län,20,124,24,99,18,136,102,233
829,Vaggeryd,Jönköpings län,18,178,20,61,35,88,165,255
1861,Jönköping,Jönköpings län,157,417,123,163,90,135,437,304
1080,Jönköping,Jönköpings län,39,283,50,95,61,105,287,149
953,Jönköping,Jönköpings län,59,319,45,58,34,82,184,163
1365,Jönköping,Jönköpings län,49,391,64,116,80,87,331,239
985,Jönköping,Jönköpings län,50,239,38,76,49,88,263,166
1373,Jönköping,Jönköpings län,79,431,64,99,76,97,299,211
947,Jönköping,Jönköpings län,60,296,34,73,40,70,200,159
1120,Jönköping,Jönköpings län,93,283,50,99,57,68,263,194
1348,Jönköping,Jönköpings län,100,417,92,102,45,99,242,237
1000,Jönköping,Jönköpings län,66,285,51,83,52,57,209,191
1086,Jönköping,Jönköpings län,53,347,63,93,58,77,229,160
1219,Jönköping,Jönköpings län,77,445,52,77,55,69,213,212
1193,Jönköping,Jönköpings län,58,353,54,104,57,91,249,216
1287,Jönköping,Jönköpings län,64,364,56,119,92,114,310,154
1216,Jönköping,Jönköpings län,54,314,66,103,84,97,307,180
1313,Jönköping,Jönköpings län,63,380,76,98,73,115,285,207
1344,Jönköping,Jönköpings län,33,302,71,164,128,133,366,141
954,Jönköping,Jönköpings län,25,228,26,88,65,133,272,113
937,Jönköping,Jönköpings län,41,207,27,72,61,81,289,150
1486,Jönköping,Jönköpings län,58,349,130,135,129,135,377,168
841,Jönköping,Jönköpings län,48,201,35,71,51,73,213,134
1176,Jönköping,Jönköpings län,22,348,65,80,63,119,316,156
1304,Jönköping,Jönköpings län,91,345,49,107,77,85,304,223
1154,Jönköping,Jönköpings län,76,361,40,74,58,67,236,231
1148,Jönköping,Jönköpings län,39,348,33,87,84,99,265,182
1112,Jönköping,Jönköpings län,81,348,76,78,47,77,219,168
836,Jönköping,Jönköpings län,63,292,26,52,32,52,124,184
759,Jönköping,Jönköpings län,69,290,24,24,20,66,120,138
1008,Jönköping,Jönköpings län,58,382,43,54,45,73,199,149
954,Jönköping,Jönköpings län,46,326,52,67,35,71,185,163
831,Jönköping,Jönköpings län,35,246,34,45,39,87,175,155
1134,Jönköping,Jönköpings län,33,335,54,81,46,98,248,225
673,Jönköping,Jönköpings län,112,277,31,16,8,44,49,101
788,Jönköping,Jönköpings län,91,336,21,48,9,52,75,140
1035,Jönköping,Jönköpings län,81,377,42,40,36,70,168,205
1454,Jönköping,Jönköpings län,54,459,66,110,62,104,307,275
539,Jönköping,Jönköpings län,44,255,14,36,8,26,51,71
1456,Jönköping,Jönköpings län,65,512,86,94,54,90,230,312
780,Jönköping,Jönköpings län,74,407,19,29,6,39,40,107
776,Jönköping,Jönköpings län,75,384,19,33,13,31,47,125
727,Jönköping,Jönköpings län,42,232,25,51,28,71,101,165
969,Jönköping,Jönköpings län,87,384,37,42,17,85,128,170
669,Jönköping,Jönköpings län,59,316,18,18,9,64,61,109
1033,Jönköping,Jönköpings län,81,438,19,48,20,109,152,149
1410,Jönköping,Jönköpings län,40,332,68,97,71,180,324,279
1028,Jönköping,Jönköpings län,64,314,32,68,31,79,184,241
1096,Jönköping,Jönköpings län,64,416,34,49,41,110,131,230
1058,Jönköping,Jönköpings län,57,368,45,66,24,94,174,219
1093,Jönköping,Jönköpings län,61,408,43,67,29,104,162,203
746,Jönköping,Jönköpings län,58,296,37,38,19,58,107,122
1243,Jönköping,Jönköpings län,35,370,58,83,57,103,238,279
1491,Jönköping,Jönköpings län,41,430,66,151,71,128,327,272
1008,Jönköping,Jönköpings län,21,289,25,75,41,112,177,259
999,Jönköping,Jönköpings län,60,324,46,77,37,97,198,149
1342,Jönköping,Jönköpings län,57,339,53,115,61,132,233,340
1284,Jönköping,Jönköpings län,64,335,65,84,48,135,200,334
1192,Jönköping,Jönköpings län,58,374,40,65,43,86,225,290
1119,Jönköping,Jönköpings län,60,390,25,58,30,66,163,317
1271,Jönköping,Jönköpings län,36,341,54,121,74,162,214,259
1249,Jönköping,Jönköpings län,52,447,69,109,55,110,207,185
1038,Jönköping,Jönköpings län,45,351,21,43,37,78,139,306
527,Jönköping,Jönköpings län,23,182,26,52,8,39,61,125
1434,Jönköping,Jönköpings län,37,292,51,131,50,255,257,340
1492,Jönköping,Jönköpings län,36,370,79,148,71,211,310,252
1357,Jönköping,Jönköpings län,43,272,59,183,41,227,264,255
1678,Jönköping,Jönköpings län,46,350,37,118,59,186,340,532
1182,Jönköping,Jönköpings län,18,276,45,103,50,137,204,342
997,Jönköping,Jönköpings län,33,195,30,135,30,116,163,283
1189,Jönköping,Jönköpings län,25,342,34,79,40,130,240,293
1100,Jönköping,Jönköpings län,44,339,27,36,30,100,226,281
1151,Jönköping,Jönköpings län,40,332,34,74,49,103,228,284
1033,Jönköping,Jönköpings län,31,341,29,86,31,90,162,249
1092,Jönköping,Jönköpings län,37,309,28,78,48,105,213,262
1113,Jönköping,Jönköpings län,35,346,17,80,50,91,205,283
1199,Jönköping,Jönköpings län,55,447,46,57,39,98,143,301
1334,Jönköping,Jönköpings län,36,333,45,119,61,152,298,276
1450,Jönköping,Jönköpings län,26,296,70,152,97,133,388,278
1255,Jönköping,Jönköpings län,31,379,67,146,70,124,282,152
1340,Jönköping,Jönköpings län,35,339,78,122,84,148,305,215
846,Jönköping,Jönköpings län,22,185,32,72,35,102,144,243
811,Jönköping,Jönköpings län,16,128,20,92,30,141,98,279
1178,Nässjö,Jönköpings län,63,363,41,62,44,73,211,301
1215,Nässjö,Jönköpings län,49,460,30,60,37,92,214,258
1035,Nässjö,Jönköpings län,32,224,38,63,39,77,173,378
1450,Nässjö,Jönköpings län,66,436,58,75,58,102,266,379
1256,Nässjö,Jönköpings län,28,451,44,71,57,108,222,267
1225,Nässjö,Jönköpings län,51,382,51,64,47,84,204,328
1109,Nässjö,Jönköpings län,63,478,42,55,37,76,122,215
1068,Nässjö,Jönköpings län,66,408,24,47,33,75,150,239
1369,Nässjö,Jönköpings län,50,417,37,59,48,87,253,400
1214,Nässjö,Jönköpings län,61,424,28,50,37,92,183,321
1093,Nässjö,Jönköpings län,37,321,35,71,30,73,155,359
1300,Nässjö,Jönköpings län,51,225,41,145,40,164,185,433
1448,Nässjö,Jönköpings län,64,361,34,118,38,137,214,465
1122,Nässjö,Jönköpings län,37,339,31,63,12,82,178,363
925,Nässjö,Jönköpings län,26,167,34,79,18,116,149,326
1243,Nässjö,Jönköpings län,33,317,18,111,42,179,177,353
833,Värnamo,Jönköpings län,47,248,25,62,27,62,180,172
1178,Värnamo,Jönköpings län,26,337,29,119,49,115,291,207
945,Värnamo,Jönköpings län,52,307,30,60,45,63,183,185
838,Värnamo,Jönköpings län,42,272,24,58,21,58,175,173
1046,Värnamo,Jönköpings län,51,324,27,81,38,77,200,236
853,Värnamo,Jönköpings län,35,416,8,55,17,54,140,117
906,Värnamo,Jönköpings län,32,283,17,87,38,70,203,168
949,Värnamo,Jönköpings län,25,277,18,72,46,105,210,185
718,Värnamo,Jönköpings län,54,273,27,72,21,52,126,85
815,Värnamo,Jönköpings län,16,227,17,60,35,76,206,170
1113,Värnamo,Jönköpings län,37,345,25,82,41,97,339,139
1046,Värnamo,Jönköpings län,16,325,25,102,44,91,257,183
960,Värnamo,Jönköpings län,47,348,22,60,27,73,200,173
904,Värnamo,Jönköpings län,55,391,14,57,22,45,143,168
908,Värnamo,Jönköpings län,24,241,16,63,22,106,172,254
643,Värnamo,Jönköpings län,12,126,6,61,19,81,104,223
505,Värnamo,Jönköpings län,15,111,13,50,18,48,113,128
979,Värnamo,Jönköpings län,19,200,30,132,40,105,205,241
1155,Värnamo,Jönköpings län,33,315,18,96,26,94,220,342
781,Värnamo,Jönköpings län,16,154,27,91,24,93,189,177
1195,Värnamo,Jönköpings län,39,316,34,106,36,85,198,366
761,Värnamo,Jönköpings län,24,143,36,77,24,93,142,216
1140,Värnamo,Jönköpings län,27,288,9,61,24,167,206,351
787,Värnamo,Jönköpings län,25,154,31,90,28,85,158,211
106,Sävsjö,Jönköpings län,10,20,5,11,2,12,16,28
1468,Sävsjö,Jönköpings län,58,420,20,57,39,167,248,421
1238,Sävsjö,Jönköpings län,36,308,19,78,25,161,213,376
1245,Sävsjö,Jönköpings län,35,332,11,101,34,148,221,330
1270,Sävsjö,Jönköpings län,28,212,28,96,28,250,235,380
776,Sävsjö,Jönköpings län,13,107,15,69,14,151,129,259
1016,Sävsjö,Jönköpings län,35,204,15,80,16,162,167,318
443,Vetlanda,Jönköpings län,30,114,33,24,12,43,70,93
1458,Vetlanda,Jönköpings län,45,470,42,80,68,117,288,330
1271,Vetlanda,Jönköpings län,36,398,26,69,45,126,258,303
1119,Vetlanda,Jönköpings län,42,321,32,86,27,96,180,319
1102,Vetlanda,Jönköpings län,45,357,23,36,33,85,210,293
1469,Vetlanda,Jönköpings län,44,490,18,99,47,86,303,360
1059,Vetlanda,Jönköpings län,42,333,21,46,32,74,209,295
1050,Vetlanda,Jönköpings län,21,321,18,87,48,100,170,271
1726,Vetlanda,Jönköpings län,35,467,26,120,47,153,430,431
1105,Vetlanda,Jönköpings län,21,284,32,89,12,111,141,401
1306,Vetlanda,Jönköpings län,33,245,40,185,37,165,216,371
848,Vetlanda,Jönköpings län,28,155,26,84,29,102,149,255
1549,Vetlanda,Jönköpings län,45,378,35,155,30,188,175,514
634,Vetlanda,Jönköpings län,22,166,11,37,9,72,82,228
1269,Vetlanda,Jönköpings län,29,289,26,133,29,161,202,389
304,Eksjö,Jönköpings län,17,64,16,39,10,27,50,69
1461,Eksjö,Jönköpings län,55,396,41,93,80,103,318,353
969,Eksjö,Jönköpings län,37,312,31,75,43,59,189,204
1147,Eksjö,Jönköpings län,85,406,37,80,44,52,183,228
1201,Eksjö,Jönköpings län,49,376,43,78,44,95,230,262
683,Eksjö,Jönköpings län,33,236,26,52,17,44,93,155
1002,Eksjö,Jönköpings län,24,333,27,73,35,74,192,229
855,Eksjö,Jönköpings län,10,195,29,98,43,73,196,204
1066,Eksjö,Jönköpings län,40,336,23,92,30,92,113,315
1016,Eksjö,Jönköpings län,24,263,16,102,14,92,137,356
668,Eksjö,Jönköpings län,16,148,14,105,20,53,127,177
1085,Eksjö,Jönköpings län,24,199,43,152,57,148,210,239
329,Tranås,Jönköpings län,18,80,15,35,12,32,62,67
558,Tranås,Jönköpings län,11,175,4,25,15,35,124,167
718,Tranås,Jönköpings län,44,267,28,36,24,43,93,178
1259,Tranås,Jönköpings län,47,409,44,88,51,87,256,262
1373,Tranås,Jönköpings län,62,508,39,86,36,61,218,344
1370,Tranås,Jönköpings län,74,548,43,66,39,93,204,290
974,Tranås,Jönköpings län,54,371,34,50,39,47,137,228
1383,Tranås,Jönköpings län,37,502,42,90,55,95,260,292
1574,Tranås,Jönköpings län,21,477,56,110,64,131,386,315
1252,Tranås,Jönköpings län,43,468,39,55,50,65,228,281
1219,Tranås,Jönköpings län,36,262,39,120,27,143,221,359
396,Uppvidinge,Kronobergs län,28,110,6,34,13,31,54,112
1039,Uppvidinge,Kronobergs län,42,258,31,65,14,77,238,299
784,Uppvidinge,Kronobergs län,31,184,12,55,27,69,147,239
1378,Uppvidinge,Kronobergs län,39,410,19,83,33,101,240,437
1056,Uppvidinge,Kronobergs län,52,317,28,62,15,89,116,366
933,Uppvidinge,Kronobergs län,39,261,25,66,25,67,118,319
234,Lessebo,Kronobergs län,29,88,11,10,6,14,35,36
782,Lessebo,Kronobergs län,69,343,11,22,7,42,84,198
696,Lessebo,Kronobergs län,42,203,16,25,10,45,107,237
1127,Lessebo,Kronobergs län,63,404,34,64,28,57,189,276
1027,Lessebo,Kronobergs län,53,374,28,46,20,65,228,205
612,Lessebo,Kronobergs län,60,264,15,21,9,23,59,151
529,Lessebo,Kronobergs län,20,146,9,45,1,50,72,180
430,Tingsryd,Kronobergs län,25,101,16,23,10,27,73,145
891,Tingsryd,Kronobergs län,38,291,14,42,18,86,142,248
1286,Tingsryd,Kronobergs län,35,407,18,75,29,108,204,393
1286,Tingsryd,Kronobergs län,49,323,28,58,23,82,191,517
1163,Tingsryd,Kronobergs län,41,234,39,106,28,122,178,393
602,Tingsryd,Kronobergs län,15,172,7,42,10,42,78,229
986,Tingsryd,Kronobergs län,42,281,19,70,14,96,151,302
1101,Tingsryd,Kronobergs län,58,304,46,79,28,85,179,312
394,Alvesta,Kronobergs län,36,110,14,37,13,19,69,88
797,Alvesta,Kronobergs län,55,303,14,38,12,45,83,208
1409,Alvesta,Kronobergs län,70,487,41,88,31,82,206,361
1109,Alvesta,Kronobergs län,42,354,19,41,27,75,240,303
957,Alvesta,Kronobergs län,42,409,14,47,14,40,129,211
1315,Alvesta,Kronobergs län,44,369,41,60,34,74,327,339
654,Alvesta,Kronobergs län,11,134,16,47,18,65,141,211
1523,Alvesta,Kronobergs län,54,391,30,98,41,135,294,468
858,Alvesta,Kronobergs län,40,248,30,51,23,44,150,263
1444,Alvesta,Kronobergs län,49,354,36,88,24,142,259,475
1049,Alvesta,Kronobergs län,39,233,38,86,40,96,199,306
717,Alvesta,Kronobergs län,23,152,25,83,15,74,98,239
436,Älmhult,Kronobergs län,28,129,20,36,19,26,87,75
1058,Älmhult,Kronobergs län,43,396,21,51,32,75,210,223
1198,Älmhult,Kronobergs län,22,420,40,64,43,91,304,204
1077,Älmhult,Kronobergs län,28,345,41,80,44,60,276,200
880,Älmhult,Kronobergs län,27,317,27,43,27,41,166,221
832,Älmhult,Kronobergs län,60,360,23,41,21,36,100,167
752,Älmhult,Kronobergs län,34,279,27,37,19,46,139,165
871,Älmhult,Kronobergs län,39,161,21,70,27,102,174,264
1081,Älmhult,Kronobergs län,36,341,16,110,12,74,149,330
1049,Älmhult,Kronobergs län,53,294,50,63,17,71,194,297
1013,Älmhult,Kronobergs län,30,223,15,79,11,89,187,364
216,Markaryd,Kronobergs län,14,54,6,8,4,21,32,72
1028,Markaryd,Kronobergs län,27,318,9,28,26,94,175,327
1405,Markaryd,Kronobergs län,27,340,26,61,19,152,214,552
1236,Markaryd,Kronobergs län,37,374,15,31,26,122,217,401
807,Markaryd,Kronobergs län,20,155,15,66,19,83,128,308
1277,Markaryd,Kronobergs län,66,374,16,42,14,102,158,476
1322,Växjö,Kronobergs län,134,397,95,75,52,57,290,181
1050,Växjö,Kronobergs län,77,283,43,59,51,40,289,195
952,Växjö,Kronobergs län,74,276,46,55,47,46,254,143
1296,Växjö,Kronobergs län,46,429,100,88,77,70,330,136
1143,Växjö,Kronobergs län,76,345,58,72,58,53,278,184
1038,Växjö,Kronobergs län,86,313,67,62,44,66,218,161
1481,Växjö,Kronobergs län,47,458,85,118,67,84,403,214
1296,Växjö,Kronobergs län,69,371,52,82,50,70,368,215
1324,Växjö,Kronobergs län,71,377,79,76,79,66,385,182
485,Växjö,Kronobergs län,26,125,18,42,21,36,92,121
1327,Växjö,Kronobergs län,86,463,42,88,30,90,188,325
409,Växjö,Kronobergs län,25,101,20,37,15,30,72,97
1045,Växjö,Kronobergs län,62,288,35,74,40,72,203,258
1590,Växjö,Kronobergs län,85,533,41,88,59,125,266,380
464,Växjö,Kronobergs län,19,123,22,45,15,46,60,130
1094,Växjö,Kronobergs län,58,289,41,108,43,96,177,266
1073,Växjö,Kronobergs län,35,271,48,83,44,89,182,315
1211,Växjö,Kronobergs län,42,369,89,102,32,73,221,274
870,Växjö,Kronobergs län,37,240,24,59,33,64,223,184
925,Växjö,Kronobergs län,10,230,36,76,32,55,242,236
1352,Växjö,Kronobergs län,47,368,43,81,66,96,384,258
946,Växjö,Kronobergs län,27,238,39,98,49,84,187,212
1605,Växjö,Kronobergs län,54,487,66,113,64,116,387,303
1381,Växjö,Kronobergs län,42,465,40,100,68,85,336,237
1066,Växjö,Kronobergs län,57,288,33,71,25,65,199,316
749,Växjö,Kronobergs län,29,228,14,27,15,59,141,225
1287,Växjö,Kronobergs län,41,314,40,79,32,123,219,416
714,Växjö,Kronobergs län,39,150,64,76,29,52,144,154
1206,Växjö,Kronobergs län,71,315,62,74,60,72,304,209
1132,Växjö,Kronobergs län,93,400,64,48,53,66,208,186
888,Växjö,Kronobergs län,79,312,48,44,43,34,207,116
1058,Växjö,Kronobergs län,67,367,60,58,46,56,227,163
996,Växjö,Kronobergs län,48,334,75,60,55,56,235,128
845,Växjö,Kronobergs län,93,373,43,34,21,25,100,145
1239,Växjö,Kronobergs län,40,385,59,78,37,85,362,186
937,Växjö,Kronobergs län,100,416,37,33,18,37,115,152
1374,Växjö,Kronobergs län,62,530,64,82,53,71,290,214
701,Växjö,Kronobergs län,97,347,24,33,4,22,50,69
773,Växjö,Kronobergs län,118,392,13,28,6,19,43,97
750,Växjö,Kronobergs län,111,360,29,26,9,12,50,79
1155,Växjö,Kronobergs län,47,394,34,75,69,82,292,158
635,Växjö,Kronobergs län,33,234,16,30,16,29,144,123
1419,Växjö,Kronobergs län,79,550,60,62,56,69,279,240
1240,Växjö,Kronobergs län,49,354,61,87,66,88,383,142
1175,Växjö,Kronobergs län,65,448,36,54,33,74,229,214
1366,Växjö,Kronobergs län,57,380,76,96,72,89,435,157
970,Växjö,Kronobergs län,89,391,32,43,36,43,136,170
1067,Växjö,Kronobergs län,89,342,54,74,48,53,222,163
1018,Växjö,Kronobergs län,97,394,39,42,30,47,147,201
1149,Växjö,Kronobergs län,75,487,73,54,45,51,164,190
1293,Växjö,Kronobergs län,67,463,63,86,65,87,276,178
703,Växjö,Kronobergs län,73,184,36,55,45,24,192,79
1255,Växjö,Kronobergs län,52,453,40,67,51,69,305,215
1007,Växjö,Kronobergs län,108,440,42,35,7,29,106,216
711,Växjö,Kronobergs län,73,195,41,71,40,25,197,68
1016,Växjö,Kronobergs län,61,348,41,73,41,51,252,141
1035,Växjö,Kronobergs län,61,308,53,71,63,61,299,110
412,Ljungby,Kronobergs län,30,102,15,29,12,31,86,99
1055,Ljungby,Kronobergs län,38,363,23,39,31,73,227,249
983,Ljungby,Kronobergs län,33,333,22,32,31,73,204,247
837,Ljungby,Kronobergs län,37,293,18,30,18,70,161,200
1008,Ljungby,Kronobergs län,26,290,24,40,21,69,240,286
941,Ljungby,Kronobergs län,38,300,29,50,18,58,183,242
834,Ljungby,Kronobergs län,40,289,18,29,19,73,131,224
885,Ljungby,Kronobergs län,49,354,24,27,31,50,161,182
895,Ljungby,Kronobergs län,37,297,30,31,22,43,176,244
1012,Ljungby,Kronobergs län,60,318,20,53,21,64,188,273
1176,Ljungby,Kronobergs län,34,375,34,51,38,74,322,238
1078,Ljungby,Kronobergs län,43,290,29,84,14,95,193,318
803,Ljungby,Kronobergs län,26,149,22,79,15,72,138,292
932,Ljungby,Kronobergs län,30,196,21,57,22,78,144,367
776,Ljungby,Kronobergs län,17,211,10,36,14,82,166,231
890,Ljungby,Kronobergs län,22,227,17,57,26,87,176,269
935,Ljungby,Kronobergs län,24,204,31,100,22,89,136,317
997,Ljungby,Kronobergs län,34,252,34,60,26,76,206,301
682,Ljungby,Kronobergs län,30,175,14,62,20,52,105,216
473,Ljungby,Kronobergs län,12,80,10,39,11,54,72,182
175,Högsby,Kalmar län,5,53,3,8,6,13,27,56
273,Högsby,Kalmar län,6,105,4,22,2,33,21,78
1233,Högsby,Kalmar län,47,454,24,110,13,123,150,295
592,Högsby,Kalmar län,27,164,10,37,7,69,68,203
673,Högsby,Kalmar län,31,163,10,44,9,77,72,260
358,Högsby,Kalmar län,14,78,10,33,4,39,51,121
115,Torsås,Kalmar län,8,27,5,6,4,4,21,37
405,Torsås,Kalmar län,9,105,12,54,15,39,42,125
992,Torsås,Kalmar län,41,229,19,73,19,88,147,364
1142,Torsås,Kalmar län,49,334,23,70,24,85,143,397
958,Torsås,Kalmar län,28,250,29,48,31,58,144,358
1136,Torsås,Kalmar län,45,311,44,86,38,80,182,338
201,Mörbylånga,Kalmar län,11,45,15,12,7,18,37,51
658,Mörbylånga,Kalmar län,39,174,51,52,33,61,136,103
1438,Mörbylånga,Kalmar län,105,487,72,108,48,99,186,318
1045,Mörbylånga,Kalmar län,43,223,69,169,26,102,153,256
733,Mörbylånga,Kalmar län,43,213,40,48,28,59,118,179
478,Mörbylånga,Kalmar län,11,121,23,39,23,35,95,126
1157,Mörbylånga,Kalmar län,30,314,53,84,41,98,246,282
1301,Mörbylånga,Kalmar län,31,371,52,93,56,88,319,286
985,Mörbylånga,Kalmar län,40,331,27,53,30,48,196,252
1662,Mörbylånga,Kalmar län,44,580,56,97,54,105,394,322
1303,Mörbylånga,Kalmar län,56,385,59,81,37,107,252,317
179,Hultsfred,Kalmar län,10,56,9,10,4,8,27,45
978,Hultsfred,Kalmar län,71,449,14,49,16,53,105,193
798,Hultsfred,Kalmar län,56,340,16,40,18,46,99,166
1590,Hultsfred,Kalmar län,80,596,28,84,41,120,229,390
617,Hultsfred,Kalmar län,30,190,6,51,8,68,68,185
1019,Hultsfred,Kalmar län,41,333,21,69,16,112,110,308
364,Hultsfred,Kalmar län,8,95,11,42,8,41,35,111
1267,Hultsfred,Kalmar län,41,371,10,101,26,157,169,381
709,Hultsfred,Kalmar län,32,151,20,93,15,76,120,193
924,Hultsfred,Kalmar län,20,260,17,81,12,183,88,249
196,Mönsterås,Kalmar län,17,55,10,12,6,14,30,48
888,Mönsterås,Kalmar län,43,367,19,54,19,63,106,203
648,Mönsterås,Kalmar län,35,216,12,56,22,37,75,186
829,Mönsterås,Kalmar län,34,317,10,51,17,58,102,224
1007,Mönsterås,Kalmar län,28,252,24,92,24,99,186,294
966,Mönsterås,Kalmar län,20,311,25,57,44,82,166,253
837,Mönsterås,Kalmar län,24,215,6,44,15,101,98,325
1156,Mönsterås,Kalmar län,42,383,17,50,24,69,131,428
1180,Mönsterås,Kalmar län,41,310,47,72,29,90,167,405
1046,Mönsterås,Kalmar län,29,337,20,61,30,89,163,312
204,Emmaboda,Kalmar län,13,66,10,8,6,12,33,53
1081,Emmaboda,Kalmar län,79,427,29,61,20,45,146,255
1082,Emmaboda,Kalmar län,44,424,27,67,34,51,177,251
988,Emmaboda,Kalmar län,35,316,19,63,33,68,142,301
863,Emmaboda,Kalmar län,25,272,21,78,20,60,139,232
983,Emmaboda,Kalmar län,40,266,30,64,16,74,120,357
562,Emmaboda,Kalmar län,15,151,19,57,12,51,84,167
574,Kalmar,Kalmar län,63,134,41,45,27,40,110,105
1467,Kalmar,Kalmar län,94,431,72,95,82,74,346,256
1318,Kalmar,Kalmar län,121,403,82,95,55,62,273,214
1501,Kalmar,Kalmar län,95,472,87,91,68,66,330,271
797,Kalmar,Kalmar län,58,246,37,47,43,43,169,147
1171,Kalmar,Kalmar län,34,292,39,61,80,72,376,206
588,Kalmar,Kalmar län,61,147,53,53,31,22,106,108
1064,Kalmar,Kalmar län,22,284,55,69,41,101,247,236
961,Kalmar,Kalmar län,42,374,27,50,20,58,175,203
957,Kalmar,Kalmar län,39,352,24,46,32,65,182,203
1172,Kalmar,Kalmar län,51,399,34,68,53,89,253,217
1483,Kalmar,Kalmar län,66,431,76,98,69,88,376,272
563,Kalmar,Kalmar län,45,142,23,35,15,35,129,131
1022,Kalmar,Kalmar län,63,372,31,54,29,56,156,242
804,Kalmar,Kalmar län,71,320,21,43,21,35,112,166
1136,Kalmar,Kalmar län,30,352,47,68,58,58,302,217
1363,Kalmar,Kalmar län,30,396,64,78,72,115,348,243
963,Kalmar,Kalmar län,42,250,25,75,23,79,176,279
970,Kalmar,Kalmar län,24,277,32,71,45,68,250,198
1131,Kalmar,Kalmar län,30,298,49,106,27,76,241,298
1436,Kalmar,Kalmar län,38,339,61,107,29,93,269,479
1592,Kalmar,Kalmar län,59,489,53,91,55,113,331,384
1343,Kalmar,Kalmar län,58,401,64,116,39,95,240,314
683,Kalmar,Kalmar län,29,164,30,49,20,60,135,189
747,Kalmar,Kalmar län,27,197,44,77,16,74,125,180
587,Kalmar,Kalmar län,22,166,12,60,10,42,82,185
1355,Kalmar,Kalmar län,67,416,83,80,73,73,334,217
1124,Kalmar,Kalmar län,41,319,78,90,71,71,305,143
1364,Kalmar,Kalmar län,75,408,76,77,58,68,325,258
1181,Kalmar,Kalmar län,98,421,63,102,33,58,194,197
1159,Kalmar,Kalmar län,60,385,73,68,37,47,243,235
834,Kalmar,Kalmar län,52,273,31,36,26,44,183,177
983,Kalmar,Kalmar län,105,422,32,38,20,31,106,215
849,Kalmar,Kalmar län,35,243,70,75,55,49,207,109
826,Kalmar,Kalmar län,74,271,36,63,18,48,150,153
966,Kalmar,Kalmar län,108,353,49,54,33,38,131,186
1029,Kalmar,Kalmar län,61,415,39,57,36,60,144,200
1455,Kalmar,Kalmar län,90,499,59,66,58,79,271,313
1261,Kalmar,Kalmar län,74,484,40,69,35,56,194,290
1427,Kalmar,Kalmar län,37,451,78,116,89,80,358,211
849,Kalmar,Kalmar län,83,423,36,19,6,24,75,159
786,Kalmar,Kalmar län,89,386,30,28,18,27,71,114
1066,Kalmar,Kalmar län,47,294,86,71,64,54,274,164
887,Kalmar,Kalmar län,46,283,50,56,38,53,223,135
644,Nybro,Kalmar län,41,185,17,30,17,53,114,172
1129,Nybro,Kalmar län,62,447,20,64,31,65,130,291
857,Nybro,Kalmar län,55,344,17,31,19,43,118,219
660,Nybro,Kalmar län,83,328,7,14,8,25,33,125
909,Nybro,Kalmar län,61,323,20,35,24,67,110,254
1031,Nybro,Kalmar län,42,338,12,55,30,85,186,273
1127,Nybro,Kalmar län,32,392,21,64,48,80,245,237
1292,Nybro,Kalmar län,36,436,27,73,45,101,260,306
408,Nybro,Kalmar län,11,124,12,39,8,33,51,128
460,Nybro,Kalmar län,6,109,9,56,10,56,65,145
440,Nybro,Kalmar län,18,93,14,49,11,23,58,165
1165,Nybro,Kalmar län,44,367,24,87,32,77,224,301
1055,Nybro,Kalmar län,20,260,42,102,38,67,190,322
612,Nybro,Kalmar län,30,133,16,43,10,45,105,218
889,Nybro,Kalmar län,55,269,20,54,19,56,101,294
294,Oskarshamn,Kalmar län,25,77,10,18,23,11,59,64
1328,Oskarshamn,Kalmar län,18,353,22,78,65,122,404,258
866,Oskarshamn,Kalmar län,40,254,13,27,36,62,199,226
1103,Oskarshamn,Kalmar län,61,353,9,41,36,61,225,295
811,Oskarshamn,Kalmar län,29,261,17,26,32,54,148,238
1119,Oskarshamn,Kalmar län,81,360,14,39,37,78,194,306
1009,Oskarshamn,Kalmar län,56,368,15,26,37,53,167,271
862,Oskarshamn,Kalmar län,55,382,11,23,13,36,107,218
686,Oskarshamn,Kalmar län,44,259,13,25,22,42,115,158
1297,Oskarshamn,Kalmar län,58,481,23,38,47,85,266,281
948,Oskarshamn,Kalmar län,58,416,15,23,25,51,131,208
1026,Oskarshamn,Kalmar län,37,246,29,71,38,93,143,350
689,Oskarshamn,Kalmar län,28,198,16,37,24,57,111,214
1091,Oskarshamn,Kalmar län,32,271,24,84,26,115,193,337
838,Oskarshamn,Kalmar län,32,256,19,36,15,69,157,243
1094,Oskarshamn,Kalmar län,33,309,22,47,38,95,239,305
1471,Oskarshamn,Kalmar län,36,329,30,79,36,148,304,499
1163,Oskarshamn,Kalmar län,59,343,23,22,26,70,186,422
280,Västervik,Kalmar län,14,72,19,18,15,19,40,71
1320,Västervik,Kalmar län,66,407,57,69,75,72,301,262
1115,Västervik,Kalmar län,42,404,34,50,42,62,208,258
1021,Västervik,Kalmar län,52,381,35,47,57,59,189,185
801,Västervik,Kalmar län,34,299,20,37,26,37,176,154
1026,Västervik,Kalmar län,33,385,40,60,42,56,216,185
1286,Västervik,Kalmar län,66,559,35,69,42,61,188,253
1137,Västervik,Kalmar län,35,397,18,49,34,76,237,276
986,Västervik,Kalmar län,62,427,35,30,21,36,100,250
1356,Västervik,Kalmar län,27,336,65,79,97,94,401,245
1227,Västervik,Kalmar län,78,516,51,30,35,54,177,263
1326,Västervik,Kalmar län,36,505,39,60,46,67,227,330
996,Västervik,Kalmar län,79,348,43,68,33,43,181,192
826,Västervik,Kalmar län,57,340,30,41,25,32,113,167
1234,Västervik,Kalmar län,33,342,56,77,68,89,271,281
1037,Västervik,Kalmar län,48,361,30,57,22,46,146,304
850,Västervik,Kalmar län,41,233,21,92,21,85,109,234
931,Västervik,Kalmar län,42,340,18,42,16,40,91,321
581,Västervik,Kalmar län,12,143,14,88,22,41,121,135
1172,Västervik,Kalmar län,57,358,31,102,30,110,180,280
1192,Västervik,Kalmar län,52,357,33,68,40,121,188,306
869,Västervik,Kalmar län,34,170,23,143,20,94,144,230
840,Västervik,Kalmar län,38,358,11,33,8,33,99,249
880,Västervik,Kalmar län,44,311,27,75,21,70,119,201
429,Vimmerby,Kalmar län,21,132,25,35,7,25,63,111
1189,Vimmerby,Kalmar län,73,347,38,85,19,77,211,322
991,Vimmerby,Kalmar län,58,402,21,60,12,55,143,213
1189,Vimmerby,Kalmar län,36,358,57,90,26,101,257,253
942,Vimmerby,Kalmar län,72,311,26,49,18,70,128,242
1139,Vimmerby,Kalmar län,29,413,24,67,27,90,268,211
696,Vimmerby,Kalmar län,21,209,16,50,14,39,112,227
450,Vimmerby,Kalmar län,22,82,15,63,9,59,73,124
688,Vimmerby,Kalmar län,25,167,16,98,13,45,141,172
284,Vimmerby,Kalmar län,12,59,6,27,5,25,45,98
246,Vimmerby,Kalmar län,6,39,11,26,7,36,57,60
475,Vimmerby,Kalmar län,22,140,6,39,6,56,69,128
957,Vimmerby,Kalmar län,39,305,29,76,17,78,157,238
447,Vimmerby,Kalmar län,26,116,13,58,5,30,75,117
404,Borgholm,Kalmar län,19,123,15,22,19,20,52,130
1095,Borgholm,Kalmar län,42,376,37,61,41,71,208,247
1026,Borgholm,Kalmar län,33,353,34,57,40,67,189,239
803,Borgholm,Kalmar län,32,199,20,106,20,73,127,219
895,Borgholm,Kalmar län,20,229,32,78,20,55,206,248
928,Borgholm,Kalmar län,38,231,44,81,28,69,178,242
880,Borgholm,Kalmar län,46,200,63,83,29,89,135,224
537,Borgholm,Kalmar län,18,150,26,59,21,25,93,138
675,Borgholm,Kalmar län,29,170,42,71,11,47,109,182
472,Borgholm,Kalmar län,13,138,24,55,10,55,74,98
1304,Gotland,Gotlands län,143,360,138,109,55,40,237,201
1136,Gotland,Gotlands län,113,358,172,109,63,38,195,78
839,Gotland,Gotlands län,102,326,78,45,29,27,87,130
980,Gotland,Gotlands län,75,332,105,87,38,33,198,98
1269,Gotland,Gotlands län,64,552,79,102,40,35,238,142
1388,Gotland,Gotlands län,128,509,145,120,48,35,221,166
1144,Gotland,Gotlands län,89,418,74,129,37,41,203,140
1575,Gotland,Gotlands län,87,626,96,157,62,51,312,170
1202,Gotland,Gotlands län,73,504,78,97,23,32,223,158
1098,Gotland,Gotlands län,92,450,55,62,19,29,162,200
1043,Gotland,Gotlands län,111,453,49,64,20,33,111,170
1016,Gotland,Gotlands län,58,488,42,75,19,31,159,132
812,Gotland,Gotlands län,92,373,16,52,18,16,72,154
1168,Gotland,Gotlands län,53,505,47,86,23,40,235,164
1176,Gotland,Gotlands län,75,367,105,126,51,36,253,150
944,Gotland,Gotlands län,72,306,80,94,48,33,205,95
682,Gotland,Gotlands län,34,243,36,35,8,22,103,190
755,Gotland,Gotlands län,42,291,30,68,5,26,107,168
388,Gotland,Gotlands län,12,133,18,64,14,10,57,72
801,Gotland,Gotlands län,59,271,61,74,28,30,114,145
951,Gotland,Gotlands län,43,316,35,105,8,47,128,257
1232,Gotland,Gotlands län,62,379,89,185,32,57,197,209
1514,Gotland,Gotlands län,64,518,80,207,48,44,289,247
932,Gotland,Gotlands län,38,272,55,140,25,48,168,177
846,Gotland,Gotlands län,34,220,55,126,24,46,157,170
889,Gotland,Gotlands län,42,279,54,110,18,38,177,163
966,Gotland,Gotlands län,64,334,28,114,19,48,136,203
789,Gotland,Gotlands län,43,220,29,140,17,39,134,156
687,Gotland,Gotlands län,41,222,72,142,21,35,69,75
1673,Gotland,Gotlands län,75,575,133,157,61,73,375,208
912,Gotland,Gotlands län,26,297,52,123,25,63,154,162
1234,Gotland,Gotlands län,65,370,63,158,37,77,240,212
1014,Gotland,Gotlands län,60,288,62,168,32,44,167,175
1059,Gotland,Gotlands län,96,388,54,102,19,46,137,189
924,Gotland,Gotlands län,55,244,44,159,12,61,170,159
960,Gotland,Gotlands län,50,267,51,190,19,42,175,159
1046,Gotland,Gotlands län,42,293,47,238,30,55,171,149
829,Gotland,Gotlands län,49,324,30,108,20,39,91,147
793,Gotland,Gotlands län,51,247,29,117,12,41,128,155
808,Gotland,Gotlands län,35,236,57,175,24,31,122,115
681,Gotland,Gotlands län,33,207,60,139,18,33,92,94
317,Olofström,Blekinge län,21,80,9,21,7,13,50,112
1004,Olofström,Blekinge län,56,324,24,33,17,47,163,333
1163,Olofström,Blekinge län,32,341,24,77,28,62,171,425
1123,Olofström,Blekinge län,63,390,18,49,26,61,163,344
893,Olofström,Blekinge län,32,271,12,43,16,55,117,336
821,Olofström,Blekinge län,32,261,14,37,17,39,104,307
1014,Olofström,Blekinge län,48,356,23,44,26,46,146,320
834,Olofström,Blekinge län,33,271,20,31,15,45,93,317
948,Olofström,Blekinge län,58,384,18,30,13,33,76,323
364,Karlskrona,Blekinge län,18,96,18,26,12,26,93,71
1033,Karlskrona,Blekinge län,57,299,49,62,75,52,217,197
1368,Karlskrona,Blekinge län,69,411,61,89,89,74,310,249
1161,Karlskrona,Blekinge län,57,365,47,61,60,67,241,248
1238,Karlskrona,Blekinge län,67,400,43,52,76,72,265,243
942,Karlskrona,Blekinge län,63,275,36,45,62,50,205,199
1333,Karlskrona,Blekinge län,66,399,54,69,63,92,295,284
1126,Karlskrona,Blekinge län,68,342,32,70,51,55,239,252
832,Karlskrona,Blekinge län,49,272,23,23,45,44,166,191
1372,Karlskrona,Blekinge län,80,508,46,64,64,60,255,276
803,Karlskrona,Blekinge län,68,276,37,40,38,31,116,162
877,Karlskrona,Blekinge län,53,265,51,50,68,49,195,127
982,Karlskrona,Blekinge län,37,273,56,84,68,57,247,157
825,Karlskrona,Blekinge län,82,339,28,28,25,30,109,164
702,Karlskrona,Blekinge län,117,400,15,22,11,6,37,67
1199,Karlskrona,Blekinge län,61,462,46,67,33,58,176,282
380,Karlskrona,Blekinge län,28,103,14,25,18,19,74,91
804,Karlskrona,Blekinge län,54,226,35,48,43,40,204,141
424,Karlskrona,Blekinge län,19,155,25,13,24,33,56,94
879,Karlskrona,Blekinge län,53,356,25,32,23,61,132,186
1023,Karlskrona,Blekinge län,27,270,43,69,57,62,328,160
1090,Karlskrona,Blekinge län,36,467,22,46,31,67,159,246
1031,Karlskrona,Blekinge län,34,265,26,75,17,82,143,379
1272,Karlskrona,Blekinge län,52,404,61,89,66,91,253,238
1345,Karlskrona,Blekinge län,65,437,28,63,50,74,292,323
1253,Karlskrona,Blekinge län,33,442,50,80,73,61,314,196
1025,Karlskrona,Blekinge län,42,248,23,55,30,86,116,417
1361,Karlskrona,Blekinge län,35,455,25,65,35,102,192,434
1035,Karlskrona,Blekinge län,31,356,21,72,35,77,168,266
1079,Karlskrona,Blekinge län,46,274,49,65,32,71,165,373
1229,Karlskrona,Blekinge län,47,420,27,58,51,75,193,342
977,Karlskrona,Blekinge län,28,291,36,56,32,61,183,282
874,Karlskrona,Blekinge län,16,229,24,57,52,62,258,169
887,Karlskrona,Blekinge län,30,236,15,57,14,58,107,366
1376,Karlskrona,Blekinge län,51,442,15,68,56,81,237,411
1152,Karlskrona,Blekinge län,38,418,27,48,32,61,204,309
1003,Karlskrona,Blekinge län,22,266,18,44,34,58,160,386
892,Karlskrona,Blekinge län,39,178,26,53,24,63,130,368
872,Karlskrona,Blekinge län,25,199,15,63,24,40,154,344
932,Karlskrona,Blekinge län,26,350,43,40,32,48,148,237
1119,Karlskrona,Blekinge län,36,325,68,64,59,87,297,175
1370,Karlskrona,Blekinge län,26,391,50,78,63,83,381,288
1241,Karlskrona,Blekinge län,63,466,41,41,28,77,172,347
428,Ronneby,Blekinge län,43,149,15,18,6,19,66,99
1016,Ronneby,Blekinge län,53,359,21,32,32,49,178,275
1036,Ronneby,Blekinge län,33,317,38,48,69,62,212,245
1099,Ronneby,Blekinge län,36,371,32,46,43,61,202,294
920,Ronneby,Blekinge län,45,289,37,34,32,45,173,254
1088,Ronneby,Blekinge län,58,328,31,35,45,68,199,312
800,Ronneby,Blekinge län,68,379,12,26,10,28,79,172
626,Ronneby,Blekinge län,62,280,8,20,13,14,41,152
1056,Ronneby,Blekinge län,47,298,35,39,46,53,222,304
733,Ronneby,Blekinge län,36,208,30,43,38,42,149,181
887,Ronneby,Blekinge län,26,151,16,81,29,69,128,380
936,Ronneby,Blekinge län,34,293,14,22,18,42,98,404
999,Ronneby,Blekinge län,53,314,6,21,16,46,151,375
1000,Ronneby,Blekinge län,48,360,7,20,22,54,99,354
965,Ronneby,Blekinge län,48,202,30,65,21,68,167,351
1018,Ronneby,Blekinge län,24,279,31,67,53,63,210,286
696,Ronneby,Blekinge län,21,173,13,36,31,34,131,249
1124,Ronneby,Blekinge län,39,297,34,50,24,58,190,423
984,Ronneby,Blekinge län,38,221,36,93,32,70,186,299
1135,Ronneby,Blekinge län,53,431,10,50,24,54,143,353
536,Karlshamn,Blekinge län,28,188,21,25,17,21,111,109
1064,Karlshamn,Blekinge län,53,371,36,59,39,52,197,244
1124,Karlshamn,Blekinge län,49,387,49,53,55,63,195,251
1079,Karlshamn,Blekinge län,67,357,30,34,36,40,209,290
1081,Karlshamn,Blekinge län,75,311,36,40,50,43,208,302
925,Karlshamn,Blekinge län,67,300,32,44,35,34,182,219
937,Karlshamn,Blekinge län,52,318,49,31,32,33,167,242
1020,Karlshamn,Blekinge län,55,306,62,54,46,37,227,221
1371,Karlshamn,Blekinge län,53,427,72,74,54,80,310,293
1441,Karlshamn,Blekinge län,48,370,54,114,40,97,234,467
1486,Karlshamn,Blekinge län,61,454,44,63,26,76,248,502
1175,Karlshamn,Blekinge län,31,381,33,54,35,80,275,273
1490,Karlshamn,Blekinge län,56,452,43,76,39,79,264,476
1250,Karlshamn,Blekinge län,51,494,32,43,21,42,196,364
1148,Karlshamn,Blekinge län,57,373,18,84,23,52,151,379
837,Karlshamn,Blekinge län,36,201,20,27,19,50,110,362
988,Karlshamn,Blekinge län,53,293,21,38,16,67,146,340
1130,Karlshamn,Blekinge län,38,411,19,43,33,36,179,368
933,Karlshamn,Blekinge län,37,277,21,36,24,50,128,349
462,Sölvesborg,Blekinge län,17,107,20,21,15,30,93,155
1442,Sölvesborg,Blekinge län,74,492,34,48,37,55,273,409
1492,Sölvesborg,Blekinge län,49,444,29,56,47,90,329,437
1544,Sölvesborg,Blekinge län,44,453,26,38,51,91,307,517
874,Sölvesborg,Blekinge län,42,286,15,40,29,46,130,282
983,Sölvesborg,Blekinge län,27,270,13,30,21,49,160,403
763,Sölvesborg,Blekinge län,25,132,11,25,25,60,150,327
1193,Sölvesborg,Blekinge län,33,287,15,42,17,81,183,523
865,Sölvesborg,Blekinge län,11,170,13,30,30,51,191,359
1127,Sölvesborg,Blekinge län,19,235,11,59,39,86,253,406
1075,Sölvesborg,Blekinge län,38,280,24,46,42,61,201,371
2401,Malmö,Skåne län,361,734,180,145,119,59,378,306
1127,Malmö,Skåne län,145,303,158,72,76,36,209,120
1174,Malmö,Skåne län,108,243,93,107,92,30,317,167
908,Malmö,Skåne län,143,227,54,60,60,43,180,120
1022,Malmö,Skåne län,103,265,110,88,64,25,208,139
815,Malmö,Skåne län,104,271,56,63,33,30,136,113
1349,Malmö,Skåne län,113,362,133,110,95,57,300,166
1208,Malmö,Skåne län,159,299,142,83,81,36,228,161
1237,Malmö,Skåne län,64,290,137,107,108,37,314,169
1014,Malmö,Skåne län,51,244,83,80,71,42,290,138
1113,Malmö,Skåne län,29,236,39,94,109,48,381,168
1226,Malmö,Skåne län,185,326,125,83,69,29,212,179
825,Malmö,Skåne län,131,249,75,56,40,21,110,130
829,Malmö,Skåne län,160,263,77,26,30,16,90,137
1024,Malmö,Skåne län,233,258,133,71,42,22,121,126
1139,Malmö,Skåne län,135,304,93,58,58,40,235,187
609,Malmö,Skåne län,90,191,36,20,28,8,68,131
470,Malmö,Skåne län,95,116,41,18,13,14,72,70
929,Malmö,Skåne län,223,249,155,43,44,18,80,98
1221,Malmö,Skåne län,263,318,194,82,62,28,158,97
894,Malmö,Skåne län,186,227,161,68,48,14,120,57
891,Malmö,Skåne län,251,250,120,38,30,13,86,85
752,Malmö,Skåne län,106,208,84,55,49,16,121,99
921,Malmö,Skåne län,131,275,46,57,37,33,159,166
1205,Malmö,Skåne län,171,327,141,98,82,51,194,120
1031,Malmö,Skåne län,232,301,155,58,41,19,113,91
1092,Malmö,Skåne län,323,255,151,58,36,15,118,106
1204,Malmö,Skåne län,239,346,150,83,62,31,155,112
1085,Malmö,Skåne län,107,278,125,72,71,40,235,139
913,Malmö,Skåne län,88,237,72,77,65,37,174,152
987,Malmö,Skåne län,132,250,161,116,72,23,150,71
476,Malmö,Skåne län,50,104,34,45,32,28,112,61
1084,Malmö,Skåne län,286,297,131,62,58,23,136,70
823,Malmö,Skåne län,46,182,47,77,79,40,235,110
620,Malmö,Skåne län,20,132,39,67,53,22,201,84
1006,Malmö,Skåne län,60,270,69,78,78,39,277,121
787,Malmö,Skåne län,46,209,58,56,60,34,233,80
885,Malmö,Skåne län,227,249,108,55,31,25,101,74
2354,Malmö,Skåne län,392,617,197,155,144,68,418,307
821,Malmö,Skåne län,220,228,101,44,43,15,76,73
1237,Malmö,Skåne län,352,318,302,63,36,8,93,51
1033,Malmö,Skåne län,378,208,159,45,33,15,79,92
808,Malmö,Skåne län,292,217,101,29,16,5,68,58
909,Malmö,Skåne län,399,180,150,26,22,11,39,62
1128,Malmö,Skåne län,443,283,157,37,36,12,65,73
666,Malmö,Skåne län,194,229,58,23,10,13,39,69
829,Malmö,Skåne län,263,244,74,30,15,19,60,112
826,Malmö,Skåne län,299,206,76,31,22,18,59,95
689,Malmö,Skåne län,169,175,81,48,20,14,75,93
702,Malmö,Skåne län,223,181,77,27,15,11,55,78
1065,Malmö,Skåne län,371,270,158,41,28,16,55,89
650,Malmö,Skåne län,210,218,54,22,8,4,24,77
983,Malmö,Skåne län,422,216,159,31,20,13,43,56
758,Malmö,Skåne län,294,166,106,32,19,5,62,65
1213,Malmö,Skåne län,398,285,193,30,35,18,90,144
887,Malmö,Skåne län,277,249,107,33,31,10,56,89
821,Malmö,Skåne län,261,270,70,19,11,5,50,81
793,Malmö,Skåne län,194,234,74,36,23,19,75,126
828,Malmö,Skåne län,255,256,93,30,12,9,80,64
740,Malmö,Skåne län,197,173,82,35,15,17,68,137
850,Malmö,Skåne län,379,168,144,25,23,4,32,59
1230,Malmö,Skåne län,146,328,127,95,94,54,232,144
1022,Malmö,Skåne län,92,275,112,87,83,27,204,125
772,Malmö,Skåne län,72,211,29,27,31,34,177,177
913,Malmö,Skåne län,111,239,90,56,47,31,159,164
840,Malmö,Skåne län,92,247,88,55,52,27,157,111
1084,Malmö,Skåne län,128,292,88,67,49,39,219,189
985,Malmö,Skåne län,79,261,121,61,82,36,210,120
1080,Malmö,Skåne län,127,308,123,66,56,40,200,145
1170,Malmö,Skåne län,140,299,132,90,74,39,226,159
1106,Malmö,Skåne län,81,277,94,82,67,51,274,172
981,Malmö,Skåne län,88,251,99,71,60,32,216,147
1032,Malmö,Skåne län,110,250,118,70,78,37,195,163
1153,Malmö,Skåne län,103,299,125,92,85,31,251,156
1046,Malmö,Skåne län,80,231,110,68,70,36,261,175
1300,Malmö,Skåne län,71,332,99,90,98,55,333,215
1157,Malmö,Skåne län,72,299,114,68,77,48,305,163
1079,Malmö,Skåne län,36,197,52,66,98,79,325,218
913,Malmö,Skåne län,26,151,105,109,85,37,298,97
1113,Malmö,Skåne län,131,323,92,41,58,39,192,212
1085,Malmö,Skåne län,95,295,122,52,52,29,215,199
824,Malmö,Skåne län,95,244,93,51,56,19,127,129
790,Malmö,Skåne län,50,208,87,74,48,22,166,120
819,Malmö,Skåne län,109,237,72,49,45,29,129,134
865,Malmö,Skåne län,112,266,86,54,38,30,127,136
1459,Malmö,Skåne län,19,171,84,137,168,59,619,192
1105,Malmö,Skåne län,32,205,83,136,119,36,367,119
1130,Malmö,Skåne län,43,278,55,77,105,43,291,227
1023,Malmö,Skåne län,30,232,41,76,57,61,298,216
1203,Malmö,Skåne län,49,269,76,82,90,38,324,266
1320,Malmö,Skåne län,68,329,76,77,85,38,314,311
1002,Malmö,Skåne län,45,254,34,54,47,36,198,314
1040,Malmö,Skåne län,40,239,75,82,85,42,257,209
1185,Malmö,Skåne län,38,251,157,140,135,42,281,133
837,Malmö,Skåne län,31,268,32,35,33,40,182,203
1028,Malmö,Skåne län,13,180,57,104,104,56,356,151
942,Malmö,Skåne län,25,230,41,54,45,46,258,235
993,Malmö,Skåne län,31,221,106,97,96,48,276,112
884,Malmö,Skåne län,33,227,59,96,70,36,222,131
838,Malmö,Skåne län,23,178,40,59,73,38,261,160
1040,Malmö,Skåne län,9,231,30,71,63,56,358,216
915,Malmö,Skåne län,16,203,28,52,57,44,281,227
1314,Malmö,Skåne län,19,339,35,98,97,59,424,233
1316,Malmö,Skåne län,55,242,49,98,67,61,456,275
715,Malmö,Skåne län,66,182,30,33,20,18,171,171
606,Malmö,Skåne län,18,115,45,47,47,37,176,114
1434,Malmö,Skåne län,51,333,90,121,106,62,413,251
1291,Malmö,Skåne län,30,317,50,65,61,65,337,350
1510,Malmö,Skåne län,44,359,94,115,100,76,426,282
795,Malmö,Skåne län,22,188,24,58,69,33,230,165
1012,Malmö,Skåne län,40,226,37,35,54,37,301,258
931,Malmö,Skåne län,56,251,27,46,38,22,250,216
877,Malmö,Skåne län,76,203,41,61,56,39,192,179
658,Malmö,Skåne län,60,178,38,34,40,24,168,105
589,Malmö,Skåne län,59,201,26,30,27,16,123,95
724,Malmö,Skåne län,40,164,44,44,43,27,189,151
576,Malmö,Skåne län,41,148,35,34,17,27,154,111
1031,Malmö,Skåne län,28,225,59,98,72,57,331,154
711,Malmö,Skåne län,91,242,51,24,29,32,85,141
641,Malmö,Skåne län,121,241,27,20,10,16,52,96
1004,Malmö,Skåne län,110,348,54,45,33,34,115,217
1050,Malmö,Skåne län,100,365,30,28,31,26,141,290
786,Malmö,Skåne län,118,339,27,26,7,10,67,121
738,Malmö,Skåne län,67,297,36,34,21,19,110,135
932,Malmö,Skåne län,32,207,100,91,75,51,235,128
855,Malmö,Skåne län,161,363,28,22,6,17,61,65
985,Malmö,Skåne län,71,356,42,38,53,48,169,194
843,Malmö,Skåne län,38,315,20,42,48,42,151,180
925,Malmö,Skåne län,52,386,25,29,18,32,140,228
1213,Malmö,Skåne län,109,520,34,37,38,32,147,274
792,Malmö,Skåne län,60,257,42,37,32,33,139,175
1203,Malmö,Skåne län,81,408,61,70,35,38,263,238
863,Malmö,Skåne län,73,317,25,27,28,30,158,186
759,Malmö,Skåne län,110,313,21,18,9,12,65,145
638,Malmö,Skåne län,91,304,17,16,3,8,44,77
1016,Malmö,Skåne län,73,393,28,38,27,31,160,246
989,Malmö,Skåne län,72,388,21,40,34,41,112,264
812,Malmö,Skåne län,67,289,22,28,18,33,126,202
545,Malmö,Skåne län,45,145,28,38,33,13,113,108
576,Malmö,Skåne län,24,111,31,37,36,28,188,104
376,Malmö,Skåne län,64,101,23,24,10,8,77,51
595,Malmö,Skåne län,90,162,18,40,25,24,123,100
877,Malmö,Skåne län,64,259,43,49,44,29,218,159
583,Malmö,Skåne län,110,230,30,11,12,13,53,78
677,Malmö,Skåne län,84,208,49,38,16,25,125,110
699,Malmö,Skåne län,91,290,18,19,10,7,92,135
532,Malmö,Skåne län,106,189,17,16,8,8,51,94
697,Malmö,Skåne län,181,265,58,17,3,7,42,70
650,Malmö,Skåne län,135,273,34,14,8,9,33,89
1129,Malmö,Skåne län,136,384,66,39,20,20,188,209
625,Malmö,Skåne län,81,297,22,18,6,8,57,91
647,Malmö,Skåne län,100,321,30,17,3,5,44,94
732,Malmö,Skåne län,89,321,20,16,3,12,66,146
769,Malmö,Skåne län,130,305,26,17,8,13,79,102
1003,Malmö,Skåne län,115,373,30,36,22,29,192,170
718,Malmö,Skåne län,50,313,17,19,12,20,103,155
553,Malmö,Skåne län,87,243,16,11,4,6,29,93
576,Malmö,Skåne län,81,237,13,11,6,7,44,124
788,Malmö,Skåne län,62,372,14,12,14,15,120,150
786,Malmö,Skåne län,75,348,13,18,9,25,116,130
742,Malmö,Skåne län,54,344,21,18,11,17,77,159
622,Malmö,Skåne län,58,264,17,20,5,6,71,148
749,Malmö,Skåne län,95,312,18,21,6,9,80,159
656,Malmö,Skåne län,74,263,11,10,11,19,81,155
561,Malmö,Skåne län,74,223,9,14,2,6,44,108
636,Malmö,Skåne län,49,289,8,13,13,16,85,129
833,Malmö,Skåne län,93,309,22,40,19,14,148,132
328,Malmö,Skåne län,38,131,5,3,4,9,29,54
1062,Malmö,Skåne län,56,377,42,43,28,29,188,260
918,Malmö,Skåne län,59,321,23,38,25,47,181,206
770,Malmö,Skåne län,65,226,42,26,22,22,99,249
1203,Malmö,Skåne län,87,409,41,52,32,40,215,280
1079,Malmö,Skåne län,52,339,28,59,41,38,230,266
799,Malmö,Skåne län,61,251,22,28,20,17,130,251
927,Malmö,Skåne län,101,315,27,40,15,26,118,241
574,Malmö,Skåne län,14,171,17,38,22,17,120,170
645,Malmö,Skåne län,96,272,57,21,1,3,33,20
628,Malmö,Skåne län,101,268,41,7,2,5,24,38
664,Malmö,Skåne län,92,309,27,15,0,5,49,101
833,Malmö,Skåne län,133,293,82,27,14,18,90,117
587,Malmö,Skåne län,74,246,52,12,1,4,19,12
657,Malmö,Skåne län,94,274,15,16,6,8,62,86
773,Malmö,Skåne län,87,383,21,23,6,7,74,78
472,Malmö,Skåne län,69,229,7,4,8,3,37,47
486,Malmö,Skåne län,71,225,20,13,1,1,26,9
413,Malmö,Skåne län,122,148,17,12,5,5,31,25
621,Malmö,Skåne län,115,270,64,11,2,2,25,24
674,Malmö,Skåne län,139,282,52,18,2,1,19,24
1119,Malmö,Skåne län,58,281,56,69,66,59,302,218
1052,Malmö,Skåne län,52,351,79,64,41,30,232,189
1055,Malmö,Skåne län,108,342,66,76,39,26,201,152
856,Malmö,Skåne län,66,327,61,36,15,22,171,142
1071,Malmö,Skåne län,65,316,45,81,38,49,253,190
1022,Malmö,Skåne län,57,375,34,41,37,31,184,236
811,Malmö,Skåne län,71,315,9,35,9,12,120,198
987,Malmö,Skåne län,50,400,25,21,10,26,165,261
933,Malmö,Skåne län,71,315,32,59,30,28,187,167
1087,Malmö,Skåne län,64,327,50,35,39,42,220,292
967,Malmö,Skåne län,48,196,39,66,44,35,270,248
766,Malmö,Skåne län,67,259,12,13,6,20,73,296
1083,Malmö,Skåne län,40,330,43,42,34,43,280,245
656,Malmö,Skåne län,35,231,27,36,21,31,158,101
1060,Malmö,Skåne län,214,283,137,57,39,25,106,167
831,Malmö,Skåne län,161,234,122,25,22,11,81,147
732,Malmö,Skåne län,168,199,92,26,21,17,67,120
731,Malmö,Skåne län,122,241,101,50,27,18,70,85
828,Malmö,Skåne län,142,253,92,28,21,17,86,177
982,Malmö,Skåne län,139,345,50,21,24,27,103,214
644,Malmö,Skåne län,80,220,21,20,5,16,76,172
671,Malmö,Skåne län,80,240,21,22,15,12,77,179
810,Malmö,Skåne län,63,283,70,39,40,22,136,140
923,Malmö,Skåne län,71,295,52,50,28,33,167,213
266,Svalöv,Skåne län,12,71,15,15,9,12,45,83
745,Svalöv,Skåne län,36,222,30,46,16,48,82,238
959,Svalöv,Skåne län,59,251,20,54,26,51,126,349
1045,Svalöv,Skåne län,25,283,14,63,33,66,186,359
1411,Svalöv,Skåne län,40,308,58,70,42,77,205,593
1438,Svalöv,Skåne län,60,338,39,73,46,87,231,538
1458,Svalöv,Skåne län,75,359,64,93,52,58,192,551
1163,Svalöv,Skåne län,72,268,71,77,42,52,162,402
405,Bjuv,Skåne län,29,107,11,12,10,14,65,144
1026,Bjuv,Skåne län,23,292,9,24,16,50,165,440
789,Bjuv,Skåne län,18,195,8,24,18,24,155,329
793,Bjuv,Skåne län,36,226,15,12,12,32,119,328
684,Bjuv,Skåne län,38,223,6,18,10,20,80,266
732,Bjuv,Skåne län,34,236,8,29,13,28,100,248
729,Bjuv,Skåne län,28,227,11,15,15,29,125,269
602,Bjuv,Skåne län,34,155,9,17,15,32,76,250
875,Bjuv,Skåne län,24,217,19,29,25,40,119,391
617,Bjuv,Skåne län,16,149,5,37,8,29,79,286
696,Bjuv,Skåne län,24,151,9,19,7,26,98,357
713,Bjuv,Skåne län,15,169,8,19,6,32,123,336
362,Hörby,Skåne län,28,82,24,17,14,22,46,121
1486,Hörby,Skåne län,39,387,37,72,64,118,268,489
1643,Hörby,Skåne län,51,374,38,81,53,106,244,686
1393,Hörby,Skåne län,43,307,25,91,57,90,216,557
1662,Hörby,Skåne län,49,399,29,77,64,105,295,628
763,Hörby,Skåne län,57,118,25,62,23,57,118,288
1037,Hörby,Skåne län,35,187,38,46,40,67,194,419
1083,Hörby,Skåne län,52,149,44,68,40,71,164,480
665,Hörby,Skåne län,22,126,23,51,18,56,97,265
299,Höör,Skåne län,28,57,22,18,16,19,59,74
1095,Höör,Skåne län,41,256,73,56,43,60,199,346
985,Höör,Skåne län,70,246,66,47,39,37,156,303
1069,Höör,Skåne län,63,335,73,52,55,40,187,249
836,Höör,Skåne län,37,229,48,38,19,53,140,260
1142,Höör,Skåne län,62,279,75,73,62,73,233,274
1034,Höör,Skåne län,49,220,80,39,49,59,187,334
1044,Höör,Skåne län,30,164,34,71,62,85,188,388
1137,Höör,Skåne län,40,288,66,52,40,69,238,327
1179,Höör,Skåne län,66,238,82,62,46,73,199,390
1093,Höör,Skåne län,80,211,58,71,40,81,137,395
741,Landskrona,Skåne län,56,191,45,40,47,28,146,162
1167,Landskrona,Skåne län,40,320,26,48,107,55,193,358
1073,Landskrona,Skåne län,84,343,34,36,73,39,150,284
1022,Landskrona,Skåne län,99,350,37,30,48,28,120,270
875,Landskrona,Skåne län,68,275,33,28,36,22,117,257
782,Landskrona,Skåne län,73,304,21,9,32,10,74,197
941,Landskrona,Skåne län,70,374,26,16,29,18,136,217
824,Landskrona,Skåne län,39,285,33,39,71,18,114,212
1011,Landskrona,Skåne län,68,384,32,25,41,28,99,294
1084,Landskrona,Skåne län,54,370,38,40,57,39,134,332
778,Landskrona,Skåne län,36,307,13,7,23,14,75,284
890,Landskrona,Skåne län,50,393,25,25,53,22,101,199
731,Landskrona,Skåne län,72,309,19,20,3,15,36,120
906,Landskrona,Skåne län,80,336,40,25,30,29,83,218
1164,Landskrona,Skåne län,45,505,19,24,64,30,125,331
1408,Landskrona,Skåne län,29,514,21,48,124,37,265,365
1520,Landskrona,Skåne län,22,378,56,61,183,59,453,299
678,Landskrona,Skåne län,10,149,13,27,81,31,233,131
831,Landskrona,Skåne län,81,298,30,24,20,22,87,213
301,Landskrona,Skåne län,20,62,22,22,22,13,66,72
1062,Landskrona,Skåne län,27,211,47,49,70,55,192,402
1410,Landskrona,Skåne län,26,301,33,57,75,61,355,495
1351,Landskrona,Skåne län,23,345,22,57,87,72,317,418
1414,Landskrona,Skåne län,38,309,33,58,60,59,331,504
791,Landskrona,Skåne län,22,217,26,31,43,29,134,279
1039,Landskrona,Skåne län,20,252,49,86,73,75,270,205
863,Landskrona,Skåne län,23,204,35,70,74,46,217,190
1616,Helsingborg,Skåne län,98,441,77,113,90,65,374,306
1100,Helsingborg,Skåne län,51,295,35,53,65,64,276,250
1041,Helsingborg,Skåne län,62,267,53,53,64,45,259,220
1182,Helsingborg,Skåne län,27,242,47,58,69,54,353,326
1157,Helsingborg,Skåne län,32,318,43,69,73,61,245,305
928,Helsingborg,Skåne län,57,264,36,48,41,27,197,238
1047,Helsingborg,Skåne län,52,327,37,40,52,33,183,302
1263,Helsingborg,Skåne län,40,259,52,73,83,78,341,321
1107,Helsingborg,Skåne län,52,288,54,67,49,51,253,277
1165,Helsingborg,Skåne län,59,267,67,69,82,55,297,258
1159,Helsingborg,Skåne län,33,231,41,76,93,61,333,288
1133,Helsingborg,Skåne län,47,284,32,70,60,52,277,299
1147,Helsingborg,Skåne län,29,177,56,75,92,62,416,229
877,Helsingborg,Skåne län,14,122,26,44,58,54,313,240
833,Helsingborg,Skåne län,46,244,47,31,34,42,164,216
1122,Helsingborg,Skåne län,56,320,41,46,44,41,210,348
1066,Helsingborg,Skåne län,50,368,32,28,25,41,216,291
1243,Helsingborg,Skåne län,21,220,49,107,83,79,440,235
1013,Helsingborg,Skåne län,37,277,44,62,48,47,274,206
746,Helsingborg,Skåne län,50,200,17,24,27,31,194,183
875,Helsingborg,Skåne län,41,261,29,27,25,31,153,285
1101,Helsingborg,Skåne län,69,250,68,69,54,57,287,231
980,Helsingborg,Skåne län,29,237,25,46,69,48,283,227
1077,Helsingborg,Skåne län,33,262,42,67,70,45,264,282
1014,Helsingborg,Skåne län,25,245,31,55,52,57,298,240
446,Helsingborg,Skåne län,53,162,13,25,22,14,59,79
622,Helsingborg,Skåne län,93,233,18,15,13,11,91,125
568,Helsingborg,Skåne län,59,201,24,25,19,12,81,130
579,Helsingborg,Skåne län,93,228,26,14,18,17,56,103
1077,Helsingborg,Skåne län,69,285,70,85,58,46,223,228
577,Helsingborg,Skåne län,70,179,29,28,22,25,79,124
634,Helsingborg,Skåne län,101,251,23,14,7,8,62,143
1016,Helsingborg,Skåne län,64,282,46,61,58,38,174,272
803,Helsingborg,Skåne län,80,375,25,31,17,13,64,171
965,Helsingborg,Skåne län,49,260,36,64,47,47,228,229
744,Helsingborg,Skåne län,50,259,16,37,19,27,94,204
742,Helsingborg,Skåne län,39,306,22,13,15,22,90,225
986,Helsingborg,Skåne län,42,316,37,54,44,46,231,208
1219,Helsingborg,Skåne län,50,310,62,83,74,51,317,259
790,Helsingborg,Skåne län,57,337,15,19,20,27,124,178
954,Helsingborg,Skåne län,48,345,24,34,32,45,127,276
696,Helsingborg,Skåne län,47,273,16,23,13,31,102,178
1003,Helsingborg,Skåne län,18,267,18,42,39,49,335,227
607,Helsingborg,Skåne län,72,258,16,21,7,12,61,146
554,Helsingborg,Skåne län,60,232,20,17,6,14,64,121
669,Helsingborg,Skåne län,47,159,26,34,32,27,163,175
900,Helsingborg,Skåne län,85,251,41,38,39,39,164,226
818,Helsingborg,Skåne län,80,311,21,32,21,24,117,193
1008,Helsingborg,Skåne län,20,251,27,61,59,58,270,250
1252,Helsingborg,Skåne län,29,258,60,118,104,80,320,273
1176,Helsingborg,Skåne län,49,333,55,66,79,68,234,285
1019,Helsingborg,Skåne län,73,295,38,39,22,40,131,359
831,Helsingborg,Skåne län,50,271,35,38,17,28,100,276
931,Helsingborg,Skåne län,78,315,33,38,19,26,106,278
692,Helsingborg,Skåne län,85,298,12,15,5,17,50,153
921,Helsingborg,Skåne län,83,363,24,19,18,17,83,286
1172,Helsingborg,Skåne län,40,326,57,79,51,60,270,278
1081,Helsingborg,Skåne län,26,293,55,69,57,62,263,253
1040,Helsingborg,Skåne län,28,276,34,55,73,68,270,229
827,Helsingborg,Skåne län,40,313,20,26,14,29,125,248
889,Helsingborg,Skåne län,25,243,22,39,34,34,224,258
1095,Helsingborg,Skåne län,25,263,49,52,59,46,352,236
756,Helsingborg,Skåne län,36,255,13,25,18,33,104,262
475,Helsingborg,Skåne län,8,110,18,30,13,36,75,181
898,Helsingborg,Skåne län,39,202,30,36,27,43,143,363
940,Helsingborg,Skåne län,21,133,23,51,38,73,269,323
1143,Helsingborg,Skåne län,15,170,40,96,113,60,461,179
1257,Helsingborg,Skåne län,24,228,32,91,97,82,437,254
1248,Helsingborg,Skåne län,34,264,50,59,69,57,385,315
945,Helsingborg,Skåne län,17,225,23,40,17,45,189,381
1055,Helsingborg,Skåne län,34,316,25,47,39,49,264,271
818,Helsingborg,Skåne län,48,291,14,21,8,41,129,236
879,Helsingborg,Skåne län,33,257,19,50,22,34,206,246
1042,Helsingborg,Skåne län,33,250,16,31,14,47,208,426
1200,Helsingborg,Skåne län,25,293,30,47,31,69,199,500
815,Helsingborg,Skåne län,21,171,15,34,28,72,157,298
891,Helsingborg,Skåne län,19,209,26,37,31,47,156,360
740,Helsingborg,Skåne län,39,195,15,34,18,25,117,274
873,Helsingborg,Skåne län,34,263,20,32,29,30,177,273
1092,Helsingborg,Skåne län,24,239,30,69,66,58,320,275
1035,Helsingborg,Skåne län,11,218,37,89,81,60,344,189
1175,Helsingborg,Skåne län,23,283,29,64,60,58,275,369
1101,Helsingborg,Skåne län,33,207,40,66,50,57,224,413
999,Helsingborg,Skåne län,21,252,19,72,64,43,277,243
1178,Helsingborg,Skåne län,23,302,37,78,61,59,335,273
782,Helsingborg,Skåne län,60,373,20,16,12,18,60,193
643,Helsingborg,Skåne län,47,265,21,11,8,31,63,177
633,Helsingborg,Skåne län,92,284,13,20,6,13,43,128
504,Helsingborg,Skåne län,60,206,13,12,9,12,52,118
813,Helsingborg,Skåne län,67,300,16,20,14,23,103,252
780,Helsingborg,Skåne län,89,287,15,15,7,23,69,252
753,Helsingborg,Skåne län,54,281,7,20,24,27,103,221
788,Helsingborg,Skåne län,45,227,19,36,24,33,154,232
494,Helsingborg,Skåne län,47,259,15,8,2,8,35,89
493,Höganäs,Skåne län,22,91,47,36,33,22,129,103
1263,Höganäs,Skåne län,38,286,102,109,93,71,345,208
1312,Höganäs,Skåne län,44,285,112,106,94,90,310,258
1560,Höganäs,Skåne län,43,299,59,118,90,110,367,455
1484,Höganäs,Skåne län,38,292,66,114,85,103,372,399
1360,Höganäs,Skåne län,54,374,64,79,72,68,263,357
1146,Höganäs,Skåne län,40,359,28,63,43,60,185,356
1403,Höganäs,Skåne län,55,471,54,72,64,64,312,296
884,Höganäs,Skåne län,33,278,46,54,36,38,195,193
1131,Höganäs,Skåne län,60,398,57,45,44,45,164,304
1067,Höganäs,Skåne län,54,314,28,41,39,50,178,350
1106,Höganäs,Skåne län,19,268,37,78,78,70,323,227
744,Höganäs,Skåne län,17,180,28,42,36,38,207,190
1047,Höganäs,Skåne län,13,191,38,85,90,70,389,162
1506,Höganäs,Skåne län,31,283,33,101,92,82,512,348
1042,Höganäs,Skåne län,18,136,35,80,110,77,407,169
847,Eslöv,Skåne län,39,253,39,48,46,42,150,206
962,Eslöv,Skåne län,46,285,28,49,26,54,151,308
1065,Eslöv,Skåne län,67,352,67,58,42,34,187,244
1192,Eslöv,Skåne län,50,411,32,51,49,37,259,282
1271,Eslöv,Skåne län,55,434,45,34,50,43,196,398
1024,Eslöv,Skåne län,82,362,16,30,21,32,162,298
1343,Eslöv,Skåne län,34,449,33,61,46,71,272,368
1311,Eslöv,Skåne län,36,378,49,95,69,40,309,320
1303,Eslöv,Skåne län,53,439,16,42,37,50,224,421
763,Eslöv,Skåne län,40,292,20,19,18,32,110,216
473,Eslöv,Skåne län,41,105,40,33,19,24,70,138
1033,Eslöv,Skåne län,77,357,24,38,33,40,134,294
1368,Eslöv,Skåne län,91,324,68,90,65,71,240,395
684,Eslöv,Skåne län,15,114,31,50,20,52,105,289
659,Eslöv,Skåne län,54,129,46,40,19,39,94,223
893,Eslöv,Skåne län,27,179,46,55,40,58,163,313
1197,Eslöv,Skåne län,36,275,31,62,23,61,171,514
1099,Eslöv,Skåne län,47,213,26,58,23,67,194,457
1035,Eslöv,Skåne län,39,224,36,74,38,56,206,347
1163,Eslöv,Skåne län,46,278,49,72,63,67,269,309
812,Staffanstorp,Skåne län,50,196,44,57,31,35,206,182
786,Staffanstorp,Skåne län,22,135,44,71,45,32,199,233
884,Staffanstorp,Skåne län,24,231,57,100,88,46,234,101
949,Staffanstorp,Skåne län,28,227,17,56,38,45,274,258
921,Staffanstorp,Skåne län,26,287,21,32,26,34,227,259
857,Staffanstorp,Skåne län,49,260,19,19,21,36,167,272
875,Staffanstorp,Skåne län,16,229,30,47,45,42,238,223
762,Staffanstorp,Skåne län,20,246,25,39,29,32,181,187
967,Staffanstorp,Skåne län,23,253,20,46,71,40,304,206
980,Staffanstorp,Skåne län,29,268,26,52,57,47,279,217
699,Staffanstorp,Skåne län,19,182,22,32,21,36,190,187
1048,Staffanstorp,Skåne län,22,290,15,45,50,58,283,276
1147,Staffanstorp,Skåne län,27,274,27,48,49,36,402,277
997,Staffanstorp,Skåne län,33,282,10,50,43,46,262,260
702,Staffanstorp,Skåne län,47,158,42,48,49,32,162,150
1193,Staffanstorp,Skåne län,47,327,76,122,102,53,290,171
1024,Staffanstorp,Skåne län,16,320,57,86,83,45,287,126
959,Staffanstorp,Skåne län,27,182,29,75,44,53,265,260
371,Burlöv,Skåne län,48,111,19,22,16,14,57,63
1318,Burlöv,Skåne län,40,375,76,76,86,51,318,286
1299,Burlöv,Skåne län,41,367,65,97,93,52,341,231
1294,Burlöv,Skåne län,48,373,47,92,74,54,308,289
628,Burlöv,Skåne län,58,230,12,24,13,14,91,157
947,Burlöv,Skåne län,97,334,35,40,14,21,119,263
710,Burlöv,Skåne län,55,286,12,21,13,24,77,200
790,Burlöv,Skåne län,79,287,21,18,15,19,80,250
889,Burlöv,Skåne län,106,370,33,20,6,16,91,186
780,Burlöv,Skåne län,61,222,29,41,16,27,129,217
921,Burlöv,Skåne län,80,292,25,36,16,40,141,267
934,Vellinge,Skåne län,22,123,45,62,83,61,319,211
1277,Vellinge,Skåne län,15,256,19,58,74,95,410,346
636,Vellinge,Skåne län,13,92,17,48,42,36,208,179
1027,Vellinge,Skåne län,21,176,20,44,49,51,302,357
887,Vellinge,Skåne län,6,132,15,35,60,57,319,257
1377,Vellinge,Skåne län,18,263,22,75,72,70,382,455
707,Vellinge,Skåne län,7,163,13,31,31,39,196,217
804,Vellinge,Skåne län,8,180,14,29,30,37,177,319
738,Vellinge,Skåne län,8,99,19,51,102,49,272,133
1034,Vellinge,Skåne län,16,160,29,83,106,54,380,197
1033,Vellinge,Skåne län,8,77,20,44,110,44,533,190
850,Vellinge,Skåne län,7,82,16,62,88,63,358,166
1326,Vellinge,Skåne län,16,180,29,86,131,97,495,285
947,Vellinge,Skåne län,9,81,22,64,87,70,421,185
1187,Vellinge,Skåne län,7,143,24,91,124,92,472,225
919,Vellinge,Skåne län,16,153,22,55,54,75,267,272
842,Vellinge,Skåne län,4,126,12,38,54,59,312,231
1021,Vellinge,Skåne län,6,138,13,75,86,51,405,245
1140,Vellinge,Skåne län,11,179,21,76,56,57,412,320
1175,Vellinge,Skåne län,9,176,33,85,90,77,455,247
1380,Vellinge,Skåne län,19,140,28,90,115,104,564,311
1305,Vellinge,Skåne län,3,123,19,77,138,102,554,286
1447,Vellinge,Skåne län,15,191,31,104,100,118,556,318
733,Vellinge,Skåne län,35,137,23,38,35,33,189,237
1376,Vellinge,Skåne län,26,300,44,96,63,64,369,402
406,Kävlinge,Skåne län,23,63,21,29,23,14,130,95
1130,Kävlinge,Skåne län,37,350,39,101,36,36,218,297
956,Kävlinge,Skåne län,39,305,32,54,41,43,120,310
889,Kävlinge,Skåne län,22,255,35,50,36,48,206,232
873,Kävlinge,Skåne län,25,269,33,57,42,22,159,257
870,Kävlinge,Skåne län,47,225,21,37,30,34,134,325
1212,Kävlinge,Skåne län,30,263,55,95,64,57,292,349
1304,Kävlinge,Skåne län,24,206,32,68,73,65,466,370
981,Kävlinge,Skåne län,29,272,58,90,41,54,201,226
1010,Kävlinge,Skåne län,29,319,41,41,49,41,174,299
1118,Kävlinge,Skåne län,36,300,50,101,64,37,261,264
1179,Kävlinge,Skåne län,42,250,51,92,60,76,272,322
1258,Kävlinge,Skåne län,52,409,35,67,47,56,205,374
1572,Kävlinge,Skåne län,17,288,46,103,105,71,573,363
1517,Kävlinge,Skåne län,23,257,58,154,122,86,506,305
1192,Kävlinge,Skåne län,14,349,26,72,80,72,346,227
1226,Kävlinge,Skåne län,18,286,19,78,62,66,357,335
1304,Kävlinge,Skåne län,16,318,34,91,79,56,307,396
1033,Kävlinge,Skåne län,12,304,26,69,44,41,229,294
579,Lomma,Skåne län,19,109,33,46,50,36,189,91
1381,Lomma,Skåne län,34,354,58,80,103,52,345,340
1759,Lomma,Skåne län,15,358,59,132,151,81,589,365
1171,Lomma,Skåne län,27,251,75,135,98,54,312,205
1213,Lomma,Skåne län,26,350,63,89,94,39,310,229
998,Lomma,Skåne län,28,254,53,80,58,47,283,191
1240,Lomma,Skåne län,32,298,42,91,83,60,384,240
1373,Lomma,Skåne län,35,414,47,85,94,64,358,268
1280,Lomma,Skåne län,27,297,47,123,142,61,394,181
1260,Lomma,Skåne län,34,298,67,146,122,70,348,167
1349,Lomma,Skåne län,20,215,63,133,170,80,480,179
1564,Lomma,Skåne län,21,317,61,153,202,75,542,184
1326,Lomma,Skåne län,45,311,83,108,103,80,319,266
452,Svedala,Skåne län,22,70,27,30,21,28,104,145
1160,Svedala,Skåne län,39,302,34,54,33,57,228,396
1155,Svedala,Skåne län,42,355,24,78,44,54,228,323
1086,Svedala,Skåne län,30,295,18,34,22,55,162,459
1299,Svedala,Skåne län,35,324,35,72,38,77,277,431
1312,Svedala,Skåne län,34,326,28,40,40,75,318,450
1026,Svedala,Skåne län,31,195,30,52,34,61,231,382
1265,Svedala,Skåne län,31,262,28,54,65,68,368,384
1061,Svedala,Skåne län,42,298,12,45,18,53,164,413
972,Svedala,Skåne län,36,275,28,37,29,38,192,324
946,Svedala,Skåne län,29,233,32,62,42,48,244,248
957,Svedala,Skåne län,17,250,34,59,48,60,253,220
1068,Svedala,Skåne län,41,225,53,60,48,58,227,346
915,Svedala,Skåne län,18,224,29,35,26,62,232,278
326,Skurup,Skåne län,26,92,8,19,9,8,56,96
1449,Skurup,Skåne län,46,447,16,49,29,57,303,484
1209,Skurup,Skåne län,47,336,18,36,42,50,198,459
1232,Skurup,Skåne län,40,319,25,54,54,70,283,380
1542,Skurup,Skåne län,42,370,23,80,40,93,334,542
1227,Skurup,Skåne län,58,253,43,70,32,68,220,469
1140,Skurup,Skåne län,30,220,35,79,65,58,300,332
1189,Skurup,Skåne län,61,265,37,49,29,56,209,468
1156,Skurup,Skåne län,45,215,42,102,42,67,205,422
347,Sjöbo,Skåne län,25,59,18,22,11,20,64,124
1153,Sjöbo,Skåne län,33,220,23,35,21,67,181,555
1071,Sjöbo,Skåne län,17,252,7,32,31,62,221,442
906,Sjöbo,Skåne län,20,254,20,39,21,55,155,335
1193,Sjöbo,Skåne län,29,261,19,51,43,81,253,445
1336,Sjöbo,Skåne län,23,233,11,37,32,111,295,586
472,Sjöbo,Skåne län,13,100,21,33,17,46,92,145
1467,Sjöbo,Skåne län,26,279,44,74,54,86,245,648
695,Sjöbo,Skåne län,19,137,25,38,24,38,114,285
1099,Sjöbo,Skåne län,35,159,37,49,39,100,156,505
803,Sjöbo,Skåne län,33,127,41,32,22,58,127,344
562,Sjöbo,Skåne län,19,71,22,28,14,46,87,266
912,Sjöbo,Skåne län,31,138,23,37,23,67,140,442
601,Sjöbo,Skåne län,17,115,35,36,17,34,97,248
3803,Lund,Skåne län,409,904,493,370,352,121,747,343
842,Lund,Skåne län,67,177,115,101,120,33,149,69
895,Lund,Skåne län,79,214,129,93,107,33,145,86
1022,Lund,Skåne län,92,215,117,124,164,27,209,63
824,Lund,Skåne län,91,219,92,57,79,30,160,86
1018,Lund,Skåne län,127,255,130,86,100,32,216,67
1196,Lund,Skåne län,82,315,119,126,135,34,252,116
907,Lund,Skåne län,105,211,139,96,122,13,147,70
1192,Lund,Skåne län,96,299,147,113,127,51,234,109
841,Lund,Skåne län,122,200,160,78,101,13,127,27
593,Lund,Skåne län,104,112,79,64,61,14,120,31
907,Lund,Skåne län,127,226,113,73,96,23,137,91
1123,Lund,Skåne län,112,355,173,122,87,36,158,68
938,Lund,Skåne län,104,313,138,70,68,23,114,89
1092,Lund,Skåne län,94,301,152,90,81,34,196,126
968,Lund,Skåne län,80,298,107,86,75,32,164,107
1240,Lund,Skåne län,66,316,100,139,162,39,310,92
1050,Lund,Skåne län,164,403,119,48,60,30,81,130
896,Lund,Skåne län,100,288,74,58,74,29,130,132
1057,Lund,Skåne län,141,379,90,68,55,25,135,145
787,Lund,Skåne län,159,218,116,45,49,22,102,62
791,Lund,Skåne län,85,224,84,71,64,33,134,88
1043,Lund,Skåne län,89,288,148,114,99,35,163,99
1142,Lund,Skåne län,90,309,121,92,89,50,228,149
554,Lund,Skåne län,102,221,31,14,13,14,49,84
1042,Lund,Skåne län,106,337,94,83,111,33,145,117
959,Lund,Skåne län,68,315,84,82,76,44,134,141
667,Lund,Skåne län,75,224,48,34,28,21,87,134
1126,Lund,Skåne län,55,240,162,137,161,47,238,77
1006,Lund,Skåne län,103,249,147,100,123,34,168,70
1060,Lund,Skåne län,130,194,160,132,170,18,181,60
1200,Lund,Skåne län,80,252,154,152,167,42,255,80
669,Lund,Skåne län,58,151,98,89,84,21,110,45
713,Lund,Skåne län,49,194,95,77,85,28,99,78
1145,Lund,Skåne län,83,315,112,124,138,55,212,93
805,Lund,Skåne län,97,262,55,34,32,29,105,162
1109,Lund,Skåne län,80,351,115,102,102,39,173,135
1103,Lund,Skåne län,126,403,89,69,57,35,153,147
1100,Lund,Skåne län,93,386,91,71,46,35,153,200
536,Lund,Skåne län,13,184,64,59,38,27,74,69
787,Lund,Skåne län,46,220,49,79,62,46,144,128
1217,Lund,Skåne län,50,361,92,90,78,52,267,215
1344,Lund,Skåne län,52,447,103,105,105,58,220,244
1263,Lund,Skåne län,49,339,78,112,79,56,249,288
857,Lund,Skåne län,37,304,43,37,38,28,123,241
952,Lund,Skåne län,40,280,98,74,62,36,158,195
1035,Lund,Skåne län,33,305,88,115,63,35,182,200
837,Lund,Skåne län,52,199,70,78,41,34,156,198
715,Lund,Skåne län,56,225,111,51,38,13,102,111
657,Lund,Skåne län,39,144,157,74,54,18,85,74
997,Lund,Skåne län,78,310,126,59,37,42,125,207
1360,Lund,Skåne län,44,393,86,73,90,53,272,334
1228,Lund,Skåne län,41,257,84,105,73,63,243,346
1076,Lund,Skåne län,44,266,47,56,48,38,266,303
1033,Lund,Skåne län,23,295,30,70,57,40,222,291
1050,Lund,Skåne län,53,221,59,83,59,41,228,290
873,Lund,Skåne län,25,254,35,41,49,34,182,246
1162,Lund,Skåne län,120,352,105,102,85,39,204,142
1228,Lund,Skåne län,88,342,167,132,144,58,186,97
1115,Lund,Skåne län,130,390,137,61,65,41,158,122
773,Lund,Skåne län,55,207,58,64,68,25,191,91
1119,Lund,Skåne län,119,316,145,106,82,39,187,112
632,Lund,Skåne län,111,240,47,31,22,18,49,89
714,Lund,Skåne län,124,225,77,42,29,20,80,107
574,Lund,Skåne län,99,129,93,57,49,11,95,29
553,Lund,Skåne län,88,192,56,41,31,8,66,57
546,Lund,Skåne län,69,165,50,45,44,25,72,63
1072,Lund,Skåne län,102,343,154,118,97,27,135,80
790,Lund,Skåne län,111,251,64,55,60,20,97,111
1083,Lund,Skåne län,36,283,96,122,135,35,276,93
773,Lund,Skåne län,121,162,129,83,80,25,120,32
585,Lund,Skåne län,110,128,113,50,59,15,70,24
496,Lund,Skåne län,128,187,37,21,16,7,48,43
747,Lund,Skåne län,136,237,60,37,39,18,89,96
803,Lund,Skåne län,81,221,90,67,64,24,154,91
1000,Lund,Skåne län,163,317,232,63,63,16,69,56
1128,Lund,Skåne län,39,347,107,133,105,48,236,105
1005,Lund,Skåne län,104,342,133,57,81,32,139,102
946,Lund,Skåne län,88,284,119,76,68,26,161,106
838,Lund,Skåne län,105,244,106,95,60,20,111,86
1209,Lund,Skåne län,82,365,164,123,125,43,200,96
1051,Lund,Skåne län,75,315,92,137,99,30,174,126
1132,Lund,Skåne län,63,313,108,112,96,48,183,198
385,Ystad,Skåne län,21,70,23,21,18,19,105,100
1138,Ystad,Skåne län,49,356,49,54,53,59,204,301
1067,Ystad,Skåne län,21,388,28,44,43,60,224,255
905,Ystad,Skåne län,35,299,38,44,44,47,170,220
1433,Ystad,Skåne län,32,440,31,59,76,100,335,342
1039,Ystad,Skåne län,32,321,35,37,39,51,238,265
899,Ystad,Skåne län,28,301,25,32,46,57,182,221
831,Ystad,Skåne län,26,262,36,47,40,50,194,165
1542,Ystad,Skåne län,66,450,38,79,78,103,306,410
1057,Ystad,Skåne län,43,293,44,36,46,77,244,267
1223,Ystad,Skåne län,81,381,62,59,48,64,217,295
1174,Ystad,Skåne län,30,289,25,54,67,69,329,296
1234,Ystad,Skåne län,80,357,58,32,65,64,244,317
1399,Ystad,Skåne län,60,298,76,88,65,84,334,383
1333,Ystad,Skåne län,21,309,36,84,67,61,339,402
1373,Ystad,Skåne län,36,284,24,68,51,85,392,423
801,Ystad,Skåne län,14,208,20,25,25,46,169,281
951,Ystad,Skåne län,26,197,34,54,42,68,192,325
788,Ystad,Skåne län,38,160,41,70,28,52,135,259
859,Ystad,Skåne län,33,191,46,70,39,62,155,252
405,Trelleborg,Skåne län,32,111,19,22,20,17,75,100
783,Trelleborg,Skåne län,25,196,15,29,30,49,160,269
813,Trelleborg,Skåne län,27,276,3,29,18,38,114,302
1525,Trelleborg,Skåne län,28,482,22,51,45,71,353,462
1354,Trelleborg,Skåne län,30,464,25,44,38,81,215,433
864,Trelleborg,Skåne län,48,275,20,25,36,48,141,253
902,Trelleborg,Skåne län,44,262,22,31,21,48,157,288
728,Trelleborg,Skåne län,21,231,8,19,21,47,130,236
1339,Trelleborg,Skåne län,28,402,27,60,44,78,277,419
732,Trelleborg,Skåne län,25,224,8,20,15,37,131,261
1022,Trelleborg,Skåne län,59,293,24,36,42,45,201,315
1239,Trelleborg,Skåne län,70,355,21,34,44,59,193,442
639,Trelleborg,Skåne län,28,239,6,26,13,28,76,215
725,Trelleborg,Skåne län,44,280,10,20,14,20,76,239
906,Trelleborg,Skåne län,48,349,16,34,29,30,142,233
1264,Trelleborg,Skåne län,16,304,21,52,56,79,360,368
1007,Trelleborg,Skåne län,43,301,26,14,32,59,119,398
408,Trelleborg,Skåne län,35,119,13,20,26,25,67,87
1873,Trelleborg,Skåne län,40,359,60,134,97,114,554,494
693,Trelleborg,Skåne län,20,157,11,44,27,57,149,227
950,Trelleborg,Skåne län,31,161,27,43,40,49,192,396
386,Trelleborg,Skåne län,8,75,14,46,12,16,87,127
734,Trelleborg,Skåne län,20,261,8,22,26,44,115,219
1301,Trelleborg,Skåne län,26,301,50,86,80,86,380,284
1264,Trelleborg,Skåne län,49,218,45,78,53,89,249,474
1062,Trelleborg,Skåne län,40,268,40,41,58,86,213,306
1694,Trelleborg,Skåne län,45,357,59,131,82,105,400,499
554,Trelleborg,Skåne län,34,80,10,35,23,35,108,219
1564,Trelleborg,Skåne län,66,325,45,61,49,83,305,615
224,Östra Göinge,Skåne län,14,46,14,13,11,17,32,73
1010,Östra Göinge,Skåne län,31,241,17,30,24,84,153,419
1292,Östra Göinge,Skåne län,44,350,17,34,22,86,235,478
825,Östra Göinge,Skåne län,29,254,9,33,15,38,146,291
742,Östra Göinge,Skåne län,29,158,25,36,18,61,126,284
867,Östra Göinge,Skåne län,31,250,15,25,12,33,133,358
1288,Östra Göinge,Skåne län,25,319,18,48,29,90,273,466
1202,Östra Göinge,Skåne län,54,299,24,82,32,65,188,433
1366,Östra Göinge,Skåne län,27,325,37,83,29,67,242,547
654,Örkelljunga,Skåne län,26,136,20,22,18,65,109,242
746,Örkelljunga,Skåne län,17,125,15,45,12,81,93,342
773,Örkelljunga,Skåne län,27,184,18,32,28,77,100,291
1138,Örkelljunga,Skåne län,26,275,19,52,20,130,158,436
1447,Örkelljunga,Skåne län,31,317,33,61,44,195,238,498
625,Örkelljunga,Skåne län,18,127,15,28,16,74,83,246
949,Örkelljunga,Skåne län,15,203,21,37,18,90,119,431
376,Tomelilla,Skåne län,22,75,16,23,11,19,61,143
1287,Tomelilla,Skåne län,46,314,35,66,29,68,260,457
981,Tomelilla,Skåne län,30,317,18,34,22,44,158,343
1055,Tomelilla,Skåne län,34,267,23,48,29,51,140,449
1256,Tomelilla,Skåne län,29,324,15,56,25,81,220,499
1346,Tomelilla,Skåne län,64,233,54,80,22,79,217,583
1105,Tomelilla,Skåne län,61,204,45,65,26,63,219,408
1344,Tomelilla,Skåne län,60,302,104,134,64,73,209,373
337,Bromölla,Skåne län,27,90,9,12,13,21,63,94
1101,Bromölla,Skåne län,13,315,13,24,41,53,241,395
895,Bromölla,Skåne län,39,276,13,19,23,32,163,322
1064,Bromölla,Skåne län,41,312,24,24,24,58,154,416
1070,Bromölla,Skåne län,22,333,12,21,25,36,178,429
1001,Bromölla,Skåne län,43,340,9,14,18,55,124,385
1282,Bromölla,Skåne län,46,340,39,34,36,69,179,529
1240,Bromölla,Skåne län,36,255,24,43,34,90,181,557
350,Osby,Skåne län,24,101,16,16,7,25,56,101
1026,Osby,Skåne län,33,313,16,42,29,56,191,339
1144,Osby,Skåne län,48,307,42,68,18,74,175,396
1066,Osby,Skåne län,45,285,22,44,18,97,170,375
990,Osby,Skåne län,30,239,23,54,27,71,155,377
1159,Osby,Skåne län,34,296,41,43,36,93,237,370
811,Osby,Skåne län,18,246,13,29,14,27,104,354
956,Osby,Skåne län,32,249,21,60,25,49,110,404
746,Osby,Skåne län,22,206,16,36,17,47,109,288
530,Perstorp,Skåne län,19,142,8,18,9,27,83,216
705,Perstorp,Skåne län,29,217,12,20,16,34,81,292
693,Perstorp,Skåne län,38,213,8,25,13,34,106,248
619,Perstorp,Skåne län,8,89,19,39,7,42,84,328
740,Perstorp,Skåne län,26,195,11,27,20,39,130,282
746,Perstorp,Skåne län,35,213,10,35,15,47,102,282
476,Klippan,Skåne län,19,113,10,20,12,28,74,182
864,Klippan,Skåne län,38,229,23,34,16,57,134,318
953,Klippan,Skåne län,36,263,16,37,20,48,145,377
1086,Klippan,Skåne län,37,328,16,24,24,49,134,449
1150,Klippan,Skåne län,49,309,20,35,20,58,186,446
1343,Klippan,Skåne län,26,318,24,47,36,115,219,536
821,Klippan,Skåne län,27,145,18,44,21,50,149,362
808,Klippan,Skåne län,34,145,40,56,21,65,127,308
838,Klippan,Skåne län,27,196,20,31,14,58,125,358
776,Klippan,Skåne län,24,157,26,44,15,65,123,313
865,Klippan,Skåne län,24,166,18,43,20,67,150,360
570,Klippan,Skåne län,28,129,12,17,10,37,85,241
346,Åstorp,Skåne län,25,132,7,16,4,12,57,83
1005,Åstorp,Skåne län,29,318,12,32,19,47,150,384
599,Åstorp,Skåne län,24,151,8,21,15,34,95,240
504,Åstorp,Skåne län,27,203,3,22,7,22,43,162
761,Åstorp,Skåne län,35,263,6,17,13,34,108,276
1267,Åstorp,Skåne län,26,330,27,28,40,83,281,439
809,Åstorp,Skåne län,26,274,12,18,15,40,111,303
398,Åstorp,Skåne län,22,125,9,16,7,17,64,134
1411,Åstorp,Skåne län,67,336,15,52,40,53,268,566
950,Åstorp,Skåne län,26,219,11,32,12,56,153,434
656,Åstorp,Skåne län,36,106,13,30,10,36,126,294
378,Båstad,Skåne län,27,55,27,24,26,25,96,86
1203,Båstad,Skåne län,28,180,48,72,109,87,397,272
1505,Båstad,Skåne län,38,317,58,75,118,88,440,361
1005,Båstad,Skåne län,40,251,51,88,51,64,200,244
1014,Båstad,Skåne län,30,320,43,70,29,61,196,251
1248,Båstad,Skåne län,38,286,55,127,60,72,275,320
1173,Båstad,Skåne län,30,199,58,137,76,94,279,286
531,Båstad,Skåne län,11,90,26,54,28,39,154,121
699,Båstad,Skåne län,11,127,25,47,61,57,203,163
765,Båstad,Skåne län,21,168,23,48,27,61,143,263
1367,Båstad,Skåne län,12,265,47,90,93,99,427,323
737,Kristianstad,Skåne län,67,198,33,43,34,28,153,156
1276,Kristianstad,Skåne län,77,323,41,56,66,54,276,342
1396,Kristianstad,Skåne län,88,429,37,41,81,67,261,360
1335,Kristianstad,Skåne län,67,353,37,55,77,70,341,318
1262,Kristianstad,Skåne län,76,331,36,62,81,85,304,267
1111,Kristianstad,Skåne län,54,229,48,58,65,71,328,243
1026,Kristianstad,Skåne län,78,315,27,46,60,38,195,245
967,Kristianstad,Skåne län,55,349,23,31,31,44,130,279
682,Kristianstad,Skåne län,110,347,16,34,6,6,28,68
791,Kristianstad,Skåne län,122,398,15,42,8,11,36,79
1134,Kristianstad,Skåne län,58,301,28,64,58,47,302,261
845,Kristianstad,Skåne län,77,328,28,44,27,29,118,175
945,Kristianstad,Skåne län,85,287,45,44,45,47,179,198
1072,Kristianstad,Skåne län,123,438,25,59,20,27,94,229
1659,Kristianstad,Skåne län,48,423,25,68,105,105,402,468
903,Kristianstad,Skåne län,39,249,33,45,54,36,219,216
721,Kristianstad,Skåne län,59,180,37,48,51,32,158,120
901,Kristianstad,Skåne län,72,331,21,37,20,31,150,227
1571,Kristianstad,Skåne län,49,449,20,57,74,81,332,493
998,Kristianstad,Skåne län,68,355,20,33,41,54,178,236
1037,Kristianstad,Skåne län,26,168,15,76,39,78,225,400
1650,Kristianstad,Skåne län,43,375,27,77,85,124,424,489
1055,Kristianstad,Skåne län,21,224,25,39,36,70,226,403
964,Kristianstad,Skåne län,30,272,31,33,49,55,216,268
1293,Kristianstad,Skåne län,53,396,39,47,65,65,324,291
1365,Kristianstad,Skåne län,49,318,39,60,86,73,373,360
1038,Kristianstad,Skåne län,44,217,36,63,57,77,241,291
1396,Kristianstad,Skåne län,41,313,31,74,53,92,280,493
1461,Kristianstad,Skåne län,60,386,36,63,62,78,300,470
1440,Kristianstad,Skåne län,29,306,48,75,113,82,407,374
1436,Kristianstad,Skåne län,12,318,28,57,100,75,441,394
869,Kristianstad,Skåne län,17,236,7,49,39,58,213,243
1490,Kristianstad,Skåne län,23,320,35,68,104,76,468,391
1386,Kristianstad,Skåne län,18,227,44,71,104,78,558,278
1317,Kristianstad,Skåne län,19,250,26,75,79,83,419,358
1000,Kristianstad,Skåne län,43,197,26,52,31,50,168,423
1204,Kristianstad,Skåne län,34,250,33,41,47,82,222,479
1448,Kristianstad,Skåne län,41,315,24,45,48,90,278,593
1404,Kristianstad,Skåne län,47,362,22,50,52,78,289,496
1660,Kristianstad,Skåne län,69,349,52,83,48,101,300,638
1740,Kristianstad,Skåne län,66,369,84,79,125,105,387,508
1511,Kristianstad,Skåne län,58,271,44,95,60,112,253,607
761,Kristianstad,Skåne län,28,160,17,36,24,34,146,304
1065,Kristianstad,Skåne län,19,305,7,26,29,67,181,419
1524,Kristianstad,Skåne län,47,353,55,97,63,109,248,535
200,Simrishamn,Skåne län,23,44,29,11,5,7,28,43
1460,Simrishamn,Skåne län,91,429,64,66,66,74,313,340
1058,Simrishamn,Skåne län,75,350,50,37,46,48,174,260
1190,Simrishamn,Skåne län,53,377,35,45,46,53,186,357
1179,Simrishamn,Skåne län,41,324,72,65,63,70,238,294
852,Simrishamn,Skåne län,43,193,71,54,49,58,162,206
833,Simrishamn,Skåne län,28,190,39,58,60,60,169,222
926,Simrishamn,Skåne län,29,228,37,56,36,46,167,313
1740,Simrishamn,Skåne län,75,374,100,110,55,85,314,607
825,Simrishamn,Skåne län,53,195,86,61,41,32,175,171
1010,Simrishamn,Skåne län,50,214,36,77,36,61,149,364
736,Simrishamn,Skåne län,42,175,49,41,34,43,97,242
498,Simrishamn,Skåne län,29,113,71,41,22,35,109,74
736,Simrishamn,Skåne län,33,173,76,50,40,28,159,166
1026,Ängelholm,Skåne län,53,211,47,67,46,44,269,268
1353,Ängelholm,Skåne län,27,259,29,68,29,109,273,546
884,Ängelholm,Skåne län,23,134,22,58,30,88,175,342
1266,Ängelholm,Skåne län,30,318,46,65,65,75,365,291
1556,Ängelholm,Skåne län,49,490,50,99,56,88,302,412
1052,Ängelholm,Skåne län,65,352,28,39,20,42,182,299
1380,Ängelholm,Skåne län,57,427,44,72,41,83,282,345
1185,Ängelholm,Skåne län,39,304,41,74,59,66,291,297
1041,Ängelholm,Skåne län,56,307,38,52,21,80,192,286
1376,Ängelholm,Skåne län,53,472,43,54,47,52,245,394
1403,Ängelholm,Skåne län,33,334,39,89,71,92,458,270
1173,Ängelholm,Skåne län,45,299,31,62,50,81,248,348
1374,Ängelholm,Skåne län,57,493,40,67,50,64,259,330
1316,Ängelholm,Skåne län,35,359,22,54,28,78,268,459
1553,Ängelholm,Skåne län,56,277,64,71,36,128,239,665
1262,Ängelholm,Skåne län,40,285,39,90,27,89,272,410
1442,Ängelholm,Skåne län,29,426,44,86,65,92,344,346
1197,Ängelholm,Skåne län,20,318,47,65,61,77,350,254
1079,Ängelholm,Skåne län,17,216,54,88,78,57,330,227
1532,Ängelholm,Skåne län,13,334,76,118,92,98,481,312
1531,Ängelholm,Skåne län,43,405,67,95,87,93,384,339
901,Ängelholm,Skåne län,14,221,33,61,29,52,173,315
1051,Ängelholm,Skåne län,35,206,26,73,32,80,233,352
797,Hässleholm,Skåne län,88,185,39,34,20,40,133,240
948,Hässleholm,Skåne län,73,235,37,47,32,59,188,271
753,Hässleholm,Skåne län,33,186,22,30,39,62,195,182
993,Hässleholm,Skåne län,67,306,28,48,25,58,139,304
1054,Hässleholm,Skåne län,47,254,39,45,45,54,220,335
844,Hässleholm,Skåne län,77,200,20,41,37,63,143,248
751,Hässleholm,Skåne län,44,176,31,32,32,55,163,211
708,Hässleholm,Skåne län,65,214,29,27,13,39,97,217
935,Hässleholm,Skåne län,48,243,35,54,38,63,251,195
1071,Hässleholm,Skåne län,14,231,25,59,48,83,321,280
1076,Hässleholm,Skåne län,34,344,26,54,53,89,226,244
674,Hässleholm,Skåne län,135,266,9,22,15,24,68,109
1041,Hässleholm,Skåne län,56,381,28,43,54,70,200,197
766,Hässleholm,Skåne län,52,212,19,30,20,45,126,253
809,Hässleholm,Skåne län,54,238,35,35,36,51,161,192
1153,Hässleholm,Skåne län,19,243,27,69,40,83,229,436
788,Hässleholm,Skåne län,26,131,26,62,24,57,117,329
1268,Hässleholm,Skåne län,30,365,15,50,52,59,256,435
1153,Hässleholm,Skåne län,31,269,25,66,49,78,187,437
1180,Hässleholm,Skåne län,23,256,25,62,48,83,207,468
884,Hässleholm,Skåne län,27,179,23,63,28,53,124,371
870,Hässleholm,Skåne län,21,195,25,48,20,52,122,376
804,Hässleholm,Skåne län,21,132,23,44,20,82,143,326
1042,Hässleholm,Skåne län,34,248,40,51,39,107,175,333
850,Hässleholm,Skåne län,33,206,8,35,22,68,108,359
1032,Hässleholm,Skåne län,33,228,26,55,28,74,165,410
826,Hässleholm,Skåne län,21,171,19,41,24,53,132,355
816,Hässleholm,Skåne län,49,144,41,63,33,62,87,329
922,Hässleholm,Skåne län,40,265,36,33,36,71,115,319
952,Hässleholm,Skåne län,34,216,24,43,36,57,232,299
900,Hässleholm,Skåne län,43,226,20,39,28,46,124,355
972,Hässleholm,Skåne län,64,249,22,44,21,52,118,391
987,Hässleholm,Skåne län,28,260,18,38,21,69,147,400
1054,Hässleholm,Skåne län,31,225,26,63,41,69,194,388
963,Hässleholm,Skåne län,33,149,29,71,37,102,151,376
453,Hylte,Hallands län,36,136,12,23,12,30,69,130
997,Hylte,Hallands län,45,308,20,70,37,71,142,295
449,Hylte,Hallands län,23,107,14,28,15,33,63,165
568,Hylte,Hallands län,10,118,22,58,20,44,97,192
779,Hylte,Hallands län,18,190,15,98,18,68,113,251
562,Hylte,Hallands län,18,236,4,31,18,34,75,141
730,Hylte,Hallands län,17,270,16,47,12,46,83,230
781,Hylte,Hallands län,34,268,13,45,17,53,93,255
717,Hylte,Hallands län,19,195,36,63,12,53,151,180
1567,Halmstad,Hallands län,104,420,66,112,77,79,347,322
908,Halmstad,Hallands län,45,247,33,59,46,43,231,191
918,Halmstad,Hallands län,63,276,45,54,27,39,187,211
932,Halmstad,Hallands län,56,270,37,55,60,49,197,197
951,Halmstad,Hallands län,36,228,43,48,53,60,287,191
1021,Halmstad,Hallands län,58,314,43,58,52,59,183,230
1081,Halmstad,Hallands län,31,374,29,67,60,74,244,192
935,Halmstad,Hallands län,52,282,56,63,57,32,197,187
1098,Halmstad,Hallands län,46,331,75,93,60,68,238,179
1012,Halmstad,Hallands län,71,363,56,60,46,32,207,163
943,Halmstad,Hallands län,29,314,56,60,49,56,207,157
961,Halmstad,Hallands län,28,328,30,66,57,56,224,166
902,Halmstad,Hallands län,51,272,49,47,50,55,188,178
922,Halmstad,Hallands län,71,302,28,52,55,36,197,161
1294,Halmstad,Hallands län,42,384,56,85,75,67,344,227
1008,Halmstad,Hallands län,53,348,36,48,48,43,167,238
1024,Halmstad,Hallands län,48,342,35,68,39,44,218,220
1022,Halmstad,Hallands län,65,392,40,50,44,46,200,179
1120,Halmstad,Hallands län,67,346,45,52,54,55,233,249
839,Halmstad,Hallands län,40,239,40,48,22,44,184,204
931,Halmstad,Hallands län,61,340,48,48,24,58,137,198
788,Halmstad,Hallands län,69,331,35,28,20,26,83,165
893,Halmstad,Hallands län,83,272,34,50,34,31,181,182
778,Halmstad,Hallands län,66,260,31,36,41,26,173,131
919,Halmstad,Hallands län,61,256,47,60,39,47,199,197
736,Halmstad,Hallands län,44,215,26,27,25,39,160,190
623,Halmstad,Hallands län,93,266,17,20,9,11,54,130
886,Halmstad,Hallands län,64,355,16,32,24,30,149,201
684,Halmstad,Hallands län,55,308,10,19,15,24,102,131
599,Halmstad,Hallands län,69,259,15,11,12,28,62,122
554,Halmstad,Hallands län,83,264,7,22,4,9,60,63
799,Halmstad,Hallands län,111,407,8,26,14,18,64,91
770,Halmstad,Hallands län,74,361,16,21,13,20,35,200
937,Halmstad,Hallands län,64,426,18,33,28,41,107,196
1037,Halmstad,Hallands län,50,447,26,37,36,65,133,229
877,Halmstad,Hallands län,60,396,18,39,18,36,104,197
1053,Halmstad,Hallands län,32,381,39,65,44,51,190,238
1168,Halmstad,Hallands län,58,401,30,64,43,71,269,226
1067,Halmstad,Hallands län,56,412,21,53,28,52,200,226
996,Halmstad,Hallands län,77,421,17,35,21,34,135,235
1007,Halmstad,Hallands län,27,255,35,53,27,52,202,349
1071,Halmstad,Hallands län,46,254,41,101,29,60,161,372
746,Halmstad,Hallands län,44,265,11,25,14,56,77,239
827,Halmstad,Hallands län,41,283,10,47,14,47,106,265
1049,Halmstad,Hallands län,30,333,30,80,27,80,158,305
916,Halmstad,Hallands län,29,251,20,64,37,74,146,289
931,Halmstad,Hallands län,18,256,24,55,42,68,211,249
1173,Halmstad,Hallands län,36,352,30,54,38,70,271,307
968,Halmstad,Hallands län,16,279,24,61,55,70,280,178
1023,Halmstad,Hallands län,19,245,52,87,87,63,302,159
1138,Halmstad,Hallands län,27,240,43,105,85,86,364,183
872,Halmstad,Hallands län,47,304,44,43,37,45,156,182
1051,Halmstad,Hallands län,16,287,27,75,75,63,320,181
1148,Halmstad,Hallands län,27,335,44,81,50,61,321,223
1079,Halmstad,Hallands län,24,209,43,61,76,69,392,199
1007,Halmstad,Hallands län,16,129,25,38,77,92,416,211
1002,Halmstad,Hallands län,21,232,59,52,85,89,272,189
803,Halmstad,Hallands län,27,196,30,59,40,60,176,212
1060,Halmstad,Hallands län,20,313,35,58,60,73,283,207
956,Halmstad,Hallands län,17,259,34,87,62,65,246,179
1403,Halmstad,Hallands län,34,381,74,114,88,73,366,261
1285,Halmstad,Hallands län,46,360,63,140,45,88,275,254
1001,Halmstad,Hallands län,27,226,64,139,75,69,225,167
855,Halmstad,Hallands län,31,273,23,78,22,55,161,202
826,Halmstad,Hallands län,33,252,25,74,22,55,110,248
1156,Halmstad,Hallands län,30,298,28,99,29,87,226,343
869,Halmstad,Hallands län,31,269,28,53,33,46,174,230
773,Halmstad,Hallands län,25,222,23,42,29,49,137,241
461,Laholm,Hallands län,26,112,26,28,17,26,80,136
1529,Laholm,Hallands län,59,538,50,99,68,69,269,357
1341,Laholm,Hallands län,52,449,43,63,51,79,244,341
1513,Laholm,Hallands län,43,446,36,101,72,87,348,370
1135,Laholm,Hallands län,36,275,36,88,40,84,185,386
1888,Laholm,Hallands län,24,455,49,115,102,119,518,488
1459,Laholm,Hallands län,27,297,45,178,39,141,151,557
837,Laholm,Hallands län,28,143,26,82,24,78,193,261
1387,Laholm,Hallands län,23,323,26,89,94,122,373,327
577,Laholm,Hallands län,9,123,12,55,20,38,63,252
877,Laholm,Hallands län,33,151,25,84,30,93,144,306
883,Laholm,Hallands län,25,188,15,69,25,68,131,347
1043,Laholm,Hallands län,48,247,25,67,22,92,129,401
1120,Laholm,Hallands län,36,262,35,87,30,91,171,394
872,Laholm,Hallands län,47,241,19,42,28,40,131,313
1465,Falkenberg,Hallands län,91,416,55,124,70,92,299,292
1153,Falkenberg,Hallands län,67,389,46,74,54,48,223,241
1299,Falkenberg,Hallands län,93,522,43,72,47,47,202,263
1223,Falkenberg,Hallands län,72,424,53,84,57,72,241,200
1154,Falkenberg,Hallands län,56,449,39,51,34,37,198,269
1236,Falkenberg,Hallands län,62,430,35,89,62,55,257,236
1301,Falkenberg,Hallands län,71,536,42,93,53,61,235,205
1017,Falkenberg,Hallands län,26,271,36,61,52,64,300,203
1349,Falkenberg,Hallands län,45,527,34,81,69,77,274,231
1077,Falkenberg,Hallands län,72,450,33,61,42,36,159,212
954,Falkenberg,Hallands län,56,353,24,86,24,45,178,179
1151,Falkenberg,Hallands län,32,285,40,84,89,74,374,166
1359,Falkenberg,Hallands län,26,395,63,136,48,73,353,251
1084,Falkenberg,Hallands län,40,481,40,45,48,51,208,166
981,Falkenberg,Hallands län,28,193,32,130,32,63,177,318
757,Falkenberg,Hallands län,28,234,26,77,28,39,135,179
812,Falkenberg,Hallands län,30,187,59,84,53,48,207,136
1373,Falkenberg,Hallands län,67,526,42,84,35,68,231,303
1389,Falkenberg,Hallands län,52,394,53,118,62,83,289,325
753,Falkenberg,Hallands län,30,198,17,83,24,45,127,224
787,Falkenberg,Hallands län,31,161,29,117,22,49,167,209
1456,Falkenberg,Hallands län,32,528,49,108,67,65,312,281
884,Falkenberg,Hallands län,39,222,21,87,32,75,162,235
1022,Falkenberg,Hallands län,37,260,59,134,32,51,178,259
705,Falkenberg,Hallands län,35,160,24,91,21,54,118,191
802,Falkenberg,Hallands län,21,170,30,95,19,65,163,228
906,Falkenberg,Hallands län,29,218,18,106,21,54,170,279
869,Falkenberg,Hallands län,14,168,13,113,19,72,170,291
387,Varberg,Hallands län,26,98,28,23,17,21,80,88
1486,Varberg,Hallands län,63,351,37,133,52,137,266,436
827,Varberg,Hallands län,22,223,36,62,40,56,169,213
1254,Varberg,Hallands län,38,369,42,102,40,104,212,337
818,Varberg,Hallands län,36,210,24,74,27,53,147,240
555,Varberg,Hallands län,17,136,17,61,13,61,84,161
1480,Varberg,Hallands län,34,445,34,66,69,113,327,378
932,Varberg,Hallands län,34,222,20,84,31,84,196,251
440,Varberg,Hallands län,17,74,17,58,12,32,54,171
1360,Varberg,Hallands län,35,356,59,106,73,76,358,279
1212,Varberg,Hallands län,42,349,52,117,52,76,305,209
842,Varberg,Hallands län,25,219,32,66,44,86,172,194
749,Varberg,Hallands län,29,146,19,109,20,93,129,197
996,Varberg,Hallands län,57,395,50,60,41,57,189,135
1645,Varberg,Hallands län,65,529,61,122,87,90,417,257
1186,Varberg,Hallands län,84,431,46,39,46,40,204,274
1234,Varberg,Hallands län,74,488,50,54,63,45,231,217
1338,Varberg,Hallands län,67,390,54,91,89,68,315,251
955,Varberg,Hallands län,40,331,49,53,43,54,191,180
1111,Varberg,Hallands län,101,454,37,28,27,53,89,300
1173,Varberg,Hallands län,39,494,45,70,75,40,249,156
424,Varberg,Hallands län,28,117,28,16,17,22,94,95
737,Varberg,Hallands län,39,207,25,84,23,48,99,203
717,Varberg,Hallands län,31,186,26,80,18,41,114,208
1064,Varberg,Hallands län,24,372,33,100,48,69,243,170
1194,Varberg,Hallands län,45,267,32,135,43,106,271,280
1372,Varberg,Hallands län,71,418,66,89,82,49,346,241
1201,Varberg,Hallands län,77,413,46,70,55,43,257,219
1021,Varberg,Hallands län,46,330,45,106,68,47,246,127
1065,Varberg,Hallands län,51,352,39,75,69,51,244,171
1274,Varberg,Hallands län,56,436,63,95,88,49,292,185
922,Varberg,Hallands län,69,301,42,66,60,33,193,151
1248,Varberg,Hallands län,87,565,61,41,36,50,165,224
1031,Varberg,Hallands län,75,457,53,46,29,40,126,194
1532,Varberg,Hallands län,66,544,77,105,87,75,357,209
1152,Varberg,Hallands län,42,378,47,104,81,53,295,150
1101,Varberg,Hallands län,33,343,40,80,76,54,298,174
474,Varberg,Hallands län,18,100,14,63,20,33,89,133
1339,Varberg,Hallands län,35,369,54,109,82,88,386,200
1155,Varberg,Hallands län,18,332,63,108,82,81,253,201
1386,Varberg,Hallands län,54,430,37,135,50,83,269,308
1267,Varberg,Hallands län,47,375,28,133,51,79,257,290
592,Varberg,Hallands län,45,140,19,89,15,49,94,135
1653,Kungsbacka,Hallands län,81,321,82,104,106,90,499,345
889,Kungsbacka,Hallands län,34,183,20,50,43,53,263,230
1083,Kungsbacka,Hallands län,40,277,37,69,84,55,260,256
1310,Kungsbacka,Hallands län,52,329,58,79,77,78,357,262
1228,Kungsbacka,Hallands län,72,324,43,70,58,80,245,318
900,Kungsbacka,Hallands län,45,228,28,43,56,64,192,228
1048,Kungsbacka,Hallands län,36,240,42,52,57,79,268,262
941,Kungsbacka,Hallands län,52,232,42,42,47,44,244,228
1248,Kungsbacka,Hallands län,92,390,29,43,49,74,199,351
1449,Kungsbacka,Hallands län,50,391,37,74,81,84,395,331
1160,Kungsbacka,Hallands län,29,257,61,101,67,67,337,230
1071,Kungsbacka,Hallands län,26,288,55,86,68,57,287,192
1057,Kungsbacka,Hallands län,46,301,45,62,70,47,271,209
1100,Kungsbacka,Hallands län,32,243,46,83,67,62,290,255
1206,Kungsbacka,Hallands län,43,275,66,96,70,76,272,294
1209,Kungsbacka,Hallands län,46,296,45,84,42,57,249,370
1274,Kungsbacka,Hallands län,22,271,59,84,102,85,401,239
1290,Kungsbacka,Hallands län,35,273,37,58,87,82,385,327
983,Kungsbacka,Hallands län,23,163,34,87,44,60,258,295
1301,Kungsbacka,Hallands län,31,310,66,88,61,100,329,311
1406,Kungsbacka,Hallands län,16,160,65,87,173,83,578,239
1263,Kungsbacka,Hallands län,33,219,46,83,113,97,415,251
1595,Kungsbacka,Hallands län,11,149,56,135,170,87,755,224
1407,Kungsbacka,Hallands län,33,230,59,80,106,95,478,316
1583,Kungsbacka,Hallands län,26,204,67,108,128,114,599,316
1284,Kungsbacka,Hallands län,17,172,35,82,119,88,500,258
1310,Kungsbacka,Hallands län,64,311,46,93,58,107,237,368
1270,Kungsbacka,Hallands län,55,316,44,104,87,79,314,257
1121,Kungsbacka,Hallands län,30,291,48,77,51,68,302,247
1291,Kungsbacka,Hallands län,25,264,57,96,114,87,385,248
1263,Kungsbacka,Hallands län,38,358,43,74,63,80,287,304
1308,Kungsbacka,Hallands län,52,261,55,120,33,103,208,460
1465,Kungsbacka,Hallands län,62,334,56,119,47,112,316,399
1374,Kungsbacka,Hallands län,46,388,30,83,60,104,283,367
1053,Kungsbacka,Hallands län,31,211,33,76,54,67,250,318
891,Kungsbacka,Hallands län,20,159,31,112,40,65,248,210
1690,Kungsbacka,Hallands län,27,291,53,124,139,119,636,297
1388,Kungsbacka,Hallands län,20,287,52,82,93,85,476,283
1363,Kungsbacka,Hallands län,28,287,31,84,89,71,493,262
1287,Kungsbacka,Hallands län,20,244,45,75,99,80,426,284
1085,Kungsbacka,Hallands län,13,151,31,69,90,67,441,212
1124,Kungsbacka,Hallands län,51,216,46,63,84,63,389,202
1608,Kungsbacka,Hallands län,42,343,53,101,98,106,476,372
1025,Kungsbacka,Hallands län,38,242,28,62,50,68,306,226
801,Kungsbacka,Hallands län,24,163,32,38,42,64,265,166
943,Kungsbacka,Hallands län,20,144,53,56,64,75,344,176
1005,Kungsbacka,Hallands län,23,204,48,71,76,77,296,198
11840,Göteborg,Västra Götalands län,1502,2807,1163,863,790,457,2454,1559
838,Göteborg,Västra Götalands län,76,201,52,54,27,44,148,222
777,Göteborg,Västra Götalands län,46,215,53,52,30,33,138,197
860,Göteborg,Västra Götalands län,57,234,33,45,36,41,164,238
859,Göteborg,Västra Götalands län,63,239,30,65,35,42,168,210
859,Göteborg,Västra Götalands län,86,252,43,59,23,62,136,172
851,Göteborg,Västra Götalands län,176,309,36,51,6,31,90,82
561,Göteborg,Västra Götalands län,103,190,49,14,5,25,63,61
439,Göteborg,Västra Götalands län,111,142,24,2,2,6,23,77
399,Göteborg,Västra Götalands län,90,159,36,12,1,2,32,23
568,Göteborg,Västra Götalands län,151,189,85,14,3,11,14,19
535,Göteborg,Västra Götalands län,110,203,46,17,8,25,32,40
537,Göteborg,Västra Götalands län,112,174,54,6,4,18,55,50
579,Göteborg,Västra Götalands län,114,201,22,22,9,22,53,87
614,Göteborg,Västra Götalands län,157,233,20,19,12,13,35,54
680,Göteborg,Västra Götalands län,154,273,47,20,2,12,26,28
551,Göteborg,Västra Götalands län,128,172,36,15,5,13,32,38
504,Göteborg,Västra Götalands län,115,176,40,18,3,8,29,19
631,Göteborg,Västra Götalands län,99,211,28,27,12,24,89,121
458,Göteborg,Västra Götalands län,91,184,15,16,2,10,42,65
361,Göteborg,Västra Götalands län,69,140,9,10,2,6,26,70
440,Göteborg,Västra Götalands län,90,163,27,8,0,4,34,41
675,Göteborg,Västra Götalands län,151,258,37,27,14,17,41,63
362,Göteborg,Västra Götalands län,60,161,11,9,2,6,19,58
384,Göteborg,Västra Götalands län,71,152,11,18,4,7,27,44
582,Göteborg,Västra Götalands län,125,228,17,21,8,5,39,84
415,Göteborg,Västra Götalands län,64,186,10,5,0,6,31,67
437,Göteborg,Västra Götalands län,77,201,16,14,6,6,23,32
550,Göteborg,Västra Götalands län,107,246,17,16,5,9,35,60
518,Göteborg,Västra Götalands län,89,206,30,16,10,10,43,77
483,Göteborg,Västra Götalands län,90,186,19,22,4,12,35,66
669,Göteborg,Västra Götalands län,112,233,29,33,6,24,74,112
586,Göteborg,Västra Götalands län,85,243,35,11,3,14,29,114
604,Göteborg,Västra Götalands län,112,226,42,12,5,12,29,103
734,Göteborg,Västra Götalands län,131,249,39,47,14,37,75,106
404,Göteborg,Västra Götalands län,93,176,36,9,4,8,19,19
504,Göteborg,Västra Götalands län,115,217,22,10,11,12,29,53
607,Göteborg,Västra Götalands län,118,284,44,24,5,20,29,23
458,Göteborg,Västra Götalands län,99,211,23,14,3,12,25,20
627,Göteborg,Västra Götalands län,165,187,51,15,15,19,51,98
531,Göteborg,Västra Götalands län,91,211,29,12,6,16,27,69
502,Göteborg,Västra Götalands län,86,240,34,18,3,7,33,28
593,Göteborg,Västra Götalands län,86,215,43,18,13,31,73,88
343,Göteborg,Västra Götalands län,71,145,17,18,6,13,21,28
413,Göteborg,Västra Götalands län,86,196,11,10,4,9,29,28
588,Göteborg,Västra Götalands län,121,249,10,17,5,28,45,44
963,Göteborg,Västra Götalands län,108,306,79,49,40,35,153,179
804,Göteborg,Västra Götalands län,68,245,98,56,40,31,150,108
927,Göteborg,Västra Götalands län,86,292,116,63,46,34,165,120
981,Göteborg,Västra Götalands län,97,324,122,66,42,49,137,142
777,Göteborg,Västra Götalands län,213,238,83,46,28,20,89,44
1187,Göteborg,Västra Götalands län,153,381,91,87,53,44,246,121
833,Göteborg,Västra Götalands län,139,253,77,52,42,36,134,87
757,Göteborg,Västra Götalands län,172,209,73,46,32,26,78,107
786,Göteborg,Västra Götalands län,217,214,80,44,23,14,73,96
890,Göteborg,Västra Götalands län,220,229,108,48,37,29,102,93
758,Göteborg,Västra Götalands län,187,227,59,46,34,12,87,91
619,Göteborg,Västra Götalands län,133,229,39,23,15,24,61,77
726,Göteborg,Västra Götalands län,143,250,60,28,18,29,80,108
527,Göteborg,Västra Götalands län,145,189,33,11,7,14,24,89
671,Göteborg,Västra Götalands län,201,178,74,19,11,15,52,99
647,Göteborg,Västra Götalands län,156,212,36,25,19,16,69,95
517,Göteborg,Västra Götalands län,149,184,31,13,4,11,34,72
701,Göteborg,Västra Götalands län,165,244,41,22,18,24,47,112
582,Göteborg,Västra Götalands län,163,173,40,12,12,20,42,93
640,Göteborg,Västra Götalands län,148,230,36,19,11,19,37,112
477,Göteborg,Västra Götalands län,123,189,35,11,1,6,20,64
512,Göteborg,Västra Götalands län,113,200,39,13,7,17,17,91
698,Göteborg,Västra Götalands län,143,230,49,27,18,24,66,127
612,Göteborg,Västra Götalands län,138,222,35,19,7,16,41,105
1059,Göteborg,Västra Götalands län,81,352,68,69,90,43,201,146
981,Göteborg,Västra Götalands län,183,277,90,44,29,39,90,195
856,Göteborg,Västra Götalands län,96,247,69,54,47,31,146,153
899,Göteborg,Västra Götalands län,98,245,92,48,53,32,198,116
874,Göteborg,Västra Götalands län,107,274,82,60,52,24,143,118
832,Göteborg,Västra Götalands län,70,239,105,79,77,42,120,84
1005,Göteborg,Västra Götalands län,153,304,127,66,38,32,138,136
648,Göteborg,Västra Götalands län,104,183,52,29,38,25,112,83
819,Göteborg,Västra Götalands län,126,238,100,37,34,20,102,151
884,Göteborg,Västra Götalands län,97,291,118,46,40,22,112,134
846,Göteborg,Västra Götalands län,141,227,135,85,62,30,98,51
878,Göteborg,Västra Götalands län,140,261,121,51,34,26,118,109
854,Göteborg,Västra Götalands län,136,218,111,42,41,25,139,122
809,Göteborg,Västra Götalands län,98,208,110,65,66,35,118,98
975,Göteborg,Västra Götalands län,83,273,135,87,63,35,182,110
1140,Göteborg,Västra Götalands län,82,347,225,102,90,50,159,77
1164,Göteborg,Västra Götalands län,118,307,76,80,73,52,260,185
718,Göteborg,Västra Götalands län,95,185,55,66,34,21,147,101
873,Göteborg,Västra Götalands län,100,258,52,41,44,39,153,159
1004,Göteborg,Västra Götalands län,33,135,64,89,131,63,364,118
1057,Göteborg,Västra Götalands län,67,203,86,88,103,68,289,146
970,Göteborg,Västra Götalands län,41,115,79,91,143,55,354,86
944,Göteborg,Västra Götalands län,59,227,101,74,91,45,251,86
891,Göteborg,Västra Götalands län,78,228,85,68,96,41,187,98
969,Göteborg,Västra Götalands län,66,230,112,86,80,38,246,105
771,Göteborg,Västra Götalands län,32,113,39,69,98,54,265,96
1024,Göteborg,Västra Götalands län,79,222,86,62,107,57,279,120
870,Göteborg,Västra Götalands län,49,178,74,103,105,50,214,93
1027,Göteborg,Västra Götalands län,129,269,132,77,85,47,144,120
1010,Göteborg,Västra Götalands län,92,267,100,91,84,39,218,107
889,Göteborg,Västra Götalands län,94,256,102,80,55,17,181,94
895,Göteborg,Västra Götalands län,74,243,76,69,72,38,200,112
908,Göteborg,Västra Götalands län,177,249,78,66,45,27,145,109
984,Göteborg,Västra Götalands län,128,282,84,72,51,42,187,128
815,Göteborg,Västra Götalands län,110,233,74,58,57,30,137,110
836,Göteborg,Västra Götalands län,104,227,69,45,74,43,130,131
855,Göteborg,Västra Götalands län,123,231,66,53,39,34,160,128
829,Göteborg,Västra Götalands län,114,241,53,35,57,41,156,113
902,Göteborg,Västra Götalands län,130,289,57,40,44,28,170,130
735,Göteborg,Västra Götalands län,116,269,41,22,24,30,81,135
881,Göteborg,Västra Götalands län,153,264,66,51,39,26,151,119
904,Göteborg,Västra Götalands län,131,276,119,74,43,25,130,93
920,Göteborg,Västra Götalands län,129,270,111,65,65,28,150,78
942,Göteborg,Västra Götalands län,144,246,76,82,63,33,162,124
789,Göteborg,Västra Götalands län,84,251,83,66,40,35,131,86
855,Göteborg,Västra Götalands län,99,250,91,69,64,27,152,96
851,Göteborg,Västra Götalands län,52,181,77,83,84,37,233,98
933,Göteborg,Västra Götalands län,97,215,84,74,83,31,222,118
807,Göteborg,Västra Götalands län,117,192,64,55,45,34,146,136
793,Göteborg,Västra Götalands län,51,190,36,46,96,31,203,129
772,Göteborg,Västra Götalands län,102,206,57,51,53,19,174,101
860,Göteborg,Västra Götalands län,113,218,58,56,51,33,156,159
800,Göteborg,Västra Götalands län,69,227,58,46,59,28,182,125
870,Göteborg,Västra Götalands län,134,240,78,58,47,29,144,125
854,Göteborg,Västra Götalands län,80,236,43,64,57,38,206,118
737,Göteborg,Västra Götalands län,103,181,71,43,65,22,152,77
909,Göteborg,Västra Götalands län,40,171,53,52,75,45,316,150
852,Göteborg,Västra Götalands län,71,258,36,31,60,37,164,179
940,Göteborg,Västra Götalands län,62,209,52,51,76,52,268,163
959,Göteborg,Västra Götalands län,51,152,42,57,68,58,353,172
893,Göteborg,Västra Götalands län,37,123,49,53,99,65,312,148
948,Göteborg,Västra Götalands län,69,198,67,82,95,39,253,134
893,Göteborg,Västra Götalands län,100,184,66,75,74,38,209,139
958,Göteborg,Västra Götalands län,110,229,116,76,112,33,193,74
839,Göteborg,Västra Götalands län,79,176,82,78,92,32,171,109
918,Göteborg,Västra Götalands län,102,208,62,72,80,45,222,116
890,Göteborg,Västra Götalands län,78,210,63,62,78,43,229,113
911,Göteborg,Västra Götalands län,107,236,86,50,85,50,195,94
529,Göteborg,Västra Götalands län,102,128,53,54,42,20,87,32
783,Göteborg,Västra Götalands län,96,224,48,50,50,20,171,110
770,Göteborg,Västra Götalands län,94,206,68,67,49,31,158,84
900,Göteborg,Västra Götalands län,98,228,66,83,73,41,228,73
1164,Göteborg,Västra Götalands län,76,237,48,104,89,37,388,174
632,Göteborg,Västra Götalands län,68,138,62,54,64,33,135,71
860,Göteborg,Västra Götalands län,141,264,71,40,52,35,131,114
760,Göteborg,Västra Götalands län,87,167,79,87,96,24,147,53
980,Göteborg,Västra Götalands län,115,223,116,76,80,41,205,110
902,Göteborg,Västra Götalands län,101,274,134,64,73,36,134,71
704,Göteborg,Västra Götalands län,151,196,91,41,39,14,75,83
856,Göteborg,Västra Götalands län,168,262,101,34,42,18,93,117
858,Göteborg,Västra Götalands län,135,244,112,35,48,31,110,118
891,Göteborg,Västra Götalands län,133,275,136,85,52,32,69,90
904,Göteborg,Västra Götalands län,182,287,96,36,48,36,93,106
1009,Göteborg,Västra Götalands län,112,232,162,84,111,27,190,80
1037,Göteborg,Västra Götalands län,118,265,144,117,107,30,179,65
766,Göteborg,Västra Götalands län,138,226,82,40,48,24,104,93
807,Göteborg,Västra Götalands län,96,166,71,92,99,37,154,76
862,Göteborg,Västra Götalands län,52,171,48,71,102,43,277,88
850,Göteborg,Västra Götalands län,56,161,61,57,88,58,245,115
902,Göteborg,Västra Götalands län,68,187,81,82,78,47,234,111
771,Göteborg,Västra Götalands län,119,245,60,25,50,27,126,100
885,Göteborg,Västra Götalands län,138,275,76,43,48,34,131,129
909,Göteborg,Västra Götalands län,81,216,85,76,94,35,228,88
969,Göteborg,Västra Götalands län,88,185,103,72,70,52,271,118
922,Göteborg,Västra Götalands län,45,156,54,59,99,55,305,140
877,Göteborg,Västra Götalands län,48,132,59,49,77,52,294,157
813,Göteborg,Västra Götalands län,61,155,60,72,78,53,204,113
830,Göteborg,Västra Götalands län,126,185,107,58,66,25,170,82
1034,Göteborg,Västra Götalands län,157,248,85,76,83,21,204,144
891,Göteborg,Västra Götalands län,253,225,143,43,40,16,67,86
1039,Göteborg,Västra Götalands län,198,268,228,95,52,21,101,56
983,Göteborg,Västra Götalands län,186,279,165,44,55,34,126,82
888,Göteborg,Västra Götalands län,162,228,158,78,48,22,111,73
954,Göteborg,Västra Götalands län,206,254,160,47,52,24,117,84
959,Göteborg,Västra Götalands län,160,280,123,73,56,26,131,100
900,Göteborg,Västra Götalands län,143,262,103,44,62,20,137,113
871,Göteborg,Västra Götalands län,93,228,81,86,88,35,165,89
833,Göteborg,Västra Götalands län,52,219,65,57,89,37,216,91
1107,Göteborg,Västra Götalands län,109,258,131,89,115,35,262,99
842,Göteborg,Västra Götalands län,70,209,99,58,86,38,194,81
905,Göteborg,Västra Götalands län,107,242,98,61,75,30,219,67
831,Göteborg,Västra Götalands län,98,173,86,56,85,36,184,105
852,Göteborg,Västra Götalands län,106,200,103,65,70,39,174,84
772,Göteborg,Västra Götalands län,97,186,71,49,62,33,170,98
852,Göteborg,Västra Götalands län,158,279,95,29,52,23,105,97
993,Göteborg,Västra Götalands län,198,271,152,43,47,29,124,107
774,Göteborg,Västra Götalands län,143,227,87,45,43,23,103,95
896,Göteborg,Västra Götalands län,84,201,81,65,91,42,236,85
863,Göteborg,Västra Götalands län,70,222,109,80,73,33,187,83
854,Göteborg,Västra Götalands län,134,231,87,49,61,27,162,90
721,Göteborg,Västra Götalands län,95,225,47,41,42,21,134,103
856,Göteborg,Västra Götalands län,59,194,137,65,94,56,187,54
797,Göteborg,Västra Götalands län,179,217,114,43,42,25,60,102
981,Göteborg,Västra Götalands län,156,228,215,76,71,35,131,60
905,Göteborg,Västra Götalands län,266,221,138,35,40,21,63,104
885,Göteborg,Västra Götalands län,254,219,184,34,26,12,58,91
833,Göteborg,Västra Götalands län,287,199,151,16,30,12,57,72
884,Göteborg,Västra Götalands län,248,224,167,44,32,13,73,68
999,Göteborg,Västra Götalands län,298,259,159,33,39,26,66,98
1162,Göteborg,Västra Götalands län,318,315,135,55,45,29,135,112
849,Göteborg,Västra Götalands län,205,207,111,43,48,32,84,108
787,Göteborg,Västra Götalands län,248,205,106,32,22,8,64,92
901,Göteborg,Västra Götalands län,259,251,81,35,37,10,88,122
811,Göteborg,Västra Götalands län,177,217,96,30,45,30,103,99
1056,Göteborg,Västra Götalands län,271,278,159,45,49,26,111,105
931,Göteborg,Västra Götalands län,204,241,150,42,59,27,104,94
1023,Göteborg,Västra Götalands län,245,272,153,57,63,22,110,82
856,Göteborg,Västra Götalands län,212,215,149,31,41,24,83,92
971,Göteborg,Västra Götalands län,287,247,176,30,25,23,71,97
983,Göteborg,Västra Götalands län,332,255,170,28,23,17,68,82
926,Göteborg,Västra Götalands län,247,242,183,41,31,13,79,76
918,Göteborg,Västra Götalands län,284,228,140,33,29,17,73,99
981,Göteborg,Västra Götalands län,295,268,177,44,24,18,66,70
913,Göteborg,Västra Götalands län,230,258,89,44,38,27,83,125
956,Göteborg,Västra Götalands län,291,249,146,39,27,24,64,102
818,Göteborg,Västra Götalands län,237,200,83,35,21,21,89,121
830,Göteborg,Västra Götalands län,182,251,89,29,45,22,82,118
801,Göteborg,Västra Götalands län,224,227,113,16,26,22,48,106
1045,Göteborg,Västra Götalands län,194,287,144,70,70,30,142,101
670,Göteborg,Västra Götalands län,151,220,74,21,22,18,34,112
924,Göteborg,Västra Götalands län,223,288,72,34,32,20,90,143
697,Göteborg,Västra Götalands län,126,246,61,34,27,17,67,101
899,Göteborg,Västra Götalands län,147,265,69,39,41,51,129,139
727,Göteborg,Västra Götalands län,110,211,74,49,46,20,123,86
982,Göteborg,Västra Götalands län,158,267,74,55,49,49,158,152
929,Göteborg,Västra Götalands län,134,280,75,37,43,29,138,179
751,Göteborg,Västra Götalands län,161,238,66,20,33,23,75,116
1003,Göteborg,Västra Götalands län,135,324,114,34,54,35,141,146
874,Göteborg,Västra Götalands län,114,272,72,50,41,27,128,159
770,Göteborg,Västra Götalands län,78,265,52,32,38,30,102,159
801,Göteborg,Västra Götalands län,90,278,56,45,27,36,116,140
739,Göteborg,Västra Götalands län,100,261,28,24,21,35,85,150
776,Göteborg,Västra Götalands län,92,257,39,45,32,41,126,123
458,Göteborg,Västra Götalands län,102,156,11,19,17,17,54,55
700,Göteborg,Västra Götalands län,100,259,36,17,25,32,76,131
572,Göteborg,Västra Götalands län,114,237,25,14,7,10,45,106
752,Göteborg,Västra Götalands län,132,240,28,18,21,21,82,188
710,Göteborg,Västra Götalands län,121,260,30,25,33,30,46,151
780,Göteborg,Västra Götalands län,109,260,59,37,27,32,89,158
857,Göteborg,Västra Götalands län,101,274,47,24,33,33,110,213
998,Göteborg,Västra Götalands län,91,323,91,63,62,52,159,146
843,Göteborg,Västra Götalands län,97,246,39,22,39,31,133,226
957,Göteborg,Västra Götalands län,77,214,44,67,65,58,280,143
775,Göteborg,Västra Götalands län,75,225,25,24,20,31,127,225
714,Göteborg,Västra Götalands län,61,192,28,34,31,33,127,194
983,Göteborg,Västra Götalands län,43,217,49,54,84,72,292,155
990,Göteborg,Västra Götalands län,33,205,54,74,99,58,328,136
1033,Göteborg,Västra Götalands län,19,171,48,101,123,61,378,126
950,Göteborg,Västra Götalands län,22,99,32,85,84,68,389,168
892,Göteborg,Västra Götalands län,23,139,23,77,76,60,342,149
969,Göteborg,Västra Götalands län,23,161,36,92,90,90,324,149
919,Göteborg,Västra Götalands län,14,154,54,84,94,87,308,121
1075,Göteborg,Västra Götalands län,15,137,58,104,123,83,405,148
1015,Göteborg,Västra Götalands län,25,201,50,93,90,101,292,155
1062,Göteborg,Västra Götalands län,39,227,62,78,96,71,312,161
754,Göteborg,Västra Götalands län,28,135,36,48,66,42,265,132
671,Göteborg,Västra Götalands län,56,127,30,37,45,48,198,115
880,Göteborg,Västra Götalands län,24,137,26,55,91,61,357,125
989,Göteborg,Västra Götalands län,20,107,32,82,117,65,428,131
978,Göteborg,Västra Götalands län,12,71,16,63,81,97,484,148
1018,Göteborg,Västra Götalands län,62,166,57,95,101,60,331,139
1078,Göteborg,Västra Götalands län,27,206,60,96,112,72,348,153
901,Göteborg,Västra Götalands län,8,76,34,69,121,55,404,131
865,Göteborg,Västra Götalands län,34,134,41,74,102,55,327,96
902,Göteborg,Västra Götalands län,28,159,64,100,118,52,267,104
837,Göteborg,Västra Götalands län,41,178,64,81,82,55,231,103
1104,Göteborg,Västra Götalands län,86,280,121,86,77,56,196,192
963,Göteborg,Västra Götalands län,88,218,126,82,74,39,230,95
1104,Göteborg,Västra Götalands län,85,266,152,98,117,54,243,81
894,Göteborg,Västra Götalands län,35,182,72,70,111,33,289,100
973,Göteborg,Västra Götalands län,60,249,81,78,89,49,258,102
980,Göteborg,Västra Götalands län,47,222,75,99,84,57,270,114
948,Göteborg,Västra Götalands län,37,236,52,79,70,84,256,131
944,Göteborg,Västra Götalands län,35,199,42,80,118,58,314,95
929,Göteborg,Västra Götalands län,15,191,42,70,71,151,238,143
909,Göteborg,Västra Götalands län,18,154,26,63,71,130,275,158
1111,Göteborg,Västra Götalands län,26,268,47,83,94,107,337,141
643,Göteborg,Västra Götalands län,51,141,17,28,40,88,123,142
902,Göteborg,Västra Götalands län,62,254,25,59,50,94,160,186
912,Göteborg,Västra Götalands län,74,264,30,28,38,57,162,247
922,Göteborg,Västra Götalands län,123,286,29,42,31,45,100,239
633,Göteborg,Västra Götalands län,73,216,21,16,17,51,94,127
662,Göteborg,Västra Götalands län,127,243,11,26,24,40,73,86
626,Göteborg,Västra Götalands län,120,227,32,13,13,28,55,112
602,Göteborg,Västra Götalands län,111,239,17,11,12,17,64,95
985,Göteborg,Västra Götalands län,59,256,65,57,77,102,206,147
610,Göteborg,Västra Götalands län,94,206,36,9,11,28,54,146
525,Göteborg,Västra Götalands län,102,176,25,13,21,22,53,93
493,Göteborg,Västra Götalands län,73,181,27,15,6,14,48,104
866,Göteborg,Västra Götalands län,50,202,31,53,48,149,187,130
1013,Göteborg,Västra Götalands län,69,268,60,83,73,81,250,125
905,Göteborg,Västra Götalands län,25,177,41,72,85,124,246,131
989,Göteborg,Västra Götalands län,24,174,31,82,114,73,349,137
959,Göteborg,Västra Götalands län,26,207,42,62,112,63,295,149
1087,Göteborg,Västra Götalands län,22,174,42,70,111,80,419,164
984,Göteborg,Västra Götalands län,12,139,37,54,106,75,376,179
1347,Göteborg,Västra Götalands län,67,235,72,80,95,354,234,188
1019,Göteborg,Västra Götalands län,101,246,120,49,73,106,169,143
914,Göteborg,Västra Götalands län,126,231,163,52,48,35,146,100
574,Göteborg,Västra Götalands län,93,258,12,16,6,12,49,80
733,Göteborg,Västra Götalands län,142,281,35,28,17,11,80,115
600,Göteborg,Västra Götalands län,116,235,18,13,6,13,56,92
572,Göteborg,Västra Götalands län,85,231,22,8,10,12,67,107
527,Göteborg,Västra Götalands län,93,168,39,17,11,10,65,98
935,Göteborg,Västra Götalands län,97,303,107,68,52,26,138,122
900,Göteborg,Västra Götalands län,130,307,49,34,28,24,123,177
470,Göteborg,Västra Götalands län,124,157,11,14,5,12,40,66
488,Göteborg,Västra Götalands län,111,179,10,11,5,10,49,81
454,Göteborg,Västra Götalands län,94,188,16,10,10,13,36,67
470,Göteborg,Västra Götalands län,111,159,17,10,5,20,36,61
579,Göteborg,Västra Götalands län,182,161,34,11,10,19,40,90
484,Göteborg,Västra Götalands län,90,166,25,12,12,3,56,54
344,Göteborg,Västra Götalands län,72,141,15,5,2,4,10,20
433,Göteborg,Västra Götalands län,85,197,21,14,5,7,13,19
515,Göteborg,Västra Götalands län,94,234,16,11,4,9,27,44
493,Göteborg,Västra Götalands län,83,210,30,4,10,9,35,56
692,Göteborg,Västra Götalands län,123,246,25,18,8,18,63,146
611,Göteborg,Västra Götalands län,101,206,11,15,19,22,67,132
814,Göteborg,Västra Götalands län,28,226,23,27,42,58,183,212
945,Göteborg,Västra Götalands län,14,188,33,68,67,53,349,168
1002,Göteborg,Västra Götalands län,14,182,46,85,85,80,349,154
1112,Göteborg,Västra Götalands län,23,218,39,92,110,48,392,184
1028,Göteborg,Västra Götalands län,14,206,36,87,73,75,345,189
958,Göteborg,Västra Götalands län,31,230,41,81,65,44,289,172
808,Göteborg,Västra Götalands län,27,212,25,49,58,56,194,183
823,Göteborg,Västra Götalands län,19,192,33,51,60,63,235,166
1020,Göteborg,Västra Götalands län,39,245,32,65,63,55,286,222
840,Göteborg,Västra Götalands län,31,266,22,49,29,36,212,186
1062,Göteborg,Västra Götalands län,38,330,30,58,34,79,209,268
995,Göteborg,Västra Götalands län,34,275,27,55,62,49,260,225
1030,Göteborg,Västra Götalands län,21,265,36,76,54,58,295,214
1144,Göteborg,Västra Götalands län,32,240,32,72,66,63,410,222
882,Göteborg,Västra Götalands län,15,190,34,70,59,59,270,181
1081,Göteborg,Västra Götalands län,34,226,32,54,70,62,316,280
973,Göteborg,Västra Götalands län,23,191,49,58,51,80,246,266
1070,Göteborg,Västra Götalands län,38,276,43,67,59,60,238,281
973,Göteborg,Västra Götalands län,71,308,78,54,69,33,189,154
972,Göteborg,Västra Götalands län,77,258,108,60,56,54,208,135
883,Göteborg,Västra Götalands län,137,255,65,35,39,32,140,154
823,Göteborg,Västra Götalands län,142,259,40,24,28,28,95,174
919,Göteborg,Västra Götalands län,104,287,67,54,45,32,177,132
943,Göteborg,Västra Götalands län,85,282,100,67,49,37,170,138
778,Göteborg,Västra Götalands län,119,243,74,39,23,30,98,117
734,Göteborg,Västra Götalands län,142,204,68,29,39,14,86,132
855,Göteborg,Västra Götalands län,207,244,75,31,19,23,81,162
670,Göteborg,Västra Götalands län,100,243,50,25,31,24,81,101
564,Göteborg,Västra Götalands län,109,185,33,26,11,14,68,58
732,Göteborg,Västra Götalands län,121,234,69,50,36,14,97,99
593,Göteborg,Västra Götalands län,125,171,55,28,30,13,85,73
685,Göteborg,Västra Götalands län,129,202,38,34,32,17,140,74
630,Göteborg,Västra Götalands län,81,202,33,53,34,17,145,57
918,Göteborg,Västra Götalands län,125,282,66,55,37,23,184,118
690,Göteborg,Västra Götalands län,76,157,56,49,66,29,163,82
803,Göteborg,Västra Götalands län,137,205,48,56,40,25,150,131
760,Göteborg,Västra Götalands län,219,190,76,32,29,9,86,97
814,Göteborg,Västra Götalands län,267,199,71,23,26,14,65,137
759,Göteborg,Västra Götalands län,162,218,58,45,28,25,75,139
788,Göteborg,Västra Götalands län,155,232,66,29,27,28,102,129
880,Göteborg,Västra Götalands län,122,315,61,31,37,31,90,180
614,Göteborg,Västra Götalands län,138,175,48,28,41,15,78,62
545,Göteborg,Västra Götalands län,136,145,33,21,24,18,65,80
755,Göteborg,Västra Götalands län,128,233,47,18,25,14,70,201
729,Göteborg,Västra Götalands län,94,223,46,37,28,28,109,154
665,Göteborg,Västra Götalands län,147,197,55,19,14,28,72,110
761,Göteborg,Västra Götalands län,104,220,73,39,28,24,117,147
898,Göteborg,Västra Götalands län,91,240,100,60,41,46,124,183
803,Göteborg,Västra Götalands län,78,274,51,43,37,27,127,157
1032,Göteborg,Västra Götalands län,43,298,40,67,81,45,313,137
965,Göteborg,Västra Götalands län,39,229,37,70,66,59,280,177
1044,Göteborg,Västra Götalands län,82,284,61,57,76,47,220,198
852,Göteborg,Västra Götalands län,44,239,36,58,60,44,216,144
855,Göteborg,Västra Götalands län,27,227,28,59,86,42,218,157
886,Göteborg,Västra Götalands län,45,278,36,66,59,50,214,125
959,Göteborg,Västra Götalands län,73,281,56,58,69,36,221,151
866,Göteborg,Västra Götalands län,47,220,43,65,74,55,239,117
845,Göteborg,Västra Götalands län,119,254,102,44,54,37,121,102
774,Göteborg,Västra Götalands län,110,184,82,74,56,29,170,57
891,Göteborg,Västra Götalands län,39,203,36,57,37,47,203,262
1304,Göteborg,Västra Götalands län,73,375,46,66,69,66,338,262
1237,Göteborg,Västra Götalands län,76,355,63,65,36,45,317,273
924,Göteborg,Västra Götalands län,66,359,26,21,39,46,133,218
885,Göteborg,Västra Götalands län,62,341,27,26,30,39,148,207
1005,Göteborg,Västra Götalands län,76,313,18,26,39,52,189,277
974,Göteborg,Västra Götalands län,55,307,28,27,38,55,164,288
758,Göteborg,Västra Götalands län,78,262,33,31,38,39,102,161
1078,Göteborg,Västra Götalands län,72,412,42,45,33,35,205,219
626,Göteborg,Västra Götalands län,67,247,9,19,14,18,74,158
583,Göteborg,Västra Götalands län,64,222,6,20,7,30,72,150
563,Göteborg,Västra Götalands län,73,230,10,15,6,16,58,121
814,Göteborg,Västra Götalands län,103,288,28,31,30,35,101,177
883,Göteborg,Västra Götalands län,46,290,52,54,32,37,210,143
951,Göteborg,Västra Götalands län,62,305,53,70,53,41,222,140
686,Göteborg,Västra Götalands län,115,244,31,24,4,16,64,144
499,Göteborg,Västra Götalands län,122,179,25,14,8,12,43,50
615,Göteborg,Västra Götalands län,90,231,17,17,16,22,73,117
767,Göteborg,Västra Götalands län,125,293,18,26,25,37,82,141
565,Göteborg,Västra Götalands län,88,219,25,20,15,19,65,94
860,Göteborg,Västra Götalands län,82,300,23,46,38,31,169,151
664,Göteborg,Västra Götalands län,112,217,20,20,17,23,95,132
864,Göteborg,Västra Götalands län,153,338,38,29,11,12,72,145
507,Göteborg,Västra Götalands län,72,173,30,14,14,18,57,105
738,Göteborg,Västra Götalands län,80,228,45,46,33,33,125,134
812,Göteborg,Västra Götalands län,80,223,57,69,43,52,157,120
960,Göteborg,Västra Götalands län,58,266,63,68,59,43,200,182
854,Göteborg,Västra Götalands län,64,281,47,43,42,26,173,174
898,Göteborg,Västra Götalands län,79,325,34,32,29,38,144,201
879,Göteborg,Västra Götalands län,67,322,31,58,34,33,157,168
600,Göteborg,Västra Götalands län,59,167,44,26,28,33,106,127
768,Göteborg,Västra Götalands län,138,266,32,21,16,22,63,167
1000,Göteborg,Västra Götalands län,65,315,64,63,62,36,223,162
1087,Göteborg,Västra Götalands län,51,293,36,66,65,61,208,299
364,Härryda,Västra Götalands län,19,81,26,23,25,24,88,73
1132,Härryda,Västra Götalands län,66,270,33,57,42,54,180,416
1385,Härryda,Västra Götalands län,62,340,62,97,47,68,327,361
1372,Härryda,Västra Götalands län,79,421,54,79,71,54,263,341
1267,Härryda,Västra Götalands län,45,344,59,87,88,71,324,238
1388,Härryda,Västra Götalands län,31,400,72,117,94,79,388,204
1461,Härryda,Västra Götalands län,44,329,57,103,54,89,372,395
1303,Härryda,Västra Götalands län,53,367,99,109,118,56,313,179
1078,Härryda,Västra Götalands län,128,384,53,52,40,33,133,233
1132,Härryda,Västra Götalands län,59,344,80,83,72,65,223,194
1370,Härryda,Västra Götalands län,52,362,108,140,171,55,344,132
1459,Härryda,Västra Götalands län,63,411,96,116,106,64,374,218
1138,Härryda,Västra Götalands län,27,348,62,103,86,50,280,169
1238,Härryda,Västra Götalands län,68,404,69,69,72,54,234,256
993,Härryda,Västra Götalands län,15,241,54,91,81,53,325,123
1290,Härryda,Västra Götalands län,66,316,121,101,96,64,325,189
1097,Härryda,Västra Götalands län,32,259,52,79,78,48,301,243
1047,Härryda,Västra Götalands län,63,225,79,64,65,56,213,261
1231,Härryda,Västra Götalands län,78,341,54,70,52,76,202,343
1072,Härryda,Västra Götalands län,69,294,58,60,35,58,200,276
1130,Härryda,Västra Götalands län,64,295,53,60,65,73,203,302
851,Partille,Västra Götalands län,92,221,66,60,34,25,202,127
1409,Partille,Västra Götalands län,58,383,160,77,127,60,340,190
1129,Partille,Västra Götalands län,83,363,57,44,61,72,180,252
1322,Partille,Västra Götalands län,50,379,106,106,82,95,295,199
1184,Partille,Västra Götalands län,104,388,49,50,81,53,192,246
1363,Partille,Västra Götalands län,60,315,97,117,149,91,351,174
1334,Partille,Västra Götalands län,55,305,85,116,103,79,394,193
950,Partille,Västra Götalands län,60,232,56,82,78,46,210,177
823,Partille,Västra Götalands län,62,295,32,42,33,31,118,192
826,Partille,Västra Götalands län,69,276,53,38,28,36,160,158
748,Partille,Västra Götalands län,106,256,25,38,19,28,92,160
647,Partille,Västra Götalands län,70,220,23,34,23,34,104,127
1094,Partille,Västra Götalands län,79,286,82,96,77,58,216,188
1053,Partille,Västra Götalands län,64,288,92,84,55,75,243,140
1029,Partille,Västra Götalands län,120,299,125,68,47,57,146,159
970,Partille,Västra Götalands län,80,307,36,50,40,48,209,189
942,Partille,Västra Götalands län,52,290,41,81,44,47,187,184
1140,Partille,Västra Götalands län,53,332,53,60,55,76,274,230
943,Partille,Västra Götalands län,63,333,38,41,36,31,175,216
942,Partille,Västra Götalands län,88,313,30,38,33,38,150,239
1055,Partille,Västra Götalands län,22,219,66,130,82,58,338,134
966,Partille,Västra Götalands län,22,218,48,98,59,76,304,138
1125,Partille,Västra Götalands län,39,308,62,60,50,62,299,236
396,Öckerö,Västra Götalands län,23,88,23,23,21,63,86,65
1279,Öckerö,Västra Götalands län,72,387,89,74,77,63,314,200
877,Öckerö,Västra Götalands län,43,236,43,39,41,89,208,172
1339,Öckerö,Västra Götalands län,49,323,49,78,65,179,262,319
1134,Öckerö,Västra Götalands län,49,339,38,29,49,133,186,299
1215,Öckerö,Västra Götalands län,50,243,45,51,41,254,237,277
1177,Öckerö,Västra Götalands län,41,272,46,66,55,190,209,278
1729,Öckerö,Västra Götalands län,54,383,74,82,64,323,308,413
576,Stenungsund,Västra Götalands län,35,139,28,39,30,31,125,129
871,Stenungsund,Västra Götalands län,36,181,41,57,36,46,161,303
1289,Stenungsund,Västra Götalands län,60,388,31,59,67,75,274,322
1092,Stenungsund,Västra Götalands län,53,356,26,55,60,59,233,227
1014,Stenungsund,Västra Götalands län,44,339,26,45,31,47,197,268
834,Stenungsund,Västra Götalands län,83,289,18,35,21,32,87,247
1082,Stenungsund,Västra Götalands län,40,371,41,59,55,48,241,218
879,Stenungsund,Västra Götalands län,27,295,29,40,41,60,237,143
1117,Stenungsund,Västra Götalands län,25,306,34,82,53,76,302,231
1019,Stenungsund,Västra Götalands län,19,239,34,61,71,62,351,176
965,Stenungsund,Västra Götalands län,38,286,39,48,64,50,248,175
979,Stenungsund,Västra Götalands län,44,253,52,71,49,70,211,221
1069,Stenungsund,Västra Götalands län,51,266,52,67,45,63,191,317
1351,Stenungsund,Västra Götalands län,67,290,69,63,48,78,225,470
1336,Stenungsund,Västra Götalands län,52,334,64,90,96,90,373,228
968,Stenungsund,Västra Götalands län,24,259,44,65,52,60,250,210
1068,Stenungsund,Västra Götalands län,37,309,71,80,46,94,189,223
645,Stenungsund,Västra Götalands län,33,142,29,30,17,47,114,220
274,Tjörn,Västra Götalands län,9,55,24,20,19,16,71,57
975,Tjörn,Västra Götalands län,27,250,28,67,66,61,236,227
1169,Tjörn,Västra Götalands län,54,315,67,74,60,89,209,291
1344,Tjörn,Västra Götalands län,62,406,55,68,79,100,287,277
1410,Tjörn,Västra Götalands län,50,295,25,65,102,181,322,362
1114,Tjörn,Västra Götalands län,38,268,45,50,108,94,283,217
931,Tjörn,Västra Götalands län,19,198,47,54,64,162,175,202
790,Tjörn,Västra Götalands län,33,226,28,46,34,55,142,222
980,Tjörn,Västra Götalands län,28,243,62,57,57,68,167,289
1310,Tjörn,Västra Götalands län,31,283,22,73,74,236,213,366
1031,Tjörn,Västra Götalands län,65,333,55,52,57,63,150,244
509,Ale,Västra Götalands län,38,123,29,29,20,32,102,124
1226,Ale,Västra Götalands län,63,410,39,55,57,68,266,252
1055,Ale,Västra Götalands län,62,302,35,79,41,58,227,231
922,Ale,Västra Götalands län,81,297,26,44,30,36,164,220
896,Ale,Västra Götalands län,84,273,34,46,26,42,146,230
1062,Ale,Västra Götalands län,83,362,44,40,36,69,178,231
812,Ale,Västra Götalands län,70,242,35,37,19,52,119,224
1084,Ale,Västra Götalands län,149,389,24,33,14,39,133,243
946,Ale,Västra Götalands län,44,215,27,71,18,59,148,346
1276,Ale,Västra Götalands län,66,361,39,56,30,83,222,405
1079,Ale,Västra Götalands län,51,266,30,65,30,76,209,332
1196,Ale,Västra Götalands län,57,231,32,114,30,80,207,432
928,Ale,Västra Götalands län,39,277,39,54,48,61,176,220
1090,Ale,Västra Götalands län,59,328,38,64,59,65,225,239
849,Ale,Västra Götalands län,35,288,28,39,26,47,163,216
1080,Ale,Västra Götalands län,90,315,38,41,26,51,187,319
1078,Ale,Västra Götalands län,66,385,39,32,34,52,209,247
1346,Ale,Västra Götalands län,98,446,61,77,52,75,213,313
1083,Ale,Västra Götalands län,66,324,57,53,52,55,274,191
951,Lerum,Västra Götalands län,70,227,64,61,61,36,228,191
1022,Lerum,Västra Götalands län,67,280,62,79,61,38,208,214
1072,Lerum,Västra Götalands län,50,329,61,71,57,51,228,211
1269,Lerum,Västra Götalands län,73,312,91,81,105,72,309,219
1425,Lerum,Västra Götalands län,25,331,80,139,129,84,480,145
1328,Lerum,Västra Götalands län,46,311,83,96,91,68,376,245
896,Lerum,Västra Götalands län,54,253,42,50,55,48,177,207
1113,Lerum,Västra Götalands län,38,234,92,96,124,72,299,152
1346,Lerum,Västra Götalands län,38,280,102,123,143,86,406,162
1251,Lerum,Västra Götalands län,64,419,82,76,109,63,254,179
1330,Lerum,Västra Götalands län,54,350,74,84,81,90,345,241
1306,Lerum,Västra Götalands län,91,394,80,69,58,69,234,297
1061,Lerum,Västra Götalands län,48,355,93,70,66,58,218,140
1100,Lerum,Västra Götalands län,75,308,67,70,73,70,225,208
1140,Lerum,Västra Götalands län,68,325,96,71,41,60,226,236
1176,Lerum,Västra Götalands län,67,359,65,80,102,80,227,186
778,Lerum,Västra Götalands län,46,185,42,40,38,61,183,177
874,Lerum,Västra Götalands län,41,199,50,57,54,57,202,209
939,Lerum,Västra Götalands län,111,265,124,37,49,53,108,187
1090,Lerum,Västra Götalands län,47,283,54,55,45,76,223,299
831,Lerum,Västra Götalands län,55,218,36,49,26,53,137,247
1274,Lerum,Västra Götalands län,68,322,77,85,62,103,247,295
1378,Lerum,Västra Götalands län,84,419,30,71,44,100,213,393
997,Lerum,Västra Götalands län,50,287,54,46,54,80,188,222
934,Lerum,Västra Götalands län,68,250,55,63,23,55,164,244
167,Lilla Edet,Västra Götalands län,11,36,8,7,7,14,31,49
1003,Lilla Edet,Västra Götalands län,71,256,21,44,26,60,130,383
983,Lilla Edet,Västra Götalands län,60,297,10,28,22,54,110,384
1082,Lilla Edet,Västra Götalands län,75,405,12,37,24,42,116,342
1156,Lilla Edet,Västra Götalands län,77,350,26,54,38,69,157,364
1106,Lilla Edet,Västra Götalands län,52,285,21,64,26,58,157,416
1066,Lilla Edet,Västra Götalands län,55,227,39,73,29,60,153,416
1205,Lilla Edet,Västra Götalands län,47,335,48,85,27,68,161,416
916,Lilla Edet,Västra Götalands län,51,311,11,31,20,48,136,294
1183,Mölndal,Västra Götalands län,117,296,93,84,61,47,265,184
826,Mölndal,Västra Götalands län,87,242,60,51,43,41,149,150
827,Mölndal,Västra Götalands län,72,249,57,52,52,34,168,133
869,Mölndal,Västra Götalands län,95,289,54,43,36,34,144,159
760,Mölndal,Västra Götalands län,65,199,59,46,58,35,153,132
1044,Mölndal,Västra Götalands län,118,348,72,51,40,38,166,180
1210,Mölndal,Västra Götalands län,61,326,34,67,41,65,324,268
836,Mölndal,Västra Götalands län,63,264,37,54,58,41,149,158
693,Mölndal,Västra Götalands län,60,257,31,25,23,21,105,146
828,Mölndal,Västra Götalands län,82,265,31,47,35,33,149,174
769,Mölndal,Västra Götalands län,39,199,80,83,80,37,182,60
817,Mölndal,Västra Götalands län,53,224,43,67,62,38,147,167
922,Mölndal,Västra Götalands län,44,203,89,92,110,48,230,95
930,Mölndal,Västra Götalands län,83,286,60,61,39,43,189,156
863,Mölndal,Västra Götalands län,70,198,101,74,98,35,179,100
1053,Mölndal,Västra Götalands län,84,253,111,94,82,43,258,110
1025,Mölndal,Västra Götalands län,50,264,77,74,94,40,239,185
726,Mölndal,Västra Götalands län,69,234,24,34,27,50,134,137
1113,Mölndal,Västra Götalands län,127,351,56,54,54,57,200,191
943,Mölndal,Västra Götalands län,81,300,73,56,51,37,157,170
1012,Mölndal,Västra Götalands län,45,271,75,132,94,56,247,86
939,Mölndal,Västra Götalands län,66,247,48,85,69,41,201,167
706,Mölndal,Västra Götalands län,40,189,30,44,44,37,187,126
812,Mölndal,Västra Götalands län,47,202,31,62,51,40,236,135
754,Mölndal,Västra Götalands län,87,175,56,55,61,30,173,104
845,Mölndal,Västra Götalands län,58,208,42,65,68,51,204,139
970,Mölndal,Västra Götalands län,86,291,34,48,41,51,166,229
1160,Mölndal,Västra Götalands län,85,397,70,68,48,52,239,189
1161,Mölndal,Västra Götalands län,60,300,61,126,71,58,288,192
856,Mölndal,Västra Götalands län,51,222,35,63,59,49,169,195
966,Mölndal,Västra Götalands län,30,211,43,87,62,64,232,220
961,Mölndal,Västra Götalands län,76,320,45,44,59,45,160,199
983,Mölndal,Västra Götalands län,41,325,37,72,64,45,229,159
1105,Mölndal,Västra Götalands län,54,305,57,60,42,66,222,289
1214,Mölndal,Västra Götalands län,58,259,44,73,38,67,213,448
1097,Mölndal,Västra Götalands län,55,311,44,75,58,53,218,275
925,Mölndal,Västra Götalands län,43,252,52,58,67,64,199,180
916,Mölndal,Västra Götalands län,37,270,30,62,44,54,211,196
829,Mölndal,Västra Götalands län,37,262,35,60,37,69,155,162
1032,Mölndal,Västra Götalands län,36,249,87,104,126,53,285,88
734,Mölndal,Västra Götalands län,60,202,48,70,58,34,140,113
942,Mölndal,Västra Götalands län,67,303,102,71,48,41,159,136
999,Mölndal,Västra Götalands län,59,290,70,86,65,41,239,142
931,Mölndal,Västra Götalands län,81,292,44,48,71,38,193,154
1151,Mölndal,Västra Götalands län,40,322,106,113,107,47,286,120
891,Mölndal,Västra Götalands län,78,268,85,46,48,34,165,161
1159,Mölndal,Västra Götalands län,90,306,75,82,81,56,296,161
887,Kungälv,Västra Götalands län,62,201,53,50,47,60,198,200
1093,Kungälv,Västra Götalands län,92,443,30,45,30,46,169,216
844,Kungälv,Västra Götalands län,90,301,31,32,32,32,100,200
679,Kungälv,Västra Götalands län,55,253,21,24,24,30,85,166
1111,Kungälv,Västra Götalands län,53,339,49,82,73,75,248,171
1019,Kungälv,Västra Götalands län,48,358,33,55,58,49,228,182
1014,Kungälv,Västra Götalands län,64,243,71,79,62,60,203,218
842,Kungälv,Västra Götalands län,52,332,38,19,42,47,134,164
1192,Kungälv,Västra Götalands län,75,416,62,75,56,73,220,204
1765,Kungälv,Västra Götalands län,96,535,59,79,95,106,394,375
1206,Kungälv,Västra Götalands län,62,400,47,54,64,68,246,256
1254,Kungälv,Västra Götalands län,58,360,46,63,52,72,254,326
1058,Kungälv,Västra Götalands län,29,231,36,50,90,87,301,222
730,Kungälv,Västra Götalands län,40,180,35,53,32,50,113,222
1265,Kungälv,Västra Götalands län,57,336,35,87,63,74,238,355
1322,Kungälv,Västra Götalands län,55,332,68,119,70,107,259,296
1461,Kungälv,Västra Götalands län,44,339,72,103,109,99,382,299
1879,Kungälv,Västra Götalands län,68,446,97,142,95,155,463,380
1284,Kungälv,Västra Götalands län,86,393,50,76,63,78,228,282
859,Kungälv,Västra Götalands län,28,250,48,57,51,58,187,162
1126,Kungälv,Västra Götalands län,73,323,61,76,54,53,211,259
1074,Kungälv,Västra Götalands län,49,238,43,78,52,68,187,343
1161,Kungälv,Västra Götalands län,39,345,42,77,56,93,207,276
1204,Kungälv,Västra Götalands län,36,310,34,91,64,96,306,255
1025,Kungälv,Västra Götalands län,35,259,31,79,38,70,210,291
909,Kungälv,Västra Götalands län,38,197,47,80,39,87,199,213
1005,Kungälv,Västra Götalands län,37,201,49,68,30,75,202,326
1111,Kungälv,Västra Götalands län,40,266,62,85,48,82,240,280
961,Kungälv,Västra Götalands län,33,271,39,50,50,62,228,220
719,Alingsås,Västra Götalands län,90,177,45,58,37,53,123,106
1146,Alingsås,Västra Götalands län,41,254,39,111,49,105,171,359
1219,Alingsås,Västra Götalands län,40,366,29,101,46,83,200,337
909,Alingsås,Västra Götalands län,35,184,27,106,49,155,149,190
760,Alingsås,Västra Götalands län,49,205,50,48,36,64,110,176
1047,Alingsås,Västra Götalands län,36,328,46,79,60,83,212,196
1078,Alingsås,Västra Götalands län,64,359,59,82,67,79,196,160
1272,Alingsås,Västra Götalands län,96,397,87,86,56,83,218,234
1011,Alingsås,Västra Götalands län,60,342,63,70,47,64,169,180
976,Alingsås,Västra Götalands län,101,396,40,45,45,52,121,158
753,Alingsås,Västra Götalands län,93,260,28,38,22,45,121,122
1388,Alingsås,Västra Götalands län,48,372,89,90,85,106,380,203
1222,Alingsås,Västra Götalands län,69,378,62,72,86,87,240,207
1413,Alingsås,Västra Götalands län,86,371,108,141,114,78,329,178
1294,Alingsås,Västra Götalands län,99,393,70,67,62,96,247,240
1313,Alingsås,Västra Götalands län,91,429,65,76,68,87,233,251
1025,Alingsås,Västra Götalands län,116,390,43,34,24,65,99,232
1178,Alingsås,Västra Götalands län,115,379,50,57,44,80,161,253
762,Alingsås,Västra Götalands län,39,246,54,48,39,57,126,144
1131,Alingsås,Västra Götalands län,90,279,121,86,64,68,230,184
1500,Alingsås,Västra Götalands län,76,474,103,121,80,93,327,213
1082,Alingsås,Västra Götalands län,67,363,77,68,61,84,196,157
1196,Alingsås,Västra Götalands län,88,359,106,76,60,78,213,205
1174,Alingsås,Västra Götalands län,51,291,67,90,55,75,209,324
1166,Alingsås,Västra Götalands län,71,264,79,80,60,103,199,286
602,Orust,Västra Götalands län,44,134,35,40,30,38,125,150
939,Orust,Västra Götalands län,29,241,37,89,34,77,177,243
1131,Orust,Västra Götalands län,40,351,38,63,50,86,211,274
693,Orust,Västra Götalands län,16,238,27,47,32,42,126,157
1464,Orust,Västra Götalands län,62,391,56,106,54,90,263,423
952,Orust,Västra Götalands län,40,235,31,65,26,70,173,303
1137,Orust,Västra Götalands län,59,356,52,59,63,66,211,252
898,Orust,Västra Götalands län,53,245,66,67,31,44,130,249
1070,Orust,Västra Götalands län,80,278,98,51,45,59,173,274
1185,Orust,Västra Götalands län,50,378,44,67,51,74,211,295
789,Orust,Västra Götalands län,32,223,47,47,56,57,147,175
393,Sotenäs,Västra Götalands län,9,134,12,27,20,20,81,84
1059,Sotenäs,Västra Götalands län,37,280,25,54,74,73,290,219
994,Sotenäs,Västra Götalands län,49,341,23,43,47,61,191,230
993,Sotenäs,Västra Götalands län,27,235,41,51,31,85,211,300
1024,Sotenäs,Västra Götalands län,18,215,19,67,96,105,274,224
1390,Sotenäs,Västra Götalands län,29,448,47,70,66,97,270,349
815,Sotenäs,Västra Götalands län,30,211,49,61,32,65,153,206
347,Munkedal,Västra Götalands län,21,88,5,15,5,15,75,120
1013,Munkedal,Västra Götalands län,37,280,29,62,28,80,185,301
1255,Munkedal,Västra Götalands län,71,469,16,48,33,81,210,308
1265,Munkedal,Västra Götalands län,63,373,51,55,21,99,192,401
891,Munkedal,Västra Götalands län,45,239,25,76,23,69,123,275
918,Munkedal,Västra Götalands län,31,210,13,78,25,78,121,341
941,Munkedal,Västra Götalands län,25,159,21,69,28,107,137,375
356,Tanum,Västra Götalands län,24,93,33,19,13,22,73,73
1080,Tanum,Västra Götalands län,35,291,26,82,30,89,215,291
1020,Tanum,Västra Götalands län,34,231,47,81,52,81,262,224
979,Tanum,Västra Götalands län,40,219,43,52,50,62,277,229
1094,Tanum,Västra Götalands län,48,255,40,85,41,74,232,305
1004,Tanum,Västra Götalands län,27,190,21,97,29,80,190,349
1321,Tanum,Västra Götalands län,76,393,128,112,75,92,235,207
1093,Tanum,Västra Götalands län,47,252,33,149,40,97,182,280
812,Tanum,Västra Götalands län,28,212,25,56,56,55,227,150
299,Dals-Ed,Västra Götalands län,20,69,8,19,7,31,57,82
1292,Dals-Ed,Västra Götalands län,31,373,19,108,40,122,227,346
1284,Dals-Ed,Västra Götalands län,35,225,19,121,26,159,197,482
130,Färgelanda,Västra Götalands län,10,28,4,4,3,3,18,57
839,Färgelanda,Västra Götalands län,23,328,7,26,25,53,98,270
1036,Färgelanda,Västra Götalands län,44,286,16,83,26,61,118,390
926,Färgelanda,Västra Götalands län,34,268,19,51,23,40,118,366
1325,Färgelanda,Västra Götalands län,23,227,26,124,40,122,200,544
324,Bengtsfors,Västra Götalands län,17,102,27,25,9,11,53,78
1266,Bengtsfors,Västra Götalands län,55,401,24,86,31,79,205,377
1260,Bengtsfors,Västra Götalands län,25,441,35,77,38,90,220,323
1014,Bengtsfors,Västra Götalands län,42,356,19,44,16,61,120,345
1049,Bengtsfors,Västra Götalands län,92,376,67,51,24,64,99,264
927,Bengtsfors,Västra Götalands län,29,227,20,64,23,75,136,348
162,Mellerud,Västra Götalands län,12,46,7,10,2,5,22,51
1437,Mellerud,Västra Götalands län,48,401,14,86,36,95,273,459
1325,Mellerud,Västra Götalands län,43,410,24,79,28,90,227,390
817,Mellerud,Västra Götalands län,21,143,15,118,14,73,160,268
1268,Mellerud,Västra Götalands län,40,267,63,103,34,96,210,434
757,Mellerud,Västra Götalands län,31,234,30,31,20,32,101,264
355,Lysekil,Västra Götalands län,26,85,33,14,16,9,73,85
1040,Lysekil,Västra Götalands län,63,361,46,28,53,48,198,236
594,Lysekil,Västra Götalands län,42,219,33,32,18,25,77,131
929,Lysekil,Västra Götalands län,62,378,29,37,33,40,142,201
1130,Lysekil,Västra Götalands län,53,406,51,35,36,58,221,254
1096,Lysekil,Västra Götalands län,65,410,35,37,41,44,140,306
768,Lysekil,Västra Götalands län,34,227,34,50,33,37,113,228
1109,Lysekil,Västra Götalands län,26,275,58,64,113,89,279,194
848,Lysekil,Västra Götalands län,52,230,49,76,14,67,115,226
883,Lysekil,Västra Götalands län,34,308,26,35,23,42,81,321
877,Lysekil,Västra Götalands län,29,325,26,31,41,43,127,249
563,Uddevalla,Västra Götalands län,47,145,31,28,30,25,102,130
919,Uddevalla,Västra Götalands län,55,280,31,29,29,55,134,297
1000,Uddevalla,Västra Götalands län,79,267,34,35,47,52,183,289
940,Uddevalla,Västra Götalands län,60,277,44,49,32,39,196,231
1262,Uddevalla,Västra Götalands län,70,383,49,72,42,71,260,298
1062,Uddevalla,Västra Götalands län,82,366,39,40,33,72,156,256
1205,Uddevalla,Västra Götalands län,64,443,37,50,44,53,208,296
1124,Uddevalla,Västra Götalands län,88,368,38,50,46,67,173,277
817,Uddevalla,Västra Götalands län,59,278,16,34,26,41,140,206
954,Uddevalla,Västra Götalands län,85,292,26,44,31,52,150,251
767,Uddevalla,Västra Götalands län,110,278,24,45,17,18,76,142
1071,Uddevalla,Västra Götalands län,44,296,83,64,63,108,192,201
1067,Uddevalla,Västra Götalands län,48,321,66,75,48,134,194,160
1339,Uddevalla,Västra Götalands län,46,255,98,78,76,119,324,325
1275,Uddevalla,Västra Götalands län,26,314,40,59,57,74,343,353
1140,Uddevalla,Västra Götalands län,21,261,70,83,47,103,210,335
1138,Uddevalla,Västra Götalands län,42,303,105,97,56,119,164,231
1073,Uddevalla,Västra Götalands län,59,301,54,51,33,72,214,279
1123,Uddevalla,Västra Götalands län,39,291,33,63,36,67,227,355
1133,Uddevalla,Västra Götalands län,43,299,40,90,44,111,204,294
1284,Uddevalla,Västra Götalands län,29,318,47,103,59,107,253,360
1129,Uddevalla,Västra Götalands län,48,368,23,47,30,79,231,299
1425,Uddevalla,Västra Götalands län,31,424,39,43,62,108,398,310
1077,Uddevalla,Västra Götalands län,29,252,22,66,20,89,175,414
825,Uddevalla,Västra Götalands län,64,306,27,30,12,43,92,236
733,Uddevalla,Västra Götalands län,68,275,15,17,13,21,57,233
885,Uddevalla,Västra Götalands län,54,291,39,32,27,49,130,243
1091,Uddevalla,Västra Götalands län,72,354,62,40,56,60,161,259
1038,Uddevalla,Västra Götalands län,89,433,36,32,32,59,121,206
510,Uddevalla,Västra Götalands län,78,212,10,26,5,19,24,42
898,Uddevalla,Västra Götalands län,70,351,15,55,27,43,98,173
968,Uddevalla,Västra Götalands län,51,337,24,57,31,50,197,216
1084,Uddevalla,Västra Götalands län,65,437,36,48,36,71,181,197
940,Uddevalla,Västra Götalands län,80,381,46,42,29,43,123,168
896,Uddevalla,Västra Götalands län,26,313,36,33,28,44,180,228
279,Strömstad,Västra Götalands län,16,82,24,12,8,23,44,62
939,Strömstad,Västra Götalands län,54,379,21,43,42,52,113,223
1088,Strömstad,Västra Götalands län,56,376,31,41,46,69,215,238
1029,Strömstad,Västra Götalands län,50,270,42,52,45,72,220,262
642,Strömstad,Västra Götalands län,28,162,28,34,28,58,127,165
909,Strömstad,Västra Götalands län,39,272,35,45,49,48,184,228
1016,Strömstad,Västra Götalands län,40,232,22,75,48,71,163,351
635,Strömstad,Västra Götalands län,41,154,43,59,19,38,87,187
719,Strömstad,Västra Götalands län,33,186,78,58,64,39,101,145
857,Vänersborg,Västra Götalands län,83,240,42,56,34,44,156,179
1422,Vänersborg,Västra Götalands län,37,274,27,145,18,141,234,529
885,Vänersborg,Västra Götalands län,29,161,25,85,21,69,130,359
1467,Vänersborg,Västra Götalands län,39,325,33,112,35,108,238,554
1163,Vänersborg,Västra Götalands län,52,297,33,79,43,71,267,313
930,Vänersborg,Västra Götalands län,31,250,25,47,25,45,136,363
949,Vänersborg,Västra Götalands län,29,351,53,43,67,54,188,158
893,Vänersborg,Västra Götalands län,33,317,54,53,39,42,167,185
1390,Vänersborg,Västra Götalands län,88,518,60,81,70,77,211,277
1290,Vänersborg,Västra Götalands län,101,460,49,67,53,66,177,298
1256,Vänersborg,Västra Götalands län,87,450,46,63,42,52,189,298
1105,Vänersborg,Västra Götalands län,117,447,33,55,32,50,121,228
1327,Vänersborg,Västra Götalands län,65,454,60,80,83,64,238,266
850,Vänersborg,Västra Götalands län,62,330,21,38,24,40,123,194
553,Vänersborg,Västra Götalands län,77,265,7,19,7,10,56,93
618,Vänersborg,Västra Götalands län,63,274,17,12,13,26,46,159
1218,Vänersborg,Västra Götalands län,71,413,51,57,43,78,208,281
1315,Vänersborg,Västra Götalands län,72,452,40,60,60,74,244,305
878,Vänersborg,Västra Götalands län,33,301,34,53,40,54,158,201
836,Vänersborg,Västra Götalands län,38,296,43,48,50,52,158,144
1278,Vänersborg,Västra Götalands län,47,471,37,51,40,89,224,312
967,Vänersborg,Västra Götalands län,56,356,10,32,33,65,125,277
1129,Vänersborg,Västra Götalands län,78,365,34,56,35,62,141,342
843,Vänersborg,Västra Götalands län,46,263,30,38,37,45,116,262
458,Trollhättan,Västra Götalands län,40,139,25,34,16,18,97,80
1250,Trollhättan,Västra Götalands län,41,379,64,79,66,49,329,234
1383,Trollhättan,Västra Götalands län,51,443,52,98,55,75,323,278
974,Trollhättan,Västra Götalands län,21,346,58,63,50,39,246,147
1070,Trollhättan,Västra Götalands län,42,429,39,53,59,39,204,193
1256,Trollhättan,Västra Götalands län,73,409,38,53,49,59,292,263
1171,Trollhättan,Västra Götalands län,81,432,37,49,35,47,238,233
990,Trollhättan,Västra Götalands län,95,404,34,41,32,40,142,188
980,Trollhättan,Västra Götalands län,93,395,27,37,26,40,135,200
900,Trollhättan,Västra Götalands län,79,296,35,46,35,43,170,180
1078,Trollhättan,Västra Götalands län,51,368,53,60,48,60,237,194
1413,Trollhättan,Västra Götalands län,70,452,61,57,52,82,312,319
857,Trollhättan,Västra Götalands län,30,297,48,72,46,49,198,108
945,Trollhättan,Västra Götalands län,44,295,39,50,38,60,257,158
539,Trollhättan,Västra Götalands län,35,147,27,39,14,37,88,142
1244,Trollhättan,Västra Götalands län,47,326,33,102,39,77,193,414
1474,Trollhättan,Västra Götalands län,35,491,35,85,65,74,386,300
1138,Trollhättan,Västra Götalands län,51,323,37,75,37,88,216,303
791,Trollhättan,Västra Götalands län,37,225,18,69,9,33,91,302
843,Trollhättan,Västra Götalands län,24,255,26,53,24,52,124,281
1141,Trollhättan,Västra Götalands län,54,319,38,50,26,71,230,342
971,Trollhättan,Västra Götalands län,94,382,31,33,26,33,135,219
523,Trollhättan,Västra Götalands län,59,249,6,32,5,33,35,77
821,Trollhättan,Västra Götalands län,108,412,12,40,13,32,83,95
1000,Trollhättan,Västra Götalands län,106,413,23,40,18,38,113,234
675,Trollhättan,Västra Götalands län,81,264,25,35,16,28,93,105
795,Trollhättan,Västra Götalands län,79,402,15,51,10,37,94,89
1088,Trollhättan,Västra Götalands län,92,509,28,56,23,55,143,156
568,Trollhättan,Västra Götalands län,72,277,8,32,2,13,64,80
1326,Trollhättan,Västra Götalands län,78,507,42,49,43,51,241,299
1029,Trollhättan,Västra Götalands län,44,347,58,51,42,43,219,215
1170,Trollhättan,Västra Götalands län,51,423,46,42,55,46,269,227
1065,Trollhättan,Västra Götalands län,67,392,44,47,29,40,174,264
1308,Trollhättan,Västra Götalands län,46,540,28,65,51,47,286,239
814,Trollhättan,Västra Götalands län,43,251,36,51,31,46,203,142
999,Trollhättan,Västra Götalands län,97,334,37,42,26,46,193,204
342,Åmål,Västra Götalands län,23,106,18,17,11,22,49,93
1483,Åmål,Västra Götalands län,50,451,25,70,46,95,292,447
1185,Åmål,Västra Götalands län,72,440,22,43,33,55,191,315
1238,Åmål,Västra Götalands län,69,432,35,60,35,80,180,337
1119,Åmål,Västra Götalands län,51,344,40,62,45,61,200,301
1205,Åmål,Västra Götalands län,80,476,41,57,36,65,139,287
1323,Åmål,Västra Götalands län,68,357,65,83,24,74,185,448
412,Vårgårda,Västra Götalands län,26,125,19,27,13,30,60,108
1096,Vårgårda,Västra Götalands län,28,238,29,102,31,163,164,322
991,Vårgårda,Västra Götalands län,32,203,49,91,47,150,143,266
1224,Vårgårda,Västra Götalands län,40,214,71,176,54,152,208,294
927,Vårgårda,Västra Götalands län,49,310,39,91,33,62,148,186
898,Vårgårda,Västra Götalands län,30,239,30,93,32,94,165,202
793,Vårgårda,Västra Götalands län,45,227,35,73,22,69,106,205
831,Vårgårda,Västra Götalands län,53,287,22,58,24,45,113,212
623,Vårgårda,Västra Götalands län,33,243,23,38,13,47,95,122
417,Bollebygd,Västra Götalands län,23,88,17,26,16,28,85,122
921,Bollebygd,Västra Götalands län,35,275,28,59,36,52,159,267
1524,Bollebygd,Västra Götalands län,66,309,76,98,81,95,338,442
1543,Bollebygd,Västra Götalands län,71,430,54,71,60,107,286,448
1217,Bollebygd,Västra Götalands län,39,373,56,77,57,58,270,275
734,Bollebygd,Västra Götalands län,38,152,17,81,8,80,140,209
521,Tranemo,Västra Götalands län,28,195,23,40,15,28,75,107
1093,Tranemo,Västra Götalands län,36,331,31,106,36,65,235,238
1104,Tranemo,Västra Götalands län,76,351,63,54,35,64,197,254
1083,Tranemo,Västra Götalands län,51,338,31,83,30,70,195,267
906,Tranemo,Västra Götalands län,27,227,20,100,23,79,171,243
791,Tranemo,Västra Götalands län,40,302,10,44,18,40,116,212
1212,Tranemo,Västra Götalands län,25,284,28,116,26,99,265,349
897,Tranemo,Västra Götalands län,26,252,25,120,34,51,201,180
470,Mark,Västra Götalands län,44,93,32,39,24,33,79,111
1005,Mark,Västra Götalands län,57,353,26,55,52,68,173,202
1209,Mark,Västra Götalands län,61,413,29,74,40,64,253,257
1040,Mark,Västra Götalands län,52,368,32,57,30,70,171,245
1066,Mark,Västra Götalands län,60,331,41,70,41,57,219,236
919,Mark,Västra Götalands län,72,403,25,51,25,26,111,189
1218,Mark,Västra Götalands län,72,474,43,53,34,69,211,240
1030,Mark,Västra Götalands län,81,424,27,42,23,46,128,239
1158,Mark,Västra Götalands län,40,343,37,86,51,88,252,241
967,Mark,Västra Götalands län,98,367,30,37,24,45,106,240
1194,Mark,Västra Götalands län,39,427,38,72,47,93,218,253
1023,Mark,Västra Götalands län,50,241,37,88,29,67,186,301
1683,Mark,Västra Götalands län,86,452,89,152,55,106,285,435
1335,Mark,Västra Götalands län,53,315,52,159,41,134,225,340
841,Mark,Västra Götalands län,71,276,31,30,26,43,122,226
877,Mark,Västra Götalands län,47,260,64,47,30,50,143,223
1052,Mark,Västra Götalands län,51,253,30,113,30,85,159,314
1413,Mark,Västra Götalands län,47,296,34,154,44,135,190,490
1624,Mark,Västra Götalands län,71,418,50,156,45,142,243,452
1508,Mark,Västra Götalands län,60,402,26,178,31,136,259,393
372,Svenljunga,Västra Götalands län,26,87,17,28,14,27,58,107
1057,Svenljunga,Västra Götalands län,42,272,16,57,26,89,201,342
863,Svenljunga,Västra Götalands län,37,220,23,53,18,70,155,279
921,Svenljunga,Västra Götalands län,40,248,19,37,30,68,195,279
978,Svenljunga,Västra Götalands län,20,225,29,84,39,94,160,316
924,Svenljunga,Västra Götalands län,21,226,28,102,27,70,148,287
823,Svenljunga,Västra Götalands län,30,225,15,53,25,63,120,283
830,Svenljunga,Västra Götalands län,33,218,38,41,30,53,157,251
653,Herrljunga,Västra Götalands län,37,186,23,40,25,40,116,171
1135,Herrljunga,Västra Götalands län,44,301,38,144,46,99,161,293
1296,Herrljunga,Västra Götalands län,76,439,36,105,49,99,180,291
948,Herrljunga,Västra Götalands län,53,235,23,72,45,77,176,251
942,Herrljunga,Västra Götalands län,26,129,24,108,22,124,211,276
1328,Herrljunga,Västra Götalands län,58,348,28,105,46,153,185,382
371,Borås,Västra Götalands län,37,95,44,25,26,11,71,53
783,Borås,Västra Götalands län,32,189,28,69,27,63,161,209
507,Borås,Västra Götalands län,22,133,18,22,15,40,101,145
727,Borås,Västra Götalands län,49,180,23,36,32,50,189,152
804,Borås,Västra Götalands län,64,243,23,54,31,53,179,147
931,Borås,Västra Götalands län,43,340,35,42,36,52,165,207
1001,Borås,Västra Götalands län,34,282,32,75,55,85,256,175
1151,Borås,Västra Götalands län,38,335,36,93,58,93,297,191
1475,Borås,Västra Götalands län,61,486,36,93,36,131,286,340
1311,Borås,Västra Götalands län,34,383,53,83,44,115,251,329
680,Borås,Västra Götalands län,25,165,17,52,17,45,138,212
1144,Borås,Västra Götalands län,43,336,39,83,55,110,220,245
727,Borås,Västra Götalands län,126,339,19,23,9,25,74,70
901,Borås,Västra Götalands län,66,272,47,57,54,52,227,113
403,Borås,Västra Götalands län,49,219,11,20,4,11,38,36
490,Borås,Västra Götalands län,77,255,17,5,8,12,33,47
422,Borås,Västra Götalands län,49,241,14,15,7,7,32,25
777,Borås,Västra Götalands län,31,229,25,55,31,47,139,211
1108,Borås,Västra Götalands län,58,357,35,78,63,67,270,170
817,Borås,Västra Götalands län,62,287,16,45,25,35,113,224
964,Borås,Västra Götalands län,59,326,31,25,31,67,212,197
825,Borås,Västra Götalands län,73,305,38,38,25,30,117,182
1226,Borås,Västra Götalands län,34,291,52,100,49,121,201,366
960,Borås,Västra Götalands län,67,380,27,51,33,41,161,168
541,Borås,Västra Götalands län,42,141,33,28,32,34,118,100
541,Borås,Västra Götalands län,47,167,30,27,21,23,117,106
1042,Borås,Västra Götalands län,48,256,38,71,66,64,316,176
694,Borås,Västra Götalands län,27,177,23,38,27,51,128,217
404,Borås,Västra Götalands län,22,92,13,20,16,29,136,75
811,Borås,Västra Götalands län,53,220,21,45,46,43,207,166
985,Borås,Västra Götalands län,59,228,29,66,66,72,286,167
1087,Borås,Västra Götalands län,73,346,47,61,39,53,229,227
911,Borås,Västra Götalands län,73,267,37,45,49,64,189,164
606,Borås,Västra Götalands län,49,193,24,39,30,28,130,104
686,Borås,Västra Götalands län,84,232,18,38,19,27,128,115
740,Borås,Västra Götalands län,65,271,27,37,26,32,103,146
676,Borås,Västra Götalands län,62,180,33,32,32,37,139,150
1244,Borås,Västra Götalands län,86,325,70,67,55,73,257,290
623,Borås,Västra Götalands län,94,236,19,17,19,29,57,131
921,Borås,Västra Götalands län,68,274,39,58,41,57,198,179
747,Borås,Västra Götalands län,50,240,29,57,37,37,120,156
838,Borås,Västra Götalands län,56,222,32,46,50,65,189,166
931,Borås,Västra Götalands län,73,254,35,75,51,59,224,145
737,Borås,Västra Götalands län,57,237,24,49,30,36,119,174
701,Borås,Västra Götalands län,32,215,22,35,22,49,118,194
960,Borås,Västra Götalands län,39,230,58,55,56,66,253,190
992,Borås,Västra Götalands län,57,302,30,57,33,53,134,304
774,Borås,Västra Götalands län,33,188,27,52,54,61,195,157
1220,Borås,Västra Götalands län,44,366,38,57,39,101,225,338
897,Borås,Västra Götalands län,46,354,16,40,24,30,140,241
873,Borås,Västra Götalands län,63,201,40,56,55,66,204,172
452,Borås,Västra Götalands län,39,118,29,27,18,29,107,69
665,Borås,Västra Götalands län,54,260,16,15,13,32,76,184
547,Borås,Västra Götalands län,53,208,19,16,12,35,91,105
962,Borås,Västra Götalands län,45,188,29,112,31,105,145,292
875,Borås,Västra Götalands län,33,204,35,86,29,55,194,234
1063,Borås,Västra Götalands län,74,362,34,54,60,52,220,190
906,Borås,Västra Götalands län,35,262,42,74,57,54,192,178
1236,Borås,Västra Götalands län,48,368,42,66,42,102,219,331
1122,Borås,Västra Götalands län,36,353,45,83,31,81,166,308
949,Borås,Västra Götalands län,20,231,46,62,41,71,229,241
865,Borås,Västra Götalands län,26,209,26,41,46,67,235,211
929,Borås,Västra Götalands län,42,287,42,51,53,62,201,179
940,Borås,Västra Götalands län,55,300,68,66,53,51,187,155
373,Borås,Västra Götalands län,32,117,15,26,13,20,79,70
833,Borås,Västra Götalands län,29,193,32,62,46,48,249,167
674,Borås,Västra Götalands län,59,238,26,23,15,35,75,178
681,Borås,Västra Götalands län,45,223,34,42,28,32,121,142
540,Borås,Västra Götalands län,78,203,19,13,8,23,51,131
471,Borås,Västra Götalands län,79,240,20,14,7,5,32,45
437,Borås,Västra Götalands län,49,203,27,17,14,16,40,44
487,Borås,Västra Götalands län,56,296,14,7,2,4,24,26
794,Borås,Västra Götalands län,58,168,29,51,52,53,209,165
931,Borås,Västra Götalands län,27,313,35,49,34,57,180,226
799,Borås,Västra Götalands län,26,193,28,63,38,65,209,173
777,Borås,Västra Götalands län,14,161,19,54,50,53,246,174
1038,Borås,Västra Götalands län,47,242,33,64,42,84,229,288
754,Borås,Västra Götalands län,79,275,30,32,14,38,91,186
486,Borås,Västra Götalands län,59,176,10,8,5,26,52,130
933,Borås,Västra Götalands län,18,203,38,70,63,70,264,205
1013,Borås,Västra Götalands län,31,269,38,68,61,57,279,206
1161,Borås,Västra Götalands län,28,303,40,82,70,81,324,221
903,Borås,Västra Götalands län,88,276,35,38,35,40,147,234
524,Ulricehamn,Västra Götalands län,31,126,21,34,30,31,114,128
975,Ulricehamn,Västra Götalands län,50,312,43,86,35,61,218,157
1110,Ulricehamn,Västra Götalands län,51,338,37,66,57,74,237,239
1081,Ulricehamn,Västra Götalands län,55,331,42,90,53,50,222,228
1014,Ulricehamn,Västra Götalands län,59,332,24,53,52,51,234,198
1366,Ulricehamn,Västra Götalands län,49,393,38,131,65,94,356,227
846,Ulricehamn,Västra Götalands län,38,266,24,86,31,64,158,162
1498,Ulricehamn,Västra Götalands län,35,492,70,130,75,103,354,222
1288,Ulricehamn,Västra Götalands län,53,285,37,115,42,116,203,410
1327,Ulricehamn,Västra Götalands län,74,336,45,157,39,90,227,345
1553,Ulricehamn,Västra Götalands län,81,346,63,137,55,123,290,436
940,Ulricehamn,Västra Götalands län,34,160,30,112,30,106,159,297
1363,Ulricehamn,Västra Götalands län,44,276,44,151,41,112,216,468
1278,Ulricehamn,Västra Götalands län,60,372,46,106,43,80,214,343
288,Grästorp,Västra Götalands län,9,51,11,24,8,24,70,86
1334,Grästorp,Västra Götalands län,48,255,33,150,28,106,241,454
1159,Grästorp,Västra Götalands län,20,348,19,85,50,67,216,336
1162,Grästorp,Västra Götalands län,27,326,31,109,39,70,268,285
329,Essunga,Västra Götalands län,17,86,8,21,6,21,48,118
963,Essunga,Västra Götalands län,42,242,19,86,11,54,188,313
1374,Essunga,Västra Götalands län,45,444,36,114,29,73,293,325
1122,Essunga,Västra Götalands län,30,249,30,88,25,77,238,377
249,Karlsborg,Västra Götalands län,15,47,13,13,11,16,59,72
1330,Karlsborg,Västra Götalands län,49,386,24,78,61,116,259,341
1398,Karlsborg,Västra Götalands län,39,473,28,75,71,97,238,364
1227,Karlsborg,Västra Götalands län,43,368,31,123,44,116,169,327
678,Karlsborg,Västra Götalands län,24,212,25,47,15,62,88,198
397,Gullspång,Västra Götalands län,22,144,7,29,8,16,55,108
1124,Gullspång,Västra Götalands län,58,464,34,61,34,45,120,286
596,Gullspång,Västra Götalands län,22,220,14,21,11,31,90,180
1182,Gullspång,Västra Götalands län,51,311,19,84,21,72,204,397
404,Vara,Västra Götalands län,25,88,16,20,12,18,110,111
1110,Vara,Västra Götalands län,66,341,21,67,33,73,213,289
1140,Vara,Västra Götalands län,29,323,30,74,44,63,326,243
868,Vara,Västra Götalands län,34,223,10,75,27,47,233,210
1123,Vara,Västra Götalands län,42,285,22,86,23,70,235,357
1089,Vara,Västra Götalands län,34,262,23,100,22,68,239,327
1290,Vara,Västra Götalands län,45,324,26,122,27,80,266,391
902,Vara,Västra Götalands län,22,186,9,78,28,84,175,307
1132,Vara,Västra Götalands län,38,237,12,85,27,77,230,417
1271,Vara,Västra Götalands län,58,315,20,68,30,85,250,436
197,Götene,Västra Götalands län,12,40,7,17,7,19,37,50
1367,Götene,Västra Götalands län,53,477,39,86,53,110,251,288
739,Götene,Västra Götalands län,13,300,17,44,19,65,119,149
1063,Götene,Västra Götalands län,40,368,34,74,38,103,149,237
1231,Götene,Västra Götalands län,55,371,39,97,22,115,189,335
1695,Götene,Västra Götalands län,72,560,54,134,70,112,320,354
1186,Götene,Västra Götalands län,41,293,42,121,40,107,195,337
1473,Götene,Västra Götalands län,108,475,119,98,36,91,181,346
374,Tibro,Västra Götalands län,20,120,10,22,28,33,56,80
1002,Tibro,Västra Götalands län,33,311,16,54,34,80,158,298
1392,Tibro,Västra Götalands län,44,494,20,91,69,134,209,320
1056,Tibro,Västra Götalands län,52,352,35,63,48,92,157,238
935,Tibro,Västra Götalands län,41,319,27,46,50,80,131,234
1218,Tibro,Västra Götalands län,41,336,29,76,43,117,224,333
1246,Tibro,Västra Götalands län,35,356,36,100,40,86,239,343
457,Töreboda,Västra Götalands län,19,149,16,19,8,29,72,128
854,Töreboda,Västra Götalands län,22,200,23,76,19,62,122,299
1378,Töreboda,Västra Götalands län,60,455,27,99,31,67,279,347
1190,Töreboda,Västra Götalands län,51,298,31,65,41,74,218,393
1106,Töreboda,Västra Götalands län,45,361,16,71,18,54,169,337
891,Töreboda,Västra Götalands län,31,295,19,54,24,46,159,250
532,Mariestad,Västra Götalands län,45,126,26,38,14,26,98,145
906,Mariestad,Västra Götalands län,52,273,28,46,33,49,219,201
1064,Mariestad,Västra Götalands län,58,367,40,54,26,73,213,221
1082,Mariestad,Västra Götalands län,59,412,44,50,30,49,242,188
895,Mariestad,Västra Götalands län,44,358,21,41,16,28,147,232
1167,Mariestad,Västra Götalands län,61,439,38,54,24,60,249,228
1339,Mariestad,Västra Götalands län,51,500,45,68,25,78,302,259
975,Mariestad,Västra Götalands län,71,413,25,39,28,48,162,177
1028,Mariestad,Västra Götalands län,23,364,51,40,25,73,231,214
716,Mariestad,Västra Götalands län,39,292,15,25,12,32,102,186
900,Mariestad,Västra Götalands län,36,318,29,55,33,42,242,140
1048,Mariestad,Västra Götalands län,63,445,31,36,24,39,175,224
835,Mariestad,Västra Götalands län,32,241,28,66,24,54,208,176
759,Mariestad,Västra Götalands län,17,201,12,79,17,78,147,197
1009,Mariestad,Västra Götalands län,41,235,38,72,14,104,168,312
1240,Mariestad,Västra Götalands län,35,357,30,95,25,63,272,349
968,Mariestad,Västra Götalands län,23,284,20,52,29,56,173,322
325,Lidköping,Västra Götalands län,18,94,14,24,17,20,70,59
1167,Lidköping,Västra Götalands län,83,352,47,71,71,55,208,258
963,Lidköping,Västra Götalands län,67,354,24,36,35,45,115,262
1095,Lidköping,Västra Götalands län,109,383,31,36,47,60,178,234
945,Lidköping,Västra Götalands län,53,376,34,58,31,40,155,182
1261,Lidköping,Västra Götalands län,41,546,46,48,49,75,173,264
1152,Lidköping,Västra Götalands län,88,481,42,36,40,64,137,249
1244,Lidköping,Västra Götalands län,80,450,48,93,47,70,199,245
1285,Lidköping,Västra Götalands län,106,420,64,79,70,81,260,185
1438,Lidköping,Västra Götalands län,81,483,77,74,52,89,286,282
1300,Lidköping,Västra Götalands län,56,554,66,72,48,65,226,193
1079,Lidköping,Västra Götalands län,85,456,30,48,33,58,131,215
875,Lidköping,Västra Götalands län,32,236,20,80,22,48,148,283
1474,Lidköping,Västra Götalands län,52,476,57,125,81,111,308,258
1118,Lidköping,Västra Götalands län,40,310,45,110,28,79,195,302
1308,Lidköping,Västra Götalands län,64,377,58,113,42,99,260,287
1287,Lidköping,Västra Götalands län,42,347,39,81,65,149,182,365
1550,Lidköping,Västra Götalands län,35,496,75,104,61,125,383,262
1122,Lidköping,Västra Götalands län,35,420,52,55,51,71,232,198
1427,Lidköping,Västra Götalands län,41,577,56,95,67,91,266,226
1361,Lidköping,Västra Götalands län,52,303,43,128,40,90,277,413
1454,Lidköping,Västra Götalands län,49,515,32,73,35,121,270,342
1136,Lidköping,Västra Götalands län,47,319,54,119,37,91,159,302
432,Skara,Västra Götalands län,34,127,15,45,12,29,85,76
1141,Skara,Västra Götalands län,75,444,24,43,31,48,193,266
1204,Skara,Västra Götalands län,82,396,55,82,42,71,260,204
933,Skara,Västra Götalands län,54,347,37,40,24,33,141,243
1329,Skara,Västra Götalands län,53,464,44,68,40,80,264,305
1150,Skara,Västra Götalands län,51,386,29,59,30,58,216,309
1015,Skara,Västra Götalands län,32,323,28,55,25,65,182,295
1006,Skara,Västra Götalands län,41,325,15,60,42,83,197,238
1425,Skara,Västra Götalands län,61,392,111,141,60,81,255,303
1129,Skara,Västra Götalands län,42,308,32,92,47,87,230,274
1140,Skara,Västra Götalands län,28,262,26,93,22,77,213,403
819,Skövde,Västra Götalands län,61,223,45,70,31,48,171,150
955,Skövde,Västra Götalands län,46,318,33,38,47,53,234,176
1216,Skövde,Västra Götalands län,59,350,54,56,71,91,307,217
1321,Skövde,Västra Götalands län,47,433,62,84,69,89,310,218
1266,Skövde,Västra Götalands län,48,429,50,83,41,78,260,263
774,Skövde,Västra Götalands län,95,195,31,42,44,51,169,131
1112,Skövde,Västra Götalands län,98,433,34,59,38,47,179,200
1351,Skövde,Västra Götalands län,80,402,58,88,61,96,264,283
1085,Skövde,Västra Götalands län,49,355,21,58,51,76,229,234
994,Skövde,Västra Götalands län,60,343,35,51,30,60,184,214
966,Skövde,Västra Götalands län,48,314,25,44,36,63,216,206
982,Skövde,Västra Götalands län,72,311,43,47,34,60,187,214
1059,Skövde,Västra Götalands län,74,356,39,65,46,52,162,247
1082,Skövde,Västra Götalands län,39,311,40,94,35,83,322,147
1384,Skövde,Västra Götalands län,71,369,43,83,64,104,396,236
1152,Skövde,Västra Götalands län,25,334,37,85,73,86,318,179
1419,Skövde,Västra Götalands län,70,465,59,113,56,99,334,207
1194,Skövde,Västra Götalands län,121,348,62,64,55,58,230,220
1302,Skövde,Västra Götalands län,31,426,56,100,60,78,323,207
1339,Skövde,Västra Götalands län,44,401,50,98,55,94,347,240
1271,Skövde,Västra Götalands län,46,543,35,53,45,123,207,206
659,Skövde,Västra Götalands län,60,313,18,29,5,37,75,100
838,Skövde,Västra Götalands län,56,334,24,35,26,93,116,132
926,Skövde,Västra Götalands län,39,319,25,62,38,47,152,231
1215,Skövde,Västra Götalands län,31,393,45,64,56,71,283,262
1141,Skövde,Västra Götalands län,31,310,40,95,36,90,245,283
1052,Skövde,Västra Götalands län,27,232,26,124,32,113,187,301
1060,Skövde,Västra Götalands län,35,290,17,90,37,67,210,296
1258,Skövde,Västra Götalands län,41,336,29,79,34,109,197,421
1442,Skövde,Västra Götalands län,47,441,47,75,61,135,298,316
1122,Skövde,Västra Götalands län,18,334,79,110,44,76,214,233
852,Skövde,Västra Götalands län,29,233,21,51,18,68,170,257
1140,Skövde,Västra Götalands län,42,287,27,86,23,92,167,401
166,Hjo,Västra Götalands län,13,35,14,8,9,11,36,37
1410,Hjo,Västra Götalands län,63,406,91,84,60,116,314,267
1238,Hjo,Västra Götalands län,30,351,52,97,43,123,234,294
1075,Hjo,Västra Götalands län,62,387,43,55,37,89,175,215
1199,Hjo,Västra Götalands län,55,376,46,83,46,90,219,272
572,Hjo,Västra Götalands län,10,125,18,45,8,84,99,171
602,Hjo,Västra Götalands län,17,169,14,43,14,79,91,159
438,Tidaholm,Västra Götalands län,24,163,8,26,13,34,65,97
1171,Tidaholm,Västra Götalands län,59,467,29,44,37,62,155,301
1055,Tidaholm,Västra Götalands län,43,432,26,48,29,64,112,284
1058,Tidaholm,Västra Götalands län,49,481,15,27,29,74,128,252
1072,Tidaholm,Västra Götalands län,37,456,17,41,28,60,151,273
1358,Tidaholm,Västra Götalands län,27,444,51,86,42,125,250,321
1227,Tidaholm,Västra Götalands län,49,291,19,80,36,127,167,442
1180,Tidaholm,Västra Götalands län,55,269,54,98,48,104,145,396
415,Falköping,Västra Götalands län,43,108,24,31,17,20,66,97
1749,Falköping,Västra Götalands län,75,602,39,103,54,114,390,349
1462,Falköping,Västra Götalands län,83,501,46,84,44,93,251,329
1383,Falköping,Västra Götalands län,84,616,47,90,43,60,192,238
1217,Falköping,Västra Götalands län,36,394,82,75,48,95,265,210
1011,Falköping,Västra Götalands län,74,367,32,70,31,58,126,232
939,Falköping,Västra Götalands län,61,353,35,51,21,53,147,187
988,Falköping,Västra Götalands län,60,422,23,52,34,43,158,178
1411,Falköping,Västra Götalands län,73,411,67,100,70,89,295,296
882,Falköping,Västra Götalands län,40,286,37,61,29,73,133,201
911,Falköping,Västra Götalands län,42,177,24,86,19,98,182,270
852,Falköping,Västra Götalands län,43,234,11,46,23,69,132,282
779,Falköping,Västra Götalands län,41,175,30,70,23,72,126,239
1239,Falköping,Västra Götalands län,43,269,27,82,32,174,180,403
1008,Falköping,Västra Götalands län,27,223,15,87,26,101,185,327
1160,Falköping,Västra Götalands län,37,209,39,132,32,113,208,377
959,Falköping,Västra Götalands län,31,213,41,90,35,75,172,295
1266,Falköping,Västra Götalands län,68,368,20,75,44,83,195,387
1302,Falköping,Västra Götalands län,61,296,84,106,37,112,224,362
162,Kil,Värmlands län,12,49,6,10,5,8,20,50
1305,Kil,Värmlands län,33,414,46,92,66,97,259,295
574,Kil,Värmlands län,24,131,27,47,12,36,92,203
1447,Kil,Värmlands län,64,543,46,88,49,63,219,360
1510,Kil,Värmlands län,49,525,52,74,41,84,266,412
1371,Kil,Värmlands län,52,537,25,70,42,67,197,370
528,Kil,Värmlands län,21,131,7,31,15,31,88,197
589,Kil,Värmlands län,26,123,36,70,22,23,100,184
561,Kil,Värmlands län,28,150,27,43,21,37,85,163
373,Eda,Värmlands län,14,100,7,24,8,29,59,131
722,Eda,Värmlands län,25,289,6,31,10,46,100,207
1000,Eda,Värmlands län,16,307,15,59,23,94,166,315
814,Eda,Värmlands län,40,322,8,32,15,52,105,235
806,Eda,Värmlands län,29,232,18,62,15,115,83,241
605,Eda,Värmlands län,7,191,5,59,21,59,94,163
334,Torsby,Värmlands län,13,104,8,18,10,20,58,97
1303,Torsby,Värmlands län,63,451,33,71,32,69,211,356
845,Torsby,Värmlands län,24,258,18,62,29,48,183,218
1104,Torsby,Värmlands län,34,370,20,67,22,80,195,308
949,Torsby,Värmlands län,35,342,20,57,30,64,191,198
477,Torsby,Värmlands län,21,126,11,28,10,36,54,185
664,Torsby,Värmlands län,45,187,13,24,10,45,85,249
592,Torsby,Värmlands län,21,216,13,28,12,42,72,181
408,Torsby,Värmlands län,28,145,6,35,6,18,57,104
501,Torsby,Värmlands län,15,155,6,34,7,38,58,180
175,Storfors,Värmlands län,4,58,3,11,5,5,24,61
1238,Storfors,Värmlands län,69,550,13,32,19,42,148,352
795,Storfors,Värmlands län,23,215,26,58,20,42,136,261
389,Storfors,Värmlands län,16,115,12,19,9,24,57,128
596,Hammarö,Värmlands län,23,203,32,32,19,37,148,97
1065,Hammarö,Värmlands län,63,441,41,56,39,42,114,252
1279,Hammarö,Värmlands län,52,557,48,63,54,58,177,256
1146,Hammarö,Värmlands län,30,456,50,98,53,56,227,169
1051,Hammarö,Värmlands län,60,492,29,44,34,50,124,194
1292,Hammarö,Värmlands län,38,492,54,101,86,82,270,162
1200,Hammarö,Värmlands län,33,437,72,83,72,68,295,134
1328,Hammarö,Värmlands län,16,408,71,127,101,76,351,168
962,Hammarö,Värmlands län,30,334,39,61,60,42,225,168
1133,Hammarö,Värmlands län,27,294,47,93,80,68,338,176
117,Munkfors,Värmlands län,10,49,3,6,5,3,10,29
325,Munkfors,Värmlands län,25,113,20,27,7,21,51,58
665,Munkfors,Värmlands län,19,254,12,37,20,45,78,195
1143,Munkfors,Värmlands län,61,575,12,55,23,30,93,278
254,Forshaga,Värmlands län,8,73,10,25,8,17,44,65
868,Forshaga,Värmlands län,37,353,24,41,31,46,106,219
973,Forshaga,Värmlands län,57,393,31,33,23,50,138,238
1150,Forshaga,Värmlands län,50,434,39,68,30,77,166,275
857,Forshaga,Värmlands län,32,279,25,50,17,50,151,245
1008,Forshaga,Värmlands län,34,412,25,54,23,69,172,210
1359,Forshaga,Värmlands län,66,512,35,66,28,61,159,410
1113,Forshaga,Värmlands län,38,405,21,42,17,78,143,361
256,Grums,Värmlands län,6,84,7,14,6,12,42,79
545,Grums,Värmlands län,21,236,5,15,12,15,70,170
883,Grums,Värmlands län,32,439,19,27,11,22,99,224
728,Grums,Värmlands län,31,297,6,32,9,33,96,221
742,Grums,Värmlands län,26,184,24,79,13,53,136,216
962,Grums,Värmlands län,32,440,10,30,18,36,145,243
751,Grums,Värmlands län,53,239,12,34,14,26,86,277
461,Grums,Värmlands län,27,162,12,32,5,23,58,135
421,Grums,Värmlands län,20,97,9,31,14,31,88,128
362,Årjäng,Värmlands län,18,90,13,22,13,60,45,97
955,Årjäng,Värmlands län,35,264,18,57,17,112,122,319
644,Årjäng,Värmlands län,17,172,13,38,21,87,97,193
666,Årjäng,Värmlands län,11,132,6,39,13,80,115,263
820,Årjäng,Värmlands län,14,160,19,89,21,172,78,261
889,Årjäng,Värmlands län,28,242,21,70,26,141,100,258
1271,Årjäng,Värmlands län,18,281,20,77,47,346,150,323
399,Sunne,Värmlands län,13,101,15,28,16,30,99,85
981,Sunne,Värmlands län,47,293,22,71,36,71,219,208
829,Sunne,Värmlands län,17,238,27,73,26,59,199,189
965,Sunne,Värmlands län,35,314,19,74,38,67,202,204
971,Sunne,Värmlands län,38,241,35,70,41,98,192,244
543,Sunne,Värmlands län,18,154,7,33,13,31,90,193
479,Sunne,Värmlands län,12,117,12,52,18,38,94,133
749,Sunne,Värmlands län,32,202,29,89,26,42,127,189
788,Sunne,Värmlands län,20,272,21,67,34,47,134,189
684,Sunne,Värmlands län,19,171,33,88,26,50,129,159
581,Sunne,Värmlands län,26,104,26,88,19,48,113,148
828,Sunne,Värmlands län,18,261,26,106,16,62,125,209
1588,Karlstad,Värmlands län,155,471,114,102,70,68,336,241
1205,Karlstad,Värmlands län,67,329,73,98,80,60,329,162
1206,Karlstad,Värmlands län,83,474,54,57,69,55,208,193
1354,Karlstad,Värmlands län,75,443,115,134,89,60,280,151
1150,Karlstad,Värmlands län,101,512,58,41,48,46,150,171
1250,Karlstad,Värmlands län,99,506,93,53,63,48,191,180
1201,Karlstad,Värmlands län,45,369,42,79,70,73,359,155
1140,Karlstad,Värmlands län,39,311,36,86,69,68,365,159
1272,Karlstad,Värmlands län,89,362,54,75,75,79,316,209
1296,Karlstad,Värmlands län,69,368,70,98,72,62,358,191
1180,Karlstad,Värmlands län,31,384,83,110,85,52,281,147
1308,Karlstad,Värmlands län,77,440,83,86,76,61,295,178
1234,Karlstad,Värmlands län,111,423,71,68,59,59,233,202
1339,Karlstad,Värmlands län,97,430,67,86,70,59,326,191
1288,Karlstad,Värmlands län,121,436,80,83,66,56,250,181
984,Karlstad,Värmlands län,95,305,81,70,44,49,171,159
1035,Karlstad,Värmlands län,25,330,71,77,74,44,289,118
1085,Karlstad,Värmlands län,38,327,32,70,66,68,301,174
980,Karlstad,Värmlands län,51,403,46,49,41,45,159,176
1233,Karlstad,Värmlands län,59,422,59,83,78,66,265,189
1090,Karlstad,Värmlands län,61,383,63,82,54,47,207,173
887,Karlstad,Värmlands län,58,364,33,47,34,41,139,162
1208,Karlstad,Värmlands län,40,439,93,101,67,50,274,141
1509,Karlstad,Värmlands län,60,454,74,98,72,75,354,301
1380,Karlstad,Värmlands län,80,546,66,68,46,57,267,238
1092,Karlstad,Värmlands län,44,450,83,74,72,47,200,119
964,Karlstad,Värmlands län,103,416,44,22,23,37,88,204
993,Karlstad,Värmlands län,91,435,38,37,29,40,116,189
1134,Karlstad,Värmlands län,147,376,42,71,63,46,204,162
833,Karlstad,Värmlands län,129,340,37,39,20,12,87,143
1464,Karlstad,Värmlands län,70,516,80,115,85,62,334,201
1068,Karlstad,Värmlands län,82,426,65,78,58,44,159,137
784,Karlstad,Värmlands län,129,328,68,34,27,23,75,81
728,Karlstad,Värmlands län,134,277,32,40,34,18,97,84
764,Karlstad,Värmlands län,37,288,28,34,29,32,174,139
1099,Karlstad,Värmlands län,37,380,34,68,36,74,219,239
891,Karlstad,Värmlands län,27,236,33,75,44,61,175,232
1355,Karlstad,Värmlands län,52,390,53,132,45,102,226,341
1121,Karlstad,Värmlands län,67,359,70,74,44,64,152,268
1392,Karlstad,Värmlands län,83,358,61,107,36,109,211,417
1396,Karlstad,Värmlands län,49,413,77,117,76,78,307,264
816,Karlstad,Värmlands län,36,290,39,67,38,40,145,154
1162,Karlstad,Värmlands län,32,406,89,115,73,67,232,142
1153,Karlstad,Värmlands län,40,276,39,90,44,73,263,318
1408,Karlstad,Värmlands län,30,559,74,105,64,70,302,193
1121,Karlstad,Värmlands län,40,343,41,64,25,42,185,374
1193,Karlstad,Värmlands län,57,460,16,29,27,45,161,385
819,Karlstad,Värmlands län,31,282,17,31,16,51,120,260
1268,Karlstad,Värmlands län,57,403,81,95,76,54,324,176
964,Karlstad,Värmlands län,117,428,32,48,23,19,72,192
879,Karlstad,Värmlands län,79,419,21,25,20,31,91,183
1353,Karlstad,Värmlands län,60,550,67,89,51,87,254,182
921,Karlstad,Värmlands län,122,368,35,38,16,30,95,194
1522,Karlstad,Värmlands län,62,529,78,96,81,70,330,261
1389,Karlstad,Värmlands län,40,535,58,106,87,64,308,185
251,Kristinehamn,Värmlands län,26,74,5,19,10,15,35,60
922,Kristinehamn,Värmlands län,86,458,27,43,31,27,92,150
1171,Kristinehamn,Värmlands län,95,472,33,53,49,49,146,256
768,Kristinehamn,Värmlands län,42,338,20,32,45,28,96,157
879,Kristinehamn,Värmlands län,51,306,41,48,57,40,133,197
1072,Kristinehamn,Värmlands län,63,385,46,53,54,52,163,239
1013,Kristinehamn,Värmlands län,56,331,31,56,42,51,173,268
932,Kristinehamn,Värmlands län,33,340,37,37,61,30,207,178
1260,Kristinehamn,Värmlands län,102,490,34,62,52,62,149,288
953,Kristinehamn,Värmlands län,41,339,27,40,32,59,173,228
1049,Kristinehamn,Värmlands län,36,302,20,132,50,78,152,274
974,Kristinehamn,Värmlands län,56,334,24,62,53,61,134,244
1056,Kristinehamn,Värmlands län,56,380,47,47,49,54,171,236
1512,Kristinehamn,Värmlands län,78,580,59,82,91,78,260,277
703,Kristinehamn,Värmlands län,40,299,9,29,14,22,64,217
1375,Kristinehamn,Värmlands län,51,348,50,150,40,94,213,421
107,Filipstad,Värmlands län,14,37,2,3,2,7,9,33
1035,Filipstad,Värmlands län,43,412,17,36,29,63,140,283
849,Filipstad,Värmlands län,50,351,13,25,19,35,100,248
973,Filipstad,Värmlands län,64,329,12,31,24,39,175,291
989,Filipstad,Värmlands län,39,335,16,20,29,42,202,299
275,Filipstad,Värmlands län,14,82,4,9,4,15,50,92
248,Filipstad,Värmlands län,12,80,7,12,3,29,19,82
308,Filipstad,Värmlands län,6,91,6,19,7,24,52,95
233,Filipstad,Värmlands län,12,77,9,6,10,10,21,85
518,Filipstad,Värmlands län,28,185,13,7,9,16,73,177
597,Filipstad,Värmlands län,33,270,1,20,14,23,50,178
108,Hagfors,Värmlands län,9,40,5,2,1,8,14,27
1264,Hagfors,Värmlands län,80,647,15,40,17,36,93,322
1076,Hagfors,Värmlands län,67,516,14,28,17,46,109,267
1369,Hagfors,Värmlands län,36,446,25,91,49,101,160,444
1185,Hagfors,Värmlands län,58,554,18,38,24,50,111,326
1106,Hagfors,Värmlands län,60,457,21,48,27,64,93,319
1102,Hagfors,Värmlands län,86,453,29,60,17,55,98,288
505,Arvika,Värmlands län,44,118,36,38,20,19,76,143
867,Arvika,Värmlands län,56,314,24,52,30,43,160,179
896,Arvika,Värmlands län,79,313,47,39,36,37,146,184
1194,Arvika,Värmlands län,79,515,48,48,31,50,202,207
850,Arvika,Värmlands län,66,392,29,32,23,28,116,160
793,Arvika,Värmlands län,40,360,26,28,22,28,119,162
843,Arvika,Värmlands län,36,360,24,25,26,33,135,198
888,Arvika,Värmlands län,79,289,72,44,32,42,149,166
1076,Arvika,Värmlands län,38,362,65,80,35,49,216,225
1424,Arvika,Värmlands län,83,502,73,61,41,81,221,352
834,Arvika,Värmlands län,41,257,24,37,24,48,161,237
859,Arvika,Värmlands län,20,345,27,55,28,56,177,145
935,Arvika,Värmlands län,38,282,38,84,25,69,157,235
584,Arvika,Värmlands län,27,198,16,33,6,35,104,158
1245,Arvika,Värmlands län,38,332,28,122,31,115,196,376
1083,Arvika,Värmlands län,36,325,28,71,24,78,190,329
1717,Arvika,Värmlands län,101,532,88,142,50,109,279,403
393,Säffle,Värmlands län,32,91,19,34,16,27,60,113
1396,Säffle,Värmlands län,46,425,44,113,63,82,339,273
1535,Säffle,Värmlands län,43,494,30,117,47,83,253,448
841,Säffle,Värmlands län,42,328,12,56,21,34,105,228
675,Säffle,Värmlands län,13,98,16,95,15,74,132,227
1231,Säffle,Värmlands län,41,422,30,101,24,90,187,313
824,Säffle,Värmlands län,13,211,8,76,25,74,118,288
1444,Säffle,Värmlands län,63,398,16,109,32,121,221,480
602,Säffle,Värmlands län,20,135,8,67,3,58,84,224
845,Säffle,Värmlands län,35,142,20,119,20,92,134,275
101,Lekeberg,Örebro län,6,22,2,13,2,8,20,27
1406,Lekeberg,Örebro län,49,356,56,131,79,82,368,275
886,Lekeberg,Örebro län,34,269,18,74,14,49,144,273
965,Lekeberg,Örebro län,37,281,35,93,28,63,130,283
1024,Lekeberg,Örebro län,27,202,35,112,33,108,147,339
697,Lekeberg,Örebro län,29,163,22,62,41,87,85,191
519,Lekeberg,Örebro län,17,125,22,48,14,54,71,152
352,Laxå,Örebro län,21,131,10,24,9,17,36,95
877,Laxå,Örebro län,45,331,9,35,31,46,103,266
1159,Laxå,Örebro län,46,414,13,44,25,84,147,372
902,Laxå,Örebro län,34,259,35,67,22,69,121,279
343,Laxå,Örebro län,27,118,10,16,18,11,38,103
341,Hallsberg,Örebro län,33,111,17,20,12,10,50,83
1050,Hallsberg,Örebro län,65,498,30,24,16,38,125,240
761,Hallsberg,Örebro län,39,293,27,31,24,37,100,200
1006,Hallsberg,Örebro län,43,397,31,49,22,39,168,245
1261,Hallsberg,Örebro län,65,463,37,57,48,52,176,353
998,Hallsberg,Örebro län,34,450,28,59,39,37,157,186
1002,Hallsberg,Örebro län,49,271,22,68,29,64,139,344
818,Hallsberg,Örebro län,40,229,23,67,21,37,112,274
928,Hallsberg,Örebro län,37,264,40,71,33,56,156,260
1269,Hallsberg,Örebro län,48,407,25,105,27,59,213,365
362,Hallsberg,Örebro län,21,106,11,37,11,19,49,104
277,Hallsberg,Örebro län,6,86,5,25,10,17,35,90
113,Degerfors,Örebro län,7,48,6,9,0,5,10,24
979,Degerfors,Örebro län,79,491,22,32,16,40,79,211
882,Degerfors,Örebro län,52,341,18,21,25,31,115,271
944,Degerfors,Örebro län,97,346,29,27,21,35,132,245
970,Degerfors,Örebro län,112,420,17,27,22,30,77,252
1304,Degerfors,Örebro län,54,502,27,42,37,61,201,362
669,Degerfors,Örebro län,40,188,21,71,14,43,95,189
400,Degerfors,Örebro län,44,146,8,15,8,15,41,112
69,Hällefors,Örebro län,12,19,2,4,1,1,14,16
1186,Hällefors,Örebro län,57,469,19,28,25,41,166,370
915,Hällefors,Örebro län,53,421,15,32,13,26,94,249
873,Hällefors,Örebro län,61,330,26,45,16,22,103,260
973,Hällefors,Örebro län,54,298,44,61,29,36,147,290
369,Ljusnarsberg,Örebro län,26,92,3,14,8,17,49,144
403,Ljusnarsberg,Örebro län,17,116,12,7,8,23,35,178
305,Ljusnarsberg,Örebro län,12,81,4,6,1,10,44,135
679,Ljusnarsberg,Örebro län,27,258,13,27,10,29,104,198
406,Ljusnarsberg,Örebro län,19,103,11,16,6,16,78,152
683,Ljusnarsberg,Örebro län,54,284,12,16,17,23,80,185
1084,Örebro,Örebro län,119,313,87,73,55,48,183,168
1058,Örebro,Örebro län,103,373,67,59,57,41,140,200
918,Örebro,Örebro län,85,349,30,48,48,34,136,172
1091,Örebro,Örebro län,103,336,49,88,86,35,212,171
1144,Örebro,Örebro län,72,375,64,92,109,50,225,148
990,Örebro,Örebro län,61,300,70,68,87,38,223,138
1087,Örebro,Örebro län,88,314,58,90,91,44,236,152
1138,Örebro,Örebro län,89,345,79,85,82,49,238,154
950,Örebro,Örebro län,80,379,36,45,39,51,122,175
1004,Örebro,Örebro län,39,281,51,97,104,51,238,137
836,Örebro,Örebro län,108,275,28,55,44,44,113,150
1108,Örebro,Örebro län,62,338,48,64,95,61,234,197
1250,Örebro,Örebro län,73,294,41,105,91,69,362,208
1230,Örebro,Örebro län,88,419,87,88,72,50,230,173
1065,Örebro,Örebro län,92,321,61,65,52,52,223,180
1123,Örebro,Örebro län,86,355,45,80,54,69,287,138
965,Örebro,Örebro län,85,321,63,56,77,45,171,137
1454,Örebro,Örebro län,151,394,98,114,100,60,277,218
744,Örebro,Örebro län,50,227,25,49,55,51,171,111
780,Örebro,Örebro län,75,325,27,29,32,41,68,169
923,Örebro,Örebro län,90,341,42,54,48,41,134,157
896,Örebro,Örebro län,99,274,69,68,45,40,113,175
1022,Örebro,Örebro län,42,343,43,68,80,55,214,170
798,Örebro,Örebro län,91,294,33,46,48,34,90,143
929,Örebro,Örebro län,113,272,62,77,40,33,143,172
972,Örebro,Örebro län,109,316,65,61,50,48,159,150
1101,Örebro,Örebro län,70,385,109,95,57,46,203,129
1112,Örebro,Örebro län,30,381,85,113,102,49,223,127
1104,Örebro,Örebro län,95,359,80,86,69,35,190,175
835,Örebro,Örebro län,61,265,46,49,72,43,165,126
951,Örebro,Örebro län,128,318,46,46,47,31,119,190
984,Örebro,Örebro län,103,356,38,48,45,38,144,196
1052,Örebro,Örebro län,112,338,51,67,62,53,159,202
1041,Örebro,Örebro län,87,346,45,69,86,52,191,146
978,Örebro,Örebro län,79,302,63,67,89,47,173,148
816,Örebro,Örebro län,73,239,39,57,65,33,177,127
722,Örebro,Örebro län,40,226,19,35,32,132,89,133
924,Örebro,Örebro län,56,243,44,70,42,77,158,224
1159,Örebro,Örebro län,61,487,62,60,69,68,161,175
616,Örebro,Örebro län,111,243,16,21,9,78,38,65
475,Örebro,Örebro län,72,176,5,17,8,40,46,77
953,Örebro,Örebro län,37,386,35,47,57,86,147,148
803,Örebro,Örebro län,161,333,22,26,12,31,58,105
893,Örebro,Örebro län,55,451,38,38,33,36,100,134
932,Örebro,Örebro län,76,398,26,22,39,49,106,202
882,Örebro,Örebro län,119,305,51,50,27,39,85,185
1040,Örebro,Örebro län,110,395,57,47,48,48,146,181
786,Örebro,Örebro län,79,255,46,52,45,42,130,135
864,Örebro,Örebro län,62,242,56,73,79,41,202,91
994,Örebro,Örebro län,56,298,65,88,98,42,216,124
1027,Örebro,Örebro län,51,351,73,77,107,36,191,131
783,Örebro,Örebro län,78,325,22,23,30,43,58,188
1330,Örebro,Örebro län,37,368,65,101,105,69,378,203
817,Örebro,Örebro län,40,276,67,76,65,38,146,100
942,Örebro,Örebro län,69,286,80,82,59,96,146,101
608,Örebro,Örebro län,90,224,31,22,8,34,46,115
731,Örebro,Örebro län,96,299,27,35,12,47,55,143
937,Örebro,Örebro län,79,320,72,65,53,39,160,141
1123,Örebro,Örebro län,56,388,92,102,98,37,228,114
1233,Örebro,Örebro län,64,361,89,133,96,63,290,120
1124,Örebro,Örebro län,172,310,81,116,65,47,220,90
852,Örebro,Örebro län,39,259,63,60,57,44,214,113
1134,Örebro,Örebro län,39,341,29,72,63,64,293,224
1264,Örebro,Örebro län,46,332,55,95,65,77,319,264
1411,Örebro,Örebro län,71,385,78,98,69,103,206,393
1215,Örebro,Örebro län,66,417,82,75,50,51,170,296
917,Örebro,Örebro län,35,295,71,88,47,45,158,169
900,Örebro,Örebro län,46,212,42,90,39,70,146,248
745,Örebro,Örebro län,29,183,25,85,41,41,118,214
1196,Örebro,Örebro län,42,334,68,98,74,66,201,294
968,Örebro,Örebro län,39,321,60,97,43,60,204,128
1117,Örebro,Örebro län,58,366,49,67,57,71,241,192
1260,Örebro,Örebro län,48,377,76,96,102,61,292,197
949,Örebro,Örebro län,46,349,41,66,47,51,186,152
700,Örebro,Örebro län,36,188,27,44,22,70,106,198
480,Örebro,Örebro län,29,128,11,26,17,38,58,165
603,Örebro,Örebro län,15,127,16,62,18,48,97,215
1133,Örebro,Örebro län,40,323,28,61,32,124,148,364
1372,Örebro,Örebro län,53,418,58,106,61,108,213,337
487,Örebro,Örebro län,22,126,28,44,18,41,99,106
1302,Örebro,Örebro län,41,343,49,104,73,81,247,345
491,Örebro,Örebro län,21,115,33,64,28,19,81,118
1392,Örebro,Örebro län,50,357,67,144,71,72,286,332
612,Örebro,Örebro län,23,171,22,75,34,28,132,121
880,Örebro,Örebro län,59,364,38,53,42,59,137,112
817,Örebro,Örebro län,44,285,47,43,29,78,137,142
500,Örebro,Örebro län,83,224,9,23,1,15,34,27
650,Örebro,Örebro län,84,309,14,33,8,17,28,55
800,Örebro,Örebro län,140,363,18,45,3,24,19,48
820,Örebro,Örebro län,47,219,29,56,42,150,169,100
1021,Örebro,Örebro län,63,328,46,80,71,131,149,142
846,Örebro,Örebro län,149,366,40,32,21,24,45,124
927,Örebro,Örebro län,62,314,78,66,69,77,138,121
905,Örebro,Örebro län,56,273,69,96,72,33,149,141
1097,Örebro,Örebro län,129,393,50,65,42,50,145,200
850,Örebro,Örebro län,79,346,41,52,37,37,108,138
506,Örebro,Örebro län,70,213,26,25,12,29,33,82
1260,Örebro,Örebro län,32,464,49,93,109,79,251,169
1118,Örebro,Örebro län,44,342,53,85,94,68,239,185
1114,Örebro,Örebro län,41,304,35,78,71,74,306,191
1209,Örebro,Örebro län,22,337,46,95,113,68,358,162
1067,Örebro,Örebro län,39,343,56,78,100,51,240,156
398,Kumla,Örebro län,27,123,13,13,15,22,82,94
1398,Kumla,Örebro län,39,455,30,78,66,81,262,377
1171,Kumla,Örebro län,26,294,25,116,52,89,204,338
1258,Kumla,Örebro län,45,371,54,64,88,67,273,283
1006,Kumla,Örebro län,71,395,24,41,30,38,103,279
1069,Kumla,Örebro län,63,418,19,48,41,45,152,266
1171,Kumla,Örebro län,50,489,26,65,47,58,156,272
1285,Kumla,Örebro län,70,417,29,62,67,78,222,326
1323,Kumla,Örebro län,64,460,39,65,72,68,243,303
1248,Kumla,Örebro län,50,433,34,40,53,67,174,385
1069,Kumla,Örebro län,31,309,13,70,58,53,284,242
1059,Kumla,Örebro län,46,363,30,61,52,70,174,259
686,Kumla,Örebro län,20,173,26,64,29,52,115,194
422,Askersund,Örebro län,19,115,20,31,10,20,82,118
1248,Askersund,Örebro län,36,489,45,65,50,66,198,277
1206,Askersund,Örebro län,53,448,26,53,26,65,176,339
753,Askersund,Örebro län,22,206,10,80,17,49,140,213
1089,Askersund,Örebro län,39,337,39,58,29,74,162,336
828,Askersund,Örebro län,29,242,33,54,27,57,121,250
478,Askersund,Örebro län,20,137,31,58,12,27,52,136
1004,Askersund,Örebro län,19,283,16,64,27,47,177,363
789,Askersund,Örebro län,25,247,11,42,21,33,115,285
543,Karlskoga,Örebro län,39,164,17,23,15,23,119,132
1198,Karlskoga,Örebro län,36,428,34,50,39,62,271,264
1135,Karlskoga,Örebro län,43,461,34,44,40,41,210,245
820,Karlskoga,Örebro län,51,363,21,26,18,36,104,176
1104,Karlskoga,Örebro län,74,389,37,28,40,42,217,259
1233,Karlskoga,Örebro län,33,389,20,69,26,54,245,387
1078,Karlskoga,Örebro län,86,392,22,40,15,40,177,288
1091,Karlskoga,Örebro län,57,380,23,39,28,44,238,271
1150,Karlskoga,Örebro län,64,476,30,36,31,32,189,283
1053,Karlskoga,Örebro län,69,431,37,31,23,32,181,237
1222,Karlskoga,Örebro län,52,446,44,59,54,49,303,206
1116,Karlskoga,Örebro län,59,447,17,44,36,43,222,230
1234,Karlskoga,Örebro län,52,453,30,51,68,64,271,225
1129,Karlskoga,Örebro län,61,455,26,51,41,48,181,252
1005,Karlskoga,Örebro län,64,439,36,28,16,34,144,230
1251,Karlskoga,Örebro län,63,425,35,58,38,45,242,334
1171,Karlskoga,Örebro län,43,497,26,48,35,44,214,258
1071,Karlskoga,Örebro län,40,304,24,71,30,39,184,368
345,Nora,Örebro län,30,104,19,20,15,19,56,71
488,Nora,Örebro län,22,101,22,65,16,46,67,134
946,Nora,Örebro län,44,358,23,51,39,57,130,229
834,Nora,Örebro län,47,324,34,35,34,45,99,204
898,Nora,Örebro län,50,268,33,54,33,38,128,280
1043,Nora,Örebro län,51,347,51,53,35,68,163,245
652,Nora,Örebro län,8,217,23,38,25,29,98,207
981,Nora,Örebro län,37,310,71,60,40,53,183,214
844,Nora,Örebro län,43,287,30,48,24,41,128,230
387,Lindesberg,Örebro län,30,94,18,17,13,19,70,108
478,Lindesberg,Örebro län,18,97,21,15,9,27,81,204
1099,Lindesberg,Örebro län,76,357,31,33,56,51,214,272
987,Lindesberg,Örebro län,25,211,42,64,37,77,159,362
1365,Lindesberg,Örebro län,89,469,41,87,41,71,238,306
676,Lindesberg,Örebro län,20,194,19,50,13,53,92,219
1334,Lindesberg,Örebro län,51,465,42,65,33,64,266,329
913,Lindesberg,Örebro län,48,308,22,43,21,40,157,252
826,Lindesberg,Örebro län,53,390,28,39,21,30,113,141
922,Lindesberg,Örebro län,61,243,29,41,14,36,121,367
1230,Lindesberg,Örebro län,63,325,29,63,32,56,136,508
1212,Lindesberg,Örebro län,57,445,20,71,26,58,177,329
1061,Lindesberg,Örebro län,53,315,41,90,31,51,162,309
694,Lindesberg,Örebro län,34,191,17,70,18,42,112,195
885,Lindesberg,Örebro län,36,232,29,72,13,66,122,292
511,Lindesberg,Örebro län,26,96,25,56,14,32,63,184
473,Lindesberg,Örebro län,27,112,35,25,13,38,54,157
426,Skinnskatteberg,Västmanlands län,25,147,11,17,18,16,42,148
1169,Skinnskatteberg,Västmanlands län,56,371,34,58,47,58,142,388
1192,Skinnskatteberg,Västmanlands län,64,440,32,39,52,73,140,340
366,Surahammar,Västmanlands län,15,115,9,17,12,17,57,122
987,Surahammar,Västmanlands län,44,285,19,26,32,49,156,364
1013,Surahammar,Västmanlands län,38,351,14,19,22,53,179,326
957,Surahammar,Västmanlands län,73,329,16,24,30,39,153,282
1100,Surahammar,Västmanlands län,53,454,22,28,21,52,145,319
955,Surahammar,Västmanlands län,47,363,23,26,11,28,79,366
807,Surahammar,Västmanlands län,42,251,16,30,27,36,90,307
385,Kungsör,Västmanlands län,24,89,11,28,21,29,72,98
1236,Kungsör,Västmanlands län,61,456,23,69,34,64,197,316
1061,Kungsör,Västmanlands län,69,389,24,35,47,53,126,303
1078,Kungsör,Västmanlands län,40,342,32,54,44,58,193,310
782,Kungsör,Västmanlands län,25,223,16,54,28,55,123,255
914,Kungsör,Västmanlands län,25,248,28,43,26,66,173,298
496,Hallstahammar,Västmanlands län,39,140,22,24,20,23,64,153
1007,Hallstahammar,Västmanlands län,79,348,16,34,14,43,120,329
1141,Hallstahammar,Västmanlands län,53,428,21,43,32,63,186,302
808,Hallstahammar,Västmanlands län,71,298,21,25,17,40,93,228
1016,Hallstahammar,Västmanlands län,49,329,27,37,29,48,163,328
1049,Hallstahammar,Västmanlands län,68,406,19,35,33,56,141,272
1034,Hallstahammar,Västmanlands län,55,359,31,45,42,48,168,270
864,Hallstahammar,Västmanlands län,67,410,13,27,11,42,105,173
980,Hallstahammar,Västmanlands län,38,290,32,63,30,41,164,305
789,Hallstahammar,Västmanlands län,48,267,22,34,25,35,105,244
941,Hallstahammar,Västmanlands län,34,256,40,70,40,53,189,248
231,Norberg,Västmanlands län,25,62,10,10,9,9,37,61
734,Norberg,Västmanlands län,66,234,27,19,20,41,110,204
1332,Norberg,Västmanlands län,110,522,33,27,46,57,190,331
964,Norberg,Västmanlands län,59,430,19,21,20,37,130,228
326,Norberg,Västmanlands län,16,76,15,30,17,21,45,101
1804,Västerås,Västmanlands län,174,502,84,129,110,72,398,301
1053,Västerås,Västmanlands län,107,278,38,59,48,62,237,220
1011,Västerås,Västmanlands län,73,262,42,56,66,42,283,170
1148,Västerås,Västmanlands län,81,368,74,70,58,43,237,205
859,Västerås,Västmanlands län,108,251,32,35,41,47,177,159
1022,Västerås,Västmanlands län,42,277,40,90,71,30,307,159
1320,Västerås,Västmanlands län,35,344,62,94,98,62,426,190
1109,Västerås,Västmanlands län,48,267,45,76,74,59,345,183
1102,Västerås,Västmanlands län,39,294,48,77,90,67,319,162
1091,Västerås,Västmanlands län,77,310,41,67,60,44,277,202
1078,Västerås,Västmanlands län,74,279,49,67,81,59,283,174
1271,Västerås,Västmanlands län,49,288,50,87,120,75,419,175
1155,Västerås,Västmanlands län,78,355,52,60,82,48,303,166
842,Västerås,Västmanlands län,56,262,50,48,56,30,183,147
951,Västerås,Västmanlands län,151,389,34,41,17,34,96,137
1287,Västerås,Västmanlands län,54,302,73,97,118,61,390,182
958,Västerås,Västmanlands län,68,331,51,67,52,36,178,158
920,Västerås,Västmanlands län,80,323,44,53,49,33,184,134
930,Västerås,Västmanlands län,82,338,30,30,41,48,151,196
821,Västerås,Västmanlands län,107,302,24,42,24,41,111,137
899,Västerås,Västmanlands län,167,381,12,45,18,25,55,155
703,Västerås,Västmanlands län,109,305,16,43,11,14,70,106
1016,Västerås,Västmanlands län,81,383,21,63,51,58,170,180
797,Västerås,Västmanlands län,75,336,15,44,16,30,114,149
926,Västerås,Västmanlands län,81,327,21,27,36,52,189,175
1110,Västerås,Västmanlands län,66,305,23,58,56,91,322,179
997,Västerås,Västmanlands län,87,343,24,49,46,69,172,182
970,Västerås,Västmanlands län,82,305,48,69,45,42,176,186
1193,Västerås,Västmanlands län,22,279,30,93,72,50,410,231
819,Västerås,Västmanlands län,21,147,24,70,49,49,289,164
1110,Västerås,Västmanlands län,29,268,41,97,88,44,364,166
1162,Västerås,Västmanlands län,30,250,41,139,43,60,293,300
593,Västerås,Västmanlands län,20,151,10,39,29,38,159,145
1407,Västerås,Västmanlands län,43,324,55,95,74,93,369,345
695,Västerås,Västmanlands län,92,239,32,34,23,24,73,157
768,Västerås,Västmanlands län,89,272,38,34,32,32,114,149
629,Västerås,Västmanlands län,49,199,29,50,31,20,137,97
1317,Västerås,Västmanlands län,68,499,44,76,61,67,292,204
1235,Västerås,Västmanlands län,52,489,42,64,60,60,276,179
1054,Västerås,Västmanlands län,69,345,36,58,47,56,228,205
1150,Västerås,Västmanlands län,72,403,39,67,71,54,236,199
1109,Västerås,Västmanlands län,78,412,41,52,60,50,197,202
1206,Västerås,Västmanlands län,52,367,66,72,65,49,316,210
1327,Västerås,Västmanlands län,27,396,51,74,78,65,392,230
1163,Västerås,Västmanlands län,46,407,49,47,68,54,236,246
823,Västerås,Västmanlands län,125,345,14,33,23,29,81,147
746,Västerås,Västmanlands län,100,287,30,38,20,18,77,157
775,Västerås,Västmanlands län,112,318,22,43,32,27,65,137
678,Västerås,Västmanlands län,86,266,16,22,23,33,74,149
781,Västerås,Västmanlands län,101,360,10,40,35,45,68,86
1089,Västerås,Västmanlands län,69,336,31,53,71,79,248,188
1183,Västerås,Västmanlands län,46,260,39,73,74,161,361,153
919,Västerås,Västmanlands län,101,285,24,38,42,47,161,191
1017,Västerås,Västmanlands län,62,314,54,62,29,34,166,288
1103,Västerås,Västmanlands län,55,422,20,45,24,49,153,325
1433,Västerås,Västmanlands län,58,341,44,106,51,87,270,452
715,Västerås,Västmanlands län,46,233,20,44,30,33,161,136
847,Västerås,Västmanlands län,56,232,39,58,38,38,191,189
965,Västerås,Västmanlands län,107,329,43,40,40,31,130,240
1008,Västerås,Västmanlands län,87,352,49,43,31,38,169,228
1013,Västerås,Västmanlands län,87,362,38,45,55,36,188,194
1022,Västerås,Västmanlands län,52,295,52,59,51,37,217,246
992,Västerås,Västmanlands län,51,334,29,47,53,47,162,256
1004,Västerås,Västmanlands län,70,315,20,42,30,46,188,278
1164,Västerås,Västmanlands län,72,351,48,73,66,52,256,235
1152,Västerås,Västmanlands län,84,396,51,49,46,43,180,286
1095,Västerås,Västmanlands län,66,388,50,48,46,31,207,251
1172,Västerås,Västmanlands län,69,386,41,40,34,39,200,351
1161,Västerås,Västmanlands län,63,346,62,69,69,66,268,208
999,Västerås,Västmanlands län,71,367,23,39,27,33,154,260
886,Västerås,Västmanlands län,68,342,28,46,33,29,123,211
895,Västerås,Västmanlands län,48,257,35,47,49,42,240,172
728,Västerås,Västmanlands län,85,266,23,16,19,26,87,190
843,Västerås,Västmanlands län,48,322,24,21,20,21,123,242
1241,Västerås,Västmanlands län,36,379,40,76,66,67,274,291
1228,Västerås,Västmanlands län,28,254,24,85,67,71,350,339
1158,Västerås,Västmanlands län,32,346,24,71,59,62,299,257
1378,Västerås,Västmanlands län,43,404,28,79,45,75,281,415
734,Västerås,Västmanlands län,27,141,20,66,46,50,151,220
930,Västerås,Västmanlands län,106,376,28,35,22,29,130,187
1112,Västerås,Västmanlands län,60,430,32,38,39,36,181,274
1031,Västerås,Västmanlands län,65,343,55,63,63,40,208,180
1125,Västerås,Västmanlands län,33,283,58,78,80,50,365,167
1019,Västerås,Västmanlands län,60,246,48,70,61,71,295,158
920,Västerås,Västmanlands län,43,279,36,54,62,41,235,164
1056,Västerås,Västmanlands län,27,281,42,59,75,38,346,180
1269,Västerås,Västmanlands län,31,319,59,91,93,51,422,194
750,Västerås,Västmanlands län,18,186,35,69,44,44,270,81
840,Västerås,Västmanlands län,7,228,21,41,35,46,248,205
911,Västerås,Västmanlands län,20,286,25,50,43,52,272,160
1027,Västerås,Västmanlands län,34,229,28,95,48,51,216,309
1058,Västerås,Västmanlands län,48,309,46,73,63,44,304,164
1051,Västerås,Västmanlands län,21,264,33,57,72,51,272,274
563,Sala,Västmanlands län,51,164,26,34,25,33,72,145
1382,Sala,Västmanlands län,87,462,57,86,48,46,235,349
1013,Sala,Västmanlands län,102,440,31,47,21,28,103,216
882,Sala,Västmanlands län,82,337,27,43,23,29,139,191
1164,Sala,Västmanlands län,65,414,43,69,46,58,223,232
1199,Sala,Västmanlands län,51,405,24,78,33,67,194,329
1141,Sala,Västmanlands län,29,236,31,121,27,87,229,369
1487,Sala,Västmanlands län,81,495,37,79,43,94,309,337
1365,Sala,Västmanlands län,88,458,53,51,55,56,240,345
1390,Sala,Västmanlands län,40,329,29,152,28,122,199,480
1165,Sala,Västmanlands län,50,294,43,128,31,70,204,323
1257,Sala,Västmanlands län,37,334,25,110,39,78,224,395
797,Sala,Västmanlands län,27,150,15,76,21,60,116,315
404,Fagersta,Västmanlands län,33,157,11,13,17,15,47,105
813,Fagersta,Västmanlands län,93,368,13,28,3,24,54,223
1037,Fagersta,Västmanlands län,101,397,22,31,23,45,117,283
1170,Fagersta,Västmanlands län,106,424,33,20,24,49,157,344
835,Fagersta,Västmanlands län,51,283,22,18,28,50,132,245
1261,Fagersta,Västmanlands län,85,421,22,46,30,71,228,354
1154,Fagersta,Västmanlands län,64,411,33,51,30,62,226,264
960,Fagersta,Västmanlands län,54,254,30,45,34,52,166,309
501,Köping,Västmanlands län,46,180,10,27,12,35,68,111
1318,Köping,Västmanlands län,91,392,32,56,21,94,160,444
1036,Köping,Västmanlands län,66,362,42,46,28,59,141,280
1067,Köping,Västmanlands län,72,432,10,53,20,71,105,293
1077,Köping,Västmanlands län,63,304,26,53,32,70,172,345
935,Köping,Västmanlands län,60,349,14,40,29,59,127,247
1075,Köping,Västmanlands län,89,371,15,40,35,46,156,313
1432,Köping,Västmanlands län,49,444,24,56,64,87,318,384
1184,Köping,Västmanlands län,90,400,29,38,41,77,190,310
954,Köping,Västmanlands län,38,335,20,38,25,67,173,254
619,Köping,Västmanlands län,152,279,12,14,3,18,43,89
1365,Köping,Västmanlands län,62,373,33,88,44,109,253,386
951,Köping,Västmanlands län,36,277,19,45,16,52,104,396
1217,Köping,Västmanlands län,56,366,28,71,31,74,124,450
1225,Köping,Västmanlands län,39,327,38,115,39,98,206,354
252,Arboga,Västmanlands län,19,60,14,13,17,15,34,76
1153,Arboga,Västmanlands län,40,418,35,47,47,60,231,266
957,Arboga,Västmanlands län,41,380,26,44,29,47,177,208
1143,Arboga,Västmanlands län,61,445,70,49,49,51,182,220
1128,Arboga,Västmanlands län,78,396,44,40,44,34,160,313
744,Arboga,Västmanlands län,40,249,20,27,22,36,132,206
1462,Arboga,Västmanlands län,73,499,42,59,58,78,314,321
828,Arboga,Västmanlands län,44,237,20,70,14,36,146,258
1414,Arboga,Västmanlands län,41,385,45,125,44,77,224,456
170,Vansbro,Dalarnas län,4,44,6,9,5,14,22,64
1634,Vansbro,Dalarnas län,96,535,24,113,26,127,241,453
1472,Vansbro,Dalarnas län,56,373,34,156,33,225,189,385
545,Vansbro,Dalarnas län,28,169,10,29,9,46,72,169
569,Vansbro,Dalarnas län,27,138,8,53,11,56,94,171
368,Malung-Sälen,Dalarnas län,21,97,13,23,17,15,81,96
1219,Malung-Sälen,Dalarnas län,71,391,31,68,38,63,184,361
963,Malung-Sälen,Dalarnas län,29,260,20,40,40,69,163,322
408,Malung-Sälen,Dalarnas län,23,96,6,27,3,18,54,169
290,Malung-Sälen,Dalarnas län,15,88,8,15,8,8,21,125
1173,Malung-Sälen,Dalarnas län,60,395,14,57,36,72,167,347
1051,Malung-Sälen,Dalarnas län,20,174,13,38,21,97,226,439
1314,Malung-Sälen,Dalarnas län,40,276,23,100,59,98,384,321
513,Gagnef,Dalarnas län,33,126,32,43,12,29,79,149
1412,Gagnef,Dalarnas län,71,391,18,90,35,142,208,442
1210,Gagnef,Dalarnas län,57,324,71,120,43,121,188,275
1244,Gagnef,Dalarnas län,63,349,46,88,43,129,200,317
729,Gagnef,Dalarnas län,34,200,28,59,21,66,78,233
751,Gagnef,Dalarnas län,36,201,24,66,24,43,142,212
608,Gagnef,Dalarnas län,35,145,52,71,11,50,74,162
501,Gagnef,Dalarnas län,10,148,2,37,11,47,97,147
397,Leksand,Dalarnas län,29,124,22,32,9,35,67,70
1388,Leksand,Dalarnas län,58,430,57,102,62,96,319,255
1356,Leksand,Dalarnas län,68,406,68,108,47,109,222,314
1111,Leksand,Dalarnas län,90,397,33,87,39,58,195,205
982,Leksand,Dalarnas län,50,315,54,95,34,64,160,200
1289,Leksand,Dalarnas län,51,356,68,122,37,114,214,315
1473,Leksand,Dalarnas län,67,419,61,113,72,110,361,256
1001,Leksand,Dalarnas län,52,272,39,63,25,92,189,253
759,Leksand,Dalarnas län,48,205,13,38,25,80,116,217
1262,Leksand,Dalarnas län,54,363,53,115,43,131,207,273
206,Rättvik,Dalarnas län,17,33,14,14,4,13,45,63
1340,Rättvik,Dalarnas län,50,426,51,93,44,101,220,331
1590,Rättvik,Dalarnas län,46,424,90,129,55,125,328,372
1347,Rättvik,Dalarnas län,48,426,40,116,34,106,191,358
1291,Rättvik,Dalarnas län,45,334,39,76,29,107,202,449
1178,Rättvik,Dalarnas län,38,357,39,75,31,76,203,348
734,Rättvik,Dalarnas län,37,201,8,25,4,44,81,325
303,Orsa,Dalarnas län,23,65,13,16,14,6,53,103
1004,Orsa,Dalarnas län,47,307,18,67,25,66,116,342
514,Orsa,Dalarnas län,65,86,48,42,10,42,42,158
1111,Orsa,Dalarnas län,27,267,35,89,31,75,184,387
621,Orsa,Dalarnas län,24,158,19,35,15,44,86,232
1045,Orsa,Dalarnas län,59,349,36,50,32,71,135,290
344,Älvdalen,Dalarnas län,14,94,13,19,5,22,26,141
1221,Älvdalen,Dalarnas län,53,376,35,95,27,97,144,362
707,Älvdalen,Dalarnas län,27,198,5,54,15,64,53,268
602,Älvdalen,Dalarnas län,17,174,11,37,8,56,47,236
405,Älvdalen,Dalarnas län,9,110,1,31,4,34,43,156
602,Älvdalen,Dalarnas län,15,149,8,26,9,52,63,265
734,Älvdalen,Dalarnas län,27,222,22,42,18,45,113,229
378,Smedjebacken,Dalarnas län,35,108,13,18,8,19,61,110
1242,Smedjebacken,Dalarnas län,89,509,46,35,12,42,137,359
1060,Smedjebacken,Dalarnas län,45,326,22,55,24,54,186,339
1129,Smedjebacken,Dalarnas län,55,468,23,46,18,36,160,309
931,Smedjebacken,Dalarnas län,52,364,16,28,21,34,118,286
815,Smedjebacken,Dalarnas län,48,386,13,29,14,20,79,216
1396,Smedjebacken,Dalarnas län,54,393,40,76,35,74,232,469
417,Smedjebacken,Dalarnas län,15,122,7,13,11,24,63,161
412,Mora,Dalarnas län,37,112,22,31,11,23,58,107
1375,Mora,Dalarnas län,44,377,35,75,33,96,196,502
1059,Mora,Dalarnas län,56,320,36,52,26,66,158,332
1168,Mora,Dalarnas län,74,373,50,90,36,74,208,237
839,Mora,Dalarnas län,24,230,19,63,16,77,103,299
1252,Mora,Dalarnas län,45,406,49,98,52,59,272,250
1099,Mora,Dalarnas län,63,348,41,92,51,59,172,257
1272,Mora,Dalarnas län,44,357,47,84,40,78,235,374
984,Mora,Dalarnas län,39,340,22,62,28,44,166,270
998,Mora,Dalarnas län,42,328,19,53,20,73,177,271
1160,Mora,Dalarnas län,19,309,26,86,22,100,149,437
943,Mora,Dalarnas län,25,285,14,60,30,71,167,280
1190,Mora,Dalarnas län,84,290,67,130,28,73,144,366
1187,Falun,Dalarnas län,94,313,67,102,44,78,245,214
1043,Falun,Dalarnas län,48,309,71,86,60,61,237,162
1273,Falun,Dalarnas län,129,447,95,68,39,48,208,220
931,Falun,Dalarnas län,88,379,56,60,37,31,118,147
1195,Falun,Dalarnas län,59,377,70,88,51,56,260,215
1016,Falun,Dalarnas län,98,314,68,79,53,48,197,139
739,Falun,Dalarnas län,70,292,28,43,25,29,92,137
1077,Falun,Dalarnas län,82,420,70,80,31,45,167,166
1127,Falun,Dalarnas län,75,388,78,95,40,69,210,154
1268,Falun,Dalarnas län,59,403,75,92,48,77,313,183
785,Falun,Dalarnas län,65,243,40,57,36,37,176,118
985,Falun,Dalarnas län,44,320,63,82,53,51,212,148
1219,Falun,Dalarnas län,97,444,40,65,22,56,166,314
1466,Falun,Dalarnas län,54,503,117,131,74,65,305,202
913,Falun,Dalarnas län,101,342,31,47,21,51,96,186
854,Falun,Dalarnas län,66,259,57,64,39,44,188,126
978,Falun,Dalarnas län,140,348,44,41,20,40,115,192
1005,Falun,Dalarnas län,62,283,138,101,70,51,200,82
1003,Falun,Dalarnas län,59,293,120,101,87,40,186,104
751,Falun,Dalarnas län,37,314,59,55,30,44,136,72
790,Falun,Dalarnas län,53,241,99,67,42,24,165,91
1029,Falun,Dalarnas län,37,266,49,115,36,81,203,228
1230,Falun,Dalarnas län,59,279,65,123,34,92,279,288
1172,Falun,Dalarnas län,72,361,72,94,50,65,227,219
974,Falun,Dalarnas län,51,308,41,60,46,54,172,228
1010,Falun,Dalarnas län,47,293,49,87,33,59,231,203
921,Falun,Dalarnas län,34,285,41,101,21,43,172,218
593,Falun,Dalarnas län,26,110,8,54,8,63,102,211
914,Falun,Dalarnas län,31,226,49,72,23,69,153,280
1148,Falun,Dalarnas län,53,328,36,84,36,65,204,333
727,Falun,Dalarnas län,49,238,35,60,33,33,123,133
803,Falun,Dalarnas län,26,268,62,77,50,45,160,107
1079,Falun,Dalarnas län,40,252,27,101,18,87,207,335
951,Falun,Dalarnas län,65,319,91,99,50,43,167,106
1355,Falun,Dalarnas län,66,409,66,107,35,108,206,342
1073,Falun,Dalarnas län,28,300,28,90,23,91,181,315
870,Falun,Dalarnas län,64,290,66,81,31,46,151,123
1082,Falun,Dalarnas län,29,361,100,119,69,53,241,101
1058,Falun,Dalarnas län,34,315,76,89,49,63,209,210
524,Borlänge,Dalarnas län,48,148,21,31,19,18,90,125
1455,Borlänge,Dalarnas län,63,513,55,65,62,74,260,344
780,Borlänge,Dalarnas län,76,366,38,31,8,19,66,143
994,Borlänge,Dalarnas län,109,316,43,44,26,38,161,229
1276,Borlänge,Dalarnas län,95,442,33,57,38,57,228,310
788,Borlänge,Dalarnas län,63,307,26,30,17,18,122,195
1019,Borlänge,Dalarnas län,95,419,62,41,28,29,110,204
1387,Borlänge,Dalarnas län,80,494,46,57,40,73,197,382
862,Borlänge,Dalarnas län,31,360,22,35,31,51,141,183
884,Borlänge,Dalarnas län,50,307,22,37,25,44,154,234
1176,Borlänge,Dalarnas län,71,386,51,74,64,60,222,233
1024,Borlänge,Dalarnas län,55,271,34,49,31,63,169,338
1181,Borlänge,Dalarnas län,83,371,56,53,60,62,171,308
970,Borlänge,Dalarnas län,94,394,42,41,37,24,167,153
618,Borlänge,Dalarnas län,55,420,47,10,3,6,21,43
1017,Borlänge,Dalarnas län,43,435,41,52,25,39,142,230
1054,Borlänge,Dalarnas län,68,383,40,56,37,45,173,233
919,Borlänge,Dalarnas län,70,252,27,65,30,43,194,227
1249,Borlänge,Dalarnas län,68,423,52,72,44,68,228,273
1240,Borlänge,Dalarnas län,78,425,47,57,48,71,185,318
1410,Borlänge,Dalarnas län,54,524,39,70,69,61,280,296
1225,Borlänge,Dalarnas län,65,403,33,57,39,46,202,363
1500,Borlänge,Dalarnas län,76,423,40,96,66,88,272,424
1201,Borlänge,Dalarnas län,75,468,49,60,51,60,140,279
1433,Borlänge,Dalarnas län,47,344,37,126,52,87,257,463
1194,Borlänge,Dalarnas län,36,349,59,86,41,75,249,289
1198,Borlänge,Dalarnas län,26,309,46,97,48,71,316,277
1194,Borlänge,Dalarnas län,36,273,30,77,30,81,199,447
1076,Borlänge,Dalarnas län,107,306,32,51,55,44,216,251
166,Säter,Dalarnas län,13,49,11,6,6,6,25,47
1121,Säter,Dalarnas län,78,459,39,54,25,56,165,229
1051,Säter,Dalarnas län,47,405,31,54,23,55,166,253
1475,Säter,Dalarnas län,59,504,51,108,33,89,226,392
1533,Säter,Dalarnas län,59,325,32,179,32,119,274,489
1370,Säter,Dalarnas län,48,358,44,132,46,108,254,366
847,Säter,Dalarnas län,40,237,21,61,31,61,146,241
411,Hedemora,Dalarnas län,35,112,14,22,11,28,85,94
1502,Hedemora,Dalarnas län,79,470,47,95,45,95,239,409
1325,Hedemora,Dalarnas län,82,390,40,75,21,101,235,370
1671,Hedemora,Dalarnas län,81,462,58,124,49,111,312,448
1537,Hedemora,Dalarnas län,90,454,58,107,23,91,253,429
733,Hedemora,Dalarnas län,36,211,16,25,5,48,104,283
526,Hedemora,Dalarnas län,41,138,29,23,14,31,50,174
964,Hedemora,Dalarnas län,45,239,55,98,20,67,165,256
1074,Hedemora,Dalarnas län,60,411,24,39,14,36,127,347
522,Avesta,Dalarnas län,39,197,20,30,12,17,74,122
1458,Avesta,Dalarnas län,66,575,28,47,47,60,227,393
1214,Avesta,Dalarnas län,80,489,34,45,28,48,171,302
1213,Avesta,Dalarnas län,57,456,24,52,35,63,162,344
1133,Avesta,Dalarnas län,63,485,16,33,29,43,144,289
782,Avesta,Dalarnas län,27,271,18,53,14,49,85,251
749,Avesta,Dalarnas län,36,169,35,90,20,53,128,210
1093,Avesta,Dalarnas län,50,300,36,64,37,60,210,324
865,Avesta,Dalarnas län,30,278,21,46,17,65,115,280
984,Avesta,Dalarnas län,74,406,24,27,18,41,100,263
1372,Avesta,Dalarnas län,48,451,21,59,23,89,240,428
1520,Avesta,Dalarnas län,38,490,26,88,55,98,300,415
1439,Avesta,Dalarnas län,49,555,13,63,36,88,240,385
487,Ludvika,Dalarnas län,42,132,23,28,16,20,71,145
1309,Ludvika,Dalarnas län,88,454,36,63,57,56,249,297
1249,Ludvika,Dalarnas län,88,477,33,57,38,47,174,319
771,Ludvika,Dalarnas län,49,256,32,33,24,38,128,205
867,Ludvika,Dalarnas län,52,300,41,63,41,39,148,174
1376,Ludvika,Dalarnas län,59,414,28,102,28,62,243,423
744,Ludvika,Dalarnas län,38,216,21,37,21,45,99,260
1136,Ludvika,Dalarnas län,44,449,34,56,30,54,205,255
1002,Ludvika,Dalarnas län,76,490,16,30,20,34,94,220
1039,Ludvika,Dalarnas län,47,420,76,33,23,48,122,254
1183,Ludvika,Dalarnas län,39,434,34,70,77,54,242,225
1221,Ludvika,Dalarnas län,116,366,7,24,17,81,106,488
1012,Ludvika,Dalarnas län,76,358,11,23,8,56,71,380
1151,Ludvika,Dalarnas län,69,388,31,63,29,47,127,377
1317,Ludvika,Dalarnas län,72,366,30,59,41,78,194,459
463,Ludvika,Dalarnas län,51,229,8,13,7,10,27,108
212,Ockelbo,Gävleborgs län,13,64,7,11,4,13,32,66
1355,Ockelbo,Gävleborgs län,66,519,39,86,26,58,159,383
1307,Ockelbo,Gävleborgs län,72,377,45,130,25,76,133,439
926,Ockelbo,Gävleborgs län,48,300,39,49,16,43,142,282
651,Hofors,Gävleborgs län,65,211,16,25,16,38,90,183
1138,Hofors,Gävleborgs län,97,443,29,34,42,42,165,280
1120,Hofors,Gävleborgs län,87,415,25,24,23,52,126,356
943,Hofors,Gävleborgs län,103,418,15,17,14,25,93,241
682,Hofors,Gävleborgs län,72,283,10,11,14,19,68,194
1472,Hofors,Gävleborgs län,75,418,34,125,30,89,272,417
106,Ovanåker,Gävleborgs län,9,29,9,8,3,6,20,22
1508,Ovanåker,Gävleborgs län,41,394,52,192,25,241,202,351
1450,Ovanåker,Gävleborgs län,45,577,30,142,25,165,162,289
1513,Ovanåker,Gävleborgs län,63,492,27,106,38,180,197,401
1495,Ovanåker,Gävleborgs län,51,454,28,149,39,151,231,377
1438,Ovanåker,Gävleborgs län,62,417,39,150,24,121,231,380
134,Nordanstig,Gävleborgs län,14,26,6,9,2,6,20,50
1183,Nordanstig,Gävleborgs län,50,347,20,107,21,84,140,405
1121,Nordanstig,Gävleborgs län,68,379,43,94,26,67,148,280
1348,Nordanstig,Gävleborgs län,71,413,47,84,27,122,173,388
1426,Nordanstig,Gävleborgs län,96,448,36,87,46,69,225,395
805,Nordanstig,Gävleborgs län,74,289,23,46,11,42,81,228
278,Ljusdal,Gävleborgs län,29,83,18,17,8,9,49,62
1336,Ljusdal,Gävleborgs län,53,419,41,97,53,60,266,335
978,Ljusdal,Gävleborgs län,45,267,23,70,16,59,147,347
793,Ljusdal,Gävleborgs län,42,321,25,40,25,44,121,167
948,Ljusdal,Gävleborgs län,46,324,20,51,22,52,175,247
1121,Ljusdal,Gävleborgs län,49,374,36,70,46,57,223,254
885,Ljusdal,Gävleborgs län,39,338,25,55,30,44,148,195
400,Ljusdal,Gävleborgs län,19,142,8,20,10,24,25,143
1362,Ljusdal,Gävleborgs län,53,412,37,94,30,91,207,422
757,Ljusdal,Gävleborgs län,32,215,32,73,11,38,110,236
384,Ljusdal,Gävleborgs län,21,124,4,13,6,16,44,148
738,Ljusdal,Gävleborgs län,37,210,48,119,30,51,88,148
1221,Ljusdal,Gävleborgs län,55,385,61,138,46,87,178,259
842,Ljusdal,Gävleborgs län,33,247,45,101,30,40,144,193
1689,Gävle,Gävleborgs län,165,515,97,94,51,77,319,309
1407,Gävle,Gävleborgs län,70,434,76,102,73,70,318,239
1582,Gävle,Gävleborgs län,78,390,81,121,98,75,494,237
993,Gävle,Gävleborgs län,65,322,41,59,44,34,209,211
863,Gävle,Gävleborgs län,71,246,33,56,38,37,195,180
531,Gävle,Gävleborgs län,107,211,19,11,7,11,36,109
1532,Gävle,Gävleborgs län,121,502,58,79,63,56,265,364
1502,Gävle,Gävleborgs län,59,526,58,77,68,68,325,311
1686,Gävle,Gävleborgs län,53,541,73,95,82,78,463,293
1625,Gävle,Gävleborgs län,46,404,60,91,93,80,549,296
1471,Gävle,Gävleborgs län,113,485,72,105,82,46,305,243
836,Gävle,Gävleborgs län,135,348,27,28,18,19,93,151
1287,Gävle,Gävleborgs län,77,383,42,80,63,52,324,253
1423,Gävle,Gävleborgs län,89,485,53,74,77,74,272,260
939,Gävle,Gävleborgs län,142,315,45,32,39,35,125,185
1320,Gävle,Gävleborgs län,126,495,54,59,32,44,181,300
1072,Gävle,Gävleborgs län,124,395,41,38,27,24,128,267
1204,Gävle,Gävleborgs län,153,420,52,46,40,42,147,282
1210,Gävle,Gävleborgs län,93,448,58,57,38,38,188,274
902,Gävle,Gävleborgs län,30,240,39,50,31,41,220,246
1505,Gävle,Gävleborgs län,45,435,70,92,70,79,402,301
1162,Gävle,Gävleborgs län,54,365,27,52,28,56,184,378
1078,Gävle,Gävleborgs län,73,400,31,27,12,40,125,360
855,Gävle,Gävleborgs län,34,192,11,61,17,62,129,339
967,Gävle,Gävleborgs län,39,248,27,72,19,71,161,315
1549,Gävle,Gävleborgs län,53,512,63,71,68,66,346,359
1412,Gävle,Gävleborgs län,47,380,55,79,68,82,327,368
1469,Gävle,Gävleborgs län,49,373,55,73,51,107,339,408
1360,Gävle,Gävleborgs län,68,475,29,47,44,47,225,406
1328,Gävle,Gävleborgs län,49,454,46,68,36,66,211,381
1460,Gävle,Gävleborgs län,47,471,41,84,51,84,266,412
1293,Gävle,Gävleborgs län,60,462,32,46,29,70,180,408
1420,Gävle,Gävleborgs län,41,495,75,110,81,61,328,214
1223,Gävle,Gävleborgs län,106,386,57,50,46,34,240,289
1013,Gävle,Gävleborgs län,73,292,63,80,73,37,224,165
1392,Gävle,Gävleborgs län,107,519,77,50,55,49,235,268
1101,Gävle,Gävleborgs län,37,370,64,88,71,45,263,149
746,Gävle,Gävleborgs län,103,414,19,21,3,18,24,108
996,Gävle,Gävleborgs län,87,355,62,27,36,37,153,215
1219,Gävle,Gävleborgs län,72,448,39,46,27,60,202,316
1070,Gävle,Gävleborgs län,116,434,49,48,38,33,103,229
1144,Gävle,Gävleborgs län,129,500,41,31,20,34,138,212
892,Gävle,Gävleborgs län,119,341,39,44,23,27,109,153
1271,Gävle,Gävleborgs län,115,436,62,49,39,50,215,283
1361,Gävle,Gävleborgs län,90,514,50,70,58,56,254,246
1100,Gävle,Gävleborgs län,117,372,31,40,33,34,174,287
1129,Gävle,Gävleborgs län,66,349,35,32,35,44,222,332
1341,Gävle,Gävleborgs län,43,450,43,39,52,68,293,347
1045,Gävle,Gävleborgs län,45,376,38,52,32,50,207,240
1240,Gävle,Gävleborgs län,52,479,31,45,30,56,220,313
1139,Gävle,Gävleborgs län,64,454,29,35,29,39,155,318
1512,Gävle,Gävleborgs län,89,485,94,110,74,56,342,252
1692,Gävle,Gävleborgs län,45,520,63,94,52,87,408,413
641,Sandviken,Gävleborgs län,67,230,26,33,22,33,85,128
1630,Sandviken,Gävleborgs län,62,587,56,112,49,51,341,359
869,Sandviken,Gävleborgs län,77,337,16,33,16,31,107,242
903,Sandviken,Gävleborgs län,113,453,24,11,19,19,70,177
1527,Sandviken,Gävleborgs län,63,580,37,72,61,67,280,353
1168,Sandviken,Gävleborgs län,75,476,39,44,30,41,188,265
1335,Sandviken,Gävleborgs län,134,519,33,41,36,37,189,326
1314,Sandviken,Gävleborgs län,71,554,31,56,21,41,200,327
1523,Sandviken,Gävleborgs län,83,556,36,64,86,79,269,337
924,Sandviken,Gävleborgs län,66,455,22,36,16,26,58,225
1390,Sandviken,Gävleborgs län,78,562,30,65,40,55,238,311
1623,Sandviken,Gävleborgs län,64,477,33,69,34,87,262,573
1550,Sandviken,Gävleborgs län,65,543,36,72,78,60,314,370
1147,Sandviken,Gävleborgs län,69,381,46,55,29,52,166,335
1290,Sandviken,Gävleborgs län,79,395,35,64,31,50,180,448
1739,Sandviken,Gävleborgs län,75,527,41,86,36,80,275,595
1638,Sandviken,Gävleborgs län,56,520,30,94,60,87,308,473
849,Sandviken,Gävleborgs län,36,224,20,116,18,57,126,237
1314,Sandviken,Gävleborgs län,80,658,36,44,40,47,142,252
740,Söderhamn,Gävleborgs län,35,237,22,52,24,30,125,202
1203,Söderhamn,Gävleborgs län,74,489,27,64,32,59,213,227
1365,Söderhamn,Gävleborgs län,85,606,26,80,24,51,183,291
1117,Söderhamn,Gävleborgs län,67,516,19,43,19,54,119,259
1105,Söderhamn,Gävleborgs län,57,462,40,45,32,51,220,190
1015,Söderhamn,Gävleborgs län,45,337,47,75,38,50,246,170
870,Söderhamn,Gävleborgs län,39,325,28,56,30,41,141,202
1089,Söderhamn,Gävleborgs län,54,447,27,42,16,49,113,326
1260,Söderhamn,Gävleborgs län,83,557,30,35,19,30,113,379
1166,Söderhamn,Gävleborgs län,46,363,39,109,22,65,177,336
1139,Söderhamn,Gävleborgs län,78,356,42,71,23,52,152,346
1347,Söderhamn,Gävleborgs län,62,439,37,124,28,94,131,405
1260,Söderhamn,Gävleborgs län,31,439,36,69,39,81,233,323
1223,Söderhamn,Gävleborgs län,56,386,36,136,26,68,184,306
311,Bollnäs,Gävleborgs län,25,87,10,20,8,12,54,87
1241,Bollnäs,Gävleborgs län,69,508,28,82,33,56,170,284
1093,Bollnäs,Gävleborgs län,62,366,49,67,30,65,181,259
869,Bollnäs,Gävleborgs län,33,313,33,58,32,40,115,233
1237,Bollnäs,Gävleborgs län,104,574,44,57,30,50,116,252
935,Bollnäs,Gävleborgs län,74,345,24,51,30,73,144,184
1245,Bollnäs,Gävleborgs län,48,477,34,91,45,77,193,276
836,Bollnäs,Gävleborgs län,35,254,24,63,14,62,127,253
871,Bollnäs,Gävleborgs län,40,345,27,79,27,58,132,158
658,Bollnäs,Gävleborgs län,24,197,23,74,16,43,113,163
708,Bollnäs,Gävleborgs län,18,242,18,69,20,55,95,185
1159,Bollnäs,Gävleborgs län,58,500,30,73,27,58,167,242
851,Bollnäs,Gävleborgs län,38,253,18,69,25,60,118,258
1123,Bollnäs,Gävleborgs län,42,379,36,109,24,72,159,289
1135,Bollnäs,Gävleborgs län,65,421,32,66,25,81,134,295
726,Bollnäs,Gävleborgs län,36,241,27,50,12,48,98,199
1003,Bollnäs,Gävleborgs län,43,303,39,125,22,65,144,252
938,Bollnäs,Gävleborgs län,56,295,16,61,23,72,98,301
524,Hudiksvall,Gävleborgs län,56,162,35,43,16,24,75,100
1614,Hudiksvall,Gävleborgs län,87,613,91,136,54,93,290,235
1197,Hudiksvall,Gävleborgs län,80,498,60,91,36,49,213,161
1093,Hudiksvall,Gävleborgs län,68,469,26,85,21,48,156,209
1218,Hudiksvall,Gävleborgs län,86,500,57,80,40,55,180,206
831,Hudiksvall,Gävleborgs län,62,313,48,56,30,42,141,129
1040,Hudiksvall,Gävleborgs län,54,378,54,79,32,63,179,186
928,Hudiksvall,Gävleborgs län,101,434,43,49,13,41,103,134
1307,Hudiksvall,Gävleborgs län,84,426,59,106,31,68,277,238
1334,Hudiksvall,Gävleborgs län,55,495,42,108,41,70,261,251
1039,Hudiksvall,Gävleborgs län,35,326,30,103,23,71,150,290
818,Hudiksvall,Gävleborgs län,45,265,34,61,20,47,114,221
1197,Hudiksvall,Gävleborgs län,94,503,26,52,19,53,132,304
869,Hudiksvall,Gävleborgs län,79,388,23,30,7,36,74,217
976,Hudiksvall,Gävleborgs län,45,365,28,103,19,29,119,261
918,Hudiksvall,Gävleborgs län,64,282,30,105,18,63,94,242
1007,Hudiksvall,Gävleborgs län,74,339,54,118,25,39,123,213
872,Hudiksvall,Gävleborgs län,94,259,55,79,15,47,83,227
1280,Hudiksvall,Gävleborgs län,67,381,47,144,21,95,141,369
303,Hudiksvall,Gävleborgs län,13,100,11,36,7,17,27,87
1005,Hudiksvall,Gävleborgs län,45,303,39,117,29,62,139,256
1519,Hudiksvall,Gävleborgs län,78,568,86,129,39,79,194,334
1552,Hudiksvall,Gävleborgs län,76,520,66,132,45,103,295,302
379,Ånge,Västernorrlands län,20,155,7,20,7,15,54,95
743,Ånge,Västernorrlands län,40,304,11,18,12,38,114,199
958,Ånge,Västernorrlands län,57,466,12,27,16,35,109,227
279,Ånge,Västernorrlands län,15,107,1,14,3,15,29,92
380,Ånge,Västernorrlands län,9,135,9,32,6,22,53,109
480,Ånge,Västernorrlands län,21,150,8,35,17,33,69,143
427,Ånge,Västernorrlands län,15,157,2,17,7,13,43,166
502,Ånge,Västernorrlands län,28,177,6,16,10,36,36,186
1105,Ånge,Västernorrlands län,60,394,21,85,21,74,146,291
837,Ånge,Västernorrlands län,27,220,14,71,7,86,98,308
311,Timrå,Västernorrlands län,22,100,5,18,11,10,54,88
1247,Timrå,Västernorrlands län,42,470,21,58,31,70,189,361
1226,Timrå,Västernorrlands län,48,522,28,41,30,74,174,299
1231,Timrå,Västernorrlands län,84,656,23,29,18,46,90,274
1298,Timrå,Västernorrlands län,67,570,40,77,19,64,223,226
843,Timrå,Västernorrlands län,58,385,19,19,26,28,81,216
1106,Timrå,Västernorrlands län,63,504,20,37,21,43,90,319
1275,Timrå,Västernorrlands län,55,477,18,69,36,60,170,382
644,Timrå,Västernorrlands län,28,208,9,79,4,45,50,215
1316,Timrå,Västernorrlands län,77,489,33,85,25,68,188,339
752,Timrå,Västernorrlands län,38,252,13,47,18,45,95,234
561,Timrå,Västernorrlands län,22,210,16,31,17,24,86,150
258,Härnösand,Västernorrlands län,20,77,16,11,6,14,49,58
1150,Härnösand,Västernorrlands län,98,498,94,95,34,33,132,152
1372,Härnösand,Västernorrlands län,114,567,78,96,34,41,196,232
1138,Härnösand,Västernorrlands län,89,451,118,112,32,49,133,146
1112,Härnösand,Västernorrlands län,61,504,104,85,30,46,119,153
1598,Härnösand,Västernorrlands län,102,645,120,113,62,71,217,250
925,Härnösand,Västernorrlands län,67,387,41,51,29,39,106,190
1133,Härnösand,Västernorrlands län,79,519,54,62,29,44,114,213
1034,Härnösand,Västernorrlands län,65,447,39,67,25,42,122,215
1439,Härnösand,Västernorrlands län,60,599,70,90,24,77,192,315
899,Härnösand,Västernorrlands län,71,323,30,78,12,38,58,266
379,Härnösand,Västernorrlands län,20,124,32,49,6,19,38,85
892,Härnösand,Västernorrlands län,41,267,49,91,9,79,109,235
1196,Härnösand,Västernorrlands län,57,460,49,95,38,72,174,241
1425,Härnösand,Västernorrlands län,73,450,59,119,38,79,198,393
870,Sundsvall,Västernorrlands län,77,292,48,69,28,53,160,130
1176,Sundsvall,Västernorrlands län,86,408,44,63,62,54,230,215
1228,Sundsvall,Västernorrlands län,77,421,77,94,50,56,263,183
1213,Sundsvall,Västernorrlands län,72,395,43,88,75,58,289,184
1261,Sundsvall,Västernorrlands län,71,431,96,107,73,58,233,179
1150,Sundsvall,Västernorrlands län,76,362,38,73,32,45,278,229
1296,Sundsvall,Västernorrlands län,42,485,56,92,66,78,304,154
1224,Sundsvall,Västernorrlands län,60,433,68,73,62,68,274,175
1199,Sundsvall,Västernorrlands län,85,397,49,83,64,46,289,170
1087,Sundsvall,Västernorrlands län,87,391,45,66,59,45,183,196
1086,Sundsvall,Västernorrlands län,89,406,74,86,45,38,190,144
817,Sundsvall,Västernorrlands län,108,395,27,29,13,19,67,130
941,Sundsvall,Västernorrlands län,92,487,24,26,12,24,77,181
1304,Sundsvall,Västernorrlands län,71,432,72,108,66,62,308,172
644,Sundsvall,Västernorrlands län,54,213,32,36,22,34,119,119
1036,Sundsvall,Västernorrlands län,51,428,34,37,32,50,157,236
1179,Sundsvall,Västernorrlands län,79,496,37,62,38,48,196,207
1203,Sundsvall,Västernorrlands län,75,438,68,91,54,55,222,191
1103,Sundsvall,Västernorrlands län,63,501,34,79,31,36,156,183
1351,Sundsvall,Västernorrlands län,61,502,51,94,91,68,309,170
795,Sundsvall,Västernorrlands län,79,366,36,25,16,29,73,150
1028,Sundsvall,Västernorrlands län,99,430,27,46,36,49,144,186
1082,Sundsvall,Västernorrlands län,60,376,30,56,45,69,149,286
1315,Sundsvall,Västernorrlands län,52,443,56,130,63,79,326,155
1379,Sundsvall,Västernorrlands län,64,533,65,116,66,71,250,208
1259,Sundsvall,Västernorrlands län,96,577,33,50,30,61,177,219
967,Sundsvall,Västernorrlands län,57,390,14,42,27,42,119,263
1035,Sundsvall,Västernorrlands län,75,393,28,47,20,67,146,255
933,Sundsvall,Västernorrlands län,72,373,18,18,20,42,69,312
1276,Sundsvall,Västernorrlands län,37,505,48,76,56,67,259,221
1095,Sundsvall,Västernorrlands län,53,489,29,68,28,51,195,167
1206,Sundsvall,Västernorrlands län,56,498,56,61,44,62,224,196
1085,Sundsvall,Västernorrlands län,44,377,36,88,50,56,220,207
1083,Sundsvall,Västernorrlands län,54,390,37,73,63,48,203,205
1074,Sundsvall,Västernorrlands län,40,342,37,91,36,59,133,324
1197,Sundsvall,Västernorrlands län,106,531,68,74,42,48,161,152
1226,Sundsvall,Västernorrlands län,42,430,40,89,38,83,234,265
1200,Sundsvall,Västernorrlands län,59,505,38,100,40,65,170,214
1197,Sundsvall,Västernorrlands län,50,546,34,56,37,57,174,230
945,Sundsvall,Västernorrlands län,36,368,63,91,37,35,166,141
1006,Sundsvall,Västernorrlands län,89,431,52,51,33,33,97,204
967,Sundsvall,Västernorrlands län,63,405,49,58,36,51,141,159
1125,Sundsvall,Västernorrlands län,72,381,40,54,20,75,124,349
789,Sundsvall,Västernorrlands län,53,280,10,55,19,50,95,217
983,Sundsvall,Västernorrlands län,39,345,33,74,31,48,149,257
1137,Sundsvall,Västernorrlands län,55,421,31,121,33,59,180,224
887,Sundsvall,Västernorrlands län,27,275,62,67,33,55,156,205
1163,Sundsvall,Västernorrlands län,50,511,19,81,34,62,126,269
1199,Sundsvall,Västernorrlands län,50,378,28,107,32,58,188,341
1271,Sundsvall,Västernorrlands län,40,398,32,73,30,63,243,376
1206,Sundsvall,Västernorrlands län,44,470,48,62,47,50,190,287
1209,Sundsvall,Västernorrlands län,47,415,49,97,32,75,219,270
955,Sundsvall,Västernorrlands län,55,348,36,47,36,58,170,194
1028,Sundsvall,Västernorrlands län,44,363,30,56,22,49,183,273
1114,Sundsvall,Västernorrlands län,67,474,25,41,27,58,107,302
840,Sundsvall,Västernorrlands län,47,393,21,20,21,37,83,209
1268,Sundsvall,Västernorrlands län,47,441,56,76,65,64,231,274
1116,Sundsvall,Västernorrlands län,44,334,20,69,24,80,126,413
762,Sundsvall,Västernorrlands län,22,250,12,60,14,52,91,257
330,Kramfors,Västernorrlands län,37,109,19,19,4,14,35,80
853,Kramfors,Västernorrlands län,72,404,15,45,9,28,65,200
1142,Kramfors,Västernorrlands län,84,532,31,67,8,29,172,214
1005,Kramfors,Västernorrlands län,90,525,21,51,23,40,87,152
760,Kramfors,Västernorrlands län,78,334,19,29,8,25,66,192
763,Kramfors,Västernorrlands län,69,359,27,32,11,36,68,152
1042,Kramfors,Västernorrlands län,75,390,48,126,26,50,113,202
893,Kramfors,Västernorrlands län,56,327,61,123,25,53,94,144
567,Kramfors,Västernorrlands län,22,187,23,104,11,27,71,108
713,Kramfors,Västernorrlands län,34,272,11,113,7,48,75,144
847,Kramfors,Västernorrlands län,75,358,23,65,9,32,58,215
802,Kramfors,Västernorrlands län,69,308,17,60,15,48,50,229
814,Kramfors,Västernorrlands län,76,321,13,55,13,48,55,221
1019,Kramfors,Västernorrlands län,80,381,29,73,13,58,90,276
270,Sollefteå,Västernorrlands län,28,85,10,25,4,16,34,62
756,Sollefteå,Västernorrlands län,46,296,25,85,16,58,83,144
1029,Sollefteå,Västernorrlands län,97,412,16,87,18,51,84,244
962,Sollefteå,Västernorrlands län,91,423,12,82,13,46,56,224
1017,Sollefteå,Västernorrlands län,79,418,30,84,23,63,69,232
1118,Sollefteå,Västernorrlands län,64,459,25,110,16,87,125,224
837,Sollefteå,Västernorrlands län,52,357,18,74,16,56,81,178
264,Sollefteå,Västernorrlands län,17,122,4,28,3,12,11,61
415,Sollefteå,Västernorrlands län,29,134,9,44,2,31,27,138
993,Sollefteå,Västernorrlands län,65,411,11,69,20,48,44,312
455,Sollefteå,Västernorrlands län,32,180,6,53,3,39,22,112
376,Sollefteå,Västernorrlands län,30,96,7,59,8,39,25,107
456,Sollefteå,Västernorrlands län,19,148,5,56,1,25,51,148
655,Sollefteå,Västernorrlands län,108,234,36,39,8,32,25,158
781,Sollefteå,Västernorrlands län,72,287,17,47,10,43,62,224
499,Sollefteå,Västernorrlands län,44,180,25,47,8,21,32,132
289,Sollefteå,Västernorrlands län,22,132,5,19,0,13,18,75
809,Sollefteå,Västernorrlands län,101,307,15,48,10,39,40,232
329,Örnsköldsvik,Västernorrlands län,27,104,20,24,11,19,67,48
1567,Örnsköldsvik,Västernorrlands län,61,597,39,137,46,121,326,222
928,Örnsköldsvik,Västernorrlands län,71,438,32,60,25,57,109,127
838,Örnsköldsvik,Västernorrlands län,66,359,32,64,26,31,122,123
782,Örnsköldsvik,Västernorrlands län,46,314,33,60,18,38,121,133
951,Örnsköldsvik,Västernorrlands län,47,415,25,95,29,61,153,118
1043,Örnsköldsvik,Västernorrlands län,68,480,36,86,25,53,149,133
809,Örnsköldsvik,Västernorrlands län,66,415,32,49,25,42,88,83
570,Örnsköldsvik,Västernorrlands län,36,186,10,69,11,48,93,105
810,Örnsköldsvik,Västernorrlands län,39,270,40,88,25,53,127,166
1321,Örnsköldsvik,Västernorrlands län,45,533,38,124,46,96,281,152
950,Örnsköldsvik,Västernorrlands län,32,386,37,91,34,56,180,129
839,Örnsköldsvik,Västernorrlands län,36,364,35,66,29,47,140,110
677,Örnsköldsvik,Västernorrlands län,22,287,24,65,14,55,98,109
783,Örnsköldsvik,Västernorrlands län,17,261,29,112,25,53,126,142
630,Örnsköldsvik,Västernorrlands län,32,300,22,66,11,29,49,115
1212,Örnsköldsvik,Västernorrlands län,29,475,18,206,29,92,166,181
370,Örnsköldsvik,Västernorrlands län,13,129,7,90,5,36,34,56
1004,Örnsköldsvik,Västernorrlands län,39,401,19,139,12,86,109,188
1169,Örnsköldsvik,Västernorrlands län,43,586,22,67,17,56,118,249
1231,Örnsköldsvik,Västernorrlands län,49,518,38,115,15,79,151,251
1046,Örnsköldsvik,Västernorrlands län,60,481,23,53,23,35,103,254
481,Örnsköldsvik,Västernorrlands län,16,172,13,53,11,53,73,84
801,Örnsköldsvik,Västernorrlands län,39,370,22,65,18,47,98,135
1166,Örnsköldsvik,Västernorrlands län,45,488,32,96,27,77,202,191
927,Örnsköldsvik,Västernorrlands län,54,388,28,54,20,57,102,207
597,Örnsköldsvik,Västernorrlands län,24,222,15,58,6,77,80,112
1279,Örnsköldsvik,Västernorrlands län,46,558,43,117,40,80,178,203
1039,Örnsköldsvik,Västernorrlands län,41,468,27,101,27,60,150,153
700,Örnsköldsvik,Västernorrlands län,53,322,25,39,14,38,73,117
1165,Örnsköldsvik,Västernorrlands län,29,407,44,131,32,89,203,208
1510,Örnsköldsvik,Västernorrlands län,57,704,25,111,35,108,190,268
1117,Örnsköldsvik,Västernorrlands län,64,466,38,85,26,65,182,180
1349,Örnsköldsvik,Västernorrlands län,42,572,47,140,33,89,201,208
805,Örnsköldsvik,Västernorrlands län,19,277,17,129,18,96,107,129
478,Örnsköldsvik,Västernorrlands län,8,161,10,69,16,32,73,105
819,Örnsköldsvik,Västernorrlands län,37,337,10,52,7,61,102,201
582,Örnsköldsvik,Västernorrlands län,29,287,10,39,7,32,66,106
720,Örnsköldsvik,Västernorrlands län,33,243,9,118,9,45,84,172
464,Örnsköldsvik,Västernorrlands län,13,193,7,72,2,28,47,98
714,Örnsköldsvik,Västernorrlands län,42,226,19,88,10,60,74,175
155,Ragunda,Jämtlands län,8,52,2,11,1,6,27,46
468,Ragunda,Jämtlands län,26,159,16,58,9,36,43,112
1125,Ragunda,Jämtlands län,58,460,31,103,12,64,112,275
695,Ragunda,Jämtlands län,48,232,16,49,5,37,50,245
881,Ragunda,Jämtlands län,40,382,17,67,11,52,76,224
249,Bräcke,Jämtlands län,13,71,9,25,3,15,40,72
1453,Bräcke,Jämtlands län,78,553,25,109,15,72,170,414
756,Bräcke,Jämtlands län,29,302,9,66,3,34,88,216
1472,Bräcke,Jämtlands län,61,520,56,120,27,66,218,384
260,Krokom,Jämtlands län,15,70,14,23,4,16,57,52
1176,Krokom,Jämtlands län,60,493,34,68,17,62,148,279
517,Krokom,Jämtlands län,33,143,45,74,13,29,94,81
876,Krokom,Jämtlands län,43,300,49,69,19,41,154,195
1019,Krokom,Jämtlands län,41,332,40,107,28,54,149,257
695,Krokom,Jämtlands län,46,181,20,68,11,61,144,160
811,Krokom,Jämtlands län,40,294,54,87,29,47,174,82
1399,Krokom,Jämtlands län,87,476,131,173,32,68,241,175
976,Krokom,Jämtlands län,39,304,22,130,7,53,115,289
1301,Krokom,Jämtlands län,73,397,54,159,18,109,148,331
775,Krokom,Jämtlands län,44,241,33,93,17,54,100,183
407,Strömsund,Jämtlands län,20,133,19,29,5,29,53,109
888,Strömsund,Jämtlands län,54,328,15,42,14,40,110,275
774,Strömsund,Jämtlands län,61,333,11,43,14,37,83,183
1025,Strömsund,Jämtlands län,51,455,10,53,13,61,132,235
513,Strömsund,Jämtlands län,24,204,9,27,9,21,73,138
1410,Strömsund,Jämtlands län,75,458,42,147,28,80,162,410
471,Strömsund,Jämtlands län,20,179,9,36,8,27,64,121
798,Strömsund,Jämtlands län,43,295,14,57,8,47,91,237
488,Strömsund,Jämtlands län,20,200,3,23,6,38,50,144
421,Strömsund,Jämtlands län,14,157,6,38,2,27,46,124
462,Åre,Jämtlands län,42,134,39,54,22,23,81,57
1346,Åre,Jämtlands län,87,443,152,156,59,50,215,177
1474,Åre,Jämtlands län,81,420,170,220,86,55,310,116
333,Åre,Jämtlands län,15,94,15,46,8,22,54,76
641,Åre,Jämtlands län,30,214,20,47,12,45,93,173
367,Åre,Jämtlands län,19,119,21,34,5,25,59,73
1060,Åre,Jämtlands län,46,430,52,78,15,44,127,254
1354,Åre,Jämtlands län,83,443,171,187,56,55,203,144
742,Åre,Jämtlands län,22,200,23,98,18,61,89,220
530,Berg,Jämtlands län,25,167,26,47,10,30,92,125
1211,Berg,Jämtlands län,66,428,35,107,10,62,209,284
630,Berg,Jämtlands län,30,209,21,64,15,34,97,149
1018,Berg,Jämtlands län,41,281,42,136,13,79,150,255
545,Berg,Jämtlands län,15,183,15,29,9,26,119,138
620,Berg,Jämtlands län,21,208,14,51,6,29,121,164
457,Härjedalen,Jämtlands län,22,160,14,33,19,24,55,125
1182,Härjedalen,Jämtlands län,89,379,31,58,45,96,149,314
1295,Härjedalen,Jämtlands län,92,550,14,61,36,48,125,360
819,Härjedalen,Jämtlands län,40,254,13,33,32,50,70,312
1516,Härjedalen,Jämtlands län,57,501,34,153,27,141,209,377
1419,Härjedalen,Jämtlands län,70,389,97,197,43,93,289,220
1355,Östersund,Jämtlands län,103,473,84,110,69,58,237,197
974,Östersund,Jämtlands län,79,379,76,89,32,34,132,146
843,Östersund,Jämtlands län,76,244,53,62,51,46,161,138
1157,Östersund,Jämtlands län,80,413,71,86,50,38,217,186
1010,Östersund,Jämtlands län,97,339,76,88,39,44,156,143
1008,Östersund,Jämtlands län,94,345,61,74,28,40,185,163
899,Östersund,Jämtlands län,75,324,46,84,25,41,151,136
1069,Östersund,Jämtlands län,60,481,48,78,35,45,171,141
901,Östersund,Jämtlands län,55,326,82,75,21,58,169,107
1150,Östersund,Jämtlands län,68,386,128,128,50,59,180,141
939,Östersund,Jämtlands län,36,367,53,103,26,56,168,122
793,Östersund,Jämtlands län,68,337,24,53,24,36,70,167
795,Östersund,Jämtlands län,42,314,37,77,17,49,119,128
1009,Östersund,Jämtlands län,58,411,66,93,39,43,159,128
1302,Östersund,Jämtlands län,89,469,68,113,51,60,214,224
643,Östersund,Jämtlands län,32,296,20,54,11,24,89,111
1147,Östersund,Jämtlands län,40,491,60,92,35,47,185,184
1111,Östersund,Jämtlands län,54,489,75,87,48,54,167,132
1451,Östersund,Jämtlands län,55,594,56,120,60,86,265,202
1045,Östersund,Jämtlands län,67,479,32,59,20,33,132,210
843,Östersund,Jämtlands län,51,268,62,104,36,40,162,110
738,Östersund,Jämtlands län,68,280,52,50,22,29,103,114
716,Östersund,Jämtlands län,55,264,60,47,27,29,100,127
886,Östersund,Jämtlands län,57,319,69,91,29,51,138,124
961,Östersund,Jämtlands län,45,362,95,102,29,50,160,107
1465,Östersund,Jämtlands län,101,497,142,148,53,69,252,190
1028,Östersund,Jämtlands län,31,362,109,137,46,52,179,111
1186,Östersund,Jämtlands län,55,461,113,97,50,50,184,166
1262,Östersund,Jämtlands län,71,447,63,139,21,71,135,300
1036,Östersund,Jämtlands län,36,303,65,127,26,80,216,173
904,Östersund,Jämtlands län,54,251,57,134,27,68,134,166
896,Östersund,Jämtlands län,36,368,21,73,22,45,129,187
1362,Östersund,Jämtlands län,54,560,29,95,32,67,225,292
891,Östersund,Jämtlands län,30,375,33,69,26,44,119,189
1384,Östersund,Jämtlands län,88,685,64,74,26,68,154,204
665,Östersund,Jämtlands län,67,314,11,32,5,29,49,131
661,Östersund,Jämtlands län,67,251,22,31,14,34,80,147
728,Östersund,Jämtlands län,52,274,24,33,16,31,74,210
763,Östersund,Jämtlands län,34,269,46,64,19,42,136,144
662,Östersund,Jämtlands län,25,236,25,87,16,38,86,144
1357,Östersund,Jämtlands län,52,413,31,186,25,107,214,299
754,Östersund,Jämtlands län,35,240,26,83,12,54,90,195
172,Nordmaling,Västerbottens län,13,46,5,13,6,10,33,41
591,Nordmaling,Västerbottens län,36,145,13,88,28,38,99,139
400,Nordmaling,Västerbottens län,27,169,11,16,7,23,64,78
676,Nordmaling,Västerbottens län,48,270,19,59,25,35,95,118
1233,Nordmaling,Västerbottens län,57,471,28,107,17,84,140,318
306,Nordmaling,Västerbottens län,12,95,4,37,12,27,25,92
1227,Nordmaling,Västerbottens län,70,528,38,106,27,65,172,208
138,Bjurholm,Västerbottens län,5,37,2,9,4,15,30,35
1362,Bjurholm,Västerbottens län,37,410,27,112,41,122,271,329
188,Vindeln,Västerbottens län,12,60,4,10,5,10,33,47
1043,Vindeln,Västerbottens län,50,423,26,95,26,61,156,195
750,Vindeln,Västerbottens län,40,230,33,91,14,32,128,178
605,Vindeln,Västerbottens län,50,225,7,48,17,33,80,136
803,Vindeln,Västerbottens län,27,214,27,82,24,76,167,179
152,Robertsfors,Västerbottens län,14,52,8,9,2,10,30,24
1224,Robertsfors,Västerbottens län,90,462,77,168,30,43,171,171
482,Robertsfors,Västerbottens län,28,177,14,71,12,37,70,69
1475,Robertsfors,Västerbottens län,100,716,53,108,28,66,174,220
969,Robertsfors,Västerbottens län,40,296,32,200,18,63,122,177
92,Norsjö,Västerbottens län,6,39,1,6,4,6,13,17
414,Norsjö,Västerbottens län,34,172,4,35,15,30,49,72
976,Norsjö,Västerbottens län,65,391,12,45,25,80,132,210
1022,Norsjö,Västerbottens län,55,432,13,67,47,98,141,162
301,Malå,Västerbottens län,27,81,6,20,11,24,29,101
774,Malå,Västerbottens län,72,308,14,34,38,39,84,181
732,Malå,Västerbottens län,64,335,6,25,37,42,58,159
281,Storuman,Västerbottens län,17,85,14,19,8,34,49,51
292,Storuman,Västerbottens län,24,112,9,16,9,27,32,63
352,Storuman,Västerbottens län,19,116,4,25,11,40,35,99
761,Storuman,Västerbottens län,47,263,10,51,19,71,105,187
1048,Storuman,Västerbottens län,79,403,32,45,50,70,120,240
890,Storuman,Västerbottens län,73,269,46,76,45,46,133,196
186,Sorsele,Västerbottens län,8,80,3,18,2,18,16,38
1061,Sorsele,Västerbottens län,86,414,28,71,26,76,124,226
210,Sorsele,Västerbottens län,13,77,2,24,4,9,26,53
165,Dorotea,Västerbottens län,18,71,4,10,7,7,13,33
1089,Dorotea,Västerbottens län,94,472,17,86,45,55,79,232
269,Dorotea,Västerbottens län,19,98,5,20,6,16,12,86
354,Vännäs,Västerbottens län,32,110,18,31,7,24,61,63
1082,Vännäs,Västerbottens län,83,373,42,142,24,59,144,196
1048,Vännäs,Västerbottens län,85,436,34,65,17,57,150,192
1134,Vännäs,Västerbottens län,97,480,43,55,19,50,142,234
999,Vännäs,Västerbottens län,71,361,38,97,33,36,203,150
977,Vännäs,Västerbottens län,79,289,75,119,23,47,138,194
292,Vilhelmina,Västerbottens län,26,88,7,9,1,28,43,87
912,Vilhelmina,Västerbottens län,74,356,10,60,16,63,84,230
239,Vilhelmina,Västerbottens län,16,96,3,23,3,32,13,49
301,Vilhelmina,Västerbottens län,20,82,9,27,5,31,32,91
579,Vilhelmina,Västerbottens län,64,217,16,36,7,49,57,117
232,Vilhelmina,Västerbottens län,18,69,3,9,2,19,25,81
266,Vilhelmina,Västerbottens län,19,91,12,20,10,26,36,51
458,Vilhelmina,Västerbottens län,25,140,8,30,6,56,41,147
801,Vilhelmina,Västerbottens län,57,299,15,51,9,60,99,198
318,Åsele,Västerbottens län,11,126,7,22,11,16,42,81
835,Åsele,Västerbottens län,55,332,18,73,28,37,99,181
572,Åsele,Västerbottens län,27,193,5,78,16,39,81,124
1308,Umeå,Västerbottens län,191,418,153,116,57,52,187,108
1447,Umeå,Västerbottens län,198,511,202,122,74,45,171,107
856,Umeå,Västerbottens län,141,320,111,73,37,24,82,60
1439,Umeå,Västerbottens län,184,576,137,121,39,47,182,124
1121,Umeå,Västerbottens län,125,466,136,80,27,20,147,104
1158,Umeå,Västerbottens län,153,455,104,90,33,30,162,120
1142,Umeå,Västerbottens län,161,437,100,81,40,38,167,104
1387,Umeå,Västerbottens län,180,534,97,97,63,47,203,150
870,Umeå,Västerbottens län,106,343,56,70,36,33,117,96
925,Umeå,Västerbottens län,103,347,66,74,42,35,164,90
1261,Umeå,Västerbottens län,197,457,122,86,54,35,179,115
933,Umeå,Västerbottens län,131,337,104,75,50,27,130,73
1299,Umeå,Västerbottens län,87,598,71,105,46,40,194,153
1137,Umeå,Västerbottens län,52,440,65,108,44,49,242,131
659,Umeå,Västerbottens län,99,294,34,26,16,29,76,73
1407,Umeå,Västerbottens län,129,695,93,62,54,52,154,154
1253,Umeå,Västerbottens län,159,611,69,66,26,32,105,162
923,Umeå,Västerbottens län,58,402,36,74,53,37,181,74
1032,Umeå,Västerbottens län,110,375,95,99,63,44,166,68
1137,Umeå,Västerbottens län,169,533,69,46,19,32,97,148
1120,Umeå,Västerbottens län,159,405,118,92,40,35,161,97
980,Umeå,Västerbottens län,87,383,54,74,48,43,179,102
1197,Umeå,Västerbottens län,234,478,121,84,32,29,121,87
718,Umeå,Västerbottens län,69,222,62,56,24,33,129,105
1403,Umeå,Västerbottens län,124,572,116,112,47,53,226,142
1095,Umeå,Västerbottens län,100,407,77,69,42,38,225,129
1164,Umeå,Västerbottens län,80,507,78,94,34,49,170,141
888,Umeå,Västerbottens län,84,332,78,89,42,36,133,89
1006,Umeå,Västerbottens län,128,422,92,46,20,41,106,121
1632,Umeå,Västerbottens län,114,540,103,167,70,97,283,245
909,Umeå,Västerbottens län,45,327,38,90,21,42,178,164
1261,Umeå,Västerbottens län,113,512,116,82,37,58,204,122
1104,Umeå,Västerbottens län,76,453,57,74,48,29,236,116
1577,Umeå,Västerbottens län,102,524,68,180,34,93,299,261
1244,Umeå,Västerbottens län,66,485,64,139,61,47,272,105
1233,Umeå,Västerbottens län,133,458,70,85,38,51,244,146
1350,Umeå,Västerbottens län,78,520,64,131,59,60,286,142
1081,Umeå,Västerbottens län,89,434,64,101,34,36,203,112
912,Umeå,Västerbottens län,39,345,58,85,39,40,191,108
929,Umeå,Västerbottens län,53,335,58,62,28,42,195,154
1458,Umeå,Västerbottens län,99,654,62,104,52,35,274,161
1079,Umeå,Västerbottens län,72,385,58,130,28,45,199,151
681,Umeå,Västerbottens län,56,261,33,41,23,26,108,125
947,Umeå,Västerbottens län,71,408,53,64,30,32,143,142
940,Umeå,Västerbottens län,33,348,38,91,23,46,179,173
1111,Umeå,Västerbottens län,300,364,115,73,31,27,106,66
1338,Umeå,Västerbottens län,56,590,96,139,48,53,239,110
1076,Umeå,Västerbottens län,153,473,113,76,26,31,96,97
1503,Umeå,Västerbottens län,282,466,142,138,73,37,248,100
1039,Umeå,Västerbottens län,158,369,121,105,53,37,109,73
926,Umeå,Västerbottens län,232,268,97,68,35,29,111,63
1072,Umeå,Västerbottens län,289,363,110,61,23,28,90,83
1683,Umeå,Västerbottens län,209,710,147,157,70,36,231,99
966,Umeå,Västerbottens län,130,417,89,70,33,25,109,80
1132,Umeå,Västerbottens län,229,379,124,117,37,25,119,78
1079,Umeå,Västerbottens län,118,447,138,89,33,32,143,69
1515,Umeå,Västerbottens län,171,537,160,151,66,47,253,115
1255,Umeå,Västerbottens län,75,585,78,91,33,60,158,166
1190,Umeå,Västerbottens län,107,516,65,69,38,44,114,220
1571,Umeå,Västerbottens län,81,713,82,97,54,70,269,197
1895,Umeå,Västerbottens län,137,854,91,120,66,59,311,249
888,Umeå,Västerbottens län,51,442,34,58,16,29,111,132
1267,Umeå,Västerbottens län,73,510,57,81,20,59,185,272
1073,Umeå,Västerbottens län,55,428,63,89,48,56,177,153
863,Umeå,Västerbottens län,60,287,24,96,13,58,150,168
1384,Umeå,Västerbottens län,74,595,99,124,50,71,190,172
1161,Umeå,Västerbottens län,67,499,75,102,29,59,164,164
1104,Umeå,Västerbottens län,50,484,76,82,34,38,197,131
1061,Umeå,Västerbottens län,194,381,122,82,47,26,115,77
1186,Umeå,Västerbottens län,150,499,146,100,52,35,105,84
1039,Umeå,Västerbottens län,150,434,74,71,42,36,112,91
1141,Umeå,Västerbottens län,77,544,98,84,43,28,172,80
1187,Umeå,Västerbottens län,129,532,98,79,39,31,124,142
1687,Umeå,Västerbottens län,180,681,112,144,94,52,266,143
326,Lycksele,Västerbottens län,28,107,7,18,12,28,55,67
1215,Lycksele,Västerbottens län,66,505,33,55,36,111,170,228
960,Lycksele,Västerbottens län,67,431,25,40,32,84,112,165
1273,Lycksele,Västerbottens län,53,543,18,84,36,111,215,201
1365,Lycksele,Västerbottens län,74,598,36,61,26,142,185,233
1068,Lycksele,Västerbottens län,47,395,15,57,37,118,183,213
347,Lycksele,Västerbottens län,14,107,15,23,3,44,41,89
549,Lycksele,Västerbottens län,29,193,6,32,21,74,91,100
452,Lycksele,Västerbottens län,26,175,8,26,13,64,59,78
869,Skellefteå,Västerbottens län,78,313,50,59,27,46,158,123
1055,Skellefteå,Västerbottens län,76,449,28,70,42,51,187,140
1199,Skellefteå,Västerbottens län,58,579,54,89,66,48,176,116
1060,Skellefteå,Västerbottens län,87,486,54,85,35,31,145,129
1296,Skellefteå,Västerbottens län,82,631,79,84,46,48,176,144
918,Skellefteå,Västerbottens län,84,405,34,50,22,35,160,116
900,Skellefteå,Västerbottens län,55,407,48,60,33,32,149,109
1049,Skellefteå,Västerbottens län,79,493,58,75,21,26,162,127
998,Skellefteå,Västerbottens län,60,447,40,81,27,32,171,133
978,Skellefteå,Västerbottens län,64,502,50,74,30,36,132,83
836,Skellefteå,Västerbottens län,56,413,22,51,15,37,97,145
826,Skellefteå,Västerbottens län,29,388,29,60,31,38,146,101
744,Skellefteå,Västerbottens län,58,383,22,38,24,25,74,109
1123,Skellefteå,Västerbottens län,62,574,41,53,18,47,187,134
1156,Skellefteå,Västerbottens län,68,516,47,97,22,73,176,146
1523,Skellefteå,Västerbottens län,87,766,45,60,35,76,152,277
1037,Skellefteå,Västerbottens län,67,539,29,55,14,64,114,143
826,Skellefteå,Västerbottens län,80,378,16,32,10,41,69,187
927,Skellefteå,Västerbottens län,84,446,41,33,18,33,81,165
909,Skellefteå,Västerbottens län,72,482,38,39,22,18,97,129
880,Skellefteå,Västerbottens län,53,359,35,62,36,48,92,180
990,Skellefteå,Västerbottens län,71,348,33,96,11,88,135,193
1222,Skellefteå,Västerbottens län,97,560,52,94,51,47,170,139
1169,Skellefteå,Västerbottens län,54,577,70,103,45,43,153,118
1077,Skellefteå,Västerbottens län,80,535,60,65,34,33,147,113
1136,Skellefteå,Västerbottens län,53,530,36,96,25,45,182,158
1301,Skellefteå,Västerbottens län,92,624,67,92,42,41,173,161
826,Skellefteå,Västerbottens län,42,416,37,40,22,29,122,110
817,Skellefteå,Västerbottens län,65,403,33,38,22,22,91,135
913,Skellefteå,Västerbottens län,84,479,34,40,24,29,101,113
1077,Skellefteå,Västerbottens län,162,496,43,56,24,25,94,156
1037,Skellefteå,Västerbottens län,71,403,50,81,25,59,140,192
910,Skellefteå,Västerbottens län,52,298,49,101,23,51,138,189
798,Skellefteå,Västerbottens län,40,316,36,94,26,45,113,119
1025,Skellefteå,Västerbottens län,61,460,46,101,23,52,150,123
1076,Skellefteå,Västerbottens län,79,447,25,60,24,58,96,265
920,Skellefteå,Västerbottens län,44,435,25,82,16,32,132,150
1107,Skellefteå,Västerbottens län,43,465,57,69,30,46,209,181
1399,Skellefteå,Västerbottens län,84,552,40,129,25,90,172,298
1108,Skellefteå,Västerbottens län,59,540,21,53,26,51,124,215
1047,Skellefteå,Västerbottens län,57,438,20,82,18,43,132,247
1151,Skellefteå,Västerbottens län,64,489,39,101,30,62,156,204
750,Skellefteå,Västerbottens län,46,330,19,78,17,45,69,141
1307,Skellefteå,Västerbottens län,94,490,72,169,39,85,149,197
1084,Skellefteå,Västerbottens län,66,492,27,102,24,39,129,197
1528,Skellefteå,Västerbottens län,85,570,52,207,26,78,208,288
122,Arvidsjaur,Norrbottens län,8,26,4,11,10,5,28,30
1338,Arvidsjaur,Norrbottens län,92,518,23,50,46,69,178,345
1250,Arvidsjaur,Norrbottens län,76,510,10,91,43,78,120,313
1292,Arvidsjaur,Norrbottens län,109,627,14,74,31,51,105,272
53,Arjeplog,Norrbottens län,5,21,4,1,2,2,4,12
1664,Arjeplog,Norrbottens län,129,630,55,76,49,149,151,414
167,Jokkmokk,Norrbottens län,13,39,32,12,3,8,17,39
1100,Jokkmokk,Norrbottens län,117,347,159,51,18,50,118,229
969,Jokkmokk,Norrbottens län,89,307,130,42,23,53,97,215
212,Jokkmokk,Norrbottens län,13,70,22,5,1,5,24,67
578,Jokkmokk,Norrbottens län,46,272,14,24,15,19,44,132
30,Överkalix,Norrbottens län,4,10,1,0,1,0,5,9
1165,Överkalix,Norrbottens län,93,510,13,60,23,66,108,283
882,Överkalix,Norrbottens län,64,371,17,61,14,53,97,192
182,Kalix,Norrbottens län,10,59,7,18,5,4,36,41
904,Kalix,Norrbottens län,42,388,25,79,15,39,113,189
1191,Kalix,Norrbottens län,30,514,44,75,29,56,185,249
1155,Kalix,Norrbottens län,57,552,34,41,26,57,137,242
1142,Kalix,Norrbottens län,55,533,19,62,21,50,133,261
850,Kalix,Norrbottens län,32,344,19,31,9,35,109,264
785,Kalix,Norrbottens län,35,326,14,36,8,32,75,248
993,Kalix,Norrbottens län,39,410,38,47,26,56,162,210
1236,Kalix,Norrbottens län,59,624,28,49,27,56,132,251
1077,Kalix,Norrbottens län,57,478,24,44,24,43,135,264
840,Kalix,Norrbottens län,38,314,20,40,21,34,83,284
378,Övertorneå,Norrbottens län,33,127,13,38,7,31,40,86
340,Övertorneå,Norrbottens län,17,116,5,57,6,21,38,75
497,Övertorneå,Norrbottens län,20,171,5,72,7,52,59,108
423,Övertorneå,Norrbottens län,59,170,10,36,10,53,27,57
835,Övertorneå,Norrbottens län,40,342,7,99,12,62,96,164
336,Pajala,Norrbottens län,44,95,9,7,4,34,44,91
718,Pajala,Norrbottens län,155,250,26,16,9,42,71,140
779,Pajala,Norrbottens län,140,279,14,37,15,41,80,163
622,Pajala,Norrbottens län,92,255,10,26,4,50,45,137
591,Pajala,Norrbottens län,63,207,9,19,14,45,50,173
623,Pajala,Norrbottens län,59,209,10,22,9,94,61,151
262,Gällivare,Norrbottens län,12,87,17,7,6,24,39,63
1039,Gällivare,Norrbottens län,88,349,18,36,4,44,118,365
554,Gällivare,Norrbottens län,53,250,25,15,1,16,50,134
716,Gällivare,Norrbottens län,48,264,46,29,9,35,122,160
1236,Gällivare,Norrbottens län,122,535,28,28,15,46,156,293
1481,Gällivare,Norrbottens län,99,608,71,42,22,65,227,340
1300,Gällivare,Norrbottens län,139,462,30,22,16,45,152,421
733,Gällivare,Norrbottens län,46,283,45,16,17,34,95,187
1593,Gällivare,Norrbottens län,123,649,39,33,19,71,190,455
1255,Gällivare,Norrbottens län,102,492,38,50,25,52,151,329
790,Gällivare,Norrbottens län,62,240,37,25,17,42,121,231
147,Älvsbyn,Norrbottens län,7,57,4,4,6,6,24,37
1014,Älvsbyn,Norrbottens län,63,431,14,94,25,75,96,207
1281,Älvsbyn,Norrbottens län,88,572,22,61,21,72,148,280
1413,Älvsbyn,Norrbottens län,80,604,22,107,42,67,215,258
1255,Älvsbyn,Norrbottens län,75,545,17,72,21,56,197,264
1119,Luleå,Norrbottens län,80,353,75,82,49,48,204,204
958,Luleå,Norrbottens län,60,384,49,40,51,46,158,167
1214,Luleå,Norrbottens län,79,482,53,91,53,57,201,188
1157,Luleå,Norrbottens län,61,461,43,71,57,55,213,181
861,Luleå,Norrbottens län,79,337,38,56,39,33,147,127
915,Luleå,Norrbottens län,61,393,55,69,32,30,140,124
808,Luleå,Norrbottens län,55,346,45,52,34,28,129,115
1065,Luleå,Norrbottens län,104,456,49,39,36,43,137,186
1368,Luleå,Norrbottens län,78,569,62,68,56,70,231,217
1094,Luleå,Norrbottens län,71,515,52,56,39,35,161,154
1302,Luleå,Norrbottens län,134,503,47,49,36,48,208,257
1031,Luleå,Norrbottens län,76,457,35,43,40,53,172,152
1369,Luleå,Norrbottens län,70,601,50,78,51,50,277,189
1050,Luleå,Norrbottens län,94,484,53,46,40,37,148,138
778,Luleå,Norrbottens län,90,342,37,21,11,23,93,152
1045,Luleå,Norrbottens län,135,376,64,51,35,48,124,204
883,Luleå,Norrbottens län,129,360,26,20,16,26,74,216
1255,Luleå,Norrbottens län,130,541,67,31,42,51,158,219
947,Luleå,Norrbottens län,119,423,31,32,17,22,89,198
704,Luleå,Norrbottens län,45,276,48,42,37,34,110,106
1119,Luleå,Norrbottens län,66,458,62,104,58,54,179,128
1527,Luleå,Norrbottens län,83,583,87,99,55,96,295,220
659,Luleå,Norrbottens län,21,235,18,45,31,43,161,102
1099,Luleå,Norrbottens län,112,545,37,35,20,30,99,210
956,Luleå,Norrbottens län,98,433,27,28,17,65,76,195
1208,Luleå,Norrbottens län,88,505,28,38,24,60,156,297
1295,Luleå,Norrbottens län,105,563,67,73,41,64,175,195
921,Luleå,Norrbottens län,52,406,42,57,39,43,135,141
1266,Luleå,Norrbottens län,95,540,61,56,54,41,209,205
1341,Luleå,Norrbottens län,66,478,43,128,40,80,224,265
1258,Luleå,Norrbottens län,56,470,38,92,48,79,231,229
1022,Luleå,Norrbottens län,59,329,36,82,19,121,146,219
1286,Luleå,Norrbottens län,52,434,37,83,40,146,230,254
983,Luleå,Norrbottens län,48,336,45,79,46,48,210,170
1105,Luleå,Norrbottens län,35,380,67,112,44,74,254,134
919,Luleå,Norrbottens län,59,399,56,64,37,51,144,103
1133,Luleå,Norrbottens län,63,311,27,75,33,96,187,312
772,Luleå,Norrbottens län,31,286,16,68,21,76,123,147
971,Luleå,Norrbottens län,57,417,62,53,26,56,132,159
1236,Luleå,Norrbottens län,68,561,49,73,39,47,221,173
877,Luleå,Norrbottens län,63,387,34,46,22,29,130,155
1502,Luleå,Norrbottens län,95,679,51,70,46,90,216,236
613,Luleå,Norrbottens län,94,227,28,21,13,19,63,135
838,Luleå,Norrbottens län,48,354,43,53,21,52,128,126
1141,Luleå,Norrbottens län,85,242,46,115,98,51,322,147
899,Luleå,Norrbottens län,114,262,49,75,68,36,156,113
988,Luleå,Norrbottens län,52,350,65,81,39,71,167,145
600,Luleå,Norrbottens län,44,216,17,54,34,35,57,140
650,Luleå,Norrbottens län,34,188,15,42,10,60,83,205
1417,Luleå,Norrbottens län,83,507,45,58,47,129,165,371
673,Piteå,Norrbottens län,66,217,25,39,25,28,119,145
1159,Piteå,Norrbottens län,73,495,22,106,16,47,114,264
1154,Piteå,Norrbottens län,76,438,35,109,15,52,138,266
1150,Piteå,Norrbottens län,70,549,27,80,22,43,161,177
644,Piteå,Norrbottens län,50,297,27,56,9,24,87,92
865,Piteå,Norrbottens län,54,391,31,65,25,30,114,144
784,Piteå,Norrbottens län,58,345,22,57,14,24,91,160
1400,Piteå,Norrbottens län,76,609,29,60,26,84,183,322
982,Piteå,Norrbottens län,43,500,44,56,15,39,163,114
776,Piteå,Norrbottens län,41,401,15,43,21,38,106,105
1337,Piteå,Norrbottens län,55,620,31,111,20,96,180,212
723,Piteå,Norrbottens län,74,357,17,32,6,29,69,129
1200,Piteå,Norrbottens län,86,580,35,71,29,50,122,215
1189,Piteå,Norrbottens län,101,613,32,42,15,38,115,222
1290,Piteå,Norrbottens län,151,573,74,63,32,42,175,166
1203,Piteå,Norrbottens län,92,585,58,57,21,42,200,141
1227,Piteå,Norrbottens län,102,627,36,46,23,37,139,209
1318,Piteå,Norrbottens län,91,669,32,64,26,46,203,172
1283,Piteå,Norrbottens län,74,719,23,68,39,26,170,153
621,Piteå,Norrbottens län,45,331,17,32,13,22,90,65
1208,Piteå,Norrbottens län,113,734,35,46,19,36,67,144
1068,Piteå,Norrbottens län,76,467,50,55,36,39,192,145
1198,Piteå,Norrbottens län,61,631,30,73,28,39,161,163
991,Piteå,Norrbottens län,86,409,40,58,15,36,129,205
1086,Piteå,Norrbottens län,73,570,29,40,29,37,126,177
1134,Piteå,Norrbottens län,63,553,18,48,28,48,166,200
658,Piteå,Norrbottens län,29,325,19,89,17,31,52,93
731,Piteå,Norrbottens län,34,352,14,73,5,60,99,87
616,Boden,Norrbottens län,38,209,14,33,21,25,121,146
840,Boden,Norrbottens län,62,329,20,36,20,32,105,214
810,Boden,Norrbottens län,59,392,23,20,11,31,86,178
507,Boden,Norrbottens län,30,258,7,11,13,20,77,85
1372,Boden,Norrbottens län,114,637,37,53,36,50,130,293
1298,Boden,Norrbottens län,64,521,30,57,31,59,183,348
1387,Boden,Norrbottens län,69,547,32,81,30,55,200,364
984,Boden,Norrbottens län,39,340,23,46,25,50,147,301
1094,Boden,Norrbottens län,62,439,26,58,23,51,168,256
791,Boden,Norrbottens län,29,286,17,47,20,45,143,199
926,Boden,Norrbottens län,44,473,13,34,17,30,109,198
721,Boden,Norrbottens län,37,316,17,33,14,28,99,173
1203,Boden,Norrbottens län,67,500,38,68,29,49,196,247
1572,Boden,Norrbottens län,67,712,40,78,45,64,262,292
899,Boden,Norrbottens län,29,407,17,33,23,37,168,181
423,Boden,Norrbottens län,30,174,13,37,4,20,40,101
791,Boden,Norrbottens län,29,320,22,46,16,39,90,216
1129,Boden,Norrbottens län,41,429,29,65,26,65,227,229
1211,Boden,Norrbottens län,65,542,42,60,32,84,182,192
294,Haparanda,Norrbottens län,12,84,7,17,6,14,52,100
816,Haparanda,Norrbottens län,28,288,16,43,20,37,104,266
560,Haparanda,Norrbottens län,22,201,5,42,5,34,75,173
273,Haparanda,Norrbottens län,21,129,7,18,5,6,22,65
647,Haparanda,Norrbottens län,32,261,16,24,19,28,98,159
684,Haparanda,Norrbottens län,24,256,15,39,5,38,76,227
521,Haparanda,Norrbottens län,11,176,8,35,7,28,106,145
425,Haparanda,Norrbottens län,10,119,7,42,6,32,38,168
429,Kiruna,Norrbottens län,40,111,34,16,12,34,59,106
554,Kiruna,Norrbottens län,66,236,22,19,9,30,57,103
1392,Kiruna,Norrbottens län,113,570,64,36,21,105,183,280
1361,Kiruna,Norrbottens län,115,588,46,45,28,72,151,296
624,Kiruna,Norrbottens län,41,231,60,17,7,79,49,114
1032,Kiruna,Norrbottens län,93,476,31,24,11,62,102,222
876,Kiruna,Norrbottens län,70,367,25,32,10,51,98,210
793,Kiruna,Norrbottens län,66,329,12,15,8,36,64,244
897,Kiruna,Norrbottens län,52,294,21,33,24,63,143,247
945,Kiruna,Norrbottens län,54,467,19,17,14,62,124,185
885,Kiruna,Norrbottens län,115,390,15,30,17,42,76,195
1129,Kiruna,Norrbottens län,119,491,82,41,31,56,115,183
1366,Kiruna,Norrbottens län,80,563,51,36,23,125,140,331
1415,Kiruna,Norrbottens län,88,631,33,31,27,111,165,312
