distrikt_kod,income,edu,foreign,turnout,age,hyra
01140101,350.0,50.83,36.27,,38.52,44.17
01140102,400.6,47.75,23.27,,44.07,14.92
01140120,400.6,47.75,23.27,,44.07,14.92
01140121,354.6,53.31,42.55,,37.75,23.5
01140126,357.1,49.91,37.49,,38.8,0.39
01140203,335.9,52.04,50.48,,43.76,35.92
01140204,356.5,46.83,47.78,,38.48,31.34
01140206,264.6,37.05,77.48,,35.89,65.96
01140207,386.6,42.79,39.8,,42.51,7.82
01140209,254.7,34.99,69.02,,36.27,91.23
01140210,332.6,51.48,59.28,,39.5,22.21
01140211,316.7,33.95,51.41,,42.01,48.25
01140212,290.2,38.41,57.8,,41.38,26.36
01140218,332.6,51.48,59.28,,39.5,22.21
01140219,254.7,34.99,69.02,,36.27,91.23
01140223,316.7,33.95,51.41,,42.01,48.25
01140224,307.2,47.48,56.95,,43.72,0.0
01140225,253.0,35.67,71.47,,39.99,77.7
01140231,307.2,47.48,56.95,,43.72,0.0
01140232,260.3,46.65,65.69,,45.8,72.28
01140233,259.2,41.0,82.02,,38.0,36.6
01140313,362.0,48.74,45.34,,37.26,12.5
01140314,466.0,55.97,21.7,,37.24,2.83
01140315,399.1,48.86,29.92,,42.45,0.0
01140316,375.6,47.4,28.15,,42.85,0.93
01140317,428.4,50.91,28.54,,40.44,0.0
01140318,375.6,51.54,35.08,,35.11,2.6
01140327,400.6,47.75,23.27,,44.07,14.92
01150101,404.8,40.63,21.51,,42.33,3.9
01150102,400.1,40.88,13.17,,43.57,0.68
01150103,404.8,40.63,21.51,,42.33,3.9
01150104,341.5,44.55,28.1,,40.48,2.42
01150105,390.3,55.06,21.75,,38.91,0.7
01150106,399.9,52.67,21.01,,36.59,1.41
01150107,298.0,34.89,30.32,,43.91,3.52
01150108,312.1,40.76,24.37,,50.14,21.03
01150109,303.7,46.02,41.71,,37.37,37.43
01150110,446.2,65.54,15.93,,40.32,0.32
01150111,424.3,57.28,18.33,,38.3,9.3
01150112,404.8,40.63,21.51,,42.33,3.9
01150113,464.1,68.55,18.5,,37.69,0.23
01150114,371.3,54.29,16.5,,37.97,0.0
01150115,404.8,40.63,21.51,,42.33,3.9
01150116,390.2,37.25,23.7,,44.57,2.28
01150117,363.6,40.54,19.53,,40.84,5.0
01170001,368.7,49.19,28.4,,41.37,4.2
01170002,309.1,35.98,34.86,,44.97,40.17
01170003,361.9,51.1,22.38,,37.57,0.67
01170004,445.0,54.2,16.33,,41.73,2.26
01170005,383.2,48.92,21.01,,34.86,0.97
01170006,435.3,62.28,22.7,,33.47,2.25
01170007,264.5,31.1,49.11,,43.89,90.61
01170008,353.2,40.89,30.33,,46.41,20.33
01170009,354.8,34.73,13.79,,53.99,6.96
01170010,441.4,55.66,17.35,,40.23,5.7
01170011,395.4,37.64,18.88,,44.86,5.11
01170012,325.6,39.96,37.35,,43.31,18.55
01170013,433.4,54.52,15.69,,40.35,1.54
01170014,367.4,42.09,21.8,,37.64,3.44
01170015,452.6,55.35,15.96,,40.31,0.17
01170016,380.5,50.37,19.37,,39.71,7.31
01170017,469.4,55.38,17.63,,39.23,1.72
01170018,425.8,53.39,23.85,,38.37,1.87
01170019,412.6,52.26,24.18,,38.38,0.32
01170020,334.9,47.53,34.38,,41.89,29.23
01170021,361.9,51.1,22.38,,37.57,0.67
01170022,433.6,60.25,17.32,,44.8,1.45
01170023,383.4,48.78,22.09,,39.44,8.17
01170024,433.6,60.25,17.32,,44.8,1.45
01170025,549.4,68.77,11.81,,43.38,1.3
01200101,392.9,39.27,17.6,,46.93,0.74
01200102,365.0,45.3,13.32,,50.46,5.96
01200103,354.8,34.73,13.79,,53.99,6.96
01200104,348.1,38.62,22.86,,42.09,36.32
01200105,464.7,63.25,11.88,,36.57,2.95
01200106,390.8,44.55,17.65,,41.55,0.59
01200107,458.5,57.89,15.62,,38.29,2.68
01200108,434.6,50.38,18.49,,41.69,1.01
01200109,434.9,47.55,21.48,,39.11,4.6
01200301,365.0,45.3,13.32,,50.46,5.96
01200302,357.3,36.17,15.88,,50.35,11.8
01200303,365.0,45.3,13.32,,50.46,5.96
01200501,434.1,51.4,18.08,,42.45,21.87
01200502,391.3,42.67,16.44,,44.37,0.47
01200503,455.2,51.74,11.62,,38.62,0.8
01200504,401.6,49.04,17.04,,43.84,0.91
01200505,434.1,51.4,18.08,,42.45,21.87
01200601,333.6,43.79,21.92,,41.77,35.23
01200602,339.4,48.24,19.94,,44.78,27.79
01200603,285.5,33.49,40.3,,41.44,45.28
01200604,434.5,68.3,11.62,,45.0,2.54
01200605,357.4,47.88,16.84,,38.49,0.0
01200606,505.5,60.93,13.6,,42.24,1.26
01200607,434.5,68.3,11.62,,45.0,2.54
01200608,480.7,64.89,14.45,,35.3,2.37
01200609,480.7,64.89,14.45,,35.3,2.37
01200610,434.1,51.4,18.08,,42.45,21.87
01200611,362.8,53.61,22.47,,37.37,14.09
01200612,362.8,53.61,22.47,,37.37,14.09
01200613,339.4,48.24,19.94,,44.78,27.79
01230201,316.4,49.78,48.59,,37.01,35.85
01230202,446.3,63.15,33.36,,40.8,2.22
01230203,403.5,58.47,36.45,,33.02,1.56
01230204,370.0,55.1,39.63,,37.61,0.58
01230205,379.4,50.83,41.38,,38.46,3.26
01230206,431.8,56.56,36.99,,38.25,3.4
01230207,395.4,63.83,52.57,,34.52,44.6
01230208,336.7,52.93,56.29,,35.75,26.24
01230209,342.6,59.9,67.65,,31.29,49.71
01230210,342.6,59.9,67.65,,31.29,49.71
01230211,336.7,52.93,56.29,,35.75,26.24
01230212,395.4,63.83,52.57,,34.52,44.6
01230213,395.4,63.83,52.57,,34.52,44.6
01230306,393.0,56.54,27.49,,42.49,0.0
01230307,382.5,48.62,32.11,,42.14,18.16
01230308,391.7,52.95,32.63,,41.38,11.6
01230309,357.4,47.75,33.52,,44.04,1.1
01230310,349.8,40.23,30.03,,43.51,33.75
01230311,408.5,57.11,30.31,,40.26,2.71
01230312,293.6,39.95,48.83,,42.93,29.25
01230313,380.2,52.73,36.05,,41.33,0.32
01230413,226.8,33.83,87.43,,35.89,99.59
01230414,454.6,61.69,36.83,,42.28,2.35
01230415,307.1,53.45,59.22,,41.51,4.66
01230416,300.7,48.49,53.71,,37.96,0.0
01230417,436.8,65.09,34.74,,41.43,2.01
01230418,249.3,38.88,82.77,,35.55,73.43
01230419,212.6,30.21,89.54,,36.62,99.55
01230420,268.4,41.51,65.08,,42.31,71.71
01230421,253.6,40.02,80.83,,35.97,50.88
01230422,279.9,47.8,73.55,,42.75,32.77
01230423,259.0,37.53,73.75,,40.88,85.51
01230424,282.9,42.08,70.97,,42.83,44.02
01230425,300.0,47.74,66.76,,42.42,0.0
01230426,397.4,58.86,46.67,,39.97,0.64
01230427,395.6,56.0,39.76,,38.92,2.86
01230428,316.2,52.09,74.28,,31.34,47.23
01230429,264.4,38.52,78.39,,35.85,63.68
01230430,259.0,37.53,73.75,,40.88,85.51
01230528,323.5,47.94,49.73,,42.55,0.71
01230529,336.7,57.2,40.46,,42.47,5.72
01230530,298.6,49.18,53.43,,42.86,4.39
01230531,362.9,54.68,31.43,,39.71,5.11
01230532,343.4,46.21,39.49,,41.08,42.44
01230533,432.7,56.45,31.5,,39.9,5.15
01230534,446.9,64.84,27.97,,49.84,0.63
01230535,253.7,33.8,71.11,,35.43,83.8
01250101,380.1,41.4,20.6,,42.61,1.71
01250201,325.8,35.96,21.55,,48.06,15.27
01250301,408.0,56.96,22.71,,38.95,18.59
01250302,378.4,51.72,23.67,,42.91,27.8
01250303,401.3,61.48,11.99,,38.61,0.47
01250304,523.9,72.2,11.96,,39.97,0.57
01250305,433.0,60.72,20.16,,41.45,16.73
01250306,455.0,61.91,15.48,,39.11,10.43
01250307,440.4,54.12,18.27,,41.4,3.92
01250308,408.0,56.96,22.71,,38.95,18.59
01250309,401.3,61.48,11.99,,38.61,0.47
01250310,477.5,71.63,9.34,,38.23,0.0
01250401,440.2,63.95,17.55,,45.06,34.69
01250901,357.3,43.32,14.65,,41.58,1.05
01250902,383.6,47.14,19.01,,43.76,4.61
01250903,383.6,47.14,19.01,,43.76,4.61
01250904,382.7,49.33,17.9,,42.22,16.41
01250905,382.7,49.33,17.9,,42.22,16.41
01250906,429.9,51.8,17.52,,39.31,1.75
01260103,445.2,68.69,16.58,,41.1,2.64
01260105,414.3,65.8,28.12,,30.73,0.17
01260106,410.8,61.75,28.22,,42.12,10.03
01260107,405.4,59.48,28.53,,33.24,0.84
01260108,430.1,63.27,25.92,,39.75,3.69
01260109,435.3,60.15,20.91,,38.8,0.74
01260110,323.3,48.82,35.07,,43.02,22.16
01260116,384.8,56.42,23.49,,39.23,0.56
01260117,400.7,58.98,21.4,,35.05,0.15
01260119,478.0,69.17,18.93,,39.26,0.48
01260120,453.0,63.54,19.22,,38.31,0.0
01260122,381.8,39.95,22.55,,40.08,3.02
01260123,389.1,59.91,29.87,,37.75,3.6
01260124,444.3,66.67,18.42,,41.85,1.92
01260125,411.7,64.89,20.19,,37.55,0.0
01260126,477.3,63.84,22.39,,39.82,0.72
01260127,303.9,44.65,36.79,,36.91,73.14
01260128,279.0,39.94,45.23,,43.26,77.39
01260129,370.6,63.21,41.52,,37.14,0.0
01260130,279.0,39.94,45.23,,43.26,77.39
01260131,401.4,61.32,22.31,,41.28,2.5
01260132,321.8,52.71,29.98,,49.92,21.82
01260133,412.0,61.49,31.74,,38.7,2.63
01260134,451.6,70.31,21.62,,34.57,0.67
01260135,350.3,54.39,27.74,,48.9,13.2
01260136,475.1,69.3,17.89,,37.92,0.68
01260201,396.1,48.13,27.59,,39.06,2.46
01260202,325.0,50.0,40.93,,40.02,10.97
01260203,289.6,38.58,41.45,,40.71,73.71
01260204,440.3,59.63,24.81,,40.87,5.8
01260205,269.1,37.51,61.87,,41.37,31.45
01260206,235.8,30.32,71.67,,37.88,99.56
01260207,255.4,35.85,79.61,,35.59,64.95
01260208,291.9,37.71,71.86,,39.14,0.0
01260209,317.6,48.2,43.32,,42.84,7.38
01260210,369.2,54.74,37.47,,39.49,1.8
01260211,362.6,51.88,35.83,,41.18,4.42
01260212,289.6,38.58,41.45,,40.71,73.71
01260213,502.7,66.17,20.63,,37.27,0.0
01260214,410.7,48.21,40.92,,35.8,5.6
01260301,395.1,48.34,43.91,,38.57,9.64
01260302,431.0,62.77,22.23,,39.67,5.93
01260303,425.7,59.64,32.01,,40.68,4.56
01260304,215.7,25.77,87.1,,38.09,99.51
01260305,257.2,33.75,81.64,,39.62,61.44
01260306,237.9,29.69,86.11,,36.83,92.89
01260307,242.4,36.33,78.93,,40.92,84.23
01260308,294.2,48.36,75.15,,40.9,13.1
01260309,391.3,54.45,20.1,,40.26,0.0
01260310,447.9,61.57,24.6,,38.79,14.7
01260311,428.9,53.21,37.08,,38.59,2.09
01260312,353.1,50.73,50.47,,36.91,1.83
01260313,237.9,29.69,86.11,,36.83,92.89
01260402,226.5,31.81,87.98,,39.88,99.75
01260403,253.8,43.52,87.59,,37.42,0.0
01260404,213.4,60.42,79.77,,36.38,98.17
01260405,257.8,42.0,79.33,,38.15,63.46
01260406,228.4,37.94,74.59,,37.57,99.41
01260407,271.8,51.55,71.77,,33.6,60.15
01260408,333.8,49.3,66.36,,37.52,0.64
01260409,222.4,66.74,78.55,,26.5,99.38
01260410,271.8,51.55,71.77,,33.6,60.15
01260411,391.1,52.04,48.12,,33.21,1.14
01260412,391.1,52.04,48.12,,33.21,1.14
01270001,377.4,57.68,34.69,,44.04,8.97
01270002,377.4,57.68,34.69,,44.04,8.97
01270003,328.0,55.6,41.84,,38.14,5.57
01270004,431.7,56.63,26.33,,40.29,21.15
01270005,323.1,49.9,35.82,,39.4,13.98
01270006,372.8,58.93,33.76,,39.5,0.0
01270007,350.4,56.87,32.13,,48.78,0.35
01270008,429.6,55.63,22.9,,40.29,9.9
01270009,350.8,53.71,35.7,,28.07,11.51
01270010,440.1,61.06,18.71,,39.67,5.63
01270011,395.2,60.73,31.7,,36.75,0.27
01270012,443.5,62.03,40.15,,37.21,1.43
01270013,373.8,33.59,20.06,,45.43,8.13
01270020,276.7,33.2,36.58,,45.74,69.18
01270021,330.6,43.88,50.64,,31.27,54.36
01270022,300.1,41.12,56.18,,41.74,47.86
01270023,372.9,47.43,45.22,,41.05,0.49
01270024,425.9,50.39,30.92,,41.47,0.35
01270025,358.7,42.97,46.97,,37.61,16.4
01270026,342.5,45.46,55.67,,37.52,0.33
01270028,236.0,29.44,78.57,,37.16,85.34
01270029,267.9,34.14,73.79,,37.75,73.48
01270030,249.3,29.23,69.06,,35.44,85.7
01270031,365.6,43.6,51.05,,40.88,8.21
01270032,240.9,31.73,60.73,,42.16,94.96
01270033,341.8,50.33,59.94,,37.69,5.58
01270034,311.7,43.51,46.31,,46.72,44.94
01270035,318.1,34.74,30.56,,43.64,32.15
01270036,373.8,33.59,20.06,,45.43,8.13
01270037,389.2,42.24,27.82,,42.44,1.07
01270041,253.4,28.38,85.18,,37.92,58.25
01270042,233.8,26.18,89.18,,38.06,99.57
01270043,283.9,34.71,79.72,,40.92,3.82
01270044,234.5,29.81,89.56,,36.79,82.46
01270046,237.6,27.26,88.23,,36.06,77.22
01270047,229.4,30.78,89.1,,39.38,39.25
01270051,269.4,32.46,90.51,,38.59,0.89
01270052,228.7,26.97,93.21,,40.77,99.4
01270053,225.6,29.61,94.2,,39.09,98.9
01270054,233.3,27.11,89.39,,36.72,84.84
01270055,233.3,27.11,89.39,,36.72,84.84
01270061,319.5,37.32,71.11,,39.23,0.0
01270062,319.5,37.32,71.11,,39.23,0.0
01270063,252.3,33.22,86.21,,38.56,0.0
01270064,247.0,27.86,90.29,,36.46,0.0
01270065,276.6,29.26,83.51,,37.89,4.21
01270066,317.4,37.65,76.84,,40.64,3.68
01270067,236.0,27.18,91.64,,37.69,44.48
01270068,213.9,27.27,89.19,,40.42,99.49
01270069,233.1,24.23,91.45,,38.83,99.29
01270070,249.7,34.81,75.83,,40.5,56.57
01270071,296.1,36.9,73.59,,39.4,5.92
01280101,435.8,61.66,20.39,,40.89,6.11
01280102,454.9,67.14,18.84,,39.02,2.1
01280103,335.3,44.18,39.77,,38.75,26.82
01280104,302.9,38.4,41.07,,47.29,22.67
01280105,344.6,40.79,48.93,,39.22,9.98
01280106,361.1,52.54,31.1,,43.43,12.29
01280107,286.5,38.38,49.53,,36.06,55.08
01280108,339.3,47.08,41.13,,36.22,8.12
01280109,454.9,67.14,18.84,,39.02,2.1
01360101,435.0,49.22,17.84,,36.57,0.94
01360102,396.3,52.08,15.77,,37.22,0.6
01360103,362.1,40.39,21.89,,39.44,0.31
01360104,408.3,46.49,25.41,,36.59,0.87
01360105,351.5,42.03,24.53,,40.12,0.94
01360106,375.5,44.68,15.39,,41.34,4.25
01360107,371.1,41.7,22.37,,38.82,0.79
01360108,403.7,46.22,19.03,,42.38,2.31
01360109,389.9,35.18,14.66,,49.15,6.64
01360110,329.4,37.18,25.63,,42.41,3.67
01360111,402.4,44.86,31.18,,32.72,1.53
01360112,329.4,37.18,25.63,,42.41,3.67
01360113,247.6,23.27,70.11,,35.21,99.56
01360114,273.0,29.49,64.66,,39.04,42.58
01360115,430.3,52.98,14.66,,37.86,0.59
01360116,271.0,31.64,72.38,,38.77,0.0
01360117,240.7,28.19,72.71,,34.66,90.8
01360118,304.9,33.7,63.27,,40.1,0.4
01360119,375.2,40.25,36.31,,40.72,4.46
01360120,281.5,32.34,45.52,,47.28,64.52
01360121,284.6,38.51,50.0,,40.34,38.52
01360123,292.8,38.01,49.76,,39.69,67.48
01360124,375.2,40.25,36.31,,40.72,4.46
01360125,305.0,36.98,44.3,,48.41,36.78
01360126,341.8,50.39,42.58,,30.83,46.35
01360131,235.4,26.33,84.14,,36.22,66.26
01360132,221.1,26.24,85.04,,32.47,99.54
01360133,233.3,26.97,82.66,,35.75,89.68
01360134,237.0,29.45,82.37,,37.18,84.39
01360140,335.6,39.55,53.82,,41.96,0.24
01360144,294.7,37.54,52.06,,37.03,67.29
01360145,300.6,34.0,57.75,,40.58,0.23
01360146,293.4,31.95,58.43,,36.2,0.0
01360147,313.6,44.05,34.99,,41.49,21.14
01360148,329.4,35.77,55.69,,43.84,0.56
01360162,424.1,52.05,15.08,,40.45,2.54
01360163,341.8,50.39,42.58,,30.83,46.35
01360164,332.8,51.82,45.24,,28.96,64.21
01360165,294.7,37.54,52.06,,37.03,67.29
01360166,402.4,44.86,31.18,,32.72,1.53
01360537,425.4,46.19,10.28,,48.4,9.54
01360649,381.3,35.92,20.25,,41.73,3.23
01360650,369.6,33.15,17.35,,44.48,7.71
01360651,336.4,38.02,27.5,,40.19,30.46
01360652,367.7,34.07,23.84,,37.82,1.57
01360653,282.1,30.24,42.64,,37.18,58.65
01360654,273.7,33.41,52.22,,40.35,2.69
01360655,354.1,46.6,22.68,,36.39,1.96
01360656,389.9,35.18,14.66,,49.15,6.64
01360657,313.4,33.87,33.64,,37.17,0.48
01360658,389.9,35.18,14.66,,49.15,6.64
01360659,369.6,33.15,17.35,,44.48,7.71
01360660,301.4,39.68,42.11,,39.25,15.81
01360760,340.0,28.79,9.24,,50.85,6.35
01380101,304.0,44.08,36.07,,49.13,33.4
01380102,322.5,45.02,27.48,,52.12,0.0
01380103,335.3,44.87,27.47,,51.5,4.05
01380104,272.9,32.0,52.76,,35.12,99.27
01380105,416.0,58.89,17.15,,40.75,0.0
01380106,379.5,49.19,16.08,,41.43,4.68
01380107,361.9,45.83,16.4,,40.21,7.69
01380108,401.9,54.7,16.89,,40.3,1.31
01380109,396.7,51.54,20.82,,39.57,25.63
01380110,564.8,58.01,11.83,,38.02,1.59
01380111,396.7,51.54,20.82,,39.57,25.63
01380112,432.0,49.18,14.76,,41.02,1.88
01380113,441.3,44.76,14.91,,41.42,0.43
01380121,475.1,64.84,13.09,,40.52,1.27
01380122,448.7,58.84,17.36,,43.13,0.62
01380123,383.0,52.86,18.67,,43.31,26.94
01380124,439.7,56.37,16.85,,38.78,7.79
01380125,430.9,52.46,17.1,,39.97,11.15
01380126,447.4,57.56,15.96,,41.6,4.79
01380127,369.2,50.14,29.62,,39.76,32.18
01380128,303.8,42.08,37.96,,36.82,51.07
01380129,224.6,24.84,62.43,,35.34,98.94
01380130,368.9,46.91,22.54,,40.86,32.29
01380131,315.8,38.78,27.73,,41.03,46.18
01380132,369.2,50.14,29.62,,39.76,32.18
01380133,303.8,42.08,37.96,,36.82,51.07
01390101,295.9,40.21,54.4,,37.0,25.92
01390102,447.6,47.08,19.42,,46.59,4.16
01390103,240.2,30.62,75.69,,35.65,70.75
01390104,447.6,47.08,19.42,,46.59,4.16
01390105,447.6,47.08,19.42,,46.59,4.16
01390106,447.6,47.08,19.42,,46.59,4.16
01390107,447.6,47.08,19.42,,46.59,4.16
01390108,447.6,47.08,19.42,,46.59,4.16
01390305,447.6,47.08,19.42,,46.59,4.16
01390306,381.9,51.04,25.11,,39.93,2.41
01390307,447.6,47.08,19.42,,46.59,4.16
01390308,369.1,48.33,41.57,,29.94,28.13
01390309,447.6,47.08,19.42,,46.59,4.16
01390310,447.6,47.08,19.42,,46.59,4.16
01390311,333.3,37.89,40.62,,37.81,0.15
01390312,302.8,42.8,48.37,,40.49,0.21
01390313,320.4,47.46,48.69,,40.06,45.01
01390512,382.9,33.0,18.15,,44.55,1.29
01400136,414.3,44.65,21.45,,40.74,3.33
01400137,414.3,44.65,21.45,,40.74,3.33
01400138,414.3,44.65,21.45,,40.74,3.33
01400139,414.3,44.65,21.45,,40.74,3.33
01400140,357.3,40.49,24.4,,41.7,39.53
01400234,386.9,36.2,19.41,,40.86,1.86
01600101,457.5,68.85,20.72,,38.61,2.11
01600102,479.9,71.5,18.13,,40.03,0.0
01600103,516.3,71.93,18.26,,36.88,5.76
01600104,429.8,61.85,19.47,,41.35,3.49
01600105,539.0,72.73,23.0,,40.26,0.95
01600106,457.5,68.85,20.72,,38.61,2.11
01600107,476.9,67.9,20.47,,39.92,2.81
01600108,475.2,72.2,20.29,,38.18,0.17
01600109,521.7,74.65,18.25,,39.56,4.92
01600110,516.9,78.19,21.66,,36.62,0.27
01600111,512.1,68.02,26.36,,43.84,20.78
01600112,543.4,82.87,13.65,,40.18,0.2
01600113,488.0,76.91,16.2,,43.75,2.21
01600114,523.0,80.24,18.36,,38.67,0.51
01600115,497.5,75.61,25.03,,38.81,9.21
01600116,365.3,57.47,33.92,,56.77,8.28
01600117,371.4,58.39,32.08,,45.78,0.0
01600118,352.8,59.28,42.15,,44.38,1.66
01600119,365.3,57.47,33.92,,56.77,8.28
01600120,351.9,66.53,32.58,,45.7,0.0
01600121,357.7,57.82,41.09,,43.88,0.0
01600122,454.7,67.47,26.24,,40.96,6.69
01600223,537.3,68.27,22.82,,39.2,3.03
01600224,376.0,60.0,44.08,,30.37,23.39
01600225,531.4,69.66,19.36,,40.68,1.34
01600226,537.3,68.27,22.82,,39.2,3.03
01600227,457.6,70.09,22.69,,37.03,2.0
01600228,320.2,44.43,48.71,,45.79,0.0
01600229,502.0,75.08,19.61,,42.39,0.15
01600230,394.3,63.23,30.34,,48.38,0.0
01600231,400.5,66.69,38.54,,34.08,26.03
01600232,400.5,66.69,38.54,,34.08,26.03
01600233,355.5,61.87,36.98,,36.21,43.46
01600234,361.1,62.21,24.51,,47.04,13.04
01600235,578.8,74.21,16.09,,39.94,0.57
01600236,321.0,50.76,39.21,,41.61,0.0
01600237,518.3,73.42,17.15,,38.15,0.0
01600238,374.7,56.71,41.9,,38.17,41.72
01600239,391.9,67.77,20.8,,54.13,6.04
01600240,665.9,75.54,18.29,,39.17,2.06
01600241,603.7,75.63,19.42,,38.57,15.15
01600242,603.7,75.63,19.42,,38.57,15.15
01600243,420.3,55.47,37.77,,48.91,18.91
01600244,574.4,80.06,12.71,,38.01,2.82
01600245,657.7,79.74,13.89,,46.95,1.87
01620101,621.8,82.16,15.89,,38.53,1.98
01620102,551.7,74.74,22.53,,40.34,2.81
01620103,622.3,82.6,18.93,,39.78,3.47
01620104,464.2,73.03,17.79,,49.43,23.98
01620105,421.2,75.6,28.45,,46.75,17.63
01620106,486.7,69.86,31.31,,39.09,30.46
01620107,409.6,75.5,27.21,,49.16,0.29
01620108,711.3,84.01,16.33,,38.8,2.28
01620109,569.3,81.06,18.4,,40.19,6.49
01620110,605.6,69.57,24.59,,43.23,7.82
01620111,740.8,77.71,15.84,,48.43,11.02
01620112,576.9,79.67,21.69,,40.76,7.85
01620113,655.1,77.91,21.28,,39.36,4.5
01620114,676.2,79.06,19.17,,38.89,10.85
01620115,792.3,75.96,18.84,,49.62,19.27
01620116,795.0,76.22,17.41,,41.6,1.32
01620117,659.0,78.7,16.8,,41.59,0.72
01620118,662.1,76.01,17.94,,44.74,8.52
01620119,404.8,69.53,39.49,,38.21,21.94
01620120,539.7,84.78,13.74,,44.54,5.91
01630110,419.9,61.65,27.27,,40.05,0.49
01630111,458.9,65.45,19.37,,40.25,0.43
01630112,289.2,40.79,60.08,,39.95,51.08
01630113,288.6,40.26,60.59,,37.02,73.32
01630114,296.3,40.24,52.73,,41.01,40.72
01630115,331.7,50.0,42.52,,44.88,46.67
01630121,513.1,72.83,19.61,,40.77,0.51
01630122,445.9,68.57,20.96,,37.28,1.73
01630123,430.3,64.2,23.7,,43.4,2.57
01630131,404.5,63.88,27.44,,41.04,18.92
01630132,503.0,68.11,25.25,,42.55,3.19
01630140,455.1,66.41,23.56,,41.52,0.96
01630141,386.5,61.96,52.66,,29.09,31.67
01630142,447.0,67.9,34.15,,37.75,1.27
01630143,447.0,67.9,34.15,,37.75,1.27
01630151,382.4,61.92,34.76,,43.43,25.22
01630152,348.8,55.25,48.89,,37.66,53.29
01630153,462.7,74.68,22.08,,39.55,1.2
01630154,579.2,76.21,27.25,,41.3,0.92
01630155,348.8,55.25,48.89,,37.66,53.29
01630156,579.2,76.21,27.25,,41.3,0.92
01630157,397.3,66.97,35.63,,48.12,35.58
01630160,238.0,39.6,67.22,,36.55,96.34
01630161,448.4,69.15,37.15,,40.24,0.68
01630162,286.2,47.54,52.97,,43.08,45.72
01630164,424.1,61.87,28.69,,46.65,6.35
01630165,447.0,67.9,34.15,,37.75,1.27
01630170,442.9,67.31,43.68,,39.91,0.99
01630171,473.2,67.09,36.27,,40.22,1.28
01630172,405.2,66.67,52.42,,35.83,28.22
01630173,222.3,41.71,78.48,,42.43,90.74
01630174,272.0,49.44,77.47,,38.99,0.0
01630175,470.3,76.55,29.94,,39.39,2.58
01630178,333.0,56.5,51.85,,42.69,50.78
01630179,242.9,36.37,88.28,,39.99,74.34
01630180,448.4,69.15,37.15,,40.24,0.68
01630181,425.7,65.78,26.8,,43.23,0.63
01630182,627.9,76.99,26.58,,41.2,0.72
01630183,455.1,66.41,23.56,,41.52,0.96
01630190,472.2,78.78,20.57,,40.19,0.29
01630191,467.0,65.52,37.8,,38.66,17.4
01630192,472.2,78.78,20.57,,40.19,0.29
01630193,472.2,78.78,20.57,,40.19,0.29
01630194,665.7,83.73,12.54,,40.09,0.44
01630195,501.9,78.9,26.99,,33.52,2.05
01630196,665.7,83.73,12.54,,40.09,0.44
01800101,432.9,68.13,21.13,,50.05,60.29
01800102,462.1,65.86,20.46,,45.95,52.81
01800103,432.9,68.13,21.13,,50.05,60.29
01800401,471.2,69.9,25.75,,43.94,28.65
01800402,466.4,69.87,25.89,,42.73,34.3
01800403,561.6,72.08,23.56,,45.48,34.93
01800404,466.4,69.87,25.89,,42.73,34.3
01800405,536.9,76.98,19.21,,42.96,23.23
01800406,520.6,73.93,23.94,,38.39,10.92
01800407,422.0,68.84,39.61,,37.43,38.86
01800408,471.2,69.9,25.75,,43.94,28.65
01800501,556.1,77.98,20.01,,39.42,22.77
01800502,497.3,68.86,28.06,,41.83,31.69
01800503,512.0,72.38,29.47,,43.1,24.84
01800504,504.7,71.03,28.35,,40.87,37.39
01800505,609.2,75.35,23.77,,41.1,10.95
01800506,481.4,67.92,26.09,,44.87,41.09
01800601,440.5,68.22,25.31,,41.57,57.68
01800602,538.4,74.95,23.35,,44.51,22.97
01800603,498.9,72.57,25.92,,45.39,21.09
01800604,512.3,71.98,21.63,,43.11,29.96
01800605,518.5,72.23,20.67,,43.05,45.13
01800606,467.2,77.25,18.17,,39.84,27.55
01800607,518.5,72.23,20.67,,43.05,45.13
01800608,544.9,77.53,19.69,,40.46,21.38
01800609,582.7,76.28,20.31,,42.79,23.1
01800701,476.1,73.29,22.58,,40.15,34.41
01800702,497.5,76.28,20.59,,41.51,29.25
01800703,569.4,79.24,18.71,,38.02,11.02
01800704,569.4,79.24,18.71,,38.02,11.02
01800705,466.8,77.97,20.47,,43.0,34.92
01800706,569.0,78.8,43.23,,33.82,0.0
01800707,544.0,76.32,26.29,,37.66,15.54
01800708,469.3,77.68,15.35,,47.22,35.41
01800709,548.9,76.05,18.43,,41.19,20.16
01800710,541.4,77.3,19.32,,42.26,20.24
01800711,566.9,75.07,21.5,,41.06,16.35
01800712,596.5,80.02,14.08,,40.81,9.37
01800713,495.3,77.71,19.38,,39.68,24.25
01800714,503.1,73.86,16.87,,42.79,28.75
01800715,551.1,77.91,17.03,,42.15,17.42
01800716,541.9,78.21,17.13,,40.27,17.19
01800717,405.9,80.1,31.51,,34.13,37.48
01800718,523.1,77.97,22.49,,40.72,21.0
01800719,463.8,76.44,21.63,,45.26,41.92
01800720,569.0,78.8,43.23,,33.82,0.0
01800721,480.7,75.88,34.39,,31.13,33.86
01800901,576.1,72.57,20.52,,46.95,35.42
01800902,643.4,76.41,19.21,,42.87,25.96
01800903,71.3,69.67,98.02,,27.17,96.86
01800904,689.0,74.67,20.87,,45.61,12.54
01800905,637.6,74.72,19.33,,44.71,29.96
01800906,661.7,75.32,20.26,,47.08,25.49
01800907,565.8,74.42,22.16,,40.0,9.48
01800908,327.8,77.94,32.35,,36.63,74.49
01800909,387.9,73.6,22.16,,44.06,31.77
01800910,452.0,80.65,22.29,,37.34,0.0
01800911,317.9,77.32,50.89,,32.59,54.7
01800912,317.9,77.32,50.89,,32.59,54.7
01800913,490.0,74.68,27.89,,40.25,13.79
01800914,525.2,78.68,23.7,,33.99,36.03
01800915,437.5,79.42,23.77,,32.77,63.6
01800916,544.7,83.51,19.15,,38.74,30.5
01800917,327.8,77.94,32.35,,36.63,74.49
01800918,500.1,75.34,21.22,,35.02,57.1
01800919,153.0,89.69,83.3,,26.88,99.25
01801001,619.0,75.33,22.91,,43.56,17.77
01801002,584.8,77.38,19.6,,44.4,21.59
01801003,517.3,69.81,18.15,,46.64,40.36
01801004,582.3,72.87,17.73,,43.72,22.16
01801005,541.1,67.57,25.72,,45.88,30.81
01801006,550.9,70.98,19.18,,46.09,41.65
01801007,588.4,76.8,18.81,,44.28,18.72
01801008,578.9,67.35,20.02,,45.02,30.95
01801101,492.5,64.9,18.94,,48.73,49.45
01801102,735.0,69.1,17.06,,48.53,15.37
01801103,656.3,70.75,21.15,,43.39,19.37
01801104,583.3,76.56,18.65,,43.25,21.83
01801105,661.5,70.79,21.25,,46.77,22.52
01801106,602.7,76.05,17.87,,46.69,15.16
01801107,551.9,72.42,19.63,,44.75,16.44
01801108,567.4,75.87,16.91,,55.33,7.67
01801109,485.8,73.64,13.99,,46.62,45.26
01801110,804.4,74.47,15.52,,49.89,20.44
01801111,546.2,80.58,21.43,,45.12,12.43
01801112,465.2,76.77,12.65,,45.12,43.33
01801113,500.4,78.35,14.94,,41.3,20.37
01801114,463.5,72.7,18.77,,45.52,37.01
01801115,422.5,75.74,18.64,,45.31,39.0
01801116,424.6,78.69,15.26,,42.66,28.45
01801117,546.2,80.58,21.43,,45.12,12.43
01801118,360.1,81.72,34.78,,36.64,45.62
01801119,324.7,69.96,30.14,,44.43,79.1
01801120,426.6,77.39,20.03,,40.95,34.22
01801121,494.4,73.24,21.37,,40.1,22.85
01801122,479.4,76.24,16.88,,45.75,38.81
01801123,483.6,74.41,16.48,,47.19,30.15
01801124,530.6,72.38,15.32,,45.93,28.25
01801125,494.4,73.24,21.37,,40.1,22.85
01801126,469.9,78.59,13.63,,47.5,25.5
01801301,496.7,75.69,16.41,,43.45,26.24
01801302,439.0,72.35,17.38,,42.94,42.36
01801303,425.9,69.18,23.36,,43.2,55.7
01801304,467.1,73.29,19.74,,44.02,38.03
01801305,490.5,75.31,16.89,,45.65,43.31
01801306,486.6,67.99,15.48,,47.36,33.73
01801307,521.9,75.86,20.89,,47.7,22.89
01801308,452.0,73.34,25.62,,47.04,28.15
01801309,432.8,72.77,21.58,,44.1,21.65
01801310,478.0,76.29,32.52,,47.97,0.0
01801311,459.5,72.75,24.1,,45.25,18.76
01801312,439.1,71.85,18.32,,43.3,39.24
01801313,432.8,73.13,16.44,,51.75,64.21
01801401,444.7,81.2,15.67,,45.96,10.44
01801402,470.9,82.97,15.57,,47.89,4.29
01801403,442.2,78.97,19.48,,44.64,26.94
01801404,426.3,80.29,19.65,,45.22,27.09
01801405,395.6,74.12,18.72,,43.11,40.92
01801406,414.7,78.42,19.75,,39.94,33.43
01801407,419.7,70.77,23.43,,43.33,42.68
01801408,369.8,71.27,19.48,,42.5,56.04
01801409,447.8,80.7,18.0,,41.1,21.71
01801410,398.0,74.37,20.18,,46.21,38.53
01801411,375.2,66.91,25.22,,43.99,71.64
01801412,448.6,75.63,16.74,,47.01,23.99
01801413,450.1,69.54,17.5,,44.97,46.41
01801414,458.3,76.91,17.99,,42.65,15.58
01801415,388.7,72.01,23.16,,41.04,65.34
01801416,381.7,63.66,27.1,,50.05,46.88
01801417,458.3,76.91,17.99,,42.65,15.58
01801418,371.4,69.65,22.19,,45.69,71.53
01801419,482.2,79.1,18.3,,40.76,10.7
01801420,388.5,75.58,18.78,,41.72,55.2
01801421,430.8,83.72,18.63,,47.78,5.07
01801422,457.1,74.16,23.79,,42.14,31.91
01801501,453.0,68.15,21.19,,45.07,42.26
01801502,449.1,67.27,20.21,,43.56,54.5
01801503,444.4,71.71,18.04,,44.96,38.12
01801504,454.4,70.84,18.37,,42.89,43.03
01801505,422.2,64.76,20.2,,43.26,44.06
01801506,474.9,72.79,16.1,,43.62,33.81
01801507,318.9,48.42,33.02,,47.58,94.26
01801508,395.1,77.47,23.17,,39.0,50.96
01801509,453.4,75.22,19.77,,42.2,19.46
01801510,428.4,72.01,21.24,,43.73,32.46
01801511,422.6,74.94,19.5,,42.89,36.31
01801512,378.5,69.84,18.02,,47.34,58.42
01801513,386.8,65.11,23.63,,45.75,55.18
01801514,409.6,70.43,18.36,,41.7,33.68
01801515,368.2,63.63,28.99,,43.82,56.46
01801516,420.4,66.61,19.33,,45.45,58.87
01801517,465.2,77.28,19.26,,40.87,20.64
01801518,415.3,67.13,19.35,,44.62,67.84
01801519,432.9,72.09,19.56,,42.24,39.17
01801520,384.8,65.77,23.98,,52.18,39.63
01801521,318.9,48.42,33.02,,47.58,94.26
01801701,472.2,78.77,15.8,,51.87,9.28
01801702,362.3,67.89,18.2,,46.5,68.17
01801703,426.5,73.8,20.37,,43.86,34.52
01801704,446.4,71.89,15.58,,44.61,41.4
01801705,406.8,72.67,19.17,,41.64,41.61
01801706,476.7,75.19,19.95,,41.61,49.53
01801707,400.9,73.54,18.15,,42.36,33.31
01801708,440.6,66.67,20.53,,39.54,52.13
01801709,447.0,75.14,18.84,,44.49,11.78
01801710,492.7,78.92,17.19,,46.57,0.67
01801711,472.2,78.77,15.8,,51.87,9.28
01801712,458.6,64.59,21.95,,44.7,42.98
01801713,546.0,76.7,23.74,,45.19,0.0
01801714,469.6,68.2,21.08,,43.61,38.87
01801715,532.7,71.15,28.27,,39.45,0.0
01801716,450.3,69.61,22.37,,39.87,31.66
01801717,444.3,66.3,22.77,,40.61,49.5
01801718,385.3,70.84,18.94,,43.57,52.38
01801719,417.4,73.34,16.25,,50.8,49.54
01801720,414.7,75.75,17.37,,42.3,39.57
01801721,446.7,71.97,25.89,,41.79,41.76
01801722,532.7,71.15,28.27,,39.45,0.0
01801723,444.3,66.3,22.77,,40.61,49.5
01801724,458.1,71.48,29.3,,36.33,23.94
01801725,469.9,78.95,19.71,,36.53,49.07
01801726,360.6,66.11,18.05,,48.9,88.14
01801801,523.3,78.02,19.59,,46.49,22.54
01801802,477.7,75.95,19.28,,45.56,31.73
01801803,507.2,79.62,20.53,,41.04,13.0
01801804,601.7,81.9,20.09,,44.4,0.79
01801805,485.1,75.63,19.14,,44.13,26.98
01801806,510.7,74.7,20.03,,48.48,34.96
01801807,608.0,77.5,18.46,,45.32,19.38
01801808,510.3,74.42,24.8,,43.79,12.95
01801809,510.3,74.42,24.8,,43.79,12.95
01801810,499.7,75.77,19.18,,54.14,25.57
01801811,557.1,74.38,20.19,,48.67,25.37
01801812,557.4,73.74,17.61,,44.02,25.1
01801813,495.6,74.63,18.89,,47.86,28.13
01801901,388.2,73.25,18.28,,45.01,58.81
01801902,436.5,76.34,21.26,,38.78,23.95
01801903,415.1,75.79,13.86,,47.12,54.47
01801904,437.2,76.78,25.8,,39.31,31.3
01801905,560.9,80.44,25.65,,39.85,0.0
01801906,440.0,68.3,33.27,,42.45,24.88
01801907,489.0,74.57,20.69,,50.21,19.39
01801908,450.5,77.44,23.08,,42.63,8.73
01801909,369.1,67.67,35.49,,40.14,71.76
01801910,509.1,74.9,25.84,,39.85,29.59
01801911,512.6,75.64,26.89,,41.48,19.15
01801912,447.3,79.35,20.0,,43.15,22.82
01801913,464.8,80.16,24.38,,41.68,20.21
01801914,464.9,72.56,26.38,,41.17,19.41
01801915,506.7,77.13,20.92,,42.55,25.49
01801916,528.1,79.49,21.47,,44.94,3.39
01801917,506.7,77.13,20.92,,42.55,25.49
01801918,450.8,70.71,27.81,,43.16,44.09
01801919,539.3,79.66,34.92,,41.24,0.0
01801920,479.5,74.59,22.72,,43.62,27.53
01801921,445.4,79.49,17.02,,37.67,22.93
01801922,437.5,75.39,26.83,,36.22,26.44
01801923,460.5,71.37,29.07,,36.79,58.86
01801924,401.7,72.77,22.41,,39.88,54.85
01801925,487.4,74.01,27.86,,38.8,34.43
01801926,477.3,77.19,37.25,,34.41,25.71
01801927,369.1,67.67,35.49,,40.14,71.76
01802101,366.9,72.16,21.99,,39.82,24.52
01802102,324.3,60.04,24.54,,41.64,61.78
01802103,331.9,62.09,26.97,,41.48,51.62
01802104,263.6,45.66,39.74,,41.45,86.82
01802105,366.2,59.72,28.61,,40.24,13.24
01802106,334.5,59.6,22.67,,41.99,54.56
01802107,361.9,66.94,24.19,,40.86,0.0
01802108,322.7,55.84,31.94,,47.52,53.72
01802109,517.6,76.53,13.28,,38.95,1.1
01802110,438.4,68.37,16.83,,47.14,8.3
01802111,519.2,77.4,13.75,,38.29,1.17
01802112,364.8,70.72,48.36,,34.53,43.39
01802113,496.9,73.61,16.45,,37.13,4.81
01802114,472.9,65.99,15.32,,41.62,6.38
01802115,437.2,65.19,27.29,,39.8,21.03
01802116,403.8,65.87,45.66,,33.45,42.28
01802117,306.2,49.51,36.88,,38.98,57.22
01802118,329.7,54.01,39.03,,37.27,60.92
01802119,357.0,54.77,40.36,,42.43,38.71
01802120,402.8,69.93,17.6,,49.64,28.0
01802121,397.5,60.78,29.56,,39.15,14.56
01802122,304.0,49.55,73.28,,37.25,4.51
01802123,345.6,53.13,44.82,,39.21,0.0
01802124,295.9,48.32,73.88,,37.4,23.98
01802125,487.7,75.08,11.83,,37.85,0.15
01802126,498.3,72.13,14.04,,37.42,2.78
01802127,347.7,59.55,40.43,,34.88,42.3
01802128,432.6,73.33,40.28,,35.14,2.11
01802129,337.0,61.75,55.76,,39.21,5.21
01802130,347.7,59.55,40.43,,34.88,42.3
01802131,432.6,73.33,40.28,,35.14,2.11
01802132,333.3,63.64,46.12,,31.01,73.81
01802301,441.7,68.75,22.02,,41.05,26.7
01802302,375.7,62.62,24.91,,38.62,41.03
01802303,441.7,68.75,22.02,,41.05,26.7
01802304,532.6,77.71,14.07,,38.28,5.26
01802305,337.6,62.45,39.57,,35.1,58.49
01802306,292.0,52.23,42.77,,39.16,86.64
01802307,312.3,52.75,39.66,,37.57,74.47
01802308,294.7,49.68,44.75,,40.84,65.47
01802309,320.1,58.24,47.62,,37.59,52.34
01802310,344.2,56.99,33.77,,41.68,39.28
01802311,344.2,56.99,33.77,,41.68,39.28
01802312,313.1,53.03,45.27,,37.75,53.84
01802313,406.5,61.13,28.3,,38.04,26.01
01802314,495.2,74.19,17.98,,37.39,0.54
01802315,436.2,58.74,26.39,,38.3,14.57
01802316,226.9,37.43,73.7,,37.65,95.33
01802317,253.7,43.13,70.95,,36.04,78.85
01802318,241.0,38.77,77.14,,35.27,84.66
01802319,288.0,45.41,67.97,,39.11,45.26
01802320,263.7,44.24,72.87,,35.8,76.72
01802321,296.0,49.77,64.49,,37.21,35.46
01802322,270.8,40.94,64.77,,34.5,89.3
01802323,252.5,44.75,73.36,,35.89,92.26
01802324,332.9,55.09,44.35,,39.28,6.62
01802325,301.0,52.46,66.73,,35.16,69.05
01802326,226.0,34.87,75.02,,37.33,74.26
01802327,308.8,53.97,35.94,,41.75,51.99
01802328,260.6,41.42,65.42,,37.39,71.18
01802329,294.7,49.68,44.75,,40.84,65.47
01802330,332.9,55.09,44.35,,39.28,6.62
01802331,320.1,58.24,47.62,,37.59,52.34
01802332,363.4,67.67,25.71,,36.96,25.76
01802333,337.6,62.45,39.57,,35.1,58.49
01802501,452.7,68.73,20.16,,39.31,18.03
01802502,341.1,62.41,26.95,,39.09,40.29
01802503,349.4,58.16,26.4,,43.92,60.09
01802504,454.9,68.04,14.12,,38.95,7.8
01802505,351.0,61.27,21.36,,38.29,53.93
01802506,339.5,60.04,25.72,,43.01,37.44
01802507,339.5,60.04,25.72,,43.01,37.44
01802508,312.7,55.29,29.23,,39.45,55.56
01802509,299.8,55.74,36.6,,39.16,72.33
01802510,307.0,57.97,31.88,,40.33,78.48
01802511,280.2,53.78,26.83,,43.44,82.03
01802512,285.8,55.48,32.45,,42.24,83.34
01802513,309.4,52.31,56.25,,35.41,35.09
01802514,353.1,65.94,22.74,,37.24,56.94
01802515,368.9,62.26,22.89,,42.91,15.87
01802516,260.4,39.96,52.33,,42.82,72.05
01802517,267.5,46.52,54.12,,45.23,82.46
01802518,366.8,59.88,35.72,,39.87,25.32
01802519,320.0,48.63,47.64,,39.71,58.93
01802520,293.8,47.81,41.43,,33.16,80.97
01802521,308.8,48.15,40.13,,44.52,41.86
01802522,295.7,43.35,43.29,,40.76,58.93
01802523,257.3,42.7,54.64,,42.33,73.29
01802524,384.3,62.95,23.63,,37.34,22.29
01802525,396.9,61.16,17.19,,37.78,7.58
01802526,417.7,72.61,20.52,,40.25,0.46
01802527,371.7,60.27,19.05,,41.92,15.52
01802528,342.7,60.05,27.37,,47.39,50.75
01802529,305.5,45.53,28.64,,38.29,84.97
01802530,318.2,52.49,47.18,,43.79,11.53
01802531,309.4,52.31,56.25,,35.41,35.09
01802532,305.0,47.61,56.38,,37.82,23.93
01802533,366.8,59.88,35.72,,39.87,25.32
01802534,320.0,48.63,47.64,,39.71,58.93
01802535,312.7,55.29,29.23,,39.45,55.56
01802536,430.2,71.98,24.41,,29.89,29.32
01802537,285.8,55.48,32.45,,42.24,83.34
01802538,336.9,65.17,24.38,,38.8,39.66
01802539,297.0,47.61,42.19,,39.65,74.61
01802701,381.4,66.87,23.43,,38.41,55.0
01802702,376.9,63.32,22.16,,42.17,48.97
01802703,385.6,65.53,31.27,,46.07,37.51
01802704,389.5,57.85,39.11,,40.4,21.94
01802705,371.6,66.98,33.42,,38.17,19.46
01802706,371.6,66.98,33.42,,38.17,19.46
01802707,400.0,74.39,23.7,,38.04,5.21
01802708,585.6,78.1,13.89,,39.05,4.13
01802709,580.8,76.84,16.38,,38.27,1.97
01802710,388.7,67.95,26.16,,42.03,20.42
01802711,554.8,82.81,8.07,,36.7,0.53
01802712,500.3,80.4,16.64,,37.38,20.31
01802713,449.6,70.55,19.48,,34.75,20.96
01802714,297.3,57.7,36.85,,42.45,60.41
01802715,322.2,64.97,33.4,,39.15,57.87
01802716,328.8,63.89,27.6,,40.53,73.58
01802717,307.1,58.73,38.03,,42.93,58.79
01802718,698.6,87.52,10.07,,41.36,0.43
01802719,329.9,55.28,31.53,,40.63,65.05
01802720,413.0,65.19,35.45,,41.72,12.18
01802721,449.6,58.74,15.67,,36.81,2.86
01802722,422.8,67.63,27.06,,41.12,15.1
01802723,445.5,68.05,24.45,,39.5,4.5
01802724,339.4,65.37,30.44,,41.71,24.6
01802725,554.8,82.81,8.07,,36.7,0.53
01802726,385.6,65.53,31.27,,46.07,37.51
01802727,471.2,65.51,15.03,,37.77,2.51
01802728,369.8,57.59,37.03,,30.77,62.14
01802729,466.5,66.98,28.7,,33.91,5.66
01802730,422.8,67.63,27.06,,41.12,15.1
01802731,328.8,63.89,27.6,,40.53,73.58
01802732,382.5,58.11,30.71,,33.82,52.65
01802733,445.5,68.05,24.45,,39.5,4.5
01802734,370.3,71.33,22.94,,40.15,42.95
01802735,466.5,66.98,28.7,,33.91,5.66
01802801,423.4,72.05,19.77,,40.64,41.28
01802802,406.3,71.32,22.64,,38.11,38.36
01802803,466.4,71.07,23.83,,40.91,23.97
01802804,476.6,73.39,26.81,,42.84,18.63
01802805,448.3,73.43,21.95,,39.02,17.9
01802806,532.5,70.96,18.07,,45.39,6.12
01802901,751.4,82.92,12.95,,38.3,5.66
01802902,667.3,82.37,13.78,,40.61,8.85
01802903,647.2,81.54,14.94,,40.28,8.18
01802904,456.4,78.14,22.8,,48.19,26.09
01802905,377.9,70.12,26.09,,39.39,26.88
01802906,431.5,72.68,19.97,,41.86,60.27
01802907,411.1,69.24,21.68,,41.98,27.59
01802908,439.5,77.21,19.8,,46.81,0.0
01802909,485.1,69.25,22.86,,38.31,21.29
01802910,435.5,66.34,17.55,,50.06,33.73
01802911,552.8,78.32,10.32,,37.81,5.61
01802912,703.5,83.61,11.62,,42.38,14.58
01802913,519.5,81.96,10.41,,46.98,30.79
01802914,731.3,82.39,11.81,,41.27,3.76
01802915,762.9,84.59,8.68,,41.13,0.0
01802916,695.1,85.51,9.53,,38.81,2.38
01802917,386.2,69.0,22.1,,42.44,45.73
01802918,413.7,66.24,24.5,,39.82,48.54
01802919,555.8,75.38,13.79,,42.64,18.82
01803101,415.1,75.67,18.35,,38.75,19.64
01803102,290.8,48.55,49.65,,40.83,41.16
01803103,281.3,45.39,50.83,,39.31,53.77
01803104,287.9,48.02,53.86,,40.64,43.64
01803105,244.0,40.63,66.37,,37.91,75.65
01803106,279.6,44.27,63.37,,39.27,45.17
01803107,306.4,54.8,46.63,,38.36,66.61
01803108,300.3,46.93,48.03,,39.53,74.59
01803109,315.4,51.76,46.87,,41.17,55.26
01803110,434.3,70.85,27.85,,39.27,3.34
01803111,450.3,66.03,29.29,,38.34,0.0
01803112,251.3,38.76,70.39,,40.25,78.75
01803113,388.2,58.8,42.57,,39.67,0.0
01803114,388.2,58.8,42.57,,39.67,0.0
01803115,383.2,53.49,48.48,,39.58,0.45
01803116,290.0,43.6,54.18,,34.5,66.94
01803117,306.3,52.44,61.11,,35.61,44.96
01803118,391.3,60.65,40.04,,37.12,27.55
01803119,246.5,40.68,61.11,,41.09,81.49
01803120,290.0,43.6,54.18,,34.5,66.94
01803121,330.9,63.59,61.44,,33.45,55.72
01803122,407.6,61.34,32.04,,38.36,0.38
01803401,386.0,73.5,18.72,,38.78,17.86
01803402,379.3,66.36,16.71,,42.71,36.73
01803403,395.1,72.32,22.81,,38.83,17.13
01803404,381.4,73.58,20.86,,38.69,20.86
01803405,355.3,62.27,30.53,,39.39,36.33
01803406,339.6,63.41,27.49,,37.06,53.88
01803407,407.3,76.79,18.41,,38.82,4.65
01803408,398.6,72.27,18.83,,42.96,25.94
01803409,397.7,72.53,17.75,,41.26,29.75
01803410,383.9,74.79,22.44,,37.6,25.64
01803411,384.7,65.14,27.87,,42.12,48.89
01803412,333.2,60.83,28.68,,41.0,65.82
01803413,346.8,62.51,25.15,,40.08,48.14
01803414,378.4,64.67,24.64,,41.37,33.33
01803415,406.2,67.42,23.94,,40.95,47.42
01803416,435.5,64.61,18.82,,41.45,36.73
01803417,496.6,71.04,27.12,,38.21,23.88
01803418,536.2,74.51,12.08,,38.92,9.04
01803419,487.8,70.45,13.05,,37.57,13.91
01803420,424.5,68.17,19.25,,37.39,16.31
01803421,327.6,56.4,40.83,,36.55,42.08
01803422,345.3,60.35,38.55,,44.32,40.79
01803423,410.5,65.17,24.64,,38.22,28.71
01803424,318.0,55.93,47.21,,37.08,42.2
01803425,379.3,66.36,16.71,,42.71,36.73
01803426,403.0,71.3,25.26,,33.94,23.77
01803601,320.3,66.01,25.94,,39.46,56.14
01803602,368.5,80.95,16.96,,36.31,0.54
01803603,363.4,70.84,28.43,,39.78,37.12
01803604,307.3,64.37,25.86,,40.27,78.51
01803605,258.2,42.56,57.26,,41.77,99.79
01803606,289.3,63.08,30.99,,39.4,85.03
01803607,488.0,84.21,8.03,,39.2,5.47
01803608,504.2,78.47,12.5,,41.26,10.42
01803609,325.0,64.5,21.01,,43.16,78.32
01803610,328.3,74.59,19.82,,36.12,34.79
01803611,343.5,77.51,22.44,,39.13,53.3
01803612,374.5,70.32,20.0,,42.37,45.7
01803613,398.2,77.29,18.73,,37.82,29.14
01803614,386.3,72.78,20.02,,37.47,24.15
01803615,417.4,72.1,20.8,,41.25,22.92
01803616,378.3,70.98,23.2,,40.35,33.28
01803617,381.5,66.4,24.69,,39.93,37.97
01803618,339.4,60.5,34.94,,41.31,27.95
01803619,341.3,66.29,41.43,,39.47,0.16
01803620,258.1,45.59,51.5,,41.46,83.77
01803621,367.0,67.66,31.46,,39.87,22.3
01803622,398.7,72.79,20.77,,38.65,24.9
01803623,305.6,59.7,48.49,,41.29,28.69
01803624,307.3,64.37,25.86,,40.27,78.51
01803625,464.2,73.21,15.68,,41.07,6.1
01803626,335.5,70.93,20.13,,39.25,51.16
01803627,390.6,75.75,18.32,,40.38,43.32
01803628,378.3,70.98,23.2,,40.35,33.28
01803629,473.2,72.43,30.69,,38.01,0.0
01803630,335.5,70.93,20.13,,39.25,51.16
01803801,253.9,39.83,53.72,,43.19,91.67
01803802,332.5,57.99,46.67,,46.34,9.93
01803803,265.0,38.37,62.44,,39.35,81.91
01803804,266.2,42.31,67.01,,40.8,79.83
01803805,228.3,32.48,75.63,,38.4,94.62
01803806,249.5,36.44,61.71,,39.23,86.51
01803807,259.9,35.24,63.11,,38.3,84.98
01803808,229.3,38.0,70.39,,39.02,85.74
01803809,309.7,48.81,58.35,,36.33,31.02
01803810,465.9,67.93,28.93,,42.3,3.72
01803811,484.0,66.46,20.49,,41.11,2.5
01803812,420.7,62.32,33.81,,38.29,8.07
01803813,348.7,49.83,32.45,,43.46,33.26
01803814,409.0,53.7,32.16,,39.69,1.35
01803815,388.6,50.98,32.83,,40.4,1.0
01803816,366.7,53.77,46.18,,37.69,5.73
01803817,351.8,48.55,55.23,,39.94,0.23
01803818,243.6,33.97,79.96,,35.46,99.79
01803819,472.9,65.68,26.56,,40.81,2.76
01803820,259.9,35.24,63.11,,38.3,84.98
01803821,332.5,57.99,46.67,,46.34,9.93
01803822,228.3,32.48,75.63,,38.4,94.62
01803901,367.9,64.14,47.92,,40.74,11.96
01803902,349.8,67.22,46.52,,37.91,27.23
01803903,415.4,81.22,16.93,,38.61,5.01
01803904,404.9,77.79,14.85,,42.56,17.33
01803905,386.2,71.33,28.4,,37.0,36.53
01803906,382.8,66.79,23.04,,45.33,22.03
01803907,431.1,73.04,14.21,,46.35,38.49
01803908,384.0,69.37,24.43,,37.83,59.13
01803909,417.7,80.52,19.45,,37.33,12.96
01803910,363.8,71.12,29.36,,41.07,58.26
01803911,332.2,68.01,25.0,,44.07,65.55
01803912,394.5,72.71,19.54,,39.13,28.49
01803913,430.0,80.96,26.6,,32.79,9.06
01803914,431.3,78.01,23.81,,36.3,14.22
01803915,398.4,74.45,20.04,,36.73,39.54
01803916,381.9,70.12,21.0,,39.31,54.0
01803917,420.1,66.16,21.89,,39.53,19.66
01803918,413.0,72.75,31.4,,32.28,32.7
01803919,332.1,61.29,29.8,,38.18,73.93
01803920,359.9,68.68,25.6,,36.06,50.69
01803921,355.0,68.44,23.42,,37.48,57.85
01803922,369.2,67.94,22.43,,37.81,41.11
01803923,412.9,78.06,19.9,,38.24,16.93
01803924,377.7,68.22,24.89,,42.83,54.38
01803925,522.5,81.85,17.66,,43.35,13.63
01803926,548.3,77.24,14.34,,39.24,3.55
01803927,535.1,81.49,16.45,,39.88,4.91
01803928,487.1,74.11,24.41,,39.04,1.1
01803929,341.2,66.94,26.98,,40.12,61.33
01803930,461.5,77.34,29.6,,42.48,14.41
01803931,514.1,70.69,29.92,,39.11,24.01
01803932,469.6,74.47,26.47,,39.81,28.69
01803933,352.4,70.49,24.12,,41.46,49.88
01803934,350.8,65.15,23.81,,42.18,49.96
01803935,381.9,70.12,21.0,,39.31,54.0
01803936,304.5,58.05,37.9,,38.16,52.55
01803937,445.7,71.98,36.32,,34.48,29.33
01803938,374.1,69.43,27.34,,38.78,51.76
01803939,429.4,75.04,35.9,,46.14,23.13
01803940,391.8,70.81,31.97,,34.99,15.9
01803941,415.0,80.73,19.37,,36.77,16.01
01803942,545.6,74.65,35.63,,40.5,0.0
01803943,359.9,68.68,25.6,,36.06,50.69
01803944,439.0,74.13,25.04,,34.63,42.04
01803945,430.0,80.96,26.6,,32.79,9.06
01803946,386.2,71.33,28.4,,37.0,36.53
01803947,391.8,70.81,31.97,,34.99,15.9
01803948,453.5,79.08,39.71,,31.56,24.32
01804001,289.3,55.74,61.88,,38.15,62.3
01804002,279.3,50.94,65.47,,38.26,75.02
01804003,258.4,42.09,74.88,,41.56,78.05
01804004,282.8,45.55,65.61,,35.99,91.72
01804005,282.8,45.55,65.61,,35.99,91.72
01804006,265.6,44.42,75.09,,38.61,59.01
01804007,268.6,43.5,68.59,,40.57,61.92
01804008,263.1,41.69,71.65,,40.52,75.89
01804009,263.3,41.78,64.31,,36.51,57.43
01804010,232.1,29.23,83.41,,41.04,99.59
01804011,253.2,35.73,87.22,,41.19,29.11
01804012,274.9,35.29,81.57,,43.05,25.86
01804013,298.5,43.98,81.47,,39.22,10.67
01804014,244.5,32.62,83.75,,35.41,99.28
01804015,227.2,31.57,86.5,,33.66,88.32
01804016,258.3,35.76,84.46,,32.58,59.15
01804017,356.3,54.22,63.93,,41.76,0.77
01804018,348.1,56.53,55.87,,39.02,9.77
01804019,223.1,32.95,91.45,,39.13,97.95
01804020,258.4,42.09,74.88,,41.56,78.05
01804021,243.8,33.25,85.16,,37.4,90.09
01804101,456.9,60.0,28.79,,37.9,4.19
01804102,470.1,63.01,22.47,,39.81,11.24
01804103,491.1,68.87,20.29,,40.24,3.95
01804104,488.9,71.06,23.05,,39.76,0.77
01804105,493.6,72.63,20.85,,38.95,0.0
01804106,352.0,52.8,58.37,,40.52,18.95
01804107,376.0,61.08,52.34,,35.99,25.01
01804108,325.3,49.1,51.76,,37.28,57.91
01804109,342.9,46.28,51.14,,37.0,42.67
01804110,226.9,31.57,90.56,,35.55,97.56
01804111,232.2,33.16,83.17,,39.0,58.79
01804112,253.4,27.22,92.19,,37.02,33.89
01804113,210.0,29.81,92.96,,34.63,98.88
01804114,217.8,24.33,93.9,,38.22,81.01
01804115,229.9,26.26,94.12,,34.66,99.44
01804116,216.7,26.91,90.51,,34.48,89.04
01804117,224.0,26.0,89.02,,34.63,99.36
01804118,198.4,21.63,92.61,,35.16,98.87
01804119,215.4,26.81,93.93,,34.66,90.48
01804120,215.0,23.42,90.78,,36.64,99.76
01804121,214.3,18.47,92.93,,39.14,97.54
01804122,203.8,23.43,96.18,,34.73,97.25
01804123,196.2,26.04,91.15,,32.73,99.34
01804124,243.7,32.12,90.11,,37.89,28.95
01804125,237.0,32.15,84.14,,35.79,74.15
01804126,334.2,50.44,43.83,,41.25,35.68
01804127,196.2,26.04,91.15,,32.73,99.34
01804128,325.3,49.1,51.76,,37.28,57.91
01804129,456.9,60.0,28.79,,37.9,4.19
01804130,376.0,61.08,52.34,,35.99,25.01
01804201,243.0,34.84,90.24,,37.72,41.74
01804202,262.0,43.42,88.19,,38.15,0.18
01804203,262.0,43.42,88.19,,38.15,0.18
01804204,298.5,48.06,72.33,,42.07,0.0
01804205,295.4,47.91,75.43,,39.74,0.19
01804206,274.1,38.63,88.76,,38.07,0.0
01804207,221.6,29.63,90.06,,36.4,99.13
01804208,219.3,29.6,89.03,,37.28,99.14
01804209,227.5,29.96,90.28,,39.87,98.75
01804210,233.8,35.99,83.42,,37.17,99.23
01804211,216.2,29.28,89.36,,36.38,99.51
01804212,317.7,53.25,80.57,,40.62,0.0
01804213,313.2,56.9,81.96,,37.86,13.33
01804214,329.6,61.59,82.29,,31.8,49.94
01804215,272.5,46.69,79.71,,34.7,71.28
01804216,329.6,61.59,82.29,,31.8,49.94
01804217,318.9,52.94,76.72,,39.28,20.11
01804218,344.8,55.45,72.51,,40.4,13.15
01804219,279.7,64.58,80.58,,39.62,47.92
01804220,219.3,29.6,89.03,,37.28,99.14
01804221,329.6,61.59,82.29,,31.8,49.94
01810101,320.7,42.19,56.15,,41.55,32.76
01810102,305.0,48.98,72.9,,37.94,81.71
01810103,249.8,33.79,75.19,,35.34,95.07
01810104,294.7,44.18,63.86,,35.13,61.92
01810105,324.8,49.51,54.02,,39.48,41.07
01810106,309.9,51.8,76.18,,36.18,45.51
01810107,316.7,46.79,46.03,,42.14,37.77
01810108,293.1,41.74,53.51,,42.77,70.4
01810109,226.6,33.05,86.27,,32.85,99.5
01810110,319.1,43.89,50.98,,42.23,46.83
01810111,322.1,39.97,53.83,,44.0,52.56
01810112,341.5,45.06,63.91,,42.11,0.49
01810113,287.4,45.48,61.09,,46.0,40.54
01810114,260.5,39.59,79.64,,36.09,87.27
01810152,229.4,32.89,85.91,,42.27,82.18
01810215,335.5,52.28,76.3,,30.72,2.91
01810216,394.7,60.59,47.59,,41.37,10.14
01810217,231.2,34.13,84.15,,36.1,91.3
01810218,372.1,49.51,36.47,,44.89,22.89
01810219,296.7,40.43,49.28,,42.3,65.77
01810220,323.7,37.45,51.51,,43.51,28.59
01810221,324.1,44.68,50.78,,43.48,42.46
01810222,262.6,34.24,63.78,,41.44,75.3
01810223,299.1,35.57,60.74,,40.03,43.06
01810224,249.6,38.0,77.71,,37.6,65.45
01810225,306.5,39.26,53.59,,47.4,55.44
01810226,248.0,33.11,86.92,,37.7,46.87
01810227,356.7,45.95,52.05,,37.39,2.66
01810228,356.7,45.95,52.05,,37.39,2.66
01810229,351.3,49.09,53.09,,37.96,2.79
01810330,364.5,44.97,29.38,,45.01,19.0
01810331,203.7,27.64,94.17,,43.07,98.73
01810332,226.4,27.51,93.87,,37.26,55.69
01810333,364.5,44.97,29.38,,45.01,19.0
01810435,365.2,41.4,35.2,,44.91,3.47
01810436,412.0,41.44,16.1,,44.98,2.79
01810640,342.3,39.57,20.65,,42.96,5.65
01810741,338.5,43.1,27.37,,44.28,23.89
01810742,241.8,34.32,37.26,,38.04,86.35
01810743,317.2,39.59,23.58,,42.09,36.58
01810744,393.0,49.93,31.2,,34.01,3.16
01810745,393.0,49.93,31.2,,34.01,3.16
01810746,364.5,44.97,29.38,,45.01,19.0
01810848,371.5,45.35,19.7,,46.06,17.68
01811047,347.9,35.55,27.56,,39.79,11.77
01811250,316.8,30.22,77.03,,43.96,54.19
01811251,215.5,28.54,93.51,,36.59,98.29
01811253,237.2,26.83,90.24,,40.98,70.9
01811254,237.4,31.48,90.54,,37.83,68.48
01811255,214.0,27.3,95.92,,36.25,99.04
01811256,260.3,30.79,80.87,,39.35,59.08
01811257,284.2,35.46,82.77,,38.56,29.31
01811258,322.8,37.62,66.22,,42.2,12.35
01811259,364.5,44.97,29.38,,45.01,19.0
01820101,514.4,73.33,17.19,,58.28,17.34
01820102,318.7,59.17,44.06,,41.39,2.26
01820103,492.6,69.06,24.22,,44.19,1.5
01820104,544.2,68.17,25.47,,42.45,0.0
01820106,544.2,68.17,25.47,,42.45,0.0
01820107,493.1,69.78,29.23,,36.09,8.68
01820110,485.5,74.94,19.87,,41.93,0.0
01820111,381.8,71.99,27.81,,40.83,11.08
01820112,394.1,73.56,19.71,,41.11,13.58
01820113,467.7,74.91,18.83,,43.27,2.72
01820114,488.0,75.36,17.3,,38.83,0.0
01820115,377.7,61.61,27.07,,47.24,45.86
01820116,377.7,61.61,27.07,,47.24,45.86
01820117,414.9,67.66,33.89,,34.78,52.36
01820118,592.7,81.22,14.11,,43.35,3.28
01820119,503.0,67.57,26.24,,39.14,9.99
01820121,390.5,65.57,35.19,,48.06,0.0
01820122,503.0,67.57,26.24,,39.14,9.99
01820123,370.4,56.18,43.36,,44.94,12.42
01820124,398.0,60.07,26.29,,40.29,15.67
01820125,530.1,75.53,16.03,,38.84,3.26
01820126,575.8,78.51,13.56,,40.68,1.0
01820127,407.0,65.74,26.64,,38.29,26.03
01820128,526.5,73.96,13.38,,37.25,1.84
01820129,526.5,73.96,13.38,,37.25,1.84
01820132,363.5,59.56,49.93,,43.59,1.38
01820133,259.1,38.96,77.09,,36.87,82.27
01820134,265.5,36.15,76.18,,39.24,80.8
01820135,238.7,31.75,84.16,,36.89,99.58
01820161,494.2,73.98,12.61,,40.79,2.05
01820162,479.9,71.02,14.75,,40.68,3.8
01820163,310.4,48.86,44.54,,46.3,17.63
01820165,270.3,44.05,52.74,,35.69,87.23
01820166,493.5,72.67,14.98,,32.64,1.87
01820167,425.9,61.81,15.72,,39.2,0.0
01820168,440.4,78.85,15.22,,27.16,3.43
01820201,517.5,75.26,15.56,,44.77,3.23
01820202,587.8,78.85,10.57,,40.37,0.0
01820203,507.4,72.52,18.29,,47.52,3.37
01820204,507.4,72.52,18.29,,47.52,3.37
01820205,555.4,70.71,13.91,,50.76,7.26
01820206,545.4,64.48,18.75,,41.21,1.83
01820301,535.7,66.58,17.26,,38.99,2.3
01820302,391.4,55.92,28.28,,41.12,35.56
01820303,476.4,66.96,21.78,,37.84,17.93
01820304,571.3,75.37,11.01,,35.82,0.73
01820305,628.5,70.78,12.41,,37.51,2.85
01820306,493.1,66.01,17.46,,36.0,0.44
01820307,366.3,49.65,25.39,,45.71,0.17
01820308,298.8,46.32,45.16,,39.15,33.06
01820309,298.8,46.32,45.16,,39.15,33.06
01820310,300.9,40.39,43.69,,41.27,1.69
01820311,400.7,62.63,15.57,,39.77,0.14
01820312,510.6,62.54,20.19,,38.65,11.14
01820314,479.3,66.1,17.32,,37.22,4.13
01820315,488.6,61.15,21.46,,35.96,2.99
01820316,476.4,66.96,21.78,,37.84,17.93
01820317,452.7,61.96,23.3,,33.85,5.99
01820318,487.3,67.69,15.28,,36.43,0.41
01820319,479.3,66.1,17.32,,37.22,4.13
01830101,387.2,62.86,28.85,,39.38,57.3
01830102,447.1,66.51,27.64,,44.04,24.2
01830103,445.4,67.21,31.2,,41.41,32.76
01830104,386.3,66.3,24.55,,44.43,40.67
01830105,433.3,69.24,29.74,,38.52,30.89
01830106,386.3,66.3,24.55,,44.43,40.67
01830107,403.9,62.86,25.88,,41.94,48.48
01830108,423.4,70.11,24.12,,38.51,26.07
01830109,416.7,66.0,24.6,,41.53,32.93
01830110,434.0,69.13,25.14,,43.11,26.64
01830111,369.7,56.87,36.06,,44.62,53.88
01830112,331.4,54.64,28.07,,50.78,75.2
01830113,298.2,50.56,51.93,,38.73,46.02
01830114,303.8,51.08,76.9,,34.76,33.73
01830115,303.8,51.08,76.9,,34.76,33.73
01830116,252.3,32.71,85.11,,37.92,60.51
01830117,431.8,64.21,30.5,,41.92,28.01
01830118,519.2,72.09,20.74,,41.27,1.17
01830119,344.2,53.58,65.63,,36.47,28.54
01830120,289.2,51.67,74.17,,38.07,28.07
01830121,262.4,37.69,66.78,,39.69,87.96
01830122,303.3,47.8,62.37,,35.65,66.21
01830123,468.8,76.43,35.42,,32.6,0.4
01830124,515.5,83.38,36.94,,28.67,0.0
01830125,386.3,66.3,24.55,,44.43,40.67
01830126,372.4,65.43,68.47,,31.75,17.16
01830127,319.3,57.35,63.59,,30.74,89.59
01830128,447.1,66.51,27.64,,44.04,24.2
01830129,402.4,71.68,54.48,,30.73,7.27
01830130,488.2,69.18,29.27,,39.42,0.0
01830131,238.6,29.99,81.21,,39.45,99.31
01830132,294.3,52.98,71.47,,34.57,88.95
01830133,319.3,57.35,63.59,,30.74,89.59
01840101,441.9,77.01,51.55,,32.88,0.0
01840102,442.1,73.16,49.09,,36.66,5.39
01840103,199.7,85.45,66.76,,26.57,99.47
01840104,409.8,73.63,32.87,,46.75,25.03
01840105,412.2,69.87,51.93,,34.97,33.77
01840106,427.6,70.84,63.15,,34.61,0.0
01840107,426.1,73.02,44.0,,46.35,4.8
01840108,431.6,73.88,43.6,,48.36,10.66
01840109,397.2,65.1,47.54,,42.23,18.3
01840110,367.0,57.28,38.23,,45.86,48.47
01840111,400.8,68.77,58.85,,37.75,42.06
01840112,400.8,68.77,58.85,,37.75,42.06
01840129,476.5,73.66,38.65,,40.53,6.29
01840131,498.5,76.16,38.88,,43.29,0.0
01840132,368.0,69.3,43.46,,44.73,40.88
01840133,469.8,79.22,30.4,,47.93,0.0
01840134,442.1,73.16,49.09,,36.66,5.39
01840135,317.7,83.29,69.03,,33.22,56.47
01840137,370.3,59.8,45.78,,40.3,59.24
01840138,441.9,77.01,51.55,,32.88,0.0
01840139,381.0,66.7,48.29,,39.84,22.07
01840142,515.5,83.38,36.94,,28.67,0.0
01840143,442.1,73.16,49.09,,36.66,5.39
01840144,427.6,70.84,63.15,,34.61,0.0
01840146,425.2,74.9,54.38,,30.53,0.0
01840213,406.5,66.47,47.62,,45.16,20.59
01840214,363.9,63.6,41.55,,40.38,42.0
01840215,422.5,66.95,46.99,,41.61,36.31
01840216,397.8,64.06,40.26,,40.09,23.64
01840217,357.9,54.86,35.46,,45.2,48.85
01840218,469.1,77.35,33.31,,38.18,12.5
01840219,375.7,58.0,28.92,,42.97,55.02
01840220,512.3,77.06,25.54,,42.08,10.75
01840221,438.4,68.69,28.6,,41.9,30.61
01840222,462.1,74.09,25.84,,39.96,14.78
01840223,426.0,67.93,32.21,,41.84,40.35
01840224,367.3,67.8,47.54,,38.17,37.8
01840225,386.7,61.73,35.19,,42.5,50.19
01840226,367.3,67.8,47.54,,38.17,37.8
01840227,359.2,59.87,49.34,,42.05,33.35
01840228,333.1,61.63,67.21,,42.41,0.0
01840230,382.2,71.21,50.8,,38.42,44.3
01840236,462.1,74.09,25.84,,39.96,14.78
01840240,469.1,77.35,33.31,,38.18,12.5
01840241,436.1,68.12,30.04,,38.16,22.13
01840245,273.3,37.89,74.9,,43.02,99.13
01860101,702.2,81.4,15.13,,38.4,0.82
01860102,540.8,73.7,18.58,,40.24,11.78
01860103,377.5,65.38,22.11,,44.78,26.33
01860104,457.2,71.98,18.6,,42.72,11.36
01860105,628.4,80.79,10.91,,48.21,20.68
01860106,500.5,72.74,15.47,,42.01,8.76
01860107,541.2,74.56,10.68,,40.82,1.33
01860108,657.7,78.36,15.48,,41.7,14.21
01860109,533.8,74.92,14.91,,47.46,8.83
01860110,533.8,74.92,14.91,,47.46,8.83
01860111,604.7,74.07,14.32,,39.81,6.4
01860112,350.2,60.69,28.15,,45.9,55.09
01860113,372.1,59.43,25.97,,46.07,60.58
01860114,521.7,73.3,15.59,,40.25,17.06
01860115,310.5,52.89,54.56,,42.03,0.0
01860116,313.2,52.65,43.11,,41.3,73.16
01860117,325.6,50.23,40.1,,46.67,84.94
01860118,487.3,71.28,20.47,,41.12,16.74
01860119,517.9,72.58,22.94,,46.56,20.96
01860120,397.3,65.56,25.83,,45.62,2.32
01860121,560.0,76.64,16.32,,37.8,10.22
01860122,672.7,81.39,15.02,,41.93,3.94
01860123,649.3,73.89,17.29,,46.15,0.4
01860124,465.8,67.02,22.8,,40.41,8.36
01860125,298.5,48.65,56.52,,37.82,90.69
01860126,517.9,72.58,22.94,,46.56,20.96
01870101,425.6,56.48,12.01,,54.49,13.6
01870102,389.6,56.04,12.97,,51.6,12.76
01870103,375.3,48.58,23.77,,43.56,26.65
01870104,500.8,64.68,10.42,,37.72,0.75
01870105,543.9,67.62,9.15,,39.81,0.44
01870106,441.7,55.46,11.8,,48.6,0.56
01870107,375.3,48.58,23.77,,43.56,26.65
01880101,398.2,58.87,10.27,,46.69,7.38
01880102,329.3,40.88,22.35,,39.67,31.27
01880103,288.5,48.53,25.94,,42.97,40.79
01880104,323.5,39.07,20.48,,50.41,4.96
01880105,316.0,37.11,27.26,,46.06,60.42
01880106,328.6,41.45,17.15,,43.47,20.69
01880107,319.0,40.53,18.36,,47.89,7.74
01880108,340.8,44.07,14.25,,43.17,10.42
01880110,252.7,23.68,31.96,,46.28,47.43
01880111,333.7,38.03,13.69,,55.11,39.21
01880112,314.2,35.63,16.99,,49.88,28.76
01880113,340.8,44.07,14.25,,43.17,10.42
01880114,358.7,49.64,18.61,,54.08,43.7
01880115,350.5,44.36,12.71,,37.76,4.25
01880201,330.6,33.6,10.23,,58.36,2.63
01880301,330.6,33.6,10.23,,58.36,2.63
01880302,289.0,26.02,18.22,,49.83,23.27
01880501,245.5,18.83,33.8,,44.8,46.49
01880502,245.5,18.83,33.8,,44.8,46.49
01880503,312.2,29.32,14.31,,55.54,10.79
01880504,311.6,29.93,10.77,,48.64,4.22
01880801,329.8,33.67,14.6,,49.04,4.81
01880901,317.5,29.95,21.42,,46.88,10.75
01881001,326.8,40.18,22.91,,41.07,19.05
01881002,326.8,40.18,22.91,,41.07,19.05
01881003,326.8,40.18,22.91,,41.07,19.05
01881004,326.8,40.18,22.91,,41.07,19.05
01881101,348.0,37.21,13.96,,43.6,3.72
01881401,345.2,32.52,17.97,,43.4,0.42
01881601,354.9,30.66,7.43,,41.3,1.43
01881801,344.0,35.3,9.82,,40.29,1.48
01881901,323.3,34.23,11.73,,46.93,3.28
01882001,340.3,36.24,10.37,,43.5,0.65
01882101,330.6,33.6,10.23,,58.36,2.63
01882201,360.3,37.76,11.24,,51.71,3.06
01882202,360.3,37.76,11.24,,51.71,3.06
01882301,364.3,39.8,10.24,,48.2,2.52
01882302,364.3,39.8,10.24,,48.2,2.52
01882401,344.9,33.88,5.92,,60.38,2.96
01882501,364.7,40.23,10.51,,49.92,1.45
01882502,364.7,40.23,10.51,,49.92,1.45
01882601,327.7,30.33,18.59,,43.71,1.89
01910101,398.4,46.83,21.12,,39.97,6.35
01910102,412.7,53.28,20.89,,45.11,28.08
01910103,327.0,47.49,34.66,,45.01,46.01
01910122,398.4,46.83,21.12,,39.97,6.35
01910125,341.8,49.2,36.03,,40.05,29.08
01910204,520.8,60.1,18.51,,42.99,0.5
01910205,398.4,46.83,21.12,,39.97,6.35
01910226,399.2,33.59,25.0,,43.66,5.74
01910605,385.0,39.16,29.93,,44.05,9.82
01910606,246.3,36.92,74.07,,32.09,90.63
01910607,399.5,35.61,18.9,,43.03,2.15
01910608,293.5,40.02,53.03,,40.89,15.62
01910609,385.0,39.16,29.93,,44.05,9.82
01910610,272.8,39.22,63.62,,41.38,47.61
01910611,312.3,35.93,50.68,,39.69,31.88
01910612,227.7,29.53,85.04,,34.42,93.65
01910617,399.5,35.61,18.9,,43.03,2.15
01910624,272.8,39.22,63.62,,41.38,47.61
01910819,399.2,33.59,25.0,,43.66,5.74
01910820,399.2,33.59,25.0,,43.66,5.74
01910918,353.8,27.83,17.35,,44.51,3.53
01911213,227.7,29.53,85.04,,34.42,93.65
01911214,234.3,31.21,80.78,,36.65,50.37
01911215,220.8,29.46,91.32,,34.33,86.28
01911216,342.3,41.48,60.12,,39.0,1.11
01911221,367.0,40.83,54.23,,40.4,0.8
01911223,232.7,31.08,85.78,,33.76,85.56
01911224,399.2,33.59,25.0,,43.66,5.74
01920101,321.4,44.34,17.82,,39.04,0.68
01920102,348.7,42.41,19.26,,44.67,31.64
01920103,331.9,40.54,23.03,,44.56,36.88
01920104,320.3,38.45,22.89,,51.45,42.83
01920105,258.5,35.1,36.81,,42.26,66.77
01920107,363.7,33.37,15.17,,46.59,3.94
01920108,316.1,32.3,21.45,,44.39,19.3
01920109,241.0,30.6,61.78,,37.6,68.92
01920110,268.0,35.76,40.83,,39.86,61.95
01920111,355.0,38.99,18.69,,42.32,2.13
01920218,353.9,31.25,17.43,,44.57,19.26
01920219,321.2,27.01,15.26,,41.28,15.12
01920220,367.7,33.46,17.44,,42.37,0.38
01920317,363.7,33.37,15.17,,46.59,3.94
01920413,299.1,34.35,39.9,,40.14,39.64
01920414,299.1,34.35,39.9,,40.14,39.64
01920415,363.7,33.37,15.17,,46.59,3.94
01920416,392.2,42.18,13.79,,40.33,3.31
03050101,331.0,34.84,25.55,,44.57,37.92
03050102,366.0,46.08,20.01,,37.02,2.47
03050103,346.0,37.13,19.72,,40.85,19.65
03050104,411.1,48.27,15.0,,39.23,0.84
03050106,411.1,48.27,15.0,,39.23,0.84
03050107,387.5,39.05,20.25,,43.82,1.67
03050206,327.4,35.05,25.72,,46.04,25.94
03050207,381.0,40.52,17.8,,43.44,0.25
03050309,387.5,39.05,20.25,,43.82,1.67
03050310,387.5,39.05,20.25,,43.82,1.67
03050410,387.5,39.05,20.25,,43.82,1.67
03190106,311.5,32.0,13.73,,46.68,10.04
03190107,311.5,32.0,13.73,,46.68,10.04
03190108,311.5,32.0,13.73,,46.68,10.04
03190202,298.6,32.19,20.9,,41.53,22.12
03190204,251.8,24.94,30.92,,42.53,52.74
03190205,316.9,32.67,13.73,,45.59,3.67
03303259,373.5,45.52,15.16,,40.05,2.35
03303363,394.8,55.19,14.24,,41.75,3.04
03303364,356.7,56.82,22.94,,32.86,10.34
03303365,356.7,56.82,22.94,,32.86,10.34
03303366,414.2,65.03,18.75,,31.31,0.2
03303369,354.4,63.19,19.38,,39.82,0.0
03303566,326.1,53.95,33.32,,36.21,42.76
03303567,416.5,67.05,12.52,,41.35,1.42
03303568,373.5,45.52,15.16,,40.05,2.35
03303570,394.8,55.19,14.24,,41.75,3.04
03303571,414.2,65.03,18.75,,31.31,0.2
03303775,356.1,32.11,13.15,,43.29,0.0
03310101,317.8,35.85,12.67,,47.13,5.97
03310102,317.8,35.85,12.67,,47.13,5.97
03310405,307.5,36.57,14.49,,41.49,6.1
03310508,266.4,16.55,15.65,,47.55,25.79
03310609,292.9,26.63,7.11,,44.08,0.3
03310711,309.2,28.04,12.08,,42.73,12.61
03600101,316.1,32.47,7.01,,44.36,2.48
03600102,244.3,25.87,34.4,,44.37,56.81
03600103,304.0,31.6,18.1,,42.97,30.33
03600104,285.5,30.8,15.59,,42.64,18.72
03600302,285.5,30.8,15.59,,42.64,18.72
03600303,281.9,34.19,13.63,,40.2,26.74
03600305,346.2,33.33,9.34,,42.79,5.28
03600406,285.5,30.8,15.59,,42.64,18.72
03600508,319.3,29.36,10.71,,42.31,7.02
03600510,329.3,29.99,8.74,,42.96,11.5
03600611,319.3,29.36,10.71,,42.31,7.02
03600713,316.1,32.47,7.01,,44.36,2.48
03600817,300.6,31.4,8.1,,48.81,14.9
03600918,312.9,31.28,7.71,,54.83,3.8
03800001,409.3,78.12,14.33,,48.63,4.08
03800002,309.4,81.9,24.01,,38.55,68.55
03800003,384.3,80.08,18.43,,43.55,42.7
03800004,253.4,78.71,19.49,,36.46,51.15
03800005,361.7,71.78,17.97,,47.28,24.18
03800006,369.5,68.31,22.47,,49.57,31.84
03800008,339.8,64.73,40.83,,41.1,61.06
03800009,373.3,72.5,29.3,,47.81,22.66
03800010,320.7,62.97,26.74,,51.26,35.01
03800011,394.9,67.72,20.35,,46.5,5.95
03800012,394.9,67.72,20.35,,46.5,5.95
03800013,384.8,75.41,19.51,,40.05,21.48
03800014,418.2,76.89,21.38,,45.19,0.0
03800015,358.2,72.03,37.67,,33.66,36.11
03800016,392.8,74.69,23.74,,42.31,32.32
03800017,442.9,69.23,24.02,,44.6,0.0
03800018,346.4,74.17,33.52,,33.2,59.7
03800042,431.1,74.31,15.87,,41.36,14.47
03800043,329.8,64.82,15.62,,43.43,20.0
03800044,280.9,57.64,19.57,,48.54,69.78
03800045,343.3,50.62,26.85,,32.99,15.86
03800048,438.0,72.23,11.26,,46.78,7.36
03800049,393.2,66.19,25.01,,43.9,4.83
03800050,363.4,67.49,29.96,,39.14,16.51
03800051,269.6,69.03,34.61,,32.27,67.18
03800052,267.1,73.07,42.37,,33.22,56.21
03800053,214.6,69.8,46.94,,26.73,95.73
03800055,338.6,73.01,24.12,,40.14,27.34
03800056,239.5,42.46,62.57,,37.91,99.07
03800057,279.5,56.53,61.49,,33.2,86.75
03800058,234.0,41.8,77.96,,31.04,78.68
03800059,298.8,48.02,49.12,,37.73,47.52
03800060,234.0,41.8,77.96,,31.04,78.68
03800061,233.1,41.91,78.72,,32.27,94.69
03800063,288.7,51.87,60.31,,39.0,2.26
03800064,242.0,38.98,60.86,,38.3,81.46
03800065,311.8,50.96,29.92,,48.35,0.0
03800066,287.9,49.19,33.48,,43.21,61.07
03800067,383.9,64.31,29.27,,38.22,36.55
03800068,327.2,48.58,39.86,,41.36,0.62
03800069,268.4,42.95,44.13,,42.91,28.7
03800070,343.3,50.62,26.85,,32.99,15.86
03800091,347.3,75.75,18.43,,46.3,18.89
03800092,380.2,81.25,12.47,,44.42,5.37
03800093,217.3,92.94,20.88,,27.53,92.02
03800094,198.6,90.51,23.37,,25.5,98.87
03800095,188.2,91.07,25.75,,25.27,88.74
03800096,341.3,81.83,14.86,,38.34,8.78
03800097,377.6,84.23,13.19,,40.61,2.07
03800098,359.2,72.74,20.69,,42.48,25.0
03800100,352.9,67.04,23.38,,44.95,53.04
03800101,397.8,77.73,14.59,,47.39,12.02
03800102,342.6,81.35,13.36,,41.92,0.0
03800103,343.1,64.83,26.49,,39.71,15.77
03800104,313.4,66.01,29.69,,36.59,59.99
03800105,278.8,48.99,58.8,,39.64,33.76
03800106,277.9,53.19,61.78,,40.19,28.32
03800108,277.9,53.19,61.78,,40.19,28.32
03800131,357.8,73.31,22.62,,40.57,25.26
03800132,387.1,80.4,12.42,,37.69,0.0
03800133,353.2,72.18,25.0,,39.56,1.09
03800135,409.2,73.49,16.19,,40.29,7.96
03800138,299.0,49.37,32.01,,43.67,31.19
03800139,319.3,58.19,17.28,,43.26,7.86
03800140,342.4,55.47,16.69,,39.65,18.03
03800141,251.1,39.33,26.74,,50.01,93.78
03800142,327.5,53.26,23.74,,46.31,0.0
03800143,274.9,47.62,42.71,,37.8,75.95
03800144,309.1,54.14,34.02,,38.0,42.86
03800145,309.1,54.14,34.02,,38.0,42.86
03800146,311.5,41.16,22.07,,43.67,0.51
03800147,377.1,56.01,22.4,,44.65,0.46
03800149,348.2,48.57,25.81,,42.5,0.85
03800150,377.1,56.01,22.4,,44.65,0.46
03800151,350.1,54.07,27.98,,38.61,29.97
03800181,386.2,86.25,16.76,,44.73,9.95
03800182,293.6,85.45,22.75,,36.43,46.06
03800183,386.2,86.25,16.76,,44.73,9.95
03800184,190.5,69.39,69.74,,28.57,95.85
03800186,214.5,85.92,36.0,,26.48,99.44
03800187,368.0,69.28,32.66,,37.4,38.63
03800188,368.0,69.28,32.66,,37.4,38.63
03800190,341.2,81.74,17.95,,44.35,14.16
03800191,296.6,72.44,31.77,,41.79,48.5
03800192,222.4,49.14,53.34,,39.87,97.24
03800193,222.4,49.14,53.34,,39.87,97.24
03800195,451.5,85.56,14.96,,42.81,0.64
03800196,379.9,83.64,22.18,,42.01,10.97
03800197,391.4,61.11,14.7,,40.15,2.7
03800221,429.5,72.64,15.55,,41.72,1.01
03800222,455.8,79.67,16.0,,41.75,1.23
03800225,301.5,52.31,39.54,,42.25,22.63
03800226,269.8,40.65,59.14,,38.77,47.94
03800228,269.8,40.65,59.14,,38.77,47.94
03800241,349.6,75.03,31.15,,34.55,21.93
03800243,319.1,80.48,32.26,,30.51,54.51
03800244,319.1,80.48,32.26,,30.51,54.51
03800245,283.0,77.27,33.05,,28.36,83.66
03800246,349.6,75.03,31.15,,34.55,21.93
03800250,269.5,78.19,29.92,,34.35,57.41
03800251,269.5,78.19,29.92,,34.35,57.41
03800253,301.3,71.03,48.38,,32.71,7.16
03800254,217.3,47.47,67.28,,28.74,89.01
03800262,349.6,75.03,31.15,,34.55,21.93
03800265,235.6,51.23,63.69,,37.21,67.06
03800266,195.2,31.77,92.47,,31.33,99.53
03800267,477.8,80.79,19.5,,41.35,1.09
03800268,200.5,31.42,82.42,,34.3,96.35
03800269,194.2,30.59,83.88,,36.99,99.7
03800270,241.6,42.68,66.51,,42.34,42.87
03800271,210.0,35.81,77.56,,34.62,99.8
03800272,285.5,56.32,57.14,,41.68,0.0
03800274,439.4,79.35,17.89,,40.51,2.42
03800275,422.0,75.38,40.35,,35.88,30.36
03800276,437.3,78.92,17.45,,39.69,7.43
03800277,467.2,77.92,15.19,,43.25,2.3
03800301,338.5,43.75,12.74,,39.81,4.3
03800302,362.8,46.44,6.94,,39.82,11.68
03800305,343.8,40.44,11.44,,38.25,1.78
03800310,336.4,40.54,12.98,,41.12,5.22
03800311,336.4,40.54,12.98,,41.12,5.22
03800312,336.4,40.54,12.98,,41.12,5.22
03800321,311.9,56.82,22.98,,36.29,18.81
03800325,370.1,40.66,10.7,,40.87,1.12
03800328,339.8,57.03,13.64,,39.96,13.89
03800329,388.9,66.83,9.66,,39.42,1.51
03800340,374.2,55.09,12.65,,39.18,2.29
03800342,343.3,50.62,26.85,,32.99,15.86
03800343,351.2,39.72,7.31,,42.43,1.94
03800344,357.6,51.68,13.09,,40.8,5.64
03800348,351.2,39.72,7.31,,42.43,1.94
03800349,351.2,39.72,7.31,,42.43,1.94
03800360,387.6,70.01,32.87,,26.31,0.0
03800361,377.8,64.76,30.1,,29.2,2.29
03800363,360.1,41.97,8.53,,40.88,4.15
03800367,360.1,41.97,8.53,,40.88,4.15
03800368,319.8,34.75,11.14,,42.48,2.06
03800381,395.9,60.03,19.74,,34.93,3.39
03800382,354.2,58.84,19.54,,34.32,12.45
03800383,354.2,58.84,19.54,,34.32,12.45
03800384,365.1,49.04,12.4,,39.37,4.24
03800385,334.6,39.17,15.29,,42.62,9.86
03800389,310.4,29.87,13.18,,45.39,3.92
03800401,391.4,61.11,14.7,,40.15,2.7
03800402,391.4,61.11,14.7,,40.15,2.7
03800403,353.8,47.73,13.82,,42.4,1.67
03800404,347.6,58.21,17.3,,42.52,12.48
03800408,353.8,47.73,13.82,,42.4,1.67
03800409,316.3,34.91,17.82,,43.12,2.89
03810105,303.8,34.0,17.15,,53.06,36.84
03810106,356.2,41.5,14.75,,46.07,11.43
03810107,238.1,28.22,56.69,,35.63,61.92
03810108,302.1,35.27,24.74,,49.89,46.35
03810109,327.7,43.41,20.17,,38.1,15.84
03810110,296.9,39.45,33.35,,41.51,48.33
03810111,358.1,48.45,14.23,,38.86,11.67
03810112,326.0,45.08,22.78,,37.61,37.6
03810113,327.7,43.41,20.17,,38.1,15.84
03810114,376.7,52.98,14.21,,37.05,4.64
03810120,281.1,33.74,32.58,,40.7,64.21
03810122,241.5,32.71,45.45,,41.86,67.25
03810123,255.8,29.39,46.8,,39.05,50.49
03810124,364.7,36.17,14.3,,41.47,4.26
03810127,359.8,43.19,10.62,,42.5,3.81
03810225,362.0,38.88,11.23,,43.49,3.5
03810526,346.9,34.65,11.73,,43.24,3.08
03810901,361.2,42.81,11.04,,42.81,3.28
03811703,393.3,43.65,11.51,,45.12,1.85
03811804,364.7,36.17,14.3,,41.47,4.26
03812128,344.2,39.94,9.71,,43.06,1.43
03812629,344.2,39.94,9.71,,43.06,1.43
03813132,307.9,28.78,15.68,,42.99,13.16
03813331,350.4,35.85,8.9,,45.14,2.79
03820101,315.0,31.33,11.06,,52.09,21.4
03820118,307.1,30.31,19.32,,43.67,30.31
03820208,334.9,27.31,9.96,,49.48,5.52
03820403,313.3,33.39,6.64,,55.34,3.78
03820404,313.3,33.39,6.64,,55.34,3.78
03820405,347.0,33.73,11.1,,44.04,0.0
03820606,326.6,30.09,8.67,,47.95,13.45
03820910,317.8,38.92,8.38,,39.79,4.92
03820911,327.4,30.11,6.76,,43.27,0.52
03821113,326.6,30.09,8.67,,47.95,13.45
03821114,326.6,30.09,8.67,,47.95,13.45
03821315,317.6,25.45,8.4,,46.56,0.72
03821316,317.6,25.45,8.4,,46.56,0.72
04280101,219.0,16.72,40.36,,42.8,64.39
04280102,267.6,24.35,18.09,,44.31,39.39
04280104,305.5,25.41,10.11,,50.37,16.71
04280105,305.5,25.41,10.11,,50.37,16.71
04280106,319.4,32.54,10.22,,43.62,5.0
04280201,314.7,31.98,9.65,,50.0,3.63
04610101,318.0,47.55,18.29,,41.9,22.4
04610102,364.2,42.99,13.98,,44.95,1.65
04610103,256.1,30.69,25.09,,44.8,65.19
04610104,334.4,44.29,15.14,,46.79,2.38
04610305,334.4,44.29,15.14,,46.79,2.38
04610406,326.5,31.48,14.3,,45.4,13.72
04610506,286.6,34.49,22.56,,48.17,15.57
04800001,343.1,47.11,21.81,,52.59,48.98
04800002,314.8,46.85,19.32,,48.43,45.9
04800003,314.8,46.85,19.32,,48.43,45.9
04800004,303.2,40.66,24.28,,45.56,58.45
04800005,324.4,41.53,16.19,,44.68,20.59
04800006,338.0,48.75,21.87,,37.54,19.78
04800007,384.8,49.22,11.32,,42.21,3.04
04800008,384.8,49.22,11.32,,42.21,3.04
04800009,345.0,37.69,8.07,,46.17,1.85
04800010,245.6,25.19,24.65,,49.22,53.12
04800011,303.2,40.66,24.28,,45.56,58.45
04800012,324.4,42.36,20.21,,46.77,56.84
04800013,284.9,42.18,30.45,,40.84,51.31
04800014,219.4,29.31,67.22,,35.98,57.52
04800015,284.9,42.18,30.45,,40.84,51.31
04800016,186.8,17.16,72.57,,36.67,92.02
04800017,325.0,41.55,15.39,,46.84,30.85
04800018,264.8,37.11,40.3,,40.38,39.57
04800019,319.2,42.23,23.5,,46.23,40.25
04800020,328.8,44.93,17.45,,49.67,29.93
04800021,355.8,55.33,11.92,,42.48,6.22
04800022,355.8,55.33,11.92,,42.48,6.22
04800023,362.3,47.64,8.24,,42.72,2.9
04800024,362.3,47.64,8.24,,42.72,2.9
04800025,323.7,34.31,18.42,,44.5,9.66
04800026,323.7,34.31,18.42,,44.5,9.66
04800027,355.4,38.64,7.18,,51.45,4.23
04800028,355.4,38.64,7.18,,51.45,4.23
04800029,384.8,49.22,11.32,,42.21,3.04
04800030,384.8,49.22,11.32,,42.21,3.04
04800031,309.9,30.81,6.84,,46.01,9.26
04800032,316.6,35.16,10.66,,43.99,10.59
04800033,332.2,40.7,7.52,,40.16,6.51
04800034,332.2,40.7,7.52,,40.16,6.51
04800035,324.0,38.96,11.69,,45.28,3.03
04800036,332.5,38.99,10.67,,45.11,6.74
04800037,332.5,38.99,10.67,,45.11,6.74
04800038,303.2,40.66,24.28,,45.56,58.45
04800039,384.8,49.22,11.32,,42.21,3.04
04810101,251.0,23.41,49.66,,46.85,29.26
04810102,343.1,34.14,15.46,,48.92,20.01
04810103,343.1,34.14,15.46,,48.92,20.01
04810104,251.4,25.16,37.04,,47.32,41.25
04810105,330.1,36.66,15.71,,48.23,13.63
04810106,305.0,32.38,16.92,,39.24,13.39
04810107,351.9,43.1,12.21,,43.13,6.26
04820101,328.6,32.87,13.15,,48.26,13.77
04820102,284.1,32.4,22.3,,50.4,33.65
04820103,328.6,32.87,13.15,,48.26,13.77
04820104,206.6,21.14,69.93,,37.61,81.74
04820105,284.1,32.4,22.3,,50.4,33.65
04820209,312.0,35.58,14.52,,51.85,12.45
04820507,331.6,37.09,9.7,,50.5,3.79
04820508,331.6,37.09,9.7,,50.5,3.79
04820705,331.6,37.09,9.7,,50.5,3.79
04820706,331.6,37.09,9.7,,50.5,3.79
04820810,328.6,32.87,13.15,,48.26,13.77
04830001,236.7,29.17,44.72,,41.32,64.13
04830002,231.9,22.57,48.69,,38.53,76.25
04830003,321.3,35.1,9.08,,43.11,5.85
04830004,344.0,43.54,13.97,,43.72,5.93
04830005,317.5,40.09,16.61,,45.6,35.15
04830006,233.8,27.51,39.07,,45.22,91.03
04830007,317.4,37.22,21.37,,42.96,46.45
04830008,317.4,37.22,21.37,,42.96,46.45
04830009,399.0,38.22,6.74,,48.69,8.66
04830010,344.0,43.54,13.97,,43.72,5.93
04830011,233.8,27.51,39.07,,45.22,91.03
04830012,262.8,31.71,36.18,,48.49,47.2
04830013,399.0,38.22,6.74,,48.69,8.66
04830014,321.3,35.1,9.08,,43.11,5.85
04830015,314.0,35.05,9.62,,50.86,13.65
04830016,319.0,34.62,11.15,,46.82,8.0
04830017,319.0,34.62,11.15,,46.82,8.0
04830018,329.4,40.8,9.66,,41.18,14.49
04830019,313.1,35.19,8.23,,47.08,7.12
04840101,283.3,49.77,44.17,,39.71,69.01
04840102,234.9,36.92,58.28,,39.63,59.62
04840103,211.4,31.1,72.88,,38.65,81.85
04840104,282.5,38.55,43.17,,45.24,43.55
04840106,257.6,35.11,42.88,,43.12,82.1
04840107,205.3,28.02,72.01,,38.23,83.16
04840108,240.3,33.33,49.93,,42.14,69.15
04840109,188.8,23.09,78.73,,35.62,87.57
04840110,193.1,15.91,82.51,,35.02,96.36
04840111,186.2,16.12,83.43,,34.33,98.94
04840112,372.6,54.03,33.36,,48.31,6.03
04840113,326.1,48.31,35.7,,40.42,11.48
04840114,342.6,34.72,9.02,,44.02,2.58
04840115,301.1,43.17,53.76,,38.24,27.33
04840116,341.2,44.61,31.88,,44.85,3.5
04840117,297.2,46.15,24.66,,46.93,64.8
04840118,287.7,43.17,48.94,,44.41,38.76
04840119,266.2,39.18,42.11,,44.9,53.71
04840120,289.3,40.5,39.87,,36.45,60.05
04840121,287.7,43.17,48.94,,44.41,38.76
04840122,187.5,19.78,87.88,,36.11,85.8
04840124,329.7,47.45,31.96,,44.85,7.93
04840125,334.8,48.85,31.62,,41.08,0.24
04840126,341.5,41.56,13.77,,42.59,6.46
04840127,334.8,48.85,31.62,,41.08,0.24
04840128,245.6,35.78,60.38,,38.44,60.87
04840129,226.6,23.58,57.1,,40.7,82.14
04840130,258.8,35.21,39.39,,40.46,82.23
04840131,301.0,44.48,32.16,,41.51,62.92
04840132,287.6,42.16,31.25,,39.86,46.5
04840134,322.6,48.09,20.72,,41.91,49.26
04840135,285.5,41.34,28.75,,42.28,67.25
04840136,268.6,41.43,31.08,,47.4,69.84
04840137,311.9,48.61,32.96,,46.01,30.53
04840138,208.2,25.15,54.95,,39.13,89.52
04840139,341.5,41.56,13.77,,42.59,6.46
04840140,369.1,47.78,22.18,,42.44,15.2
04840141,231.2,19.89,43.1,,44.85,80.35
04840142,278.6,32.56,35.05,,45.41,26.68
04840143,324.9,39.71,23.07,,45.09,30.27
04840144,316.2,41.16,25.1,,45.1,28.05
04840145,341.5,41.56,13.77,,42.59,6.46
04840146,346.0,40.74,9.82,,44.69,1.44
04840147,324.9,39.71,23.07,,45.09,30.27
04840148,342.6,34.72,9.02,,44.02,2.58
04840149,331.9,44.22,22.81,,41.12,9.03
04840150,399.4,52.63,13.08,,41.31,1.06
04840151,342.6,34.72,9.02,,44.02,2.58
04840152,301.9,32.03,8.17,,45.0,5.96
04840153,334.5,37.99,11.44,,46.59,1.8
04840154,347.1,52.79,18.29,,40.93,4.38
04840155,338.2,51.96,21.09,,36.95,15.32
04840156,334.5,37.99,11.44,,46.59,1.8
04840157,336.0,39.81,17.96,,41.08,8.8
04840158,331.7,36.13,9.69,,47.61,1.43
04840159,366.8,51.84,22.14,,39.59,0.68
04840160,234.9,36.92,58.28,,39.63,59.62
04840161,382.3,45.1,13.35,,41.51,1.26
04840162,324.9,39.71,23.07,,45.09,30.27
04840164,366.8,51.84,22.14,,39.59,0.68
04840165,266.2,39.18,42.11,,44.9,53.71
04860101,356.7,42.12,14.45,,44.44,2.59
04860102,328.2,42.77,22.29,,43.78,38.9
04860103,347.7,48.5,16.39,,44.81,29.45
04860104,340.2,45.58,15.99,,50.61,50.95
04860105,252.8,31.01,50.44,,40.86,68.2
04860106,334.5,47.44,22.14,,38.33,21.81
04860107,353.9,35.68,16.91,,42.55,4.32
04860108,272.3,35.01,20.8,,54.23,65.31
04860109,344.1,48.12,25.94,,34.8,38.24
04860110,364.5,44.31,14.15,,46.74,0.59
04860111,323.0,43.15,34.43,,46.63,39.98
04860112,319.9,43.1,21.24,,43.49,43.6
04860401,389.1,56.99,12.7,,51.14,32.86
04860402,371.2,42.86,12.29,,45.17,1.11
04860403,402.3,55.53,13.26,,41.84,12.5
04860404,390.8,59.92,17.98,,34.08,11.38
04860501,349.6,34.55,19.85,,43.69,17.3
04860601,390.8,59.92,17.98,,34.08,11.38
04860602,353.9,35.68,16.91,,42.55,4.32
04860701,371.2,42.86,12.29,,45.17,1.11
04860801,357.8,35.7,13.96,,48.99,3.66
04861301,331.5,34.27,18.21,,41.51,16.15
04861401,356.7,42.12,14.45,,44.44,2.59
04880101,384.1,49.57,19.98,,41.58,21.27
04880102,363.3,44.64,14.38,,45.59,4.98
04880103,400.1,42.04,13.24,,52.33,27.73
04880104,400.1,42.04,13.24,,52.33,27.73
04880105,397.0,49.4,9.88,,51.78,15.7
04880106,343.1,44.62,18.01,,39.31,19.55
04880201,403.9,37.95,19.72,,44.56,3.5
04880202,403.9,37.95,19.72,,44.56,3.5
04880203,341.1,37.54,21.72,,40.11,13.2
04880204,403.9,37.95,19.72,,44.56,3.5
04880301,363.3,44.64,14.38,,45.59,4.98
05090401,328.1,39.58,8.67,,47.07,7.41
05090501,283.0,25.43,14.95,,47.93,19.64
05090601,325.8,32.67,7.65,,48.75,1.58
05120501,314.1,37.13,11.78,,50.02,6.62
05120601,316.3,36.88,6.76,,46.83,8.27
05130201,305.3,26.12,12.29,,47.62,23.46
05130202,347.1,35.05,6.42,,46.33,3.8
05130203,347.1,35.05,6.42,,46.33,3.8
05130401,308.2,34.36,8.52,,52.96,15.1
05130901,371.3,47.24,6.13,,45.67,2.33
05130902,371.3,47.24,6.13,,45.67,2.33
05600201,321.0,35.78,5.87,,48.02,3.03
05600202,321.0,35.78,5.87,,48.02,3.03
05600401,321.0,35.78,5.87,,48.02,3.03
05610301,292.1,36.13,11.36,,47.31,43.28
05610302,353.6,41.05,5.89,,43.27,4.28
05610303,283.2,22.78,6.72,,47.7,5.41
05610304,338.2,36.57,5.79,,47.48,5.68
05610305,338.2,36.57,5.79,,47.48,5.68
05620101,296.5,35.35,23.39,,46.48,35.32
05620102,299.2,36.92,24.04,,43.6,34.25
05620103,323.4,31.24,8.97,,45.03,2.87
05620105,323.4,31.24,8.97,,45.03,2.87
05620106,323.4,31.24,8.97,,45.03,2.87
05620108,291.6,35.46,25.92,,44.01,48.44
05620109,297.3,34.9,28.52,,42.43,43.91
05620110,350.9,42.7,9.04,,42.6,3.51
05620111,350.9,42.7,9.04,,42.6,3.51
05620112,350.9,42.7,9.04,,42.6,3.51
05620113,323.4,31.24,8.97,,45.03,2.87
05620205,292.2,28.4,8.09,,46.71,9.96
05620206,308.0,32.62,8.97,,46.12,11.01
05620301,306.4,28.38,9.71,,49.47,8.44
05620402,310.4,29.74,10.52,,47.89,11.39
05620404,310.4,29.74,10.52,,47.89,11.39
05630101,259.0,26.54,19.51,,49.49,41.18
05630102,274.5,24.55,19.68,,46.03,31.34
05630201,312.7,27.51,5.52,,46.92,8.9
05630202,312.7,27.51,5.52,,46.92,8.9
05630401,326.2,33.67,6.37,,58.34,8.54
05630501,290.9,30.07,5.42,,49.94,2.54
05800101,340.2,57.19,17.94,,44.63,83.35
05800102,301.7,62.66,11.29,,42.98,76.57
05800103,291.8,58.99,20.77,,37.16,78.33
05800104,263.6,45.23,40.64,,39.28,91.15
05800105,351.9,61.93,20.28,,45.52,52.07
05800106,360.9,64.76,15.93,,46.12,51.68
05800107,349.9,63.9,21.06,,49.81,65.81
05800108,304.9,63.63,26.54,,44.16,74.69
05800109,271.7,51.16,30.66,,39.61,82.98
05800110,296.8,71.82,17.79,,38.92,54.19
05800111,370.3,75.59,15.6,,41.49,23.53
05800112,379.6,67.33,19.13,,46.44,11.84
05800113,280.1,54.49,26.3,,42.03,60.36
05800114,293.8,84.84,16.14,,37.45,44.63
05800115,310.9,74.04,20.11,,36.53,67.08
05800116,355.4,68.65,20.77,,41.18,48.2
05800117,345.5,58.71,20.67,,44.1,81.23
05800118,372.5,63.85,22.69,,35.18,51.45
05800119,293.8,84.84,16.14,,37.45,44.63
05800120,223.4,81.59,24.42,,25.4,72.62
05800121,264.9,79.11,28.8,,29.17,58.53
05800122,310.9,74.04,20.11,,36.53,67.08
05800201,306.9,49.44,30.93,,42.22,84.06
05800202,333.8,59.27,21.8,,48.81,63.97
05800203,332.9,60.66,18.77,,38.68,61.72
05800204,381.0,60.97,13.98,,42.74,40.68
05800205,307.5,52.65,21.98,,40.02,68.3
05800206,324.2,50.9,21.8,,44.47,61.61
05800207,346.6,62.39,19.58,,46.55,68.12
05800208,328.5,56.4,25.74,,45.72,60.66
05800301,389.0,56.94,5.27,,43.51,12.05
05800302,285.0,49.49,32.8,,44.1,42.42
05800303,388.7,66.77,12.52,,47.8,10.37
05800304,317.6,55.11,25.51,,46.82,4.22
05800305,278.1,39.32,22.37,,47.23,31.53
05800306,447.9,74.06,11.88,,41.46,1.09
05800307,346.8,59.36,14.79,,43.49,14.85
05800308,399.3,69.86,12.16,,37.62,13.71
05800309,389.0,56.94,5.27,,43.51,12.05
05800401,273.7,63.06,42.06,,38.02,55.44
05800402,339.2,67.49,36.29,,35.7,36.41
05800403,437.3,74.06,15.02,,39.08,12.45
05800404,315.3,56.7,31.67,,40.31,35.04
05800405,274.5,54.85,45.44,,39.09,23.24
05800501,364.8,57.78,12.18,,43.18,13.24
05800502,364.8,57.78,12.18,,43.18,13.24
05800503,356.5,57.59,21.75,,42.43,0.56
05800504,332.5,55.36,17.14,,44.77,5.24
05800601,398.6,60.97,8.4,,40.21,0.55
05800801,389.0,56.94,5.27,,43.51,12.05
05800802,338.4,60.02,10.54,,35.56,13.25
05800901,391.7,58.28,4.59,,44.11,7.41
05801001,388.4,58.34,6.56,,41.03,2.83
05801101,343.1,48.66,6.48,,42.91,3.45
05801201,343.1,48.66,6.48,,42.91,3.45
05801401,375.4,47.58,9.55,,41.04,5.46
05801501,360.2,46.41,7.71,,38.8,3.53
05801701,361.7,57.72,8.14,,41.26,9.75
05801801,375.4,47.58,9.55,,41.04,5.46
05801901,398.6,60.97,8.4,,40.21,0.55
05801902,360.3,52.31,8.85,,41.57,18.04
05801903,350.4,54.71,10.33,,43.17,20.36
05801904,326.1,53.84,14.03,,38.88,20.24
05801905,326.1,53.84,14.03,,38.88,20.24
05802001,373.6,52.72,9.53,,40.91,6.21
05802201,372.1,48.94,5.73,,44.49,9.04
05802401,382.3,48.96,11.25,,41.26,4.93
05802402,369.9,48.58,21.32,,40.1,18.49
05802403,382.3,48.96,11.25,,41.26,4.93
05802404,440.4,77.22,15.52,,32.65,11.88
05802501,340.6,41.29,7.28,,42.7,6.03
05802701,340.6,41.29,7.28,,42.7,6.03
05802901,360.8,52.98,6.59,,40.76,1.74
05803101,376.1,53.61,7.95,,42.39,5.28
05803201,376.1,53.61,7.95,,42.39,5.28
05803301,296.1,53.67,32.08,,44.13,62.99
05803302,219.1,42.94,62.94,,35.07,81.38
05803303,204.2,35.58,71.47,,32.89,99.59
05803304,360.2,65.77,20.98,,44.45,1.59
05803305,411.2,75.56,9.93,,42.43,0.21
05803306,249.5,43.36,43.31,,36.25,80.46
05803307,337.3,55.11,11.19,,52.94,15.79
05803308,388.4,58.34,6.56,,41.03,2.83
05803309,408.5,77.05,17.92,,43.9,38.47
05803310,369.2,75.44,22.13,,39.43,45.35
05803311,408.5,77.05,17.92,,43.9,38.47
05803401,397.3,64.28,23.72,,40.95,37.1
05803402,264.4,41.99,39.62,,40.17,71.71
05803403,296.4,48.77,23.53,,49.3,17.14
05803404,412.4,73.76,8.03,,42.31,0.19
05803405,327.7,56.53,16.37,,44.49,21.01
05803406,336.6,58.09,22.93,,43.37,46.93
05803501,192.2,23.01,81.85,,38.19,92.19
05803502,220.9,31.73,80.1,,35.95,63.78
05803503,210.0,28.14,73.57,,37.28,81.16
05803504,185.9,25.56,79.48,,32.94,99.0
05803505,194.3,24.78,76.33,,34.49,95.91
05803601,284.4,76.58,33.67,,37.31,39.63
05803602,237.2,53.48,48.0,,30.8,99.4
05803603,190.2,51.03,75.09,,31.79,99.35
05803604,212.5,40.67,67.08,,34.31,99.21
05803605,157.0,85.54,40.5,,24.55,98.39
05810104,349.5,42.55,12.32,,43.38,3.62
05810105,353.8,51.72,17.69,,35.83,7.87
05810106,271.7,31.41,18.23,,43.4,64.67
05810107,349.5,42.55,12.32,,43.38,3.62
05810108,349.5,42.55,12.32,,43.38,3.62
05810111,347.3,46.6,22.19,,40.55,19.86
05810112,363.9,53.5,15.93,,44.42,1.9
05810113,281.8,36.31,23.21,,42.1,46.93
05810114,305.5,43.91,25.29,,48.49,30.64
05810115,335.6,46.5,25.37,,42.28,14.79
05810123,336.6,44.19,29.37,,42.45,18.63
05810124,336.6,44.19,29.37,,42.45,18.63
05810125,308.9,55.46,32.99,,39.11,88.16
05810126,308.9,55.46,32.99,,39.11,88.16
05810129,297.8,51.24,27.52,,38.09,60.54
05810131,238.3,45.29,48.94,,41.77,94.32
05810134,280.1,46.4,26.41,,47.37,72.22
05810201,374.8,46.75,8.25,,37.88,2.49
05810203,247.1,29.41,63.63,,40.12,64.11
05810204,210.9,34.4,61.15,,37.38,68.23
05810205,187.1,22.06,80.78,,37.77,98.1
05810206,193.2,18.02,74.24,,39.18,99.11
05810207,353.3,58.02,16.71,,46.28,14.93
05810208,350.8,49.45,28.25,,39.67,0.66
05810211,374.8,46.75,8.25,,37.88,2.49
05810212,354.6,38.4,5.36,,43.36,2.84
05810213,331.4,40.48,7.7,,45.26,9.28
05810214,317.0,33.43,4.86,,50.25,2.83
05810217,419.7,55.95,13.61,,41.84,2.95
05810218,233.6,32.86,54.37,,40.6,85.47
05810219,297.0,46.85,26.31,,45.76,46.2
05810220,283.1,45.22,24.25,,45.18,71.49
05810223,364.1,56.74,12.52,,45.03,63.35
05810224,291.4,44.46,30.66,,40.44,52.57
05810225,368.8,44.95,11.74,,42.0,2.22
05810231,393.4,43.64,12.04,,40.85,4.78
05810232,393.4,43.64,12.04,,40.85,4.78
05810233,308.2,31.43,10.33,,42.04,21.54
05810234,354.0,35.31,7.01,,44.01,2.01
05810235,354.0,35.31,7.01,,44.01,2.01
05810236,347.8,46.84,7.25,,40.58,1.75
05810237,385.8,68.2,12.68,,42.92,0.78
05810238,247.1,29.41,63.63,,40.12,64.11
05810239,252.9,32.86,58.27,,37.57,52.85
05810240,316.1,51.44,21.53,,44.1,54.24
05810241,305.5,43.91,25.29,,48.49,30.64
05810242,217.1,27.73,86.99,,36.99,82.16
05810243,201.1,22.59,76.94,,36.82,98.67
05810301,342.4,37.9,9.29,,46.56,4.44
05810302,342.4,37.9,9.29,,46.56,4.44
05810401,353.0,54.77,6.14,,42.27,10.37
05810402,338.9,48.59,8.72,,40.72,4.28
05810501,353.8,51.72,17.69,,35.83,7.87
05810502,353.8,51.72,17.69,,35.83,7.87
05810503,353.8,51.72,17.69,,35.83,7.87
05810601,270.3,32.18,36.68,,41.96,48.66
05810602,257.7,28.82,32.01,,38.95,76.84
05810701,234.5,41.03,58.4,,36.06,73.71
05810702,292.6,43.98,29.09,,41.43,65.87
05810703,268.6,47.36,48.0,,38.68,67.36
05810801,268.6,47.36,48.0,,38.68,67.36
05810802,335.9,54.26,37.8,,46.84,30.26
05810803,317.8,59.14,31.19,,42.84,65.57
05810804,317.8,59.14,31.19,,42.84,65.57
05810901,248.7,40.58,60.38,,40.17,78.68
05810902,248.7,40.58,60.38,,40.17,78.68
05811001,299.3,44.69,16.48,,41.63,67.5
05811002,299.3,44.69,16.48,,41.63,67.5
05811101,316.1,51.44,21.53,,44.1,54.24
05811102,280.1,46.4,26.41,,47.37,72.22
05811201,257.4,46.67,45.53,,35.8,76.24
05811202,257.4,46.67,45.53,,35.8,76.24
05811203,288.3,56.81,30.34,,38.22,87.77
05811301,356.3,54.68,19.51,,38.58,13.73
05811302,374.8,46.75,8.25,,37.88,2.49
05811401,420.7,58.67,17.0,,40.97,11.81
05811402,381.7,57.39,15.73,,40.04,6.88
05811501,317.8,41.69,28.5,,49.13,0.76
05811502,257.4,46.67,45.53,,35.8,76.24
05811503,229.1,29.73,54.15,,34.89,99.48
05811601,247.0,30.78,16.7,,44.43,99.52
05811602,285.0,37.55,27.13,,48.39,9.56
05811603,285.0,37.55,27.13,,48.39,9.56
05811701,291.4,44.46,30.66,,40.44,52.57
05811702,253.3,31.06,49.34,,35.31,66.53
05811703,273.3,34.22,42.56,,39.6,45.93
05820101,299.0,40.53,11.84,,47.69,58.35
05820102,299.2,39.54,9.57,,50.58,52.3
05820103,279.1,34.66,15.21,,43.3,57.48
05820201,356.1,39.27,6.69,,43.49,2.98
05820301,356.1,39.27,6.69,,43.49,2.98
05820401,330.0,38.53,5.87,,43.15,3.12
05820601,330.0,38.53,5.87,,43.15,3.12
05820701,329.9,35.97,6.97,,49.18,5.78
05820801,329.9,35.97,6.97,,49.18,5.78
05830101,264.1,35.72,28.49,,50.62,64.65
05830102,313.9,43.49,10.65,,46.27,32.9
05830103,305.8,33.75,19.22,,45.97,37.51
05830104,305.8,33.75,19.22,,45.97,37.51
05830105,320.7,40.52,11.82,,44.56,14.44
05830106,342.3,32.93,8.19,,48.97,4.61
05830107,342.3,32.93,8.19,,48.97,4.61
05830108,338.5,40.86,13.67,,46.73,17.26
05830109,331.7,36.99,12.67,,47.31,10.61
05830110,230.7,24.08,49.46,,40.28,65.93
05830111,305.8,32.28,19.16,,45.82,12.66
05830112,332.5,32.76,8.17,,43.02,3.12
05830113,274.6,31.13,22.96,,42.24,53.95
05830114,304.6,32.64,18.32,,43.47,40.36
05830115,204.6,20.24,57.63,,37.6,94.53
05830116,342.2,39.52,12.22,,44.16,14.7
05830117,218.2,20.72,45.69,,39.16,84.93
05830301,325.5,33.0,8.61,,48.65,5.29
05830401,294.7,26.72,7.93,,47.55,9.58
05830601,342.3,32.93,8.19,,48.97,4.61
05830602,333.7,42.68,9.41,,42.41,6.08
05830801,332.5,32.76,8.17,,43.02,3.12
05832201,294.7,26.72,7.93,,47.55,9.58
05832301,329.0,37.37,8.6,,42.18,3.6
05840101,314.7,51.2,8.75,,55.54,59.78
05840102,338.0,44.36,7.39,,47.87,5.22
05840103,338.0,44.36,7.39,,47.87,5.22
05840105,338.0,44.36,7.39,,47.87,5.22
05840301,338.0,44.36,7.39,,47.87,5.22
05860101,279.3,28.14,19.71,,49.53,23.46
05860102,270.8,27.6,32.16,,42.45,36.94
05860103,258.9,31.86,36.5,,41.01,56.28
05860104,353.8,36.42,5.06,,42.11,0.93
05860105,305.7,35.73,19.42,,48.77,32.25
05860106,322.2,40.66,9.31,,43.6,42.83
05860107,352.8,47.76,10.11,,40.62,7.51
05860108,304.9,36.29,17.54,,39.4,46.92
05860201,286.1,28.72,35.01,,41.27,39.9
05860301,283.5,28.68,14.38,,41.91,37.73
05860302,283.5,28.68,14.38,,41.91,37.73
05860303,279.9,30.21,17.07,,43.44,42.63
05860701,362.3,41.82,5.01,,41.83,1.94
05861001,334.1,33.95,7.17,,45.89,7.57
05861401,341.5,41.19,6.22,,44.91,1.52
05861701,362.3,41.82,5.01,,41.83,1.94
05861801,335.3,42.88,10.51,,38.86,7.33
05861901,310.2,41.04,8.3,,43.05,26.45
06040103,334.3,37.86,7.61,,43.3,2.91
06040202,309.4,34.43,10.53,,44.24,9.05
06040301,309.4,34.43,10.53,,44.24,9.05
06170202,314.1,32.74,20.66,,45.34,8.27
06170303,336.8,29.68,14.49,,44.77,3.29
06170404,336.8,29.68,14.49,,44.77,3.29
06170501,300.3,24.68,34.76,,40.83,19.77
06170502,315.5,25.08,36.57,,45.85,26.36
06170503,336.8,29.68,14.49,,44.77,3.29
06420103,298.4,32.08,12.86,,43.34,10.18
06420301,298.4,32.08,12.86,,43.34,10.18
06420302,298.4,32.08,12.86,,43.34,10.18
06420304,298.4,32.08,12.86,,43.34,10.18
06430101,325.0,56.89,13.35,,33.22,12.13
06430102,336.9,36.45,5.77,,40.41,1.89
06430104,336.9,36.45,5.77,,40.41,1.89
06430105,310.1,33.41,7.97,,42.2,6.42
06430107,310.1,33.41,7.97,,42.2,6.42
06430108,335.8,51.9,10.75,,38.07,6.01
06430110,392.1,62.01,8.88,,39.79,0.0
06620101,258.9,26.33,56.05,,43.14,58.12
06620102,224.5,20.05,71.97,,38.46,57.52
06620103,317.7,27.94,40.43,,42.23,10.41
06620104,344.6,30.0,10.69,,46.26,4.02
06620105,284.3,25.4,46.44,,42.09,28.9
06620106,284.3,25.4,46.44,,42.09,28.9
06620107,345.5,32.48,12.59,,46.37,1.36
06620408,340.2,30.87,24.26,,42.74,1.51
06620409,345.5,32.48,12.59,,46.37,1.36
06620410,292.5,27.77,48.53,,40.25,37.7
06620913,312.5,28.98,34.54,,40.63,25.11
06620914,344.6,30.0,10.69,,46.26,4.02
06620915,265.6,23.33,48.72,,41.91,48.72
06621017,312.3,27.47,11.1,,43.3,5.55
06621218,312.3,27.47,11.1,,43.3,5.55
06621419,365.3,28.09,7.9,,45.84,1.16
06621620,344.6,30.0,10.69,,46.26,4.02
06621621,345.5,32.48,12.59,,46.37,1.36
06650101,342.0,45.86,16.63,,35.76,1.54
06650102,302.1,33.27,30.16,,39.37,31.53
06650103,316.5,37.33,15.11,,41.31,4.9
06650104,342.9,36.35,6.99,,42.51,2.02
06650305,328.3,39.1,13.72,,41.25,3.9
06650306,276.6,26.89,44.81,,43.16,43.85
06650509,328.3,39.1,13.72,,41.25,3.9
06650610,316.5,37.33,15.11,,41.31,4.9
06800120,368.3,41.4,9.54,,43.71,4.96
06800121,262.7,54.39,24.7,,44.19,82.02
06800125,368.3,41.4,9.54,,43.71,4.96
06800126,312.2,53.23,27.01,,41.5,62.28
06800127,315.5,56.45,19.47,,44.21,29.23
06800128,416.3,69.89,15.07,,40.17,13.05
06800129,294.0,52.36,20.74,,35.03,80.76
06800130,290.5,54.23,24.09,,38.09,82.93
06800131,325.3,58.08,17.17,,40.06,65.58
06800132,349.9,61.92,17.18,,41.33,34.55
06800133,338.3,54.93,18.12,,41.65,4.48
06800134,337.6,53.68,22.2,,38.56,37.58
06800135,374.4,65.6,15.17,,46.25,26.42
06800136,342.9,60.76,23.63,,41.17,39.95
06800137,347.3,61.04,20.98,,40.91,34.01
06800138,448.4,71.21,13.8,,42.0,9.66
06800139,367.3,62.19,21.99,,43.45,39.33
06800140,368.9,61.78,28.76,,35.1,54.63
06800141,416.3,69.89,15.07,,40.17,13.05
06800142,367.3,62.19,21.99,,43.45,39.33
06800200,377.5,54.3,24.42,,52.2,22.27
06800201,416.3,69.89,15.07,,40.17,13.05
06800202,416.3,69.89,15.07,,40.17,13.05
06800203,355.4,53.31,26.29,,43.63,73.71
06800204,294.0,44.58,32.33,,44.0,81.71
06800205,284.5,49.78,51.36,,40.09,32.26
06800206,261.5,37.85,54.16,,39.9,50.41
06800207,364.3,44.2,8.08,,40.81,1.77
06800211,304.2,48.08,31.12,,43.52,44.85
06800212,363.3,55.18,27.95,,43.0,7.59
06800213,363.3,55.18,27.95,,43.0,7.59
06800214,221.3,29.01,77.96,,36.94,99.28
06800215,231.8,31.85,74.12,,38.77,87.34
06800216,341.1,49.78,36.02,,42.75,45.81
06800318,342.0,53.71,19.76,,40.61,23.23
06800319,342.0,53.71,19.76,,40.61,23.23
06800320,351.0,53.25,27.66,,34.43,12.56
06800321,331.8,48.84,16.06,,44.78,19.15
06800322,203.6,26.21,85.26,,34.84,99.65
06800324,213.9,24.36,78.99,,39.17,99.34
06800522,285.8,42.92,48.26,,37.17,41.88
06800542,276.7,39.38,62.94,,39.59,40.3
06800543,232.8,27.77,79.0,,35.75,99.56
06800544,281.0,41.94,68.79,,40.35,49.33
06800545,363.3,55.18,27.95,,43.0,7.59
06800547,285.8,45.38,33.93,,42.54,44.05
06800548,259.2,36.85,39.42,,47.16,63.08
06800549,306.0,44.61,40.68,,41.44,15.73
06800551,301.1,49.26,39.79,,38.08,25.45
06800553,285.8,42.92,48.26,,37.17,41.88
06800654,334.1,46.34,6.62,,40.37,7.86
06800655,334.1,46.34,6.62,,40.37,7.86
06800656,349.0,51.51,14.53,,39.42,8.34
06800657,312.5,60.26,42.9,,36.89,37.43
06800760,359.4,42.72,8.33,,44.75,2.66
06800761,359.4,42.72,8.33,,44.75,2.66
06800863,321.1,45.22,25.61,,38.26,25.11
06800864,309.4,40.24,30.6,,39.06,24.75
06800865,334.4,32.72,7.85,,41.66,6.28
06800896,326.9,54.75,16.84,,41.9,6.05
06800897,321.1,45.22,25.61,,38.26,25.11
06800967,299.3,32.33,8.51,,54.5,17.76
06801068,334.1,46.34,6.62,,40.37,7.86
06801069,334.1,46.34,6.62,,40.37,7.86
06801170,341.3,46.57,5.43,,37.84,2.19
06801473,334.1,46.34,6.62,,40.37,7.86
06801474,337.8,40.66,4.22,,41.06,0.97
06801574,349.4,41.39,5.95,,40.41,3.42
06801575,349.4,41.39,5.95,,40.41,3.42
06801576,350.4,49.88,8.53,,38.28,4.7
06801676,319.6,42.0,28.97,,40.97,7.95
06801689,364.3,44.2,8.08,,40.81,1.77
06801979,322.0,40.32,11.66,,39.03,9.65
06801980,334.4,32.72,7.85,,41.66,6.28
06801988,319.8,44.01,15.63,,37.37,24.08
06802081,296.7,42.25,18.6,,44.98,41.32
06802082,368.3,41.4,9.54,,43.71,4.96
06802083,368.3,41.4,9.54,,43.71,4.96
06802085,376.4,67.62,11.58,,40.45,0.68
06802086,376.4,67.62,11.58,,40.45,0.68
06802184,299.3,40.06,15.85,,42.11,17.86
06802285,334.4,32.72,7.85,,41.66,6.28
06820101,266.9,33.17,34.22,,50.69,61.63
06820103,323.0,44.0,19.59,,43.7,11.85
06820104,295.9,38.67,28.74,,41.32,25.6
06820105,323.0,44.0,19.59,,43.7,11.85
06820106,323.0,44.0,19.59,,43.7,11.85
06820107,204.0,23.22,74.64,,33.0,81.74
06820108,262.5,33.48,49.43,,38.51,40.26
06820109,314.9,41.57,19.33,,38.21,14.95
06820110,273.9,32.41,30.43,,43.91,36.05
06820315,248.1,31.22,25.5,,44.22,17.99
06820317,248.1,31.22,25.5,,44.22,17.99
06820519,300.8,35.01,12.25,,44.02,7.08
06820724,298.5,36.84,18.39,,41.3,37.67
06820726,328.2,39.32,6.52,,41.81,2.46
06820929,327.1,36.78,7.92,,43.52,1.7
06830101,362.5,45.25,10.82,,43.39,2.94
06830102,284.9,33.33,48.81,,39.49,57.32
06830103,315.9,37.29,30.22,,41.8,53.54
06830104,298.0,31.52,36.95,,45.36,45.15
06830105,285.0,27.58,62.2,,39.87,28.13
06830106,355.0,41.25,9.18,,44.63,2.71
06830107,326.9,38.87,22.99,,46.36,48.31
06830108,362.5,45.25,10.82,,43.39,2.94
06830109,298.0,31.52,36.95,,45.36,45.15
06830111,373.7,50.49,22.89,,43.02,16.03
06830123,361.7,38.34,9.43,,44.29,2.45
06830124,362.5,45.25,10.82,,43.39,2.94
06830125,268.8,30.51,37.39,,44.8,54.15
06830209,343.7,36.31,15.89,,45.19,2.5
06830512,327.8,39.37,9.3,,43.86,3.06
06830613,343.7,36.31,15.89,,45.19,2.5
06830916,355.0,41.25,9.18,,44.63,2.71
06831017,355.0,41.25,9.18,,44.63,2.71
06831220,272.6,23.69,31.18,,44.08,25.66
06831321,361.7,38.34,9.43,,44.29,2.45
06840101,278.9,31.38,29.53,,40.27,31.64
06840102,332.6,33.38,8.93,,44.75,2.12
06840103,332.6,33.38,8.93,,44.75,2.12
06840304,332.6,33.38,8.93,,44.75,2.12
06840605,298.8,33.91,16.02,,46.84,5.95
06840706,298.8,33.91,16.02,,46.84,5.95
06850101,288.1,36.41,25.87,,44.94,40.65
06850102,303.6,36.32,23.05,,44.64,42.28
06850103,297.7,34.64,20.89,,45.35,36.27
06850104,272.7,29.66,28.33,,45.07,63.06
06850105,284.7,29.65,25.17,,40.76,21.4
06850106,297.7,34.64,20.89,,45.35,36.27
06850107,329.6,36.71,6.86,,42.46,2.51
06850309,296.5,32.66,13.94,,43.19,11.03
06850511,322.5,37.77,11.03,,46.38,2.35
06850816,296.5,32.66,13.94,,43.19,11.03
06851320,306.9,35.97,12.44,,46.06,5.75
06851522,309.9,31.21,9.68,,45.08,2.86
06851623,279.6,25.16,26.27,,50.8,12.69
06851926,290.7,27.48,20.2,,42.64,9.88
06860101,358.4,41.23,5.65,,43.84,3.06
06860102,358.4,41.23,5.65,,43.84,3.06
06860103,249.7,38.44,33.09,,45.49,76.42
06860104,358.4,41.23,5.65,,43.84,3.06
06860105,286.6,39.39,32.37,,42.35,37.47
06860106,305.6,44.03,18.81,,41.23,24.95
06860207,286.4,28.44,19.9,,49.01,9.64
06860514,286.4,28.44,19.9,,49.01,9.64
06860615,320.6,36.06,11.9,,44.77,4.03
06860820,358.4,41.23,5.65,,43.84,3.06
06870101,347.9,38.39,7.65,,45.04,8.9
06870102,301.0,37.28,16.11,,44.12,31.8
06870103,277.9,31.17,24.69,,41.53,41.82
06870104,242.3,28.76,35.39,,52.04,79.19
06870105,264.8,29.2,26.52,,43.88,56.35
06870106,329.5,41.98,12.26,,46.1,2.42
06870107,318.6,34.55,3.89,,42.9,4.61
06870108,301.7,31.82,21.83,,43.37,49.05
06870109,300.1,34.1,6.9,,41.72,0.93
07600101,304.0,30.17,13.63,,45.69,0.75
07600102,304.0,30.17,13.63,,45.69,0.75
07600305,283.9,27.73,26.13,,48.31,13.61
07600407,304.0,30.17,13.63,,45.69,0.75
07600511,283.9,27.73,26.13,,48.31,13.61
07610101,250.6,23.7,47.57,,42.45,28.14
07610102,287.1,29.67,19.07,,48.74,9.8
07610203,287.1,29.67,19.07,,48.74,9.8
07610206,311.6,41.99,16.36,,40.47,15.09
07610304,287.1,29.67,19.07,,48.74,9.8
07610405,287.1,29.67,19.07,,48.74,9.8
07630101,269.8,25.87,29.68,,43.66,34.72
07630102,297.6,32.42,12.57,,45.01,10.61
07630204,268.8,22.47,24.67,,51.1,31.57
07630309,302.8,33.03,17.4,,47.86,9.82
07630511,283.5,30.83,26.02,,47.63,8.38
07630612,297.6,32.42,12.57,,45.01,10.61
07630716,293.0,32.66,21.15,,47.71,15.33
07640101,220.7,28.96,57.83,,41.7,61.77
07640102,338.5,35.59,9.05,,43.43,6.79
07640103,338.5,35.59,9.05,,43.43,6.79
07640104,269.2,28.14,56.7,,39.27,34.27
07640105,345.2,41.12,9.84,,41.93,3.0
07640408,345.2,41.12,9.84,,41.93,3.0
07640509,324.3,36.3,9.22,,43.77,0.82
07640510,324.3,36.3,9.22,,43.77,0.82
07640914,338.5,35.59,9.05,,43.43,6.79
07641017,328.2,35.76,8.46,,43.36,8.79
07641119,305.3,31.38,12.24,,47.5,7.07
07650101,319.5,45.14,35.13,,42.6,26.55
07650103,320.3,37.49,17.29,,47.0,2.51
07650115,320.3,37.49,17.29,,47.0,2.51
07650116,318.5,42.23,29.41,,45.27,36.9
07650117,230.8,41.95,71.7,,36.44,79.16
07650118,380.0,60.78,35.43,,36.72,17.61
07650204,307.6,38.19,13.33,,44.8,1.69
07650305,320.9,40.05,15.87,,45.55,6.36
07650408,320.3,37.49,17.29,,47.0,2.51
07650511,320.3,37.49,17.29,,47.0,2.51
07670101,287.5,28.88,33.38,,42.46,33.78
07670103,287.5,28.88,33.38,,42.46,33.78
07670104,293.8,27.99,24.42,,45.44,38.03
07670205,306.6,29.74,14.66,,47.83,1.61
07670308,306.6,29.74,14.66,,47.83,1.61
07800115,329.7,50.35,21.33,,42.09,62.29
07800116,336.8,46.09,7.26,,42.17,6.59
07800117,430.9,69.2,11.01,,43.06,15.58
07800118,330.8,60.38,24.25,,46.44,55.18
07800119,283.5,50.63,39.84,,35.58,63.07
07800120,339.2,47.7,12.0,,40.17,5.9
07800121,329.5,54.48,22.55,,47.04,31.93
07800171,375.0,60.94,17.72,,45.06,36.21
07800225,337.1,46.68,8.77,,42.7,6.02
07800326,337.1,46.68,8.77,,42.7,6.02
07800630,337.1,46.68,8.77,,42.7,6.02
07800731,339.2,47.7,12.0,,40.17,5.9
07800833,326.4,39.68,7.9,,42.98,4.53
07800934,326.4,39.68,7.9,,42.98,4.53
07801338,328.8,50.59,8.97,,40.97,4.42
07801439,336.8,46.09,7.26,,42.17,6.59
07801641,345.3,49.75,10.52,,40.25,13.42
07801742,336.8,46.09,7.26,,42.17,6.59
07801853,373.8,50.75,7.38,,42.28,3.25
07801854,330.3,49.88,17.76,,34.91,28.25
07801944,354.9,48.23,8.15,,43.64,2.54
07802045,373.8,50.75,7.38,,42.28,3.25
07802062,378.9,59.34,13.94,,43.22,11.36
07802154,354.9,48.23,8.15,,43.64,2.54
07802155,354.9,48.23,8.15,,43.64,2.54
07802449,337.2,45.6,9.75,,44.97,1.39
07802551,337.2,45.6,9.75,,44.97,1.39
07802855,305.5,49.24,40.11,,41.97,54.64
07802865,316.3,48.95,20.47,,49.73,65.62
07802866,290.6,51.47,28.25,,42.18,66.38
07802868,373.8,50.75,7.38,,42.28,3.25
07802869,311.6,53.64,23.52,,45.29,42.62
07802870,290.6,51.47,28.25,,42.18,66.38
07802960,358.5,60.94,19.93,,34.21,17.12
07802974,251.8,35.69,59.95,,37.36,62.78
07802975,356.6,57.13,19.96,,41.87,3.26
07802976,195.5,24.61,83.73,,34.79,98.97
07802977,199.5,23.48,87.62,,34.64,99.69
07802978,196.3,28.53,82.53,,31.13,97.41
07802979,383.2,58.87,18.47,,43.69,0.37
07802980,292.8,41.97,48.16,,35.76,35.4
07802981,332.7,50.68,21.1,,43.0,24.78
07802982,367.1,59.22,20.32,,39.38,35.33
07802988,332.7,50.68,21.1,,43.0,24.78
07802989,379.6,65.04,16.67,,35.51,11.5
07802990,329.5,54.48,22.55,,47.04,31.93
07803082,339.2,47.7,12.0,,40.17,5.9
07803083,266.9,49.88,43.88,,41.27,57.37
07803085,307.5,58.63,30.5,,42.95,36.61
07803086,321.1,61.01,31.38,,42.55,28.95
07803087,330.7,63.72,25.92,,38.0,19.38
07803088,330.7,63.72,25.92,,38.0,19.38
07803089,266.9,49.88,43.88,,41.27,57.37
07803090,191.8,78.95,46.73,,24.78,99.42
07803091,307.5,58.63,30.5,,42.95,36.61
07803092,182.7,77.5,39.52,,24.26,99.3
07810103,341.2,44.78,24.93,,39.31,11.32
07810104,325.4,39.97,18.47,,46.53,16.09
07810105,316.5,33.09,16.72,,44.08,3.53
07810106,316.5,33.09,16.72,,44.08,3.53
07810107,266.4,31.55,42.86,,45.88,79.47
07810108,284.8,35.36,32.86,,47.66,47.97
07810109,287.7,30.25,43.82,,42.66,57.69
07810110,316.5,33.09,16.72,,44.08,3.53
07810111,284.8,35.36,32.86,,47.66,47.97
07810112,341.2,44.78,24.93,,39.31,11.32
07810310,312.8,38.41,14.32,,44.47,6.85
07810311,312.8,38.41,14.32,,44.47,6.85
07810715,316.5,33.09,16.72,,44.08,3.53
07810815,318.3,33.19,18.53,,44.29,6.38
07810816,318.3,33.19,18.53,,44.29,6.38
07810817,318.3,33.19,18.53,,44.29,6.38
07811119,337.9,38.99,12.77,,49.41,1.29
07811624,290.0,34.01,22.48,,49.43,13.26
07811625,290.0,34.01,22.48,,49.43,13.26
08210101,263.5,28.31,30.37,,51.28,6.02
08210201,277.2,32.13,24.01,,48.11,7.37
08210202,277.2,32.13,24.01,,48.11,7.37
08210301,252.6,25.0,32.29,,49.59,5.54
08210401,263.5,28.31,30.37,,51.28,6.02
08340101,293.5,29.04,13.4,,46.24,1.86
08340201,293.5,29.04,13.4,,46.24,1.86
08340202,293.5,29.04,13.4,,46.24,1.86
08340401,309.2,36.82,8.48,,49.62,0.0
08340402,309.2,36.82,8.48,,49.62,0.0
08400105,347.0,52.7,7.2,,49.01,2.71
08400303,347.0,52.7,7.2,,49.01,2.71
08400401,318.7,40.56,7.07,,46.42,1.35
08400811,316.1,36.13,10.91,,58.09,10.91
08401304,345.0,52.15,6.18,,41.62,1.62
08401406,345.0,52.15,6.18,,41.62,1.62
08401501,347.0,52.7,7.2,,49.01,2.71
08401502,297.7,40.08,17.19,,45.11,40.62
08401503,347.0,52.7,7.2,,49.01,2.71
08401504,323.9,50.98,9.7,,40.84,13.45
08401505,323.9,50.98,9.7,,40.84,13.45
08600101,258.3,23.69,32.08,,45.49,53.24
08600102,308.9,31.92,20.65,,49.4,5.63
08600103,311.1,30.54,20.56,,43.38,20.68
08600201,284.3,29.8,25.35,,47.99,10.46
08600301,308.9,31.92,20.65,,49.4,5.63
08600401,308.9,31.92,20.65,,49.4,5.63
08600501,308.9,31.92,20.65,,49.4,5.63
08600601,300.1,29.73,6.25,,46.21,7.08
08600801,292.0,31.4,20.43,,48.95,11.52
08610101,268.6,29.88,21.83,,49.52,57.37
08610102,289.3,30.07,23.95,,43.87,46.14
08610103,293.2,33.33,25.44,,43.37,17.09
08610104,343.2,34.22,5.05,,45.92,2.43
08610105,343.2,34.22,5.05,,45.92,2.43
08610201,294.7,26.36,17.4,,44.23,11.75
08610301,276.5,22.74,21.52,,43.81,21.71
08610302,318.3,38.56,11.71,,47.42,0.0
08610303,318.3,38.56,11.71,,47.42,0.0
08620101,249.3,25.43,38.98,,43.81,44.79
08620102,314.6,32.74,25.27,,46.62,14.68
08620201,307.6,35.07,13.33,,49.7,8.02
08620202,307.6,35.07,13.33,,49.7,8.02
08620301,286.2,30.27,23.07,,49.78,7.42
08620401,315.1,33.09,11.14,,47.96,7.46
08800101,330.4,52.68,13.97,,43.67,72.06
08800107,302.0,55.25,18.04,,39.86,75.59
08800108,321.9,53.07,12.65,,45.07,64.98
08800122,279.7,56.34,23.19,,37.95,86.0
08800124,432.2,60.57,9.01,,52.94,43.32
08800201,346.1,44.8,6.52,,41.33,2.08
08800202,304.7,48.85,11.89,,43.94,8.81
08800203,346.1,44.8,6.52,,41.33,2.08
08800204,331.5,46.4,7.86,,40.29,8.7
08800205,346.1,44.8,6.52,,41.33,2.08
08800206,316.2,46.46,29.17,,35.02,50.82
08800301,295.9,41.82,23.18,,39.8,20.17
08800302,346.1,44.8,6.52,,41.33,2.08
08800303,350.7,54.02,12.38,,38.9,4.95
08800401,367.0,52.62,7.93,,45.22,2.8
08800501,343.2,47.25,6.54,,42.59,5.89
08800502,343.2,47.25,6.54,,42.59,5.89
08800601,331.5,46.4,7.86,,40.29,8.7
08800801,310.0,42.52,9.1,,38.48,4.87
08800802,367.0,52.62,7.93,,45.22,2.8
08800901,312.0,42.73,10.14,,43.7,5.23
08801001,312.0,42.73,10.14,,43.7,5.23
08801301,315.3,37.0,10.09,,42.27,4.52
08801401,289.1,29.14,14.69,,48.26,16.38
08801502,358.3,61.63,11.4,,48.32,48.6
08801503,367.0,52.62,7.93,,45.22,2.8
08801504,302.5,52.84,13.4,,41.49,77.84
08801505,259.5,52.7,27.75,,41.76,61.19
08801506,347.8,54.8,14.38,,41.3,30.84
08801609,273.6,50.89,17.38,,41.98,75.16
08801610,242.1,34.21,46.52,,36.92,77.63
08801611,384.8,66.93,14.72,,39.57,25.55
08801621,251.7,46.05,23.03,,47.0,53.08
08801712,243.1,40.76,41.72,,39.17,70.33
08801713,276.6,46.06,31.11,,40.78,32.51
08801714,276.6,46.06,31.11,,40.78,32.51
08801715,262.9,40.67,37.27,,39.17,47.01
08801716,379.7,65.34,9.25,,44.12,2.34
08801817,215.2,29.05,66.23,,37.58,63.5
08801818,214.4,28.43,67.32,,37.83,75.4
08801820,362.9,61.82,18.75,,43.22,10.0
08801823,373.0,66.0,15.11,,50.97,7.28
08810101,235.7,30.31,25.37,,51.69,79.79
08810102,270.0,32.01,29.82,,43.26,29.77
08810103,192.4,23.92,67.5,,37.52,91.91
08810104,256.2,32.18,30.37,,42.93,30.43
08810105,298.4,36.34,23.47,,42.92,7.82
08810106,314.0,41.06,15.92,,45.07,20.23
08810107,341.7,38.59,4.44,,42.36,0.0
08810201,295.1,30.5,17.45,,50.43,7.79
08810301,295.1,30.5,17.45,,50.43,7.79
08810401,299.9,33.06,12.57,,46.64,5.28
08810501,341.7,38.59,4.44,,42.36,0.0
08810502,299.9,33.06,12.57,,46.64,5.28
08810601,293.6,31.74,12.76,,43.53,3.62
08810901,299.9,33.06,12.57,,46.64,5.28
08820101,394.0,53.11,8.4,,42.57,5.56
08820102,394.0,53.11,8.4,,42.57,5.56
08820103,292.3,33.88,27.07,,43.55,30.4
08820104,328.1,41.2,17.12,,45.8,27.92
08820105,268.9,30.14,27.71,,46.69,80.59
08820106,272.4,32.97,30.84,,49.44,49.31
08820107,285.0,30.28,43.38,,43.26,42.39
08820108,333.7,32.57,8.02,,44.67,3.79
08820109,333.7,32.57,8.02,,44.67,3.79
08820110,333.7,32.57,8.02,,44.67,3.79
08820319,316.2,33.83,11.01,,47.99,4.6
08820321,305.7,36.46,8.03,,50.85,16.94
08820411,289.2,27.98,10.11,,48.85,18.21
08820513,333.7,32.57,8.02,,44.67,3.79
08820514,333.7,32.57,8.02,,44.67,3.79
08820517,333.7,32.57,8.02,,44.67,3.79
08830101,314.5,44.96,10.27,,52.25,68.7
08830102,320.7,43.17,8.82,,43.78,14.99
08830103,315.0,45.34,8.93,,50.03,42.15
08830104,273.0,37.15,20.79,,43.4,37.26
08830105,317.4,46.65,10.12,,46.33,13.49
08830106,261.5,32.31,24.56,,44.27,46.69
08830107,320.7,43.17,8.82,,43.78,14.99
08830108,330.9,43.1,8.68,,48.97,2.99
08830109,316.3,37.05,8.09,,49.86,3.66
08830112,308.7,39.96,13.22,,44.48,13.53
08830113,330.9,43.1,8.68,,48.97,2.99
08830115,291.4,38.01,16.65,,46.68,53.77
08830118,250.9,33.2,33.6,,43.65,75.93
08830209,330.9,43.1,8.68,,48.97,2.99
08830310,330.9,43.1,8.68,,48.97,2.99
08830514,274.9,35.6,8.59,,50.62,10.8
08830720,316.3,37.05,8.09,,49.86,3.66
08830922,343.8,40.17,9.42,,55.56,10.72
08831124,251.3,25.61,19.5,,49.61,52.26
08831126,316.3,37.05,8.09,,49.86,3.66
08831430,296.2,32.21,7.61,,48.71,6.72
08831431,290.1,30.86,12.12,,50.52,13.11
08831532,290.1,30.86,12.12,,50.52,13.11
08840101,324.7,35.39,8.3,,45.38,3.71
08840102,256.4,27.53,35.28,,42.31,55.03
08840103,316.7,37.7,10.19,,45.2,18.67
08840104,276.4,26.86,31.59,,42.02,69.48
08840105,308.2,30.6,7.07,,46.42,7.74
08840106,324.7,35.39,8.3,,45.38,3.71
08840301,324.7,35.39,8.3,,45.38,3.71
08840501,308.2,30.6,7.07,,46.42,7.74
08840601,304.0,29.99,10.46,,48.41,5.23
08840701,304.0,29.99,10.46,,48.41,5.23
08840801,304.0,29.99,10.46,,48.41,5.23
08840802,324.7,35.39,8.3,,45.38,3.71
08840901,308.2,30.6,7.07,,46.42,7.74
08850101,298.9,31.9,17.15,,53.14,21.6
08850102,283.7,32.04,16.38,,53.61,35.78
08850203,315.9,32.2,7.16,,51.64,2.49
08850707,315.9,32.2,7.16,,51.64,2.49
08850808,316.7,41.03,7.25,,49.93,8.68
08851010,311.3,41.57,8.2,,46.23,1.77
08851313,309.2,32.85,9.69,,58.11,5.95
08851415,309.2,32.85,9.69,,58.11,5.95
08851516,309.2,32.85,9.69,,58.11,5.95
09800101,378.0,68.03,12.71,,45.83,37.36
09800102,321.3,37.27,8.68,,41.77,7.04
09800103,340.9,54.31,17.87,,47.86,27.44
09800104,339.5,42.89,7.57,,46.19,14.19
09800105,323.9,53.53,11.82,,43.18,23.99
09800106,321.3,37.27,8.68,,41.77,7.04
09800107,311.9,50.0,13.24,,42.76,36.12
09800108,341.1,49.21,8.87,,41.53,11.27
09800109,259.8,33.65,22.06,,41.36,68.19
09800110,246.0,27.94,23.71,,41.83,68.83
09800111,298.6,40.62,9.52,,49.61,12.26
09800112,311.9,50.0,13.24,,42.76,36.12
09800113,312.2,37.25,10.98,,39.67,27.8
09800114,321.3,37.27,8.68,,41.77,7.04
09800115,316.8,61.01,21.0,,49.54,26.75
09800201,290.8,28.89,6.89,,49.14,7.43
09800202,290.8,28.89,6.89,,49.14,7.43
09800401,289.0,33.03,10.22,,54.58,12.63
09800501,289.0,33.03,10.22,,54.58,12.63
09801001,290.8,28.89,6.89,,49.14,7.43
09801401,327.2,44.94,7.46,,44.36,3.76
09801801,323.7,44.19,6.44,,41.99,4.87
09802401,312.4,36.86,7.82,,44.6,2.05
09802901,320.6,41.41,5.43,,40.71,2.04
09803101,321.3,37.27,8.68,,41.77,7.04
09803501,287.7,29.08,9.68,,43.27,20.05
09804001,311.9,35.69,5.95,,44.15,0.93
09804401,296.9,46.24,8.15,,54.85,7.82
09804801,321.3,37.27,8.68,,41.77,7.04
09805301,327.5,38.23,6.91,,42.05,2.04
09805501,340.0,47.1,6.36,,48.42,0.65
09805701,314.7,40.84,4.51,,45.62,2.8
09806101,296.8,34.67,6.31,,49.67,1.33
09806301,296.8,34.67,6.31,,49.67,1.33
09806701,285.0,37.05,4.78,,48.1,5.46
09807301,300.9,33.46,4.23,,49.59,10.41
09807601,246.4,25.06,15.35,,48.68,43.84
09807602,287.3,34.31,6.29,,50.49,6.88
09808401,287.3,34.31,6.29,,50.49,6.88
09809101,290.8,36.28,6.03,,57.79,12.06
10600101,304.4,33.12,18.21,,47.18,2.56
10600102,304.4,33.12,18.21,,47.18,2.56
10600103,291.2,32.4,21.33,,45.7,23.78
10600104,318.2,29.45,15.8,,46.34,2.92
10600105,318.2,29.45,15.8,,46.34,2.92
10600106,309.8,33.37,43.55,,46.47,3.24
10600107,304.4,33.12,18.21,,47.18,2.56
10600108,274.1,28.41,42.69,,47.44,45.37
10800127,327.8,68.54,20.77,,43.31,32.82
10800128,373.1,58.99,10.31,,50.03,44.79
10800131,351.4,60.98,5.52,,54.27,2.16
10800132,330.7,60.26,14.76,,44.09,51.38
10800133,341.8,55.14,12.17,,45.44,60.11
10800134,354.4,56.97,15.79,,44.11,50.23
10800135,305.9,50.98,13.63,,42.35,74.18
10800136,292.3,50.27,18.67,,41.57,88.55
10800137,288.0,58.78,23.75,,45.61,53.71
10800138,231.4,53.55,42.3,,34.17,89.33
10800139,370.0,71.21,20.72,,40.05,30.23
10800140,428.2,79.21,8.69,,43.37,2.72
10800141,224.7,41.24,58.62,,35.83,83.14
10800142,188.3,34.24,83.32,,31.75,99.05
10800143,304.1,46.12,30.69,,46.58,6.16
10800430,351.4,60.98,5.52,,54.27,2.16
10800508,283.8,47.23,30.84,,39.81,41.78
10800509,419.4,69.82,18.21,,41.04,10.42
10800510,281.7,48.7,15.72,,53.26,45.58
10800606,311.9,39.15,4.65,,44.8,2.23
10800611,283.8,47.23,30.84,,39.81,41.78
10800612,321.5,51.37,17.91,,40.58,29.81
10800613,367.3,66.83,12.64,,39.03,1.26
10800801,302.8,30.46,5.85,,45.69,3.36
10800903,302.8,30.46,5.85,,45.69,3.36
10800904,325.2,41.57,5.21,,49.46,2.21
10801002,325.2,41.57,5.21,,49.46,2.21
10801107,351.4,60.98,5.52,,54.27,2.16
10801205,365.9,55.09,5.53,,41.72,1.66
10801214,365.9,55.09,5.53,,41.72,1.66
10801421,312.9,35.99,7.74,,43.7,0.81
10801422,312.9,35.99,7.74,,43.7,0.81
10801423,321.8,46.75,9.58,,41.87,8.86
10801518,313.5,37.06,6.29,,43.93,6.92
10801616,280.2,29.83,12.31,,46.42,6.62
10801720,309.1,33.03,7.74,,45.91,4.95
10801824,364.7,49.28,6.67,,43.5,2.52
10801825,386.5,65.17,6.02,,39.4,5.37
10801844,383.9,65.42,5.94,,37.75,2.58
10801926,351.4,60.98,5.52,,54.27,2.16
10810101,250.6,31.44,30.92,,43.49,55.54
10810102,297.3,47.28,17.66,,44.62,38.26
10810103,331.6,51.44,11.62,,44.5,1.77
10810104,252.9,34.64,27.42,,44.76,50.71
10810105,324.4,42.72,18.11,,45.14,6.39
10810106,202.0,27.62,66.92,,37.15,69.77
10810107,198.2,23.03,71.52,,34.43,83.01
10810108,345.6,48.1,19.03,,48.12,15.57
10810109,359.8,53.74,7.07,,50.94,0.71
10810110,309.1,33.03,7.74,,45.91,4.95
10810111,258.3,25.62,25.29,,42.69,20.2
10810112,279.2,25.49,19.53,,44.78,13.21
10810113,244.6,26.29,29.98,,41.65,40.8
10810314,268.0,30.1,13.74,,47.05,6.74
10810617,341.9,39.25,5.47,,47.56,5.11
10810718,359.8,53.74,7.07,,50.94,0.71
10810920,341.9,39.25,5.47,,47.56,5.11
10811021,278.7,33.33,10.84,,46.44,21.4
10811022,278.7,33.33,10.84,,46.44,21.4
10820101,269.3,42.63,35.04,,41.59,38.89
10820102,319.1,48.1,21.01,,46.11,10.3
10820103,276.9,38.86,23.93,,48.32,68.78
10820104,274.4,39.18,21.12,,47.14,73.25
10820105,266.1,41.04,30.58,,45.73,73.06
10820106,331.2,37.73,8.65,,45.46,2.2
10820107,366.9,60.09,9.0,,45.55,15.06
10820108,331.2,37.73,8.65,,45.46,2.2
10820310,323.8,43.81,10.37,,47.01,7.2
10820512,331.2,37.73,8.65,,45.46,2.2
10820513,311.1,34.13,8.35,,45.71,1.41
10820514,311.1,34.13,8.35,,45.71,1.41
10820515,265.9,34.09,24.46,,46.46,46.31
10820517,311.1,34.13,8.35,,45.71,1.41
10820518,331.2,37.73,8.65,,45.46,2.2
10820619,331.2,37.73,8.65,,45.46,2.2
10820620,303.2,39.85,13.82,,42.59,6.7
10820621,331.2,37.73,8.65,,45.46,2.2
10830101,260.1,32.88,24.2,,47.49,61.24
10830102,339.5,45.98,11.03,,44.57,13.97
10830103,347.6,39.83,7.36,,50.67,11.92
10830104,317.7,33.12,14.74,,43.45,3.63
10830105,317.7,33.12,14.74,,43.45,3.63
10830106,317.7,33.12,14.74,,43.45,3.63
10830107,347.6,39.83,7.36,,50.67,11.92
10830108,347.6,39.83,7.36,,50.67,11.92
10830109,347.6,39.83,7.36,,50.67,11.92
10830110,347.6,39.83,7.36,,50.67,11.92
12140101,322.8,37.9,16.9,,41.59,6.06
12140201,322.8,37.9,16.9,,41.59,6.06
12140301,322.8,37.9,16.9,,41.59,6.06
12140501,323.2,41.2,13.32,,43.69,2.03
12140601,322.8,37.9,16.9,,41.59,6.06
12140801,360.5,42.53,18.71,,42.66,3.7
12140901,360.5,42.53,18.71,,42.66,3.7
12141401,323.2,41.2,13.32,,43.69,2.03
12300101,362.4,49.19,20.5,,41.46,2.42
12300409,400.6,53.63,22.05,,39.47,7.15
12300702,362.4,49.19,20.5,,41.46,2.42
12300703,337.0,47.24,20.2,,42.71,20.81
12300704,298.5,37.82,37.29,,38.44,45.53
12300705,337.0,47.24,20.2,,42.71,20.81
12300706,343.1,54.21,27.26,,39.55,9.04
12300707,399.3,56.73,24.51,,40.25,0.17
12300708,356.2,50.8,19.5,,45.6,12.97
12300709,335.1,43.36,23.66,,45.72,22.25
12300710,335.1,43.36,23.66,,45.72,22.25
12300711,380.5,56.13,27.37,,35.49,2.57
12300712,337.7,46.68,28.85,,39.48,22.61
12300713,310.0,55.09,19.39,,35.95,86.71
12300714,422.9,74.16,16.25,,34.56,9.5
12300715,436.7,79.79,11.84,,39.43,0.17
12300911,400.6,53.63,22.05,,39.47,7.15
12310101,366.3,57.17,21.57,,39.85,2.22
12310102,388.1,66.98,24.03,,37.79,2.58
12310103,386.7,59.52,21.72,,42.49,21.45
12310104,273.0,37.29,60.47,,38.23,45.58
12310105,259.6,35.47,60.78,,39.98,65.12
12310106,258.7,36.0,63.53,,41.2,33.98
12310107,245.8,30.06,69.57,,40.21,44.49
12310108,232.1,32.04,69.95,,40.71,80.11
12310109,273.3,37.98,65.76,,33.47,49.28
12310110,299.8,38.26,50.2,,39.76,33.94
12310111,259.6,35.47,60.78,,39.98,65.12
12330201,422.8,54.53,19.72,,41.75,2.89
12330301,422.8,54.53,19.72,,41.75,2.89
12330302,374.7,56.03,18.08,,36.07,7.21
12330401,418.3,51.91,11.33,,39.41,3.25
12330402,422.8,54.53,19.72,,41.75,2.89
12330403,334.8,42.04,15.87,,40.52,46.94
12330404,334.8,42.04,15.87,,40.52,46.94
12330501,422.8,54.53,19.72,,41.75,2.89
12330502,445.0,67.57,11.34,,46.75,6.49
12330503,422.8,54.53,19.72,,41.75,2.89
12330504,553.2,73.31,12.11,,44.47,2.21
12330505,434.4,66.41,10.45,,45.8,5.44
12330601,422.8,54.53,19.72,,41.75,2.89
12330602,422.8,54.53,19.72,,41.75,2.89
12330801,422.8,54.53,19.72,,41.75,2.89
12330802,463.9,59.1,12.46,,46.06,8.05
12330803,463.9,59.1,12.46,,46.06,8.05
12330804,420.5,58.0,9.37,,46.2,4.43
12330805,536.0,63.98,10.63,,43.46,0.64
12330901,536.0,63.98,10.63,,43.46,0.64
12330902,562.2,68.16,11.54,,46.61,1.59
12330903,467.1,66.7,8.41,,37.83,3.65
12331201,402.7,52.86,15.37,,39.53,1.76
12331301,385.6,57.32,14.19,,40.21,4.65
12560103,309.8,34.47,10.35,,46.3,4.44
12560104,302.8,39.57,12.22,,43.98,4.27
12560301,274.6,25.18,25.94,,43.78,12.45
12560401,309.8,34.47,10.35,,46.3,4.44
12560402,326.4,37.5,10.24,,45.61,1.0
12560601,302.8,39.57,12.22,,43.98,4.27
12560603,242.3,24.74,32.7,,43.06,48.66
12560701,326.4,37.5,10.24,,45.61,1.0
12570102,316.1,28.97,20.77,,44.78,6.85
12570103,268.3,27.97,22.78,,44.05,38.13
12570104,320.8,31.71,16.37,,43.48,1.18
12570105,330.5,36.36,16.68,,44.32,17.7
12570206,305.3,30.66,19.05,,45.74,4.98
12570307,288.5,26.2,21.38,,45.24,13.15
12600101,298.9,28.62,32.49,,42.64,5.96
12600102,315.7,32.19,38.43,,40.48,8.73
12600103,267.5,23.3,47.17,,39.91,40.05
12600104,236.9,23.73,51.29,,40.36,45.02
12600105,267.5,23.3,47.17,,39.91,40.05
12600106,264.2,24.08,42.57,,38.72,47.37
12600201,264.2,24.08,42.57,,38.72,47.37
12600302,326.6,32.68,27.04,,42.6,2.44
12600401,301.0,28.18,22.73,,42.59,13.5
12600402,298.5,25.1,23.74,,38.85,6.24
12600403,301.0,28.18,22.73,,42.59,13.5
12610102,288.0,39.87,23.89,,47.3,61.97
12610103,365.3,45.25,16.01,,41.2,5.42
12610104,336.5,47.8,16.12,,40.54,20.26
12610301,406.9,56.15,10.22,,40.3,3.86
12610302,428.1,53.61,11.5,,39.25,3.8
12610401,375.8,58.51,8.59,,38.44,8.3
12610402,339.8,47.46,23.28,,39.86,34.86
12610403,394.6,63.81,12.38,,37.02,9.42
12610504,455.1,63.82,10.19,,39.18,3.69
12610505,360.1,47.94,12.22,,42.21,40.33
12610506,301.4,53.27,21.8,,39.71,47.69
12610507,288.0,39.87,23.89,,47.3,61.97
12610901,365.3,45.25,16.01,,41.2,5.42
12610902,348.1,49.83,15.95,,42.44,35.36
12611001,445.1,57.76,9.39,,41.04,0.87
12611201,556.5,74.92,7.73,,47.96,7.73
12611203,556.5,74.92,7.73,,47.96,7.73
12611204,406.6,54.78,15.58,,40.17,0.74
12611205,356.8,50.78,14.71,,44.83,12.28
12620101,389.8,65.79,15.26,,55.58,11.96
12620102,464.0,69.71,11.41,,49.18,2.43
12620103,491.2,76.89,8.06,,40.17,0.56
12620104,435.8,71.99,13.48,,38.65,0.81
12620105,407.5,68.19,19.78,,38.28,16.99
12620106,412.7,66.46,17.92,,36.94,21.91
12620107,389.8,65.79,15.26,,55.58,11.96
12620108,427.1,61.15,16.26,,42.72,2.79
12620109,427.1,61.15,16.26,,42.72,2.79
12620201,457.3,79.74,12.87,,41.1,2.08
12620202,437.2,81.47,10.88,,42.45,0.69
12620301,556.2,80.62,8.22,,42.63,1.54
12620302,502.5,81.59,9.58,,46.36,0.53
12620303,409.4,71.7,15.38,,40.86,10.47
12620304,502.5,81.59,9.58,,46.36,0.53
12620305,409.4,71.7,15.38,,40.86,10.47
12630101,293.0,34.74,16.73,,45.18,39.55
12630102,377.9,48.08,14.12,,42.38,2.58
12630103,311.0,33.88,13.54,,41.68,29.69
12630104,377.3,49.81,14.0,,42.05,3.0
12630105,368.0,46.11,13.36,,38.59,8.55
12630106,368.2,46.71,16.13,,41.22,6.86
12630107,351.8,55.07,16.4,,33.71,15.48
12630108,311.9,41.57,22.78,,41.07,29.75
12630703,377.3,49.81,14.0,,42.05,3.0
12630704,377.3,49.81,14.0,,42.05,3.0
12630705,377.3,49.81,14.0,,42.05,3.0
12630801,368.2,46.71,16.13,,41.22,6.86
12630802,360.5,52.37,19.68,,36.95,2.23
12640101,320.2,35.16,20.78,,40.08,26.73
12640102,295.0,30.29,25.43,,37.71,38.14
12640103,395.6,45.18,13.15,,45.28,0.28
12640104,300.9,35.6,16.82,,43.76,47.38
12640601,361.9,38.82,12.4,,44.62,3.91
12640602,395.6,45.18,13.15,,45.28,0.28
12641001,310.1,34.51,17.36,,40.95,26.59
12641101,375.2,44.39,14.36,,43.57,5.03
12650101,343.6,42.73,12.61,,45.76,0.62
12650301,302.7,30.39,14.03,,44.93,25.23
12650302,316.1,29.17,12.74,,46.66,12.82
12650303,336.5,37.59,16.2,,44.05,5.1
12650304,311.7,30.08,16.26,,43.68,11.35
12650401,355.3,40.91,11.37,,48.11,4.67
12650501,355.3,40.91,11.37,,48.11,4.67
12650601,343.6,42.73,12.61,,45.76,0.62
12650901,319.3,34.86,13.86,,43.06,3.48
12651001,290.9,27.99,16.97,,43.91,15.99
12651101,297.7,29.32,13.49,,42.19,1.71
12651201,311.7,30.08,16.26,,43.68,11.35
12651501,336.5,37.59,16.2,,44.05,5.1
12660201,306.9,35.04,15.16,,47.09,27.23
12660202,331.4,40.11,13.37,,46.0,2.37
12660203,337.6,35.18,7.55,,42.32,1.19
12660204,337.6,35.18,7.55,,42.32,1.19
12660301,298.3,38.69,10.45,,45.5,5.63
12660501,331.4,40.11,13.37,,46.0,2.37
12660701,321.9,38.2,11.79,,42.01,1.87
12660801,323.4,40.64,8.18,,42.47,0.76
12670201,323.7,49.58,11.4,,39.95,11.4
12670202,330.3,43.01,13.49,,43.92,2.1
12670203,323.7,49.58,11.4,,39.95,11.4
12670204,264.3,38.76,17.0,,46.39,55.94
12670205,336.3,59.48,13.5,,44.02,14.38
12670206,362.4,53.45,12.66,,43.16,5.92
12670301,354.9,45.08,15.74,,43.27,2.9
12670401,362.4,53.45,12.66,,43.16,5.92
12670601,330.3,43.01,13.49,,43.92,2.1
12670801,330.3,43.01,13.49,,43.92,2.1
12700510,332.5,34.19,11.48,,46.13,7.27
12700511,309.2,28.9,14.51,,44.68,9.16
12700512,309.2,28.9,14.51,,44.68,9.16
12700513,309.2,28.9,14.51,,44.68,9.16
12700607,303.0,30.21,12.77,,44.84,11.59
12700910,332.5,34.19,11.48,,46.13,7.27
12701113,306.4,43.92,10.63,,52.54,14.55
12720101,336.2,32.78,10.07,,44.64,0.88
12720102,272.6,31.25,27.31,,45.15,31.3
12720103,336.2,32.78,10.07,,44.64,0.88
12720104,263.1,29.52,34.51,,43.28,27.96
12720105,301.7,34.07,22.81,,43.28,21.18
12720201,327.4,39.11,12.43,,44.98,5.76
12720301,282.5,25.5,17.43,,44.46,17.73
12730101,323.5,41.99,10.1,,45.64,0.0
12730102,323.5,41.99,10.1,,45.64,0.0
12730103,323.5,41.99,10.1,,45.64,0.0
12730104,323.5,41.99,10.1,,45.64,0.0
12730105,323.5,41.99,10.1,,45.64,0.0
12730201,277.9,22.38,20.75,,47.23,27.65
12730202,313.0,33.33,10.71,,46.67,0.95
12730301,301.6,35.57,24.08,,43.52,12.67
12750101,255.5,24.89,32.77,,42.41,29.96
12750102,239.5,24.52,42.63,,39.78,35.66
12750103,295.4,30.56,29.42,,43.55,26.26
12750104,339.4,31.91,15.71,,46.5,1.18
12750105,339.4,31.91,15.71,,46.5,1.18
12760101,323.9,31.05,16.39,,45.21,2.63
12760102,296.1,31.33,28.51,,41.49,6.41
12760103,260.1,28.71,38.05,,43.52,39.6
12760106,270.9,25.8,25.56,,42.55,35.0
12760204,323.9,31.05,16.39,,45.21,2.63
12760305,335.4,31.66,17.03,,42.29,0.98
12760410,327.2,41.31,15.06,,47.46,1.58
12760507,327.2,41.31,15.06,,47.46,1.58
12760508,327.2,41.31,15.06,,47.46,1.58
12760711,298.1,26.78,21.69,,42.6,17.32
12760712,298.1,26.78,21.69,,42.6,17.32
12770101,243.6,24.36,41.94,,44.13,54.49
12770102,302.3,28.21,30.6,,38.01,20.79
12770105,217.3,22.6,68.22,,37.16,69.33
12770106,285.1,28.37,47.95,,39.61,30.58
12770107,351.6,41.29,19.44,,39.99,5.25
12770110,276.4,27.93,44.83,,39.21,40.09
12770203,287.2,29.42,46.46,,38.56,9.4
12770204,307.6,32.39,40.07,,37.73,18.72
12770308,299.3,25.96,26.65,,40.11,21.18
12770309,299.3,25.96,26.65,,40.11,21.18
12780101,370.6,41.7,13.36,,48.67,9.06
12780102,338.5,45.48,18.22,,53.33,35.51
12780202,378.2,47.33,13.25,,49.98,2.55
12780203,313.8,40.49,19.96,,42.29,19.78
12780303,378.2,47.33,13.25,,49.98,2.55
12780404,370.6,41.7,13.36,,48.67,9.06
12780607,370.6,41.7,13.36,,48.67,9.06
12780703,378.2,47.33,13.25,,49.98,2.55
12780704,370.6,41.7,13.36,,48.67,9.06
12800101,379.2,68.68,26.35,,42.46,52.1
12800102,420.0,68.56,33.63,,40.79,45.45
12800103,332.7,64.74,43.71,,38.87,74.48
12800104,396.0,73.94,41.07,,39.13,36.31
12800105,311.2,63.09,45.87,,39.44,79.53
12800106,388.3,71.65,27.7,,42.98,50.57
12800107,338.0,67.76,32.48,,42.7,68.8
12800108,467.9,74.9,30.07,,43.86,30.48
12800109,390.4,69.22,39.73,,38.99,48.0
12800110,546.0,75.11,25.36,,49.49,0.0
12800111,360.5,70.28,38.87,,39.12,54.18
12800112,308.4,65.02,44.23,,40.67,57.45
12800113,241.1,49.65,60.16,,36.15,99.36
12800114,306.3,67.88,39.12,,34.08,54.91
12800115,314.7,64.11,31.9,,37.48,5.64
12800116,215.4,55.85,59.41,,38.16,78.61
12800117,258.2,53.95,62.73,,37.04,87.41
12800118,330.1,76.07,28.55,,37.08,26.62
12800119,333.3,74.41,25.55,,36.39,67.54
12800120,331.6,77.25,29.97,,36.93,56.49
12800121,281.7,60.15,46.43,,35.64,75.4
12800122,338.1,68.19,34.58,,39.99,53.63
12800123,324.4,61.12,48.47,,44.09,45.41
12800124,361.7,69.62,40.64,,42.73,64.39
12800125,312.2,65.54,39.39,,39.63,56.78
12800126,297.0,68.75,40.6,,37.95,72.64
12800127,326.9,71.53,45.45,,40.65,40.85
12800128,364.2,70.01,41.39,,33.8,83.07
12800129,379.9,69.95,35.96,,41.16,58.59
12800130,389.4,81.03,19.58,,37.04,24.1
12800131,419.7,76.31,36.6,,38.04,37.22
12800132,312.1,71.51,45.14,,31.59,60.32
12800133,410.4,78.12,34.32,,36.23,16.97
12800134,419.7,76.31,36.6,,38.04,37.22
12800135,360.4,73.4,47.89,,33.38,38.65
12800136,414.2,76.25,42.61,,37.79,25.49
12800137,258.2,53.95,62.73,,37.04,87.41
12800201,268.9,64.5,49.69,,36.29,64.07
12800202,340.7,82.39,21.5,,34.02,16.8
12800203,263.3,70.62,33.56,,35.37,68.99
12800204,284.1,67.01,48.26,,35.62,75.54
12800205,283.1,71.69,32.3,,35.16,76.76
12800206,282.7,70.97,35.94,,35.05,57.26
12800207,222.7,47.06,71.51,,37.75,97.52
12800208,265.8,61.06,52.01,,41.43,49.56
12800209,250.2,61.18,45.63,,36.47,73.22
12800210,250.3,52.36,57.79,,38.33,78.33
12800211,214.0,47.79,65.84,,38.48,71.99
12800212,244.6,58.45,51.06,,36.85,59.68
12800213,194.3,35.63,70.74,,35.06,84.32
12800214,252.4,68.28,37.4,,34.2,64.88
12800215,268.0,66.52,33.55,,36.61,35.7
12800216,291.1,69.35,31.77,,38.98,13.18
12800217,271.8,66.01,41.58,,38.39,40.94
12800218,217.6,48.2,63.82,,38.21,79.23
12800219,280.9,60.81,46.39,,41.24,0.0
12800220,251.6,53.94,54.18,,38.07,37.54
12800221,243.0,49.1,53.12,,37.93,26.08
12800222,270.3,67.42,39.72,,36.42,71.37
12800301,380.5,78.74,15.89,,42.09,52.28
12800302,359.8,76.21,24.61,,40.44,27.33
12800303,275.9,56.55,32.54,,40.3,98.77
12800304,294.1,62.57,31.73,,38.23,71.56
12800305,353.1,71.31,29.11,,41.54,55.98
12800306,299.6,64.97,27.93,,39.58,65.83
12800307,352.0,75.21,19.14,,37.75,36.55
12800308,328.4,72.24,19.92,,38.43,67.0
12800309,352.0,75.21,19.14,,37.75,36.55
12800310,354.2,73.18,19.92,,45.7,29.79
12800311,346.4,67.95,20.42,,40.24,61.48
12800312,356.3,72.33,16.52,,41.9,55.12
12800313,368.6,74.64,17.14,,39.26,33.19
12800314,372.7,72.29,16.81,,46.05,51.38
12800315,399.7,74.4,15.15,,47.15,35.85
12800316,387.5,74.14,17.8,,44.07,16.94
12800317,435.9,70.7,25.83,,51.75,55.43
12800318,529.4,82.04,15.81,,44.33,5.12
12800319,288.0,58.71,32.46,,42.0,55.2
12800320,295.2,65.44,29.98,,42.45,57.13
12800321,325.1,70.77,25.02,,42.22,34.73
12800322,400.2,69.23,31.19,,39.88,32.25
12800323,289.9,66.16,31.69,,40.43,51.63
12800324,299.3,66.37,36.94,,41.36,32.99
12800401,644.2,81.43,20.52,,40.92,1.47
12800402,507.7,81.68,15.01,,38.58,2.59
12800403,387.4,63.59,24.4,,40.94,25.55
12800404,416.4,66.25,30.8,,50.18,7.92
12800405,404.2,63.8,22.72,,41.52,31.03
12800406,344.0,59.71,23.89,,41.83,41.15
12800407,289.0,50.95,27.31,,47.31,65.26
12800408,398.7,60.96,25.41,,40.28,28.02
12800409,467.1,83.19,11.57,,37.77,0.16
12800410,301.8,54.32,33.99,,43.33,28.14
12800411,516.5,75.62,21.52,,42.4,7.24
12800412,381.6,60.6,24.73,,45.93,26.22
12800413,471.0,82.61,15.51,,40.34,2.8
12800414,438.0,77.71,18.61,,39.15,0.0
12800415,441.1,71.94,20.99,,42.03,1.05
12800416,420.3,62.2,23.41,,42.91,5.26
12800417,416.6,70.27,20.79,,42.18,0.95
12800418,417.9,67.36,31.62,,37.71,11.41
12800419,436.3,67.64,34.55,,36.19,7.7
12800420,240.6,38.28,69.54,,30.58,79.46
12800421,426.3,66.27,29.7,,34.52,1.43
12800422,401.8,66.93,27.13,,35.2,2.56
12800423,399.2,63.76,27.26,,34.57,3.98
12800424,399.2,63.76,27.26,,34.57,3.98
12800425,417.6,65.52,30.59,,46.37,12.35
12800426,328.0,55.0,44.26,,42.66,50.74
12800427,315.9,54.89,57.47,,33.47,34.93
12800428,349.0,64.04,48.38,,31.8,52.52
12800429,370.5,65.08,46.0,,35.22,54.35
12800430,251.7,55.02,62.39,,34.58,91.46
12800431,335.9,64.48,45.81,,34.67,59.59
12800432,370.5,65.08,46.0,,35.22,54.35
12800433,370.5,65.08,46.0,,35.22,54.35
12800434,401.8,66.93,27.13,,35.2,2.56
12800435,333.1,57.76,47.87,,38.44,25.7
12800436,387.4,63.59,24.4,,40.94,25.55
12800501,258.3,53.73,49.24,,41.44,45.91
12800502,204.9,30.43,74.11,,34.24,99.56
12800503,239.7,47.66,57.38,,41.33,51.11
12800504,246.7,44.6,61.52,,43.13,96.96
12800505,203.3,32.01,79.59,,38.41,99.59
12800506,267.4,53.61,64.89,,39.72,0.0
12800507,437.0,76.11,20.08,,43.11,0.69
12800508,190.1,26.17,89.02,,33.57,99.5
12800509,326.3,63.6,44.74,,48.87,0.0
12800510,322.6,64.63,33.96,,53.07,23.23
12800511,292.7,53.41,49.17,,52.52,0.0
12800512,269.6,44.85,47.09,,50.04,46.95
12800513,307.9,55.24,47.98,,43.66,5.03
12800514,372.5,56.46,42.3,,40.61,12.28
12800515,287.4,51.55,56.52,,41.76,0.0
12800516,250.1,36.55,79.71,,41.85,19.04
12800517,186.5,26.08,88.95,,35.57,97.3
12800518,296.6,46.91,56.3,,42.16,36.76
12800519,300.0,48.95,54.77,,43.63,0.0
12800520,296.6,46.91,56.3,,42.16,36.76
12800521,319.5,54.55,65.39,,33.18,71.66
12800522,324.1,63.0,66.28,,32.74,61.61
12800523,293.7,58.15,69.44,,31.01,83.7
12800524,316.3,56.38,65.81,,31.74,65.95
12800525,319.5,54.55,65.39,,33.18,71.66
12800526,246.7,44.6,61.52,,43.13,96.96
12800601,211.5,34.83,78.08,,36.08,88.3
12800602,336.4,52.36,52.46,,39.93,5.45
12800603,251.1,37.59,82.5,,37.34,0.0
12800604,213.0,30.0,84.35,,36.06,87.18
12800605,196.8,32.65,76.98,,36.53,93.14
12800606,202.4,29.66,79.5,,40.41,99.75
12800607,291.1,44.17,64.3,,38.76,10.2
12800608,226.0,28.5,85.26,,38.32,53.79
12800609,216.9,28.83,80.05,,41.87,62.24
12800610,210.7,29.71,85.55,,34.97,68.72
12800611,197.5,26.36,83.81,,35.9,82.51
12800612,304.1,42.37,70.61,,41.37,1.43
12800613,280.5,41.99,69.33,,42.42,0.2
12800614,194.7,27.99,88.58,,34.12,99.3
12800615,206.5,27.39,83.51,,35.27,77.5
12800616,272.7,38.73,73.08,,40.94,0.0
12800617,272.7,38.73,73.08,,40.94,0.0
12800618,261.9,37.11,71.95,,39.13,3.25
12800619,246.1,28.74,79.18,,37.54,12.8
12800620,223.3,29.05,80.64,,38.3,40.01
12800621,253.8,34.68,77.83,,37.87,0.22
12800622,209.7,28.76,85.45,,33.29,99.53
12800623,272.6,39.41,71.54,,38.0,0.0
12800624,295.2,42.5,80.27,,39.79,2.29
12800625,196.2,26.31,87.57,,31.96,99.15
12800701,314.2,47.14,49.84,,38.52,1.79
12800702,304.4,44.96,47.71,,37.45,1.2
12800703,307.4,45.51,41.35,,39.24,16.89
12800704,303.0,48.03,58.81,,35.31,28.55
12800705,359.3,42.8,41.85,,40.12,11.3
12800706,296.2,41.22,55.4,,38.95,4.48
12800707,268.3,37.02,65.64,,36.7,28.66
12800708,399.2,63.76,27.26,,34.57,3.98
12800801,176.2,23.37,93.23,,33.6,99.6
12800802,190.7,22.84,92.01,,33.9,99.43
12800803,192.0,25.15,83.55,,39.56,99.26
12800804,293.6,48.53,61.53,,37.85,2.72
12800805,184.5,24.51,92.53,,36.21,99.6
12800806,219.8,30.74,85.92,,38.75,0.0
12800807,245.0,29.2,87.51,,38.12,0.0
12800808,214.9,25.48,87.44,,38.21,44.36
12800809,172.1,25.56,95.0,,31.19,99.15
12800810,175.0,40.38,90.11,,30.77,77.23
12800811,177.3,23.85,93.09,,33.33,99.3
12800812,184.5,24.51,92.53,,36.21,99.6
12800901,397.3,62.11,31.94,,39.77,1.68
12800902,341.3,57.4,38.64,,38.54,10.16
12800903,339.8,57.6,50.52,,37.82,2.14
12800904,348.0,62.25,31.33,,41.23,0.0
12800905,366.0,58.3,43.84,,41.48,4.05
12800906,321.6,48.8,38.22,,41.09,2.17
12800907,291.8,40.66,59.4,,40.22,0.51
12800908,297.7,46.63,53.37,,45.33,0.18
12800909,320.1,45.4,63.01,,41.1,6.07
12800910,324.4,47.54,42.77,,39.09,14.23
12800911,404.2,52.77,37.38,,38.76,3.76
12800912,243.7,28.45,59.96,,37.19,99.8
12800913,317.5,49.3,42.94,,35.77,29.9
12800914,341.3,57.4,38.64,,38.54,10.16
12801001,311.1,59.73,37.45,,37.44,51.28
12801002,278.4,58.32,36.94,,37.16,54.27
12801003,252.6,51.4,51.66,,37.53,70.66
12801004,345.0,71.53,25.32,,34.76,17.97
12801005,266.7,55.57,40.17,,41.91,37.68
12801006,261.3,50.78,58.17,,34.76,67.05
12801007,245.0,37.41,65.01,,39.31,40.37
12801008,261.3,50.78,58.17,,34.76,67.05
12801009,322.5,58.73,37.01,,43.13,9.69
12801010,341.3,57.01,43.22,,39.74,9.4
12801011,261.3,50.78,58.17,,34.76,67.05
12810101,266.1,85.07,17.64,,37.2,54.57
12810102,373.4,79.36,23.12,,44.98,56.75
12810103,333.3,79.06,20.97,,40.93,53.37
12810104,313.9,81.13,20.71,,45.96,69.19
12810105,288.8,79.84,20.18,,42.23,39.74
12810106,340.7,78.11,17.31,,42.56,21.27
12810107,336.2,85.06,21.86,,34.82,43.43
12810108,379.6,77.22,24.55,,46.45,54.34
12810109,192.7,92.22,30.15,,27.86,85.62
12810110,340.7,78.11,17.31,,42.56,21.27
12810111,333.3,79.06,20.97,,40.93,53.37
12810201,364.8,78.99,25.06,,39.02,22.62
12810202,298.0,66.94,31.79,,42.79,69.32
12810203,332.3,76.73,23.49,,42.53,22.75
12810204,357.1,75.69,25.69,,44.71,45.92
12810205,396.2,84.5,15.63,,42.78,16.35
12810206,274.4,63.69,33.91,,43.19,74.78
12810207,329.1,69.39,35.92,,41.6,19.44
12810208,295.8,64.41,40.04,,43.81,51.9
12810209,202.5,82.12,52.62,,27.52,91.41
12810210,349.5,79.69,29.95,,41.72,27.34
12810211,373.5,80.28,18.82,,39.46,39.0
12810301,320.4,68.85,44.34,,34.29,30.64
12810302,229.2,45.88,65.57,,35.65,86.61
12810303,356.6,73.64,42.31,,43.23,7.08
12810304,372.6,67.81,43.14,,40.23,34.95
12810305,320.4,68.85,44.34,,34.29,30.64
12810306,312.9,66.8,39.98,,31.94,63.48
12810401,328.7,86.54,22.96,,37.32,49.35
12810402,314.6,79.04,28.93,,41.53,72.87
12810403,223.0,82.81,39.32,,28.49,56.34
12810404,373.9,93.04,17.35,,39.13,14.83
12810405,329.3,82.01,29.24,,35.67,20.09
12810406,363.8,81.06,33.22,,40.95,25.5
12810407,389.3,83.07,23.22,,41.92,29.88
12810408,223.0,82.81,39.32,,28.49,56.34
12810501,254.0,54.84,48.28,,39.44,77.32
12810502,400.9,80.75,27.76,,43.16,2.26
12810503,346.6,66.04,31.03,,44.29,25.45
12810504,346.6,66.04,31.03,,44.29,25.45
12811301,392.6,59.07,16.97,,41.98,8.72
12811302,392.6,59.07,16.97,,41.98,8.72
12811303,392.6,59.07,16.97,,41.98,8.72
12811304,392.6,59.07,16.97,,41.98,8.72
12811305,392.6,59.07,16.97,,41.98,8.72
12811601,392.8,65.94,12.04,,42.28,3.76
12811602,392.8,65.94,12.04,,42.28,3.76
12811603,392.8,65.94,12.04,,42.28,3.76
12811604,392.8,65.94,12.04,,42.28,3.76
12811605,392.8,65.94,12.04,,42.28,3.76
12811606,392.8,65.94,12.04,,42.28,3.76
12812001,346.8,55.53,19.2,,40.75,12.78
12812002,397.4,51.65,15.78,,46.16,0.0
12812101,392.8,65.94,12.04,,42.28,3.76
12812102,392.8,65.94,12.04,,42.28,3.76
12812103,392.8,65.94,12.04,,42.28,3.76
12812104,392.8,65.94,12.04,,42.28,3.76
12812401,322.7,72.8,27.75,,42.22,34.38
12812402,419.0,85.59,16.35,,39.42,14.64
12812403,312.1,71.89,29.52,,46.54,0.0
12812404,287.3,67.09,51.18,,37.79,63.81
12812405,334.4,73.41,35.19,,40.28,56.86
12812406,287.3,67.09,51.18,,37.79,63.81
12812407,287.3,67.09,51.18,,37.79,63.81
12812501,201.3,92.18,28.8,,24.01,98.4
12812502,317.2,73.36,54.79,,40.34,6.03
12812503,387.9,86.71,31.7,,42.56,9.58
12812504,387.9,86.71,31.7,,42.56,9.58
12812505,306.5,66.98,51.86,,40.84,52.18
12812506,492.2,89.03,26.69,,38.74,4.65
12812507,192.4,84.97,48.65,,25.12,93.75
12812508,201.3,92.18,28.8,,24.01,98.4
12812509,245.7,61.07,59.97,,35.12,70.25
12812510,246.2,57.08,53.0,,34.89,98.68
12812511,336.9,77.52,47.79,,30.56,42.97
12812512,336.9,77.52,47.79,,30.56,42.97
12812601,348.0,83.48,29.93,,37.99,25.81
12812602,370.7,78.86,24.42,,51.26,38.14
12812603,316.7,76.24,35.74,,42.37,19.75
12812604,348.0,83.48,29.93,,37.99,25.81
12812605,336.9,77.52,47.79,,30.56,42.97
12812606,405.1,83.7,26.52,,40.02,13.06
12812701,413.5,82.85,20.18,,38.38,3.91
12812702,404.7,65.59,17.21,,41.92,2.03
12820101,353.5,44.28,22.45,,44.95,3.35
12820102,353.5,44.28,22.45,,44.95,3.35
12820103,241.4,30.5,52.64,,38.9,79.81
12820104,241.4,30.5,52.64,,38.9,79.81
12820105,219.5,29.57,57.79,,41.24,85.01
12820106,246.9,27.63,66.14,,38.33,56.44
12820107,274.5,37.71,43.42,,40.45,59.74
12820108,246.9,31.76,43.96,,43.55,60.63
12820109,265.1,32.0,32.39,,44.29,68.8
12820110,246.3,28.31,26.97,,44.64,100.0
12820111,315.8,40.66,52.46,,47.52,0.0
12820112,215.3,29.75,72.66,,35.18,91.33
12820113,215.3,29.75,72.66,,35.18,91.33
12820114,299.1,40.39,29.14,,48.19,22.61
12820115,347.5,47.86,18.77,,50.5,6.97
12820116,353.5,44.28,22.45,,44.95,3.35
12820117,353.5,44.28,22.45,,44.95,3.35
12820118,215.3,29.75,72.66,,35.18,91.33
12820201,353.5,44.28,22.45,,44.95,3.35
12820301,386.0,45.38,14.54,,41.57,1.25
12820401,353.5,44.28,22.45,,44.95,3.35
12820402,353.5,44.28,22.45,,44.95,3.35
12820501,333.9,37.67,20.71,,39.28,11.36
12820801,353.5,44.28,22.45,,44.95,3.35
12820802,353.5,44.28,22.45,,44.95,3.35
12820803,353.5,44.28,22.45,,44.95,3.35
12830101,309.4,53.62,36.79,,42.54,64.59
12830102,363.7,50.17,29.59,,45.12,44.72
12830103,412.2,54.98,22.15,,58.09,32.61
12830104,340.8,53.11,21.18,,54.05,50.92
12830105,285.5,51.35,36.32,,41.92,72.45
12830106,284.2,44.25,33.23,,42.93,77.76
12830107,387.3,55.26,20.77,,48.56,38.27
12830108,319.7,51.51,26.38,,39.68,69.44
12830109,352.7,59.51,20.55,,44.89,43.37
12830110,421.5,56.72,15.7,,52.37,36.92
12830111,349.7,55.36,21.86,,45.29,61.15
12830112,447.0,60.28,18.27,,44.94,42.32
12830113,440.7,60.42,14.33,,58.86,26.71
12830114,343.8,57.73,24.62,,43.3,47.39
12830115,294.2,42.02,30.72,,45.03,78.11
12830116,299.5,43.43,48.3,,40.16,22.13
12830117,267.7,46.25,52.74,,31.9,62.64
12830118,445.3,68.02,21.29,,37.99,5.16
12830119,303.7,50.54,49.36,,33.52,59.15
12830120,294.2,42.02,30.72,,45.03,78.11
12830121,447.0,60.28,18.27,,44.94,42.32
12830122,440.7,60.42,14.33,,58.86,26.71
12830123,343.8,57.73,24.62,,43.3,47.39
12830124,361.5,56.85,20.88,,42.24,45.33
12830201,236.7,44.83,68.79,,39.96,45.47
12830202,215.5,35.58,72.23,,39.35,95.77
12830203,209.5,36.51,75.21,,35.29,86.58
12830204,233.0,36.59,69.27,,36.33,81.41
12830205,381.4,55.85,26.25,,44.43,24.36
12830206,255.5,42.66,57.59,,38.02,65.93
12830207,217.8,34.63,69.13,,37.87,67.14
12830208,315.3,45.56,39.75,,41.73,43.56
12830209,229.6,37.0,68.82,,39.56,84.25
12830210,335.2,49.14,33.94,,38.84,39.27
12830211,247.9,31.65,70.14,,35.81,62.93
12830212,288.5,37.95,57.96,,41.9,14.79
12830213,372.8,57.34,29.25,,44.0,0.54
12830214,422.3,61.75,21.06,,40.55,0.0
12830215,279.9,42.96,64.53,,42.56,2.22
12830216,254.7,34.92,49.83,,38.99,80.88
12830217,274.1,39.66,56.88,,43.25,17.64
12830218,350.2,34.23,23.4,,41.41,6.42
12830219,236.7,44.83,68.79,,39.96,45.47
12830220,202.6,32.54,75.89,,37.25,73.07
12830221,257.6,42.45,55.51,,40.66,68.98
12830222,255.5,42.66,57.59,,38.02,65.93
12830223,254.7,34.92,49.83,,38.99,80.88
12830224,391.0,59.34,24.18,,40.73,0.37
12830301,455.1,60.67,8.74,,49.7,6.84
12830302,394.6,67.05,10.36,,51.63,13.83
12830303,264.4,38.45,40.17,,41.5,52.45
12830304,266.2,34.17,40.56,,42.91,68.97
12830305,249.9,35.22,59.27,,38.54,67.45
12830306,196.4,26.74,79.06,,37.41,93.87
12830307,230.6,35.84,60.82,,38.48,78.49
12830308,362.3,57.75,25.29,,40.08,1.77
12830309,400.4,58.4,18.59,,41.72,2.77
12830310,404.7,57.56,22.5,,39.89,2.73
12830311,306.6,35.89,43.09,,47.45,0.0
12830312,329.3,46.06,26.23,,44.0,31.39
12830313,419.9,62.75,20.42,,40.48,0.68
12830314,306.6,35.89,43.09,,47.45,0.0
12830401,357.1,38.18,15.08,,43.34,6.74
12830501,357.1,38.18,15.08,,43.34,6.74
12830601,416.9,52.65,12.14,,41.81,2.17
12830602,416.9,52.65,12.14,,41.81,2.17
12830603,416.9,52.65,12.14,,41.81,2.17
12830604,378.0,53.5,16.7,,39.58,23.87
12830701,346.0,40.71,25.57,,42.75,22.81
12830702,335.4,46.57,41.31,,38.67,8.14
12830703,289.2,41.97,59.03,,37.24,9.66
12830901,333.0,37.65,32.87,,38.41,8.93
12830902,336.5,38.32,18.92,,40.65,17.9
12831201,350.2,34.23,23.4,,41.41,6.42
12831202,350.2,34.23,23.4,,41.41,6.42
12831301,350.2,34.23,23.4,,41.41,6.42
12831302,317.4,39.76,41.35,,40.91,0.33
12831601,420.6,64.25,12.28,,39.71,0.0
12831602,439.1,70.08,7.16,,43.63,0.16
12831603,350.4,40.93,19.33,,41.93,1.73
12831604,350.4,40.93,19.33,,41.93,1.73
12831605,362.8,61.02,12.16,,42.86,18.01
12831606,362.8,61.02,12.16,,42.86,18.01
12831701,246.3,37.77,69.11,,40.1,58.04
12831702,223.6,34.98,66.33,,35.26,89.28
12831703,202.7,27.99,83.1,,35.13,95.05
12831704,237.3,38.45,74.04,,35.77,76.4
12831705,251.3,28.23,59.88,,40.14,68.58
12831706,228.4,25.98,65.74,,36.32,99.73
12831707,276.9,29.71,65.84,,44.08,19.65
12831708,245.0,37.88,78.28,,35.43,57.17
12831709,245.0,37.88,78.28,,35.43,57.17
12840001,433.1,57.71,12.15,,61.93,8.64
12840002,410.2,60.12,14.56,,50.97,7.14
12840003,381.3,56.73,9.63,,44.43,3.41
12840004,366.3,44.86,17.34,,45.59,0.76
12840005,433.1,57.71,12.15,,61.93,8.64
12840006,288.0,33.0,21.78,,47.33,35.03
12840007,433.1,57.71,12.15,,61.93,8.64
12840008,433.1,57.71,12.15,,61.93,8.64
12840009,274.9,36.66,28.81,,42.02,45.53
12840010,307.9,38.88,28.15,,40.74,44.64
12840011,433.1,57.71,12.15,,61.93,8.64
12840012,433.1,57.71,12.15,,61.93,8.64
12840013,433.1,57.71,12.15,,61.93,8.64
12840014,370.1,57.7,13.79,,40.33,15.23
12840015,370.1,57.7,13.79,,40.33,15.23
12850101,243.9,34.48,37.48,,41.13,72.69
12850102,282.5,46.8,40.5,,38.51,42.38
12850103,318.4,45.67,28.74,,45.88,19.0
12850104,342.8,45.96,32.02,,41.19,10.67
12850105,273.3,34.6,54.07,,38.83,31.89
12850106,343.0,46.15,24.53,,42.15,19.34
12850107,366.7,57.3,17.74,,43.59,9.73
12850108,299.8,36.34,29.76,,39.74,40.26
12850109,357.7,44.82,9.78,,42.54,0.0
12850110,342.9,50.87,21.62,,40.31,14.0
12850111,243.9,34.48,37.48,,41.13,72.69
12850201,339.8,60.7,10.92,,35.46,8.52
12850401,346.1,42.19,14.48,,42.68,5.43
12850801,312.5,42.75,14.69,,42.86,14.39
12850901,342.1,45.74,20.3,,41.56,3.9
12851101,287.7,36.01,27.26,,39.03,28.99
12851301,339.7,43.96,16.46,,41.34,10.8
12851401,339.7,43.96,16.46,,41.34,10.8
12851601,370.3,55.98,19.98,,39.45,7.81
12860101,304.4,43.49,20.33,,54.15,62.73
12860102,322.8,47.5,15.64,,44.88,50.46
12860103,345.4,46.32,14.61,,45.31,19.19
12860104,345.4,46.32,14.61,,45.31,19.19
12860105,320.7,44.12,14.45,,42.38,17.25
12860106,338.7,43.41,11.77,,44.4,8.31
12860107,381.0,50.82,12.25,,44.06,23.48
12860108,315.8,39.48,15.79,,50.95,34.68
12860109,372.4,46.67,8.26,,44.11,0.94
12860110,294.0,42.87,17.47,,47.61,82.26
12860111,322.8,47.5,15.64,,44.88,50.46
12860112,294.0,42.87,17.47,,47.61,82.26
12860401,385.6,58.82,11.55,,42.75,4.96
12860701,338.7,43.41,11.77,,44.4,8.31
12861101,372.4,46.67,8.26,,44.11,0.94
12861102,382.2,50.76,8.71,,44.21,2.86
12861201,349.7,46.65,8.8,,43.58,10.59
12861601,329.3,41.72,11.99,,50.72,14.81
12861801,349.6,44.35,12.7,,50.2,7.4
12870101,360.7,37.2,15.54,,43.42,2.32
12870102,373.8,54.22,16.34,,32.81,5.13
12870103,372.9,43.73,14.8,,43.35,2.2
12870104,327.5,39.06,26.24,,40.96,10.76
12870105,356.9,45.21,14.32,,43.99,1.76
12870106,335.2,39.5,16.6,,42.52,9.66
12870107,293.0,32.52,28.53,,44.04,21.42
12870108,270.0,35.61,34.97,,39.23,44.76
12870109,286.9,30.25,27.64,,44.46,36.67
12870110,266.7,32.81,29.54,,45.48,82.4
12870111,248.6,27.45,34.42,,42.41,77.56
12870112,248.6,27.45,34.42,,42.41,77.56
12870113,351.5,46.45,18.43,,40.26,8.45
12870201,274.4,36.51,31.04,,41.12,58.28
12870202,274.4,36.51,31.04,,41.12,58.28
12870203,245.0,30.48,40.6,,39.51,63.5
12870204,356.9,45.21,14.32,,43.99,1.76
12870205,302.5,37.34,43.14,,44.33,34.98
12870206,262.1,30.21,45.36,,41.39,47.2
12870207,376.0,41.96,12.9,,43.1,0.19
12870208,356.9,45.21,14.32,,43.99,1.76
12870209,356.9,45.21,14.32,,43.99,1.76
12870210,356.9,45.21,14.32,,43.99,1.76
12870211,356.9,45.21,14.32,,43.99,1.76
12870212,343.1,37.76,17.11,,43.07,6.97
12870213,365.1,39.49,15.12,,42.25,11.74
12870214,360.7,37.2,15.54,,43.42,2.32
12900101,258.4,41.32,40.44,,42.74,82.8
12900102,267.3,40.33,31.76,,45.57,82.34
12900103,275.8,45.54,29.11,,41.59,78.21
12900104,296.3,51.54,24.51,,42.49,64.42
12900105,336.0,54.6,24.95,,39.48,42.23
12900106,239.2,39.98,39.7,,42.42,86.04
12900107,231.5,35.15,44.98,,40.7,81.77
12900108,168.0,23.16,88.12,,31.22,99.82
12900109,169.2,22.94,83.95,,35.29,95.97
12900111,323.4,50.72,29.24,,42.56,31.34
12900112,264.5,40.52,63.3,,39.88,6.7
12900113,245.7,47.7,46.91,,37.43,55.05
12900114,336.0,54.6,24.95,,39.48,42.23
12900115,338.0,51.93,15.19,,41.56,13.89
12900116,323.4,50.72,29.24,,42.56,31.34
12900209,258.4,32.04,63.27,,41.5,4.01
12900210,330.9,44.16,25.89,,42.24,9.32
12900216,274.9,38.63,48.87,,42.57,24.74
12900402,319.0,40.61,13.94,,41.38,0.74
12900702,350.7,53.98,15.63,,39.92,0.98
12900803,326.4,37.08,13.7,,42.33,5.53
12900901,316.8,46.45,25.35,,43.78,27.16
12900902,335.8,39.05,8.88,,43.69,2.5
12900903,339.1,49.17,26.78,,35.2,42.76
12901103,350.0,46.18,12.91,,43.48,12.6
12901303,351.4,42.74,10.24,,41.65,3.63
12901401,306.7,41.32,17.36,,42.49,15.57
12901501,340.1,49.58,7.9,,51.56,37.49
12901502,399.4,51.96,6.33,,49.87,8.43
12901503,321.8,44.26,7.59,,52.93,51.35
12901505,326.4,37.08,13.7,,42.33,5.53
12901506,335.3,46.44,9.0,,50.86,4.7
12901507,353.5,50.55,7.36,,45.06,16.45
12901701,296.7,36.3,14.12,,46.42,9.48
12902301,335.8,39.05,8.88,,43.69,2.5
12902401,305.3,39.06,12.24,,43.54,12.4
12902501,328.3,36.55,15.34,,43.96,8.81
12902901,343.4,40.2,11.73,,47.09,4.76
12903001,335.3,46.44,9.0,,50.86,4.7
12903103,309.1,38.37,13.69,,45.22,3.68
12903201,293.6,33.72,14.77,,42.23,27.01
12903202,309.1,38.37,13.69,,45.22,3.68
12903501,310.3,44.9,11.12,,45.6,8.17
12910101,317.1,40.17,16.26,,52.67,42.5
12910102,260.3,31.85,32.25,,49.31,48.91
12910103,286.1,35.1,23.22,,52.16,40.68
12910204,328.4,40.89,8.67,,47.73,3.42
12910408,364.6,44.14,8.93,,51.9,3.07
12910609,356.2,42.43,7.4,,50.17,2.29
12910710,356.2,42.43,7.4,,50.17,2.29
12911114,328.4,40.89,8.67,,47.73,3.42
12911316,356.2,42.43,7.4,,50.17,2.29
12911720,344.7,51.19,11.93,,55.1,12.2
12911922,345.3,52.91,10.35,,56.78,14.49
12920101,342.4,30.9,14.73,,41.99,3.99
12920102,359.1,39.15,13.48,,41.67,3.54
12920103,375.4,49.92,18.01,,41.94,16.79
12920104,359.1,39.15,13.48,,41.67,3.54
12920105,239.6,32.86,42.19,,43.06,62.3
12920106,331.1,44.44,24.57,,41.08,35.5
12920107,316.4,40.27,15.99,,53.01,60.49
12920108,270.4,37.41,24.76,,46.01,69.88
12920109,359.1,39.15,13.48,,41.67,3.54
12920110,359.1,39.15,13.48,,41.67,3.54
12920111,287.6,38.86,21.82,,43.58,88.27
12920201,298.7,36.9,36.03,,44.6,37.19
12920202,328.8,35.15,11.37,,43.91,2.29
12920203,328.8,35.15,11.37,,43.91,2.29
12920204,323.1,37.37,13.15,,44.0,18.51
12920205,351.7,50.27,16.34,,43.19,13.53
12920206,368.5,57.27,10.35,,39.81,6.97
12920207,432.9,57.59,9.01,,43.41,7.76
12920208,447.7,65.31,7.36,,45.49,1.05
12920209,359.1,39.15,13.48,,41.67,3.54
12920210,314.3,38.38,13.05,,42.84,19.48
12920211,347.0,43.69,11.87,,41.48,2.0
12930101,266.5,39.56,31.18,,38.91,67.79
12930102,325.9,48.92,24.44,,44.16,2.42
12930103,252.3,36.05,30.99,,51.2,63.21
12930104,311.1,43.09,25.2,,44.59,31.65
12930105,247.3,33.54,38.03,,41.31,84.54
12930106,240.4,36.72,36.03,,44.09,72.6
12930107,240.4,36.72,36.03,,44.09,72.6
12930108,335.5,53.07,32.21,,40.19,0.88
12930109,352.4,49.77,12.01,,41.87,17.82
12930110,332.8,46.11,27.98,,43.4,1.97
12930111,207.4,27.93,77.85,,37.54,57.61
12930112,323.1,45.31,35.13,,44.62,0.72
12930113,254.1,33.16,24.9,,44.84,69.58
12930114,325.9,48.92,24.44,,44.16,2.42
12930301,336.4,40.87,6.61,,41.65,1.09
12930302,307.0,33.43,14.07,,43.68,5.19
12930501,297.3,33.76,9.19,,45.38,16.41
12930502,336.4,40.87,6.61,,41.65,1.09
12930503,317.9,38.96,11.57,,42.57,2.91
12930901,321.7,38.21,8.32,,46.0,1.19
12931002,267.2,29.72,23.01,,44.74,21.38
12931203,275.3,36.89,24.09,,48.16,30.6
12931204,275.3,36.89,24.09,,48.16,30.6
12931301,325.4,33.33,12.28,,46.29,6.51
12931302,285.8,31.54,22.96,,44.47,11.18
12931402,325.4,33.33,12.28,,46.29,6.51
12931503,317.9,38.96,11.57,,42.57,2.91
12931504,314.0,36.1,12.6,,47.81,2.48
12931704,314.0,36.1,12.6,,47.81,2.48
12931901,277.9,33.46,27.77,,42.9,21.75
12931902,314.0,36.1,12.6,,47.81,2.48
12931903,309.6,40.12,11.13,,43.98,1.83
12931904,314.0,36.1,12.6,,47.81,2.48
12932005,309.6,40.12,11.13,,43.98,1.83
13150101,315.5,29.82,19.68,,44.33,8.49
13150102,302.3,28.01,18.74,,43.85,10.04
13150201,315.5,29.82,19.68,,44.33,8.49
13150401,313.8,30.0,13.46,,44.59,6.89
13150501,302.3,28.01,18.74,,43.85,10.04
13150502,262.2,24.11,54.43,,38.75,23.91
13150503,302.3,28.01,18.74,,43.85,10.04
13150701,295.9,31.3,27.22,,46.6,14.97
13800101,287.7,47.09,21.34,,43.99,95.52
13800102,291.6,48.38,23.49,,40.83,65.94
13800103,287.7,47.09,21.34,,43.99,95.52
13800104,331.8,54.06,19.77,,40.48,59.05
13800105,336.2,50.18,20.92,,39.46,44.03
13800106,336.2,50.18,20.92,,39.46,44.03
13800107,348.9,47.93,12.2,,38.19,11.86
13800108,390.8,64.75,13.94,,41.6,23.18
13800109,317.1,51.88,22.22,,42.47,52.63
13800110,344.2,52.63,18.2,,41.53,32.07
13800111,341.6,50.15,19.2,,48.76,48.8
13800112,341.6,50.15,19.2,,48.76,48.8
13800201,266.3,47.09,29.13,,43.22,96.66
13800202,382.2,58.21,17.05,,51.91,36.59
13800203,337.4,48.53,21.67,,44.0,34.0
13800204,351.5,55.58,14.48,,41.6,18.84
13800205,351.5,55.58,14.48,,41.6,18.84
13800206,288.3,47.77,34.77,,36.73,67.33
13800207,288.3,47.77,34.77,,36.73,67.33
13800208,252.9,33.84,50.7,,40.98,93.28
13800209,249.6,39.61,44.07,,36.79,83.23
13800210,247.0,38.18,62.82,,35.85,68.44
13800211,280.5,52.31,23.74,,37.39,83.9
13800212,280.5,52.31,23.74,,37.39,83.9
13800213,327.7,40.0,11.23,,42.21,7.13
13800214,229.5,30.31,60.85,,42.94,72.15
13800215,255.1,30.95,64.66,,40.4,43.48
13800216,248.6,33.51,70.75,,37.2,60.64
13800217,248.6,33.51,70.75,,37.2,60.64
13800218,184.5,27.02,89.08,,28.9,99.7
13800219,198.4,29.52,85.79,,36.12,99.52
13800301,214.7,27.52,56.39,,42.6,98.05
13800302,277.5,39.66,37.33,,48.4,19.9
13800303,293.5,36.38,41.11,,43.4,19.17
13800304,293.5,36.38,41.11,,43.4,19.17
13800305,336.4,50.19,21.62,,40.66,9.62
13800306,347.6,47.83,28.74,,41.37,4.53
13800307,301.1,44.83,42.06,,38.87,17.04
13800308,287.8,38.95,43.5,,42.09,35.69
13800309,348.3,37.92,11.42,,43.03,0.47
13800401,328.3,38.68,8.99,,42.87,7.0
13800501,348.9,47.93,12.2,,38.19,11.86
13800502,317.8,37.01,12.36,,45.14,5.51
13800503,317.8,37.01,12.36,,45.14,5.51
13800701,327.7,40.0,11.23,,42.21,7.13
13800702,327.7,40.0,11.23,,42.21,7.13
13800801,327.7,40.0,11.23,,42.21,7.13
13800901,407.6,61.84,10.58,,41.1,3.96
13800902,327.7,40.0,11.23,,42.21,7.13
13800903,348.9,47.93,12.2,,38.19,11.86
13800904,351.9,60.85,10.8,,46.96,12.94
13800905,432.6,63.08,9.82,,47.29,1.2
13800906,348.9,47.93,12.2,,38.19,11.86
13800907,410.6,60.22,7.93,,50.93,17.48
13800908,327.7,40.0,11.23,,42.21,7.13
13800909,327.7,40.0,11.23,,42.21,7.13
13800910,381.6,65.59,11.19,,35.26,18.38
13801001,348.9,47.93,12.2,,38.19,11.86
13801101,327.7,40.0,11.23,,42.21,7.13
13801102,355.1,60.15,7.15,,41.25,8.74
13801103,327.7,40.0,11.23,,42.21,7.13
13801104,339.1,53.93,7.5,,40.55,13.15
13801201,327.7,40.0,11.23,,42.21,7.13
13801401,373.8,46.23,9.08,,42.08,1.85
13801402,373.8,46.23,9.08,,42.08,1.85
13801701,317.8,37.01,12.36,,45.14,5.51
13801901,321.3,43.76,13.98,,39.36,8.19
13801902,348.3,37.92,11.42,,43.03,0.47
13810101,275.3,31.85,24.78,,50.25,56.28
13810102,278.0,31.55,35.18,,38.97,39.34
13810103,324.3,42.03,22.91,,44.85,15.37
13810104,284.5,37.21,26.94,,41.93,23.31
13810105,278.0,31.55,35.18,,38.97,39.34
13810106,316.6,33.45,12.03,,43.62,6.18
13810107,316.6,33.45,12.03,,43.62,6.18
13810301,301.3,28.67,12.38,,45.1,1.57
13810501,297.0,29.18,22.42,,41.75,14.25
13810502,352.0,53.09,12.84,,44.5,12.67
13810601,285.6,28.0,14.01,,46.88,4.21
13810701,317.9,29.78,10.14,,43.14,7.77
13810801,316.6,33.45,12.03,,43.62,6.18
13810901,285.6,28.0,14.01,,46.88,4.21
13811101,327.7,35.91,11.01,,43.98,3.74
13811102,289.9,32.61,24.42,,40.78,16.24
13820101,288.0,32.51,28.74,,43.66,39.84
13820102,296.4,37.18,24.26,,46.24,16.78
13820103,295.2,36.29,34.83,,38.9,50.11
13820104,317.4,35.81,22.95,,40.95,15.53
13820105,277.2,32.04,26.12,,49.52,71.39
13820106,338.5,38.68,21.48,,42.56,5.43
13820107,346.5,44.4,14.93,,52.44,24.83
13820108,336.4,42.49,10.08,,50.88,20.79
13820109,319.7,41.19,21.07,,40.75,23.69
13820110,325.1,33.05,13.39,,42.68,9.48
13820112,368.7,47.96,8.38,,49.45,2.24
13820201,368.7,47.96,8.38,,49.45,2.24
13820202,337.3,40.51,15.11,,45.57,4.91
13820301,316.0,33.77,15.06,,42.03,13.48
13820601,279.5,33.03,19.86,,41.97,31.87
13820701,368.7,47.96,8.38,,49.45,2.24
13820801,325.1,33.05,13.39,,42.68,9.48
13820901,325.1,33.05,13.39,,42.68,9.48
13820902,325.1,33.05,13.39,,42.68,9.48
13821001,336.0,32.95,8.09,,41.88,3.32
13821101,340.6,41.2,13.2,,40.86,14.69
13821102,290.2,31.14,18.74,,39.06,18.64
13821201,304.6,34.14,12.64,,42.16,9.91
13821501,307.4,31.97,12.53,,45.13,9.11
13821901,295.0,25.6,12.96,,47.83,15.52
13822301,290.1,28.45,18.17,,46.98,21.24
13822401,294.3,23.54,15.91,,47.58,10.97
13830121,347.9,34.99,9.31,,45.68,2.28
13830122,339.5,41.05,10.99,,44.4,11.91
13830123,347.9,34.99,9.31,,45.68,2.28
13830124,345.6,35.8,8.9,,41.04,8.56
13830126,347.9,34.99,9.31,,45.68,2.28
13830129,345.6,35.8,8.9,,41.04,8.56
13830130,345.6,35.8,8.9,,41.04,8.56
13830131,370.7,52.71,12.45,,36.34,2.57
13830132,337.0,40.38,6.07,,41.33,3.41
13830135,359.5,50.33,15.65,,46.64,47.85
13830136,317.6,40.72,19.44,,45.85,45.26
13830137,359.5,50.33,15.65,,46.64,47.85
13830138,353.3,48.46,21.05,,43.36,24.91
13830139,266.0,32.82,35.17,,41.1,73.66
13830140,365.4,55.8,14.55,,40.36,21.76
13830151,306.7,30.91,9.77,,47.99,8.56
13830152,345.6,35.8,8.9,,41.04,8.56
13830153,345.6,35.8,8.9,,41.04,8.56
13830154,353.3,52.63,13.55,,33.48,15.26
13830221,321.9,33.46,11.21,,44.08,8.57
13830222,323.5,35.08,9.4,,43.17,10.11
13830223,339.4,37.39,8.36,,38.96,6.27
13830224,339.4,37.39,8.36,,38.96,6.27
13830225,364.4,51.19,12.55,,53.96,45.86
13830226,320.2,45.24,20.09,,47.17,75.0
13830227,337.3,53.35,16.08,,46.33,54.81
13830228,365.4,55.8,14.55,,40.36,21.76
13830229,379.8,53.6,10.06,,49.38,27.69
13830230,337.3,53.35,16.08,,46.33,54.81
13830231,337.3,53.35,16.08,,46.33,54.81
13830232,253.3,32.58,40.93,,43.62,99.87
13830235,356.0,39.58,7.54,,42.92,0.98
13830237,420.9,57.65,6.86,,45.8,4.99
13830238,356.0,39.58,7.54,,42.92,0.98
13830239,356.0,39.58,7.54,,42.92,0.98
13830240,356.0,39.58,7.54,,42.92,0.98
13830251,395.6,59.96,11.42,,38.89,3.86
13830252,395.6,59.96,11.42,,38.89,3.86
13830253,332.5,34.96,10.52,,42.93,1.7
13840101,343.6,42.66,17.0,,42.24,63.51
13840102,355.2,48.79,11.5,,48.18,35.77
13840103,384.0,54.28,10.1,,46.07,19.33
13840104,319.7,43.39,20.15,,42.0,45.93
13840105,321.7,48.6,23.13,,42.52,57.86
13840106,353.3,49.83,17.24,,42.53,27.03
13840107,329.2,46.9,18.23,,40.45,60.94
13840201,272.2,31.63,23.78,,43.65,91.01
13840202,388.4,53.72,14.13,,46.16,26.61
13840203,371.6,41.74,13.59,,41.33,0.8
13840204,396.3,66.49,7.67,,43.21,1.97
13840205,383.2,59.04,8.99,,41.37,16.88
13840206,350.2,50.7,15.89,,38.55,25.86
13840301,375.9,53.54,14.41,,40.42,21.23
13840302,371.6,41.74,13.59,,41.33,0.8
13840401,437.9,63.98,8.16,,42.42,0.48
13840402,429.6,55.53,8.22,,44.59,1.09
13840403,386.8,47.31,13.85,,41.09,1.58
13840404,390.5,54.75,8.61,,40.93,12.12
13840501,552.0,74.46,8.92,,43.24,2.03
13840502,451.0,62.53,10.97,,43.63,18.66
13840503,583.7,76.83,9.05,,43.14,1.23
13840504,461.5,63.33,11.99,,41.12,1.32
13840505,475.7,67.34,11.13,,45.4,16.46
13840506,437.9,63.98,8.16,,42.42,0.48
13840601,364.3,44.15,9.8,,40.13,1.56
13840602,375.6,52.03,10.68,,44.32,16.57
13840801,402.9,52.9,12.04,,41.37,5.85
13840802,441.8,66.53,7.11,,44.95,0.49
13840803,358.1,52.05,9.96,,43.54,20.21
13840901,349.6,37.55,9.38,,40.18,5.23
13841201,368.3,40.74,14.83,,42.11,5.52
13841202,330.9,45.51,13.85,,39.58,37.21
13841203,377.6,44.6,9.11,,41.18,2.42
13841301,377.6,44.6,9.11,,41.18,2.42
13841401,473.3,60.42,12.21,,43.25,0.96
13841402,422.0,61.52,9.01,,40.83,1.5
13841403,429.6,59.33,10.85,,43.75,11.14
13841404,424.0,58.06,9.3,,42.41,4.39
13841405,493.0,61.18,10.25,,46.18,1.14
13841406,428.8,60.0,8.34,,46.03,0.6
13841407,400.8,50.74,8.17,,41.28,0.24
13841408,364.6,53.47,13.28,,42.39,31.54
13841409,364.6,53.47,13.28,,42.39,31.54
13841411,428.8,60.0,8.34,,46.03,0.6
13841412,402.9,52.9,12.04,,41.37,5.85
14010101,363.6,44.94,20.76,,39.99,2.62
14010201,381.8,53.33,17.53,,36.41,4.51
14010202,339.9,46.27,22.52,,40.02,37.67
14010203,420.1,61.69,13.06,,38.43,3.63
14010204,427.2,67.84,11.14,,38.05,6.25
14010205,413.5,53.46,16.76,,39.57,8.56
14010301,415.6,65.34,15.43,,47.02,10.26
14010302,268.5,41.0,43.77,,37.99,73.34
14010303,367.4,62.59,18.66,,49.91,26.09
14010304,468.3,79.18,12.05,,41.51,0.73
14010305,393.0,66.39,24.71,,37.19,43.29
14010306,436.8,71.74,15.22,,43.41,11.9
14010307,357.6,54.19,22.97,,42.04,42.48
14010308,489.1,75.97,13.69,,36.13,3.05
14010309,422.1,67.72,13.38,,39.43,15.47
14010310,424.8,60.69,14.96,,38.23,6.32
14010311,357.4,34.53,15.13,,43.58,1.78
14010401,370.8,55.35,13.8,,39.38,12.07
14010402,375.5,44.62,17.26,,41.45,4.39
14010403,375.5,44.62,17.26,,41.45,4.39
14010404,368.8,52.98,13.67,,40.45,14.74
14020101,428.2,73.96,13.6,,39.71,6.85
14020102,292.8,43.93,33.69,,41.68,59.13
14020103,397.6,65.29,18.41,,40.13,21.44
14020104,292.8,43.93,33.69,,41.68,59.13
14020105,420.7,70.52,18.66,,43.76,10.37
14020106,460.1,69.99,19.65,,40.69,7.57
14020107,443.2,70.93,17.36,,40.23,7.07
14020108,336.9,56.71,34.94,,42.73,13.13
14020109,375.3,61.81,27.58,,40.4,3.82
14020110,269.8,44.91,67.7,,37.09,76.21
14020111,284.5,38.2,52.72,,37.61,88.35
14020112,347.4,49.23,40.75,,39.19,35.03
14020113,375.3,61.81,27.58,,40.4,3.82
14020114,383.0,58.77,19.46,,41.32,32.68
14020115,366.0,50.13,43.75,,39.12,20.3
14020116,336.9,56.71,34.94,,42.73,13.13
14020117,377.8,54.92,23.53,,48.04,7.71
14020118,369.2,58.29,20.73,,40.98,2.32
14020119,336.9,56.71,34.94,,42.73,13.13
14020120,501.4,77.22,11.62,,33.74,5.57
14020121,411.4,62.25,18.7,,36.5,22.47
14020122,411.4,62.25,18.7,,36.5,22.47
14070101,416.0,56.47,9.27,,47.1,6.47
14070105,409.2,48.02,5.45,,54.88,5.69
14070106,414.7,43.02,6.6,,44.87,1.87
14070107,334.1,38.29,6.67,,48.41,28.03
14070110,387.5,45.56,7.75,,44.85,10.42
14070111,387.5,45.56,7.75,,44.85,10.42
14070112,414.7,43.02,6.6,,44.87,1.87
14150101,368.8,36.21,6.26,,40.33,1.57
14150201,348.4,42.08,18.02,,56.59,49.42
14150202,342.5,45.15,16.84,,48.01,33.14
14150203,329.7,42.36,17.54,,40.31,37.11
14150204,238.6,24.57,48.89,,37.97,89.62
14150205,392.2,50.26,14.03,,41.61,0.0
14150206,386.7,51.58,13.17,,40.59,0.39
14150207,434.8,59.11,10.48,,41.68,0.0
14150208,434.8,59.11,10.48,,41.68,0.0
14150209,342.5,45.15,16.84,,48.01,33.14
14150301,382.7,49.27,10.3,,40.53,3.52
14150302,372.9,35.33,10.76,,43.04,0.91
14150401,340.7,37.79,13.81,,41.71,6.27
14150501,443.2,62.25,7.01,,40.42,2.14
14150502,415.2,56.25,7.73,,38.39,1.55
14150503,386.3,51.09,9.34,,42.1,6.94
14150504,368.8,36.21,6.26,,40.33,1.57
14190101,376.7,48.66,10.81,,42.88,4.61
14190102,374.3,46.82,12.4,,44.99,2.37
14190103,359.0,46.18,13.23,,44.06,15.54
14190201,369.6,42.61,10.53,,46.85,10.1
14190202,369.4,45.71,12.19,,50.05,15.24
14190203,417.4,46.63,7.62,,55.3,5.71
14190204,309.0,33.28,19.86,,44.09,25.8
14190205,374.8,41.18,8.32,,46.72,3.89
14190303,372.8,38.7,9.63,,48.06,11.16
14190501,352.2,39.74,7.8,,53.19,1.63
14210101,336.5,41.75,6.63,,61.43,9.79
14210201,340.4,37.27,7.26,,51.88,3.2
14210202,323.9,39.36,15.74,,47.37,27.75
14210301,341.8,31.19,8.14,,46.63,3.85
14210401,339.8,37.76,10.06,,45.49,0.0
14210402,334.1,41.19,15.56,,46.67,23.68
14210601,329.8,42.33,10.39,,45.81,5.77
14211001,340.4,37.27,7.26,,51.88,3.2
14270104,364.8,36.22,9.97,,51.82,17.64
14270109,334.8,26.54,17.25,,49.02,43.73
14270306,350.5,40.69,11.05,,51.08,5.33
14270401,390.5,37.56,7.84,,53.08,15.53
14270507,339.8,34.82,14.68,,51.79,32.28
14270508,350.5,40.69,11.05,,51.08,5.33
14300101,326.5,34.47,8.71,,44.71,4.97
14300102,326.5,34.47,8.71,,44.71,4.97
14300103,326.5,34.47,8.71,,44.71,4.97
14300505,296.1,26.05,13.58,,46.17,20.48
14300506,297.5,24.39,12.3,,44.65,15.65
14300808,292.8,25.04,10.82,,47.17,11.37
14350203,328.3,31.5,10.57,,47.58,2.55
14350204,361.2,37.27,10.98,,52.68,19.51
14350205,355.4,39.17,10.93,,49.77,20.03
14350301,328.3,31.5,10.57,,47.58,2.55
14350401,322.0,27.79,10.89,,46.01,6.81
14350601,342.7,47.15,7.95,,52.5,13.61
14350603,316.9,31.65,8.19,,45.21,5.69
14350701,361.2,37.27,10.98,,52.68,19.51
14380101,308.4,29.46,14.89,,48.89,0.89
14380102,308.4,29.46,14.89,,48.89,0.89
14380103,286.7,28.83,20.28,,46.76,39.05
14390101,297.9,27.06,13.11,,48.18,9.24
14390205,297.9,27.06,13.11,,48.18,9.24
14390811,296.5,27.97,9.61,,45.7,10.43
14400101,369.5,55.87,23.83,,40.89,15.3
14400102,360.9,34.92,11.42,,42.32,7.68
14400103,333.1,45.01,40.7,,40.21,9.27
14400104,342.5,46.15,44.63,,39.97,19.3
14400105,334.2,45.86,38.38,,39.0,13.0
14400106,334.3,40.0,37.58,,40.37,9.62
14400107,259.7,32.75,58.01,,37.01,71.28
14400210,351.6,36.64,10.09,,43.0,3.06
14400311,351.6,36.64,10.09,,43.0,3.06
14400312,360.9,41.83,18.95,,41.99,7.31
14400414,360.9,34.92,11.42,,42.32,7.68
14400515,354.7,50.44,18.68,,40.37,27.46
14400516,355.6,54.13,21.39,,33.84,3.37
14400517,343.4,43.01,20.21,,40.48,28.17
14400518,319.8,35.63,29.39,,37.69,33.82
14400519,349.5,41.46,23.82,,40.97,38.33
14400521,354.7,50.44,18.68,,40.37,27.46
14400622,333.7,42.75,16.21,,41.97,30.03
14400623,333.7,42.75,16.21,,41.97,30.03
14410101,380.6,56.74,19.09,,39.18,30.37
14410102,386.0,56.05,13.72,,39.79,0.0
14410103,389.8,66.08,12.2,,39.22,6.84
14410104,480.9,73.47,9.72,,38.82,1.29
14410105,371.1,49.74,13.18,,42.73,2.42
14410106,320.2,50.08,17.75,,49.68,12.09
14410107,439.6,70.58,12.32,,42.13,0.59
14410108,439.6,70.58,12.32,,42.13,0.59
14410109,367.4,61.88,11.73,,45.01,2.52
14410110,371.9,57.93,15.38,,36.7,22.56
14410111,333.8,48.92,17.35,,39.7,23.15
14410212,367.4,68.86,9.61,,38.02,0.41
14410213,369.7,55.11,15.6,,40.99,14.32
14410214,349.8,58.99,11.78,,39.05,24.82
14410215,371.1,49.74,13.18,,42.73,2.42
14410216,371.1,49.74,13.18,,42.73,2.42
14410217,371.1,49.74,13.18,,42.73,2.42
14410218,349.7,57.02,13.02,,38.45,23.27
14410319,353.3,42.96,18.51,,37.81,4.0
14410320,371.1,49.74,13.18,,42.73,2.42
14410321,370.4,47.43,18.8,,39.53,1.93
14410322,293.5,36.28,28.56,,41.81,42.04
14410323,371.1,49.74,13.18,,42.73,2.42
14410424,371.1,49.74,13.18,,42.73,2.42
14420101,328.1,36.5,9.49,,40.94,1.0
14420402,331.7,39.63,7.88,,41.83,1.58
14420703,325.2,42.87,5.13,,42.05,0.96
14421305,325.2,42.87,5.13,,42.05,0.96
14421407,328.1,36.5,9.49,,40.94,1.0
14421408,328.1,36.5,9.49,,40.94,1.0
14421409,254.6,23.06,44.71,,39.76,70.12
14421410,254.6,23.06,44.71,,39.76,70.12
14430201,353.4,34.01,10.16,,44.78,1.38
14430202,376.5,43.55,11.05,,42.75,1.68
14430203,353.4,34.01,10.16,,44.78,1.38
14430204,355.6,52.91,12.26,,40.6,11.48
14430205,318.7,34.87,12.02,,44.51,2.82
14430206,320.4,38.22,16.16,,43.16,36.81
14440404,314.1,38.66,8.16,,45.66,1.56
14440503,314.1,38.66,8.16,,45.66,1.56
14440906,326.6,32.2,10.17,,45.71,1.53
14450101,307.1,27.27,8.41,,45.28,5.14
14450403,315.5,29.4,8.23,,43.6,8.52
14450606,315.5,29.4,8.23,,43.6,8.52
14460101,309.7,37.18,12.3,,46.56,45.92
14460108,292.3,31.66,15.14,,49.57,6.93
14460304,318.1,37.28,8.38,,48.4,6.67
14460405,292.3,31.66,15.14,,49.57,6.93
14470101,312.7,28.89,16.46,,54.01,7.01
14470102,312.7,28.89,16.46,,54.01,7.01
14470203,308.2,32.2,14.78,,48.94,3.12
14520104,338.3,29.08,19.34,,45.92,6.65
14520108,327.0,38.18,9.29,,44.79,4.31
14520201,329.6,29.52,15.48,,48.25,7.68
14520409,338.3,29.08,19.34,,45.92,6.65
14520505,327.0,38.18,9.29,,44.79,4.31
14520606,327.0,38.18,9.29,,44.79,4.31
14521012,322.3,31.31,18.06,,48.27,13.99
14600101,316.4,31.34,13.59,,50.23,5.36
14600102,316.4,31.34,13.59,,50.23,5.36
14600613,316.4,31.34,13.59,,50.23,5.36
14600616,301.5,26.34,13.62,,49.0,12.45
14600919,301.5,26.34,13.62,,49.0,12.45
14610101,305.0,29.33,8.78,,45.69,0.92
14610105,301.4,32.94,20.07,,52.27,8.26
14610309,305.0,29.33,8.78,,45.69,0.92
14610714,299.1,32.3,11.9,,46.57,6.49
14610918,301.4,32.94,20.07,,52.27,8.26
14620101,341.4,31.17,16.94,,42.45,2.75
14620102,292.7,26.62,37.26,,42.91,23.53
14620103,329.2,36.03,10.97,,44.96,3.04
14620305,312.1,39.19,24.13,,38.9,24.86
14620506,341.4,31.17,16.94,,42.45,2.75
14620608,341.3,33.14,14.07,,44.75,1.03
14620712,329.2,36.03,10.97,,44.96,3.04
14620713,296.4,29.44,24.73,,40.52,22.09
14630101,288.3,36.13,22.58,,45.85,45.66
14630102,323.5,36.36,18.76,,43.72,26.96
14630103,325.0,35.02,12.75,,42.91,9.33
14630104,325.0,35.02,12.75,,42.91,9.33
14630105,325.0,35.02,12.75,,42.91,9.33
14630307,298.6,36.21,25.63,,43.32,26.23
14630308,270.3,30.61,40.76,,42.57,29.2
14630309,325.0,35.02,12.75,,42.91,9.33
14630328,340.9,41.7,9.36,,41.5,13.65
14630329,331.6,40.62,12.51,,43.06,16.8
14630411,358.7,41.94,13.57,,42.02,2.45
14630513,350.9,44.05,8.57,,42.2,8.62
14630615,325.0,35.02,12.75,,42.91,9.33
14630716,325.0,35.02,12.75,,42.91,9.33
14630918,325.3,37.19,10.01,,45.49,3.54
14631019,311.6,31.32,12.08,,44.36,13.19
14631626,304.6,28.05,10.13,,46.41,7.39
14631701,356.1,41.24,10.14,,44.77,1.4
14631702,345.0,49.86,9.43,,43.85,20.61
14631703,322.7,33.01,11.03,,44.87,1.86
14631704,322.7,33.01,11.03,,44.87,1.86
14631705,325.3,37.19,10.01,,45.49,3.54
14650113,292.5,26.81,17.32,,46.99,10.28
14650114,292.5,26.81,17.32,,46.99,10.28
14650115,317.3,30.76,13.89,,44.7,8.07
14650303,292.5,26.81,17.32,,46.99,10.28
14650505,282.8,26.62,16.16,,50.16,9.52
14651212,317.3,30.76,13.89,,44.7,8.07
14651414,330.4,34.71,17.04,,42.28,9.8
14660107,333.8,34.48,6.29,,44.45,2.25
14660601,275.3,30.23,29.92,,43.4,51.37
14660705,293.8,28.88,11.52,,46.93,1.96
14660903,324.2,31.23,9.9,,44.86,1.72
14661406,333.5,36.77,9.74,,42.31,3.89
14700101,310.0,26.53,14.9,,43.91,6.71
14700102,305.4,34.43,14.07,,44.01,34.57
14700103,278.1,26.35,23.09,,45.48,35.58
14700204,305.8,31.33,11.72,,45.53,7.72
14701006,297.0,29.92,9.5,,43.56,5.04
14701210,283.2,22.02,19.63,,46.05,30.88
14702424,301.6,31.38,10.73,,43.31,2.35
14702725,310.0,26.53,14.9,,43.91,6.71
14702927,296.9,33.64,8.47,,43.27,3.05
14710111,337.2,38.62,8.22,,46.06,2.55
14710203,283.6,29.68,22.9,,44.64,21.5
14710214,315.9,32.72,9.24,,44.85,0.0
14710215,313.1,27.9,6.5,,44.88,1.7
14710608,332.8,44.14,9.01,,42.42,4.79
14710609,337.2,38.62,8.22,,46.06,2.55
14710705,306.7,33.57,9.48,,46.5,12.57
14711513,317.3,42.3,8.61,,49.44,11.17
14720101,333.7,38.75,5.66,,44.65,1.73
14720102,294.8,29.97,18.88,,47.13,29.54
14720103,333.7,38.75,5.66,,44.65,1.73
14720104,333.7,38.75,5.66,,44.65,1.73
14720106,333.7,38.75,5.66,,44.65,1.73
14720205,333.7,38.75,5.66,,44.65,1.73
14730101,267.1,28.87,15.2,,48.15,5.07
14730102,312.8,31.59,9.96,,44.86,0.64
14730103,291.9,31.36,13.64,,47.87,10.31
14730104,312.8,31.59,9.96,,44.86,0.64
14730105,312.8,31.59,9.96,,44.86,0.64
14800101,366.0,46.76,25.38,,41.51,7.63
14800102,366.1,45.16,29.74,,38.41,4.69
14800103,396.3,47.22,31.26,,37.21,5.0
14800104,361.6,46.81,48.93,,39.34,2.89
14800105,361.6,46.81,48.93,,39.34,2.89
14800106,260.5,35.82,81.53,,40.31,58.56
14800107,361.6,46.81,48.93,,39.34,2.89
14800108,218.4,31.83,84.38,,33.73,81.14
14800109,189.4,21.55,94.6,,32.36,99.53
14800110,218.4,31.83,84.38,,33.73,81.14
14800112,218.4,31.83,84.38,,33.73,81.14
14800113,244.3,32.86,88.65,,37.67,80.86
14800114,244.3,32.86,88.65,,37.67,80.86
14800115,206.3,28.34,92.48,,34.11,99.59
14800116,209.5,28.72,90.46,,33.81,99.71
14800117,208.9,24.82,92.46,,31.53,87.94
14800118,284.9,35.56,82.38,,39.69,4.5
14800119,237.7,31.94,88.69,,35.85,83.88
14800120,239.4,35.33,89.57,,33.56,85.58
14800122,236.6,32.15,89.12,,36.1,65.53
14800123,234.1,31.33,89.71,,32.64,75.46
14800124,236.6,32.15,89.12,,36.1,65.53
14800125,221.0,32.67,83.27,,34.57,82.53
14800126,221.0,26.36,88.9,,36.29,99.59
14800128,206.6,26.78,86.56,,34.24,85.04
14800129,366.0,46.76,25.38,,41.51,7.63
14800130,274.4,33.7,78.32,,37.86,19.55
14800131,274.4,33.7,78.32,,37.86,19.55
14800132,193.4,22.71,82.4,,37.62,99.65
14800133,193.4,22.71,82.4,,37.62,99.65
14800134,266.8,33.52,75.24,,38.78,40.54
14800201,202.2,24.72,93.91,,35.71,99.26
14800202,208.4,32.4,81.76,,35.9,99.46
14800204,204.6,29.18,90.23,,29.7,87.82
14800205,261.7,42.86,63.93,,37.51,47.44
14800207,208.1,23.06,90.35,,35.28,98.46
14800208,303.7,41.17,69.93,,39.27,0.98
14800209,226.0,35.51,90.34,,32.49,81.2
14800210,228.1,34.82,88.67,,34.04,85.59
14800212,355.9,63.0,24.71,,34.82,32.79
14800213,391.1,69.3,20.75,,38.43,4.28
14800214,381.8,71.9,16.43,,35.25,1.84
14800215,381.8,71.9,16.43,,35.25,1.84
14800216,318.4,70.56,45.66,,30.92,32.86
14800217,318.4,70.56,45.66,,30.92,32.86
14800218,267.5,49.73,56.65,,41.63,68.11
14800219,300.3,62.6,36.62,,37.01,45.34
14800220,296.9,51.55,48.26,,39.54,67.22
14800221,291.1,60.45,46.73,,33.37,64.53
14800222,296.9,51.55,48.26,,39.54,67.22
14800223,267.5,49.73,56.65,,41.63,68.11
14800224,298.8,50.66,47.05,,39.82,73.26
14800225,222.7,37.57,70.6,,38.48,94.63
14800226,219.2,40.19,67.7,,39.02,90.93
14800227,290.3,47.85,60.51,,38.12,36.27
14800228,219.2,40.19,67.7,,39.02,90.93
14800229,217.0,35.57,68.96,,40.51,85.7
14800230,217.0,35.57,68.96,,40.51,85.7
14800231,227.1,34.24,68.43,,36.43,81.08
14800232,238.1,37.79,69.41,,35.11,84.09
14800233,236.5,38.08,67.26,,38.55,70.6
14800235,238.1,37.79,69.41,,35.11,84.09
14800301,387.4,64.25,16.17,,40.65,3.38
14800302,292.7,55.16,31.03,,41.04,79.71
14800303,329.3,61.73,21.64,,38.17,42.25
14800304,341.3,66.69,24.8,,38.72,51.83
14800305,341.3,66.69,24.8,,38.72,51.83
14800306,292.7,55.16,31.03,,41.04,79.71
14800307,349.8,72.78,18.85,,40.0,44.86
14800308,313.8,62.14,40.28,,37.12,68.1
14800309,313.8,62.14,40.28,,37.12,68.1
14800310,298.7,60.59,28.34,,38.73,67.83
14800311,257.2,83.17,34.32,,34.62,73.48
14800312,326.4,68.74,22.0,,37.79,63.65
14800313,323.0,62.93,23.07,,36.14,63.4
14800314,398.4,74.58,16.03,,38.58,28.93
14800315,402.9,75.51,15.54,,40.55,33.67
14800316,422.4,85.61,8.17,,39.03,1.31
14800317,321.8,57.32,28.53,,39.54,74.19
14800318,319.4,68.39,46.0,,34.94,53.0
14800319,321.8,57.32,28.53,,39.54,74.19
14800320,573.8,76.86,18.43,,41.17,5.99
14800321,446.2,67.55,16.75,,43.71,48.46
14800322,575.3,80.72,16.28,,41.51,7.71
14800323,438.7,76.84,16.93,,43.87,32.71
14800324,438.7,76.84,16.93,,43.87,32.71
14800325,395.4,78.27,13.21,,40.24,35.89
14800326,524.2,72.34,24.88,,42.23,19.56
14800327,353.4,72.66,18.2,,39.49,57.93
14800328,402.0,72.16,22.01,,38.6,36.66
14800329,402.0,72.16,22.01,,38.6,36.66
14800330,420.9,70.92,14.14,,38.77,27.73
14800331,353.4,72.66,18.2,,39.49,57.93
14800332,352.7,65.95,17.2,,40.6,72.59
14800333,325.6,68.87,20.22,,35.82,75.35
14800334,352.7,65.95,17.2,,40.6,72.59
14800335,342.7,69.64,16.25,,37.33,75.88
14800336,340.3,66.54,22.96,,38.95,69.61
14800337,330.5,61.25,24.37,,44.39,77.76
14800338,355.6,68.21,22.88,,39.55,74.93
14800339,330.5,61.25,24.37,,44.39,77.76
14800340,318.9,54.19,42.45,,43.99,77.17
14800341,335.8,63.81,25.82,,36.9,56.98
14800342,379.5,71.59,13.12,,37.64,33.66
14800343,364.4,72.53,18.29,,36.66,47.78
14800344,363.1,66.78,22.97,,40.4,39.52
14800345,360.4,69.67,16.48,,38.74,27.54
14800346,360.4,69.67,16.48,,38.74,27.54
14800347,353.5,75.24,34.2,,29.55,99.54
14800401,388.4,68.89,29.69,,44.37,46.83
14800402,470.7,71.14,25.6,,44.41,28.38
14800403,388.4,68.89,29.69,,44.37,46.83
14800404,470.7,71.14,25.6,,44.41,28.38
14800405,321.1,60.96,28.45,,34.92,92.54
14800406,321.1,60.96,28.45,,34.92,92.54
14800407,384.0,67.19,32.46,,40.77,39.8
14800408,321.1,60.96,28.45,,34.92,92.54
14800409,432.2,63.68,41.36,,41.21,50.16
14800410,292.3,63.3,31.12,,42.9,67.22
14800411,383.4,57.97,30.41,,49.55,58.65
14800412,292.3,63.3,31.12,,42.9,67.22
14800413,481.6,64.84,22.99,,48.07,56.77
14800414,459.0,64.03,20.74,,45.29,51.19
14800415,481.6,64.84,22.99,,48.07,56.77
14800416,388.1,69.35,21.69,,42.9,64.23
14800417,335.9,67.08,24.73,,38.46,73.03
14800418,334.0,78.18,19.92,,36.4,55.86
14800419,320.0,76.32,28.98,,38.56,74.01
14800420,320.0,76.32,28.98,,38.56,74.01
14800421,334.0,78.18,19.92,,36.4,55.86
14800422,373.4,68.68,28.15,,41.94,59.1
14800424,373.4,68.68,28.15,,41.94,59.1
14800425,344.7,70.41,26.83,,37.23,64.26
14800426,344.7,70.41,26.83,,37.23,64.26
14800427,388.8,75.54,35.03,,30.95,26.55
14800428,418.9,76.75,28.31,,38.21,21.29
14800429,344.7,70.41,26.83,,37.23,64.26
14800430,205.1,87.68,34.75,,28.23,80.27
14800431,312.3,71.61,27.6,,37.14,76.52
14800432,299.4,74.52,35.27,,35.71,59.75
14800433,299.4,74.52,35.27,,35.71,59.75
14800434,299.7,69.11,28.52,,43.01,80.48
14800435,299.7,69.11,28.52,,43.01,80.48
14800436,306.1,72.99,27.48,,42.55,72.52
14800437,292.9,67.27,26.18,,44.68,99.36
14800438,409.5,89.01,17.99,,39.47,10.54
14800439,351.3,81.37,19.53,,40.0,42.21
14800440,268.2,64.2,33.96,,43.31,98.77
14800441,367.2,76.42,24.53,,40.12,67.51
14800442,367.2,76.42,24.53,,40.12,67.51
14800443,481.6,64.84,22.99,,48.07,56.77
14800444,399.4,72.0,17.47,,41.52,62.97
14800445,399.4,72.0,17.47,,41.52,62.97
14800446,297.9,60.2,36.32,,45.46,96.24
14800447,428.7,73.33,22.34,,43.86,36.63
14800448,428.7,73.33,22.34,,43.86,36.63
14800449,460.3,69.46,24.42,,42.65,56.43
14800450,451.6,64.33,26.54,,44.76,59.4
14800451,390.6,65.57,27.02,,41.1,62.49
14800501,437.1,72.85,22.8,,40.72,18.64
14800502,399.9,69.12,34.48,,43.95,19.41
14800503,333.6,74.38,23.67,,38.15,46.9
14800504,371.9,83.61,15.17,,39.81,19.35
14800505,390.5,79.83,19.68,,44.08,0.0
14800506,390.5,79.83,19.68,,44.08,0.0
14800507,358.1,75.23,17.66,,41.64,33.69
14800508,350.8,71.28,25.02,,41.74,47.58
14800509,351.6,72.11,21.07,,42.47,50.85
14800510,402.0,73.87,14.43,,45.29,54.51
14800511,465.7,78.51,20.6,,48.03,13.02
14800512,440.6,75.56,19.92,,43.79,32.31
14800513,445.2,74.7,21.45,,45.34,27.85
14800514,415.9,73.64,19.17,,42.26,46.25
14800515,440.6,75.56,19.92,,43.79,32.31
14800516,415.9,73.64,19.17,,42.26,46.25
14800517,437.1,72.85,22.8,,40.72,18.64
14800518,371.4,69.69,23.49,,46.45,72.71
14800519,344.9,63.17,24.2,,48.17,92.86
14800520,371.4,69.69,23.49,,46.45,72.71
14800521,414.5,72.96,21.6,,44.7,37.65
14800522,414.5,72.96,21.6,,44.7,37.65
14800523,352.7,69.0,20.31,,42.82,80.54
14800524,480.5,74.37,21.7,,45.74,27.06
14800525,480.5,74.37,21.7,,45.74,27.06
14800526,315.4,65.01,26.17,,43.36,67.75
14800527,372.2,77.16,15.26,,41.52,33.01
14800528,297.1,66.88,19.45,,39.71,81.09
14800529,372.2,77.16,15.26,,41.52,33.01
14800530,298.1,69.98,18.38,,40.17,71.47
14800531,322.9,70.1,18.25,,38.98,62.15
14800532,335.2,68.8,15.69,,41.57,37.54
14800533,248.4,68.77,24.77,,37.15,92.78
14800534,318.9,63.75,20.89,,43.76,71.42
14800535,318.9,63.75,20.89,,43.76,71.42
14800536,298.0,60.55,29.59,,44.47,84.14
14800537,348.0,68.98,22.96,,43.4,31.58
14800538,355.7,77.75,16.21,,42.69,26.61
14800539,355.7,77.75,16.21,,42.69,26.61
14800540,355.7,77.75,16.21,,42.69,26.61
14800541,300.0,68.24,18.41,,41.54,83.91
14800542,314.7,71.8,18.08,,39.3,65.66
14800543,295.1,69.85,19.46,,39.34,89.18
14800544,316.6,71.74,19.67,,37.03,84.26
14800545,316.6,71.74,19.67,,37.03,84.26
14800546,321.6,70.04,20.68,,40.24,67.61
14800547,321.2,61.98,27.93,,43.76,79.79
14800548,312.9,70.56,21.42,,37.2,90.42
14800601,302.4,65.42,44.57,,32.49,74.52
14800602,282.3,61.12,31.46,,38.45,90.63
14800603,282.3,61.12,31.46,,38.45,90.63
14800604,305.6,68.34,27.44,,41.41,63.4
14800605,258.3,55.17,34.88,,45.59,98.99
14800606,258.3,55.17,34.88,,45.59,98.99
14800607,315.5,65.18,30.47,,39.86,61.46
14800608,315.5,65.18,30.47,,39.86,61.46
14800609,309.9,67.76,30.16,,40.11,43.88
14800610,310.2,54.31,39.54,,36.98,52.23
14800611,313.2,65.44,38.9,,35.64,34.49
14800612,263.9,60.32,40.68,,37.69,96.81
14800613,332.8,74.57,27.71,,39.99,0.37
14800614,317.6,68.35,23.34,,45.8,5.54
14800615,308.9,63.81,38.61,,45.19,14.58
14800616,308.9,63.81,38.61,,45.19,14.58
14800617,252.2,38.69,63.35,,36.97,80.97
14800618,301.2,63.62,75.06,,34.9,71.11
14800620,246.3,46.15,73.99,,40.16,86.33
14800621,234.1,46.31,65.57,,38.29,99.34
14800622,235.5,35.86,54.03,,43.86,99.24
14800623,264.8,38.59,46.26,,48.21,87.46
14800624,340.8,54.69,28.64,,43.94,52.96
14800625,297.6,52.17,30.44,,44.95,47.06
14800626,340.8,54.69,28.64,,43.94,52.96
14800627,288.4,47.0,35.61,,37.8,78.61
14800628,310.0,52.5,45.19,,35.6,86.32
14800629,299.2,52.32,46.64,,33.82,92.37
14800630,310.0,52.5,45.19,,35.6,86.32
14800631,399.2,64.49,26.29,,44.64,1.08
14800632,427.8,68.89,30.78,,40.95,16.51
14800633,422.6,68.89,24.7,,38.12,21.99
14800634,527.7,73.81,23.51,,40.37,1.34
14800635,421.9,66.21,20.14,,40.53,11.91
14800636,466.7,69.99,9.46,,40.46,0.76
14800637,489.9,76.48,8.67,,41.85,0.92
14800638,489.9,76.48,8.67,,41.85,0.92
14800639,466.7,69.99,9.46,,40.46,0.76
14800640,404.1,74.17,8.92,,37.9,0.0
14800641,379.1,64.64,25.51,,39.02,36.92
14800642,379.1,64.64,25.51,,39.02,36.92
14800643,421.9,66.21,20.14,,40.53,11.91
14800644,559.3,74.55,14.07,,42.76,5.54
14800645,651.0,74.07,13.04,,46.45,4.65
14800646,440.3,63.67,28.71,,41.06,28.23
14800647,468.5,74.38,16.65,,43.33,0.31
14800701,634.7,74.47,13.06,,43.7,1.95
14800702,634.7,74.47,13.06,,43.7,1.95
14800703,538.5,77.47,14.29,,41.5,2.15
14800704,478.7,79.85,16.05,,40.66,2.93
14800705,426.7,70.11,12.74,,43.74,44.68
14800706,489.4,77.22,13.36,,41.44,3.89
14800707,489.4,77.22,13.36,,41.44,3.89
14800708,478.7,79.85,16.05,,40.66,2.93
14800709,455.8,80.09,16.58,,40.79,0.55
14800710,485.2,75.54,14.14,,42.77,1.71
14800711,441.6,69.6,13.06,,43.17,0.0
14800712,485.2,75.54,14.14,,42.77,1.71
14800713,457.4,77.86,9.24,,41.05,0.52
14800714,454.7,66.14,9.51,,46.94,4.72
14800715,426.4,67.93,16.25,,41.3,0.75
14800716,426.4,67.93,16.25,,41.3,0.75
14800717,426.4,67.93,16.25,,41.3,0.75
14800718,305.8,53.25,31.04,,40.05,35.61
14800719,291.8,44.33,50.0,,39.52,86.73
14800720,264.9,42.63,72.1,,39.08,68.15
14800722,264.0,39.82,70.58,,37.81,52.61
14800723,264.0,39.82,70.58,,37.81,52.61
14800724,305.5,45.65,53.87,,42.34,54.57
14800725,257.2,49.3,60.4,,37.32,56.45
14800726,322.1,54.79,55.73,,37.04,60.95
14800727,235.5,35.69,71.17,,34.75,97.25
14800728,419.4,61.76,9.86,,45.78,17.94
14800729,409.9,66.67,17.35,,41.13,1.65
14800730,419.4,61.76,9.86,,45.78,17.94
14800731,450.7,70.92,14.33,,38.7,0.29
14800732,578.6,72.96,15.46,,45.72,2.8
14800733,472.7,71.43,15.23,,42.8,0.14
14800734,578.6,72.96,15.46,,45.72,2.8
14800735,378.7,58.49,6.99,,46.12,9.79
14800736,379.3,63.28,9.77,,50.8,5.29
14800737,369.8,67.74,11.27,,46.05,2.16
14800801,229.9,29.24,80.62,,36.67,99.46
14800802,287.6,40.42,72.93,,39.23,5.08
14800803,287.6,40.42,72.93,,39.23,5.08
14800804,312.3,44.24,60.99,,41.4,0.76
14800805,294.2,50.77,65.5,,34.32,79.76
14800806,368.5,58.62,40.25,,38.41,17.63
14800807,312.3,44.24,60.99,,41.4,0.76
14800808,237.0,45.39,86.45,,31.65,99.63
14800809,232.8,36.44,80.28,,41.08,95.91
14800811,264.5,33.85,81.1,,37.27,40.22
14800812,247.3,47.26,84.12,,30.81,98.52
14800813,245.2,35.8,84.75,,35.07,62.48
14800814,245.2,35.8,84.75,,35.07,62.48
14800816,201.4,26.17,83.59,,32.88,99.31
14800818,254.3,36.79,77.68,,34.95,77.63
14800819,277.8,39.92,69.28,,37.51,49.7
14800820,350.5,55.8,24.72,,41.61,56.52
14800821,484.9,68.86,10.55,,39.76,0.97
14800822,531.3,71.04,10.47,,40.36,1.65
14800823,508.6,71.07,10.79,,41.25,0.14
14800824,531.3,71.04,10.47,,40.36,1.65
14800825,417.6,56.72,13.59,,43.4,1.84
14800826,403.4,62.0,14.48,,43.78,6.15
14800827,484.9,68.86,10.55,,39.76,0.97
14800828,403.4,62.0,14.48,,43.78,6.15
14800829,403.4,62.0,14.48,,43.78,6.15
14800830,389.0,58.2,13.1,,39.03,0.3
14800831,387.6,55.06,11.69,,39.65,6.62
14800832,389.0,58.2,13.1,,39.03,0.3
14800833,435.2,58.51,16.48,,33.41,7.79
14800834,483.4,67.59,11.66,,39.27,0.45
14800835,435.2,58.51,16.48,,33.41,7.79
14800836,447.0,59.28,12.81,,39.05,0.14
14800837,447.0,59.28,12.81,,39.05,0.14
14800901,417.5,64.21,30.09,,40.26,2.05
14800902,417.5,64.21,30.09,,40.26,2.05
14800903,309.9,52.66,35.66,,39.17,52.61
14800904,364.5,59.73,46.29,,38.64,26.23
14800905,364.5,59.73,46.29,,38.64,26.23
14800906,384.3,64.68,25.39,,38.57,3.79
14800907,350.8,62.29,41.43,,41.26,26.03
14800908,306.6,60.21,42.78,,37.47,52.61
14800909,266.4,55.36,47.62,,39.98,83.99
14800910,350.8,62.29,41.43,,41.26,26.03
14800912,347.7,64.14,44.59,,39.71,20.12
14800913,294.2,55.61,43.62,,37.75,75.68
14800914,347.7,64.14,44.59,,39.71,20.12
14800915,390.7,69.04,54.05,,33.29,47.89
14800916,369.7,67.47,58.58,,34.15,44.64
14800917,315.6,68.16,58.16,,30.99,25.58
14800918,354.1,61.76,45.4,,39.49,28.96
14800919,294.4,63.9,37.59,,34.42,71.0
14800920,294.4,63.9,37.59,,34.42,71.0
14800921,304.8,60.39,38.99,,38.87,44.51
14800922,304.8,60.39,38.99,,38.87,44.51
14800923,337.1,66.95,52.07,,39.78,33.17
14800924,337.1,66.95,52.07,,39.78,33.17
14800925,244.5,46.8,63.75,,37.92,86.25
14800926,269.9,44.62,46.94,,43.62,88.7
14800927,323.3,52.41,37.97,,40.62,59.59
14800928,269.9,44.62,46.94,,43.62,88.7
14800929,319.9,55.79,33.64,,37.02,64.43
14800930,357.5,56.3,32.91,,39.57,32.76
14800931,357.8,57.83,27.21,,38.9,44.01
14800932,450.2,68.91,34.38,,38.48,6.98
14800933,488.5,64.92,28.4,,50.69,9.79
14800934,384.3,52.63,31.2,,50.8,65.37
14800935,384.3,52.63,31.2,,50.8,65.37
14800936,436.4,63.2,27.41,,51.32,17.62
14800937,436.4,63.2,27.41,,51.32,17.62
14800938,455.3,69.9,31.77,,45.92,17.95
14800939,416.7,70.62,22.82,,46.74,35.69
14800940,315.6,68.16,58.16,,30.99,25.58
14800941,461.0,71.15,36.21,,43.72,26.63
14801001,383.4,43.16,30.5,,40.08,6.34
14801002,426.7,56.49,21.94,,37.04,0.15
14801003,380.0,55.66,25.87,,35.5,1.63
14801004,312.3,40.43,41.91,,43.54,0.0
14801005,325.0,44.17,43.34,,43.13,5.27
14801006,340.4,41.6,42.39,,42.63,0.84
14801007,318.2,42.82,31.43,,42.16,0.71
14801008,323.3,54.43,42.63,,36.88,39.99
14801009,379.1,55.86,33.51,,42.92,0.87
14801010,301.5,47.63,70.7,,42.44,0.7
14801011,290.2,41.71,70.8,,40.74,2.85
14801012,244.0,42.08,68.89,,36.36,86.27
14801013,310.6,50.76,57.49,,40.91,1.14
14801014,310.6,50.76,57.49,,40.91,1.14
14801015,400.8,67.63,38.83,,39.66,3.86
14801016,252.9,36.9,71.9,,34.37,87.08
14801017,228.8,37.17,75.16,,33.36,96.31
14801018,228.8,37.17,75.16,,33.36,96.31
14801019,314.5,50.36,60.63,,41.77,0.96
14801020,357.4,45.65,53.3,,43.32,0.81
14801021,357.4,45.65,53.3,,43.32,0.81
14801022,369.5,53.99,51.12,,39.89,20.16
14801023,248.6,42.27,68.44,,38.43,98.46
14801025,369.5,53.99,51.12,,39.89,20.16
14801026,301.1,45.94,61.7,,38.88,55.59
14801027,376.5,57.17,35.08,,41.18,13.64
14801028,417.5,64.21,30.09,,40.26,2.05
14801029,315.1,51.59,39.6,,43.81,3.81
14801030,376.5,57.17,35.08,,41.18,13.64
14801031,376.5,57.17,35.08,,41.18,13.64
14801032,233.8,29.89,61.25,,36.79,99.25
14801033,393.2,44.09,22.67,,40.67,8.2
14801034,393.2,44.09,22.67,,40.67,8.2
14810101,341.6,59.15,33.32,,40.65,47.21
14810102,354.7,56.8,30.62,,43.18,42.74
14810103,345.2,62.61,29.0,,41.21,19.52
14810104,402.1,66.24,30.57,,39.15,3.2
14810105,289.6,52.78,45.49,,38.81,64.37
14810106,385.2,53.24,32.6,,35.25,31.71
14810107,379.3,61.91,33.77,,34.48,51.18
14810108,290.1,50.07,35.6,,37.66,77.74
14810109,329.1,52.07,44.99,,40.23,5.45
14810110,442.4,76.63,23.91,,45.27,10.79
14810111,356.2,67.25,32.81,,39.06,13.54
14810112,490.0,75.84,27.64,,40.67,7.24
14810113,341.6,63.26,30.37,,35.4,66.54
14810114,454.4,76.22,24.42,,42.08,13.21
14810115,380.6,77.89,23.76,,37.39,38.69
14810116,402.4,67.77,20.82,,35.44,25.6
14810117,318.2,51.4,41.35,,37.96,47.39
14810118,344.7,59.25,36.86,,40.12,44.42
14810119,321.4,60.91,25.56,,42.39,44.94
14810120,450.2,79.05,20.87,,35.12,10.3
14810121,341.6,59.15,33.32,,40.65,47.21
14810122,379.3,61.91,33.77,,34.48,51.18
14810123,402.1,66.24,30.57,,39.15,3.2
14810124,341.6,63.26,30.37,,35.4,66.54
14810201,382.3,64.17,27.19,,41.26,11.54
14810202,293.0,44.86,48.27,,35.78,81.62
14810203,368.8,58.77,26.64,,41.06,1.47
14810204,413.2,64.1,20.81,,36.48,4.14
14810205,374.0,56.17,24.85,,38.79,28.59
14810301,417.5,56.02,15.68,,40.83,0.0
14810302,340.4,49.61,31.79,,39.77,36.77
14810303,393.3,63.91,17.29,,42.42,0.0
14810304,376.3,54.27,13.98,,44.76,5.77
14810305,372.9,38.97,11.45,,41.91,1.18
14810306,382.4,50.42,14.64,,43.99,29.66
14810307,382.5,56.23,19.05,,41.63,1.09
14810308,407.9,58.97,17.68,,40.67,8.27
14810309,367.4,53.37,19.5,,41.56,15.74
14810401,481.6,81.38,18.67,,38.63,1.6
14810402,379.7,63.06,31.87,,40.14,24.19
14810403,395.0,68.27,11.75,,42.85,19.65
14810404,436.3,67.62,21.34,,40.48,4.26
14810405,350.5,51.57,32.57,,39.68,30.45
14810406,461.4,75.61,14.04,,41.55,2.95
14810407,377.6,57.11,17.87,,41.09,39.19
14810408,379.7,63.06,31.87,,40.14,24.19
14821150,356.5,37.76,5.95,,40.76,1.36
14821151,385.7,41.04,11.18,,40.02,2.22
14821152,346.2,47.0,14.32,,38.12,10.36
14821153,376.2,51.45,12.7,,34.34,10.16
14821154,376.2,51.45,12.7,,34.34,10.16
14821155,361.9,47.87,16.93,,41.36,5.96
14821156,384.6,42.75,10.52,,40.57,0.0
14821157,372.8,47.75,20.68,,46.2,24.73
14821158,372.8,47.75,20.68,,46.2,24.73
14821159,355.0,47.8,11.45,,52.16,34.97
14821160,372.9,48.19,17.33,,41.22,50.83
14821161,372.9,48.19,17.33,,41.22,50.83
14829901,365.1,48.95,11.57,,39.52,7.87
14829902,408.3,49.56,5.81,,47.21,0.0
14829903,433.5,55.49,8.41,,45.44,0.39
14829904,433.5,55.49,8.41,,45.44,0.39
14829905,384.7,43.6,6.69,,40.78,1.12
14829906,384.7,43.6,6.69,,40.78,1.12
14829907,370.0,46.69,10.16,,39.11,3.77
14829908,410.8,52.2,7.3,,46.55,0.44
14829909,374.7,43.44,11.13,,42.44,1.5
14829910,425.8,59.03,10.26,,41.89,1.03
14829911,349.3,58.35,13.58,,29.09,19.86
14829912,348.5,53.35,15.18,,37.41,34.12
14829913,325.6,48.58,16.8,,44.74,43.38
14829914,401.5,54.34,13.11,,44.63,1.44
14829915,311.9,40.24,40.91,,40.98,39.36
14829916,401.5,54.34,13.11,,44.63,1.44
14840101,315.1,39.63,13.76,,55.51,49.96
14840102,235.8,30.61,53.97,,42.97,71.5
14840103,302.0,34.28,21.09,,52.4,63.61
14840104,381.6,46.58,10.15,,48.15,3.92
14840105,303.2,30.77,19.29,,46.84,45.78
14840201,350.5,40.69,11.05,,51.08,5.33
14840301,373.1,53.39,7.33,,57.07,6.1
14840401,330.1,37.16,9.39,,46.03,3.67
14840501,300.5,26.84,14.7,,47.25,21.55
14840502,330.1,37.16,9.39,,46.03,3.67
14850101,352.0,36.15,7.68,,42.92,3.5
14850102,294.5,38.48,19.84,,40.63,57.05
14850103,306.2,33.69,19.17,,46.29,8.53
14850104,355.3,50.74,10.14,,41.44,5.96
14850105,275.9,35.4,27.8,,44.71,67.68
14850106,289.2,37.31,22.87,,53.47,34.42
14850107,285.4,37.84,23.48,,45.33,58.64
14850108,277.7,36.55,33.94,,44.22,68.12
14850109,284.9,40.39,15.95,,51.52,48.51
14850110,355.3,50.74,10.14,,41.44,5.96
14850301,338.6,42.42,10.31,,44.32,6.95
14850302,348.5,64.14,11.0,,43.39,17.03
14850303,338.6,42.42,10.31,,44.32,6.95
14850501,364.0,52.11,12.44,,37.8,1.92
14850502,352.0,36.15,7.68,,42.92,3.5
14850503,364.0,52.11,12.44,,37.8,1.92
14850701,351.0,44.35,7.35,,48.68,1.66
14850901,344.0,39.29,9.22,,41.62,0.88
14850902,351.9,41.89,9.4,,42.45,4.52
14851001,399.0,46.36,9.71,,44.93,2.82
14851002,344.0,39.29,9.22,,41.62,0.88
14851003,401.4,56.78,11.1,,40.93,1.23
14851101,332.9,31.25,5.39,,42.34,5.08
14851201,253.4,33.07,35.37,,45.73,59.12
14851202,233.7,28.42,48.82,,41.97,90.23
14851204,289.2,38.96,29.11,,38.78,58.16
14851205,295.8,41.1,23.27,,38.72,47.31
14851206,299.3,42.08,37.65,,41.02,1.62
14851207,184.5,22.74,78.21,,35.12,69.47
14851208,344.0,39.29,9.22,,41.62,0.88
14851209,344.0,39.29,9.22,,41.62,0.88
14851210,338.0,51.02,23.41,,40.86,1.26
14851211,332.9,31.25,5.39,,42.34,5.08
14851212,329.1,49.19,9.63,,40.63,31.66
14860101,283.1,28.15,45.87,,45.31,64.99
14860102,331.2,34.24,28.98,,42.13,13.22
14860103,380.7,45.06,20.05,,49.49,5.57
14860104,368.1,38.24,34.67,,40.41,10.75
14860105,368.1,38.24,34.67,,40.41,10.75
14860203,332.0,26.8,29.78,,41.36,11.96
14860401,349.1,25.99,45.09,,45.53,8.42
14860701,380.7,45.06,20.05,,49.49,5.57
14870101,334.8,34.03,5.51,,44.47,0.76
14870102,258.7,27.31,22.24,,46.61,34.29
14870103,326.8,31.7,6.41,,45.97,0.71
14870104,337.6,41.56,8.84,,43.84,3.21
14870105,382.3,63.07,8.61,,39.55,6.24
14870106,350.9,62.38,8.39,,41.24,5.87
14870107,302.6,47.23,11.62,,50.98,47.65
14870108,287.8,41.79,17.16,,50.83,62.0
14870109,246.6,37.16,34.84,,42.53,86.99
14870110,284.5,46.75,24.26,,45.52,57.49
14870111,321.6,47.55,17.5,,45.73,55.68
14870112,238.3,31.26,38.94,,44.79,63.37
14870113,319.2,41.54,24.46,,44.14,22.91
14870114,188.0,20.5,75.71,,34.2,59.84
14870115,219.6,28.59,59.85,,38.91,44.56
14870116,292.0,40.44,24.9,,42.0,20.86
14870117,345.6,55.0,13.15,,43.69,0.18
14870118,337.6,41.56,8.84,,43.84,3.21
14870119,336.9,53.28,21.53,,41.49,5.89
14870120,327.0,49.91,8.4,,41.6,1.06
14870121,299.7,38.22,12.86,,44.45,25.04
14870122,337.6,41.56,8.84,,43.84,3.21
14870123,337.6,50.49,8.18,,44.76,0.92
14880106,382.5,59.93,11.22,,41.34,11.6
14880107,356.7,47.51,12.81,,39.86,6.19
14880108,408.7,67.95,14.32,,42.94,5.11
14880109,282.8,52.09,19.18,,55.78,63.46
14880110,324.0,48.77,27.4,,45.15,69.72
14880111,300.5,45.56,21.95,,45.74,69.25
14880113,272.6,45.17,32.53,,44.0,63.46
14880114,279.0,47.35,34.08,,42.32,40.24
14880119,332.9,49.29,29.54,,42.75,31.91
14880120,370.8,60.67,18.32,,41.42,4.27
14880125,376.8,54.52,26.07,,38.81,20.93
14880135,357.4,63.64,11.34,,40.11,14.31
14880137,370.8,60.67,18.32,,41.42,4.27
14880327,323.1,40.89,8.56,,45.18,8.41
14880428,356.7,47.51,12.81,,39.86,6.19
14880429,356.7,47.51,12.81,,39.86,6.19
14880530,319.9,36.55,10.7,,43.78,7.33
14880632,361.4,40.65,13.13,,45.19,0.36
14880731,317.9,40.62,14.27,,40.74,15.66
14880916,249.8,44.44,43.99,,40.04,70.5
14880917,249.8,44.44,43.99,,40.04,70.5
14880918,235.5,32.11,79.14,,41.74,15.77
14880921,266.9,33.1,52.56,,41.71,0.0
14880922,220.5,33.33,61.1,,37.85,72.6
14880923,224.4,29.37,76.41,,38.47,61.4
14880924,267.3,38.75,64.57,,37.18,13.22
14880936,208.4,28.16,76.91,,35.19,82.73
14881001,304.3,43.57,18.75,,41.02,47.34
14881002,356.7,53.87,12.57,,41.67,19.59
14881003,332.2,49.41,14.0,,39.78,17.5
14881004,311.0,46.31,20.4,,40.26,40.98
14881005,336.5,52.01,14.93,,44.33,1.16
14881033,315.5,55.42,26.79,,42.0,53.87
14881034,315.5,55.42,26.79,,42.0,53.87
14890101,310.6,31.53,8.75,,44.44,6.74
14890102,298.4,28.01,11.94,,47.51,29.6
14890103,344.8,47.06,7.41,,42.97,4.03
14890104,346.1,47.16,8.05,,43.68,13.33
14890105,346.1,47.16,8.05,,43.68,13.33
14890106,344.8,47.06,7.41,,42.97,4.03
14890107,315.1,44.37,17.42,,41.21,36.71
14890108,344.8,47.06,7.41,,42.97,4.03
14890109,253.5,37.76,37.19,,45.15,50.19
14890110,254.1,31.85,40.59,,41.25,71.49
14890111,392.0,59.39,16.36,,39.75,14.77
14890112,374.9,51.5,11.78,,50.82,38.49
14890113,384.3,60.32,13.85,,39.42,19.03
14890114,296.4,43.13,12.87,,45.88,71.74
14890115,318.6,42.98,12.88,,45.46,57.78
14890116,256.1,32.41,37.1,,42.06,67.68
14890117,288.7,35.19,27.36,,42.17,57.0
14890118,347.4,49.21,9.45,,41.31,1.53
14890119,391.7,61.33,10.07,,40.35,3.15
14890120,384.3,60.32,13.85,,39.42,19.03
14890121,347.4,49.21,9.45,,41.31,1.53
14890122,351.0,59.29,10.7,,37.14,3.55
14890123,355.4,45.25,10.35,,43.67,0.4
14890124,355.4,45.25,10.35,,43.67,0.4
14890125,392.0,59.39,16.36,,39.75,14.77
14900101,342.0,34.39,13.08,,44.08,7.34
14900102,322.8,44.08,21.63,,43.64,21.45
14900103,315.8,44.47,26.82,,39.1,58.95
14900104,220.1,35.62,80.44,,38.49,46.44
14900105,327.3,48.66,32.04,,43.06,10.78
14900106,343.7,34.65,11.65,,41.61,2.71
14900107,364.9,56.57,27.76,,41.59,0.0
14900108,343.7,34.65,11.65,,41.61,2.71
14900109,331.0,41.61,15.42,,39.53,18.55
14900110,325.2,32.76,12.78,,42.69,4.23
14900112,337.7,47.31,19.59,,40.93,5.48
14900114,221.7,28.82,84.7,,37.55,76.8
14900115,264.2,36.41,62.84,,37.78,46.54
14900116,192.4,28.52,85.08,,33.19,93.12
14900117,195.2,24.41,89.9,,33.79,99.1
14900118,220.1,35.62,80.44,,38.49,46.44
14900119,327.1,38.25,19.26,,41.32,10.28
14900122,353.8,54.06,32.42,,41.31,7.64
14900123,292.2,38.05,30.53,,40.46,61.34
14900124,322.8,44.08,21.63,,43.64,21.45
14900125,290.2,41.74,35.22,,41.25,31.54
14900126,343.7,34.65,11.65,,41.61,2.71
14900168,221.7,28.82,84.7,,37.55,76.8
14900169,321.7,42.13,14.6,,44.0,24.16
14900227,366.0,53.23,19.9,,41.34,52.67
14900228,366.0,53.23,19.9,,41.34,52.67
14900229,327.2,43.25,29.86,,41.12,35.67
14900230,313.0,44.08,34.38,,40.3,84.85
14900231,316.1,50.45,32.6,,38.88,69.85
14900232,329.9,45.5,27.57,,46.99,69.72
14900234,294.2,45.75,37.35,,39.99,70.48
14900235,294.2,45.75,37.35,,39.99,70.48
14900236,299.9,41.89,29.05,,39.53,75.51
14900237,232.8,31.14,64.52,,37.65,87.91
14900238,299.9,41.89,29.05,,39.53,75.51
14900242,232.8,31.14,64.52,,37.65,87.91
14900243,297.3,48.72,27.5,,49.19,60.81
14900244,295.5,47.34,29.11,,39.58,61.24
14900245,322.5,44.35,22.35,,39.99,65.45
14900246,344.2,48.59,17.43,,40.84,60.0
14900247,268.7,44.32,34.19,,42.71,80.59
14900248,359.7,42.2,8.99,,44.75,2.7
14900249,287.3,45.03,40.47,,38.79,72.28
14900251,346.5,42.15,14.11,,44.07,1.28
14900252,329.9,45.5,27.57,,46.99,69.72
14900253,303.1,33.4,18.39,,43.78,10.24
14900254,303.1,33.4,18.39,,43.78,10.24
14900255,287.3,45.03,40.47,,38.79,72.28
14900256,341.1,47.95,26.04,,41.46,22.78
14900257,304.6,41.81,30.44,,42.48,40.44
14900258,359.7,42.2,8.99,,44.75,2.7
14900357,316.3,31.82,12.67,,44.48,12.89
14900358,360.6,43.23,9.37,,42.39,0.38
14900359,294.7,49.42,15.97,,51.3,20.29
14900360,370.9,53.99,20.29,,42.62,11.33
14900361,369.1,41.7,9.67,,43.96,0.87
14900362,369.1,41.7,9.67,,43.96,0.87
14900363,349.0,47.58,13.88,,41.56,7.34
14900365,318.2,39.78,41.52,,38.45,20.76
14900366,337.8,54.99,24.75,,44.3,25.03
14900367,370.9,53.99,20.29,,42.62,11.33
14900369,275.3,46.41,53.24,,41.47,30.15
14900370,390.4,51.52,23.74,,38.44,15.17
14900371,275.3,46.41,53.24,,41.47,30.15
14900372,318.2,39.78,41.52,,38.45,20.76
14900373,248.5,32.09,61.53,,44.02,34.0
14900374,180.0,23.01,92.44,,32.24,83.18
14900375,192.7,24.62,88.27,,35.6,84.52
14900377,335.7,48.88,25.9,,42.67,35.43
14900378,360.9,54.26,15.13,,41.19,13.32
14900379,336.7,39.11,15.4,,42.52,4.64
14900380,375.7,53.61,12.69,,41.86,9.03
14900381,336.7,39.11,15.4,,42.52,4.64
14900382,283.5,39.27,44.98,,44.4,3.49
14900383,275.3,46.41,53.24,,41.47,30.15
14900384,336.7,39.11,15.4,,42.52,4.64
14900385,390.4,51.52,23.74,,38.44,15.17
14900386,368.6,54.29,16.42,,37.97,0.92
14900387,327.2,43.25,29.86,,41.12,35.67
14900388,300.7,35.12,20.28,,42.66,38.55
14910101,282.6,36.81,38.02,,38.95,46.94
14910102,340.5,38.59,17.02,,49.42,4.67
14910103,282.6,36.81,38.02,,38.95,46.94
14910104,339.2,43.5,13.59,,39.67,28.54
14910105,374.1,42.05,12.56,,45.84,22.68
14910106,340.5,38.59,17.02,,49.42,4.67
14910107,303.0,30.54,15.89,,43.98,17.91
14910108,306.1,28.74,13.72,,44.62,4.09
14910109,303.0,30.54,15.89,,43.98,17.91
14910110,322.1,36.41,11.38,,42.82,9.09
14910111,318.0,32.94,10.23,,42.78,3.59
14910112,319.7,31.88,10.26,,45.22,7.08
14910113,318.0,36.97,15.94,,44.5,7.44
14920101,310.4,33.11,5.88,,47.04,0.32
14920102,282.2,34.85,19.65,,41.61,24.08
14920103,310.4,33.11,5.88,,47.04,0.32
14920104,310.4,33.11,5.88,,47.04,0.32
14920105,228.3,26.55,35.81,,47.12,73.6
14920607,287.3,33.33,12.91,,49.33,11.97
14930101,308.1,36.68,13.71,,50.35,69.27
14930102,306.1,37.9,14.02,,45.27,33.59
14930103,303.1,38.84,10.33,,48.21,24.7
14930104,301.6,32.87,14.38,,41.0,21.35
14930105,287.5,39.6,14.47,,48.96,47.3
14930118,333.9,44.32,9.59,,41.03,5.49
14930206,262.6,31.81,35.28,,43.99,21.57
14930207,335.4,36.37,5.07,,42.64,3.69
14930208,270.4,29.09,30.07,,41.5,38.77
14930216,335.8,44.98,21.07,,49.28,22.86
14930217,335.8,44.98,21.07,,49.28,22.86
14930314,335.4,36.37,5.07,,42.64,3.69
14930315,335.4,36.37,5.07,,42.64,3.69
14931011,308.6,33.51,9.76,,44.57,4.42
14931409,339.4,35.05,9.0,,48.12,4.61
14931813,304.4,27.79,10.66,,49.43,10.72
14940101,296.4,34.1,26.21,,44.68,57.53
14940102,342.6,43.82,6.61,,45.81,1.28
14940103,267.1,28.76,33.41,,40.6,48.32
14940104,299.9,39.3,23.75,,46.9,38.9
14940105,306.1,39.65,13.62,,45.31,10.34
14940106,280.1,29.99,32.82,,42.32,41.22
14940107,295.5,38.76,17.25,,44.81,56.52
14940108,346.1,49.6,9.1,,44.16,18.13
14940109,346.1,49.6,9.1,,44.16,18.13
14940110,340.9,45.32,20.86,,43.87,22.21
14940111,271.3,35.67,28.19,,47.69,64.66
14940213,299.7,26.32,10.07,,45.06,10.38
14940514,334.7,37.97,5.25,,43.28,3.84
14940622,326.9,40.68,5.48,,44.24,9.13
14940816,355.7,43.39,3.41,,45.56,6.89
14941117,343.4,41.02,4.69,,48.88,1.97
14941315,359.1,59.61,7.13,,40.01,3.8
14941325,365.2,52.28,5.23,,44.54,3.19
14942020,331.8,35.07,4.68,,43.46,4.25
14942121,331.8,35.07,4.68,,43.46,4.25
14942424,342.6,43.82,6.61,,45.81,1.28
14942923,334.7,37.97,5.25,,43.28,3.84
14950101,261.5,25.97,54.75,,39.07,23.63
14950102,333.2,46.43,15.64,,45.32,27.27
14950103,250.7,29.43,33.02,,47.03,76.27
14950104,338.5,33.78,13.85,,44.42,6.5
14950105,338.5,33.78,13.85,,44.42,6.5
14950106,338.5,33.78,13.85,,44.42,6.5
14950107,313.0,29.16,9.51,,43.67,4.66
14950514,345.7,54.63,8.15,,43.83,3.48
14950813,338.5,33.78,13.85,,44.42,6.5
14951609,313.0,29.16,9.51,,43.67,4.66
14960101,333.1,51.79,18.72,,50.43,61.97
14960102,333.1,51.79,18.72,,50.43,61.97
14960103,350.2,53.71,14.7,,45.1,45.65
14960104,321.0,52.26,22.43,,41.15,39.58
14960105,318.5,51.1,21.07,,41.28,70.58
14960106,270.1,47.48,34.59,,42.44,72.59
14960107,300.9,54.97,30.08,,37.62,62.13
14960108,349.9,50.76,15.0,,45.09,19.95
14960109,318.4,46.15,30.28,,39.52,37.8
14960110,316.9,45.81,31.65,,37.6,37.58
14960111,283.8,52.95,30.65,,37.55,66.9
14960112,376.2,41.3,6.24,,44.74,6.91
14960113,349.6,56.46,21.88,,27.99,25.43
14960115,371.2,50.39,15.15,,42.64,59.04
14960129,350.8,38.9,6.84,,43.79,1.03
14960132,362.0,55.33,18.75,,41.14,43.62
14960134,318.5,51.1,21.07,,41.28,70.58
14960316,357.2,50.77,12.36,,42.41,4.99
14960331,361.5,59.18,12.13,,40.6,1.55
14960417,322.3,33.5,59.04,,43.06,0.0
14960418,215.1,26.77,70.93,,38.15,99.05
14960419,286.8,34.81,54.64,,40.95,16.1
14960521,307.5,44.57,19.99,,39.31,33.91
14960533,370.7,49.11,11.09,,39.13,1.21
14960820,370.7,49.11,11.09,,39.13,1.21
14961223,332.3,33.53,10.11,,40.93,4.64
14961322,339.1,37.57,11.72,,40.59,2.07
14961625,333.8,32.3,5.56,,42.87,8.2
14961824,335.8,50.34,6.11,,38.45,6.17
14962226,360.2,50.56,6.25,,44.39,2.49
14962427,333.1,39.06,6.13,,43.88,13.34
14962628,333.8,32.3,5.56,,42.87,8.2
14970101,317.4,36.3,10.56,,43.1,3.1
14970102,317.4,36.3,10.56,,43.1,3.1
14970103,278.3,36.58,16.94,,44.21,39.89
14970104,317.4,36.3,10.56,,43.1,3.1
14970505,317.4,36.3,10.56,,43.1,3.1
14970706,318.8,34.89,7.9,,42.34,6.79
14980101,268.4,26.79,22.51,,45.48,38.96
14980102,275.0,28.87,21.03,,41.94,31.07
14980103,296.5,30.48,12.32,,46.03,23.56
14980104,305.7,29.35,7.35,,44.74,3.96
14980110,312.4,34.38,9.35,,40.9,0.45
14980207,301.7,26.62,9.38,,44.62,4.75
14981512,305.7,29.35,7.35,,44.74,3.96
14990101,318.7,33.16,4.52,,41.4,1.57
14990102,270.3,32.55,24.71,,42.95,77.53
14990103,248.3,35.58,46.18,,40.23,50.07
14990104,318.7,33.16,4.52,,41.4,1.57
14990105,256.2,32.85,42.99,,41.46,30.45
14990106,236.9,29.33,45.46,,38.97,88.12
14990107,320.2,33.05,6.62,,43.0,5.48
14990108,353.9,51.88,8.08,,41.09,11.14
14990209,314.5,35.56,6.67,,43.04,5.66
14990310,314.4,25.82,4.32,,42.89,0.6
14990512,314.4,25.82,4.32,,42.89,0.6
14990711,318.7,33.16,4.52,,41.4,1.57
14991428,303.4,29.54,8.42,,44.98,7.79
14991513,303.4,29.54,8.42,,44.98,7.79
14992016,320.2,33.05,6.62,,43.0,5.48
14993123,338.6,36.49,7.05,,45.39,3.04
14993422,338.6,36.49,7.05,,45.39,3.04
14994125,373.0,44.25,7.63,,46.25,1.63
17150101,294.3,35.97,6.71,,40.52,10.21
17150102,320.9,37.43,7.68,,42.72,0.0
17150103,299.1,34.87,10.48,,48.07,26.39
17150109,320.9,37.43,7.68,,42.72,0.0
17150110,263.2,32.83,21.62,,43.4,47.09
17150205,294.3,35.97,6.71,,40.52,10.21
17150206,317.0,39.86,6.34,,44.5,3.62
17150308,317.0,39.86,6.34,,44.5,3.62
17300101,271.0,20.61,49.6,,42.72,48.3
17300102,344.9,24.81,22.86,,45.23,2.13
17300105,344.9,24.81,22.86,,45.23,2.13
17300307,303.8,25.97,22.21,,47.86,9.47
17300511,360.4,27.82,17.67,,46.93,1.7
17370101,324.5,25.48,13.26,,46.29,2.23
17370102,327.3,30.18,14.05,,44.07,1.54
17370105,327.3,30.18,14.05,,44.07,1.54
17370106,327.3,30.18,14.05,,44.07,1.54
17370309,324.5,25.48,13.26,,46.29,2.23
17370512,308.6,25.84,16.85,,50.28,8.95
17370617,299.8,18.61,24.71,,54.66,14.81
17370822,274.9,25.04,17.89,,52.75,6.89
17370923,274.9,25.04,17.89,,52.75,6.89
17600103,338.4,30.07,12.03,,49.41,1.68
17600201,338.4,30.07,12.03,,49.41,1.68
17600302,338.4,30.07,12.03,,49.41,1.68
17610101,280.8,37.87,18.62,,44.74,50.03
17610102,388.7,64.68,7.64,,40.77,0.65
17610103,359.3,59.51,5.03,,38.49,0.38
17610104,287.1,42.2,15.05,,49.38,20.97
17610105,376.9,64.32,8.01,,40.17,2.64
17610106,353.8,68.67,5.78,,39.55,0.0
17610107,393.9,70.23,7.66,,38.83,1.88
17610108,388.7,64.68,7.64,,40.77,0.65
17610109,388.7,64.68,7.64,,40.77,0.65
17620203,290.5,35.33,21.14,,45.61,6.56
17620205,290.5,35.33,21.14,,45.61,6.56
17630101,298.2,38.16,8.46,,45.94,25.01
17630102,298.2,38.16,8.46,,45.94,25.01
17630103,338.6,37.44,8.48,,46.98,2.22
17630104,338.6,37.44,8.48,,46.98,2.22
17630105,338.6,37.44,8.48,,46.98,2.22
17630212,338.6,37.44,8.48,,46.98,2.22
17630315,338.6,37.44,8.48,,46.98,2.22
17640102,254.8,23.4,16.88,,48.62,41.31
17640103,291.7,24.82,15.95,,44.22,26.27
17640106,304.4,28.87,12.45,,44.05,15.39
17640107,294.5,30.72,13.31,,48.36,12.27
17640108,332.5,37.25,8.96,,47.17,3.47
17650101,332.4,22.59,11.21,,46.47,2.0
17650102,329.4,29.74,13.33,,50.48,2.89
17650203,332.4,22.59,11.21,,46.47,2.0
17650307,333.6,25.73,21.41,,45.58,1.86
17650509,329.4,29.74,13.33,,50.48,2.89
17650711,363.2,24.81,20.47,,44.3,1.8
17660101,320.6,33.7,10.96,,43.88,2.83
17660102,305.3,28.63,6.61,,46.43,4.68
17660103,302.4,32.87,18.31,,45.07,35.9
17660106,320.6,33.7,10.96,,43.88,2.83
17660109,328.4,31.77,13.2,,44.85,5.45
17660110,305.3,28.63,6.61,,46.43,4.68
17660119,302.0,33.81,16.13,,48.96,6.37
17660124,266.2,33.11,15.09,,46.56,48.02
17660215,317.0,41.21,9.49,,45.08,2.14
17660317,317.0,41.21,9.49,,45.08,2.14
17660523,305.8,38.34,10.38,,47.21,7.42
17800101,317.6,54.86,20.6,,42.79,70.85
17800102,318.1,59.24,14.08,,51.15,67.82
17800103,359.6,66.19,15.12,,41.32,41.2
17800104,264.6,45.19,32.5,,47.09,73.95
17800105,292.5,57.0,20.56,,43.24,62.74
17800106,397.7,63.31,18.23,,41.14,30.33
17800107,377.3,63.99,14.9,,38.96,57.45
17800111,317.6,54.86,20.6,,42.79,70.85
17800112,347.4,59.98,15.63,,41.63,55.29
17800113,401.8,68.9,7.91,,39.77,3.52
17800114,335.7,57.23,11.64,,45.98,58.5
17800115,293.7,57.08,17.16,,42.56,71.71
17800116,357.9,60.44,13.31,,48.12,41.14
17800117,321.2,62.13,13.78,,37.11,49.01
17800118,334.7,56.05,14.21,,41.27,37.26
17800119,379.3,68.04,9.62,,45.65,9.38
17800120,335.7,57.23,11.64,,45.98,58.5
17800123,397.7,63.31,18.23,,41.14,30.33
17800125,318.1,59.24,14.08,,51.15,67.82
17800126,359.6,66.19,15.12,,41.32,41.2
17800230,361.5,59.15,11.13,,46.79,40.75
17800231,320.3,59.14,10.82,,43.06,24.66
17800232,320.3,59.14,10.82,,43.06,24.66
17800233,334.7,56.05,14.21,,41.27,37.26
17800234,279.7,49.24,12.71,,52.95,69.18
17800235,363.3,67.13,9.3,,40.39,1.83
17800236,356.9,57.06,11.96,,42.58,36.03
17800238,366.8,66.17,9.15,,40.86,0.19
17800239,222.0,35.34,39.02,,37.92,100.09
17800240,243.7,44.69,37.3,,43.65,52.26
17800241,220.9,52.09,39.52,,29.73,71.21
17800242,211.8,34.51,64.44,,34.08,89.54
17800243,351.8,68.28,15.16,,33.54,0.63
17800244,340.1,59.92,33.75,,44.27,0.27
17800245,226.7,49.86,50.46,,36.39,68.21
17800246,194.1,43.32,67.2,,31.18,99.87
17800247,366.4,52.43,6.94,,40.89,1.51
17800249,356.9,57.06,11.96,,42.58,36.03
17800250,222.0,35.34,39.02,,37.92,100.09
17800251,226.7,49.86,50.46,,36.39,68.21
17800350,334.9,52.13,7.5,,40.56,9.58
17800351,366.4,52.43,6.94,,40.89,1.51
17800456,309.7,42.77,5.25,,43.93,6.57
17800665,280.4,40.62,14.27,,46.34,11.6
17800667,319.9,40.16,10.7,,46.3,1.63
17800775,351.2,56.91,6.02,,39.74,2.49
17800880,332.2,52.3,8.5,,41.18,31.44
17800881,376.7,72.06,5.82,,39.32,0.93
17800882,355.1,47.21,4.74,,41.92,1.96
17800883,356.4,65.24,7.6,,39.61,2.79
17800990,389.0,49.75,7.66,,45.21,1.5
17800991,286.4,30.09,18.17,,46.68,9.69
17800992,389.0,49.75,7.66,,45.21,1.5
17801106,394.1,65.53,9.83,,41.26,28.94
17801107,224.5,36.61,49.13,,41.13,69.08
17801108,240.3,31.5,47.95,,44.46,62.89
17801109,346.9,61.35,19.33,,45.01,7.06
17801110,229.7,31.71,49.4,,36.88,82.62
17801119,389.0,49.75,7.66,,45.21,1.5
17801120,372.3,64.44,12.19,,44.12,0.15
17801121,387.7,58.72,12.14,,42.18,17.01
17810101,220.5,27.3,40.06,,45.78,85.03
17810102,234.3,29.26,35.75,,40.95,44.83
17810103,220.5,27.3,40.06,,45.78,85.03
17810104,314.9,42.41,16.09,,43.45,14.65
17810105,314.1,40.34,13.67,,46.35,7.15
17810106,352.4,36.06,6.79,,47.88,2.5
17810107,326.8,41.18,13.06,,52.7,24.09
17810108,326.8,41.18,13.06,,52.7,24.09
17810109,298.4,44.06,10.04,,42.28,35.18
17810110,333.9,43.51,7.49,,45.98,5.28
17810111,352.4,36.06,6.79,,47.88,2.5
17810112,352.4,36.06,6.79,,47.88,2.5
17810113,352.4,36.06,6.79,,47.88,2.5
17810114,257.9,21.25,26.64,,49.39,9.44
17810115,296.0,30.97,12.13,,49.04,7.81
17820101,286.2,26.59,13.14,,50.05,4.71
17820102,275.8,21.93,22.72,,42.73,12.59
17820103,280.5,22.67,18.9,,52.39,10.5
17820104,286.2,26.59,13.14,,50.05,4.71
17820712,269.6,30.26,17.56,,47.52,1.52
17830101,265.9,22.52,16.38,,48.81,13.49
17830105,307.3,35.88,20.89,,49.89,1.42
17830210,306.6,28.02,24.55,,46.83,0.58
17830315,291.2,24.9,23.97,,48.18,1.55
17830418,281.4,28.01,28.41,,49.6,2.01
17830522,307.3,35.88,20.89,,49.89,1.42
17840102,313.7,41.14,13.28,,47.32,31.4
17840103,271.0,32.61,22.02,,45.3,67.76
17840104,260.2,32.77,19.12,,52.2,68.35
17840105,283.9,32.46,19.46,,47.45,43.97
17840106,297.3,32.38,24.96,,39.61,35.79
17840125,343.3,43.94,5.98,,45.62,1.24
17840207,343.3,43.94,5.98,,45.62,1.24
17840208,343.3,43.94,5.98,,45.62,1.24
17840209,272.6,30.88,26.62,,40.6,45.78
17840210,324.1,31.44,11.19,,43.94,9.58
17840228,343.3,43.94,5.98,,45.62,1.24
17840311,320.7,35.43,9.46,,46.22,4.01
17840514,275.4,26.21,18.99,,50.27,8.91
17840617,310.7,31.14,10.76,,46.5,5.3
17840920,318.7,31.37,10.91,,45.4,5.76
17841123,318.1,39.09,8.96,,45.77,4.48
17841124,318.1,39.09,8.96,,45.77,4.48
17850101,300.6,37.07,11.22,,47.19,22.9
17850102,307.2,24.85,7.93,,46.17,6.72
17850103,327.0,31.84,9.3,,46.16,0.72
17850105,310.8,34.86,8.25,,48.09,2.22
17850206,327.0,31.84,9.3,,46.16,0.72
17850308,307.2,24.85,7.93,,46.17,6.72
17851018,327.0,31.84,9.3,,46.16,0.72
17851120,281.0,28.87,13.55,,48.48,13.15
17851223,296.1,33.5,10.94,,48.4,5.92
18140100,357.4,57.62,7.77,,32.7,2.68
18140200,313.2,40.7,6.21,,43.72,0.83
18140301,305.9,32.0,9.26,,42.61,19.94
18140302,313.2,40.7,6.21,,43.72,0.83
18140400,283.2,33.74,9.48,,46.04,12.38
18140500,327.3,32.8,4.89,,42.9,2.27
18600101,263.6,24.18,26.67,,46.36,41.5
18600103,316.9,22.51,14.21,,49.81,8.55
18600205,293.3,28.9,16.63,,51.92,7.43
18600407,316.9,22.51,14.21,,49.81,8.55
18610111,229.2,22.02,54.78,,38.75,72.3
18610113,297.1,30.23,27.37,,43.06,7.0
18610114,320.2,30.22,7.96,,44.47,5.6
18610115,320.2,30.22,7.96,,44.47,5.6
18610116,320.7,39.7,12.46,,44.6,11.26
18610221,295.2,24.35,9.51,,42.02,15.62
18610231,320.2,30.22,7.96,,44.47,5.6
18610441,311.4,34.95,10.41,,46.08,4.38
18610451,311.4,34.95,10.41,,46.08,4.38
18610671,311.4,34.95,10.41,,46.08,4.38
18620101,228.7,22.34,32.26,,50.24,59.44
18620102,316.2,30.51,10.47,,48.08,5.12
18620103,304.2,30.86,14.11,,50.77,10.61
18620105,258.0,22.52,27.96,,46.16,25.16
18620108,316.2,30.51,10.47,,48.08,5.12
18620210,316.2,30.51,10.47,,48.08,5.12
18620211,304.2,30.86,14.11,,50.77,10.61
18630101,299.0,31.25,17.77,,53.17,3.84
18630102,227.8,20.68,39.0,,47.32,37.21
18630104,299.0,31.25,17.77,,53.17,3.84
18630208,291.6,33.24,13.77,,46.49,18.46
18640101,297.0,27.11,24.26,,52.55,2.88
18640103,297.0,27.11,24.26,,52.55,2.88
18640105,246.8,21.27,25.0,,48.67,33.6
18800101,282.2,47.72,30.97,,43.56,75.31
18800102,243.9,38.92,43.41,,46.67,97.56
18800103,336.4,54.1,18.2,,44.65,90.48
18800104,323.1,59.3,13.45,,51.36,63.53
18800105,323.1,59.3,13.45,,51.36,63.53
18800106,337.6,59.44,14.54,,46.62,74.68
18800107,323.1,59.3,13.45,,51.36,63.53
18800108,270.4,43.89,30.7,,46.31,81.67
18800109,393.1,61.68,14.62,,41.64,21.37
18800110,294.5,46.9,26.11,,44.9,74.35
18800111,366.9,62.0,16.06,,45.53,32.65
18800112,309.6,52.15,20.65,,30.17,76.1
18800113,293.4,52.09,23.34,,41.45,66.3
18800114,293.4,52.09,23.34,,41.45,66.3
18800115,321.2,61.7,31.28,,31.47,49.03
18800116,325.4,59.93,23.02,,40.69,38.45
18800216,325.1,54.55,22.81,,39.12,42.6
18800217,294.1,47.56,23.81,,51.65,75.97
18800218,325.1,54.55,22.81,,39.12,42.6
18800219,388.3,67.71,13.48,,41.17,18.01
18800220,325.1,54.55,22.81,,39.12,42.6
18800221,362.6,49.1,6.06,,41.13,2.68
18800222,273.7,44.2,21.67,,39.92,85.21
18800223,303.8,52.09,26.21,,36.21,64.32
18800224,388.3,67.71,13.48,,41.17,18.01
18800225,388.3,67.71,13.48,,41.17,18.01
18800226,310.3,49.48,25.47,,42.88,37.5
18800227,294.1,47.56,23.81,,51.65,75.97
18800228,256.2,38.62,31.96,,39.78,96.71
18800229,259.3,45.43,26.79,,45.89,92.51
18800230,297.3,49.79,19.85,,45.69,92.37
18800231,324.5,56.12,19.87,,42.86,81.17
18800232,299.1,53.09,26.54,,43.77,93.56
18800233,336.4,54.1,18.2,,44.65,90.48
18800234,336.4,54.1,18.2,,44.65,90.48
18800235,324.5,56.12,19.87,,42.86,81.17
18800339,317.5,41.89,43.28,,43.4,10.79
18800340,357.6,51.84,11.2,,40.43,1.85
18800341,313.5,54.76,16.68,,45.52,29.7
18800342,196.8,24.95,82.36,,33.69,99.16
18800343,193.0,25.03,86.01,,31.38,99.13
18800344,325.5,44.21,9.63,,42.22,5.17
18800345,199.1,24.88,81.89,,35.94,99.66
18800346,280.5,45.69,20.9,,53.9,1.41
18800347,240.9,29.94,34.45,,48.15,83.61
18800348,268.1,45.63,24.43,,42.21,76.61
18800349,284.6,50.07,21.45,,45.07,74.35
18800350,284.6,50.07,21.45,,45.07,74.35
18800479,380.7,68.87,14.55,,39.04,21.3
18800480,393.1,61.68,14.62,,41.64,21.37
18800481,378.8,62.06,18.82,,40.14,31.35
18800482,209.1,44.68,38.87,,35.84,99.07
18800483,333.0,45.77,6.28,,44.12,7.12
18800484,268.0,68.92,26.57,,33.2,67.98
18800485,332.5,60.25,36.41,,38.32,28.54
18800486,202.5,34.97,66.75,,35.64,99.94
18800487,214.3,28.38,60.17,,35.11,99.08
18800488,325.4,59.93,23.02,,40.69,38.45
18800489,380.7,68.87,14.55,,39.04,21.3
18800490,367.7,73.55,14.61,,34.09,14.39
18800491,268.0,68.92,26.57,,33.2,67.98
18800492,376.0,69.84,15.0,,32.6,3.12
18800493,328.1,71.23,13.99,,29.35,20.49
18800494,366.3,63.73,10.36,,43.26,17.46
18800501,351.0,38.98,8.27,,42.01,3.12
18800502,326.0,52.94,14.48,,31.13,8.69
18800503,351.0,38.98,8.27,,42.01,3.12
18800701,325.5,44.21,9.63,,42.22,5.17
18800801,325.5,44.21,9.63,,42.22,5.17
18800802,325.5,44.21,9.63,,42.22,5.17
18801001,345.6,45.28,8.77,,44.22,3.26
18801101,321.6,39.11,7.32,,41.52,3.7
18801201,351.9,43.96,9.6,,42.41,3.72
18801301,357.6,51.84,11.2,,40.43,1.85
18801302,357.6,51.84,11.2,,40.43,1.85
18801303,394.1,61.75,16.24,,39.76,5.52
18801304,321.6,59.92,14.34,,39.42,6.29
18801401,330.7,38.85,9.33,,51.57,3.82
18801501,293.8,31.32,10.31,,48.6,13.3
18801502,298.7,28.06,5.08,,42.79,3.39
18801503,280.0,26.94,11.86,,48.1,36.12
18801601,333.0,45.77,6.28,,44.12,7.12
18801602,333.0,45.77,6.28,,44.12,7.12
18801701,360.9,43.73,7.29,,39.91,1.61
18801801,360.9,43.73,7.29,,39.91,1.61
18802601,362.6,49.1,6.06,,41.13,2.68
18802701,341.1,47.04,8.35,,42.81,9.55
18802901,355.0,45.9,6.63,,41.68,1.6
18803060,291.8,41.68,44.29,,44.57,4.92
18803061,307.6,42.07,42.97,,43.6,0.0
18803062,178.6,23.39,89.87,,27.37,94.98
18803063,188.3,23.05,86.96,,33.04,96.07
18803064,179.5,18.32,89.21,,30.99,99.44
18803066,338.3,46.84,48.89,,39.96,0.42
18803067,343.2,54.85,34.19,,40.17,0.0
18803068,205.5,27.26,72.19,,34.22,99.39
18803070,347.0,57.88,25.0,,39.86,30.1
18803071,350.0,56.98,20.27,,40.62,23.47
18803072,284.6,50.07,21.45,,45.07,74.35
18803073,286.3,42.73,44.41,,45.67,55.96
18803074,199.4,26.43,76.41,,34.61,99.92
18803189,363.7,59.14,14.09,,45.28,13.33
18803190,351.0,38.98,8.27,,42.01,3.12
18803191,341.2,54.15,13.79,,39.68,20.59
18803192,413.0,66.22,12.71,,40.11,0.78
18803193,366.3,63.73,10.36,,43.26,17.46
18803194,299.5,61.0,29.08,,28.83,68.86
18803195,299.5,61.0,29.08,,28.83,68.86
18803196,341.2,54.15,13.79,,39.68,20.59
18810102,329.2,34.67,9.66,,42.51,3.9
18810104,333.4,32.92,9.68,,42.0,4.73
18810105,315.9,46.55,8.95,,39.75,16.75
18810106,264.3,34.05,32.72,,42.68,41.57
18810107,250.5,31.81,37.0,,41.95,59.94
18810108,246.8,25.0,23.79,,47.94,89.73
18810109,328.4,40.98,10.24,,40.25,8.74
18810112,319.5,41.76,17.89,,41.01,12.31
18810114,279.8,28.91,23.15,,40.16,34.24
18810115,333.4,32.92,9.68,,42.0,4.73
18810116,250.5,31.81,37.0,,41.95,59.94
18810310,328.4,40.98,10.24,,40.25,8.74
18820101,312.8,36.09,10.88,,54.44,23.05
18820102,316.9,30.03,8.49,,44.32,28.92
18820103,331.7,34.16,6.66,,45.29,2.15
18820304,286.2,29.29,11.1,,44.52,14.49
18820306,319.8,26.5,8.27,,47.73,7.06
18820408,331.7,34.16,6.66,,45.29,2.15
18820511,325.4,26.11,9.03,,50.05,7.41
18820513,319.8,26.5,8.27,,47.73,7.06
18830101,363.5,40.48,14.69,,42.35,0.88
18830102,327.5,38.77,13.06,,45.34,0.0
18830103,200.0,24.7,61.02,,37.46,78.78
18830104,306.2,39.71,24.93,,40.28,27.3
18830105,333.9,28.38,7.8,,45.96,3.62
18830106,290.6,29.83,21.86,,41.41,13.88
18830107,312.7,32.18,13.48,,45.71,16.56
18830108,317.0,35.51,16.03,,49.01,11.35
18830109,240.2,30.97,28.72,,49.88,60.2
18830110,324.3,41.86,11.38,,49.5,36.69
18830111,324.3,41.86,11.38,,49.5,36.69
18830112,342.6,47.76,16.57,,43.61,29.6
18830113,323.0,40.61,16.77,,46.5,4.42
18830114,264.7,33.8,32.61,,47.9,27.4
18830115,333.9,28.38,7.8,,45.96,3.62
18830116,320.0,39.51,11.88,,40.65,3.67
18830117,333.9,28.38,7.8,,45.96,3.62
18840306,323.7,38.85,12.94,,44.9,4.27
18840401,290.3,39.57,18.78,,46.6,34.58
18840403,316.8,34.6,11.27,,47.52,1.01
18840404,316.8,34.6,11.27,,47.52,1.01
18840405,316.8,34.6,11.27,,47.52,1.01
18840407,323.7,38.85,12.94,,44.9,4.27
18840409,323.7,38.85,12.94,,44.9,4.27
18840410,323.7,38.85,12.94,,44.9,4.27
18850203,304.5,30.63,11.98,,47.79,13.41
18850204,293.3,32.79,28.35,,42.52,25.49
18850206,313.4,36.42,15.81,,44.03,24.49
18850207,287.9,33.74,18.87,,48.7,60.01
18850209,323.4,29.06,13.14,,46.62,12.28
18850210,313.4,36.42,15.81,,44.03,24.49
18850212,296.0,36.81,18.3,,45.43,24.7
18850216,229.2,27.33,59.01,,37.02,46.56
18850302,293.6,28.97,11.31,,46.39,3.17
18850305,293.6,28.97,11.31,,46.39,3.17
18850413,323.4,29.06,13.14,,46.62,12.28
18850414,300.1,31.09,11.89,,46.83,7.81
18850518,298.5,31.74,7.85,,45.4,4.02
18850519,298.5,31.74,7.85,,45.4,4.02
18850522,300.1,31.09,11.89,,46.83,7.81
18850728,304.5,30.63,11.98,,47.79,13.41
19040201,311.1,31.21,14.1,,50.09,7.76
19040202,311.1,31.21,14.1,,50.09,7.76
19070101,331.4,31.55,18.63,,46.89,4.61
19070103,319.3,33.51,20.92,,43.18,2.17
19070104,315.6,32.25,25.0,,43.7,16.75
19070105,271.3,24.65,34.47,,44.42,28.51
19070207,331.4,31.55,18.63,,46.89,4.61
19070208,331.4,31.55,18.63,,46.89,4.61
19600101,332.3,34.24,9.45,,45.02,0.53
19600102,245.2,27.36,36.84,,43.27,63.42
19600103,326.1,41.95,21.05,,44.75,10.87
19600104,332.3,34.24,9.45,,45.02,0.53
19600506,323.1,34.43,14.84,,45.1,5.09
19610103,344.5,32.24,10.48,,46.28,4.6
19610104,344.5,32.24,10.48,,46.28,4.6
19610105,278.9,27.52,30.88,,48.14,36.78
19610106,344.5,32.24,10.48,,46.28,4.6
19610107,344.5,32.24,10.48,,46.28,4.6
19610108,344.5,32.24,10.48,,46.28,4.6
19610109,344.5,32.24,10.48,,46.28,4.6
19610310,332.7,36.83,19.67,,44.91,7.28
19610311,285.1,34.32,14.77,,42.73,46.84
19610312,365.7,47.65,12.66,,44.78,21.19
19620101,331.4,33.75,10.11,,49.47,1.5
19620103,331.4,33.75,10.11,,49.47,1.5
19620104,331.4,33.75,10.11,,49.47,1.5
19620205,331.4,33.75,10.11,,49.47,1.5
19800101,327.0,47.72,30.53,,45.85,70.93
19800102,349.7,56.78,23.2,,40.68,57.37
19800103,333.5,50.6,26.0,,46.59,56.18
19800104,282.8,48.54,43.76,,39.43,62.6
19800105,392.6,60.13,36.73,,44.35,21.61
19800106,478.9,65.1,23.89,,53.85,1.47
19800107,447.2,64.96,30.21,,47.67,42.02
19800108,399.4,63.66,14.44,,49.11,44.58
19800109,354.3,56.54,23.98,,38.78,43.13
19800110,345.6,60.04,29.26,,37.27,51.41
19800111,477.3,65.93,16.69,,49.4,17.38
19800112,329.9,56.36,26.19,,50.85,23.59
19800113,284.7,43.71,43.44,,46.49,56.61
19800114,199.5,25.7,83.23,,32.51,97.51
19800115,439.8,68.13,16.09,,45.43,28.34
19800116,256.4,43.42,50.37,,40.62,59.25
19800117,280.1,44.72,51.94,,42.51,11.61
19800118,284.7,43.71,43.44,,46.49,56.61
19800119,478.9,65.1,23.89,,53.85,1.47
19800201,265.0,42.86,46.41,,40.26,47.7
19800202,245.9,36.18,68.95,,36.61,63.72
19800203,208.6,23.32,76.46,,39.45,89.37
19800204,218.2,25.43,78.88,,39.53,65.46
19800205,306.6,42.44,57.83,,42.64,4.33
19800206,275.5,36.11,60.79,,41.98,14.94
19800207,275.5,36.11,60.79,,41.98,14.94
19800208,349.6,54.05,42.39,,35.88,8.27
19800209,311.4,44.4,46.11,,39.87,29.14
19800210,320.7,48.74,33.77,,42.07,32.83
19800211,427.6,65.09,12.45,,39.14,0.8
19800212,427.6,65.09,12.45,,39.14,0.8
19800213,397.3,71.48,13.69,,32.57,5.75
19800214,386.2,48.95,13.09,,41.5,2.53
19800215,337.5,45.82,18.73,,37.91,12.32
19800216,386.2,48.95,13.09,,41.5,2.53
19800301,235.5,36.06,51.3,,35.73,84.19
19800302,277.2,41.81,41.65,,37.46,69.4
19800303,277.2,41.81,41.65,,37.46,69.4
19800304,357.5,62.15,19.69,,42.86,0.21
19800305,359.2,61.81,23.42,,42.55,1.02
19800306,358.1,55.44,35.97,,40.65,10.1
19800307,329.7,56.28,39.65,,38.86,33.53
19800308,296.1,48.07,33.91,,38.51,45.31
19800309,351.5,52.2,27.1,,39.32,34.0
19800310,399.1,69.05,15.17,,43.0,0.0
19800311,335.7,53.89,18.21,,47.16,0.29
19800312,227.5,24.68,71.06,,38.0,71.59
19800313,247.4,37.82,64.07,,38.61,46.19
19800314,241.7,32.85,71.19,,42.88,3.79
19800315,241.7,32.85,71.19,,42.88,3.79
19800316,217.0,28.78,77.84,,34.68,89.67
19800317,344.7,51.5,48.03,,40.53,21.51
19800318,380.3,52.5,44.83,,39.79,6.14
19800319,367.8,42.77,11.87,,43.24,4.78
19800320,367.8,42.77,11.87,,43.24,4.78
19800321,278.3,27.94,28.62,,42.06,44.72
19800322,367.8,42.77,11.87,,43.24,4.78
19800323,208.6,26.26,78.05,,35.04,95.73
19800324,280.8,36.98,24.45,,39.78,48.6
19800401,321.5,56.01,33.89,,40.39,46.73
19800402,321.5,56.01,33.89,,40.39,46.73
19800403,275.9,45.27,35.26,,39.87,86.9
19800404,298.2,47.42,35.13,,41.36,47.79
19800405,317.7,48.39,32.68,,43.64,26.88
19800406,326.4,47.68,24.83,,40.19,30.55
19800407,303.2,48.0,30.44,,46.55,21.19
19800408,305.1,42.11,34.09,,43.29,12.75
19800409,343.4,49.49,25.29,,44.33,36.85
19800410,285.2,36.39,32.16,,42.75,59.7
19800411,326.2,55.91,28.85,,43.45,13.52
19800412,293.0,41.94,20.81,,46.76,70.22
19800413,389.6,60.71,18.51,,42.05,8.15
19800414,255.1,36.02,40.69,,44.59,49.07
19800415,286.2,42.25,36.0,,42.04,25.96
19800416,327.6,46.41,28.82,,41.72,4.59
19800417,268.9,34.67,49.53,,38.7,9.91
19800418,268.9,34.67,49.53,,38.7,9.91
19800419,368.9,43.3,9.74,,39.97,3.04
19800420,346.5,39.1,11.56,,40.42,11.43
19800421,380.2,59.67,11.95,,40.33,0.0
19800422,346.5,39.1,11.56,,40.42,11.43
19800423,368.9,43.3,9.74,,39.97,3.04
19800501,241.2,39.86,45.0,,39.93,95.44
19800502,301.2,53.56,29.34,,47.24,29.1
19800503,322.6,56.61,38.21,,37.93,46.71
19800504,389.6,60.71,18.51,,42.05,8.15
19800505,394.5,59.7,37.74,,37.88,62.82
19800506,373.6,56.34,24.49,,48.34,49.88
19800507,451.4,71.36,17.96,,42.18,8.42
19800508,412.6,63.09,11.64,,35.41,4.03
19800509,412.6,63.09,11.64,,35.41,4.03
19800510,380.5,53.28,11.82,,40.03,3.63
19800511,379.2,57.13,10.18,,37.41,1.21
19800512,360.2,43.62,12.11,,42.49,9.68
19800513,314.0,66.01,47.0,,37.4,61.96
19800514,412.6,63.09,11.64,,35.41,4.03
19800515,380.6,61.6,36.75,,42.9,46.6
19800516,314.0,66.01,47.0,,37.4,61.96
19810101,270.2,31.96,16.8,,49.42,57.22
19810102,214.4,23.32,52.1,,38.65,91.02
19810103,245.1,32.9,34.83,,43.98,60.61
19810104,333.0,41.3,18.71,,46.99,1.49
19810105,327.2,33.0,6.06,,43.92,0.52
19810106,327.2,33.0,6.06,,43.92,0.52
19810107,324.4,36.89,9.56,,43.0,8.85
19810108,302.6,38.64,19.36,,44.08,36.76
19810210,310.8,30.46,8.39,,46.97,8.2
19810312,331.3,39.26,7.32,,47.23,3.39
19810514,324.4,36.89,9.56,,43.0,8.85
19810818,296.7,29.76,9.81,,47.35,6.23
19820101,210.3,19.29,63.13,,39.43,58.74
19820102,353.5,29.81,13.92,,50.06,4.12
19820103,273.8,25.76,46.34,,43.62,16.58
19820104,308.2,32.46,21.95,,49.91,21.95
19820106,310.3,28.76,29.97,,40.32,1.84
19820108,353.5,29.81,13.92,,50.06,4.12
19820207,353.5,29.81,13.92,,50.06,4.12
19830101,346.6,37.11,9.09,,44.71,2.21
19830102,261.5,28.15,37.86,,43.76,65.59
19830103,299.8,33.44,26.08,,45.45,42.28
19830104,291.7,28.0,26.43,,44.21,46.82
19830105,346.6,37.11,9.09,,44.71,2.21
19830106,282.5,27.66,39.48,,42.28,44.56
19830107,359.6,42.82,16.21,,42.12,6.39
19830108,299.8,33.44,26.08,,45.45,42.28
19830109,319.5,35.0,35.47,,42.49,19.73
19830110,203.4,16.3,73.62,,38.49,61.0
19830111,326.4,35.56,13.03,,48.72,1.39
19830422,346.6,37.11,9.09,,44.71,2.21
19830423,326.4,35.56,13.03,,48.72,1.39
19830625,334.5,40.69,10.03,,43.87,4.46
19840101,328.1,41.25,12.84,,43.94,16.89
19840102,316.0,38.38,15.93,,46.07,21.28
19840103,277.5,33.94,20.58,,47.05,70.47
19840104,237.8,29.06,32.97,,47.09,63.28
19840106,343.7,34.48,7.67,,46.85,3.23
19840107,310.6,40.68,18.89,,43.59,34.27
19840208,343.7,34.48,7.67,,46.85,3.23
19840309,334.9,43.13,7.57,,48.13,5.29
20210101,298.1,28.3,7.79,,47.2,7.08
20210103,277.4,26.25,10.8,,48.23,6.5
20210301,277.4,26.25,10.8,,48.23,6.5
20210401,298.1,28.3,7.79,,47.2,7.08
20230203,296.4,30.28,13.38,,50.97,2.59
20230205,296.4,30.28,13.38,,50.97,2.59
20230206,296.4,30.28,13.38,,50.97,2.59
20230301,338.3,24.42,7.53,,47.3,7.66
20230502,355.9,30.44,17.16,,42.07,10.95
20260105,312.0,35.68,6.77,,42.8,0.62
20260201,316.7,42.61,6.88,,44.77,11.08
20260202,312.0,35.68,6.77,,42.8,0.62
20260203,312.0,35.68,6.77,,42.8,0.62
20260204,312.0,35.68,6.77,,42.8,0.62
20260301,296.2,32.45,10.07,,48.08,9.31
20260302,296.2,32.45,10.07,,48.08,9.31
20290102,341.7,48.33,8.27,,45.55,10.67
20290103,335.3,38.86,8.46,,49.63,1.97
20290104,289.7,38.42,17.71,,50.22,52.68
20290106,317.6,36.7,7.83,,47.9,1.88
20290108,305.0,30.64,6.88,,48.94,3.79
20290110,341.7,48.33,8.27,,45.55,10.67
20290301,317.6,36.7,7.83,,47.9,1.88
20290311,335.3,38.86,8.46,,49.63,1.97
20290401,335.3,38.86,8.46,,49.63,1.97
20310101,305.0,30.64,6.88,,48.94,3.79
20310102,305.0,30.64,6.88,,48.94,3.79
20310104,305.0,30.64,6.88,,48.94,3.79
20310105,305.0,30.64,6.88,,48.94,3.79
20310106,305.0,30.64,6.88,,48.94,3.79
20310401,280.0,25.41,11.73,,50.62,14.17
20340201,253.8,26.03,18.8,,47.37,55.2
20340202,290.6,38.28,9.33,,47.88,3.26
20340203,290.6,38.28,9.33,,47.88,3.26
20340204,290.6,38.28,9.33,,47.88,3.26
20340206,269.9,28.07,20.43,,43.83,33.54
20390206,299.5,27.2,7.82,,48.68,0.52
20390209,299.5,27.2,7.82,,48.68,0.52
20390210,299.5,27.2,7.82,,48.68,0.52
20390211,299.5,27.2,7.82,,48.68,0.52
20390401,273.6,19.77,14.98,,50.45,11.65
20390501,318.0,25.96,12.86,,47.56,9.1
20610101,341.2,35.55,10.79,,46.51,3.35
20610103,343.1,38.35,8.0,,45.5,1.49
20610105,341.2,35.55,10.79,,46.51,3.35
20610106,343.1,38.35,8.0,,45.5,1.49
20610108,260.7,27.71,19.85,,48.27,39.7
20610201,343.3,33.38,12.22,,48.59,2.2
20610205,343.3,33.38,12.22,,48.59,2.2
20620103,327.4,41.38,5.34,,47.43,1.23
20620107,327.4,41.38,5.34,,47.43,1.23
20620110,296.7,43.44,15.17,,47.76,43.78
20620111,305.3,34.4,8.75,,49.95,2.45
20620114,347.3,46.49,7.17,,44.97,4.45
20620115,296.5,33.55,15.23,,44.84,38.86
20620116,339.5,40.68,7.45,,45.49,13.55
20620117,336.9,42.05,10.17,,43.87,15.29
20620118,278.5,31.83,22.48,,46.47,41.97
20620201,305.3,34.4,8.75,,49.95,2.45
20620202,305.3,34.4,8.75,,49.95,2.45
20620301,313.8,42.46,7.89,,48.31,3.97
20800101,367.2,49.5,6.19,,43.15,0.42
20800102,288.6,47.91,20.66,,43.5,49.41
20800103,262.7,40.79,32.77,,40.75,62.16
20800104,332.9,50.26,10.85,,48.16,43.82
20800105,303.6,53.12,17.29,,47.73,60.9
20800106,243.0,37.64,40.32,,41.49,85.58
20800107,243.0,37.64,40.32,,41.49,85.58
20800109,341.3,51.14,7.45,,43.78,6.08
20800110,333.3,58.42,10.32,,33.55,33.63
20800111,332.1,56.91,12.37,,46.61,71.93
20800112,373.2,59.77,7.39,,41.68,2.38
20800210,301.8,33.58,11.03,,44.55,21.75
20800301,367.2,49.5,6.19,,43.15,0.42
20800303,231.7,29.68,34.0,,42.65,78.5
20800304,321.8,52.23,9.68,,46.05,63.12
20800306,224.4,31.4,33.84,,36.71,98.9
20800307,381.8,74.06,9.36,,44.12,23.95
20800308,341.3,51.14,7.45,,43.78,6.08
20800309,324.4,59.81,12.51,,39.35,0.43
20800311,354.9,63.06,11.76,,44.76,37.46
20800401,367.2,49.5,6.19,,43.15,0.42
20800501,351.4,47.41,6.97,,43.13,2.68
20800601,320.6,36.3,4.7,,45.97,3.21
20800602,334.7,49.33,13.0,,43.52,21.78
20800701,341.3,51.14,7.45,,43.78,6.08
20800702,320.6,36.3,4.7,,45.97,3.21
20800801,301.4,31.88,7.03,,47.39,1.12
20800802,320.6,36.3,4.7,,45.97,3.21
20800803,301.4,31.88,7.03,,47.39,1.12
20800935,327.2,49.06,16.97,,44.2,20.07
20800980,327.2,49.06,16.97,,44.2,20.07
20801001,301.4,31.88,7.03,,47.39,1.12
20801060,344.8,66.48,10.26,,47.08,34.61
20801101,299.3,32.86,8.73,,45.92,9.25
20801102,299.3,32.86,8.73,,45.92,9.25
20801138,342.1,58.25,14.38,,40.98,34.68
20801140,367.2,49.5,6.19,,43.15,0.42
20801154,341.3,51.14,7.45,,43.78,6.08
20810101,335.8,41.98,15.28,,43.26,10.26
20810103,202.5,24.22,60.25,,37.98,62.74
20810105,236.7,29.73,44.71,,37.31,61.09
20810107,283.2,35.78,22.5,,43.91,54.42
20810109,273.7,38.32,29.98,,48.99,22.33
20810111,216.0,30.29,52.44,,36.79,70.23
20810113,341.8,44.85,6.24,,45.75,10.05
20810114,315.3,38.35,12.39,,43.63,30.6
20810115,303.0,40.07,12.13,,45.02,27.45
20810117,340.5,48.83,9.95,,40.85,14.2
20810119,329.3,31.56,7.65,,46.54,1.9
20810121,329.3,31.56,7.65,,46.54,1.9
20810123,227.1,32.27,56.85,,37.64,57.28
20810124,175.4,20.55,85.42,,32.03,90.42
20810125,259.5,32.06,50.41,,37.08,41.2
20810201,310.8,38.86,22.98,,41.62,39.31
20810202,310.8,38.86,22.98,,41.62,39.31
20810203,385.3,48.58,4.76,,42.88,1.68
20810205,327.5,40.44,8.52,,44.83,9.79
20810207,331.3,46.89,12.95,,42.28,6.74
20810209,301.8,38.93,16.26,,48.06,16.58
20810211,336.2,39.68,6.4,,46.91,5.2
20810213,292.1,37.18,13.19,,48.79,41.31
20810215,312.4,32.79,9.4,,46.63,17.56
20810217,348.3,44.19,6.37,,43.98,16.16
20810219,385.3,48.58,4.76,,42.88,1.68
20810221,329.3,31.56,7.65,,46.54,1.9
20810223,275.2,35.77,32.07,,40.09,64.1
20820101,258.0,35.04,20.25,,46.85,63.23
20820102,292.0,39.33,15.3,,44.35,27.46
20820103,328.9,31.82,7.37,,48.24,2.96
20820207,318.2,35.0,7.49,,46.2,11.03
20820304,344.2,37.84,5.7,,44.56,1.08
20820406,328.9,31.82,7.37,,48.24,2.96
20830101,307.3,31.57,5.49,,44.9,10.39
20830102,335.2,36.72,6.4,,42.73,0.95
20830103,335.2,36.72,6.4,,42.73,0.95
20830104,307.3,31.57,5.49,,44.9,10.39
20830105,288.0,22.44,11.88,,47.0,18.66
20830307,309.1,40.53,9.11,,47.28,8.36
20830308,309.1,40.53,9.11,,47.28,8.36
20840101,307.1,31.94,21.12,,46.35,30.63
20840102,262.5,24.9,33.04,,46.46,41.88
20840103,347.1,31.04,8.01,,47.11,5.77
20840104,254.2,29.11,39.12,,44.27,36.54
20840301,311.1,32.4,9.66,,48.95,7.38
20840302,311.1,32.4,9.66,,48.95,7.38
20840401,335.4,31.92,9.25,,47.75,0.66
20840402,347.1,31.04,8.01,,47.11,5.77
20840403,230.5,25.59,40.37,,41.5,48.24
20840404,335.4,31.92,9.25,,47.75,0.66
20840601,347.1,31.04,8.01,,47.11,5.77
20840602,319.2,33.0,10.68,,45.37,13.78
20850101,299.5,43.09,33.63,,42.32,49.41
20850102,268.4,39.19,35.41,,45.63,50.85
20850103,298.0,44.23,38.77,,40.21,39.34
20850104,309.2,50.75,33.79,,37.76,42.03
20850105,338.5,41.02,10.5,,46.06,6.08
20850108,314.8,31.07,11.46,,45.64,4.78
20850110,355.6,47.98,23.47,,44.44,2.66
20850111,214.5,38.0,61.39,,36.09,80.39
20850113,244.3,39.21,43.65,,40.02,56.93
20850114,363.0,58.73,21.59,,41.47,0.42
20850203,303.0,27.04,8.22,,48.07,4.7
20850204,314.8,31.07,11.46,,45.64,4.78
20850307,338.5,41.02,10.5,,46.06,6.08
20850311,303.0,27.04,8.22,,48.07,4.7
20850401,284.1,24.4,17.83,,51.37,24.25
21010201,312.8,29.63,7.38,,51.6,6.46
21010203,304.7,28.62,10.85,,50.91,4.97
21010205,312.8,29.63,7.38,,51.6,6.46
21040102,284.2,29.08,23.31,,45.01,35.69
21040103,355.4,32.05,10.43,,49.32,1.49
21040104,264.8,18.1,27.56,,47.61,32.1
21040105,264.8,18.1,27.56,,47.61,32.1
21040201,320.9,31.58,5.51,,45.85,13.48
21210105,301.9,27.18,3.89,,45.77,3.55
21210106,301.9,27.18,3.89,,45.77,3.55
21210201,301.9,27.18,3.89,,45.77,3.55
21210301,307.2,29.21,4.97,,47.19,2.15
21210303,307.2,29.21,4.97,,47.19,2.15
21320201,273.2,28.11,9.65,,43.8,19.13
21320301,287.0,31.99,9.99,,47.51,13.06
21320401,307.1,36.03,4.63,,47.21,0.33
21320501,277.9,30.47,13.47,,47.99,10.63
21320601,277.9,30.47,13.47,,47.99,10.63
21610101,298.9,26.04,5.06,,45.64,8.36
21610102,301.8,26.97,6.63,,49.55,3.62
21610104,244.4,25.25,39.34,,42.19,55.96
21610105,298.9,26.04,5.06,,45.64,8.36
21610106,298.9,26.04,5.06,,45.64,8.36
21610107,256.8,28.08,20.72,,46.93,58.09
21610301,279.0,27.96,12.11,,49.73,3.13
21610401,286.1,23.62,7.39,,47.29,27.47
21610701,328.9,45.6,4.15,,44.57,2.17
21610702,315.2,37.35,4.71,,45.28,2.04
21610703,315.2,37.35,4.71,,45.28,2.04
21800101,349.2,55.36,15.15,,48.58,28.93
21800102,326.6,63.69,18.98,,38.99,49.46
21800103,288.3,44.6,20.96,,44.07,82.28
21800105,331.6,49.23,21.6,,45.56,60.84
21800106,279.8,38.05,48.46,,43.59,65.2
21800107,300.6,45.32,20.39,,50.35,61.85
21800108,327.4,48.77,10.33,,42.58,12.86
21800109,385.4,56.79,7.48,,43.8,11.78
21800110,353.7,40.57,7.26,,42.56,1.6
21800111,333.8,51.37,18.03,,44.92,38.2
21800112,397.9,63.41,14.84,,30.84,12.9
21800113,203.4,25.49,69.08,,36.37,92.28
21800114,279.8,38.05,48.46,,43.59,65.2
21800201,284.4,43.57,24.93,,49.88,66.37
21800202,272.9,42.76,36.32,,39.13,77.11
21800203,275.7,37.37,25.61,,49.33,41.6
21800204,249.6,34.67,41.51,,39.71,74.8
21800206,260.1,39.72,33.43,,40.7,65.22
21800208,315.5,44.65,20.07,,47.72,37.19
21800213,366.5,36.73,5.5,,43.41,0.43
21800214,366.5,36.73,5.5,,43.41,0.43
21800301,355.6,36.51,7.74,,57.0,0.66
21800302,306.2,28.44,7.15,,45.7,14.4
21800401,330.4,34.37,6.61,,46.73,1.44
21800402,330.4,34.37,6.61,,46.73,1.44
21800501,353.7,40.57,7.26,,42.56,1.6
21800502,353.7,40.57,7.26,,42.56,1.6
21800503,353.7,40.57,7.26,,42.56,1.6
21800604,331.6,39.87,9.27,,43.11,21.36
21800605,353.7,40.57,7.26,,42.56,1.6
21800607,366.5,36.73,5.5,,43.41,0.43
21800608,312.2,33.6,13.58,,46.84,38.05
21800609,394.8,62.29,7.64,,39.15,1.25
21800701,293.3,44.86,18.85,,47.42,63.71
21800702,365.6,56.08,18.2,,41.59,28.74
21800703,270.2,43.19,28.81,,39.75,69.23
21800704,369.8,70.9,10.25,,38.83,6.33
21800705,172.3,20.14,79.22,,30.77,99.73
21800706,172.3,20.14,79.22,,30.77,99.73
21800707,366.5,36.73,5.5,,43.41,0.43
21800801,249.8,38.89,38.6,,47.38,53.33
21800802,254.1,37.63,45.47,,43.01,33.83
21800804,194.7,36.76,68.67,,32.6,96.69
21800805,273.3,42.45,31.31,,37.92,62.32
21800806,320.9,53.26,29.81,,41.73,1.08
21800901,257.9,38.59,26.64,,39.89,59.8
21800902,324.0,39.5,15.45,,40.45,27.8
21800903,361.1,44.34,10.43,,42.05,1.99
21800904,337.2,53.26,16.7,,39.19,1.0
21800906,312.8,43.29,19.87,,40.82,23.22
21800907,293.4,41.69,15.65,,42.5,39.5
21801002,347.8,52.56,18.75,,44.52,32.02
21801003,394.8,62.29,7.64,,39.15,1.25
21810101,353.9,34.19,7.87,,44.92,0.58
21810102,353.9,34.19,7.87,,44.92,0.58
21810103,183.0,17.63,69.8,,36.07,99.18
21810104,330.9,39.22,20.24,,44.73,23.65
21810105,327.6,42.08,24.63,,44.48,16.08
21810106,273.0,27.79,27.9,,50.63,59.76
21810109,322.6,40.63,16.12,,45.55,1.82
21810110,346.4,45.94,16.16,,42.23,7.07
21810113,188.5,21.99,64.77,,32.6,86.77
21810115,324.6,41.92,26.2,,43.25,10.12
21810202,326.5,21.11,22.43,,44.77,6.18
21810204,370.3,44.42,12.52,,43.41,1.34
21810205,326.5,21.11,22.43,,44.77,6.18
21810206,319.0,28.32,8.92,,46.43,11.21
21810301,353.9,34.19,7.87,,44.92,0.58
21810401,360.3,30.3,6.4,,49.22,1.05
21810501,308.2,30.73,8.64,,51.28,16.17
21810601,274.2,28.64,24.98,,57.28,43.37
21820101,248.5,29.7,29.23,,47.36,67.66
21820102,239.4,24.97,28.91,,49.16,54.94
21820103,191.6,14.71,57.26,,40.02,76.24
21820105,320.1,42.41,8.14,,50.05,0.0
21820106,346.8,47.47,8.95,,41.5,25.03
21820107,311.8,35.47,11.31,,43.01,16.96
21820201,290.9,28.28,11.7,,54.88,11.62
21820401,290.9,28.28,11.7,,54.88,11.62
21820501,319.8,29.91,6.83,,45.88,4.75
21820502,294.0,30.87,8.11,,46.46,14.22
21820503,290.9,28.28,11.7,,54.88,11.62
21820901,336.3,35.46,5.11,,50.94,5.31
21820902,336.3,35.46,5.11,,50.94,5.31
21830301,251.9,27.29,10.59,,61.61,75.36
21830302,287.5,31.07,9.57,,43.2,28.14
21830303,287.5,31.07,9.57,,43.2,28.14
21830304,325.4,34.56,4.67,,44.62,2.3
21830306,325.4,34.56,4.67,,44.62,2.3
21830307,325.4,34.56,4.67,,44.62,2.3
21830308,325.4,34.56,4.67,,44.62,2.3
21830309,325.4,34.56,4.67,,44.62,2.3
21830310,317.7,42.65,3.59,,44.53,0.95
21830311,326.7,37.47,3.34,,48.67,3.69
21830312,325.4,34.56,4.67,,44.62,2.3
21830401,305.0,34.25,4.63,,45.19,7.03
21830501,318.4,34.4,4.58,,46.45,3.94
21830602,318.4,34.4,4.58,,46.45,3.94
21830902,307.6,33.52,6.1,,48.77,4.78
21830903,307.6,33.52,6.1,,48.77,4.78
21830904,307.6,33.52,6.1,,48.77,4.78
21840101,351.6,53.52,10.21,,47.55,11.84
21840103,351.6,53.52,10.21,,47.55,11.84
21840104,288.3,35.86,10.4,,49.09,45.5
21840105,310.1,46.5,11.46,,55.07,51.76
21840106,315.4,47.73,10.82,,46.57,54.21
21840107,311.1,44.75,12.27,,45.23,38.54
21840201,348.9,39.09,5.53,,43.81,1.52
21840302,341.0,37.49,5.45,,45.18,2.35
21840303,247.1,35.11,39.42,,39.6,65.41
21840401,341.0,37.49,5.45,,45.18,2.35
21840501,321.2,33.68,6.31,,47.85,4.32
21840503,295.7,28.21,20.82,,43.04,16.92
21840504,348.9,39.09,5.53,,43.81,1.52
21840701,321.2,33.68,6.31,,47.85,4.32
21840803,300.2,28.74,4.69,,43.83,2.75
21840804,296.6,44.63,7.06,,45.53,7.34
21840805,296.6,44.63,7.06,,45.53,7.34
21840901,285.2,31.3,9.45,,49.14,11.38
21840902,285.2,31.3,9.45,,49.14,11.38
21841101,329.5,43.52,5.83,,45.62,1.86
21841102,329.5,43.52,5.83,,45.62,1.86
21841201,348.9,39.09,5.53,,43.81,1.52
22600201,297.5,23.83,10.77,,50.1,6.45
22600202,278.4,30.23,14.91,,48.42,35.03
22600205,297.5,23.83,10.77,,50.1,6.45
22600306,297.5,23.83,10.77,,50.1,6.45
22600409,310.7,28.5,7.35,,45.95,1.23
22600410,310.7,28.5,7.35,,45.95,1.23
22600412,302.4,29.08,7.45,,48.57,8.76
22620106,336.1,37.1,5.83,,46.9,1.19
22620107,322.7,39.27,8.99,,43.07,7.92
22620109,274.2,27.74,13.97,,52.24,38.08
22620110,291.3,31.01,24.61,,41.41,37.44
22620114,274.2,27.74,13.97,,52.24,38.08
22620116,262.3,25.13,26.1,,48.49,32.09
22620117,336.1,37.1,5.83,,46.9,1.19
22620205,309.5,30.35,8.8,,43.97,1.72
22620302,336.1,37.1,5.83,,46.9,1.19
22620303,336.1,37.1,5.83,,46.9,1.19
22620401,336.1,37.1,5.83,,46.9,1.19
22800101,273.4,43.9,17.32,,49.6,63.33
22800102,264.6,41.36,28.73,,44.92,51.2
22800103,333.1,46.44,6.41,,46.63,1.56
22800104,311.0,63.22,9.98,,46.79,7.0
22800105,333.1,46.44,6.41,,46.63,1.56
22800106,262.7,35.8,19.98,,51.25,26.24
22800107,248.2,36.73,31.92,,44.88,38.49
22800108,266.4,40.1,24.68,,42.11,30.18
22800109,333.1,46.44,6.41,,46.63,1.56
22800226,274.0,28.82,13.53,,48.79,10.98
22800323,333.1,46.44,6.41,,46.63,1.56
22800424,313.9,38.77,8.94,,48.25,2.49
22800620,333.1,46.44,6.41,,46.63,1.56
22800622,316.4,36.7,7.92,,45.02,0.0
22810106,338.1,51.22,15.61,,50.68,61.42
22810107,354.9,49.58,11.52,,39.88,37.89
22810108,337.7,45.91,15.63,,47.96,39.48
22810109,365.7,59.75,10.53,,40.75,26.75
22810110,330.5,48.04,18.46,,39.34,75.68
22810111,372.4,57.43,9.55,,55.88,17.76
22810112,352.2,55.19,13.32,,46.99,41.53
22810113,295.2,57.7,24.25,,39.19,39.26
22810114,321.0,46.98,19.29,,39.38,50.12
22810115,332.3,54.64,17.46,,40.15,31.43
22810116,219.5,35.48,54.04,,35.93,80.25
22810118,221.8,32.06,50.41,,43.68,44.81
22810119,389.8,70.0,7.46,,40.21,7.87
22810201,297.2,38.38,18.2,,41.54,13.22
22810203,333.2,47.72,12.04,,44.84,23.57
22810204,334.2,42.72,7.23,,39.36,0.79
22810330,357.8,57.23,13.88,,45.43,17.67
22810331,333.6,52.98,19.81,,45.55,29.36
22810333,225.7,28.93,57.39,,37.41,78.67
22810334,298.8,38.41,24.0,,44.65,9.7
22810335,318.3,41.47,23.88,,41.6,4.01
22810336,357.8,57.23,13.88,,45.43,17.67
22810337,296.4,43.88,19.24,,45.53,14.67
22810338,296.4,43.88,19.24,,45.53,14.67
22810339,256.6,27.4,27.34,,39.21,50.99
22810340,315.8,36.82,31.35,,40.77,4.68
22810341,243.7,24.2,28.08,,43.01,42.79
22810420,357.2,47.6,6.38,,38.34,2.37
22810421,357.5,55.56,6.15,,41.67,9.39
22810422,306.1,43.65,13.85,,44.03,35.67
22810423,373.8,54.08,5.02,,40.87,3.12
22810424,393.0,50.07,7.07,,49.16,1.93
22810545,318.0,39.79,4.16,,40.57,3.27
22810624,299.9,49.01,17.44,,44.76,12.9
22810625,334.2,42.72,7.23,,39.36,0.79
22810626,316.0,48.84,16.33,,42.0,31.01
22810627,304.2,46.3,9.58,,50.56,3.33
22810628,359.0,59.32,8.84,,44.91,4.59
22810646,303.3,47.35,16.85,,44.88,33.44
22810647,310.9,55.81,14.78,,42.54,18.0
22810701,312.6,31.31,7.51,,46.94,3.2
22810702,312.6,31.31,7.51,,46.94,3.2
22810802,341.0,38.38,3.78,,45.47,0.49
22810803,341.0,38.38,3.78,,45.47,0.49
22810804,354.5,51.99,6.49,,40.1,2.21
22810805,341.0,38.38,3.78,,45.47,0.49
22810901,341.0,38.38,3.78,,45.47,0.49
22811002,353.3,37.59,4.85,,47.59,1.08
22811003,297.8,39.09,11.98,,39.22,28.57
22811004,353.3,37.59,4.85,,47.59,1.08
22811006,353.3,37.59,4.85,,47.59,1.08
22811007,353.3,37.59,4.85,,47.59,1.08
22811008,324.5,44.92,10.7,,37.2,11.6
22811009,261.5,31.84,37.83,,42.81,50.98
22811010,328.0,45.91,6.56,,39.94,14.24
22811103,315.1,31.76,5.75,,44.71,9.74
22811301,299.4,30.35,10.25,,50.56,6.95
22820101,307.7,30.65,15.78,,49.62,4.29
22820102,323.3,37.89,11.23,,42.82,5.88
22820103,262.6,29.28,22.26,,47.54,55.68
22820105,307.7,30.65,15.78,,49.62,4.29
22820109,307.7,30.65,15.78,,49.62,4.29
22820211,302.8,36.89,11.44,,49.04,6.07
22820415,294.0,44.44,13.38,,52.23,6.57
22820517,299.3,38.51,11.14,,49.92,10.75
22820618,286.7,30.32,13.28,,47.47,19.52
22820719,275.3,27.35,19.56,,50.27,5.03
22821125,307.7,30.65,15.78,,49.62,4.29
22821128,307.7,30.65,15.78,,49.62,4.29
22821129,275.3,27.35,19.56,,50.27,5.03
22830111,314.8,40.62,5.9,,46.38,0.64
22830112,287.8,32.03,18.18,,45.92,42.02
22830113,255.8,31.35,21.69,,49.13,46.66
22830114,314.8,40.62,5.9,,46.38,0.64
22830115,314.8,40.62,5.9,,46.38,0.64
22830116,314.8,40.62,5.9,,46.38,0.64
22830308,292.1,32.38,9.55,,48.89,5.07
22830406,292.1,32.38,9.55,,48.89,5.07
22830407,292.1,32.38,9.55,,48.89,5.07
22830505,297.9,37.81,9.46,,44.58,2.28
22830604,297.9,37.81,9.46,,44.58,2.28
22830709,275.0,24.52,11.93,,48.39,6.6
22830803,260.6,30.89,13.22,,47.51,10.76
22830901,280.6,21.81,14.41,,50.55,19.21
22831121,276.2,33.24,14.23,,49.12,4.88
22831424,275.0,24.52,11.93,,48.39,6.6
22831525,275.7,22.24,10.64,,50.31,16.41
22840101,357.8,43.85,9.32,,54.56,58.43
22840102,285.3,40.05,26.14,,43.66,57.16
22840103,291.2,35.81,20.1,,44.84,86.04
22840105,297.6,45.14,16.58,,47.46,56.52
22840106,306.5,42.11,14.59,,49.18,50.99
22840107,280.3,35.7,29.44,,48.19,49.61
22840108,297.6,45.14,16.58,,47.46,56.52
22840201,336.3,44.81,3.67,,41.81,0.33
22840202,411.1,51.37,6.26,,49.8,0.98
22840205,350.8,56.39,5.29,,40.61,4.8
22840206,335.1,57.19,6.95,,42.47,18.98
22840207,330.3,40.57,7.09,,40.32,9.69
22840208,348.7,44.58,3.98,,43.46,0.52
22840401,287.8,32.25,15.95,,46.2,9.38
22840402,300.4,30.26,6.87,,48.58,2.75
22840403,300.4,30.26,6.87,,48.58,2.75
22840501,300.4,30.26,6.87,,48.58,2.75
22840701,283.1,34.23,13.39,,46.21,20.25
22840702,345.7,40.17,5.53,,45.46,0.55
22840704,345.7,40.17,5.53,,45.46,0.55
22840801,326.2,40.42,4.65,,45.32,2.63
22840802,302.3,47.64,11.51,,39.67,12.0
22840803,411.1,51.37,6.26,,49.8,0.98
22840804,282.7,36.76,19.91,,41.45,35.36
22840806,326.2,40.42,4.65,,45.32,2.63
22840807,343.7,48.87,7.42,,40.59,12.39
22840809,336.3,44.81,3.67,,41.81,0.33
22840812,265.5,36.06,24.9,,43.12,60.33
22840813,321.3,38.4,3.5,,41.94,3.42
22840814,319.9,43.76,11.14,,42.46,13.7
22840815,336.3,44.81,3.67,,41.81,0.33
22840818,336.3,44.81,3.67,,41.81,0.33
22840901,321.3,38.4,3.5,,41.94,3.42
22841001,347.2,34.76,5.78,,47.22,0.38
22841002,347.2,34.76,5.78,,47.22,0.38
22841003,303.7,26.04,16.72,,48.36,23.91
22841101,305.1,31.49,8.22,,45.7,7.08
22841201,302.4,29.29,12.44,,48.19,7.43
22841202,302.4,29.29,12.44,,48.19,7.43
23030101,286.0,27.74,10.37,,47.16,1.69
23030103,286.0,27.74,10.37,,47.16,1.69
23030205,277.1,23.3,18.55,,49.55,16.15
23030409,301.0,30.98,6.2,,45.22,13.4
23050101,302.6,26.59,9.27,,52.44,1.51
23050404,286.3,25.23,14.37,,51.37,11.18
23050612,292.8,38.31,8.67,,43.8,7.94
23090101,372.9,57.84,4.55,,39.6,1.04
23090102,372.9,57.84,4.55,,39.6,1.04
23090103,346.2,44.57,4.16,,39.66,10.13
23090206,306.3,34.68,7.67,,43.42,10.53
23090305,339.8,41.9,2.11,,40.27,2.66
23090408,347.6,64.1,5.78,,33.77,7.21
23090409,372.9,57.84,4.55,,39.6,1.04
23090611,287.7,25.45,12.91,,51.43,8.78
23090815,304.5,34.93,9.45,,45.88,9.84
23091017,306.3,34.68,7.67,,43.42,10.53
23130101,286.1,33.9,10.52,,46.14,1.54
23130102,239.0,22.94,29.35,,42.98,51.35
23130103,286.8,28.83,10.54,,50.61,3.53
23130418,286.1,33.9,10.52,,46.14,1.54
23130528,305.9,29.41,14.48,,51.92,17.56
23130632,267.9,25.73,11.13,,52.09,14.11
23130835,286.8,28.83,10.54,,50.61,3.53
23210101,332.1,36.09,11.37,,45.67,8.36
23210102,332.1,36.09,11.37,,45.67,8.36
23210106,373.3,55.81,10.46,,36.87,28.56
23210107,332.1,36.09,11.37,,45.67,8.36
23210207,299.2,38.4,17.63,,43.11,18.44
23210308,299.2,38.4,17.63,,43.11,18.44
23210410,332.1,36.09,11.37,,45.67,8.36
23210513,299.2,38.4,17.63,,43.11,18.44
23210514,334.1,57.58,9.52,,39.56,6.91
23210616,315.4,39.32,6.78,,47.28,7.63
23260102,307.9,31.18,6.42,,47.57,2.84
23260207,290.2,36.81,5.34,,45.39,11.27
23260308,282.4,34.42,4.4,,45.09,9.19
23260614,299.6,32.45,8.45,,49.66,11.42
23260817,300.4,29.69,12.76,,48.01,7.15
23610101,333.9,34.72,9.11,,47.5,6.58
23610102,275.5,28.29,16.18,,56.32,7.14
23610119,301.2,27.66,8.03,,49.33,4.96
23610509,333.9,34.72,9.11,,47.5,6.58
23610712,327.4,37.88,9.91,,44.8,4.87
23800101,323.0,57.15,14.83,,41.69,57.84
23800102,301.2,45.7,22.01,,40.71,76.49
23800103,288.4,53.33,22.95,,42.58,66.56
23800104,263.1,51.43,26.04,,37.01,82.82
23800105,286.0,45.49,19.46,,39.59,67.75
23800106,307.9,46.74,16.31,,42.49,46.05
23800107,321.9,42.21,5.42,,42.65,1.08
23800108,353.5,61.76,9.34,,43.89,24.32
23800109,321.9,42.21,5.42,,42.65,1.08
23800110,348.4,62.22,9.32,,37.11,0.33
23800111,255.1,33.12,34.49,,41.25,56.0
23800112,289.1,45.17,18.77,,44.69,31.12
23800113,330.0,52.84,9.03,,45.73,27.99
23800114,306.1,47.53,12.67,,43.61,41.72
23800115,289.1,45.17,18.77,,44.69,31.12
23800116,324.0,49.82,11.49,,46.06,21.96
23800118,321.9,42.21,5.42,,42.65,1.08
23800119,350.0,57.81,5.51,,42.61,3.66
23800120,276.0,36.36,15.71,,45.28,4.59
23800121,323.0,57.15,14.83,,41.69,57.84
23800225,299.1,51.02,13.81,,43.38,48.21
23800226,299.1,51.02,13.81,,43.38,48.21
23800227,322.9,50.68,11.4,,44.57,45.68
23800228,359.8,61.81,9.17,,42.46,20.58
23800229,359.8,61.81,9.17,,42.46,20.58
23800230,333.8,51.43,4.14,,41.3,4.21
23800232,317.5,56.78,13.6,,42.64,37.56
23800538,311.3,38.29,6.08,,43.85,6.63
23800639,367.6,58.84,5.4,,39.36,1.41
23800640,333.8,51.43,4.14,,41.3,4.21
23800740,321.9,42.21,5.42,,42.65,1.08
23800741,311.3,38.29,6.08,,43.85,6.63
23800743,321.9,42.21,5.42,,42.65,1.08
23800749,290.4,45.09,14.57,,44.09,18.49
23800751,238.8,25.1,40.23,,38.35,70.86
23800752,248.6,33.68,22.73,,38.04,64.51
23800753,287.7,40.21,16.62,,37.58,43.91
23800754,321.9,42.21,5.42,,42.65,1.08
23800945,321.9,42.21,5.42,,42.65,1.08
23800946,321.9,42.21,5.42,,42.65,1.08
23801047,317.1,37.01,5.64,,43.16,5.2
24010206,299.9,30.0,6.19,,46.71,4.18
24010208,326.9,34.44,5.79,,48.11,3.25
24010212,326.9,34.44,5.79,,48.11,3.25
24010214,326.9,34.44,5.79,,48.11,3.25
24010216,299.9,30.0,6.19,,46.71,4.18
24010224,279.0,30.88,17.78,,44.58,44.66
24030104,298.6,29.57,6.09,,47.42,2.64
24040103,278.0,33.01,13.54,,47.46,3.82
24040104,278.0,33.01,13.54,,47.46,3.82
24040107,278.0,33.01,13.54,,47.46,3.82
24040120,299.4,32.39,6.25,,43.67,4.65
24090101,320.1,45.47,7.82,,44.11,6.21
24090112,300.8,34.62,9.47,,44.96,2.15
24090306,300.8,34.62,9.47,,44.96,2.15
24090406,293.4,29.92,10.81,,48.23,10.81
24170204,302.3,28.91,13.71,,48.73,4.23
24170207,302.3,28.91,13.71,,48.73,4.23
24180102,308.8,24.79,13.94,,51.25,0.85
24180103,308.8,24.79,13.94,,51.25,0.85
24210122,296.2,32.24,9.66,,49.49,5.61
24210124,296.2,32.24,9.66,,49.49,5.61
24210314,323.1,35.93,10.76,,48.68,12.64
24220100,291.1,32.71,15.73,,49.75,4.69
24250104,289.8,25.54,6.59,,51.85,1.87
24601001,317.1,41.69,5.88,,43.07,1.99
24601002,281.4,41.9,14.37,,38.48,21.59
24601003,289.0,36.09,18.17,,37.74,25.61
24601004,320.8,49.39,5.37,,40.41,14.38
24601005,317.1,41.69,5.88,,43.07,1.99
24620101,278.0,33.0,7.54,,44.58,1.02
24620105,285.2,26.24,4.4,,48.35,4.97
24620110,278.0,33.0,7.54,,44.58,1.02
24620113,278.0,33.0,7.54,,44.58,1.02
24620116,285.2,26.24,4.4,,48.35,4.97
24620118,285.2,26.24,4.4,,48.35,4.97
24620120,285.2,26.24,4.4,,48.35,4.97
24620126,272.3,29.12,8.36,,45.1,23.77
24630121,279.1,27.5,14.86,,46.34,21.82
24630123,279.6,35.03,19.62,,48.94,2.12
24800101,410.0,79.91,14.59,,44.06,21.62
24800102,298.4,75.26,17.1,,42.63,24.14
24800103,315.8,60.65,12.78,,39.43,53.92
24800104,315.8,60.65,12.78,,39.43,53.92
24800105,323.2,68.18,10.32,,40.33,35.43
24800106,343.6,64.63,13.28,,40.41,43.87
24800107,325.3,58.59,13.45,,40.15,68.05
24800108,331.1,56.47,12.12,,45.65,47.22
24800109,329.2,56.91,18.53,,45.8,66.24
24800110,324.1,67.53,13.99,,42.39,66.14
24800111,410.0,79.91,14.59,,44.06,21.62
24800112,355.7,50.74,6.38,,41.07,4.8
24800114,355.7,50.74,6.38,,41.07,4.8
24800115,299.8,50.88,34.76,,40.82,22.07
24800116,298.0,47.81,22.95,,45.12,28.68
24800117,270.2,42.39,33.07,,42.64,38.7
24800119,361.4,62.35,11.61,,51.43,40.82
24800120,340.0,70.03,16.62,,46.17,67.67
24800121,260.3,39.0,45.5,,35.48,52.38
24800122,343.6,64.63,13.28,,40.41,43.87
24800123,331.1,56.47,12.12,,45.65,47.22
24800124,340.0,70.03,16.62,,46.17,67.67
24800220,370.7,60.19,9.69,,39.28,37.68
24800221,351.0,56.74,9.52,,37.76,32.59
24800222,348.8,60.55,8.46,,42.08,18.2
24800223,331.4,55.7,15.69,,37.15,30.85
24800224,280.5,48.77,19.9,,40.17,49.32
24800225,354.5,53.82,6.52,,39.37,2.19
24800226,355.7,50.74,6.38,,41.07,4.8
24800227,354.5,53.82,6.52,,39.37,2.19
24800228,377.6,58.03,6.97,,47.59,17.05
24800229,317.1,41.69,5.88,,43.07,1.99
24800330,344.2,44.36,4.79,,40.59,2.9
24800331,344.2,44.36,4.79,,40.59,2.9
24800440,416.2,63.73,8.8,,41.41,19.84
24800441,329.4,47.85,11.01,,43.88,60.85
24800442,359.4,50.97,10.56,,45.46,30.03
24800443,355.1,55.16,11.37,,38.75,28.63
24800444,353.5,52.4,5.14,,38.9,0.32
24800445,375.1,50.68,6.62,,38.65,0.84
24800446,328.3,49.85,11.33,,40.12,26.78
24800447,353.5,52.4,5.14,,38.9,0.32
24800448,329.4,47.85,11.01,,43.88,60.85
24800449,353.5,52.4,5.14,,38.9,0.32
24800450,375.1,50.68,6.62,,38.65,0.84
24800535,216.2,63.5,52.93,,28.94,97.97
24800536,391.9,53.94,8.85,,44.72,0.0
24800538,274.0,66.57,25.48,,34.66,46.86
24800549,205.3,68.79,37.5,,28.69,98.03
24800550,347.1,72.8,18.29,,39.88,36.64
24800551,202.5,73.88,48.22,,28.52,81.18
24800552,237.1,55.77,43.06,,34.96,68.67
24800553,391.9,53.94,8.85,,44.72,0.0
24800554,290.0,66.3,33.07,,36.04,52.33
24800555,241.5,67.77,23.96,,32.35,89.9
24800556,290.0,66.3,33.07,,36.04,52.33
24800557,309.2,79.21,21.21,,30.14,40.17
24800558,205.3,68.79,37.5,,28.69,98.03
24800559,382.0,78.73,11.96,,33.01,0.85
24800660,391.9,53.94,8.85,,44.72,0.0
24800661,287.3,40.99,21.18,,42.18,52.28
24800662,391.9,53.94,8.85,,44.72,0.0
24800663,323.3,48.24,7.15,,41.69,15.61
24800664,391.9,53.94,8.85,,44.72,0.0
24800770,361.4,48.81,7.69,,47.69,0.42
24800771,361.4,48.81,7.69,,47.69,0.42
24800772,361.4,48.81,7.69,,47.69,0.42
24800990,317.2,35.29,5.83,,43.49,4.94
24800991,356.8,48.29,5.05,,44.31,0.78
24800992,356.8,48.29,5.05,,44.31,0.78
24800993,356.8,48.29,5.05,,44.31,0.78
24801137,239.7,73.0,27.26,,29.19,83.23
24801155,380.9,80.86,8.64,,42.6,0.0
24801157,260.2,52.37,44.83,,35.03,65.47
24801158,348.9,66.28,13.09,,45.21,1.25
24801159,355.7,50.74,6.38,,41.07,4.8
24801160,318.7,63.47,21.83,,45.99,17.14
24801161,318.7,63.47,21.83,,45.99,17.14
24810101,327.5,35.09,4.24,,44.57,0.62
24810102,275.5,33.37,21.87,,43.68,46.31
24810103,327.5,35.09,4.24,,44.57,0.62
24810104,327.5,35.09,4.24,,44.57,0.62
24810105,327.5,35.09,4.24,,44.57,0.62
24810113,327.5,35.09,4.24,,44.57,0.62
24810114,300.3,32.91,7.4,,46.94,2.35
24810305,302.7,30.36,16.67,,47.68,5.77
24820101,380.1,47.13,16.9,,53.62,66.26
24820102,342.7,47.02,16.46,,51.88,54.41
24820103,357.3,46.68,12.45,,43.28,38.46
24820104,383.6,45.9,11.23,,43.29,0.48
24820105,339.3,41.25,15.4,,49.66,60.54
24820106,383.4,48.88,10.24,,46.0,28.7
24820107,354.8,41.86,16.24,,42.02,35.35
24820108,354.8,41.86,16.24,,42.02,35.35
24820109,352.5,51.22,9.5,,37.81,1.79
24820110,367.7,51.31,7.59,,42.66,6.45
24820111,338.4,50.6,14.84,,39.59,6.85
24820112,251.2,26.12,38.72,,43.0,87.73
24820113,338.4,50.6,14.84,,39.59,6.85
24820114,349.7,49.56,8.4,,39.64,4.15
24820115,337.4,44.98,14.24,,46.83,53.13
24820116,328.8,48.57,18.44,,42.81,53.58
24820201,317.7,41.81,12.18,,42.85,19.51
24820202,371.5,42.12,5.98,,45.44,0.57
24820204,311.1,31.32,31.88,,37.58,17.56
24820205,371.5,42.12,5.98,,45.44,0.57
24820206,371.5,42.12,5.98,,45.44,0.57
24820301,371.5,42.12,5.98,,45.44,0.57
24820302,371.5,42.12,5.98,,45.44,0.57
24820303,338.3,33.29,5.07,,42.83,0.34
24820401,337.4,44.98,14.24,,46.83,53.13
24820402,360.8,59.67,9.8,,42.16,15.99
24820403,322.5,49.0,24.39,,40.59,29.55
24820404,371.5,42.12,5.98,,45.44,0.57
24820405,362.7,54.15,8.73,,41.86,21.82
24820406,371.5,42.12,5.98,,45.44,0.57
24820407,299.0,37.45,25.59,,48.01,34.95
24820408,371.5,42.12,5.98,,45.44,0.57
24820409,291.5,36.1,31.1,,41.3,49.39
24820410,371.5,42.12,5.98,,45.44,0.57
24820411,322.6,39.87,7.16,,42.6,0.0
24820412,383.6,45.9,11.23,,43.29,0.48
24820413,383.6,45.9,11.23,,43.29,0.48
24820414,371.5,42.12,5.98,,45.44,0.57
24820501,324.3,28.71,8.2,,43.5,1.39
24820601,332.1,40.05,13.28,,37.33,22.02
24820602,383.6,45.9,11.23,,43.29,0.48
24820603,324.3,28.71,8.2,,43.5,1.39
24820701,288.9,30.36,14.96,,45.78,34.17
24820702,315.4,26.98,7.99,,49.3,2.43
24820703,333.9,35.47,4.59,,41.16,1.42
24820901,280.2,26.11,19.31,,51.35,14.98
24821001,313.0,39.59,9.52,,47.08,2.6
24821101,286.2,27.22,17.61,,46.75,38.4
24821102,304.6,34.19,11.27,,47.5,3.26
24821103,317.2,34.17,7.29,,43.87,0.35
25050001,308.6,27.65,16.31,,50.59,4.09
25050002,308.6,27.65,16.31,,50.59,4.09
25050003,308.6,27.65,16.31,,50.59,4.09
25060203,322.8,33.7,14.45,,53.29,2.34
25100202,326.7,31.92,14.05,,51.15,13.09
25100217,326.7,31.92,14.05,,51.15,13.09
25100409,326.7,31.92,14.05,,51.15,13.09
25100516,298.7,27.72,17.14,,53.97,8.51
25130001,305.9,27.05,13.8,,51.36,1.48
25130002,305.9,27.05,13.8,,51.36,1.48
25140103,301.7,34.61,11.28,,49.71,4.2
25140105,342.5,41.45,8.7,,46.83,2.27
25140106,297.5,32.89,14.72,,49.24,45.74
25140107,283.1,31.85,24.58,,43.89,22.44
25140108,297.0,29.64,16.53,,50.82,3.43
25140115,297.0,29.64,16.53,,50.82,3.43
25140118,326.1,34.43,6.88,,47.33,3.62
25140123,267.5,27.86,21.47,,52.88,57.7
25140125,301.7,34.61,11.28,,49.71,4.2
25140221,342.5,41.45,8.7,,46.83,2.27
25180101,291.6,34.85,27.53,,53.15,6.94
25180102,310.6,34.19,20.79,,52.54,3.71
25180103,279.4,34.8,20.83,,54.29,7.53
25180104,291.6,34.85,27.53,,53.15,6.94
25210001,311.5,26.03,13.4,,54.3,2.87
25210002,270.1,19.43,11.49,,40.1,2.73
25210004,311.5,26.03,13.4,,54.3,2.87
25210005,260.4,23.84,18.73,,49.68,13.29
25230001,334.1,20.38,10.88,,53.26,3.22
25230002,362.7,25.76,10.68,,46.87,1.92
25230003,362.7,25.76,10.68,,46.87,1.92
25230005,362.7,25.76,10.68,,46.87,1.92
25230006,362.7,25.76,10.68,,46.87,1.92
25230007,362.7,25.76,10.68,,46.87,1.92
25230008,362.7,25.76,10.68,,46.87,1.92
25230009,396.1,41.82,8.45,,43.31,8.84
25230011,362.7,25.76,10.68,,46.87,1.92
25230012,338.8,29.89,15.33,,46.81,50.13
25230013,338.8,29.89,15.33,,46.81,50.13
25600209,291.4,25.73,14.32,,50.2,6.6
25600211,269.8,23.8,17.76,,45.45,44.55
25600212,326.5,27.31,7.69,,44.09,4.49
25600214,326.5,27.31,7.69,,44.09,4.49
25800101,391.5,56.16,11.33,,56.22,12.51
25800102,351.8,53.97,12.95,,48.63,43.16
25800103,354.3,49.38,12.52,,50.78,44.6
25800104,363.4,53.74,13.41,,47.98,56.11
25800105,355.6,54.87,12.56,,49.78,45.33
25800106,293.2,48.91,21.54,,39.09,61.99
25800107,293.2,48.91,21.54,,39.09,61.99
25800108,364.0,54.72,14.7,,45.14,20.04
25800109,364.0,54.72,14.7,,45.14,20.04
25800111,410.2,59.37,9.67,,42.97,2.6
25800112,341.2,49.95,11.64,,49.92,54.48
25800113,391.5,56.16,11.33,,56.22,12.51
25800212,389.7,63.35,10.48,,43.69,8.93
25800213,332.4,45.67,16.1,,45.62,77.22
25800214,344.1,47.19,13.21,,44.68,19.97
25800215,283.9,30.56,29.98,,42.26,89.65
25800216,341.2,48.5,14.06,,44.18,35.86
25800217,299.6,40.74,23.97,,45.1,35.22
25800220,293.2,48.91,21.54,,39.09,61.99
25800221,416.0,73.43,9.77,,43.18,1.12
25800222,389.7,63.35,10.48,,43.69,8.93
25800223,317.2,57.98,16.63,,44.79,30.32
25800237,290.7,35.46,32.44,,41.6,53.05
25800259,292.0,33.76,27.91,,39.74,42.77
25800260,379.5,46.07,8.22,,46.49,0.78
25800267,340.4,61.95,13.23,,42.45,10.37
25800268,317.2,57.98,16.63,,44.79,30.32
25800270,290.7,35.46,32.44,,41.6,53.05
25800323,355.6,43.3,7.56,,44.25,4.77
25800324,368.1,51.07,6.36,,41.83,0.0
25800325,355.6,43.3,7.56,,44.25,4.77
25800326,377.9,54.86,6.34,,41.0,1.75
25800327,379.5,46.07,8.22,,46.49,0.78
25800328,418.5,65.81,6.78,,41.78,3.97
25800335,342.9,54.86,9.73,,43.44,25.05
25800344,328.2,41.01,6.83,,40.12,1.16
25800346,377.7,51.36,8.95,,38.65,1.84
25800349,371.1,52.72,10.7,,40.36,23.06
25800350,381.5,62.25,7.74,,41.15,2.47
25800355,294.4,39.32,29.9,,42.75,63.82
25800361,341.9,52.94,11.57,,40.77,33.89
25800362,237.2,61.02,36.7,,33.38,87.37
25800363,377.7,51.36,8.95,,38.65,1.84
25800364,183.4,74.91,43.36,,25.36,99.37
25800365,323.8,62.49,28.74,,38.02,50.6
25800371,377.7,51.36,8.95,,38.65,1.84
25800439,324.8,32.73,8.77,,48.15,1.15
25800442,324.8,32.73,8.77,,48.15,1.15
25800447,302.7,33.61,14.29,,46.09,28.83
25810001,319.7,24.64,7.78,,45.86,4.03
25810002,334.2,35.05,7.07,,43.06,3.37
25810003,350.2,39.94,3.23,,41.71,1.61
25810004,348.1,41.86,3.62,,42.79,3.27
25810005,398.3,40.54,4.37,,49.8,0.38
25810006,398.3,40.54,4.37,,49.8,0.38
25810007,398.3,40.54,4.37,,49.8,0.38
25810008,333.4,43.91,4.96,,40.82,11.15
25810009,341.1,51.22,5.48,,38.97,10.53
25810010,344.4,39.71,3.05,,42.83,2.22
25810011,278.9,27.06,15.38,,41.73,37.63
25810012,350.2,39.94,3.23,,41.71,1.61
25810013,312.9,29.97,11.5,,44.63,27.48
25810014,308.7,48.92,14.53,,40.0,44.34
25810015,365.9,52.37,7.93,,42.27,3.99
25810016,319.7,40.06,11.0,,42.5,29.96
25810017,315.4,40.93,10.46,,47.73,62.37
25810018,296.2,37.24,9.01,,53.14,92.68
25810019,296.2,37.24,9.01,,53.14,92.68
25810020,261.5,29.32,16.46,,58.63,91.8
25810021,351.0,51.09,12.36,,39.92,29.48
25810022,398.3,40.54,4.37,,49.8,0.38
25810023,340.0,42.94,8.13,,42.39,25.3
25810024,345.6,36.06,8.79,,44.83,13.62
25810025,364.9,40.38,6.97,,47.01,6.07
25810026,344.4,39.71,3.05,,42.83,2.22
25810027,364.9,40.38,6.97,,47.01,6.07
25820101,251.2,30.85,46.41,,36.47,94.54
25820102,324.7,36.57,9.32,,47.51,1.38
25820103,278.0,35.6,15.89,,52.01,68.96
25820104,275.4,34.52,23.76,,47.92,60.23
25820105,324.7,36.57,9.32,,47.51,1.38
25820113,324.7,36.57,9.32,,47.51,1.38
25820115,353.5,37.3,5.88,,44.96,0.93
25820116,353.5,37.3,5.88,,44.96,0.93
25820117,353.5,37.3,5.88,,44.96,0.93
25820124,268.3,34.86,14.98,,60.86,68.76
25820132,314.8,37.86,16.38,,42.5,36.25
25820133,317.4,43.12,17.94,,44.1,40.35
25820136,324.7,36.57,9.32,,47.51,1.38
25820139,359.3,43.81,8.07,,42.07,1.18
25820220,324.7,36.57,9.32,,47.51,1.38
25820328,274.4,28.08,14.96,,49.35,14.96
25820409,324.7,36.57,9.32,,47.51,1.38
25820440,338.7,54.02,10.18,,40.71,11.02
25830101,262.4,24.47,59.07,,47.11,43.99
25830102,301.4,28.76,34.67,,47.73,5.01
25830103,301.4,28.76,34.67,,47.73,5.01
25830114,267.3,30.07,59.45,,53.19,43.19
25830115,301.4,28.76,34.67,,47.73,5.01
25830116,301.4,28.76,34.67,,47.73,5.01
25830408,273.7,24.92,34.45,,46.63,4.07
25840001,352.8,31.37,13.98,,36.99,22.46
25840002,328.6,39.11,14.21,,45.59,23.02
25840003,382.9,35.18,24.91,,43.15,38.22
25840004,283.9,23.21,13.68,,46.45,7.92
25840005,357.1,30.01,18.38,,49.21,46.37
25840006,328.6,39.11,14.21,,45.59,23.02
25840007,362.8,35.11,20.36,,48.09,51.96
25840009,297.8,23.23,25.66,,41.6,78.44
25840010,364.0,32.04,14.13,,39.67,2.93
25840011,365.6,34.17,10.93,,38.29,1.26
25840012,334.2,23.95,19.06,,50.0,13.49
25840013,328.6,39.11,14.21,,45.59,23.02
25840015,328.6,39.11,14.21,,45.59,23.02
